Title,DOI,Journal,"Published on","Policy citation count",Type,Publisher,Authors,"Your tags",ORCIDs
"Predictive Analysis of Wildfire Smoke-Induced Wiggle Effect on Low-Inertia Trending Power Grids",10.1109/tia.2023.3342767,"IEEE Transactions on Industry Applications",2024-03-01,1,journal-article,"Institute of Electrical and Electronics Engineers (IEEE)","Amjad Jebril Ali - South Dakota School of Mines and Technology; Long Zhao - South Dakota School of Mines and Technology; Mohammad Heidari Kapourchali - University of Alaska Anchorage; Wei‐Jen Lee - The University of Texas at Arlington",,
"Optimal management of power networks using a dynamic line rating  approach",10.24084/repqj16.398,"Renewable Energy and Power Quality Journal",2024-01-24,1,journal-article,"UK Zhende Publishing Limited Company","J Duque - National Laboratory of Energy and Geology; David J Santos - National Laboratory of Energy and Geology; António Couto - National Laboratory of Energy and Geology; Ana Estanqueiro - National Laboratory of Energy and Geology",,"0000-0002-0476-2526; 0000-0002-7368-8817; 0000-0003-1361-512X"
"Residential load forecasting by a PSO-tuned ANFIS2 method considering the COVID-19 influence",10.3389/fenrg.2023.1292183,"Frontiers in Energy Research",2024-01-08,1,journal-article,"Frontiers Media SA","Shahinur Alam - Dhaka University of Engineering & Technology; Mohd Hasan Ali - University of Memphis",,"0000-0002-0126-3924; 0000-0002-5047-2407"
"Unsupervised domain adaptation methods for photovoltaic power forecasting",10.1016/j.asoc.2023.110979,"Applied Soft Computing",2023-12-01,1,journal-article,"Elsevier BV",,,
"Performance and dynamics of California offshore wind alongside Western US onshore wind and solar power",10.1016/j.ref.2023.100490,"Renewable Energy Focus",2023-12-01,1,journal-article,"Elsevier BV","Alejandra Hormaza Mejia - University of California, Irvine; Alejandra Hormaza Mejia - Irvine University; Jack Brouwer - University of California, Irvine; Jack Brouwer - Irvine University; David Copp - University of California, Irvine; David Copp - Irvine University",,"0000-0001-9260-7579; 0000-0002-5206-5223; 0000-0003-2761-1373"
"Onshore versus offshore wind power trends and recent study practices in modeling of wind turbines’ life-cycle impact assessments",10.1016/j.clet.2023.100691,"Cleaner Engineering and Technology",2023-12-01,4,journal-article,"Elsevier BV","Belachew Desalegn - Bahir Dar University; Belachew Desalegn - Wolaita Sodo University; Desta Gebeyehu - Addis Ababa University; Bimrew Tamrat - Bahir Dar University; Tassew Tadiwose - Bahir Dar University; Ababa Lata - Gambella University",,
"A benchmark dataset for defect detection and classification in electroluminescence images of PV modules using semantic segmentation",10.1016/j.sasc.2023.200048,"Systems and Soft Computing",2023-12-01,1,journal-article,"Elsevier BV","Lawrence E Pratt - University of the Witwatersrand; Lawrence E Pratt - Council for Scientific and Industrial Research; Jana Mattheus - Council for Scientific and Industrial Research; Richard Klein - University of the Witwatersrand",,"0000-0001-6488-1263; 0000-0002-5886-0404; 0000-0003-0783-2072"
"Estimating electric power consumption of in-situ residential heat pump systems: A data-driven approach",10.1016/j.apenergy.2023.121971,"Applied Energy",2023-12-01,1,journal-article,"Elsevier BV","Yang Song - KTH Royal Institute of Technology; Monika Peskova - KTH Royal Institute of Technology; Davide Rolando - KTH Royal Institute of Technology; Gerhard Zucker - Austrian Institute of Technology; Hatef Madani - Austrian Institute of Technology; Hatef Madani - KTH Royal Institute of Technology",,"0000-0002-5571-3601; 0000-0003-4258-2849; 0000-0003-4387-806X; 0009-0005-8716-2137"
"Are the income and price elasticities of economy-wide electricity demand in middle-income countries time-varying? Evidence from panels and individual countries",10.1007/s10651-023-00585-4,"Environmental and Ecological Statistics",2023-11-30,1,journal-article,"Springer Nature","Fakhri Hasanov - King Abdullah Petroleum Studies and Research Center",,0000-0001-8923-197X
"Optimization of Offshore Wind Power Generation in Response to the 2022 Extreme Drought in Portugal",10.3390/en16227542,Energies,2023-11-12,1,journal-article,"MDPI AG","Fernando M Camilo - Instituto Politecnico de Setubal; Fernando M Camilo - Instituto de Engenharia de Sistemas e Computadores Investigação e Desenvolvimento; Fernando M Camilo - University of Lisbon; Paulo Santos - University of Coimbra; Paulo Santos - Institute for Systems Engineering and Computers; P Lobato - Instituto Politecnico de Setubal; Sandrina Berthault Moreira - Instituto Politecnico de Setubal; Sandrina Berthault Moreira - University Institute of Lisbon",,"0000-0002-3707-2302; 0000-0003-0675-0526; 0000-0003-2124-8366; 0009-0004-1004-6691"
"How do system-wide net-zero scenarios compare to sector model pathways for the EU? A novel approach based on benchmark indicators and index decomposition analyses",10.1016/j.esr.2023.101225,"Energy Strategy Reviews",2023-11-01,2,journal-article,"Elsevier BV","Matia Riemer - Karlsruhe Institute of Technology; Matia Riemer - Fraunhofer Institute for Systems and Innovation Research; Jakob Wachsmuth - Fraunhofer Institute for Systems and Innovation Research; Baptiste Boitier - Seureco (France); Alessia Elia - Environment Park; Khaled Al‐Dabbas - Fraunhofer Institute for Systems and Innovation Research; Şirin Alibaş - Fraunhofer Institute for Systems and Innovation Research; Alessandro Chiodi - Environment Park; Felix Neuner - Fraunhofer Institute for Systems and Innovation Research",,"0000-0001-5056-0717; 0000-0001-6957-4465; 0000-0001-9562-5609; 0000-0002-5818-4944; 0000-0002-9757-5972; 0000-0003-0589-4894; 0009-0003-6631-8660"
"How to recognize the threat of social energy exclusion? Demographic and settlement determinants of distributed energy development in Polish towns and cities",10.1016/j.scs.2023.104780,"Sustainable Cities and Society",2023-11-01,1,journal-article,"Elsevier BV","Przemysław Śleszyński - Institute of Geography and Spatial Organization, Polish Academy of Sciences",,
"Forecasting solar energy production: A comparative study of machine learning algorithms",10.1016/j.egyr.2023.07.042,"Energy Reports",2023-11-01,1,journal-article,"Elsevier BV","Younes Ledmaoui - Hassania School of Public Works; Adila El Maghraoui - Université Mohammed VI Polytechnique; Mohamed El Aroussi - Hassania School of Public Works; Rachid Saadane - Hassania School of Public Works; Ahmed Chebak - Université Mohammed VI Polytechnique; Abdellah Chehri - Royal Military College of Canada",,"0000-0001-6334-4546; 0000-0002-0197-8313; 0000-0002-2111-6470; 0000-0002-4193-6062; 0000-0002-7659-1471"
"Optimization model for home energy management system of rural dwellings",10.1016/j.energy.2023.129039,Energy,2023-11-01,1,journal-article,"Elsevier BV","Zhijia Huang - Anhui University of Technology; Fang Wang - Anhui University of Technology; Yuehong Lu - Anhui University of Technology; Xiaofeng Chen - Anhui University of Technology; Qiqi Wu - High Magnetic Field Laboratory; Qiqi Wu - Chinese Academy of Sciences",,"0000-0001-8572-7310; 0000-0002-3044-0571; 0000-0002-6639-7990"
"Crossing non-parametric and parametric techniques for measuring the efficiency: Evidence from 65 European electricity Distribution System Operators",10.1016/j.energy.2023.128511,Energy,2023-11-01,2,journal-article,"Elsevier BV","Rui Rita - Energy Services Regulatory Authority; Vítor Marques - Energy Services Regulatory Authority; Diogo Bárbara - Energy Services Regulatory Authority; Inês Matos Chaves - Energy Services Regulatory Authority; Pedro Macedo - University of Aveiro; Víctor Moutinho - University of Beira Interior; Mariana Pereira - Energy Services Regulatory Authority",,
"New concept of renewable energy priority zones for efficient onshore wind and solar expansion",10.1016/j.enconman.2023.117575,"Energy Conversion and Management",2023-10-01,1,journal-article,"Elsevier BV","Leon Sander - University of Freiburg; Christopher Jung - University of Freiburg; Dirk Schindler - University of Freiburg",,"0000-0001-5952-2610; 0000-0002-9414-515X; 0000-0002-9473-6240"
"Optimal sizing of battery-less domestic rooftop PV systems in South Africa using a probabilistic electricity synthesiser",10.1016/j.esd.2023.101268,"Energy for Sustainable Development",2023-10-01,1,journal-article,"Elsevier BV","Michael J Ritchie - Stellenbosch University; J Avenant - Stellenbosch University; J.A.A Engelbrecht - Stellenbosch University; Arnold Rix - Stellenbosch University; M.J Booysen - Stellenbosch University",,"0000-0002-0232-7440; 0000-0002-8776-995X; 0000-0003-1353-5912; 0000-0003-2817-2069"
"Evaluating the impact of wildfire smoke on solar photovoltaic production",10.1016/j.apenergy.2023.121303,"Applied Energy",2023-10-01,1,journal-article,"Elsevier BV","Samuel Gilletly - Sandia National Laboratories; Nicole Jackson - Sandia National Laboratories; Andrea Staid - Electric Power Research Institute",,"0000-0001-6125-5814; 0000-0002-3814-9906; 0000-0002-5278-2185"
"Evaluating the effects of the COVID-19 pandemic on electricity consumption patterns in the residential, public, commercial and industrial sectors in Sweden",10.1016/j.egyai.2023.100298,"Energy and AI",2023-10-01,1,journal-article,"Elsevier BV","Vera van Zoest - Uppsala University; Vera van Zoest - Swedish Defence University; K Lindberg - Uppsala University; Fouad El Gohary - Uppsala University; Cajsa Bartusch - Uppsala University",,"0000-0002-3017-0874; 0000-0002-8223-9634"
"The impact of COVID-19 on household energy consumption in England and Wales from April 2020 to March 2022",10.1016/j.enbuild.2023.113428,"Energy and Buildings",2023-10-01,2,journal-article,"Elsevier BV","Ellen Zapata-Webborn - University College London; Ellen Zapata-Webborn - Energy Institute; Eoghan McKenna - Energy Institute; Eoghan McKenna - University College London; Martin Pullinger - Energy Institute; Martin Pullinger - University College London; Callum Cheshire - Frontier Hospital; Harry Masters - Frontier Hospital; Alex Whittaker - Frontier Hospital; Jessica Few - Energy Institute; Jessica Few - University College London; Simon Elam - Energy Institute; Simon Elam - University College London; Tadj Oreszczyn - Energy Institute; Tadj Oreszczyn - University College London",,
"Nowcasting industrial production using linear and non-linear models of electricity demand",10.1016/j.eneco.2023.107006,"Energy Economics",2023-10-01,1,journal-article,"Elsevier BV","Giulio Galdi - University of Trento; Roberto Casarin - Università Iuav di Venezia; Davide Ferrari - Free University of Bozen-Bolzano; Carlo Fezzi - University of Trento; Carlo Fezzi - University of Exeter; Francesco Ravazzolo - BI Norwegian Business School; Francesco Ravazzolo - Free University of Bozen-Bolzano",,"0000-0002-0038-373X; 0000-0002-4860-9128; 0000-0003-0645-1788; 0000-0003-1746-9190; 0000-0003-2365-4157"
"The first field application of a low-cost MPC for grid-interactive K-12 schools: Lessons-learned and savings assessment",10.1016/j.enbuild.2023.113351,"Energy and Buildings",2023-10-01,1,journal-article,"Elsevier BV","Sang woo Ham - Lawrence Berkeley National Laboratory; Donghun Kim - Lawrence Berkeley National Laboratory; Kent Ramseyer - Mesa Public Schools",,"0000-0002-1868-6341; 0000-0003-1776-2610"
"Hybrid renewable energy systems: the value of storage as a function of PV-wind variability",10.3389/fenrg.2023.1036183,"Frontiers in Energy Research",2023-09-19,1,journal-article,"Frontiers Media SA","Anna Schleifer - National Laboratory of the Rockies; Dylan Harrison‐Atlas - National Laboratory of the Rockies; Wesley Cole - National Laboratory of the Rockies; Caitlin Murphy - National Laboratory of the Rockies",,"0000-0002-2155-4665; 0000-0002-5217-3355; 0000-0002-9194-065X"
"Assessment of the Potential to Use the Expelled Heat Energy from a Typical Data Centre in Ireland for Alternative Farming Methods",10.3390/en16186704,Energies,2023-09-19,1,journal-article,"MDPI AG","Peter L Borland - University College Dublin; Kevin McDonnell - University College Dublin; Mary Harty - University College Dublin",,"0000-0002-5499-9898; 0000-0002-5991-1955; 0000-0002-8463-0557"
"A Comparative Assessment of Annual Solar Irradiance Trends between Mpumalanga and Northern Cape Province in South Africa Using PVGIS",10.3390/en16186665,Energies,2023-09-17,1,journal-article,"MDPI AG","Lennox Boateng - University of the Witwatersrand; Paidamwoyo Mhangara - University of the Witwatersrand",,0000-0002-0594-6626
"Oil Demand Forecasting in Importing and Exporting Countries: AI-Based Analysis of Endogenous and Exogenous Factors",10.3390/su151813592,Sustainability,2023-09-12,1,journal-article,"MDPI AG","Hui Zhu - South China University of Technology",,0009-0008-1465-6883
"Estimating financial compensation and minimum guaranteed charge for vehicle-to-grid technology",10.1016/j.enpol.2023.113649,"Energy Policy",2023-09-01,1,journal-article,"Elsevier BV","Milad Mehdizadeh - Norwegian University of Science and Technology; Trond Nordfjærn - Norwegian University of Science and Technology; Christian A Klöckner - Norwegian University of Science and Technology",,"0000-0001-6531-5941; 0000-0002-9436-6446; 0000-0003-4510-1748"
"Energy management of smart homes over fog-based IoT architecture",10.1016/j.suscom.2023.100898,"Sustainable Computing: Informatics and Systems",2023-09-01,1,journal-article,"Elsevier BV","Muhammad Umair - The University of Sydney; Muhammad Umair - University of Engineering and Technology Lahore; Muhammad Aamir Cheema - Monash University; Bilal Afzal - Air University; Ghalib A Shah - University of Engineering and Technology Lahore",,"0000-0002-2719-4955; 0000-0003-2139-9121"
"Exploring the critical demand drivers of electricity consumption in Thailand",10.1016/j.eneco.2023.106875,"Energy Economics",2023-09-01,1,journal-article,"Elsevier BV","Gazi Salah Uddin - Linköping University; Md Bokhtiar Hasan - Islamic University; Han Phoumin - Association of Southeast Asian Nations; Farhad Taghizadeh–Hesary - Tokai University; Ali Ahmed - Linköping University; Ali Ahmed - Ratio; Victor Troster - Universitat de les Illes Balears",,"0000-0001-5446-7093; 0000-0002-1798-8284; 0000-0002-5390-077X; 0000-0002-5744-0192; 0000-0002-8798-5601"
"Design and validation of a multilevel voltage source inverter based on modular H-bridge cells",10.1016/j.ohx.2023.e00452,HardwareX,2023-09-01,2,journal-article,"Elsevier BV","Julio Pacher - Universidad Nacional de Asunción; Jorge Rodas - Universidad Nacional de Asunción; Alfredo Renault - Universidad Nacional de Asunción; Magno Ayala - Universidad Nacional de Asunción; Leonardo Comparatore - Universidad Nacional de Asunción; Raúl Gregor - Universidad Nacional de Asunción",,
"Urban microclimate and climate change impact on the thermal performance and ventilation of multi-family residential buildings",10.1016/j.enbuild.2023.113224,"Energy and Buildings",2023-09-01,2,journal-article,"Elsevier BV","Agnese Salvati - Barcelona Graduate School of Mathematics; Agnese Salvati - Universitat Politècnica de Catalunya; Maria Kolokotroni - Brunel University of London",,
"Investigation of greenhouse gas emissions from municipal solid waste management practices using an economic input-output life cycle analysis approach",10.1016/j.jclepro.2023.138450,"Journal of Cleaner Production",2023-09-01,1,journal-article,"Elsevier BV","Raşit Fırat Deniz - Marmara University; Xiaoju Chen - Carnegie Mellon University; Nur H Orak - Marmara University",,"0000-0002-3830-9260; 0000-0002-9974-2447"
"Reacting to changing paradigms: How and why to reform electricity markets",10.1016/j.enpol.2023.113691,"Energy Policy",2023-09-01,2,journal-article,"Elsevier BV","Karsten Neuhoff - German Institute for Economic Research; Jörn C Richstein - German Institute for Economic Research; Mats Kröger - German Institute for Economic Research",,"0000-0002-0582-8072; 0000-0003-2758-9962"
"Bidirectional coupling of the long-term integrated assessment model REgional Model of INvestments and Development (REMIND) v3.0.0 with the hourly power sector model Dispatch and Investment Evaluation Tool with Endogenous Renewables (DIETER) v1.0.2",10.5194/gmd-16-4977-2023,"Geoscientific Model Development",2023-08-31,2,journal-article,"Copernicus GmbH","Chen Chris Gong - Leibniz Association; Chen Chris Gong - Potsdam Institute for Climate Impact Research; Falko Ueckerdt - Potsdam Institute for Climate Impact Research; Falko Ueckerdt - Leibniz Association; Robert Pietzcker - Potsdam Institute for Climate Impact Research; Robert Pietzcker - Leibniz Association; Adrian Odenweller - Potsdam Institute for Climate Impact Research; Adrian Odenweller - Leibniz Association; Wolf-Peter Schill - German Institute for Economic Research; Martin Kittel - German Institute for Economic Research; Gunnar Luderer - Potsdam Institute for Climate Impact Research; Gunnar Luderer - Leibniz Association",,
"Towards Sustainable Energy Grids: A Machine Learning-Based Ensemble Methods Approach for Outages Estimation in Extreme Weather Events",10.3390/su151612622,Sustainability,2023-08-21,2,journal-article,"MDPI AG","Ulaa AlHaddad - King Abdulaziz University; Abdullah Basuhail - King Abdulaziz University; Maher Khemakhem - King Abdulaziz University; Fathy Eassa - King Abdulaziz University; Kamal Jambi - King Abdulaziz University",,
"Potential Domestic Energy System Vulnerabilities from Major Exports of Green Hydrogen: A Case Study of Australia",10.3390/en16165881,Energies,2023-08-08,1,journal-article,"MDPI AG","Andrew Curtis - Kyoto University; Benjamin McLellan - Kyoto University",,"0000-0001-6046-6476; 0000-0002-4802-3864"
"Leveraging Edge Computing ML Model Implementation and IoT Paradigm towards Reliable Postoperative Rehabilitation Monitoring",10.3390/electronics12163375,Electronics,2023-08-08,1,journal-article,"MDPI AG","Evanthia Faliagka - University of Peloponnese; Vasileios Skarmintzos - University of Peloponnese; Christos Panagiotou - University of Peloponnese; Christos Panagiotou - Cyprus University of Technology; Vasileios Syrimpeis - University of Peloponnese; Vasileios Syrimpeis - Agios Andreas Hospital; Christos Antonopoulos - University of Peloponnese; Nikolaos Voros - University of Peloponnese",,"0000-0001-7867-3326; 0000-0002-6067-6366; 0000-0002-7015-721X; 0000-0003-0942-8022; 0000-0003-2410-5205"
"How do heat demand and energy consumption change when households transition from gas boilers to heat pumps in the UK",10.1016/j.enbuild.2023.113183,"Energy and Buildings",2023-08-01,3,journal-article,"Elsevier BV","Ray Galvin - Institute for Sustainability; Ray Galvin - University of Cambridge",,
"Long-Term Forecast of Sierra Leone’s Energy Supply and Demand (2019–2040): A LEAP Model Application for Sustainable Power Generation System",10.3390/su151511838,Sustainability,2023-08-01,1,journal-article,"MDPI AG","Foday Conteh - University of the Ryukyus; Masahiro Furukakoi - National Institute of Technology, Sasebo College; Shriram S Rangarajan - Clemson University; E.R Collins - Clemson University; E.R Collins - Western Carolina University; Michael A Conteh - University of Sierra Leone; Ahmed Rashwan - Aswan University; Tomonobu Senjyu - University of the Ryukyus",,"0000-0001-5492-8531; 0000-0002-1169-017X; 0000-0003-0850-9023; 0000-0003-4494-6773"
"Identifying novelties and anomalies for incremental learning in streaming time series forecasting",10.1016/j.engappai.2023.106326,"Engineering Applications of Artificial Intelligence",2023-08-01,1,journal-article,"Elsevier BV","Laura Melgar-García - Universidad Pablo de Olavide; David Gutiérrez‐Avilés - Universidad de Sevilla; Cristina Rubio-Escudero - Universidad de Sevilla; Alicia Troncoso - Universidad Pablo de Olavide",,"0000-0001-5732-9139; 0000-0001-7609-0450; 0000-0002-6292-9873; 0000-0002-9801-7999"
"High Mechanical Energy Storage Capacity of Ultranarrow Carbon Nanowires Bundles by Machine Learning Driving Predictions",10.1002/aesr.202300112,"Advanced Energy and Sustainability Research",2023-07-27,1,journal-article,Wiley,"Luneng Zhao - Dalian University of Technology; Yuan Chang - Dalian University of Technology; Shi Qiu - Dalian University of Technology; Hongsheng Liu - Dalian University of Technology; Jijun Zhao - Dalian University of Technology; Junfeng Gao - Dalian University of Technology",,"0000-0002-0840-1293; 0000-0002-1305-6236; 0000-0002-5883-0862; 0000-0002-6960-1168; 0009-0006-9775-9567"
"Accelerating the energy transition towards photovoltaic and wind in China",10.1038/s41586-023-06180-8,Nature,2023-07-26,1,journal-article,"Springer Nature","Yijing Wang - Fudan University; Rong Wang - Fudan University; Katsumasa Tanaka - Centre National de la Recherche Scientifique; Katsumasa Tanaka - Université de Versailles Saint-Quentin-en-Yvelines; Katsumasa Tanaka - Université Paris-Saclay; Katsumasa Tanaka - Commissariat à l'Énergie Atomique et aux Énergies Alternatives; Katsumasa Tanaka - Laboratoire des Sciences du Climat et de l'Environnement; Katsumasa Tanaka - CEA Paris-Saclay; Philippe Ciais - Centre National de la Recherche Scientifique; Philippe Ciais - Laboratoire des Sciences du Climat et de l'Environnement; Philippe Ciais - CEA Paris-Saclay; Philippe Ciais - Université de Versailles Saint-Quentin-en-Yvelines; Philippe Ciais - Université Paris-Saclay; Philippe Ciais - Commissariat à l'Énergie Atomique et aux Énergies Alternatives; Josep Peñuelas - Centre for Research on Ecology and Forestry Applications; Yves Balkanski - Laboratoire des Sciences du Climat et de l'Environnement; Yves Balkanski - CEA Paris-Saclay; Yves Balkanski - Université de Versailles Saint-Quentin-en-Yvelines; Yves Balkanski - Université Paris-Saclay; Yves Balkanski - Commissariat à l'Énergie Atomique et aux Énergies Alternatives; Yves Balkanski - Centre National de la Recherche Scientifique; Jordi Sardans - Centre for Research on Ecology and Forestry Applications; Didier Hauglustaine - CEA Paris-Saclay; Didier Hauglustaine - Université de Versailles Saint-Quentin-en-Yvelines; Didier Hauglustaine - Université Paris-Saclay; Didier Hauglustaine - Commissariat à l'Énergie Atomique et aux Énergies Alternatives; Didier Hauglustaine - Centre National de la Recherche Scientifique; Didier Hauglustaine - Laboratoire des Sciences du Climat et de l'Environnement; Wang Liu - Fudan University; Xiaofan Xing - Fudan University; Jiarong Li - Fudan University; Siqing Xu - Fudan University; Yuankang Xiong - Fudan University; Ruipu Yang - Fudan University; Junji Cao - Chinese Academy of Sciences; Junji Cao - Institute of Atmospheric Physics; Jianmin Chen - Fudan University; Lin Wang - Fudan University; Xu Tang - Fudan University; Renhe Zhang - Fudan University",,"0000-0001-5859-3070; 0000-0001-5864-5168; 0000-0001-7750-8679; 0000-0001-8241-2858; 0000-0001-8560-4943; 0000-0001-9601-6442; 0000-0002-0334-6408; 0000-0002-2150-2662; 0000-0002-4800-1825; 0000-0002-4826-5118; 0000-0002-4905-3432; 0000-0002-7215-0150; 0000-0002-9584-5406; 0000-0002-9868-0512; 0000-0003-1000-7241; 0000-0003-1962-0165; 0000-0003-2478-0219; 0009-0005-4075-0476"
"Built structures influence patterns of energy demand and CO2 emissions across countries",10.1038/s41467-023-39728-3,"Nature Communications",2023-07-03,5,journal-article,"Springer Nature","Helmut Haberl - BOKU University; Markus Löw - BOKU University; Alejandro Pérez-Laborda - Universitat Rovira i Virgili; Sarah Matej - BOKU University; Barbara Plank - BOKU University; Dominik Wiedenhofer - BOKU University; Felix Creutzig - Mercator Research Institute on Global Commons and Climate Change; Karl‐Heinz Erb - BOKU University; Juan Antonio Duro - Universitat Rovira i Virgili",,
"Drivers and pass-through of the EU ETS price: Evidence from the power sector",10.1016/j.eneco.2023.106698,"Energy Economics",2023-07-01,9,journal-article,"Elsevier BV","Yiyi Bai - Zhongnan University of Economics and Law; Yiyi Bai - University of the District of Columbia; Samuel J Okullo - World Bank",,
"Strategic behaviour by wind generators: An empirical investigation",10.1016/j.ijindorg.2023.102947,"International Journal of Industrial Organization",2023-07-01,1,journal-article,"Elsevier BV","Mario Intini - University of Bari Aldo Moro; Michael Waterson - University of Warwick",,
"Tracking economic fluctuations with electricity consumption in Bangladesh",10.1016/j.eneco.2023.106740,"Energy Economics",2023-07-01,1,journal-article,"Elsevier BV","Selvia Arshad - University of Calgary; Robert Beyer - International Monetary Fund",,0000-0001-9473-925X
"Rigorous environmental and energy life cycle assessment of blast furnace pig iron in Brazil: The role of carbon and iron sources, and co-product utilization",10.1016/j.susmat.2023.e00607,"Sustainable Materials and Technologies",2023-07-01,1,journal-article,"Elsevier BV","Adriano Souza Leão - Serviço Nacional de Aprendizagem Industrial; Diego Lima Medeiros - Universidade Federal do Maranhão; Marcelo Andrade Santiago - Serviço Nacional de Aprendizagem Industrial; Arilma Oliveira do Carmo Tavares - Serviço Nacional de Aprendizagem Industrial; Edna dos Santos Almeida - Serviço Nacional de Aprendizagem Industrial",,"0000-0001-5111-062X; 0000-0001-6743-8099; 0000-0002-6332-7217"
"County-level assessment of behind-the-meter solar and storage to mitigate long duration power interruptions for residential customers",10.1016/j.apenergy.2023.121166,"Applied Energy",2023-07-01,3,journal-article,"Elsevier BV","Will Gorman - Lawrence Berkeley National Laboratory; Galen Barbose - Lawrence Berkeley National Laboratory; Juan Pablo Carvallo - Lawrence Berkeley National Laboratory; Sunhee Baik - Lawrence Berkeley National Laboratory; Cesca Miller - Lawrence Berkeley National Laboratory; Philip R White - National Laboratory of the Rockies; Marlena Praprost - National Laboratory of the Rockies",,
"Collaboration, decarbonization, and distributional effects",10.1016/j.apenergy.2023.121050,"Applied Energy",2023-07-01,2,journal-article,"Elsevier BV","Mathias Mier - Ifo Institute for Economic Research; Kais Siala - Technical University of Munich; Kristina Govorukha - TU Bergakademie Freiberg; Philip Mayer - TU Bergakademie Freiberg",,
"A novel distributed forecasting method based on information fusion and incremental learning for streaming time series",10.1016/j.inffus.2023.02.023,"Information Fusion",2023-07-01,1,journal-article,"Elsevier BV","Laura Melgar-García - Universidad Pablo de Olavide; David Gutiérrez‐Avilés - Universidad de Sevilla; Cristina Rubio-Escudero - Universidad de Sevilla; Alicia Troncoso - Universidad Pablo de Olavide",,"0000-0001-5732-9139; 0000-0001-7609-0450; 0000-0002-6292-9873; 0000-0002-9801-7999"
"Energy Efficiency and Optimization Strategies in a Building to Minimize Airborne Infection Risks",10.3390/en16134960,Energies,2023-06-26,1,journal-article,"MDPI AG","Nasim Samadi - University of Alberta; Mahdi Shahbakhti - University of Alberta",,0000-0001-5586-1375
"The impact of rooftop solar on wholesale electricity demand in the Australian National Electricity Market",10.3389/fenrg.2023.1197504,"Frontiers in Energy Research",2023-06-26,1,journal-article,"Frontiers Media SA","Yan Guan - University of Science and Technology Beijing; Lin Han - Macquarie University",,"0000-0002-4107-9531; 0000-0002-7118-907X"
"Applicability of Deep Learning Algorithms for Predicting Indoor Temperatures: Towards the Development of Digital Twin HVAC Systems",10.3390/buildings13061542,Buildings,2023-06-16,2,journal-article,"MDPI AG","Pooria Norouzi - British Columbia Institute of Technology; Sirine Maalej - British Columbia Institute of Technology; Rodrigo Mora - British Columbia Institute of Technology",,
"The metabolic rate of the biosphere and its components",10.1073/pnas.2303764120,"Proceedings of the National Academy of Sciences",2023-06-12,1,journal-article,"National Academy of Sciences","Tori M Hoehler - Ames Research Center; Dylan Mankel - Boston University; Dylan Mankel - Ames Research Center; Peter R Girguis - Harvard University; T M McCollom - University of Colorado Boulder; T M McCollom - Laboratory for Atmospheric and Space Physics; Nancy Y Kiang - Goddard Institute for Space Studies; Bo Barker Jørgensen - Aarhus University",,
"Analysis of indoor set-point temperature of split-type ACs on thermal comfort and energy savings for office buildings in hot-humid climates",10.1016/j.enbenv.2022.02.006,"Energy and Built Environment",2023-06-01,1,journal-article,"Elsevier BV","Kofi Owura Amoabeng - Kwame Nkrumah University of Science and Technology; Richard Opoku - Kwame Nkrumah University of Science and Technology; Samuel Boahen - Kwame Nkrumah University of Science and Technology; George Yaw Obeng - Kwame Nkrumah University of Science and Technology",,"0000-0001-7618-4895; 0000-0001-8766-3402; 0000-0002-5539-6095"
"Research on carbon emission peak prediction and path of China’s public buildings: Scenario analysis based on LEAP model",10.1016/j.enbuild.2023.113053,"Energy and Buildings",2023-06-01,2,journal-article,"Elsevier BV","Caiqing Zhang - North China Electric Power University; Hongxia Luo - North China Electric Power University",,
"Carbon-neutral power system transition pathways for coal-dominant and renewable Resource-abundant regions: Inner Mongolia as a case study",10.1016/j.enconman.2023.117013,"Energy Conversion and Management",2023-06-01,1,journal-article,"Elsevier BV","Xiugui Wang - University of Science and Technology Beijing; Zhongming Lu - Hong Kong University of Science and Technology; Zhongming Lu - University of Hong Kong; Tianxin Li - University of Science and Technology Beijing; Peng Zhang - China National Environmental Monitoring Center",,"0000-0001-5854-034X; 0000-0001-7022-8930; 0000-0001-7550-4156; 0009-0005-0026-9282"
"Effect of the quality of streamflow forecasts on the operation of cascade hydropower stations using stochastic optimization models",10.1016/j.energy.2023.127298,Energy,2023-06-01,1,journal-article,"Elsevier BV","Yuan Liu - North China Electric Power University; Changming Ji - North China Electric Power University; Yi Wang - North China Electric Power University; Yanke Zhang - North China Electric Power University; Zhiqiang Jiang - Huazhong University of Science and Technology; Qiumei Ma - North China Electric Power University; Xiaoning Hou - North China Electric Power University",,"0000-0002-2936-3687; 0000-0002-4217-811X; 0000-0003-1286-4570; 0000-0003-4174-3807; 0000-0003-4788-8708"
"Tidal range resource of the Patagonian shelf",10.1016/j.renene.2023.04.001,"Renewable Energy",2023-06-01,3,journal-article,"Elsevier BV","Vicky Martí Barclay - Bangor University; Simon P Neill - Bangor University; Athanasios Angeloudis - University of Edinburgh",,
"The over-prediction of energy use by EPCs in Great Britain: A comparison of EPC-modelled and metered primary energy use intensity",10.1016/j.enbuild.2023.113024,"Energy and Buildings",2023-06-01,12,journal-article,"Elsevier BV","Jessica Few - Energy Institute; Jessica Few - University College London; Despina Manouseli - Energy Institute; Despina Manouseli - University College London; Eoghan McKenna - Energy Institute; Eoghan McKenna - University College London; Martin Pullinger - Energy Institute; Martin Pullinger - University College London; Ellen Zapata-Webborn - Energy Institute; Ellen Zapata-Webborn - University College London; Simon Elam - Energy Institute; Simon Elam - University College London; David Shipworth - Energy Institute; David Shipworth - University College London; Tadj Oreszczyn - Energy Institute; Tadj Oreszczyn - University College London",,
"Techno-economic evaluation of green hydrogen production with low-temperature water electrolysis technologies directly coupled with renewable power sources",10.1016/j.enconman.2023.117083,"Energy Conversion and Management",2023-06-01,1,journal-article,"Elsevier BV","Haeseong Shin - Seoul National University; Dohyung Jang - Seoul National University; Sang-Don Lee - Hyundai Heavy Industries (South Korea); Hyun‐Seok Cho - Korea Institute of Energy Research; Kyong‐Hwan Kim - Korea Research Institute of Ships and Ocean Engineering; Sanggyu Kang - Seoul National University",,"0000-0001-7727-9044; 0000-0001-8356-4490; 0000-0002-3282-873X; 0000-0003-1348-4836"
"A new approach based on association rules to add explainability to time series forecasting models",10.1016/j.inffus.2023.01.021,"Information Fusion",2023-06-01,1,journal-article,"Elsevier BV","A R Troncoso-García - Universidad Pablo de Olavide; M Martínez-Ballesteros - Universidad de Sevilla; Francisco Martínez‐Álvarez - Universidad Pablo de Olavide; Alicia Troncoso - Universidad Pablo de Olavide",,"0000-0002-6309-1785; 0000-0002-9801-7999; 0000-0003-3160-7414"
"A Machine Learning Pipeline to Forecast the Electricity and Heat Consumption in a City District",10.3390/buildings13061407,Buildings,2023-05-29,1,journal-article,"MDPI AG","Gabriel Antonesi - Technical University of Cluj-Napoca; Tudor Cioara - Technical University of Cluj-Napoca; Liana Toderean - Technical University of Cluj-Napoca; Ionuț Anghel - Technical University of Cluj-Napoca",,"0000-0001-6166-5266; 0000-0001-9146-4641; 0000-0003-1177-5795"
"Cool roofs: A climate change mitigation and adaptation strategy for residential buildings",10.1016/j.buildenv.2023.110271,"Building and Environment",2023-05-01,2,journal-article,"Elsevier BV","Keivan Bamdad - Western Sydney University",,
"The impact of heat electrification on the seasonal and interannual electricity demand of Great Britain",10.1016/j.apenergy.2023.120885,"Applied Energy",2023-05-01,3,journal-article,"Elsevier BV","Malcolm Peacock - University of Lancashire; Aikaterini Fragaki - University of Lancashire; Bogdan J Matuszewski - University of Lancashire",,
"Levelized cost estimates of solar photovoltaic electricity in the United Kingdom until 2035",10.1016/j.patter.2023.100735,Patterns,2023-05-01,2,journal-article,"Elsevier BV","Filip Mandys - University of Surrey; Filip Mandys - Research Institute for Labour and Social Affairs; Filip Mandys - European Investment Bank; Mona Chitnis - University of Surrey; S Ravi P Silva - University of Surrey",,
"Impact of forecast uncertainty and electricity markets on the flexibility provision and economic performance of highly-decarbonized multi-energy systems",10.1016/j.apenergy.2023.120825,"Applied Energy",2023-05-01,1,journal-article,"Elsevier BV","Arvind Srinivasan - ETH Zurich; Raphael Wu - ETH Zurich; Philipp Heer - Swiss Federal Laboratories for Materials Science and Technology; Giovanni Sansavini - ETH Zurich",,"0000-0001-7861-9944; 0000-0002-1707-5389; 0000-0002-8801-9667; 0000-0003-2999-5753"
"Material Flow Analysis of Lithium-Ion Battery Recycling in Europe: Environmental and Economic Implications",10.3390/batteries9040231,Batteries,2023-04-18,3,journal-article,"MDPI AG","Martina Bruno - Politecnico di Torino; Silvia Fiore - Politecnico di Torino",,
"A possible deforestation-induced synoptic-scale circulation that delays the rainy season onset in Amazonia",10.1088/1748-9326/acc95f,"Environmental Research Letters",2023-04-01,2,journal-article,"IOP Publishing","Luiz Felipe Sant’Anna Commar - Universidade Federal de Viçosa; Gabriel Medeiros Abrahão - Potsdam Institute for Climate Impact Research; Marcos Heil Costa - Universidade Federal de Viçosa",,
"A bandwidth control scheme for reducing the negative impact of bottlenecks in IoT environments: Simulation and performance evaluation",10.1016/j.iot.2023.100682,"Internet of Things",2023-04-01,1,journal-article,"Elsevier BV","Omar Said - Menoufia University; Omar Said - Taif University",,0000-0002-8868-8000
"An agile heating and cooling energy demand model for residential buildings. Case study in a mediterranean city residential sector",10.1016/j.rser.2023.113166,"Renewable and Sustainable Energy Reviews",2023-04-01,1,journal-article,"Elsevier BV","C Prades-Gil - Universitat Politècnica de València; J.D Viana-Fons - Universitat Politècnica de València; Ximo Masip - Universitat Politècnica de València; Antonio Cazorla-Marín - Universitat Politècnica de València; Tomás Gómez‐Navarro - Universitat Politècnica de València",,"0000-0001-6114-2414; 0000-0001-6545-233X; 0000-0002-9855-5201; 0000-0003-0750-8846; 0000-0003-3314-0395"
"Bringing Online Egocentric Action Recognition Into the Wild",10.1109/lra.2023.3251843,"IEEE Robotics and Automation Letters",2023-04-01,1,journal-article,"Institute of Electrical and Electronics Engineers (IEEE)","Gabriele Goletto - Politecnico di Torino; Mirco Planamente - Politecnico di Torino; Mirco Planamente - Italian Institute of Technology; Mirco Planamente - Consorzio Interuniversitario Nazionale per l'Informatica; Barbara Caputo - Politecnico di Torino; Barbara Caputo - Consorzio Interuniversitario Nazionale per l'Informatica; Giuseppe Averta - Politecnico di Torino",,"0000-0001-7169-0158; 0000-0001-7238-1867; 0000-0002-3778-6460; 0000-0003-1212-3465"
"Real-time model predictive cooling control for an HVAC system in a factory building",10.1016/j.enbuild.2023.112860,"Energy and Buildings",2023-04-01,1,journal-article,"Elsevier BV","Seon Yeop Jung - Seoul National University; Jin‐Hong Kim - Seoul National University; Cheol Soo Park - Seoul National University",,"0000-0001-7266-1084; 0000-0002-6480-1929; 0000-0003-4061-208X"
"Stacking regression technology with event profile for electric vehicle fast charging behavior prediction",10.1016/j.apenergy.2023.120798,"Applied Energy",2023-04-01,1,journal-article,"Elsevier BV","Dingsong Cui - Chongqing University of Technology; Dingsong Cui - Beijing Institute of Technology; Zhenpo Wang - Beijing Institute of Technology; Zhenpo Wang - Chongqing University of Technology; Peng Liu - Beijing Institute of Technology; Peng Liu - Chongqing University of Technology; Shuo Wang - Beijing Institute of Technology; Yiwen Zhao - Beijing Institute of Technology; Weipeng Zhan - Beijing Institute of Technology",,"0000-0001-8489-6286; 0000-0001-9702-6888; 0000-0002-1396-906X; 0000-0002-4098-7319; 0000-0003-0579-2919"
"Novel monoethanolamine absorption using ionic liquids as phase splitter for CO2 capture in biogas upgrading: High CH4 purity and low energy consumption",10.1016/j.cej.2023.142296,"Chemical Engineering Journal",2023-04-01,1,journal-article,"Elsevier BV","Fanzhi Meng - Tsinghua University; Tongyao Ju - Tsinghua University; Siyu Han - Tsinghua University; Lin Li - Tsinghua University; Jinglin Li - Tsinghua University; Kailun Chen - Tsinghua University; Jianguo Jiang - Tsinghua University",,"0000-0001-6662-149X; 0000-0002-0599-015X; 0000-0002-1317-4742; 0000-0002-5629-8921; 0009-0009-9133-8114"
"Reducing information barriers to solar adoption: Experimental evidence from India",10.1016/j.eneco.2023.106600,"Energy Economics",2023-04-01,6,journal-article,"Elsevier BV","Meera Mahadevan - University of California, Irvine; Robyn Meeks - Duke University; Takashi Yamano - Asian Institute of Management; Takashi Yamano - Asian Development Bank",,
"Long-term forecast of electrical energy consumption with considerations for solar and wind energy sources",10.1016/j.energy.2023.126617,Energy,2023-04-01,1,journal-article,"Elsevier BV","D Kamani - Amirkabir University of Technology; M.M Ardehali - Amirkabir University of Technology",,0000-0001-6346-5823
"Evaluating the Chances of Implementing the “Fit for 55” Green Transition Package in the V4 Countries",10.3390/en16062764,Energies,2023-03-16,1,journal-article,"MDPI AG","Jacek Brożyna - Rzeszów University of Technology; Wadim Striełkowski - Czech University of Life Sciences Prague; Aleš Zpěvák - Police Academy of the Czech Republic in Prague",,
"Sustainable Long-Term Energy Supply and Demand: The Gradual Transition to a New and Renewable Energy System in Indonesia by 2050",10.14710/ijred.2023.50361,"International Journal of Renewable Energy Development",2023-03-15,2,journal-article,"Center of Biomass and Renewable Energy Scientia Academy","Yudiartono Yudiartono - National Nuclear Energy Agency of Indonesia; Yudiartono Yudiartono - National Research and Innovation Agency; Yudiartono Yudiartono - Diponegoro University; Jaka Windarta - Diponegoro University; Adiarso Adiarso - National Research and Innovation Agency; Adiarso Adiarso - National Nuclear Energy Agency of Indonesia",,
"Developing an Integrated Energy Demand-Supply Modeling Framework for Scenario Analysis of the Low Carbon Emission Energy System in Zambia",10.3390/app13063508,"Applied Sciences",2023-03-09,2,journal-article,"MDPI AG","Precious P Daka - Kyushu University; Hooman Farzaneh - Kyushu University",,
"Climatic change impacts on the energy requirements for the built environment sector",10.1016/j.egyr.2022.11.033,"Energy Reports",2023-03-01,1,journal-article,"Elsevier BV","Furqan Tahir - Hamad bin Khalifa University; Furqan Tahir - Qatar Foundation; Sami G Al‐Ghamdi - Hamad bin Khalifa University; Sami G Al‐Ghamdi - Qatar Foundation",,"0000-0002-7416-5153; 0000-0002-8728-5218"
"Estimating building energy efficiency from street view imagery, aerial imagery, and land surface temperature data",10.1016/j.apenergy.2022.120542,"Applied Energy",2023-03-01,3,journal-article,"Elsevier BV","Kevin Mayer - Stanford University; Lukas Haas - Stanford University; Tianyuan Huang - Stanford University; Juan Bernabé-Moreno - IBM Research - Ireland; Ram Rajagopal - Stanford University; Martin Fischer - Stanford University",,"0000-0002-0991-0583; 0000-0002-4961-9539; 0000-0002-5071-017X; 0000-0002-5340-2711; 0000-0002-7786-2683; 0000-0003-1401-1934"
"Global bioenergy potentials projections for 2050",10.1016/j.biombioe.2023.106721,"Biomass and Bioenergy",2023-03-01,2,journal-article,"Elsevier BV","Marcelo Risso Errera - Universidade Federal do Paraná; Tomás Andrade da Cunha Dias - Universidade Federal de Itajubá; Diego Mauricio Yepes Maya - Universidade Federal de Itajubá; Electo Eduardo Silva Lora - Universidade Federal de Itajubá",,
"Room-temperature direct regeneration of spent LiFePO4 cathode using the external short circuit strategy",10.1016/j.nxsust.2023.100008,"Next Sustainability",2023-03-01,1,journal-article,"Elsevier BV","Chenglei Li - Tsinghua–Berkeley Shenzhen Institute; Chenglei Li - Tsinghua University; Hao Du - Tsinghua–Berkeley Shenzhen Institute; Hao Du - Tsinghua University; Yuqiong Kang - Tsinghua–Berkeley Shenzhen Institute; Yuqiong Kang - Tsinghua University; Yun Zhao - Tsinghua–Berkeley Shenzhen Institute; Yun Zhao - Tsinghua University; Yao Tian - Tsinghua–Berkeley Shenzhen Institute; Yao Tian - Tsinghua University; John Wozny - Northern Illinois University; Jian Lu - Tsinghua–Berkeley Shenzhen Institute; Jian Lu - Tsinghua University; Tao Li - Northern Illinois University; Naser Tavajohi - Umeå University; Ming Huang - Imperial College London; Bo Lan - Imperial College London; Feiyu Kang - Tsinghua–Berkeley Shenzhen Institute; Feiyu Kang - Tsinghua University; Baohua Li - Tsinghua–Berkeley Shenzhen Institute; Baohua Li - Tsinghua University",,"0000-0001-5559-5767; 0000-0001-6003-3136; 0000-0002-3704-4379; 0000-0002-3763-2592; 0000-0002-3973-0938; 0000-0002-4281-493X; 0000-0002-4913-4486; 0000-0002-5868-4244; 0000-0003-0949-8178; 0009-0002-8410-0246"
"$\bm {P}^{\bm {3}}$: Privacy-Preserving Prediction of Real-Time Energy Demands in EV Charging Networks",10.1109/tii.2022.3182972,"IEEE Transactions on Industrial Informatics",2023-03-01,1,journal-article,"Institute of Electrical and Electronics Engineers (IEEE)","Beibei Li - Sichuan University; Yuqing Guo - Sichuan University; Qingyun Du - Sichuan University; Ziqing Zhu - Sichuan University; Xiaohui Li - Sichuan University; Rongxing Lu - University of New Brunswick",,"0000-0001-5720-0941; 0000-0002-0485-1975; 0000-0002-7412-4407; 0000-0002-8107-5631; 0000-0003-0776-265X; 0000-0003-4868-0343"
"Biomass supply chain resilience: integrating demand and availability predictions into routing decisions using machine learning",10.1080/23080477.2023.2176749,"Smart Science",2023-02-20,1,journal-article,"Informa UK Limited","Foad Esmaeili - Concordia University; Fereshteh Mafakheri - École Nationale d'Administration Publique; Fereshteh Mafakheri - Université du Québec à Montréal; Fuzhan Nasiri - Concordia University",,"0000-0002-7423-0621; 0000-0002-7991-4635; 0000-0002-9638-0807"
"Development of a Digital Well Management System",10.3390/asi6010031,"Applied System Innovation",2023-02-17,1,journal-article,"MDPI AG","Ilyushin Pavel Yurievich - Perm National Research Polytechnic University; Kirill Vyatkin - Perm National Research Polytechnic University; Anton Kozlov - Perm National Research Polytechnic University",,"0000-0002-3464-1493; 0000-0003-2350-2153"
"Estimating thermal energy loads in remote and northern communities to facilitate a net-zero transition",10.1088/2634-4505/acb3f4,"Environmental Research: Infrastructure and Sustainability",2023-02-02,1,journal-article,"IOP Publishing","Ian Maynard - Carleton University; Ahmed Abdulla - Carleton University",,"0000-0001-5238-5094; 0000-0003-4980-1717"
"Designing plant–transparent agrivoltaics",10.1038/s41598-023-28484-5,"Scientific Reports",2023-02-02,1,journal-article,"Springer Nature","Eric J Stallknecht - Michigan State University; Christopher K Herrera - Michigan State University; Chenchen Yang - Michigan State University; Isaac King - Michigan State University; Thomas D Sharkey - Michigan State University; Richard R Lunt - Michigan State University; Erik S Runkle - Michigan State University",,
"Deep learning based real time Demand Side Management controller for smart building integrated with renewable energy and Energy Storage System",10.1016/j.est.2022.106412,"Journal of Energy Storage",2023-02-01,1,journal-article,"Elsevier BV",,,
"Single-leg stance on a challenging surface can enhance cortical activation in the right hemisphere – A case study",10.1016/j.heliyon.2023.e13628,Heliyon,2023-02-01,1,journal-article,"Elsevier BV","Haroon Khan - OsloMet – Oslo Metropolitan University; Haroon Khan - Universidad Metropolitana; Nauman Khalid Qureshi - ETH Zurich; Nauman Khalid Qureshi - Institute for Biomedical Engineering; Anis Yazidi - OsloMet – Oslo Metropolitan University; Peyman Mirtaheri - OsloMet – Oslo Metropolitan University; Peyman Mirtaheri - Universidad Metropolitana",,"0000-0001-7591-1659; 0000-0002-2530-4620; 0000-0002-5563-8920; 0000-0002-7664-5513"
"Day-ahead probabilistic forecasting at a co-located wind and solar power park in Sweden: Trading and forecast verification",10.1016/j.adapen.2022.100120,"Advances in Applied Energy",2023-02-01,6,journal-article,"Elsevier BV","Oskar Lindberg - Uppsala University; David Lingfors - Uppsala University; Johan Arnqvist - Uppsala University; Devaraj van der Meer - Université Paris Sciences et Lettres; Devaraj van der Meer - Centre Procédés, Energies Renouvelables et Systèmes Energétiques; Joakim Munkhammar - Uppsala University",,
"Analysis of individual natural gas consumption and price elasticity: Evidence from billing data in Italy",10.1016/j.eneco.2022.106484,"Energy Economics",2023-02-01,4,journal-article,"Elsevier BV","Filippo Favero - University of Verona; Luigi Grossi - University of Padua",,
"Multi-objective building energy system optimization considering EV infrastructure",10.1016/j.apenergy.2022.120504,"Applied Energy",2023-02-01,1,journal-article,"Elsevier BV","Musik Park - National University of Singapore; Zhiyuan Wang - National University of Singapore; Lanyu Li - Tsinghua University; Xiaonan Wang - Tsinghua University",,"0000-0001-7867-7626; 0000-0001-9775-2417; 0000-0002-1596-2267"
"Impact of Spanish renewable support scheme reforms on the revenues of photovoltaic power plants",10.1016/j.jup.2022.101476,"Utilities Policy",2023-02-01,1,journal-article,"Elsevier BV","Fidel Castro Rodríguez - Universidade de Vigo; Daniel Miles-Touya - Universidade de Vigo",,0000-0001-9836-837X
"Estimating the Operating Reserve Demand Curve for Efficient Adoption of Renewable Sources in Korea",10.3390/en16031426,Energies,2023-02-01,4,journal-article,"MDPI AG","Wooyoung Jeon - Chonnam National University; Jungyoun Mo - Chosun University",,
"The power balancing benefits of wave energy converters in offshore wind-wave farms with energy storage",10.1016/j.apenergy.2022.120389,"Applied Energy",2023-02-01,3,journal-article,"Elsevier BV","Jocelyn M Kluger - Massachusetts Institute of Technology; Maha N Haji - Cornell University; Alexander H Slocum - Massachusetts Institute of Technology",,
"Full Data-Processing Power Load Forecasting Based on Vertical Federated Learning",10.1155/2023/9914169,"Journal of Electrical and Computer Engineering",2023-01-13,1,journal-article,"Hindawi Limited","ZhengXiong Mao - China Southern Power Grid (China); Hui Li - China Southern Power Grid (China); Zuyuan Huang - China Southern Power Grid (China); Yuan Tian - China Southern Power Grid (China); Peng Zhao - Xi'an Jiaotong University; Yanan Li - Xi'an Jiaotong University",,"0000-0001-7033-9315; 0000-0002-7835-674X; 0000-0003-0024-6791; 0000-0003-2886-1585; 0009-0005-6089-7694"
"Artificial Intelligence and Machine Learning for Energy Consumption and Production in Emerging Markets: A Review",10.3390/en16020745,Energies,2023-01-09,2,journal-article,"MDPI AG","David Mhlanga - University of Johannesburg",,
"Scenario-Based Strategic Modeling of Road Transport Demand and Performance",10.1177/03611981221143377,"Transportation Research Record: Journal of the Transportation Research Board",2023-01-06,4,journal-article,"SAGE Publications","Sahand Asgarpour - University of Twente; Andreas Hartmann - University of Twente; Konstantinos Gkiotsalitis - University of Twente; R.M Neef - University of Groningen",,
"Transmission Network Planning in Super Smart Grids: A Survey",10.1109/access.2023.3296152,"IEEE Access",2023-01-01,3,journal-article,"Institute of Electrical and Electronics Engineers (IEEE)","Muhammad Adnan - National University of Computer and Emerging Sciences; Yazeed Yasin Ghadi - Al Ain University; Ijaz Ahmed - National University of Computer and Emerging Sciences; Mansoor Ali - École de Technologie Supérieure",,
"A Techno-Economical Characterization of Solar PV Power Generation in Rwanda: The Role of Subsidies and Incentives",10.32604/ee.2023.028559,"Energy Engineering",2023-01-01,1,journal-article,"Tech Science Press",,,
"A proactive 2-stage indoor CO2-based demand-controlled ventilation method considering control performance and energy efficiency",10.1016/j.apenergy.2022.120288,"Applied Energy",2023-01-01,1,journal-article,"Elsevier BV","Chunxiao Li - Ocean University of China; Can Cui - Ocean University of China; Ming Li - Ocean University of China",,"0000-0001-6162-6291; 0000-0002-5961-3958; 0000-0003-0996-9742"
"Enhanced Electric Power Adaptability Using Hybrid Pumped-Hydro Technology with Wind and Photovoltaic Integration",10.32604/ee.2023.027574,"Energy Engineering",2023-01-01,2,journal-article,"Tech Science Press",,,
"Modelling the interaction between the energy system and road freight in Norway",10.1016/j.trd.2022.103569,"Transportation Research Part D: Transport and Environment",2023-01-01,1,journal-article,"Elsevier BV","Eva Rosenberg - Institute for Energy Technology; Kari Espegren - Institute for Energy Technology; Janis Danebergs - Institute for Energy Technology; Lasse Fridstrøm - Institute of Transport Economics; Inger Beate Hovi - Institute of Transport Economics; Anne Madslien - Institute of Transport Economics",,"0000-0001-9205-7992; 0000-0002-1415-6343; 0000-0002-5015-2315; 0000-0002-8540-1246"
"A Fault and Capacity Loss Prediction Method of Wind Power Station under Extreme Weather",10.1155/2023/8763185,"Mathematical Problems in Engineering",2023-01-01,1,journal-article,Wiley,"Ling Li - Power Grid Corporation (India); Yixin Zhuo - Power Grid Corporation (India); Wenchuan Meng - China Southern Power Grid (China); Ze Chen - South China University of Technology; Heng Wei - Power Grid Corporation (India)",,
"Assessing and mitigating overheating risk in existing Canadian school buildings under extreme current and future climates",10.1016/j.enbuild.2022.112710,"Energy and Buildings",2023-01-01,1,journal-article,"Elsevier BV","Fuad Baba - Concordia University; Hua Ge - Concordia University; Liangzhu Wang - Concordia University; Radu Zmeureanu - Concordia University",,"0000-0002-0653-3612; 0000-0002-9153-4344; 0000-0003-0469-9499; 0000-0003-1368-4301"
"Energy demand forecasting in China: A support vector regression-compositional data second exponential smoothing model",10.1016/j.energy.2022.125955,Energy,2023-01-01,1,journal-article,"Elsevier BV","Congjun Rao - Wuhan University of Technology; Yue Zhang - Wuhan University of Technology; Jianghui Wen - Wuhan University of Technology; Xinping Xiao - Wuhan University of Technology; Mark Goh - National University of Singapore",,"0000-0002-1045-559X; 0000-0002-3620-7658; 0000-0002-6327-5023; 0000-0002-9615-501X"
"Dynamic modelling of indoor environmental conditions for future energy retrofit scenarios across the UK school building stock",10.1016/j.jobe.2022.105536,"Journal of Building Engineering",2023-01-01,1,journal-article,"Elsevier BV","Duncan Grassie - University College London; Jie Dong - University College London; Yair Schwartz - University College London; Filiz Karakas - London School of Hygiene & Tropical Medicine; James Milner - London School of Hygiene & Tropical Medicine; Emmanouil Bagkeris - Great Ormond Street Hospital; Emmanouil Bagkeris - University College London; Zaid Chalabi - University College London; Anna Mavrogianni - University College London; Dejan Mumovic - University College London",,"0000-0001-7495-2264; 0000-0002-0733-3911; 0000-0002-3526-2137; 0000-0002-4914-9004; 0000-0002-5104-1238; 0000-0002-5407-3980; 0000-0003-0304-639X; 0000-0003-2933-527X; 0000-0003-4278-9559"
"Environmental data and facts in the semiconductor manufacturing industry: An unexpected high water and energy consumption situation",10.1016/j.watcyc.2023.01.004,"Water Cycle",2023-01-01,2,journal-article,"Elsevier BV","Qi Wang - State Key Joint Laboratory of Environment Simulation and Pollution Control; Qi Wang - Tsinghua University; Nan Huang - Beijing University of Technology; Zhuo Chen - State Key Joint Laboratory of Environment Simulation and Pollution Control; Zhuo Chen - Tsinghua University; Xiaowen Chen - State Key Joint Laboratory of Environment Simulation and Pollution Control; Xiaowen Chen - Tsinghua University; Han-Ying Cai - University Town of Shenzhen; Han-Ying Cai - Tsinghua University; Yunpeng Wu - University Town of Shenzhen; Yunpeng Wu - Tsinghua University",,
"An intelligent HVAC control strategy for supplying comfortable and energy-efficient school environment",10.1016/j.aei.2023.101895,"Advanced Engineering Informatics",2023-01-01,2,journal-article,"Elsevier BV","Jihyeon Cho - Korea University; Yeonsook Heo - Korea University; Jin Woo Moon - Chung-Ang University",,
"The impact of climate change on air source heat pumps",10.1016/j.enconman.2022.116554,"Energy Conversion and Management",2023-01-01,4,journal-article,"Elsevier BV","Paolo Maria Congedo - University of Salento; Cristina Baglivo - University of Salento; Delia D'Agostino - Joint Research Centre; Domenico Mazzeo - University of Calabria",,
"Incorporating Wind Modeling Into Electric Grid Outage Risk Prediction and Mitigation Solution",10.1109/access.2023.3234984,"IEEE Access",2023-01-01,1,journal-article,"Institute of Electrical and Electronics Engineers (IEEE)","Rashid Baembitov - Texas A&M University; Mladen Kezunović - Texas A&M University; Keith Brewster - University of Oklahoma; Zoran Obradović - Temple University",,
"Advances in power-to-gas technologies: cost and conversion efficiency",10.1039/d3ee01208e,"Energy Environ. Sci.",2023-01-01,3,journal-article,"Royal Society of Chemistry (RSC)","Gunther Glenk - University of Mannheim; Gunther Glenk - Massachusetts Institute of Technology; Gunther Glenk - Harvard University; Philip Holler - University of Mannheim; Stefan Reichelstein - University of Mannheim; Stefan Reichelstein - Palo Alto University; Stefan Reichelstein - Stanford University; Stefan Reichelstein - Centre for European Economic Research",,
"Investigation on air conditioning load patterns and electricity consumption of typical residential buildings in tropical wet and dry climate in India",10.1186/s42162-022-00228-1,"Energy Informatics",2022-12-21,1,journal-article,"Springer Nature","Pavan Ramapragada - International Institute of Information Technology, Hyderabad; Dharani Tejaswini - International Institute of Information Technology, Hyderabad; Vishal Garg - International Institute of Information Technology, Hyderabad; Jyotirmay Mathur - Malaviya National Institute of Technology Jaipur; Rajat Gupta - Oxford Brookes University",,"0000-0001-8959-0251; 0000-0002-2599-2785"
"A multilevel window state model based on outdoor environmental conditions that captures behavioural variation at room and apartment levels",10.1016/j.enbuild.2022.112562,"Energy and Buildings",2022-12-01,1,journal-article,"Elsevier BV","Yan Wang - University College London; Elizabeth Cooper - University College London; Farhang Tahmasebi - University College London; Zaid Chalabi - University College London; Samuel Stamp - University College London; Esfand Burman - University College London; Dejan Mumovic - University College London",,"0000-0001-5727-2646; 0000-0002-0719-6734; 0000-0002-1540-6607; 0000-0002-3180-3231; 0000-0002-4914-9004; 0000-0002-5407-3980; 0000-0002-6937-5033"
"Numerical and experimental assessment of a novel SOFC-based system for micro-power generation",10.1016/j.jpowsour.2022.232180,"Journal of Power Sources",2022-12-01,1,journal-article,"Elsevier BV","A Cammarata - Politecnico di Milano; Maria Carmenza Dìaz Lacharme - Politecnico di Milano; Paolo Colbertaldo - Politecnico di Milano; Alessandro Donazzi - Politecnico di Milano; Stefano Campanari - Politecnico di Milano",,
"Predicting residential electricity consumption patterns based on smart meter and household data: A case study from the Republic of Ireland",10.1016/j.jup.2022.101446,"Utilities Policy",2022-12-01,2,journal-article,"Elsevier BV","Zhifeng Guo - University of Kent; J.R O’Hanley - University of Kent; Stuart Gibson - University of Kent",,
"Evaluation and projection of 4G and 5G RAN energy footprints: the case of Belgium for 2020–2025",10.1007/s12243-022-00932-9,"annals of telecommunications - annales des télécommunications",2022-11-29,4,journal-article,"Springer Nature","Louis Golard - UCLouvain; Jérôme Louveaux - UCLouvain; David Bol - UCLouvain",,
"Future‐proofing photovoltaics module reliability through a unifying predictive modeling framework",10.1002/pip.3645,"Progress in Photovoltaics: Research and Applications",2022-10-21,2,journal-article,Wiley,"Martin Springer - National Laboratory of the Rockies; Dirk Jordan - National Laboratory of the Rockies; Teresa M Barnes - National Laboratory of the Rockies",,
"AI-big data analytics for building automation and management systems: a survey, actual challenges and future perspectives",10.1007/s10462-022-10286-2,"Artificial Intelligence Review",2022-10-15,5,journal-article,"Springer Nature","Yassine Himeur - Qatar University; Mariam Elnour - Qatar University; Fodil Fadli - Qatar University; Nader Meskin - Qatar University; Ioan Petri - Cardiff University; Ioan Petri - Centre for Sustainable Energy; Yacine Rezgui - Centre for Sustainable Energy; Yacine Rezgui - Cardiff University; Fayçal Bensaali - Qatar University; Abbes Amira - University of Sharjah",,
"Reduction of Fragment Size from Mining to Mineral Processing: A Review",10.1007/s00603-022-03068-3,"Rock Mechanics and Rock Engineering",2022-10-04,4,journal-article,"Springer Nature","Zong‐Xian Zhang - University of Oulu; José A Sanchidrián - Universidad Politécnica de Madrid; Finn Ouchterlony - Montanuniversität Leoben; Saija Luukkanen - University of Oulu",,"0000-0002-0618-1442; 0000-0003-1848-8465; 0000-0003-2701-5387; 0000-0003-3258-7734"
"Polyethylene furanoate: technoeconomic analysis of biobased production",10.1002/bbb.2430,"Biofuels, Bioproducts and Biorefining",2022-09-20,1,journal-article,Wiley,"Janus Louw - Stellenbosch University; Somayeh Farzad - Stellenbosch University; Johann F Görgens - Stellenbosch University",,"0000-0001-8184-1108; 0000-0002-9961-754X; 0000-0003-0343-7710"
"Data-driven load profiles and the dynamics of residential electricity consumption",10.1038/s41467-022-31942-9,"Nature Communications",2022-08-06,1,journal-article,"Springer Nature","Mehrnaz Anvari - Potsdam Institute for Climate Impact Research; Mehrnaz Anvari - Leibniz Association; Benjamin Schäfer - Queen Mary University of London; Christian Beck - Queen Mary University of London; Hölger Kantz - Max Planck Institute for the Physics of Complex Systems; Marc Timme - Technische Universität Dresden",,"0000-0001-6643-9508; 0000-0001-6921-6094; 0000-0002-4818-6997; 0000-0002-5956-3137; 0000-0003-1607-9748"
"Testing the role of economic complexity on the ecological footprint in China: a nonparametric causality-in-quantiles approach",10.1177/0958305x221094573,"Energy & Environment",2022-04-18,1,journal-article,"SAGE Publications","Tomiwa Sunday Adebayo - Cyprus International University",,0000-0003-0094-1778
"Hierarchical Control of Megawatt-Scale Charging Stations for Electric Trucks with Distributed Energy Resources",10.1109/tte.2022.3167647,"IEEE Transactions on Transportation Electrification",2022-01-01,2,journal-article,"Institute of Electrical and Electronics Engineers (IEEE)","Ahmed A S Mohamed - National Laboratory of the Rockies; Ahmed A S Mohamed - Eaton (United States); Myungsoo Jun - National Laboratory of the Rockies; Rasel Mahmud - National Laboratory of the Rockies; Partha Mishra - National Laboratory of the Rockies; Serena N Patel - National Laboratory of the Rockies; Serena N Patel - IIT@MIT; Isaac Tolbert - National Laboratory of the Rockies; Shriram Santhanagopalan - National Laboratory of the Rockies; Andrew Meintz - National Laboratory of the Rockies",,
"Price Elasticity of Electricity Demand in France",10.24187/ecostat.2019.513.2002,"Economie et statistique",2020-04-01,4,journal-article,"Institut National de la Statistique et des Etudes Economiques (INSEE)",,,
"Theoretical Study and Experimental Validation of Energetic Performances of Photovoltaic/Thermal Air Collector",10.1155/2018/2794068,"Hindawi Limited",2020-02-19,1,works,"Hindawi Limited","Khaled Touafek - Renewable Energy Development Center; Abdelkrim Khelifa - Renewable Energy Development Center; Lyes Boutina - Renewable Energy Development Center; Ismail Tabet - University of Skikda; Salim Haddad - University of Skikda",,"0000-0001-5012-363X; 0000-0001-5775-3992; 0000-0003-1192-4244; 0000-0003-3967-5868"
"Generating Energy Data for Machine Learning with Recurrent Generative Adversarial Networks",10.3390/en13010130,Energies,2019-12-26,4,journal-article,"MDPI AG","Mohammad Navid Fekri - Western University; Ananda Mohon Ghosh - Western University; Katarina Grolinger - Western University",,
"Large Igneous Province thermogenic greenhouse gas flux could have initiated Paleocene-Eocene Thermal Maximum climate change",10.1038/s41467-019-12957-1,"Nature Communications",2019-12-05,3,journal-article,"Springer Nature","S M Jones - University of Birmingham; Murray Hoggett - University of Birmingham; Sarah E Greene - University of Birmingham; Tom Dunkley Jones - University of Birmingham",,
"The nexus of electricity and economic growth in major economies: The United States-India-China triangle",10.1016/j.energy.2019.116006,Energy,2019-12-01,2,journal-article,"Elsevier BV","Cheng-Feng Wu - Hubei University Of Economics; Chien-Ming Wang - Guangdong University Of Finances and Economics; Chien-Ming Wang - Guangdong University of Finance; Chien-Ming Wang - Hubei University Of Economics; Tsangyao Chang - CTBC Business School; Tsangyao Chang - Feng Chia University; Chien-Chung Yuan - Hubei University Of Economics",,
"Forecasting of Turkey's greenhouse gas emissions using linear and nonlinear rolling metabolic grey model based on optimization",10.1016/j.jclepro.2019.118079,"Journal of Cleaner Production",2019-12-01,1,journal-article,"Elsevier BV","Utkucan Şahin - Muğla University",,0000-0002-5869-8451
"Power Capability Analysis of Lithium Battery and Supercapacitor by Pulse Duration",10.3390/electronics8121395,Electronics,2019-11-22,1,journal-article,"MDPI AG","Seongjun Lee - Chosun University; Jonghoon Kim - Chungnam National University",,"0000-0001-6112-3942; 0000-0001-8757-547X"
"Residential loads flexibility potential for demand response using energy consumption patterns and user segments",10.1016/j.apenergy.2019.113693,"Applied Energy",2019-11-01,3,journal-article,"Elsevier BV","Milad Afzalan - Virginia Tech; Farrokh Jazizadeh - Virginia Tech",,
"Scoping the potential usefulness of seasonal climate forecasts for solar power management",10.1016/j.renene.2019.03.134,"Renewable Energy",2019-11-01,1,journal-article,"Elsevier BV","Matteo De Felice - National Agency for New Technologies, Energy and Sustainable Economic Development; Marta Bruno Soares - University of Leeds; Andrea Alessandri - National Agency for New Technologies, Energy and Sustainable Economic Development; Andrea Alessandri - Royal Netherlands Meteorological Institute; Alberto Troccoli - University of East Anglia; Alberto Troccoli - World Energy Council",,"0000-0001-5870-4367; 0000-0002-2153-7961; 0000-0003-3127-4461"
"Improving accuracy in building energy simulation via evaluating occupant behaviors: A case study in Hong Kong",10.1016/j.enbuild.2019.109373,"Energy and Buildings",2019-11-01,1,journal-article,"Elsevier BV","Cong Yu - University of Hong Kong; Jia Du - University of Hong Kong; Wei Pan - University of Hong Kong",,"0000-0001-7331-2345; 0000-0001-9870-4409; 0000-0002-2720-3073"
"Accelerating Photovoltaic Market Entry with Module Replacement",10.1016/j.joule.2019.08.012,Joule,2019-11-01,9,journal-article,"Elsevier BV","Joel Jean - Swift Solar (United States); Joel Jean - Massachusetts Institute of Technology; Michael Woodhouse - National Laboratory of the Rockies; Vladimir Bulović - Massachusetts Institute of Technology",,
"Combined HVAC and Battery Scheduling for Demand Response in a Building",10.1109/tia.2019.2938481,"IEEE Transactions on Industry Applications",2019-11-01,1,journal-article,"Institute of Electrical and Electronics Engineers (IEEE)","Divya T Vedullapalli - Clemson University; Ramtin Hadidi - Clemson University; Bill Schroeder - Consolidated Edison (United States); Bill Schroeder - Battery Park",,"0000-0001-5309-0482; 0000-0003-4065-292X"
"Short term electricity load forecasting for institutional buildings",10.1016/j.egyr.2019.08.086,"Energy Reports",2019-11-01,1,journal-article,"Elsevier BV","Yunsun Kim - Chung-Ang University; Sahm Kim - Chung-Ang University",,0000-0002-4419-1123
"Estimates of the impact of extreme heat events on cooling energy demand in Hong Kong",10.1016/j.renene.2019.04.077,"Renewable Energy",2019-11-01,2,journal-article,"Elsevier BV","Tobi Eniolu Morakinyo - Chinese University of Hong Kong; Chao Ren - University of Hong Kong; Yuan Shi - Chinese University of Hong Kong; Kevin Ka‐Lun Lau - Chinese University of Hong Kong; Hang-wai Tong - Hong Kong Observatory; Chun-Wing Choy - Hong Kong Observatory; Edward Ng - Chinese University of Hong Kong",,
"A data-driven approach to investigate the impact of air temperature on the efficiencies of coal and natural gas generators",10.1016/j.apenergy.2019.113486,"Applied Energy",2019-11-01,2,journal-article,"Elsevier BV","Measrainsey Meng - University of Southern California; Kelly T Sanders - University of Southern California",,
"Going smart, staying confused: Perceptions and use of smart thermostats in British homes",10.1016/j.erss.2019.101228,"Energy Research & Social Science",2019-11-01,3,journal-article,"Elsevier BV","Luciana Miu - Imperial College London; Christoph Mazur - Imperial College London; Koen H van Dam - Imperial College London; Romain S.C Lambert - Imperial College London; Adam Hawkes - Imperial College London; Nilay Shah - Imperial College London",,
"Optimal bidding in a Day-Ahead energy market for Micro Grid under uncertainty in renewable energy production",10.1016/j.energy.2016.02.166,"Elsevier BV",2019-10-29,1,works,"Elsevier BV","Gabriella Ferruzzi - Pennsylvania State University; Guido Cervone - Pennsylvania State University; Luca Delle Monache - NSF National Center for Atmospheric Research; Giorgio Graditi - National Agency for New Technologies, Energy and Sustainable Economic Development",,"0000-0001-8065-0924; 0000-0002-0168-4681; 0000-0002-6509-0735; 0000-0003-4953-0881"
"Investigating Primary Factors Affecting Electricity Consumption in Non-Residential Buildings Using a Data-Driven Approach",10.3390/en12214046,Energies,2019-10-24,2,journal-article,"MDPI AG","Sooyoun Cho - Yonsei University; Jee Hang Lee - Korea Advanced Institute of Science and Technology; Jumi Baek - Yonsei University; Gi-Seok Kim - Yonsei University; Seung-Bok Leigh - Yonsei University",,0000-0002-4337-2774
"Short-Term Prediction of Energy Consumption in Demand Response for Blocks of Buildings: DR-BoB Approach",10.3390/buildings9100221,Buildings,2019-10-18,2,journal-article,"MDPI AG","Nashwan Dawood - Teesside University",,0000-0002-4873-7576
"Unit-Based Emissions Inventory for Electric Power Systems in Kuwait: Current Status and Future Predictions",10.3390/su11205758,Sustainability,2019-10-17,2,journal-article,"MDPI AG","Nawaf S Alhajeri - Kuwait University; Fahad M Al‐Fadhli - Kuwait University; Ahmed Z Aly - Kuwait University",,
"Research on Multi-Objective Optimization and Control Algorithms for Automatic Train Operation",10.3390/en12203842,Energies,2019-10-11,3,journal-article,"MDPI AG","Kai-wei Liu - Dalian Maritime University; Xingcheng Wang - Dalian Maritime University; Zhihui Qu - Dalian Maritime University",,
"Role of energy efficiency policies on energy consumption and CO2 emissions for building stock in Qatar",10.1016/j.jclepro.2019.06.296,"Journal of Cleaner Production",2019-10-01,1,journal-article,"Elsevier BV","Athar Kamal - Qatar Foundation; Athar Kamal - Hamad bin Khalifa University; Sami G Al‐Ghamdi - Hamad bin Khalifa University; Sami G Al‐Ghamdi - Qatar Foundation; Muammer Koç‬ - Hamad bin Khalifa University; Muammer Koç‬ - Qatar Foundation",,
"Characteristic analysis and forecast of electricity supply and demand in APEC",10.1016/j.gloei.2019.11.016,"Global Energy Interconnection",2019-10-01,3,journal-article,"Elsevier BV","Yong Sun - Tianjin University; Li Zhu - Tianjin University; Zhaofeng Xu - Tsinghua University; Lingjuan Xiao - China Energy Engineering Corporation (China); Jianyun Zhang - China Energy Engineering Corporation (China); Jiqiang Zhang - Tianjin University",,
"Assessing climate sensitivity of peak electricity load for resilient power systems planning and operation: A study applied to the Texas region",10.1016/j.energy.2019.07.074,Energy,2019-10-01,1,journal-article,"Elsevier BV","Panteha Alipour - Purdue University West Lafayette; Sayanti Mukherjee - University at Buffalo, State University of New York; Roshanak Nateghi - Purdue University West Lafayette",,"0000-0002-5833-1617; 0000-0002-7005-3330; 0000-0003-4569-9233"
"Wind energy, the price of carbon allowances, and CO2 emissions: Evidence from Ireland",10.1016/j.enpol.2019.07.007,"Energy Policy",2019-10-01,1,journal-article,"Elsevier BV","Kevin F Forbes - University of America; Kevin F Forbes - Catholic University of America; Ernest M Zampelli - University of America; Ernest M Zampelli - Catholic University of America",,"0000-0002-4725-7976; 0000-0002-9521-6845"
"Electrification and appliance ownership over time: Evidence from rural India",10.1016/j.enpol.2019.06.070,"Energy Policy",2019-10-01,1,journal-article,"Elsevier BV","Jennifer Richmond - University of Maryland, College Park; Johannes Urpelainen - Johns Hopkins University",,0000-0002-2062-0472
"Onshore wind energy potential for Small Island Developing States: Findings and recommendations from Barbados",10.1016/j.esd.2019.08.002,"Energy for Sustainable Development",2019-10-01,1,journal-article,"Elsevier BV","T G Rogers - Coventry University; Masaō Ashtine - University of the West Indies System; Randy Koon Koon - University of the West Indies System",,
"Meeting 2030 primary energy and economic growth goals: Mission impossible?",10.1016/j.apenergy.2019.01.255,"Applied Energy",2019-10-01,17,journal-article,"Elsevier BV","Matthew Kuperus Heun - Calvin University; Paul E Brockway - University of Leeds",,
"Frequency regulation service provision in data center with computational flexibility",10.1016/j.apenergy.2019.05.107,"Applied Energy",2019-10-01,5,journal-article,"Elsevier BV","Wang Wei - University of California, Riverside; AmirAli Abdolrashidi - University of California, Riverside; Nanpeng Yu - University of California, Riverside; Daniel Wong - University of California, Riverside",,
"Evaluation and analysis of ecological security in arid areas of Central Asia based on the emergy ecological footprint (EEF) model",10.1016/j.jclepro.2019.07.005,"Journal of Cleaner Production",2019-10-01,2,journal-article,"Elsevier BV","Jiaxiu Li - Xinjiang University; Jiaxiu Li - Xinjiang Institute of Ecology and Geography; Jiaxiu Li - Chinese Academy of Sciences; Jiaxiu Li - University of Chinese Academy of Sciences; Yaning Chen - Xinjiang Institute of Ecology and Geography; Yaning Chen - Chinese Academy of Sciences; Changchun Xu - Xinjiang University; Zhi Li - Xinjiang Institute of Ecology and Geography; Zhi Li - Chinese Academy of Sciences",,
"Combining random forests and physics-based models to forecast the electricity generated by ocean waves: A case study of the Mutriku wave farm",10.1016/j.oceaneng.2019.106314,"Ocean Engineering",2019-10-01,1,journal-article,"Elsevier BV","Paula Serras - University of the Basque Country; Gabriel Ibarra‐Berastegi - University of the Basque Country; Jon Sáenz - University of the Basque Country; Alain Ulazia - University of the Basque Country",,"0000-0001-8681-3755; 0000-0001-9543-7720; 0000-0002-4124-2853; 0000-0002-5920-7570"
"Review of building energy performance certification schemes towards future improvement",10.1016/j.rser.2019.109244,"Renewable and Sustainable Energy Reviews",2019-10-01,11,journal-article,"Elsevier BV","Y Li - Luxembourg Institute of Science and Technology; S Kubicki - Luxembourg Institute of Science and Technology; Annie Guerriero - Luxembourg Institute of Science and Technology; Yacine Rezgui - Centre for Sustainable Energy; Yacine Rezgui - Cardiff University",,
"Triple bottom line analysis of the Spanish solar photovoltaic sector: A footprint assessment",10.1016/j.rser.2019.109311,"Renewable and Sustainable Energy Reviews",2019-10-01,3,journal-article,"Elsevier BV","Jorge Zafrilla - University of Castilla-La Mancha; Guadalupe Arce - Universidad Complutense de Madrid; María‐Ángeles Cadarso - University of Castilla-La Mancha; Carmen Córcoles Fuentes - University of Castilla-La Mancha; Nuria Sanz - University of Castilla-La Mancha; Luis Antonio López Santiago - University of Castilla-La Mancha; Fabio Monsalve - University of Castilla-La Mancha; María Ángeles Tobarra Gómez - University of Castilla-La Mancha",,"0000-0001-6595-2799; 0000-0001-7953-9006; 0000-0001-8583-4095; 0000-0002-4913-2544; 0000-0002-5165-7729; 0000-0002-9733-7106; 0000-0003-2236-4289; 0000-0003-3499-072X"
"A review on carbon emission reduction in industries and planning emission limits",10.1016/j.rser.2019.109304,"Renewable and Sustainable Energy Reviews",2019-10-01,1,journal-article,"Elsevier BV","Rakesh Kumar Sinha - Indian Institute of Technology Patna; Nitin Dutt Chaturvedi - Indian Institute of Technology Patna",,"0000-0002-2594-7095; 0000-0003-3358-7349"
"High albedo materials to counteract heat waves in cities: An assessment of meteorology, buildings energy needs and pedestrian thermal comfort",10.1016/j.buildenv.2019.106242,"Building and Environment",2019-10-01,3,journal-article,"Elsevier BV","Serena Falasca - University of Urbino; Serena Falasca - University of L'Aquila; Virgilio Ciancio - Sapienza University of Rome; Ferdinando Salata - Sapienza University of Rome; Iacopo Golasi - Sapienza University of Rome; Federica Rosso - Sapienza University of Rome; Gabriele Curci - University of L'Aquila",,
"Conventional models and artificial intelligence-based models for energy consumption forecasting: A review",10.1016/j.petrol.2019.106187,"Journal of Petroleum Science and Engineering",2019-10-01,3,journal-article,"Elsevier BV","Nan Wei - Southwest Petroleum University; Nan Wei - University of Regina; Changjun Li - Southwest Petroleum University; Xiaomei Peng - University of Regina; Fanhua Zeng - University of Regina; Xinqian Lu - University of Regina",,
"Framework for estimation of the direct rebound effect for residential photovoltaic systems",10.1016/j.apenergy.2019.113391,"Applied Energy",2019-10-01,5,journal-article,"Elsevier BV","Shahaboddin Hashemi Toroghi - Georgia Institute of Technology; Matthew E Oliver - Georgia Institute of Technology",,
"Shaving Data Center Power Demand Peaks Through Energy Storage and Workload Shifting Control",10.1109/tcc.2017.2744623,"IEEE Transactions on Cloud Computing",2019-10-01,1,journal-article,"Institute of Electrical and Electronics Engineers (IEEE)","Mehiar Dabbagh - Oregon State University; Bechir Hamdaoui - Oregon State University; Ammar Rayes - Cisco Systems (United States); Mohsen Guizani - University of Idaho",,"0000-0002-3253-9321; 0000-0002-6085-4505; 0000-0002-8972-8094; 0000-0003-4171-1530"
"Model Predictive Control of Bidirectional DC–DC Converters and AC/DC Interlinking Converters—A New Control Method for PV-Wind-Battery Microgrids",10.1109/tste.2018.2873390,"IEEE Transactions on Sustainable Energy",2019-10-01,1,journal-article,"Institute of Electrical and Electronics Engineers (IEEE)","Yinghao Shan - Hong Kong Polytechnic University; Jiefeng Hu - Hong Kong Polytechnic University; Ka Wing Chan - Hong Kong Polytechnic University; Qing Fu - Sun Yat-sen University; Josep M Guerrero - Aalborg University",,"0000-0001-6725-4564; 0000-0001-7462-0753; 0000-0001-9261-3012; 0000-0003-1725-1001"
"Scenario Analysis on Energy Consumption and CO2 Emissions Reduction Potential in Building Heating Sector at Community Level",10.3390/su11195392,Sustainability,2019-09-29,1,journal-article,"MDPI AG","Chuan Tian - Shenyang Jianzhu University; Guohui Feng - Shenyang Jianzhu University; Fuqiang Xu - Xi'an Botanical Garden of Shaanxi Province",,0000-0002-3518-7237
"Long-Term Electricity Supply and Demand Forecast (2018–2040): A LEAP Model Application towards a Sustainable Power Generation System in Ecuador",10.3390/su11195316,Sustainability,2019-09-26,1,journal-article,"MDPI AG","Luis Rivera-González - Universidad Politécnica de Madrid; David Bolonio - Universidad Politécnica de Madrid; Luis Felipe Mazadiego - Universidad Politécnica de Madrid; Robert Valencia-Chapi - Universidad Politécnica de Madrid",,"0000-0002-4680-0535; 0000-0002-9166-1861; 0000-0003-1977-2118; 0000-0003-2503-0313"
"Impact of Structural Changes on Energy Efficiency of Finnish Pulp and Paper Industry",10.3390/en12193689,Energies,2019-09-26,2,journal-article,"MDPI AG","Satu Lipiäinen - Lappeenranta-Lahti University of Technology; Esa Vakkilainen - Lappeenranta-Lahti University of Technology; Timo Laukkanen - Aalto University",,
"Climate and air-quality benefits of a realistic phase-out of fossil fuels",10.1038/s41586-019-1554-z,Nature,2019-09-18,48,journal-article,"Springer Nature","Drew Shindell - Duke University; Christopher J Smith - University of Leeds",,
"Electricity shortages and manufacturing productivity in Pakistan",10.1016/j.enpol.2019.05.040,"Energy Policy",2019-09-01,8,journal-article,"Elsevier BV","Corbett Grainger - World Bank; Corbett Grainger - University of Wisconsin–Madison; Fan Zhang - World Bank; Fan Zhang - University of Wisconsin–Madison",,"0000-0001-5789-3725; 0000-0002-3218-2932"
"Greener RAN Operation Through Machine Learning",10.1109/tnsm.2019.2923881,"IEEE Transactions on Network and Service Management",2019-09-01,1,journal-article,"Institute of Electrical and Electronics Engineers (IEEE)","Greta Vallero - Politecnico di Torino; Daniela Renga - Politecnico di Torino; Michela Meo - Politecnico di Torino; Marco Ajmone Marsan - Politecnico di Torino",,"0000-0001-6747-3919; 0000-0001-7403-6266; 0000-0002-6420-231X; 0000-0002-9560-7053"
"Life cycle environmental impacts of wind energy technologies: A review of simplified models and harmonization of the results",10.1016/j.rser.2019.05.019,"Renewable and Sustainable Energy Reviews",2019-09-01,4,journal-article,"Elsevier BV","Barbara Mendecka - University of Florence; Lidia Lombardi - University Niccolò Cusano",,
"Distributed Optimization Algorithm for Residential Flexibility Activation—Results From a Field Test",10.1109/tpwrs.2018.2809440,"IEEE Transactions on Power Systems",2019-09-01,1,journal-article,"Institute of Electrical and Electronics Engineers (IEEE)","Oscar De Somer - Province of Antwerp; T.A.J van Goch - Royal BAM Group (Netherlands)",,0000-0002-4437-4210
"Annual electricity consumption prediction and future expansion analysis on dairy farms using a support vector machine",10.1016/j.apenergy.2019.05.103,"Applied Energy",2019-09-01,1,journal-article,"Elsevier BV","Philip Shine - Munster Technological University; Ted Scully - Munster Technological University; John Upton - Teagasc - The Irish Agriculture and Food Development Authority; Michael D Murphy - Munster Technological University",,"0000-0002-4269-2581; 0000-0002-4387-8580; 0000-0002-6142-8372; 0000-0002-6970-9179"
"How well are energy performance objectives being achieved in renovated apartment buildings in Estonia?",10.1016/j.enbuild.2019.07.006,"Energy and Buildings",2019-09-01,4,journal-article,"Elsevier BV","Anti Hamburg - Tallinn University of Technology; Targo Kalamees - Tallinn University of Technology",,
"Integrated assessment of resource-energy-environment nexus in China's iron and steel industry",10.1016/j.jclepro.2019.05.392,"Journal of Cleaner Production",2019-09-01,4,journal-article,"Elsevier BV","Shaohui Zhang - International Institute for Applied Systems Analysis; Shaohui Zhang - Beihang University; Bowen Yi - Beihang University; Ernst Worrell - Utrecht University; Fabian Wagner - International Institute for Applied Systems Analysis; Wina Crijns-Graus - Utrecht University; Pallav Purohit - International Institute for Applied Systems Analysis; Yoshihide Wada - International Institute for Applied Systems Analysis; Olli Varis - Aalto University",,
"Reducing variability in the cost of energy of ocean energy arrays",10.1016/j.rser.2019.05.032,"Renewable and Sustainable Energy Reviews",2019-09-01,2,journal-article,"Elsevier BV","Vincenzo Nava - Basque Center for Applied Mathematics; Vincenzo Nava - Tecnalia; Adam J Collin - University of Campania ""Luigi Vanvitelli""; David Bould - University of Edinburgh; Francesco Ferri - Aalborg University; Sterling Olson - Sandia National Laboratories; Ann Dallman - Sandia National Laboratories; Jesse Roberts - Sandia National Laboratories; Pablo Ruiz‐Minguela - Tecnalia; Henry Jeffrey - University of Edinburgh",,"0000-0001-9529-1151; 0000-0002-3207-3517; 0000-0002-3277-2780; 0000-0002-8951-7377; 0000-0003-4325-7482; 0009-0005-5176-1867"
"Developing surrogate indicators for predicting suppression of halophenols formation potential and abatement of estrogenic activity during ozonation of water and wastewater",10.1016/j.watres.2019.05.092,"Water Research",2019-09-01,1,journal-article,"Elsevier BV","Yu Huang - State Key Laboratory of Pollution Control and Resource Reuse; Yu Huang - Nanjing University; Shi Cheng - State Key Laboratory of Pollution Control and Resource Reuse; Shi Cheng - Nanjing University; Yaping Wu - State Key Laboratory of Pollution Control and Resource Reuse; Yaping Wu - Nanjing University; Ji Wu - State Key Laboratory of Pollution Control and Resource Reuse; Ji Wu - Nanjing University; Yan Li - State Key Laboratory of Pollution Control and Resource Reuse; Yan Li - Nanjing University; Zongli Huo - Jiangsu Provincial Center for Disease Control and Prevention; Jichun Wu - Nanjing University; Xianchuan Xie - State Key Laboratory of Pollution Control and Resource Reuse; Xianchuan Xie - Nanjing University; Gregory V Korshin - University of Washington; Aimin Li - State Key Laboratory of Pollution Control and Resource Reuse; Aimin Li - Nanjing University; Wentao Li - Nanjing University; Wentao Li - State Key Laboratory of Pollution Control and Resource Reuse",,
"Methodology for generating high time resolution typical meteorological year data for accurate photovoltaic energy yield modelling",10.1016/j.solener.2019.07.069,"Solar Energy",2019-09-01,2,journal-article,"Elsevier BV","Marco Ernst - Australian National University; Jack Gooday - Australian National University",,0000-0003-2556-6943
"Preferences for and potential impacts of financial incentives to install residential rooftop solar photovoltaic systems in Australia",10.1016/j.jclepro.2019.05.133,"Journal of Cleaner Production",2019-09-01,2,journal-article,"Elsevier BV","Kerstin K Zander - Charles Darwin University; Genevieve Simpson - The University of Western Australia; Supriya Mathew - Flinders University; Rabindra Nepal - University of Tasmania; Stephen T Garnett - Charles Darwin University",,
"Developing surrogate ANN for selecting near-optimal building energy renovation methods considering energy consumption, LCC and LCA",10.1016/j.jobe.2019.100790,"Journal of Building Engineering",2019-09-01,2,journal-article,"Elsevier BV","Seyed Amirhosain Sharif - Concordia University; Amin Hammad - Concordia University",,
"Forecasting China's oil consumption: A comparison of novel nonlinear-dynamic grey model (GM), linear GM, nonlinear GM and metabolism GM",10.1016/j.energy.2019.06.139,Energy,2019-09-01,1,journal-article,"Elsevier BV","Qiang Wang - China University of Petroleum, East China; Xiaoxin Song - China University of Petroleum, East China",,"0000-0003-2517-0666; 0000-0003-2648-1490"
"Power variability of tidal-stream energy and implications for electricity supply",10.1016/j.energy.2019.06.181,Energy,2019-09-01,1,journal-article,"Elsevier BV","Matthew Lewis - Bangor University; Simon P Neill - Bangor University; Alice Goward‐Brown - Bangor University; J.L McNAUGHTON - University of Oxford; Concha Márquez-Dominguez - Bangor University; Grazia Todeschini - Swansea University; Michael Togneri - Swansea University; Ian Masters - Swansea University; Matthew Allmark - Cardiff University; Tim Stallard - University of Manchester; Peter Robins - Bangor University",,"0000-0001-7667-6670; 0000-0001-9411-0726; 0000-0001-9503-9845; 0000-0002-1674-3445; 0000-0002-6812-3571; 0000-0002-6820-1680; 0000-0002-6900-5059; 0000-0002-9089-6861; 0000-0003-1692-2950; 0000-0003-2164-1133"
"Energy, exergy, sustainability, and emission analysis of industrial air compressors",10.1016/j.jclepro.2019.05.158,"Journal of Cleaner Production",2019-09-01,1,journal-article,"Elsevier BV","Jefferson dos Santos Mascarenhas - Universidade Salvador; Hemal Chowdhury - Chittagong University of Engineering & Technology; Tamal Chowdhury - Chittagong University of Engineering & Technology; R Saidur - Sunway University; R Saidur - American University of Ras Al Khaimah",,"0000-0001-6291-4236; 0000-0001-8975-7752; 0000-0002-0513-7781"
"Induced Energy-Saving Efficiency Improvements Amplify Effectiveness of Climate Change Mitigation",10.1016/j.joule.2019.07.024,Joule,2019-09-01,3,journal-article,"Elsevier BV","Rong Wang - Shanghai Institute of Pollution Control and Ecological Security; Rong Wang - Fudan University; Rong Wang - Carnegie Institution for Science; Harry D Saunders - Carnegie Institution for Science; Juan Moreno‐Cruz - University of Waterloo; Ken Caldeira - Carnegie Institution for Science",,
"Rural electrification through mini-grids: Challenges ahead",10.1016/j.enpol.2019.05.016,"Energy Policy",2019-09-01,16,journal-article,"Elsevier BV","Jörg Peters - RWI – Leibniz Institute for Economic Research; Jörg Peters - University of Passau; Maximiliane Sievert - RWI – Leibniz Institute for Economic Research; Michael Toman - World Bank",,
"Predicting residential energy consumption using CNN-LSTM neural networks",10.1016/j.energy.2019.05.230,Energy,2019-09-01,3,journal-article,"Elsevier BV","Tae Young Kim - Yonsei University; Sung-Bae Cho - Yonsei University",,
"Trust-less electricity consumption optimization in local energy communities",10.1186/s42162-019-0090-2,"Energy Informatics",2019-09-01,1,journal-article,"Springer Nature","Fabian Knirsch - Fachhochschule Salzburg; Oliver Langthaler - Fachhochschule Salzburg; Dominik Engel - Fachhochschule Salzburg",,"0000-0002-0946-2426; 0000-0002-6346-5759"
"Occupant behavior in identical residential buildings: A case study for occupancy profiles extraction and application to building performance simulation",10.1007/s12273-019-0573-x,"Building Simulation",2019-08-27,2,journal-article,"Springer Nature","Antonio Muroni - Eindhoven University of Technology; Isabella Gaetani - Eindhoven University of Technology; Pieter-Jan Hoes - Eindhoven University of Technology; Jlm Jan Hensen - Eindhoven University of Technology",,"0000-0002-7528-4234; 0000-0002-8092-8751"
"The Effect of Balcony Thermal Breaks on Building Thermal and Energy Performance: Field Experiments and Energy Simulations in Chicago, IL",10.3390/buildings9090190,Buildings,2019-08-22,2,journal-article,"MDPI AG","Irina Susorova - Illinois Institute of Technology; Irina Susorova - Cyclone Energy Group (United States); Brent Stephens - Illinois Institute of Technology; Benjamin Skelton - Cyclone Energy Group (United States)",,
"Planning for sustainable cities by estimating building occupancy with mobile phones",10.1038/s41467-019-11685-w,"Nature Communications",2019-08-19,4,journal-article,"Springer Nature","Edward Barbour - IIT@MIT; Siddharth Gupta - IIT@MIT; Jasleen Kaur - IPS Research (United States); Jasleen Kaur - Philips (United States); Marta C González - Lawrence Berkeley National Laboratory",,"0000-0002-1947-9360; 0000-0002-4000-5637; 0000-0002-9990-4928"
"Assessment of the Brazilian Market for Products by Carbon Dioxide Conversion",10.3389/fenrg.2019.00075,"Frontiers in Energy Research",2019-08-07,5,journal-article,"Frontiers Media SA","Kelvin André Pacheco - Universidade de São Paulo; Alessandra Reis - Universidade de São Paulo; Antônio E Bresciani - Universidade de São Paulo; Cláudio Augusto Oller do Nascimento - Universidade de São Paulo; Rita M.B Alves - Universidade de São Paulo",,
"EU Carbon Emissions Market Development and Its Impact on Penetration of Renewables in the Power Sector",10.3390/en12152961,Energies,2019-08-01,3,journal-article,"MDPI AG","Marcin Rabe - University of Szczecin; Dalia Štreimikienė - Vilnius University; Yuriy Bilan - Trencianska Univerzita Alexandra Dubceka V Trencine",,
"Sector-wide social impact scoping of agrivoltaic systems: A case study in Japan",10.1016/j.renene.2019.02.048,"Renewable Energy",2019-08-01,1,journal-article,"Elsevier BV","Noriko Irie - Ehime University; Naoko Kawahara - Kindai University",,0000-0002-0841-3403
"Techno-economic optimization and social costs assessment of microgrid-conventional grid integration using genetic algorithm and Artificial Neural Networks: A case study for two US cities",10.1016/j.jclepro.2019.05.005,"Journal of Cleaner Production",2019-08-01,3,journal-article,"Elsevier BV","Prashant Nagapurkar - Missouri University of Science and Technology; J D Smith - Missouri University of Science and Technology",,
"Ecosystem maintenance energy and the need for a green EROI",10.1016/j.enpol.2019.05.006,"Energy Policy",2019-08-01,3,journal-article,"Elsevier BV","Patrick Moriarty - Monash University; Damon Honnery - Monash University",,
"Impact of China-Pakistan economic corridor on Pakistan's future energy consumption and energy saving potential: Evidence from sectoral time series analysis",10.1016/j.esr.2019.04.015,"Energy Strategy Reviews",2019-08-01,1,journal-article,"Elsevier BV","Faisal Mehmood Mirza - University of Gujrat; Nishat Fatima - University of Gujrat; Kafait Ullah - National University of Sciences and Technology",,"0000-0002-5762-9358; 0000-0003-1813-9695"
"A 1-dimensional continuous and smooth model for thermally stratified storage tanks including mixing and buoyancy",10.1016/j.apenergy.2019.04.139,"Applied Energy",2019-08-01,1,journal-article,"Elsevier BV","Jesus Lago - Delft University of Technology; Bart De Schutter - Delft University of Technology",,"0000-0001-8565-0763; 0000-0001-9867-6196"
"Forecasting the Impact of Connected and Automated Vehicles on Energy Use: A Microeconomic Study of Induced Travel and Energy Rebound",10.1016/j.apenergy.2019.03.174,"Applied Energy",2019-08-01,19,journal-article,"Elsevier BV","Morteza Taiebat - University of Michigan; Samuel Stolper - University of Michigan; Ming Xu - University of Michigan",,
"Bayesian parameterisation of a regional photovoltaic model – Application to forecasting",10.1016/j.solener.2019.06.053,"Solar Energy",2019-08-01,2,journal-article,"Elsevier BV","Yves‐Marie Saint‐Drenan - Centre Observation, Impacts, Énergie; S Vogt - Fraunhofer Institute for Energy Economics and Energy System Technology; Sven Killinger - Fraunhofer Institute for Solar Energy Systems; Rafael Fritz - Fraunhofer Institute for Energy Economics and Energy System Technology; Roland Potthast - University of Reading; Roland Potthast - Deutscher Wetterdienst",,"0000-0001-6794-2500; 0000-0002-3230-8822; 0000-0003-1471-1092"
"The role and costs of large-scale heat pumps in decarbonising existing district heating networks – A case study for the city of Herten in Germany",10.1016/j.energy.2019.05.122,Energy,2019-08-01,2,journal-article,"Elsevier BV","Eftim Popovski - Fraunhofer Institute for Systems and Innovation Research; Eftim Popovski - Institute for Resource Efficiency and Energy Strategies; Ali Aydemir - Fraunhofer Institute for Systems and Innovation Research; Tobias Fleiter - Fraunhofer Institute for Systems and Innovation Research; Daniel Bellstädt - Fraunhofer Institute for Systems and Innovation Research; Richard Büchele - TU Wien; Jan Steinbach - Fraunhofer Institute for Systems and Innovation Research; Jan Steinbach - Institute for Resource Efficiency and Energy Strategies",,
"Towards feasibility of photovoltaic road for urban traffic-solar energy estimation using street view image",10.1016/j.jclepro.2019.04.262,"Journal of Cleaner Production",2019-08-01,1,journal-article,"Elsevier BV","Ziyu Liu - Wuhan University; Anqi Yang - Wuhan University; Mengyao Gao - Wuhan University; Hong Jiang - Wuhan University; Yuhao Kang - University of Wisconsin–Madison; Yuhao Kang - Wuhan University; Yuhao Kang - Massachusetts Institute of Technology; Fan Zhang - Massachusetts Institute of Technology; Teng Fei - Wuhan University",,"0000-0002-1915-2931; 0000-0002-3415-1654; 0000-0002-3643-018X; 0000-0002-7171-8672; 0000-0003-0321-9801; 0000-0003-3810-9450"
"Are electrofuels a sustainable transport fuel? Analysis of the effect of controls on carbon, curtailment, and cost of hydrogen",10.1016/j.apenergy.2019.04.060,"Applied Energy",2019-08-01,12,journal-article,"Elsevier BV","Shane McDonagh - University College Cork; Shane McDonagh - Cork’s Technology Network; Paul Deane - University College Cork; Karthik Rajendran - SRM University; Karthik Rajendran - University College Cork; Jerry D Murphy - University College Cork",,
"A Two-Layer Nonlinear Combination Method for Short-Term Wind Speed Prediction Based on ELM, ENN, and LSTM",10.1109/jiot.2019.2913176,"IEEE Internet of Things Journal",2019-08-01,1,journal-article,"Institute of Electrical and Electronics Engineers (IEEE)","Min-Rong Chen - South China Normal University; Guo‐Qiang Zeng - Wenzhou University; Kang‐Di Lu - Donghua University; Jian Weng - Jinan University",,
"Exploiting Scalable Machine-Learning Distributed Frameworks to Forecast Power Consumption of Buildings",10.3390/en12152933,Energies,2019-07-31,1,journal-article,"MDPI AG","Tania Cerquitelli - Politecnico di Torino; Giovanni Malnati - Politecnico di Torino; Daniele Apiletti - Politecnico di Torino",,
"Pore-pressure diffusion, enhanced by poroelastic stresses, controls induced seismicity in Oklahoma",10.1073/pnas.1819225116,"Proceedings of the National Academy of Sciences",2019-07-29,4,journal-article,"Proceedings of the National Academy of Sciences","Guang Zhai - Arizona State University; Guang Zhai - Planetary Science Institute; Guang Zhai - University of California, Berkeley; Manoochehr Shirzaei - Arizona State University; Michael Manga - Planetary Science Institute; Michael Manga - University of California, Berkeley; Xiaowei Chen - University of Oklahoma",,
"Electricity Forecasting Improvement in a Destination Using Tourism Indicators",10.3390/su11133656,Sustainability,2019-07-03,2,journal-article,"MDPI AG","Óscar Trull - Universitat Politècnica de València; Ángel Peiró‐Signes - Universitat Politècnica de València; J Carlos Garcı́a-Dı́az - Universitat Politècnica de València",,"0000-0002-1549-6972; 0000-0002-5559-7110; 0000-0003-2896-8606"
"Who can drive electric? Segmentation of car drivers based on longitudinal GPS travel data",10.1016/j.enpol.2019.03.048,"Energy Policy",2019-07-01,1,journal-article,"Elsevier BV","Mariya Sodenkamp - University of Bamberg; Jürgen Wenig - University of Bamberg; Frédéric Thiesse - University of Würzburg; Thorsten Staake - University of Bamberg",,"0000-0002-1681-8064; 0000-0002-7718-8406"
"Modelling carbon emission intensity: Application of artificial neural network",10.1016/j.jclepro.2019.03.352,"Journal of Cleaner Production",2019-07-01,1,journal-article,"Elsevier BV","Alex O Acheampong - University of Newcastle Australia; Emmanuel B Boateng - University of Newcastle Australia",,"0000-0002-5462-5466; 0000-0002-6434-0085"
"Towards sustainability of lactic acid and poly-lactic acid polymers production",10.1016/j.rser.2019.03.050,"Renewable and Sustainable Energy Reviews",2019-07-01,1,journal-article,"Elsevier BV","Aleksandra Djukić‐Vuković - University of Belgrade; Dragana Mladenović - University of Belgrade; Jasna Ivanović - University of Belgrade; Jelena Pejin - University of Novi Sad; Ljiljana Mojović - University of Belgrade",,
"A Copula-Based Conditional Probabilistic Forecast Model for Wind Power Ramps",10.1109/tsg.2018.2841932,"IEEE Transactions on Smart Grid",2019-07-01,3,journal-article,"Institute of Electrical and Electronics Engineers (IEEE)","Mingjian Cui - The University of Texas at Dallas; Venkat Krishnan - National Laboratory of the Rockies; Bri‐Mathias Hodge - National Laboratory of the Rockies; Jie Zhang - The University of Texas at Dallas",,"0000-0001-7478-5670; 0000-0001-8684-0534; 0000-0002-3047-5141; 0000-0002-7788-0670"
"Wind Field Reconstruction Using Inverse Process With Optimal Sensor Placement",10.1109/tste.2018.2865512,"IEEE Transactions on Sustainable Energy",2019-07-01,1,journal-article,"Institute of Electrical and Electronics Engineers (IEEE)","Shanxun Sun - North China Electric Power University; Liu Shi - North China Electric Power University; Jing Liu - Institute of Electrical Engineering; H Iñaki Schlaberg - North China Electric Power University",,"0000-0001-9297-685X; 0000-0002-0844-5296; 0000-0002-5058-7968"
"Data Mining Climate Variability as an Indicator of U.S. Natural Gas",10.3389/fdata.2019.00020,"Frontiers in Big Data",2019-06-20,1,journal-article,"Frontiers Media SA","Jacob Stuivenvolt‐Allen - Utah State University; Simon S.-Y Wang - Utah State University",,0000-0002-2611-284X
"Forecasting of Coal Demand in China Based on Support Vector Machine Optimized by the Improved Gravitational Search Algorithm",10.3390/en12122249,Energies,2019-06-12,2,journal-article,"MDPI AG","Yanbin Li - North China Electric Power University; Zhen Li - North China Electric Power University",,
"Machine learning in energy economics and finance: A review",10.1016/j.eneco.2019.05.006,"Energy Economics",2019-06-01,2,journal-article,"Elsevier BV","Hamed Ghoddusi - Stevens Institute of Technology; Germán G Creamer - Stevens Institute of Technology",,0000-0002-3159-5153
"Long-term electricity load forecasting: Current and future trends",10.1016/j.jup.2019.04.001,"Utilities Policy",2019-06-01,1,journal-article,"Elsevier BV","Karen Byskov Lindberg - Norwegian University of Science and Technology; Karen Byskov Lindberg - SINTEF; Pernille Seljom - Institute for Energy Technology; David S Fischer - Fraunhofer Institute for Solar Energy Systems; Magnus Korpås - Norwegian University of Science and Technology",,"0000-0001-5055-3912; 0000-0002-1293-7656; 0000-0002-3124-1056; 0000-0003-1154-1964"
"Insights into residential EV charging behavior using energy meter data",10.1016/j.enpol.2019.02.049,"Energy Policy",2019-06-01,5,journal-article,"Elsevier BV","Jae D Kim - University of San Diego",,
"Using willingness to pay to forecast the adoption of solar photovoltaics: A “parameterization + calibration” approach",10.1016/j.enpol.2019.02.017,"Energy Policy",2019-06-01,6,journal-article,"Elsevier BV","Changgui Dong - Renmin University of China; Ben Sigrin - National Laboratory of the Rockies",,
"A novel system for ammonia-based sustainable energy and agriculture: Concept and design optimization",10.1016/j.cep.2019.04.005,"Chemical Engineering and Processing: Process Intensification",2019-06-01,1,journal-article,"Elsevier BV","Matthew J Palys - University of Minnesota; Anatoliy Kuznetsov - University of Minnesota; Joel Tallaksen - University of Minnesota Morris; Michael Reese - University of Minnesota Morris; Pródromos Daoutidis - University of Minnesota",,
"Technological direction prediction for battery electric bus under influence of China's new subsidy scheme",10.1016/j.jclepro.2019.02.249,"Journal of Cleaner Production",2019-06-01,1,journal-article,"Elsevier BV","Jiuyu Du - Tsinghua University; Minggao Ouyang - Tsinghua University; Xiaogang Wu - Harbin University of Science and Technology; Xiaogang Wu - Tsinghua University; Jianqiu Li - Tsinghua University; Feiqiang Li - Tsinghua University; Ziyou Song - Tsinghua University",,"0000-0002-1830-0437; 0000-0002-8981-1445; 0000-0003-0303-3230; 0000-0003-3164-5234"
"Design and optimization of power hubs for Brazilian off-shore oil production units",10.1016/j.energy.2019.04.022,Energy,2019-06-01,1,journal-article,"Elsevier BV","Jorge A Vidoza - Universidade Estadual de Campinas (UNICAMP); Jesper Graa Andreasen - Technical University of Denmark; Fredrik Haglind - Technical University of Denmark; Max Reis - Universidade Estadual de Campinas (UNICAMP); Waldyr Luiz Ribeiro Gallo - Universidade Estadual de Campinas (UNICAMP)",,"0000-0001-8970-9769; 0000-0002-1127-5259; 0000-0003-1284-1096; 0000-0003-4086-8325"
"Optimal design of phase change material storage for steam production using annual simulation",10.1016/j.solener.2019.04.077,"Solar Energy",2019-06-01,5,journal-article,"Elsevier BV","Prashant Sharan - National Laboratory of the Rockies; Craig Turchi - National Laboratory of the Rockies; Parthiv Kurup - National Laboratory of the Rockies",,
"Modelling electric and heat load profiles of non-residential buildings for use in long-term aggregate load forecasts",10.1016/j.jup.2019.03.004,"Utilities Policy",2019-06-01,11,journal-article,"Elsevier BV","Karen Byskov Lindberg - SINTEF; Karen Byskov Lindberg - Norwegian University of Science and Technology; Steffen J Bakker - Norwegian University of Science and Technology; Igor Sartori - SINTEF",,
"Impact of land requirements on electricity system decarbonisation pathways",10.1016/j.enpol.2019.01.071,"Energy Policy",2019-06-01,1,journal-article,"Elsevier BV","Kevin Palmer-Wilson - University of Victoria; James Donald - University of Victoria; Bryson Robertson - Oregon State University; B Lyseng - University of Victoria; Victor Keller - University of Victoria; McKenzie Fowler - University of Victoria; Cameron Wade - University of Victoria; Sven Scholtysik - University of Victoria; Peter Wild - University of Victoria; Andrew Rowe - University of Victoria",,
"Predictive Thermal Management for Energy-Efficient Execution of Concurrent Applications on Heterogeneous Multicores",10.1109/tvlsi.2019.2896776,"IEEE Transactions on Very Large Scale Integration (VLSI) Systems",2019-06-01,1,journal-article,"Institute of Electrical and Electronics Engineers (IEEE)","Eduardo Wächter - University of Southampton; Cédric de Bellefroid - University of Southampton; Karunakar Reddy Basireddy - University of Southampton; Amit Kumar Singh - University of Essex; Bashir M Al‐Hashimi - University of Southampton; Geoff V Merrett - University of Southampton",,"0000-0001-9755-1041; 0000-0002-3591-1328; 0000-0002-4014-5891; 0000-0003-2056-0569; 0000-0003-4980-3894"
"Even for the environment, context matters! States, households, and residential energy consumption",10.1088/1748-9326/ab1abf,"Environmental Research Letters",2019-05-31,17,journal-article,"IOP Publishing","Lazarus Adua - University of Utah; Brett Clark - University of Utah",,
"The Role of Large Dams in Promoting Economic Development under the Pressure of Population Growth",10.3390/su11102965,Sustainability,2019-05-24,4,journal-article,"MDPI AG","Haiyun Shi - Southern University of Science and Technology; Chen Ji - University of Hong Kong; Suning Liu - Southern University of Science and Technology; Bellie Sivakumar - UNSW Sydney; Bellie Sivakumar - Indian Institute of Technology Bombay; Bellie Sivakumar - Tsinghua University",,
"An Optimal-Control Scheme for Coordinated Surplus-Heat Exchange in Industry Clusters",10.3390/en12101877,Energies,2019-05-16,1,journal-article,"MDPI AG","Brage Rugstad Knudsen - SINTEF; Hanne Kauko - SINTEF; Trond Andresen - SINTEF",,
"Unintended consequences of cap-and-trade? Evidence from the Regional Greenhouse Gas Initiative",10.1016/j.eneco.2019.01.007,"Energy Economics",2019-05-01,6,journal-article,"Elsevier BV","Nathan W Chan - University of Massachusetts Amherst; John W Morrow - TD Bank",,
"Investigating structural and occupant drivers of annual residential electricity consumption using regularization in regression models",10.1016/j.energy.2019.01.157,Energy,2019-05-01,1,journal-article,"Elsevier BV","Aven Satre-Meloy - University of Oxford",,0000-0002-3224-4574
"Global impacts of recent IMO regulations on marine fuel oil refining processes and ship emissions",10.1016/j.trd.2019.04.001,"Transportation Research Part D: Transport and Environment",2019-05-01,5,journal-article,"Elsevier BV","Thuy Chu Van - Queensland University of Technology; Thuy Chu Van - Vietnam Maritime University; Jerome Ramirez - Queensland University of Technology; Thomas J Rainey - Queensland University of Technology; Zoran Ristovski - Queensland University of Technology; Richard Brown - Queensland University of Technology",,
"Development of a surrogate model by extracting top characteristic feature vectors for building energy prediction",10.1016/j.jobe.2018.12.018,"Journal of Building Engineering",2019-05-01,1,journal-article,"Elsevier BV","Sai Abhilash Reddy Sangireddy - International Institute of Information Technology, Hyderabad; Aviruch Bhatia - International Institute of Information Technology, Hyderabad; Vishal Garg - International Institute of Information Technology, Hyderabad",,"0000-0002-2236-4783; 0000-0002-2599-2785"
"Relative evaluation of regression tools for urban area electrical energy demand forecasting",10.1016/j.jclepro.2019.01.108,"Journal of Cleaner Production",2019-05-01,3,journal-article,"Elsevier BV","Nils Jakob Johannesen - University of Agder; Mohan Lal Kolhe - University of Agder; Morten Goodwin - University of Agder",,
"Another look at the energy-growth nexus: New insights from MIDAS regressions",10.1016/j.energy.2019.02.138,Energy,2019-05-01,1,journal-article,"Elsevier BV","Afees A Salisu - Ton Duc Thang University; Ahamuefula E Ogbonna - University of Ibadan",,"0000-0002-9127-5231; 0000-0003-0619-6545"
"Energy efficiency in the German residential housing market: Its influence on tenants and owners",10.1016/j.enpol.2019.01.052,"Energy Policy",2019-05-01,4,journal-article,"Elsevier BV","Melanie Franke - RWTH Aachen University; Claudia Nadler - RWTH Aachen University",,
"Strategies for minimizing building energy performance gaps between the design intend and the reality",10.1016/j.enbuild.2019.03.013,"Energy and Buildings",2019-05-01,2,journal-article,"Elsevier BV","Patrick X.W Zou - Swinburne University of Technology; Dipika Wagle - Swinburne University of Technology; Morshed Alam - Swinburne University of Technology",,
"ASEAN grid flexibility: Preparedness for grid integration of renewable energy",10.1016/j.enpol.2019.01.025,"Energy Policy",2019-05-01,4,journal-article,"Elsevier BV","Yu Huang - University of California, Berkeley; Noah Kittner - University of California, Berkeley; Noah Kittner - ETH Zurich; Daniel M Kammen - University of California, Berkeley",,"0000-0002-3449-7823; 0000-0003-1500-0989; 0000-0003-2984-7777"
"Coupling computational fluid dynamics with the high resolution rapid refresh model for forecasting dynamic line ratings",10.1016/j.epsr.2019.01.035,"Electric Power Systems Research",2019-05-01,2,journal-article,"Elsevier BV","Alexander W Abboud - Idaho National Laboratory; Kenneth R Fenton - Cooperative Institute for Research in Environmental Sciences; Kenneth R Fenton - National Oceanic and Atmospheric Administration; Jacob P Lehmer - Idaho National Laboratory; Benjamin A Fehringer - Idaho National Laboratory; Jake Gentle - Idaho National Laboratory; Timothy McJunkin - Idaho National Laboratory; Katya Le Blanc - Idaho National Laboratory; Melissa A Petty - National Oceanic and Atmospheric Administration; Melissa A Petty - Cooperative Institute for Research in Environmental Sciences; Matthew S Wandishin - Cooperative Institute for Research in Environmental Sciences; Matthew S Wandishin - National Oceanic and Atmospheric Administration",,"0000-0001-6789-0077; 0000-0002-4987-9170; 0000-0002-5893-7918; 0000-0002-9480-3263; 0000-0003-2773-1105"
"Thermodynamic modelling of BFS-PC cements under temperature conditions relevant to the geological disposal of nuclear wastes",10.1016/j.cemconres.2019.02.005,"Cement and Concrete Research",2019-05-01,1,journal-article,"Elsevier BV","Dale P Prentice - University of Sheffield; Brant Walkley - University of Sheffield; Susan A Bernal - University of Leeds; Susan A Bernal - University of Sheffield; Mark Bankhead - National Nuclear Laboratory; Martin A Hayes - National Nuclear Laboratory; John L Provis - University of Sheffield",,"0000-0002-2640-8464; 0000-0002-4980-8751; 0000-0002-9647-3106; 0000-0003-0398-4167; 0000-0003-1069-1362; 0000-0003-3372-8922"
"Electricity infrastructure vulnerabilities due to long-term growth and extreme heat from climate change in Los Angeles County",10.1016/j.enpol.2018.12.053,"Energy Policy",2019-05-01,16,journal-article,"Elsevier BV","Daniel Burillo - Arizona State University; Mikhail Chester - Arizona State University; Stéphanie Pincetl - University of California, Los Angeles; Eric Daniel Fournier - University of California, Los Angeles",,
"Modelling and forecasting hourly electricity demand in West African countries",10.1016/j.apenergy.2019.03.057,"Applied Energy",2019-05-01,4,journal-article,"Elsevier BV","Omotola Adeoye - Energy Institute; Omotola Adeoye - University College London; Catalina Spataru - Energy Institute; Catalina Spataru - University College London",,
"Review of Smart Meter Data Analytics: Applications, Methodologies, and Challenges",10.1109/tsg.2018.2818167,"IEEE Transactions on Smart Grid",2019-05-01,5,journal-article,"Institute of Electrical and Electronics Engineers (IEEE)","Yi Wang - Tsinghua University; Qixin Chen - Tsinghua University; Tao Hong - University of North Carolina at Charlotte; Chongqing Kang - Tsinghua University",,
"Efficient resource provisioning for elastic Cloud services based on machine learning techniques",10.1186/s13677-019-0128-9,"Journal of Cloud Computing: Advances, Systems and Applications",2019-04-16,1,journal-article,"Springer Nature","Rafael Moreno‐Vozmediano - Universidad Complutense de Madrid; Rubén Montero - Universidad Complutense de Madrid; Eduardo Huedo - Universidad Complutense de Madrid; Ignacio M Llórente - Harvard University",,"0000-0001-6230-8180; 0000-0001-9723-8100; 0000-0002-2227-2491; 0000-0003-2591-1719"
"Opportunities to improve energy use in urban wastewater treatment: a European-scale analysis",10.1088/1748-9326/ab0b54,"Environmental Research Letters",2019-04-12,27,journal-article,"IOP Publishing","Daniele Ganora - Joint Research Centre; Daniele Ganora - Politecnico di Torino; Almudena Hospido - Universidade de Santiago de Compostela; Jörg Krampe - TU Wien; Christian Loderer - Berlin Centre of Competence for Water; Stefano B Longo - Universidade de Santiago de Compostela; Lucas Moragas Bouyat - Agencia Catalana de L'Aigua; Nathan Obermaier - German Environment Agency; Alberto Pistocchi - Joint Research Centre",,
"Evaluation Method for the Hourly Average CO2eq. Intensity of the Electricity Mix and Its Application to the Demand Response of Residential Heating",10.3390/en12071345,Energies,2019-04-08,2,journal-article,"MDPI AG","John Clauß - Norwegian University of Science and Technology; Sebastian Stinner - Norwegian University of Science and Technology; Karen Byskov Lindberg - Norwegian University of Science and Technology; Karen Byskov Lindberg - SINTEF; Henrik Madsen - Technical University of Denmark; Laurent Georges - Norwegian University of Science and Technology",,
"Overheating risk in Passivhaus dwellings",10.1177/0143624419842006,"Building Services Engineering Research and Technology",2019-04-08,6,journal-article,"SAGE Publications","Rachel Mitchell - University of Bath; Sukumar Natarajan - University of Bath",,
"From goals to joules: A quantitative approach of interlinkages between energy and the Sustainable Development Goals",10.1016/j.erss.2018.11.016,"Energy Research & Social Science",2019-04-01,5,journal-article,"Elsevier BV","Wayan G Santika - Jakarta State Polytechnic; Wayan G Santika - Murdoch University; M Anisuzzaman - Murdoch University; Parisa A Bahri - Murdoch University; GM Shafiullah - Murdoch University; Gloria V Rupf - Murdoch University; Tania Urmee - Murdoch University",,
"Using electrical energy storage in residential buildings – Sizing of battery and photovoltaic panels based on electricity cost optimization",10.1016/j.apenergy.2019.02.021,"Applied Energy",2019-04-01,1,journal-article,"Elsevier BV","Juha Koskela - Tampere University; Antti Rautiainen - Tampere University; Pertti Järventausta - Tampere University",,"0000-0001-7898-3746; 0000-0002-7191-4825; 0000-0003-2718-3524"
"Forecasting annual natural gas consumption using socio-economic indicators for making future policies",10.1016/j.energy.2019.02.130,Energy,2019-04-01,1,journal-article,"Elsevier BV","Doruk Şen - Istanbul Bilgi University; M Erdem Günay - Istanbul Bilgi University; K.M Murat Tunç - Istanbul Bilgi University",,"0000-0003-0091-0234; 0000-0003-1282-718X; 0000-0003-3353-5952"
"Large-scale demonstration of precise demand response provided by residential heat pumps",10.1016/j.apenergy.2019.01.202,"Applied Energy",2019-04-01,3,journal-article,"Elsevier BV","Fabian L Müller - ETH Zurich; Fabian L Müller - IBM Research - Zurich; Bernard J Jansen - IBM Research - Zurich",,0000-0002-6468-6609
"A clean energy assessment of early adopters in electric vehicle and solar photovoltaic technology: Geospatial, political and socio-demographic trends in New York",10.1016/j.jclepro.2018.12.208,"Journal of Cleaner Production",2019-04-01,1,journal-article,"Elsevier BV","Kathleen Araújo - Boise State University; Jean Boucher - University of British Columbia; Omkar Aphale - Stony Brook University",,"0000-0001-9089-8093; 0000-0003-4121-7524"
"Improved flexibility and economics of Calcium Looping power plants by thermochemical energy storage",10.1016/j.ijggc.2019.01.023,"International Journal of Greenhouse Gas Control",2019-04-01,2,journal-article,"Elsevier BV","Marco Astolfi - Politecnico di Milano; Edoardo De Lena - Politecnico di Milano; Matteo C Romano - Politecnico di Milano",,"0000-0001-6311-8362; 0000-0002-6729-1530; 0000-0003-0213-2245"
"Theoretical and experimental performance of a two-stage (50X) hybrid spectrum splitting solar collector tested to 600 °C",10.1016/j.apenergy.2019.01.172,"Applied Energy",2019-04-01,2,journal-article,"Elsevier BV","Bennett Widyolar - University of California, Merced; Lun Jiang - University of California, Merced; Jonathan Ferry - University of California, Merced; Roland Winston - University of California, Merced; Alexander P Kirk - MicroLink Devices (United States); M.L Osowski - MicroLink Devices (United States); David Cygan - Gas Technology Institute; Hamid Abbasi - Gas Technology Institute",,"0000-0002-1492-4541; 0000-0002-9535-8659; 0009-0001-0492-0520"
"Decentralized wind uncertainty management: Alternating direction method of multipliers based distributionally-robust chance constrained optimal power flow",10.1016/j.apenergy.2019.01.259,"Applied Energy",2019-04-01,2,journal-article,"Elsevier BV","Xin Fang - National Laboratory of the Rockies; Bri‐Mathias Hodge - National Laboratory of the Rockies; Huaiguang Jiang - National Laboratory of the Rockies; Yingchen Zhang - National Laboratory of the Rockies",,
"Demonstration of 99% CO2 removal from coal flue gas by amine scrubbing",10.1016/j.ijggc.2019.02.013,"International Journal of Greenhouse Gas Control",2019-04-01,1,journal-article,"Elsevier BV","Tianyu Gao - The University of Texas at Austin; Joseph Selinger - The University of Texas at Austin; Gary T Rochelle - The University of Texas at Austin",,"0000-0002-4222-0007; 0000-0003-2887-356X"
"Integrated decision-support methodology for combined centralized-decentralized waste-to-energy management systems design",10.1016/j.rser.2018.12.020,"Renewable and Sustainable Energy Reviews",2019-04-01,1,journal-article,"Elsevier BV","Elizaveta Kuznetsova - Polytechnique Montréal; Michel‐Alexandre Cardin - Imperial College London",,
"A voyage with minimal fuel consumption for cruise ships",10.1016/j.jclepro.2019.01.032,"Journal of Cleaner Production",2019-04-01,2,journal-article,"Elsevier BV","Jianqin Zheng - China University of Petroleum, Beijing; Haoran Zhang - The University of Tokyo; Yin Long - The University of Tokyo; Yongtu Liang - China University of Petroleum, Beijing; Bohong Wang - China University of Petroleum, Beijing; Zhengbing Li - China University of Petroleum, Beijing; Xuan Song - National Institute of Advanced Industrial Science and Technology; Xuan Song - The University of Tokyo; Yu Zhang - Hong Kong University of Science and Technology; Yu Zhang - University of Hong Kong",,"0000-0001-8069-6826; 0000-0001-8815-3877; 0000-0002-4641-0641; 0000-0002-6761-9735; 0000-0003-1206-475X; 0000-0003-4042-7888"
"Predicting intra-day load profiles under time-of-use tariffs using smart meter data",10.1016/j.energy.2019.01.037,Energy,2019-04-01,1,journal-article,"Elsevier BV","Yohei Kiguchi - University of Cambridge; Yong Heo - Korea University; Melvyn Weeks - University of Cambridge; Ruchi Choudhary - Turing Institute; Ruchi Choudhary - University of Cambridge",,
"Forecasting Indonesia's electricity load through 2030 and peak demand reductions from appliance and lighting efficiency",10.1016/j.esd.2019.01.001,"Energy for Sustainable Development",2019-04-01,5,journal-article,"Elsevier BV","Michael A McNeil - Lawrence Berkeley National Laboratory; Nihan Karalı - Lawrence Berkeley National Laboratory; Virginie Letschert - Lawrence Berkeley National Laboratory",,
"Renewable Energy Cooperatives as a Stimulating Factor in Household Energy Savings",10.3390/en12071188,Energies,2019-03-27,4,journal-article,"MDPI AG","Thomas Hoppe - Delft University of Technology; Frans Coenen - University of Twente; Maria T Bekendam - Tilburg University",,"0000-0001-7211-1963; 0000-0002-0770-4858; 0000-0003-1709-0228"
"Modeling the Effect of Power Consumption in Automated Driving Systems on Vehicle Energy Efficiency for Real-World Driving in California",10.1177/0361198119835508,"Transportation Research Record: Journal of the Transportation Research Board",2019-03-19,3,journal-article,"SAGE Publications","Karim Hamza - Toyota Research Institute; John E Willard - Toyota Research Institute; Kang-Ching Chu - Toyota Research Institute; Kenneth P Laberteaux - Toyota Research Institute",,
"An Artificial Neural Network Approach to Forecast the Environmental Impact of Data Centers",10.3390/info10030113,Information,2019-03-14,1,journal-article,"MDPI AG","João Ferreira - Universidade Federal de Pernambuco; Gustavo Callou - Universidade Federal Rural de Pernambuco; Albert Josua - Universidade Federal do Amazonas; Dietmar Tutsch - University of Wuppertal; Paulo Maciel - Universidade Federal de Pernambuco",,
"Including Wind Power Generation in Brazil’s Long-Term Optimization Model for Energy Planning",10.3390/en12050826,Energies,2019-03-02,1,journal-article,"MDPI AG","Paula Maçaira - Pontifícia Universidade Católica do Rio de Janeiro; Yasmin Monteiro Cyrillo - Pontifícia Universidade Católica do Rio de Janeiro; Fernando Luiz Cyrino Oliveira - Pontifícia Universidade Católica do Rio de Janeiro; Reinaldo Castro Souza - Pontifícia Universidade Católica do Rio de Janeiro",,"0000-0001-6235-8006; 0000-0002-0210-3703; 0000-0003-1870-9440"
"Cycling investment expedience: Energy expenditure based Cost-Path Analysis of national census bicycle commuting data",10.1016/j.tra.2019.01.019,"Transportation Research Part A: Policy and Practice",2019-03-01,1,journal-article,"Elsevier BV","Tadej Brezina - TU Wien; Guenter Emberger - TU Wien",,"0000-0002-4703-8327; 0000-0003-4865-9472"
"Deep learning framework to forecast electricity demand",10.1016/j.apenergy.2019.01.113,"Applied Energy",2019-03-01,4,journal-article,"Elsevier BV","Jatin Bedi - Indian Institute of Technology Roorkee; Durga Toshniwal - Indian Institute of Technology Roorkee",,
"Assessment of the Performance of a Nuclear–Hydrogen Power Generation System",10.1134/s0040601519030017,"Thermal Engineering",2019-03-01,2,journal-article,"Pleiades Publishing Ltd","Р З Аминов - Saratov Research Center; Р З Аминов - Russian Academy of Sciences; A.A Bairamov - Saratov Research Center; A.A Bairamov - Russian Academy of Sciences; М В Гариевский - Saratov Research Center; М В Гариевский - Russian Academy of Sciences",,
"Downscaled energy demand projection at the local level using the Iterative Proportional Fitting procedure",10.1016/j.apenergy.2019.01.051,"Applied Energy",2019-03-01,1,journal-article,"Elsevier BV","Young-Hwan Ahn - Korea Energy Economics Institute; Young-Hwan Ahn - International Institute for Applied Systems Analysis; Jung‐Hun Woo - Konkuk University; Fabian Wagner - International Institute for Applied Systems Analysis; Seung Jick Yoo - Sookmyung Women's University",,"0000-0002-2515-8467; 0000-0002-4437-2610; 0000-0003-3429-2374; 0009-0009-3188-1019"
"Impacts of climate change on electricity demand in China: An empirical estimation based on panel data",10.1016/j.energy.2018.12.044,Energy,2019-03-01,1,journal-article,"Elsevier BV","Jing-Li Fan - China University of Mining and Technology; Jing-Li Fan - Beijing Institute of Technology; Jia Hu - China University of Mining and Technology",,0000-0003-2371-5845
"Data driven parallel prediction of building energy consumption using generative adversarial nets",10.1016/j.enbuild.2019.01.034,"Energy and Buildings",2019-03-01,1,journal-article,"Elsevier BV","Chenlu Tian - Shandong Jianzhu University; Chengdong Li - Shandong Jianzhu University; Guiqing Zhang - Shandong Jianzhu University; Yisheng Lv - Shandong Institute of Automation; Yisheng Lv - Chinese Academy of Sciences",,"0000-0001-6547-9049; 0000-0002-7280-8530; 0000-0002-7565-4979; 0000-0002-9680-3523"
"Wind turbine blade end-of-life options: An eco-audit comparison",10.1016/j.jclepro.2018.12.043,"Journal of Cleaner Production",2019-03-01,4,journal-article,"Elsevier BV","Pu Liu - University of Cambridge; Fanran Meng - University of Nottingham; Claire Y Barlow - University of Cambridge",,
"Optimal load dispatch of community microgrid with deep learning based solar power and load forecasting",10.1016/j.energy.2019.01.075,Energy,2019-03-01,1,journal-article,"Elsevier BV","Lulu Wen - Hefei University of Technology; Kaile Zhou - Hefei University of Technology; Kaile Zhou - City University of Hong Kong; Shanlin Yang - Hefei University of Technology; Xinhui Lu - Hefei University of Technology",,"0000-0002-2965-2761; 0000-0002-7426-9390; 0000-0003-0508-5712"
"Performance, energy loss, and degradation prediction of roof-integrated crystalline solar PV system installed in Northern India",10.1016/j.csite.2019.100409,"Case Studies in Thermal Engineering",2019-03-01,1,journal-article,"Elsevier BV","Nallapaneni Manoj Kumar - City University of Hong Kong; Ramjee Prasad Gupta - Indian Institute of Technology Dhanbad; Mobi Mathew - Deakin University; Neeraj Kumar Singh - Sardar Vallabhbhai National Institute of Technology Surat",,"0000-0002-3664-3257; 0000-0002-6005-1016; 0000-0002-6107-3647; 0000-0002-7382-7784"
"A multi-layer energy modelling methodology to assess the impact of heat-electricity integration strategies: The case of the residential cooking sector in Italy",10.1016/j.energy.2019.01.004,Energy,2019-03-01,2,journal-article,"Elsevier BV","Francesco Lombardi - Politecnico di Milano; Matteo Vincenzo Rocco - Politecnico di Milano; Emanuela Colombo - Politecnico di Milano",,"0000-0002-7624-5886; 0000-0002-9747-5699; 0000-0003-3129-3654"
"A two-step short-term probabilistic wind forecasting methodology based on predictive distribution optimization",10.1016/j.apenergy.2019.01.182,"Applied Energy",2019-03-01,3,journal-article,"Elsevier BV","Mucun Sun - The University of Texas at Dallas; Cong Feng - The University of Texas at Dallas; Erol Kevin Chartan - National Laboratory of the Rockies; Bri‐Mathias Hodge - University of Colorado Boulder; Bri‐Mathias Hodge - National Laboratory of the Rockies; Jie Zhang - The University of Texas at Dallas",,"0000-0001-6007-1917; 0000-0001-7478-5670; 0000-0001-8684-0534; 0000-0003-2866-0716"
"Correlating variability of modeling parameters with photovoltaic performance: Monte Carlo simulation of a meso-structured perovskite solar cell",10.1016/j.apenergy.2018.12.066,"Applied Energy",2019-03-01,2,journal-article,"Elsevier BV","Hansong Xue - National University of Singapore; Erik Birgersson - National University of Singapore; Rolf Stangl - National University of Singapore",,
"Model Predictive Control for Smart Grids With Multiple Electric-Vehicle Charging Stations",10.1109/tsg.2017.2789333,"IEEE Transactions on Smart Grid",2019-03-01,1,journal-article,"Institute of Electrical and Electronics Engineers (IEEE)","Ye Shi - University of Technology Sydney; Hoang Duong Tuan - University of Technology Sydney; Andrey V Savkin - UNSW Sydney; Trung Q Duong - Queen's University Belfast; H Vincent Poor - Princeton University",,"0000-0001-9390-6634; 0000-0002-2062-131X; 0000-0002-4703-4836; 0000-0003-0292-6061; 0000-0003-2302-4980"
"Minute-Scale Forecasting of Wind Power—Results from the Collaborative Workshop of IEA Wind Task 32 and 36",10.3390/en12040712,Energies,2019-02-21,1,journal-article,"MDPI AG","Ines Würth - University of Stuttgart; Laura Valldecabres - Carl von Ossietzky Universität Oldenburg; Elliot Simon - Technical University of Denmark; Corinna Möhrlen - Welspun (India); Bahri Uzunoğlu - Uppsala University; Bahri Uzunoğlu - Florida State University; Ciaran Gilbert - University of Strathclyde; Gregor Giebel - Technical University of Denmark; David Schlipf - Flensburg University of Applied Sciences; Anton Kaifel - Zentrum für Sonnenenergie- und Wasserstoff-Forschung Baden-Württemberg",,"0000-0001-6114-7880; 0000-0002-0189-6422; 0000-0002-1365-0243; 0000-0002-3484-6771; 0000-0002-4453-8756; 0000-0002-5818-0193; 0000-0002-6943-2018; 0000-0002-8842-1533; 0000-0003-0237-9109"
"Have wind turbines in Germany generated electricity as would be expected from the prevailing wind conditions in 2000-2014?",10.1371/journal.pone.0211028,"PLOS ONE",2019-02-06,1,journal-article,"Public Library of Science (PLoS)","Sonja Germer - Max Planck Institute for Biogeochemistry; Axel Kleidon - Max Planck Institute for Biogeochemistry",,"0000-0002-2715-008X; 0000-0002-3798-0730"
"Stochastic optimisation with risk aversion for virtual power plant operations: a rolling horizon control",10.1049/iet-gtd.2018.5834,"IET Generation, Transmission & Distribution",2019-02-02,1,journal-article,"Institution of Engineering and Technology (IET)","Anya Castillo - Sandia National Laboratories; Jack Flicker - Sandia National Laboratories; Clifford Hansen - Sandia National Laboratories; Jean‐Paul Watson - Sandia National Laboratories; Jay Johnson - Sandia National Laboratories",,"0000-0001-6026-8875; 0000-0001-9326-8011; 0000-0002-1223-2154; 0000-0002-8620-5378"
"Real-time energy management for electric arc furnace operation",10.1016/j.jprocont.2018.03.002,"Journal of Process Control",2019-02-01,2,journal-article,"Elsevier BV","Smriti Shyamal - McMaster University; Christopher L.E Swartz - McMaster University",,0000-0003-3153-178X
"Computationally efficient model for energy demand prediction of electric city bus in varying operating conditions",10.1016/j.energy.2018.12.064,Energy,2019-02-01,2,journal-article,"Elsevier BV","Jari Vepsäläinen - Aalto University; Kevin Otto - Aalto University; Antti Lajunen - University of Helsinki; Antti Lajunen - Aalto University; Kari Tammi - Aalto University",,"0000-0001-9376-2386; 0000-0002-2175-7833; 0000-0002-9379-5687; 0000-0003-4961-7696"
"Energy demand and greenhouse gas emissions analysis in Colombia: A LEAP model application",10.1016/j.energy.2018.12.051,Energy,2019-02-01,20,journal-article,"Elsevier BV","J.A Nieves - Universidad de Bogotá Jorge Tadeo Lozano; Andrés Julián Aristizábal - Universidad de Bogotá Jorge Tadeo Lozano; Isaac Dyner - Universidad de Bogotá Jorge Tadeo Lozano; Ortega Báez - Ecopetrol (Colombia); Daniel Ospina - University of Oklahoma",,
"Changes to Gate Closure and its impact on wholesale electricity prices: The case of the UK",10.1016/j.enpol.2018.10.047,"Energy Policy",2019-02-01,2,journal-article,"Elsevier BV","Angelo Facchini - Institute for Complex Systems; Angelo Facchini - IMT School for Advanced Studies Lucca; Alessandro Rubino - University of Bari Aldo Moro; Guido Caldarelli - IMT School for Advanced Studies Lucca; Guido Caldarelli - London Institute for Mathematical Sciences; Guido Caldarelli - European Centre for Living Technology; Guido Caldarelli - Institute for Complex Systems; Giuseppe Di Liddo - University of Bari Aldo Moro",,
"The value of flexibility in power markets",10.1016/j.enpol.2018.10.024,"Energy Policy",2019-02-01,4,journal-article,"Elsevier BV","Stéphane Goutte - Université Paris 8; Stéphane Goutte - Paris School of Business",,
"Evaluating regional climate-electricity demand nexus: A composite Bayesian predictive framework",10.1016/j.apenergy.2018.10.119,"Applied Energy",2019-02-01,2,journal-article,"Elsevier BV","Sayanti Mukherjee - University at Buffalo, State University of New York; C.R Vineeth - Purdue University West Lafayette; Roshanak Nateghi - Purdue University West Lafayette",,
"Smart energy futures and social practice imaginaries: Forecasting scenarios for pet care in Australian homes",10.1016/j.erss.2018.09.015,"Energy Research & Social Science",2019-02-01,12,journal-article,"Elsevier BV","Yolande Strengers - RMIT University; Sarah Pink - RMIT University; Larissa Nicholls - RMIT University",,
"Battery health management for small-size rotary-wing electric unmanned aerial vehicles: An efficient approach for constrained computing platforms",10.1016/j.ress.2018.04.030,"Reliability Engineering & System Safety",2019-02-01,1,journal-article,"Elsevier BV","Gina Sierra - University of Chile; Marcos E Orchard - University of Chile; Kai Goebel - Luleå University of Technology; Kai Goebel - Ames Research Center; Chinmay Kulkarni - Ames Research Center; Chinmay Kulkarni - Stinger Ghaffarian Technologies (United States)",,"0000-0002-0240-0943; 0000-0002-0378-1231; 0000-0003-4778-2719; 0000-0003-4922-6601"
"Linking energy-cyber-physical systems with occupancy prediction and interpretation through WiFi probe-based ensemble classification",10.1016/j.apenergy.2018.11.079,"Applied Energy",2019-02-01,1,journal-article,"Elsevier BV","Wei Wang - Southeast University; Tianzhen Hong - Lawrence Berkeley National Laboratory; Nan Li - Tsinghua University; Ryan Qi Wang - Northeastern University; Jiayu Chen - City University of Hong Kong",,"0000-0001-5207-3533; 0000-0001-9396-0059; 0000-0002-7272-4273; 0000-0003-1886-9137"
"Forecasting peak electricity demand for Los Angeles considering higher air temperatures due to climate change",10.1016/j.apenergy.2018.11.039,"Applied Energy",2019-02-01,10,journal-article,"Elsevier BV","Daniel Burillo - Arizona State University; Mikhail Chester - Arizona State University; Stéphanie Pincetl - University of California, Los Angeles; Eric Daniel Fournier - University of California, Los Angeles; Janet Reyna - National Laboratory of the Rockies",,
"Impact of climate change on energy use and bioclimatic design of residential buildings in the 21st century in Argentina",10.1016/j.enbuild.2018.12.015,"Energy and Buildings",2019-02-01,1,journal-article,"Elsevier BV","Silvana Flores Larsen - Consejo Nacional de Investigaciones Científicas y Técnicas; Silvana Flores Larsen - National University of Salta; Celina Filippín - Universidad Nacional de La Pampa; Celina Filippín - Consejo Nacional de Investigaciones Científicas y Técnicas; Gustavo Barea - Instituto de Ambiente, Hábitat y Energía; Gustavo Barea - Consejo Nacional de Investigaciones Científicas y Técnicas",,
"The impact of wind generation on wholesale electricity market prices in the midcontinent independent system operator energy market: An empirical investigation",10.1016/j.energy.2018.12.028,Energy,2019-02-01,2,journal-article,"Elsevier BV","Dov Quint - Colorado School of Mines; Steve Dahlke - Colorado School of Mines",,0000-0001-5715-9088
"Offshore wind potential and wind atlas over the Oman Maritime Zone",10.1007/s40974-019-00108-7,"Energy, Ecology and Environment",2019-01-29,1,journal-article,"Springer Nature","Yassine Charabi - Sultan Qaboos University; Amer Al‐Hinai - Sultan Qaboos University; Talal Al Awadhi - Sultan Qaboos University; B S Choudri - Sultan Qaboos University",,"0000-0001-9226-8124; 0000-0002-7200-9974; 0000-0003-2054-688X"
"Inter-seasonal compressed-air energy storage using saline aquifers",10.1038/s41560-018-0311-0,"Nature Energy",2019-01-21,1,journal-article,"Springer Nature","Julien Mouli-Castillo - University of Edinburgh; Mark Wilkinson - University of Edinburgh; Dimitri Mignard - University of Edinburgh; Christopher McDermott - University of Edinburgh; R Stuart Haszeldine - University of Edinburgh; Zoe K Shipton - University of Strathclyde",,"0000-0001-6158-5063; 0000-0002-2268-7750; 0000-0002-7015-8394; 0000-0002-8326-8365; 0000-0003-0811-6780; 0000-0003-2036-8809"
"LPWAN-Based Vehicular Monitoring Platform with a Generic IP Network Interface",10.3390/s19020264,Sensors,2019-01-11,1,journal-article,"MDPI AG","José Santa - Universidad de Murcia; José Santa - Universidad Politécnica de Cartagena; Ramón Sánchez-Iborra - Universidad de Murcia; Pablo Rodriguez-Rey - Universidad de Murcia; Luis Bernal-Escobedo - Universidad de Murcia; Antonio Skármeta - Universidad de Murcia",,"0000-0001-9224-7112; 0000-0002-0069-3017; 0000-0002-5525-1259; 0000-0002-5903-960X"
"The Significance of the Adaptive Thermal Comfort Limits on the Air-Conditioning Loads in a Temperate Climate",10.3390/su11020328,Sustainability,2019-01-10,1,journal-article,"MDPI AG","Aiman Albatayneh - German Jordanian University; Dariusz Alterman - University of Newcastle Australia; Adrian Page - University of Newcastle Australia; Behdad Moghtaderi - University of Newcastle Australia",,"0000-0002-9409-4225; 0000-0003-0829-7526"
"Analysis and Impact Evaluation of Missing Data Imputation in Day-ahead PV Generation Forecasting",10.3390/app9010204,"Applied Sciences",2019-01-08,2,journal-article,"MDPI AG","Taeyoung Kim - Gwangju Institute of Science and Technology; Woong Ko - Gwangju Institute of Science and Technology; Jinho Kim - Gwangju Institute of Science and Technology",,"0000-0001-5055-7702; 0000-0001-7686-1809; 0000-0001-8175-2420"
"Predictive Risk Analytics for Weather-Resilient Operation of Electric Power Systems",10.1109/tste.2018.2825780,"IEEE Transactions on Sustainable Energy",2019-01-01,2,journal-article,"Institute of Electrical and Electronics Engineers (IEEE)","Payman Dehghanian - George Washington University; Tatjana Dokic - Texas A&M University; Mladen Kezunović - Texas A&M University",,"0000-0002-8925-4415; 0000-0003-2237-4284; 0000-0003-3836-9949"
"Artificial intelligence based gene expression programming (GEP) model prediction of Diesel engine performances and exhaust emissions under Diesosenol fuel strategies",10.1016/j.fuel.2018.07.116,Fuel,2019-01-01,2,journal-article,"Elsevier BV","Subrata Bhowmik - Indian Institute of Technology Dhanbad; Abhishek Paul - National Institute Of Technology Silchar; Rajsekhar Panua - National Institute of Technology Agartala; Subrata Kumar Ghosh - Indian Institute of Technology Dhanbad; Durbadal Debroy - National Institute of Technology Agartala",,
"Occupancy detection of residential buildings using smart meter data: A large-scale study",10.1016/j.enbuild.2018.11.025,"Energy and Buildings",2019-01-01,1,journal-article,"Elsevier BV","Rouzbeh Razavi - Kent State University; Amin Gharipour - Griffith University; Martin Fleury - University of Essex; Ikpe Justice Akpan - Kent State University",,
"Implications of climate changes to building energy and design",10.1016/j.scs.2018.10.043,"Sustainable Cities and Society",2019-01-01,1,journal-article,"Elsevier BV","Zhiqiang Zhai - University of Colorado Boulder; Jacob Helman - University of Colorado Boulder",,"0000-0001-9050-5405; 0000-0003-0450-5658"
,10.32479/ijeep.7108,"International Journal of Energy Economics and Policy",2019-01-01,3,journal-issue,EconJournals,"Juan Jose Cabello Eras - University of the Coast",,
"Short-Term Residential Load Forecasting Based on LSTM Recurrent Neural Network",10.1109/tsg.2017.2753802,"IEEE Transactions on Smart Grid",2019-01-01,2,journal-article,"Institute of Electrical and Electronics Engineers (IEEE)","Weicong Kong - UNSW Sydney; Zhao Yang Dong - UNSW Sydney; Youwei Jia - Hong Kong Polytechnic University; David J Hill - The University of Sydney; Yan Xu - Nanyang Technological University; Yuan Zhang - UNSW Sydney",,
"Smart city video surveillance using fog computing",10.1504/ijenm.2019.103165,"International Journal of Enterprise Network Management",2019-01-01,2,journal-article,"Inderscience Publishers","P Prakash - Amrita Vishwa Vidyapeetham; R Suresh - Jain University; Dhinesh Kumar PN - Amrita Vishwa Vidyapeetham",,
"On the assessment of alternatives for building cooling load reductions for a tropical coastal city",10.1016/j.enbuild.2018.10.023,"Energy and Buildings",2019-01-01,1,journal-article,"Elsevier BV","Rabindra Pokhrel - City College of New York; Nazario D Ramírez‐Beltrán - University of Puerto Rico-Mayaguez; Jorge E González - City College of New York",,0000-0002-2324-0205
"Energy flexibility of a nearly zero-energy building with weather predictive control on a convective building energy system and evaluated with different metrics",10.1016/j.apenergy.2018.10.070,"Applied Energy",2019-01-01,1,journal-article,"Elsevier BV","Mingzhe Liu - Aalborg University; Per Heiselberg - Aalborg University",,"0000-0001-9838-1099; 0000-0002-1600-9603"
"Structural performance and sustainability assessment of cold central-plant and in-place recycled asphalt pavements: A case study",10.1016/j.jclepro.2018.10.222,"Journal of Cleaner Production",2019-01-01,2,journal-article,"Elsevier BV","Fan Gu - Asphalt Institute; Wangyu Ma - Asphalt Institute; Randy West - Asphalt Institute; Adam Taylor - Asphalt Institute; Yuqing Zhang - Aston University",,
"Impact of climate change on demands for heating and cooling energy in hospitals: An in-depth case study of six islands located in the Indian Ocean region",10.1016/j.scs.2018.10.031,"Sustainable Cities and Society",2019-01-01,1,journal-article,"Elsevier BV","Modeste Kameni Nematchoua - University of Liège; Andrianaharison Yvon - Catholic University of Madagascar; Omer Kalameu - Catholic University of Central Africa; Somayeh Asadi - California University of Pennsylvania; Ruchi Choudhary - University of Cambridge; Sigrid Reiter - University of Liège",,"0000-0001-6915-3433; 0000-0001-8868-5603; 0000-0001-9607-3906; 0000-0002-9983-5619"
"On-site renewable electricity production and self consumption for manufacturing industry in Ireland: Sensitivity to techno-economic conditions",10.1016/j.jclepro.2018.09.260,"Journal of Cleaner Production",2019-01-01,1,journal-article,"Elsevier BV","A Sgobba - Trinity College Dublin; Craig Meskell - Trinity College Dublin",,0000-0001-6303-2796
"Hydrogen value chain and fuel cells within hybrid renewable energy systems: Advanced operation and control strategies",10.1016/j.apenergy.2018.10.003,"Applied Energy",2019-01-01,2,journal-article,"Elsevier BV","Scarlett Chen - National University of Singapore; Scarlett Chen - University of Alberta; Anikesh Kumar - National University of Singapore; Wee Chin Wong - National University of Singapore; Min‐Sen Chiu - National University of Singapore; Xiaonan Wang - National University of Singapore",,"0000-0001-7881-2146; 0000-0001-9775-2417; 0000-0002-2456-9360"
"A Solar Time Based Analog Ensemble Method for Regional Solar Power Forecasting",10.1109/tste.2018.2832634,"IEEE Transactions on Sustainable Energy",2019-01-01,1,journal-article,"Institute of Electrical and Electronics Engineers (IEEE)","Xinmin Zhang - Northeastern University; Yuan Li - Chengdu University of Information Technology; Yuan Li - Sichuan University; Siyuan Lu - IBM Research - Thomas J. Watson Research Center; Hendrik F Hamann - IBM Research - Thomas J. Watson Research Center; Bri‐Mathias Hodge - National Laboratory of the Rockies; Brad Lehman - Northeastern University",,"0000-0001-5515-3248; 0000-0001-8684-0534; 0000-0001-9049-1330; 0000-0002-3510-3101; 0000-0002-8336-4840; 0000-0003-1120-399X"
"Solar hydrogen production: a bottom-up analysis of different photovoltaic–electrolysis pathways",10.1039/c9se00007k,"Sustainable Energy & Fuels",2019-01-01,1,journal-article,"Royal Society of Chemistry (RSC)","Markus Reuß - Stadtwerke Jülich (Germany); Markus Reuß - Forschungszentrum Jülich; Markus Reuß - ECSI Fibrotools (United States); Julian Reul - ECSI Fibrotools (United States); Julian Reul - Forschungszentrum Jülich; Julian Reul - Stadtwerke Jülich (Germany); Thomas Grube - Forschungszentrum Jülich; Thomas Grube - ECSI Fibrotools (United States); Thomas Grube - Stadtwerke Jülich (Germany); Manuel Langemann - ECSI Fibrotools (United States); Manuel Langemann - Stadtwerke Jülich (Germany); Manuel Langemann - Forschungszentrum Jülich; Sonya Calnan - Helmholtz-Zentrum Berlin für Materialien und Energie; Martin Robinius - Forschungszentrum Jülich; Martin Robinius - ECSI Fibrotools (United States); Martin Robinius - Stadtwerke Jülich (Germany); Rutger Schlatmann - Helmholtz-Zentrum Berlin für Materialien und Energie; Uwe Rau - Forschungszentrum Jülich; Uwe Rau - Stadtwerke Jülich (Germany); Detlef Stolten - Forschungszentrum Jülich; Detlef Stolten - ECSI Fibrotools (United States); Detlef Stolten - Stadtwerke Jülich (Germany); Detlef Stolten - RWTH Aachen University",,"0000-0001-7472-6187; 0000-0002-0605-8356; 0000-0002-1671-3262; 0000-0002-2786-0233; 0000-0002-5307-3022; 0000-0002-5951-9435; 0000-0002-8286-7075; 0000-0003-3526-3081"
"Operation of a High Renewable Penetrated Power System With CSP Plants: A Look-Ahead Stochastic Unit Commitment Model",10.1109/tpwrs.2018.2866486,"IEEE Transactions on Power Systems",2019-01-01,2,journal-article,"Institute of Electrical and Electronics Engineers (IEEE)","Ershun Du - Tsinghua University; Ning Zhang - Tsinghua University; Bri‐Mathias Hodge - National Laboratory of the Rockies; Qin Wang - National Laboratory of the Rockies; Zongxiang Lu - Tsinghua University; Chongqing Kang - Tsinghua University; Benjamin Kroposki - National Laboratory of the Rockies; Qing Xia - Tsinghua University",,"0000-0001-5238-9300; 0000-0001-8684-0534; 0000-0002-1385-756X; 0000-0002-5670-8767; 0000-0002-6215-5206; 0000-0003-0366-4657; 0000-0003-0427-8109; 0000-0003-2296-8250"
"Comparison of Bifacial Solar Irradiance Model Predictions With Field Validation",10.1109/jphotov.2018.2877000,"IEEE Journal of Photovoltaics",2019-01-01,3,journal-article,"Institute of Electrical and Electronics Engineers (IEEE)","Silvana Ayala Pelaez - University of Arizona; Chris Deline - National Laboratory of the Rockies; Sara MacAlpine - National Laboratory of the Rockies; Bill Marion - National Laboratory of the Rockies; Joshua S Stein - Sandia National Laboratories; Raymond K Kostuk - University of Arizona",,"0000-0002-3825-9937; 0000-0002-9422-1976; 0000-0002-9867-8930; 0000-0003-3845-6620; 0000-0003-3963-4185"
"Incorporating Appliance Usage Patterns for Non-Intrusive Load Monitoring and Load Forecasting",10.1109/tsg.2017.2743760,"IEEE Transactions on Smart Grid",2019-01-01,1,journal-article,"Institute of Electrical and Electronics Engineers (IEEE)","Shirantha Welikala - University of Peradeniya; Chinthaka Dinesh - Simon Fraser University; M P B Ekanayake - University of Peradeniya; Roshan Godaliyadda - University of Peradeniya; Janaka Ekanayake - Cardiff University",,"0000-0002-3495-481X; 0000-0002-5639-8105; 0000-0002-5698-1296; 0000-0003-0362-3767; 0000-0003-3470-7082"
"Prediction of Ecological Pressure on Resource-Based Cities Based on an RBF Neural Network Optimized by an Improved ABC Algorithm",10.1109/access.2019.2908662,"IEEE Access",2019-01-01,1,journal-article,"Institute of Electrical and Electronics Engineers (IEEE)","Song Jiang - Xi'an University of Architecture and Technology; Caiwu Lu - Xi'an University of Architecture and Technology; Sai Zhang - Xi'an University of Architecture and Technology; Xiang Lü - China University of Mining and Technology; Sang‐Bing Tsai - Wuyi University; Cheng-Kuang Wang - University of Electronic Science and Technology of China; Yuan Gao - Nankai University; Yufei Shi - Nankai University; Chien‐Hung Lee - Nankai University",,
"Truck Body-Type Classification using Single-Beam Lidar Sensors",10.1177/0361198118821847,"Transportation Research Record: Journal of the Transportation Research Board",2019-01-01,1,journal-article,"SAGE Publications","Magdalena Asborno - University of Arkansas at Fayetteville; Collin G Burris - University of Arkansas at Fayetteville; Sarah Hernandez - University of Arkansas at Fayetteville",,
"Normalising domestic space heating demand using post hoc models",10.1177/0143624418816431,"Building Services Engineering Research and Technology",2018-12-18,1,journal-article,"SAGE Publications","Rachel Mitchell - University of Bath; Sukumar Natarajan - University of Bath",,"0000-0001-5831-1678; 0000-0003-1447-7515"
"Informing energy consumption uncertainty: an analysis of energy data revisions",10.1088/1748-9326/aaebc3,"Environmental Research Letters",2018-12-17,18,journal-article,"IOP Publishing","Rachel Hoesly - Joint Global Change Research Institute; Steven J Smith - Joint Global Change Research Institute; Steven J Smith - University of Maryland, College Park",,
"The vulnerability of the South African electricity transmission network infrastructure to weather and climate: A review",10.17159/2413-3051/2018/v29i4a4748,"Journal of Energy in Southern Africa",2018-12-07,1,journal-article,"Academy of Science of South Africa","M Majodina - University of Pretoria; Joel Ondego Botai - South African Weather Service; Hannes Rautenbach - South African Weather Service",,"0000-0001-7270-446X; 0000-0002-0695-2489; 0000-0002-3292-5396"
"Inaccurate consumer perceptions of monetary savings in a demand-side response programme predict programme acceptance",10.1038/s41560-018-0285-y,"Nature Energy",2018-12-03,1,journal-article,"Springer Nature","Lee V White - University of Southern California; Nicole D Sintov - The Ohio State University",,"0000-0001-9285-6444; 0000-0002-2052-9142"
"Generation expansion planning considering health and societal damages – A simulation-based optimization approach",10.1016/j.energy.2018.09.004,Energy,2018-12-01,2,journal-article,"Elsevier BV","Mark D Rodgers - Rutgers, The State University of New Jersey; David W Coit - Rutgers, The State University of New Jersey; Frank A Felder - Rutgers, The State University of New Jersey; Annmarie G Carlton - University of California, Irvine",,"0000-0002-5825-2548; 0000-0002-8574-1507; 0000-0003-2636-6628; 0000-0003-2697-9977"
"Long-term electricity demand forecast and supply side scenarios for Pakistan (2015–2050): A LEAP model application for policy analysis",10.1016/j.energy.2018.10.012,Energy,2018-12-01,3,journal-article,"Elsevier BV","Nayyar Hussain Mirjat - Mehran University of Engineering and Technology; Muhammad Aslam Uqaili - Mehran University of Engineering and Technology; Khanji Harijan - Mehran University of Engineering and Technology; Gordhan Das Walasai - Quaid-e-Awam University of Engineering, Science and Technology; Md Alam Hossain Mondal - International Food Policy Research Institute; Hasret Sahin - Gazi University",,"0000-0002-5092-1700; 0000-0002-5911-7743; 0000-0002-8624-6145; 0000-0003-4553-7867"
"Forecasting energy consumption time series using machine learning techniques based on usage patterns of residential householders",10.1016/j.energy.2018.09.144,Energy,2018-12-01,5,journal-article,"Elsevier BV","Jui‐Sheng Chou - National Taiwan University of Science and Technology; Duc-Son Tran - National Taiwan University of Science and Technology",,
"Modeling and forecasting hourly electricity demand by SARIMAX with interactions",10.1016/j.energy.2018.09.157,Energy,2018-12-01,1,journal-article,"Elsevier BV","Niematallah Elamin - University of Khartoum; Mototsugu Fukushige - Osaka University of Economics",,
"Maximizing the Energy Efficiency of Virtualized C-RAN via Optimizing the Number of Virtual Machines",10.1109/tgcn.2018.2859407,"IEEE Transactions on Green Communications and Networking",2018-12-01,1,journal-article,"Institute of Electrical and Electronics Engineers (IEEE)","Raad S Alhumaima - Al Yarmouk University College; Riyadh Khlf Ahmed - University of Diyala; H S Al‐Raweshidy - Brunel University of London",,"0000-0002-3702-8192; 0000-0002-8000-5965; 0000-0003-1849-1277"
"A comparison of storage systems in neighbourhood decentralized energy system applications from 2015 to 2050",10.1016/j.apenergy.2018.08.106,"Applied Energy",2018-12-01,1,journal-article,"Elsevier BV","Portia Murray - Swiss Federal Laboratories for Materials Science and Technology; Portia Murray - École Polytechnique Fédérale de Lausanne; Kristina Orehounig - Swiss Federal Laboratories for Materials Science and Technology; Kristina Orehounig - École Polytechnique Fédérale de Lausanne; David Grosspietsch - École Polytechnique Fédérale de Lausanne; Jan Carmeliet - École Polytechnique Fédérale de Lausanne",,"0000-0001-6491-7641; 0000-0002-9859-4112; 0000-0003-1492-9606"
"DeepSolar: A Machine Learning Framework to Efficiently Construct a Solar Deployment Database in the United States",10.1016/j.joule.2018.11.021,Joule,2018-12-01,9,journal-article,"Elsevier BV","Jiafan Yu - Stanford University; Zhecheng Wang - Stanford University; Arun Majumdar - Stanford University; Ram Rajagopal - Stanford University",,
"Real-time prediction model for indoor temperature in a commercial building",10.1016/j.apenergy.2018.09.052,"Applied Energy",2018-12-01,1,journal-article,"Elsevier BV","Zakia Afroz - Murdoch University; Tania Urmee - Murdoch University; GM Shafiullah - Murdoch University; G.H Higgins - Murdoch University",,"0000-0002-2211-184X; 0000-0002-4053-108X; 0000-0002-4385-9734"
"Future perspectives of run-of-the-river hydropower and the impact of glaciers’ shrinkage: The case of Italian Alps",10.1016/j.apenergy.2018.09.063,"Applied Energy",2018-12-01,6,journal-article,"Elsevier BV","Epari Ritesh Patro - Politecnico di Milano; Carlo De Michele - Politecnico di Milano; Francesco Avanzi - Politecnico di Milano; Francesco Avanzi - University of California, Berkeley",,
"Impact of climate change on heating and cooling energy demand in a residential building in a Mediterranean climate",10.1016/j.energy.2018.09.015,Energy,2018-12-01,8,journal-article,"Elsevier BV","Víctor Pérez Andreu - University of Castilla-La Mancha; Carolina Aparicio-Fernández - Universitat Politècnica de València; Carolina Aparicio-Fernández - Universitat de València; Ana Martínez-Ibernón - Universitat Politècnica de València; José‐Luis Vivancos - Universitat Politècnica de València",,
"Modelling urban energy requirements using open source data and models",10.1016/j.apenergy.2018.09.164,"Applied Energy",2018-12-01,2,journal-article,"Elsevier BV",,,
"A comparison of price-taker and production cost models for determining system value, revenue, and scheduling of concentrating solar power plants",10.1016/j.apenergy.2018.09.136,"Applied Energy",2018-12-01,5,journal-article,"Elsevier BV","Janna Martinek - National Laboratory of the Rockies; Jennie Jorgenson - National Laboratory of the Rockies; Mark Mehos - National Laboratory of the Rockies; Paul Denholm - National Laboratory of the Rockies",,"0000-0001-7128-4643; 0000-0002-3506-3883; 0000-0002-3770-8657; 0000-0003-2622-702X"
"Predictive modelling for solar thermal energy systems: A comparison of support vector regression, random forest, extra trees and regression trees",10.1016/j.jclepro.2018.08.207,"Journal of Cleaner Production",2018-12-01,1,journal-article,"Elsevier BV","Muhammad Waseem Ahmad - Centre for Sustainable Energy; Muhammad Waseem Ahmad - Cardiff University; Jonathan Reynolds - Centre for Sustainable Energy; Jonathan Reynolds - Cardiff University; Yacine Rezgui - Centre for Sustainable Energy; Yacine Rezgui - Cardiff University",,"0000-0001-9106-9246; 0000-0002-5711-8400; 0000-0002-7269-4369"
"A multi-service approach for planning the optimal mix of energy storage technologies in a fully-renewable power supply",10.1016/j.enconman.2018.09.087,"Energy Conversion and Management",2018-12-01,1,journal-article,"Elsevier BV","Jannik Haas - University of Chile; Jannik Haas - University of Stuttgart; Jannik Haas - Simulation Technologies (United States); Felix Cebulla - University of Stuttgart; Wolfgang Nowak - Simulation Technologies (United States); Wolfgang Nowak - University of Stuttgart; Claudia Rahmann - University of Chile; Rodrigo Palma‐Behnke - University of Chile",,"0000-0001-6144-7736; 0000-0001-8819-3780; 0000-0002-7508-0944; 0000-0003-2583-8865; 0000-0003-2604-6456"
"Effects of residence time on life cycle assessment of bioenergy production from dairy manure",10.1016/j.biteb.2018.08.011,"Bioresource Technology Reports",2018-12-01,2,journal-article,"Elsevier BV","Raja Chowdhury - Indian Institute of Technology Roorkee; Jhuma Sadhukhan - University of Surrey; Marzia Traverso - RWTH Aachen University; Patricia L Keen - University of British Columbia",,"0000-0001-6791-1421; 0000-0001-8848-6292; 0000-0002-8277-6296"
"Big data time series forecasting based on nearest neighbours distributed computing with Spark",10.1016/j.knosys.2018.07.026,"Knowledge-Based Systems",2018-12-01,4,journal-article,"Elsevier BV","R Talavera-Llames - Universidad Pablo de Olavide; R Pérez-Chacón - Universidad Pablo de Olavide; Alicia Troncoso - Universidad Pablo de Olavide; Francisco Martínez–Álvarez - Universidad Pablo de Olavide",,
"Informing a social practice theory framework with social-psychological factors for analyzing routinized energy consumption: A multivariate analysis of three practices",10.1016/j.erss.2018.06.012,"Energy Research & Social Science",2018-12-01,1,journal-article,"Elsevier BV","Ann-Kathrin Hess - University of Basel; Robin Samuel - University of Luxembourg; Paul Burger - University of Basel",,"0000-0001-9674-4618; 0000-0002-0947-9148; 0000-0002-7598-197X"
"An integrated sustainability model for a bioenergy system: Forest residues for electricity generation",10.1016/j.biombioe.2018.09.005,"Biomass and Bioenergy",2018-12-01,2,journal-article,"Elsevier BV","Enze Jin - Purdue University West Lafayette; John W Sutherland - Purdue University West Lafayette",,
"Lightning hazards to human societies in a changing climate",10.1088/1748-9326/aaea86,"Environmental Research Letters",2018-11-29,9,journal-article,"IOP Publishing","Yoav Yair - Reichman University",,
"Probabilistic Load Forecasting Using an Improved Wavelet Neural Network Trained by Generalized Extreme Learning Machine",10.1109/tsg.2018.2807845,"IEEE Transactions on Smart Grid",2018-11-01,1,journal-article,"Institute of Electrical and Electronics Engineers (IEEE)","Mehdi Rafiei - Shiraz University of Technology; Taher Niknam - Shiraz University of Technology; Jamshid Aghaei - Norwegian University of Science and Technology; Miadreza Shafie‐khah - University of Beira Interior; João P S Catalào - University of Beira Interior",,"0000-0002-2105-3051; 0000-0002-3708-6173; 0000-0002-5254-9148; 0000-0003-1691-5355"
"Performance simulation of grid-connected rooftop solar PV system for small households: A case study of Ujjain, India",10.1016/j.egyr.2018.08.002,"Energy Reports",2018-11-01,1,journal-article,"Elsevier BV","K Sudhakar - Maulana Azad National Institute of Technology; K Sudhakar - Universiti Malaysia Pahang Al-Sultan Abdullah",,
"Comparing the primary energy and phosphorus consumption of soybean and seaweed-based aquafeed proteins – A material and substance flow analysis",10.1016/j.jclepro.2018.07.247,"Journal of Cleaner Production",2018-11-01,7,journal-article,"Elsevier BV","Gaspard Philis - Norwegian University of Science and Technology; Erik Olav Gracey - Møreforsking (Norway); Lars Christian Gansel - Norwegian University of Science and Technology; Annik Magerholm Fet - Norwegian University of Science and Technology; Céline Rebours - Møreforsking (Norway)",,
"Material dependence of national energy development plans: The case for Turkey and United Kingdom",10.1016/j.jclepro.2018.07.245,"Journal of Cleaner Production",2018-11-01,1,journal-article,"Elsevier BV","Murat Küçükvar - Qatar University; Nuri C Onat - Qatar University; Muhammad Haider - North Carolina State University",,"0000-0002-0263-5144; 0000-0002-2221-0629; 0000-0002-4101-2628"
"The impact of social and weather drivers on the historical electricity demand in Europe",10.1016/j.apenergy.2018.07.108,"Applied Energy",2018-11-01,4,journal-article,"Elsevier BV","Tiziano Gallo Cassarino - Energy Institute; Tiziano Gallo Cassarino - University College London; Ed Sharp - Energy Institute; Ed Sharp - University College London; Mark Barrett - Energy Institute; Mark Barrett - University College London",,"0000-0001-9220-2360; 0000-0003-3655-2424"
"The future of wind energy in California: Future projections with the Variable-Resolution CESM",10.1016/j.renene.2018.04.031,"Renewable Energy",2018-11-01,1,journal-article,"Elsevier BV","Meina Wang - Lawrence Berkeley National Laboratory; Meina Wang - University of California, Davis; Paul Ullrich - Lawrence Berkeley National Laboratory; Paul Ullrich - University of California, Davis; Dev Millstein - Lawrence Berkeley National Laboratory",,"0000-0002-8091-0535; 0000-0003-0184-4793; 0000-0003-4118-4590"
"A methodology for bottom-up modelling of energy transitions in the industry sector: The FORECAST model",10.1016/j.esr.2018.09.005,"Energy Strategy Reviews",2018-11-01,27,journal-article,"Elsevier BV","Tobias Fleiter - Fraunhofer Institute for Systems and Innovation Research; Matthias Rehfeldt - Fraunhofer Institute for Systems and Innovation Research; Andrea Herbst - Fraunhofer Institute for Systems and Innovation Research; Rainer Elsland - Fraunhofer Institute for Systems and Innovation Research; Anna-Lena Klingler - Fraunhofer Institute for Systems and Innovation Research; Pia Manz - Fraunhofer Institute for Systems and Innovation Research; Stefan Eidelloth - Fraunhofer Institute for Systems and Innovation Research",,
"Optimal operation of photovoltaic/battery/diesel/cold-ironing hybrid energy system for maritime application",10.1016/j.energy.2018.08.048,Energy,2018-11-01,1,journal-article,"Elsevier BV","Ruoli Tang - Wuhan University of Technology; Zhou Wu - Chongqing University; Xin Li - Wuhan University of Technology",,"0000-0002-4345-9407; 0000-0002-8980-4210; 0000-0003-2751-9796"
"Energy flexible building through smart demand-side management and latent heat storage",10.1016/j.apenergy.2018.08.065,"Applied Energy",2018-11-01,2,journal-article,"Elsevier BV","Jesús Lizana - Universidad de Sevilla; Daniel Friedrich - University of Edinburgh; Renaldi Renaldi - University of Edinburgh; Ricardo Chacartegui - Universidad de Sevilla",,"0000-0001-7285-8661; 0000-0002-1802-5017; 0000-0002-3951-2201; 0000-0002-5103-0213"
"Large-eddy simulation of a utility-scale wind farm in complex terrain",10.1016/j.apenergy.2018.08.049,"Applied Energy",2018-11-01,2,journal-article,"Elsevier BV","Xiaolei Yang - Stony Brook University; Maggie Pakula - Wacker (United States); Fotis Sotiropoulos - Stony Brook University",,"0000-0002-2606-0672; 0000-0003-4865-1999"
"Reducing Uncertainties in Large-Scale Solar Resource Data: The Impact of Aerosols",10.1109/jphotov.2018.2869554,"IEEE Journal of Photovoltaics",2018-11-01,6,journal-article,"Institute of Electrical and Electronics Engineers (IEEE)","Aron Habte - National Laboratory of the Rockies; Manajit Sengupta - National Laboratory of the Rockies",,"0000-0001-5622-4503; 0000-0001-8801-6207"
"Generating Joint Scenarios for Renewable Generation: The Case for Non-Gaussian Models With Time-Varying Parameters",10.1109/tpwrs.2018.2838050,"IEEE Transactions on Power Systems",2018-11-01,2,journal-article,"Institute of Electrical and Electronics Engineers (IEEE)","Henrique Hoeltgebaum - Pontifícia Universidade Católica do Rio de Janeiro; Cristiano Fernandes - Pontifícia Universidade Católica do Rio de Janeiro; Alexandre Street - Pontifícia Universidade Católica do Rio de Janeiro",,
"Capability of Current Car-Following Models to Reproduce Vehicle Free-Flow Acceleration Dynamics",10.1109/tits.2018.2866271,"IEEE Transactions on Intelligent Transportation Systems",2018-11-01,2,journal-article,"Institute of Electrical and Electronics Engineers (IEEE)","Biagio Ciuffo - Joint Research Centre; Michail Makridis - Joint Research Centre; Tomer Toledo - Technion – Israel Institute of Technology; Georgios Fontaras - Joint Research Centre",,"0000-0001-7462-4674; 0000-0001-9924-4731; 0000-0003-3611-6024; 0000-0003-3734-4264"
"Technoeconomic modelling and optimisation of solar combined heat and power systems based on flat-box PVT collectors for domestic applications",10.1016/j.enconman.2018.07.045,"Energy Conversion and Management",2018-11-01,1,journal-article,"Elsevier BV","María Herrando - Imperial College London; María Herrando - Universidad de Zaragoza; Alba Ramos - Universidad Politécnica de Madrid; Alba Ramos - Imperial College London; James Freeman - Imperial College London; Ignacio Zabalza - Universidad de Zaragoza; Christos N Markides - Imperial College London",,"0000-0001-6183-0831; 0000-0002-0429-1322; 0000-0002-0787-8938; 0000-0002-3841-3260; 0000-0002-4219-1867"
"Prediction of Life Cycle Carbon Emissions of Sponge City Projects: A Case Study in Shanghai, China",10.3390/su10113978,Sustainability,2018-10-31,1,journal-article,"MDPI AG","Xiaohu Lin - Tongji University; Jie Ren - Tongji University; Jingcheng Xu - Tongji University; Tao Zheng - Tongji University; Tao Zheng - Shanghai Tongji Urban Planning and Design Institute; Wei Cheng - Shanghai Tongji Urban Planning and Design Institute; Jinli Qiao - Tongji University; Juwen Huang - Tongji University; Guangming Li - Tongji University",,
"Energy consumption and modelling of the climate control system in the electric vehicle",10.1177/0144598718806458,"Energy Exploration & Exploitation",2018-10-25,1,journal-article,"SAGE Publications","Aisling Doyle - Edinburgh Napier University; T Muneer - Edinburgh Napier University",,
"Deep Decarbonisation from a Biophysical Perspective: GHG Emissions of a Renewable Electricity Transformation in the EU",10.3390/su10103685,Sustainability,2018-10-15,2,journal-article,"MDPI AG","Louisa Jane Di Felice - Universitat Autònoma de Barcelona; Maddalena Ripa - Universitat Autònoma de Barcelona; Mario Giampietro - Universitat Autònoma de Barcelona; Mario Giampietro - Institució Catalana de Recerca i Estudis Avançats",,
"Residential Demand Forecasting With Solar-Battery Systems: A Survey-Less Approach",10.1109/tste.2018.2791982,"IEEE Transactions on Sustainable Energy",2018-10-01,1,journal-article,"Institute of Electrical and Electronics Engineers (IEEE)","Steven Percy - The University of Melbourne; M Aldeen - The University of Melbourne; Adam Berry - Health Sciences and Nutrition; Adam Berry - Commonwealth Scientific and Industrial Research Organisation",,"0000-0001-9164-1580; 0000-0002-2499-9491; 0000-0002-4132-4947"
"Comparison of prediction tools to determine their reliability on calculating operational heating consumption by monitoring no-fines concrete dwellings",10.1016/j.enbuild.2018.07.012,"Energy and Buildings",2018-10-01,1,journal-article,"Elsevier BV","Francisco Javier Cadavid Sierra - University of the West of England; Lamine Mahdjoubi - University of the West of England; Bill Gething - University of the West of England; Ammar Alzaatreh - University of the West of England; Richard Fitton - University of Salford; A Milnes Marshall - University of Salford",,"0000-0001-8021-6159; 0000-0001-9087-1456; 0000-0002-1173-9615; 0000-0002-6499-9795"
"ERA5: The new champion of wind power modelling?",10.1016/j.renene.2018.03.056,"Renewable Energy",2018-10-01,4,journal-article,"Elsevier BV","Jon Olauson - KTH Royal Institute of Technology; Jon Olauson - Uppsala University",,
"A nonlinear hybrid wind speed forecasting model using LSTM network, hysteretic ELM and Differential Evolution algorithm",10.1016/j.enconman.2018.07.070,"Energy Conversion and Management",2018-10-01,1,journal-article,"Elsevier BV","Ya-Lan Hu - Donghua University; Liang Chen - Donghua University",,
"Is power generation really the gold measure of the Chinese economy? A conceptual and empirical assessment",10.1016/j.enpol.2018.06.030,"Energy Policy",2018-10-01,1,journal-article,"Elsevier BV","Jin Zhang - China Household Electrical Appliances Research Institute; Jin Zhang - Southwestern University of Finance and Economics; Jin Zhang - Institute of Economics; Pujiang Li - Southwestern University of Finance and Economics; Pujiang Li - Institute of Economics; Guochang Zhao - Southwestern University of Finance and Economics; Guochang Zhao - Institute of Economics",,"0000-0001-8808-6803; 0000-0002-2960-2115"
"Multiple power-based building energy management system for efficient management of building energy",10.1016/j.scs.2018.08.008,"Sustainable Cities and Society",2018-10-01,1,journal-article,"Elsevier BV","Seok-Ho Yoon - Korea University; Seungyeon Kim - Korea University; Geon-Hee Park - Korea University; Yi-Kang Kim - Korea University; Choong-Ho Cho - Korea University; Byung-Hun Park - Korea University",,"0000-0001-6708-5684; 0000-0002-2230-7762; 0000-0002-4442-4775"
"Profiling occupant behaviour in Danish dwellings using time use survey data",10.1016/j.enbuild.2018.07.044,"Energy and Buildings",2018-10-01,2,journal-article,"Elsevier BV","Verena Marie Barthelmes - Politecnico di Torino; Verena Marie Barthelmes - Technical University of Denmark; Rongling Li - Technical University of Denmark; Rune Korsholm Andersen - Technical University of Denmark; William P Bahnfleth - Pennsylvania State University; Stefano P Corgnati - Politecnico di Torino; Carsten Rode - Technical University of Denmark",,"0000-0001-5749-6543; 0000-0001-7485-3119; 0000-0002-2805-2625; 0000-0002-3654-8014; 0000-0003-0080-1580"
"Energy optimal control of thermal comfort in trams",10.1016/j.applthermaleng.2018.07.084,"Applied Thermal Engineering",2018-10-01,1,journal-article,"Elsevier BV","Raphael N Hofstädter - TU Wien; Jorge Amaya - University of Chile; Jorge Amaya - Center for Mathematical Modeling; Martin Kozek - TU Wien",,"0000-0003-0402-3309; 0000-0003-1320-8428"
"Robust hydroelectric unit commitment considering integration of large-scale photovoltaic power: A case study in China",10.1016/j.apenergy.2018.07.019,"Applied Energy",2018-10-01,2,journal-article,"Elsevier BV","Bo Ming - Hubei Water Resources Research Institute; Bo Ming - Wuhan University; Pan Liu - Wuhan University; Pan Liu - Hubei Water Resources Research Institute; Shenglian Guo - Wuhan University; Shenglian Guo - Hubei Water Resources Research Institute; Lei Cheng - Wuhan University; Lei Cheng - Hubei Water Resources Research Institute; Yanlai Zhou - Wuhan University; Yanlai Zhou - Hubei Water Resources Research Institute; Shida Gao - Wuhan University; Shida Gao - Hubei Water Resources Research Institute; He Li - Wuhan University; He Li - Hubei Water Resources Research Institute",,"0000-0002-0655-1634; 0000-0002-4477-1099; 0000-0002-5298-9573; 0000-0002-5447-2420; 0000-0002-6466-3685; 0000-0002-8594-4988; 0000-0002-8707-2466"
"Ignition and combustion characteristics of lithium ion batteries under low atmospheric pressure",10.1016/j.energy.2018.06.129,Energy,2018-10-01,1,journal-article,"Elsevier BV","Yangyang Fu - University of Science and Technology of China; Song Lu - University of Science and Technology of China; Long Shi - RMIT University; Xudong Cheng - University of Science and Technology of China; Heping Zhang - University of Science and Technology of China",,"0000-0001-8715-7550; 0000-0002-1984-7039; 0000-0002-3334-9263; 0000-0002-9759-2852; 0000-0003-0763-7293"
"Remote, small-scale, ‘greener’ routes of ammonia production",10.1016/j.jclepro.2018.06.130,"Journal of Cleaner Production",2018-10-01,2,journal-article,"Elsevier BV","Pratham Arora - Indian Institute of Technology Bombay; Pratham Arora - IITB-Monash Research Academy; Pratham Arora - Monash University; Ishan Sharma - Monash University; Ishan Sharma - Indian Institute of Technology Bombay; Ishan Sharma - IITB-Monash Research Academy; Andrew Hoadley - Monash University; Sanjay M Mahajani - Indian Institute of Technology Bombay; Anuradda Ganesh - Indian Institute of Technology Bombay",,
"Rapid high density cryogenic pressure vessel filling to 345 bar with a liquid hydrogen pump",10.1016/j.ijhydene.2018.08.139,"International Journal of Hydrogen Energy",2018-10-01,1,journal-article,"Elsevier BV","Guillaume Petitpas - Lawrence Livermore National Laboratory; Julio Moreno-Blanco - Lawrence Livermore National Laboratory; Francisco Espinosa-Loza - Lawrence Livermore National Laboratory; Salvador M Aceves - Lawrence Livermore National Laboratory",,"0000-0002-3108-7239; 0000-0002-8189-0572; 0000-0003-3203-3598"
"Exploring the interactive effects of ambient temperature and vehicle auxiliary loads on electric vehicle energy consumption",10.1016/j.apenergy.2017.08.074,"Applied Energy",2018-10-01,2,journal-article,"Elsevier BV","Kai Liu - Dalian University of Technology; Jiangbo Wang - Dalian University of Technology; Toshiyuki Yamamoto - Nagoya University; Takayuki Morikawa - Nagoya University",,"0000-0001-8699-199X; 0000-0002-0528-7325; 0000-0002-3361-4741; 0000-0002-7540-5040"
"On the temporal modelling of solar photovoltaic soiling: Energy and economic impacts in seven cities",10.1016/j.apenergy.2018.07.020,"Applied Energy",2018-10-01,2,journal-article,"Elsevier BV","Siming You - University of Glasgow; Yu Jie Lim - National University of Singapore; Yanjun Dai - Shanghai Jiao Tong University; Chi‐Hwa Wang - National University of Singapore",,
"A dynamic gain-scheduled ventilation control system for a subway station based on outdoor air quality conditions",10.1016/j.buildenv.2018.08.016,"Building and Environment",2018-10-01,1,journal-article,"Elsevier BV","Jorge Loy-Benitez - Kyung Hee University; Qian Li - Kyung Hee University; Pouya Ifaei - Kyung Hee University; KiJeon Nam - Kyung Hee University; SungKu Heo - Kyung Hee University; ChangKyoo Yoo - Kyung Hee University",,
"Predictive air-conditioner control for electric buses with passenger amount variation forecast☆",10.1016/j.apenergy.2017.08.181,"Applied Energy",2018-10-01,1,journal-article,"Elsevier BV","Hongwen He - Beijing Institute of Technology; Mei Yan - Beijing Institute of Technology; Chao Sun - Beijing Institute of Technology; Jiankun Peng - Beijing Institute of Technology; Menglin Li - Beijing Technology and Business University; Hui Jia - Beijing Institute of Technology",,"0000-0002-7620-3838; 0000-0002-9248-9020; 0000-0003-1444-9741"
"Energy-Aware Spiral Coverage Path Planning for UAV Photogrammetric Applications",10.1109/lra.2018.2854967,"IEEE Robotics and Automation Letters",2018-10-01,1,journal-article,"Institute of Electrical and Electronics Engineers (IEEE)","Tauã M Cabreira - Universidade Federal de Pelotas; Carmelo Di Franco - Scuola Superiore Sant'Anna; Paulo R Ferreira - Universidade Federal de Pelotas; Giorgio Buttazzo - Scuola Superiore Sant'Anna",,"0000-0001-5631-6766; 0000-0002-8134-4272; 0000-0003-3518-8050; 0000-0003-4959-4017"
"Analysis and Modeling of Interharmonics From Grid-Connected Photovoltaic Systems",10.1109/tpel.2017.2778025,"IEEE Transactions on Power Electronics",2018-10-01,2,journal-article,"Institute of Electrical and Electronics Engineers (IEEE)","Ariya Sangwongwanich - Aalborg University; Yongheng Yang - Aalborg University; Dezső Séra - Aalborg University; Hamid Soltani - Vestas (Denmark); Frede Blaabjerg - Aalborg University",,
"Energy performance of cross-laminated timber panel (X-Lam) buildings: A case study",10.18280/mmep.050307,"Mathematical Modelling of Engineering Problems",2018-09-30,4,journal-article,"International Information and Engineering Technology Association","Francesco Nocera - University of Catania; Antonio Gagliano - University of Catania; Maurizio Detommaso - University of Catania",,"0000-0001-5673-5418; 0000-0002-0462-7586; 0000-0003-4323-8046"
"Combining Quantitative Risk Assessment of Human Health, Food Waste, and Energy Consumption: The Next Step in the Development of the Food Cold Chain?",10.1111/risa.13199,"Risk Analysis",2018-09-27,3,journal-article,Wiley,,,
"Information Systems for a Smart Electricity Grid",10.1145/3230712,"ACM Transactions on Management Information Systems",2018-09-26,1,journal-article,"Association for Computing Machinery (ACM)","Wolfgang Ketter - University of Cologne; Maytal Saar‐Tsechansky - The University of Texas at Austin; John Collins - University of Minnesota",,"0000-0001-9008-142X; 0000-0002-2400-3762; 0000-0002-7881-4595"
"A Data‐Driven Approach to Assessing Supply Inadequacy Risks Due to Climate‐Induced Shifts in Electricity Demand",10.1111/risa.13192,"Risk Analysis",2018-09-24,1,journal-article,Wiley,"Sayanti Mukherjee - Buffalo State University; Sayanti Mukherjee - University at Buffalo, State University of New York; Roshanak Nateghi - Purdue University West Lafayette",,"0000-0002-5833-1617; 0000-0003-4569-9233"
"Trip Energy Estimation Methodology and Model Based on Real-World Driving Data for Green-Routing Applications",10.1177/0361198118798286,"Transportation Research Record: Journal of the Transportation Research Board",2018-09-21,3,journal-article,"SAGE Publications","Jacob Holden - National Laboratory of the Rockies; Harrison Van Til - National Laboratory of the Rockies; Eric Wood - National Laboratory of the Rockies; Lei Zhu - National Laboratory of the Rockies; Jeffrey Gonder - National Laboratory of the Rockies; Matthew Shirk - Idaho National Laboratory",,"0000-0002-0788-588X; 0000-0002-4384-1171; 0000-0002-9177-1104; 0000-0003-0170-1178"
"Road transport vehicles in South Africa towards 2050: Factors influencing technology choice and implications  for fuel supply",10.17159/2413-3051/2018/v29i3a5596,"Journal of Energy in Southern Africa",2018-09-21,2,journal-article,"Academy of Science of South Africa","Fadiel Ahjum - University of Cape Town; Bruno Merven - University of Cape Town; Tara Caetano - University of Cape Town",,
"Hybrid Input-Output Analysis of Embodied Carbon and Construction Cost Differences between New-Build and Refurbished Projects",10.3390/su10093229,Sustainability,2018-09-10,2,journal-article,"MDPI AG","Craig Langston - Bond University; Edwin H.W Chan - Hong Kong Polytechnic University; Esther H.K Yung - Hong Kong Polytechnic University",,
"Techno-economic comparison of the levelised cost of electricity generation from solar PV and battery storage with solar PV and combustion of bio-crude using fast pyrolysis of biomass",10.1016/j.enconman.2018.06.090,"Energy Conversion and Management",2018-09-01,1,journal-article,"Elsevier BV",,,
"Estimating the heating energy consumption of the residential buildings in Hebron, Palestine",10.1016/j.jclepro.2018.06.059,"Journal of Cleaner Production",2018-09-01,1,journal-article,"Elsevier BV","Shireen Al Qadi - University of Lincoln; Behzad Sodagar - University of Lincoln; Amira Elnokaly - University of Lincoln",,"0000-0002-2119-150X; 0000-0002-9780-3779"
"The effect of wind and solar power forecasts on day-ahead and intraday electricity prices in Germany",10.1016/j.eneco.2018.07.006,"Energy Economics",2018-09-01,3,journal-article,"Elsevier BV","Marc Gürtler - Technische Universität Braunschweig; Thomas Paulsen - Technische Universität Braunschweig",,
"Shape-Based Approach to Household Electric Load Curve Clustering and Prediction",10.1109/tsg.2017.2683461,"IEEE Transactions on Smart Grid",2018-09-01,1,journal-article,"Institute of Electrical and Electronics Engineers (IEEE)","Thanchanok Teeraratkul - Stanford University; Daniel O’Neill - Stanford University; Sanjay Lall - Stanford University",,"0000-0001-7773-1870; 0000-0002-1783-5309; 0000-0002-8520-0268"
"Probabilistic forecasting of solar power, electricity consumption and net load: Investigating the effect of seasons, aggregation and penetration on prediction intervals",10.1016/j.solener.2018.06.103,"Solar Energy",2018-09-01,1,journal-article,"Elsevier BV","Dennis van der Meer - Uppsala University; Joakim Munkhammar - Uppsala University; Joakim Widén - Uppsala University",,"0000-0002-9473-4536; 0000-0003-0051-4098; 0000-0003-4887-9547"
"Predicting host CPU utilization in the cloud using evolutionary neural networks",10.1016/j.future.2018.03.040,"Future Generation Computer Systems",2018-09-01,1,journal-article,"Elsevier BV","Karl Mason - Ollscoil na Gaillimhe – University of Galway; Martin Duggan - Ollscoil na Gaillimhe – University of Galway; Enda Barrett - Ollscoil na Gaillimhe – University of Galway; Jim Duggan - Ollscoil na Gaillimhe – University of Galway; Enda Howley - Ollscoil na Gaillimhe – University of Galway",,"0000-0002-7507-8617; 0000-0002-8966-9100; 0000-0002-9876-8717; 0000-0003-2687-4630"
"Spatial distribution of building energy use in the United States through satellite imagery of the earth at night",10.1016/j.buildenv.2018.06.033,"Building and Environment",2018-09-01,1,journal-article,"Elsevier BV","Derek Fehrer - University of Colorado Boulder; Moncef Krarti - University of Colorado Boulder",,0000-0002-8758-9123
"The development and validation of a vehicle simulator for the introduction of Worldwide Harmonized test protocol in the European light duty vehicle CO2 certification process",10.1016/j.apenergy.2018.06.009,"Applied Energy",2018-09-01,12,journal-article,"Elsevier BV","Georgios Fontaras - Joint Research Centre; Víctor Valverde - Joint Research Centre; Vincenzo Arcidiacono - Joint Research Centre; Stefanos Tsiakmakis - Joint Research Centre; Κωνσταντίνος Αναγνωστόπουλος - Joint Research Centre; Dimitrios Komnos - Joint Research Centre; Jelica Pavlovic - Joint Research Centre; Biagio Ciuffo - Joint Research Centre",,
"Comparison of artificial intelligence methods in estimation of daily global solar radiation",10.1016/j.jclepro.2018.05.147,"Journal of Cleaner Production",2018-09-01,1,journal-article,"Elsevier BV","Ali Khosravi - Universidade Federal de Minas Gerais; Raphael Nunes - Universidade Federal de Minas Gerais; Mamdouh El Haj Assad - University of Sharjah; Luiz Machado - Universidade Federal de Minas Gerais",,"0000-0001-6311-7925; 0000-0002-5815-8340; 0000-0002-7749-9538"
"Data-driven Urban Energy Simulation (DUE-S): A framework for integrating engineering simulation and machine learning methods in a multi-scale urban energy modeling workflow",10.1016/j.apenergy.2018.05.023,"Applied Energy",2018-09-01,1,journal-article,"Elsevier BV","Alex Nutkiewicz - Stanford University; Yang Zheng - Stanford University; Rishee K Jain - Stanford University",,"0000-0001-9118-8333; 0000-0002-0568-032X; 0000-0002-3398-2675"
"Multi-time period optimized configuration and scheduling of gas storage in gas-fired power plants",10.1016/j.apenergy.2018.06.033,"Applied Energy",2018-09-01,1,journal-article,"Elsevier BV","Qiao Zheng - Tsinghua University; Qinglai Guo - Tsinghua University; Hongbin Sun - Tsinghua University; Tongtian Sheng - Tsinghua University",,"0000-0002-5465-9818; 0000-0002-8811-3530; 0000-0003-1435-5796"
"A thermo-economic analysis and comparison of pumped-thermal and liquid-air electricity storage systems",10.1016/j.apenergy.2018.04.128,"Applied Energy",2018-09-01,1,journal-article,"Elsevier BV","Solomos Georgiou - Imperial College London; Nilay Shah - Imperial College London; Christos N Markides - Imperial College London",,"0000-0002-4219-1867; 0000-0002-8906-6844"
"Experimental and modeling study of pressure drop across electrospun nanofiber air filters",10.1016/j.buildenv.2018.06.021,"Building and Environment",2018-09-01,1,journal-article,"Elsevier BV","Ye Bian - Chinese University of Hong Kong; Li Zhang - Chinese University of Hong Kong; Chun Chen - Chinese University of Hong Kong",,
"Translating climate change and heating system electrification impacts on building energy use to future greenhouse gas emissions and electric grid capacity requirements in California",10.1016/j.apenergy.2018.05.003,"Applied Energy",2018-09-01,11,journal-article,"Elsevier BV","Brian Tarroja - University of California, Irvine; Brian Tarroja - Irvine University; Felicia Chiang - Irvine University; Felicia Chiang - University of California, Irvine; Amir AghaKouchak - University of California, Irvine; Amir AghaKouchak - Irvine University; Scott Samuelsen - Irvine University; Scott Samuelsen - University of California, Irvine; Shuba V Raghavan - University of California, Berkeley; Max Wei - Lawrence Berkeley National Laboratory; Kaiyu Sun - Lawrence Berkeley National Laboratory; Tianzhen Hong - Lawrence Berkeley National Laboratory",,
"The impact of socioeconomic and behavioural factors for purchasing energy efficient household appliances: A case study for Denmark",10.1016/j.enpol.2018.05.048,"Energy Policy",2018-09-01,2,journal-article,"Elsevier BV","Mattia Baldini - Technical University of Denmark; Alessio Trivella - Technical University of Denmark; Jordan Wente - Technical University of Denmark",,"0000-0002-2614-5051; 0000-0002-5181-7083"
"Residential Consumer-Centric Demand Side Management",10.1109/tsg.2017.2661991,"IEEE Transactions on Smart Grid",2018-09-01,1,journal-article,"Institute of Electrical and Electronics Engineers (IEEE)","Nadia Ahmed - University of California, Irvine; Marco Levorato - University of California, Irvine; G.P Li - University of California, Irvine",,"0000-0001-8713-5722; 0000-0002-6920-4189; 0000-0002-7607-2612"
"Climate change impacts on peak building cooling energy demand in a coastal megacity",10.1088/1748-9326/aad8d0,"Environmental Research Letters",2018-08-31,1,journal-article,"IOP Publishing","Luis Ortiz - City College of New York; Jorge E González - City College of New York; Wuyin Lin - Brookhaven National Laboratory",,"0000-0002-2324-0205; 0000-0002-3392-9954; 0000-0002-4248-6374"
"Comfort as a Service: A New Paradigm for Residential Environmental Quality Control",10.3390/su10093053,Sustainability,2018-08-28,1,journal-article,"MDPI AG","Juan Gómez‐Romero - Universidad de Granada; Miguel Molina-Solana - Universidad de Granada; M Blanca Ros - Universidad de Granada; M Dolores Ruiz - Universidad de Granada; Marı́a J Martı́n-Bautista - Universidad de Granada",,"0000-0001-5688-2039; 0000-0002-6973-477X; 0000-0003-0439-3692; 0000-0003-1077-3173"
"The Energy and Carbon Footprint of the Global ICT and E&M Sectors 2010–2015",10.3390/su10093027,Sustainability,2018-08-25,104,journal-article,"MDPI AG","Jens Malmodin - Ericsson (Sweden); Jens Malmodin - TeliaSonera (Sweden); Dag Lundén - Ericsson (Sweden); Dag Lundén - TeliaSonera (Sweden)",,
"Incorporating Multiple Uncertainties into Projections of Chinese Private Car Sales and Stock",10.1177/0361198118791361,"Transportation Research Record: Journal of the Transportation Research Board",2018-08-23,1,journal-article,"SAGE Publications","I-Yun Lisa Hsieh - Massachusetts Institute of Technology; Paul Kishimoto - Massachusetts Institute of Technology; William H Green - Massachusetts Institute of Technology",,"0000-0002-1668-4094; 0000-0002-8578-753X; 0000-0003-2603-9694"
"Impact of climate change on backup energy and storage needs in wind-dominated power systems in Europe",10.1371/journal.pone.0201457,"PLOS ONE",2018-08-22,3,journal-article,"Public Library of Science (PLoS)","Juliane Weber - Forschungszentrum Jülich; Juliane Weber - University of Cologne; Jan Wohland - Forschungszentrum Jülich; Jan Wohland - University of Cologne; Mark Reyers - University of Cologne; Julia Moemken - Karlsruhe Institute of Technology; C M Hoppe - Rhenish Institute for Environmental Research; C M Hoppe - University of Cologne; C M Hoppe - Forschungszentrum Jülich; Joaquim G Pinto - Karlsruhe Institute of Technology; Dirk Witthaut - Forschungszentrum Jülich; Dirk Witthaut - University of Cologne",,
"Ex-Ante Analysis of Economic, Social and Environmental Impacts of Large-Scale Renewable and Nuclear Energy Targets for Global Electricity Generation by 2030",10.3390/su10082884,Sustainability,2018-08-14,3,journal-article,"MDPI AG","Kamel Almutairi - University of Arkansas at Fayetteville; Kamel Almutairi - Taibah University; Greg Thoma - University of Arkansas at Fayetteville; Alvaro Durand‐Morat - University of Arkansas at Fayetteville",,"0000-0001-8757-7635; 0000-0002-8036-2217"
"Load Forecasting for a Campus University Using Ensemble Methods Based on Regression Trees",10.3390/en11082038,Energies,2018-08-06,2,journal-article,"MDPI AG","María Carmen Ruiz-Abellón - Universidad Politécnica de Cartagena; Antonio Gabaldón - Universidad Politécnica de Cartagena; Antonio Guillamón - Universidad Politécnica de Cartagena",,"0000-0002-0639-2688; 0000-0002-0952-4607; 0000-0002-3855-2842"
"Influence of Heating Oil Formulation on the Combustion and Emissions of Domestic Condensing Boilers Using Fossil Fuel and Renewable Fuel Mixtures",10.1021/acs.energyfuels.8b00998,"Energy & Fuels",2018-08-04,1,journal-article,"American Chemical Society (ACS)","Claudia Esarte - Repsol (Spain); Jesús Delgado - Repsol (Spain)",,
"Daylighting and Energy Performance Evaluation of an Egg-Crate Device for Hospital Building Retrofitting in a Mediterranean Climate",10.3390/su10082714,Sustainability,2018-08-02,2,journal-article,"MDPI AG","Carmen María Calama-González - Universidad de Sevilla; Ángel Luis Rodríguez - Universidad de Sevilla; Rafael Suárez - Universidad de Sevilla",,
"Short-term solar power forecasting considering cloud coverage and ambient temperature variation effects",10.1016/j.renene.2018.02.102,"Renewable Energy",2018-08-01,1,journal-article,"Elsevier BV","Foad H Gandoman - Vrije Universiteit Brussel; Shady H E Abdel Aleem - Higher Institute of Engineering; Noshin Omar - Vrije Universiteit Brussel; Abdollah Ahmadi - UNSW Sydney; Faisal Q Alenezi - Public Authority for Applied Education and Training; Faisal Q Alenezi - College of Technological Studies",,"0000-0002-7067-8496; 0000-0003-0140-4309; 0000-0003-2546-6352; 0000-0003-3814-4547"
"Different responses of cooling energy consumption in office buildings to climatic change in major climate zones of China",10.1016/j.enbuild.2018.05.037,"Energy and Buildings",2018-08-01,2,journal-article,"Elsevier BV","Mingcai Li - Tianjin Meteorological Bureau; Jingfu Cao - Tianjin Meteorological Bureau; Mingming Xiong - Tianjin Meteorological Bureau; Ji Li - China Academy of Building Research; Xiaomei Feng - China Academy of Building Research; Fanchao Meng - Tianjin Meteorological Bureau",,"0000-0001-5218-8947; 0000-0003-0719-1578; 0000-0003-2908-5071"
"Uncovering the nonlinear predictive causality between natural gas and electricity prices",10.1016/j.eneco.2018.07.025,"Energy Economics",2018-08-01,1,journal-article,"Elsevier BV","Jorge M Uribe - Universidad del Valle; Jorge M Uribe - Universitat de Barcelona; Montserrat Guillén - Universitat de Barcelona; Montserrat Guillén - Barcelona School of Economics; Stephanía Mosquera-López - Universidad del Valle",,"0000-0002-2644-6268; 0000-0002-5844-2771; 0000-0003-2274-541X"
"Fuel poverty in the US: Evidence using the 2009 Residential Energy Consumption Survey",10.1016/j.eneco.2018.06.007,"Energy Economics",2018-08-01,7,journal-article,"Elsevier BV","Tanga M Mohr - Appalachian State University",,
"Development and validation of energy demand uncertainty model for electric city buses",10.1016/j.trd.2018.06.004,"Transportation Research Part D: Transport and Environment",2018-08-01,1,journal-article,"Elsevier BV","Jari Vepsäläinen - Aalto University; Klaus Kivekäs - Aalto University; Kevin Otto - Aalto University; Antti Lajunen - Aalto University; Kari Tammi - Aalto University",,
"In depth study on the notable room-temperature NO2 gas sensor based on CuO nanoplatelets prepared by sonochemical method: Comparison of various bases",10.1016/j.snb.2018.03.106,"Sensors and Actuators B: Chemical",2018-08-01,1,journal-article,"Elsevier BV","Dina N Oosthuizen - Council for Scientific and Industrial Research; Dina N Oosthuizen - University of the Free State; David E Motaung - University of the Free State; David E Motaung - Council for Scientific and Industrial Research; H.C Swart - University of the Free State",,"0000-0001-5233-0130; 0000-0001-8424-9353; 0000-0001-9888-6089"
"Sky view factor as predictor of solar availability on building façades",10.1016/j.solener.2018.06.028,"Solar Energy",2018-08-01,2,journal-article,"Elsevier BV","Christina Chatzipoulka - School of Engineering and Architecture of Fribourg; Christina Chatzipoulka - University of Kent; R Compagnon - School of Engineering and Architecture of Fribourg; Jérôme Kaempf - School of Engineering and Architecture of Fribourg; Marialena Nikolopoulou - University of Kent",,
"Social acceptance of renewable energy projects: A contingent valuation investigation in Western Greece",10.1016/j.renene.2018.02.068,"Renewable Energy",2018-08-01,1,journal-article,"Elsevier BV","John A Paravantis - University of Piraeus; Eleni K Stigka - University of Patras; G Mihalakakou - University of Patras; Evanthie Μichalena - University of the Sunshine Coast; Jeremy Hills - University of the South Pacific; Vasilis Dourmas - University of Patras",,"0000-0002-4459-7529; 0000-0002-9204-2536"
"Using a novel multi-variable grey model to forecast the electricity consumption of Shandong Province in China",10.1016/j.energy.2018.05.147,Energy,2018-08-01,1,journal-article,"Elsevier BV","Lifeng Wu - Hebei University of Engineering; Xiaohui Gao - Hebei University of Engineering; Yanli Xiao - Hebei University of Engineering; Yingjie Yang - De Montfort University; Xiangnan Chen - Hebei University of Engineering",,"0000-0001-5997-1256; 0000-0002-6744-3418; 0000-0002-9548-9747; 0000-0003-3542-5888; 0000-0003-4525-5624"
"Economic assessment of photovoltaic battery systems based on household load profiles",10.1016/j.apenergy.2018.03.185,"Applied Energy",2018-08-01,1,journal-article,"Elsevier BV","Sandro Schopfer - ETH Zurich; Verena Tiefenbeck - ETH Zurich; Thorsten Staake - University of Bamberg",,"0000-0001-8827-5575; 0000-0003-1399-4676"
"Long term load forecasting accuracy in electric utility integrated resource planning",10.1016/j.enpol.2018.04.060,"Energy Policy",2018-08-01,3,journal-article,"Elsevier BV","Juan Pablo Carvallo - Lawrence Berkeley National Laboratory; Peter H Larsen - Lawrence Berkeley National Laboratory; Alan H Sanstad - Lawrence Berkeley National Laboratory; Charles Goldman - Lawrence Berkeley National Laboratory",,
"Field evaluation of performance of HVAC optimization system in commercial buildings",10.1016/j.enbuild.2018.05.048,"Energy and Buildings",2018-08-01,1,journal-article,"Elsevier BV","Jessica Granderson - Lawrence Berkeley National Laboratory; Guanjing Lin - Lawrence Berkeley National Laboratory; Samuel Fernandes - Lawrence Berkeley National Laboratory; Samir Touzani - Lawrence Berkeley National Laboratory",,"0000-0001-7768-8358; 0000-0002-2143-433X; 0000-0002-4536-9560"
"Energy-efficient retrofit of social housing in the UK: Lessons learned from a Community Energy Saving Programme (CESP) in Nottingham",10.1016/j.enbuild.2018.04.067,"Energy and Buildings",2018-08-01,8,journal-article,"Elsevier BV","Heba Elsharkawy - University of East London; Peter Rutherford - University of Nottingham",,
"Real‐time monitoring and diagnosis of photovoltaic system degradation only using maximum power point—the Suns‐Vmp method",10.1002/pip.3043,"Progress in Photovoltaics: Research and Applications",2018-07-26,1,journal-article,Wiley,"Xingshu Sun - Purdue University West Lafayette; Raghu Vamsi Krishna Chavali - Purdue University West Lafayette; Muhammad A Alam - Purdue University West Lafayette",,"0000-0001-8775-6043; 0000-0002-2511-0076; 0000-0002-8917-2639"
"Numerical Modeling and Performance Prediction of COS Hydrolysis Reactor in an Integrated Gasification Fuel Cell in terms of Thermo-Chemical Transport Phenomena",10.3390/app8071196,"Applied Sciences",2018-07-21,1,journal-article,"MDPI AG","Jung-Hun Noh - Institute for Advanced Engineering; Dong-Shin Ko - Institute for Advanced Engineering; Seung-Jong Lee - Institute for Advanced Engineering; Deog-Jae Hur - Institute for Advanced Engineering",,"0000-0001-5978-7715; 0000-0002-4920-1554; 0000-0003-0268-7742; 0000-0003-0703-2147"
"A Deep CNN-LSTM Model for Particulate Matter (PM2.5) Forecasting in Smart Cities",10.3390/s18072220,Sensors,2018-07-10,2,journal-article,"MDPI AG","Chiou‐Jye Huang - Jiangxi University of Science and Technology; Ping‐Huan Kuo - National Pingtung University",,"0000-0001-5125-4420; 0000-0001-6262-9275"
"Three-Dimensional Visualization Solution to Building-Energy Diagnosis for Energy Feedback",10.3390/en11071736,Energies,2018-07-02,1,journal-article,"MDPI AG","Tae Keun Oh - Incheon National University; Dong-Hwan Lee - Sungkyunkwan University; Minsoo Park - Sungkyunkwan University; Gichun Cha - Sungkyunkwan University; Seunghee Park - Sungkyunkwan University",,"0000-0001-8970-0668; 0000-0002-5096-3310; 0000-0002-6327-8742; 0000-0002-8488-7387; 0000-0003-3848-6248"
"Modeling and Forecasting Passenger Car Ownership Based on Symbolic Regression",10.3390/su10072275,Sustainability,2018-07-02,2,journal-article,"MDPI AG","Lian Lian - Dalian University of Technology; Wen Tian - Dalian University of Technology; Hongfeng Xu - Dalian University of Technology; Menglan Zheng - Dalian University of Technology",,"0000-0002-7774-1902; 0000-0003-0025-5663"
"Energy intensity and energy conservation potential in China: A regional comparison perspective",10.1016/j.energy.2018.05.053,Energy,2018-07-01,1,journal-article,"Elsevier BV","Kangyin Dong - China University of Petroleum, Beijing; Kangyin Dong - Rutgers, The State University of New Jersey; Renjin Sun - China University of Petroleum, Beijing; Renjin Sun - State Key Laboratory of Heavy Oil; Gal Hochman - Rutgers, The State University of New Jersey; Hui Li - Beijing Institute of Technology; Hui Li - Key Laboratory of Nuclear Radiation and Nuclear Energy Technology",,"0000-0001-5591-9581; 0000-0001-8744-7785; 0000-0002-0599-0950; 0000-0002-5776-1498"
"Forecasting energy demand, wind generation and carbon dioxide emissions in Ireland using evolutionary neural networks",10.1016/j.energy.2018.04.192,Energy,2018-07-01,1,journal-article,"Elsevier BV","Karl Mason - Ollscoil na Gaillimhe – University of Galway; Jim Duggan - Ollscoil na Gaillimhe – University of Galway; Enda Howley - Ollscoil na Gaillimhe – University of Galway",,"0000-0002-7507-8617; 0000-0002-8966-9100; 0000-0003-2687-4630"
"A Reserve Response Set Model for Systems with Stochastic Resources",10.1109/tpwrs.2017.2776202,"IEEE Transactions on Power Systems",2018-07-01,2,journal-article,"Institute of Electrical and Electronics Engineers (IEEE)","Nikita Singhal - Arizona State University; Nan Li - Arizona State University; Kory W Hedman - Arizona State University",,"0000-0002-8687-8441; 0000-0003-3993-206X; 0000-0003-4501-8776"
"History and trends in solar irradiance and PV power forecasting: A preliminary assessment and review using text mining",10.1016/j.solener.2017.11.023,"Solar Energy",2018-07-01,4,journal-article,"Elsevier BV","Jan Kleissl - University of California San Diego; Hugo T.C Pedro - University of California San Diego; Carlos F.M Coimbra - University of California San Diego",,
"Forecasting electricity demand of electric vehicles by analyzing consumers’ charging patterns",10.1016/j.trd.2018.02.009,"Transportation Research Part D: Transport and Environment",2018-07-01,4,journal-article,"Elsevier BV","HyungBin Moon - Seoul National University; Stephen Youngjun Park - Seoul National University; Changhyun Jeong - Seoul National University; Jongsu Lee - Seoul National University",,
"Mitigating the impact of personal vehicle electrification: A power generation perspective",10.1016/j.enpol.2018.03.056,"Energy Policy",2018-07-01,2,journal-article,"Elsevier BV","Constance Crozier - University of Oxford; Dimitra Apostolopoulou - University of London; Malcolm McCulloch - University of Oxford",,"0000-0001-5378-1128; 0000-0001-9774-2729; 0000-0002-9012-9910"
"Evaluation of a whole-house energy simulation tool against measured data",10.1016/j.enbuild.2018.04.034,"Energy and Buildings",2018-07-01,1,journal-article,"Elsevier BV","Zhengen Ren - CSIRO Land and Water; Dong Chen - CSIRO Land and Water; Melissa James - CSIRO Land and Water",,"0000-0001-6128-7525; 0000-0001-6495-678X; 0000-0002-7429-4879"
"Machine-learning algorithms for predicting on-farm direct water and electricity consumption on pasture based dairy farms",10.1016/j.compag.2018.03.023,"Computers and Electronics in Agriculture",2018-07-01,1,journal-article,"Elsevier BV","Philip Shine - Munster Technological University; Michael D Murphy - Munster Technological University; John Upton - Teagasc - The Irish Agriculture and Food Development Authority; Ted Scully - Munster Technological University",,"0000-0002-4269-2581; 0000-0002-4387-8580; 0000-0002-6142-8372; 0000-0002-6970-9179"
"Improved satellite-derived PV power nowcasting using real-time power data from reference PV systems",10.1016/j.solener.2017.10.091,"Solar Energy",2018-07-01,2,journal-article,"Elsevier BV","Jamie M Bright - Australian National University; Sven Killinger - Australian National University; David Lingfors - Uppsala University; David Lingfors - Australian National University; Nicholas A Engerer - Australian National University",,"0000-0001-6586-4932; 0000-0001-8197-5181; 0000-0002-9465-3453; 0000-0003-3966-3058"
"A model predictive control strategy of PV-Battery microgrid under variable power generations and load conditions",10.1016/j.apenergy.2018.03.085,"Applied Energy",2018-07-01,2,journal-article,"Elsevier BV","Jiefeng Hu - Hong Kong Polytechnic University; Yinliang Xu - Tsinghua–Berkeley Shenzhen Institute; K.W.E Cheng - Hong Kong Polytechnic University; Josep M Guerrero - Aalborg University",,"0000-0001-5149-5101; 0000-0001-5236-4592; 0000-0001-6725-4564; 0000-0003-2615-5169"
"A multi-hazard approach to assess severe weather-induced major power outage risks in the U.S.",10.1016/j.ress.2018.03.015,"Reliability Engineering & System Safety",2018-07-01,13,journal-article,"Elsevier BV","Sayanti Mukherjee - Purdue University West Lafayette; Roshanak Nateghi - Purdue University West Lafayette; Makarand Hastak - Purdue University West Lafayette",,
"Cellular energy allocation analysis of multiple marine bivalves using near infrared spectroscopy",10.1016/j.ecolind.2018.03.007,"Ecological Indicators",2018-07-01,1,journal-article,"Elsevier BV","Jill K Bartlett - University of Canberra; William A Maher - University of Canberra",,"0000-0001-7564-3383; 0000-0002-4058-5336"
"Solar photovoltaic self-consumption in the UK residential sector: New estimates from a smart grid demonstration project",10.1016/j.enpol.2018.04.006,"Energy Policy",2018-07-01,2,journal-article,"Elsevier BV","Eoghan McKenna - University College London; Eoghan McKenna - Energy Institute; Jacquelyn Pless - University of Oxford; Sarah Darby - Energy Institute; Sarah Darby - University College London",,
"Non-stationary hydropower generation projections constrained by environmental and electricity grid operations over the western United States",10.1088/1748-9326/aad19f,"Environmental Research Letters",2018-07-01,18,journal-article,"IOP Publishing","Tian Zhou - Pacific Northwest National Laboratory; Nathalie Voisin - University of Washington; Nathalie Voisin - Pacific Northwest National Laboratory; Tao Fu - Pacific Northwest National Laboratory",,
"Experimental Demonstration of Frequency Regulation by Commercial Buildings—Part II: Results and Performance Evaluation",10.1109/tsg.2016.2628893,"IEEE Transactions on Smart Grid",2018-07-01,2,journal-article,"Institute of Electrical and Electronics Engineers (IEEE)","Evangelos Vrettos - ETH Zurich; Emre Can Kara - SLAC National Accelerator Laboratory; Jason MacDonald - Lawrence Berkeley National Laboratory; Göran Andersson - ETH Zurich; Duncan S Callaway - University of California, Berkeley",,"0000-0001-9525-5118; 0000-0001-9912-9979; 0000-0002-7715-7087; 0000-0003-0298-5387; 0000-0003-3316-9008"
"Inter-Cluster Thread-to-Core Mapping and DVFS on Heterogeneous Multi-Cores",10.1109/tmscs.2017.2755619,"IEEE Transactions on Multi-Scale Computing Systems",2018-07-01,1,journal-article,"Institute of Electrical and Electronics Engineers (IEEE)","Karunakar Reddy Basireddy - University of Southampton; Amit Kumar Singh - University of Essex; Dwaipayan Biswas - University of Southampton; Geoff V Merrett - University of Southampton; Bashir M Al‐Hashimi - University of Southampton",,"0000-0001-9755-1041; 0000-0002-1087-3433; 0000-0002-3591-1328; 0000-0003-2056-0569; 0000-0003-4980-3894"
"Modelling perception and attitudes towards renewable energy technologies",10.1016/j.renene.2018.01.104,"Renewable Energy",2018-07-01,1,journal-article,"Elsevier BV","Fernando José da Silva Paiva Ribeiro - University of Minho; Paula Ferreira - University of Minho; Madalena Araújo - University of Minho; Ana Cristina Braga - University of Minho",,"0000-0002-1991-9418; 0000-0002-3515-0135; 0000-0002-3712-4803; 0000-0002-6659-2198"
"Passenger Aviation and High Speed Rail: A Comparison of Emissions Profiles on Selected European Routes",10.1155/2018/6205714,"Journal of Advanced Transportation",2018-06-27,7,journal-article,"Hindawi Limited","Matteo Prussi - Joint Research Centre; Lonza Laura - Joint Research Centre",,
"Providing a foundation for road transport energy demand analysis: The development of a vehicle parc model for South Africa",10.17159/2413-3051/2018/v29i2a2774,"Journal of Energy in Southern Africa",2018-06-22,1,journal-article,"Academy of Science of South Africa","Adrian Stone - Sustainable Energy Systems (United Kingdom); Bruno Merven - University of Cape Town; Tiisetso Maseela - Mott MacDonald (Czechia); Resmun Moonsamy - South African National Energy Development Institute",,"0000-0001-6902-5968; 0000-0002-8777-8207"
"Gaussian Process Operational Curves for Wind Turbine Condition Monitoring",10.3390/en11071631,Energies,2018-06-22,2,journal-article,"MDPI AG","Ravi Pandit - University of Strathclyde; David Infield - University of Strathclyde",,
"Predictive modeling of battery degradation and greenhouse gas emissions from U.S. state-level electric vehicle operation",10.1038/s41467-018-04826-0,"Nature Communications",2018-06-21,3,journal-article,"Springer Nature","Fan Yang - Case Western Reserve University; Yuanyuan Xie - Argonne National Laboratory; Yelin Deng - University of Wisconsin–Milwaukee; Chris Yuan - Case Western Reserve University",,
"Transmission power adaption scheme for improving IoV awareness exploiting: evaluation weighted matrix based on piggybacked information",10.1016/j.comnet.2018.03.019,"Computer Networks",2018-06-01,1,journal-article,"Elsevier BV","Ali Safaa Sadiq - Monash University Malaysia; Suleman Khan - Monash University Malaysia; Kayhan Zrar Ghafoor - Cihan University-Erbil; Kayhan Zrar Ghafoor - Shanghai Jiao Tong University; Mohsen Guizani - University of Idaho; Seyedali Mirjalili - Griffith University",,"0000-0001-9046-9475; 0000-0002-1443-9458; 0000-0002-5725-6184; 0000-0002-8972-8094"
"Performance based approach for electricity generation in smart grids",10.1016/j.apenergy.2018.03.092,"Applied Energy",2018-06-01,5,journal-article,"Elsevier BV","Michel Noussan - Politecnico di Torino",,
"Performance-exhaust emission prediction of diesosenol fueled diesel engine: An ANN coupled MORSM based optimization",10.1016/j.energy.2018.04.053,Energy,2018-06-01,2,journal-article,"Elsevier BV","Subrata Bhowmik - Indian Institute of Technology Dhanbad; Abhishek Paul - National Institute of Technology Agartala; Rajsekhar Panua - National Institute of Technology Agartala; Subrata Kumar Ghosh - Indian Institute of Technology Dhanbad; Durbadal Debroy - National Institute of Technology Agartala",,
"Changing baselines, shifting margins: How predicted impacts of pricing carbon in the electricity sector have evolved over time",10.1016/j.eneco.2018.03.023,"Energy Economics",2018-06-01,5,journal-article,"Elsevier BV",,,
"Ageing and private transport fuel expenditure: Do generations matter?",10.1016/j.enpol.2018.03.026,"Energy Policy",2018-06-01,2,journal-article,"Elsevier BV","Rossella Bardazzi - University of Florence; Maria Grazia Pazienza - University of Florence",,
"Predictors for adoption of local solar approval processes and impact on residential solar installations in California cities",10.1016/j.enpol.2018.03.008,"Energy Policy",2018-06-01,7,journal-article,"Elsevier BV","Jenneille Hwai-Yuan Hsu - University of Southern California",,0000-0002-1086-0237
"Effects of particle sizes and tilt angles on dust deposition characteristics of a ground-mounted solar photovoltaic system",10.1016/j.apenergy.2018.03.095,"Applied Energy",2018-06-01,1,journal-article,"Elsevier BV","Hao Lu - University of Nottingham; Wenjun Zhao - University of Hong Kong",,"0000-0002-7607-6189; 0000-0003-1709-1108"
"Price-responsive model-based optimal demand response control of inverter air conditioners using genetic algorithm",10.1016/j.apenergy.2018.03.036,"Applied Energy",2018-06-01,1,journal-article,"Elsevier BV","Maomao Hu - Hong Kong Polytechnic University; Fu Xiao - Hong Kong Polytechnic University",,"0000-0001-8042-322X; 0000-0002-3779-3943"
"Electric vehicle fast charging station usage and power requirements",10.1016/j.energy.2018.03.149,Energy,2018-06-01,2,journal-article,"Elsevier BV","Thomas S Bryden - University of Southampton; George F Hilton - University of Southampton; Andrew Cruden - University of Southampton; Tim A Holton - Jaguar Land Rover (United Kingdom)",,
"Nonlinear model predictive control of a vortex-induced vibrations bladeless wind turbine",10.1088/1361-665x/aac0b6,"Smart Materials and Structures",2018-05-29,1,journal-article,"IOP Publishing","Ehsan Azadi Yazdi - Shiraz University",,0000-0001-6615-8327
"A simulation study demonstrating the importance of large-scale trailing vortices in wake steering",10.5194/wes-3-243-2018,"Wind Energy Science",2018-05-14,1,journal-article,"Copernicus GmbH","Paul Fleming - National Laboratory of the Rockies; Jennifer Annoni - National Laboratory of the Rockies; Matthew Churchfield - National Laboratory of the Rockies; Luis A Martínez‐Tossas - National Laboratory of the Rockies; Kenny Gruchalla - National Laboratory of the Rockies; Michael Lawson - National Laboratory of the Rockies; Patrick Moriarty - National Laboratory of the Rockies",,"0000-0001-7122-5993; 0000-0001-8249-2544; 0000-0001-9906-7288; 0000-0002-8155-1175; 0000-0003-2353-4999; 0000-0003-3853-7500"
"Policy implications for the performance gap of low-carbon building technologies",10.1080/09613218.2018.1469285,"Building Research & Information",2018-05-14,3,journal-article,"Informa UK Limited","David J McElroy - The University of Sydney; David J McElroy - Energy Saving Trust; Jan Rosenow - University of Sussex; Jan Rosenow - University of Oxford",,
"Climate Change and Power Security: Power Load Prediction for Rural Electrical Microgrids Using Long Short Term Memory and Artificial Neural Networks",10.3390/app8050749,"Applied Sciences",2018-05-09,1,journal-article,"MDPI AG","Martin Cenek - University of Alaska Anchorage; Rocco Haro - University of Alaska Anchorage; Brandon Sayers - University of Alaska Anchorage; Jifeng Peng - University of Alaska Anchorage",,0000-0001-7140-7084
"Reconciling energy efficiency and energy intensity metrics: an integrated decomposition analysis",10.1007/s12053-018-9667-z,"Energy Efficiency",2018-05-08,3,journal-article,"Springer Nature","Ralph D Torrie - Smiths Detection (Canada); Christopher Stone - Canadian Energy Research Institute; Christopher Stone - University of Calgary; David B Layzell - Canadian Energy Research Institute; David B Layzell - University of Calgary",,"0000-0002-9621-5334; 0000-0003-2212-7099; 0000-0003-3085-3189"
"Predicting Migratory Corridors of White Storks, Ciconia ciconia, to Enhance Sustainable Wind Energy Planning: A Data-Driven Agent-Based Model",10.3390/su10051470,Sustainability,2018-05-08,2,journal-article,"MDPI AG","Francis Oloo - University of Salzburg; Kamran Safi - Max Planck Institute for Ornithology; Jagannath Aryal - University of Tasmania",,
"Developing a Mixed Neural Network Approach to Forecast the Residential Electricity Consumption Based on Sensor Recorded Data",10.3390/s18051443,Sensors,2018-05-05,1,journal-article,"MDPI AG","Simona‐Vasilica Oprea - Bucharest University of Economic Studies; Alexandru Pîrjan - Romanian-American University; George Căruțașu - Romanian-American University; Dana-Mihaela Petroșanu - Universitatea Națională de Știință și Tehnologie Politehnica București; Dana-Mihaela Petroșanu - Romanian-American University; Adela Bârã - Bucharest University of Economic Studies; Justina-Lavinia Stănică - Romanian-American University; Cristina Coculescu - Romanian-American University",,"0000-0001-7764-2405; 0000-0002-0961-352X; 0000-0002-1080-1464; 0000-0002-7381-1934; 0000-0002-9005-5181; 0000-0003-2383-7578"
"An incandescent truth: Disparities in energy-efficient lighting availability and prices in an urban U.S. county",10.1016/j.apenergy.2018.02.143,"Applied Energy",2018-05-01,18,journal-article,"Elsevier BV","Tony G Reames - University of Michigan; Michael Reiner - University of Michigan; M Ben Stacey - University of Michigan",,
"Robust Optimization for Hydroelectric System Operation Under Uncertainty",10.1109/tpwrs.2018.2807794,"IEEE Transactions on Power Systems",2018-05-01,1,journal-article,"Institute of Electrical and Electronics Engineers (IEEE)","Dimitra Apostolopoulou - City, University of London; Zacharie De Grève - University of Mons; Malcolm McCulloch - University of Oxford",,
"Economic assessment of hydrogen production from solar driven high-temperature steam electrolysis process",10.1016/j.jclepro.2018.01.074,"Journal of Cleaner Production",2018-05-01,1,journal-article,"Elsevier BV","Deepak Yadav - Indian Institute of Technology Bombay; Rangan Banerjee - Indian Institute of Technology Bombay",,"0000-0003-0091-4550; 0000-0003-4173-3983"
"ObepME: An online building energy performance monitoring and evaluation tool to reduce energy performance gaps",10.1016/j.enbuild.2018.02.005,"Energy and Buildings",2018-05-01,2,journal-article,"Elsevier BV","Muhyiddine Jradi - Maersk (Denmark); Muhyiddine Jradi - University of Southern Denmark; Krzysztof Arendt - Maersk (Denmark); Krzysztof Arendt - University of Southern Denmark; Fisayo Caleb Sangogboye - Maersk (Denmark); Fisayo Caleb Sangogboye - University of Southern Denmark; Claudio Giovanni Mattera - Maersk (Denmark); Claudio Giovanni Mattera - University of Southern Denmark; Elena Markoska - University of Southern Denmark; Elena Markoska - Maersk (Denmark); Mikkel Baun Kjærgaard - Maersk (Denmark); Mikkel Baun Kjærgaard - University of Southern Denmark; Christian Veje - Maersk (Denmark); Christian Veje - University of Southern Denmark; Bo Nørregaard Jôrgensen - University of Southern Denmark; Bo Nørregaard Jôrgensen - Maersk (Denmark)",,
"On the energy impact of urban heat island in Sydney: Climate and energy potential of mitigation technologies",10.1016/j.enbuild.2018.02.007,"Energy and Buildings",2018-05-01,8,journal-article,"Elsevier BV","M Santamouris - UNSW Sydney; Shamila Haddad - UNSW Sydney; M Saliari - National and Kapodistrian University of Athens; Konstantina Vasilakopoulou - UNSW Sydney; Afroditi Synnefa - UNSW Sydney; Riccardo Paolini - UNSW Sydney; Giulia Ulpiani - Marche Polytechnic University; Giulia Ulpiani - UNSW Sydney; Samira Garshasbi - UNSW Sydney; Francesco Fiorito - UNSW Sydney; Francesco Fiorito - Polytechnic University of Bari",,
"Application of model-based control strategy to hybrid free cooling system with latent heat thermal energy storage for TBSs",10.1016/j.enbuild.2018.02.036,"Energy and Buildings",2018-05-01,1,journal-article,"Elsevier BV","Jiaqiang Wang - University of Nebraska–Lincoln; Jiaqiang Wang - Hunan University; Quan Zhang - Hunan University; Yuebin Yu - University of Nebraska–Lincoln; Xiaohong Chen - Hunan University; Sungmin Yoon - University of Nebraska–Lincoln",,"0000-0001-7843-4368; 0000-0001-8239-9390; 0000-0002-3356-2996; 0000-0002-9797-8384; 0000-0003-2601-7815"
"Forecasting China's total energy demand and its structure using ADL-MIDAS model",10.1016/j.energy.2018.03.067,Energy,2018-05-01,2,journal-article,"Elsevier BV","Yongda He - Shanxi University of Finance and Economics; Boqiang Lin - Collaborative Innovation Center of Chemistry for Energy Materials; Boqiang Lin - Xiamen University",,
"Smart support system for diagnosing severe accidents in nuclear power plants",10.1016/j.net.2018.03.007,"Nuclear Engineering and Technology",2018-05-01,1,journal-article,"Elsevier BV","Kwae Hwan Yoo - Chosun University; Ju Hyun Back - Chosun University; Man Gyun Na - Chosun University; Seop Hur - Korea Atomic Energy Research Institute; Hyeonmin Kim - Korea Atomic Energy Research Institute",,"0000-0001-7385-1736; 0000-0003-0097-3403; 0000-0003-4715-0893"
"Large-scale rooftop solar photovoltaic technical potential estimation using Random Forests",10.1016/j.apenergy.2018.02.118,"Applied Energy",2018-05-01,1,journal-article,"Elsevier BV","Dan Assouline - École Polytechnique Fédérale de Lausanne; Nahid Mohajeri - University of Oxford; Jean‐Louis Scartezzini - École Polytechnique Fédérale de Lausanne",,"0000-0001-8892-2592; 0000-0002-7339-5109; 0000-0003-2394-6571"
"Dynamic behavior of a high-temperature printed circuit heat exchanger: Numerical modeling and experimental investigation",10.1016/j.applthermaleng.2018.02.051,"Applied Thermal Engineering",2018-05-01,1,journal-article,"Elsevier BV","Minghui Chen - University of Michigan; Minghui Chen - The Ohio State University; Xiaodong Sun - University of Michigan; Xiaodong Sun - The Ohio State University; Richard N Christensen - The Ohio State University; Richard N Christensen - University of Idaho; Isaac Skavdahl - University of Idaho; Vivek Utgikar - University of Idaho; Piyush Sabharwall - Idaho National Laboratory",,"0000-0001-9039-9091; 0000-0002-9852-160X; 0000-0003-2567-205X"
"Inference of ecological and social drivers of human brain-size evolution",10.1038/s41586-018-0127-x,Nature,2018-05-01,1,journal-article,"Springer Nature","Mauricio González-Forero - University of St Andrews; Andy Gardner - University of St Andrews",,"0000-0002-1304-3734; 0000-0003-1015-3089"
"Clearing and Pricing for Coordinated Gas and Electricity Day-Ahead Markets Considering Wind Power Uncertainty",10.1109/tpwrs.2017.2756984,"IEEE Transactions on Power Systems",2018-05-01,1,journal-article,"Institute of Electrical and Electronics Engineers (IEEE)","Runze Chen - Tsinghua University; Jianhui Wang - Argonne National Laboratory; Hongbin Sun - Tsinghua University",,"0000-0002-1030-293X; 0000-0002-5465-9818; 0000-0002-9716-3484"
"Development of a nationally representative set of combined building energy and indoor air quality models for U.S. residences",10.1016/j.buildenv.2018.03.047,"Building and Environment",2018-05-01,1,journal-article,"Elsevier BV","Torkan Fazli - Illinois Institute of Technology; Brent Stephens - Illinois Institute of Technology",,0000-0002-0177-6703
"Impact of Wide-Base Tires on Pavements: A National Study",10.1177/0361198118757969,"Transportation Research Record: Journal of the Transportation Research Board",2018-04-11,3,journal-article,"SAGE Publications","Imad L Al‐Qadi - University of Illinois Urbana-Champaign; Jaime Hernández - University of Illinois Urbana-Champaign; Angeli Gamez - University of Illinois Urbana-Champaign; Mojtaba Ziyadi - University of Illinois Urbana-Champaign; Osman Erman Gungor - University of Illinois Urbana-Champaign; Seunggu Kang - University of Illinois Urbana-Champaign",,"0000-0001-6727-8507; 0000-0002-5824-103X; 0000-0002-9665-0408; 0000-0003-4857-4743"
"Estimating criteria pollutant emissions using the California Regional Multisector Air Quality Emissions (CA-REMARQUE) model v1.0",10.5194/gmd-11-1293-2018,"Geoscientific Model Development",2018-04-11,3,journal-article,"Copernicus GmbH","Christina Zapata - University of California, Davis; Chris Yang - University of California, Davis; Sonia Yeh - University of California, Davis; Joan M Ogden - University of California, Davis; Michael J Kleeman - University of California, Davis",,"0000-0002-2776-9130; 0000-0002-4852-1177; 0009-0001-4246-1361"
"Robust Building Energy Load Forecasting Using Physically-Based Kernel Models",10.3390/en11040862,Energies,2018-04-08,1,journal-article,"MDPI AG","Anand Prakash - Carnegie Mellon University; Susu Xu - Carnegie Mellon University; Ram Rajagopal - Stanford University; Hae Young Noh - Carnegie Mellon University",,"0000-0001-7170-648X; 0000-0002-3694-3225; 0000-0002-4961-9539; 0000-0002-7998-3657"
"A Green Energy Application in Energy Management Systems by an Artificial Intelligence-Based Solar Radiation Forecasting Model",10.3390/en11040819,Energies,2018-04-02,1,journal-article,"MDPI AG","Ping‐Huan Kuo - National Pingtung University; Chiou‐Jye Huang - Jiangxi University of Science and Technology",,"0000-0001-5125-4420; 0000-0001-6262-9275"
"Impact of climate change on hydropower generation in Rio Jubones Basin, Ecuador",10.1016/j.wse.2018.07.002,"Water Science and Engineering",2018-04-01,5,journal-article,"Elsevier BV","Guido Wyseure - KU Leuven",,
"Optimal demand-side management with a multi-technology battery storage system",10.24084/repqj16.310,"Renewable Energy and Power Quality Journal",2018-04-01,1,journal-article,"UK Zhende Publishing Limited Company",,,
"Predictive energy management of fuel cell supercapacitor hybrid construction equipment",10.1016/j.energy.2018.02.101,Energy,2018-04-01,1,journal-article,"Elsevier BV","Tianyu Li - Jilin University; Huiying Liu - Changchun University; Daolin Ding - Jilin University",,"0000-0002-1381-9563; 0000-0002-9431-2501"
"A Day-Ahead Forecasting Model for Probabilistic EV Charging Loads at Business Premises",10.1109/tste.2017.2759781,"IEEE Transactions on Sustainable Energy",2018-04-01,1,journal-article,"Institute of Electrical and Electronics Engineers (IEEE)","Md Shariful Islam - Queensland University of Technology; Md Shariful Islam - The University of Queensland; N Mithulananthan - Queensland University of Technology; N Mithulananthan - The University of Queensland; Duong Quoc Hung - Deakin University",,"0000-0002-3015-0830; 0000-0002-7767-6821; 0000-0003-4314-5333"
"The development of an integrated model for the assessment of water and GHG footprints for the power generation sector",10.1016/j.apenergy.2018.02.116,"Applied Energy",2018-04-01,2,journal-article,"Elsevier BV","Nikhil Agrawal - University of Alberta; Md Ahiduzzaman - University of Alberta; Amit Kumar - University of Alberta",,
"A study on influential factors of occupant window-opening behavior in an office building in China",10.1016/j.buildenv.2018.02.008,"Building and Environment",2018-04-01,1,journal-article,"Elsevier BV","Song Pan - Beijing University of Technology; Yingzi Xiong - Beijing University of Technology; Yiye Han - Beijing University of Technology; Liang Xia - University of Nottingham Ningbo China; Shen Wei - University College London; Jinshun Wu - North China Institute of Science and Technology; Xingxing Zhang - Dalarna University; Mengjie Han - Dalarna University",,"0000-0001-6928-0854; 0000-0001-9644-5095; 0000-0002-0707-0285; 0000-0002-2369-0169; 0000-0003-1048-729X; 0000-0003-1925-8936; 0000-0003-4212-8582"
"Improvement of energy performance metrics for the retrofit of the built environment. Adaptation to climate change and mitigation of energy poverty",10.1016/j.enbuild.2017.12.050,"Energy and Buildings",2018-04-01,1,journal-article,"Elsevier BV","Celina Filippín - Universidad Nacional de La Pampa; Celina Filippín - Consejo Nacional de Investigaciones Científicas y Técnicas; Silvana Flores Larsen - National University of Salta; Silvana Flores Larsen - Consejo Nacional de Investigaciones Científicas y Técnicas; M.F Ricard - Universidad Nacional de La Pampa; M.F Ricard - Consejo Nacional de Investigaciones Científicas y Técnicas",,"0000-0001-7274-2028; 0000-0001-8220-0222; 0000-0002-0521-6180"
"Ethiopian energy status and demand scenarios: Prospects to improve energy efficiency and mitigate GHG emissions",10.1016/j.energy.2018.02.067,Energy,2018-04-01,38,journal-article,"Elsevier BV","Md Alam Hossain Mondal - International Food Policy Research Institute; Elizabeth Bryan - International Food Policy Research Institute; Claudia Ringler - International Food Policy Research Institute; Dawit Mekonnen - International Food Policy Research Institute; Mark W Rosegrant - International Food Policy Research Institute",,
"Techno-economic feasibility of fleets of far offshore hydrogen-producing wind energy converters",10.1016/j.ijhydene.2018.02.144,"International Journal of Hydrogen Energy",2018-04-01,4,journal-article,"Elsevier BV","Aurélien Babarit - École Centrale de Nantes; Aurélien Babarit - Laboratoire de Recherche Hydrodynamique, Energétique et Environnement Atmosphérique; Aurélien Babarit - Centre National de la Recherche Scientifique; Jean‐Christophe Gilloteaux - École Centrale de Nantes; Jean‐Christophe Gilloteaux - Laboratoire de Recherche Hydrodynamique, Energétique et Environnement Atmosphérique; Jean‐Christophe Gilloteaux - Centre National de la Recherche Scientifique; Gaël Clodic - École Centrale de Nantes; Gaël Clodic - Laboratoire de Recherche Hydrodynamique, Energétique et Environnement Atmosphérique; Gaël Clodic - Centre National de la Recherche Scientifique; Maxime Duchet - École Centrale de Nantes; Maxime Duchet - Laboratoire de Recherche Hydrodynamique, Energétique et Environnement Atmosphérique; Maxime Duchet - Centre National de la Recherche Scientifique",,
"Impact of modelling non-normality and stochastic dependence of variables on operating reserve determination of power systems with high penetration of wind power",10.1016/j.ijepes.2017.11.002,"International Journal of Electrical Power & Energy Systems",2018-04-01,1,journal-article,"Elsevier BV","Seyed Mohammad Mousavi Agah - University College Dublin; Damian Flynn - University College Dublin",,0000-0003-4638-9333
"Modelling of a power-to-gas system to predict the levelised cost of energy of an advanced renewable gaseous transport fuel",10.1016/j.apenergy.2018.02.019,"Applied Energy",2018-04-01,7,journal-article,"Elsevier BV","Shane McDonagh - University College Cork; Shane McDonagh - Cork’s Technology Network; Richard O’Shea - University College Cork; Richard O’Shea - Cork’s Technology Network; David Wall - University College Cork; Paul Deane - University College Cork; Jerry D Murphy - University College Cork",,
"Vehicle Mode and Driving Activity Detection Based on Analyzing Sensor Data of Smartphones",10.3390/s18041036,Sensors,2018-03-29,1,journal-article,"MDPI AG","Dang-Nhac Lu - Vietnam National University, Hanoi; Duc-Nhan Nguyen - Posts and Telecommunications Institute of Technology; Thi-Hau Nguyen - Vietnam National University, Hanoi; Ha-Nam Nguyen - Vietnam National University, Hanoi",,"0000-0001-6080-4527; 0000-0001-8714-7483; 0000-0002-8599-2998"
"Estimation of the year-on-year volatility and the unpredictability of the United States energy system",10.1038/s41560-018-0121-4,"Nature Energy",2018-03-26,5,journal-article,"Springer Nature","Evan David Sherwin - Carnegie Mellon University; Max Henrion - Carnegie Mellon University; Inês L Azevedo - Carnegie Mellon University",,
"An Earth‐Abundant Catalyst‐Based Seawater Photoelectrolysis System with 17.9% Solar‐to‐Hydrogen Efficiency",10.1002/adma.201707261,"Advanced Materials",2018-03-22,1,journal-article,Wiley,"Shao‐Hui Hsu - Nanyang Technological University; Jianwei Miao - Nanyang Technological University; Liping Zhang - Nanyang Technological University; Jiajian Gao - Nanyang Technological University; Hongming Wang - Nanchang University; Hua Bing Tao - Nanyang Technological University; Sung‐Fu Hung - Nanyang Technological University; Anthony Vasileff - Adelaide University; Shi Zhang Qiao - Adelaide University; Bin Liu - Nanyang Technological University",,"0000-0002-0005-2949; 0000-0002-2207-8015; 0000-0002-3269-3812; 0000-0002-4568-8422; 0000-0002-4685-2052; 0000-0002-5613-5292; 0000-0002-7423-2723; 0000-0002-7507-3445; 0000-0003-1945-7740"
"On- and off-design performance of a model rotating turbine with non-axisymmetric endwall contouring and a comparison to cascade data",10.1017/aer.2018.13,"The Aeronautical Journal",2018-03-21,1,journal-article,"Cambridge University Press (CUP)","Grant Ingram - Durham University",,0000-0001-7713-8735
"Friction torque of wind-turbine pitch bearings – comparison of experimental results with available models",10.5194/wes-3-97-2018,"Wind Energy Science",2018-03-14,1,journal-article,"Copernicus GmbH","Matthias Stammler - Fraunhofer-Gesellschaft; Matthias Stammler - Fraunhofer Institute for Wind Energy Systems; Fabian Schwack - Leibniz University Hannover; Norbert Bader - Leibniz University Hannover; Andreas Reuter - Fraunhofer-Gesellschaft; Andreas Reuter - Fraunhofer Institute for Wind Energy Systems; Gerhard Poll - Leibniz University Hannover",,"0000-0002-3084-201X; 0000-0002-6082-9000; 0000-0003-0282-3417; 0000-0003-1874-1344; 0000-0003-2581-9672"
"Improving atomic displacement and replacement calculations with physically realistic damage models",10.1038/s41467-018-03415-5,"Nature Communications",2018-03-14,2,journal-article,"Springer Nature","K Nordlund - University of Helsinki; K Nordlund - Helsinki Institute of Physics; S.J Zinkle - University of Tennessee at Knoxville; Andrea E Sand - Helsinki Institute of Physics; Andrea E Sand - University of Helsinki; F Granberg - Helsinki Institute of Physics; F Granberg - University of Helsinki; R S Averback - University of Illinois Urbana-Champaign; R.E Stoller - Oak Ridge National Laboratory; Tomoaki Suzudo - Japan Atomic Energy Agency; L Malerba - Belgian Nuclear Research Centre; Florian Banhart - Université de Strasbourg; Florian Banhart - Centre National de la Recherche Scientifique; Florian Banhart - Institut de Physique et Chimie des Matériaux de Strasbourg; William J Weber - University of Tennessee at Knoxville; F Willaime - Université Paris-Saclay; F Willaime - Commissariat à l'Énergie Atomique et aux Énergies Alternatives; F Willaime - CEA Paris-Saclay; S L Dudarev - Culham Centre for Fusion Energy; David Siméone - Université Paris-Saclay; David Siméone - Commissariat à l'Énergie Atomique et aux Énergies Alternatives; David Siméone - CEA Paris-Saclay",,"0000-0001-5911-9418; 0000-0001-6244-1942; 0000-0001-6773-3645; 0000-0001-9041-1468; 0000-0001-9058-5652; 0000-0002-1612-6455; 0000-0002-3689-6414; 0000-0002-3748-928X; 0000-0002-7954-3547; 0000-0002-9017-7365; 0000-0003-1834-7048; 0000-0003-2890-6915"
"Effectiveness of energy renovations: a reassessment based on actual consumption savings",10.1007/s12053-018-9634-8,"Energy Efficiency",2018-03-07,4,journal-article,"Springer Nature","Faidra Filippidou - Delft University of Technology; Nico Nieboer - Delft University of Technology; Henk Visscher - Delft University of Technology",,
"Comparing the Effects of Vehicle Automation, Policy-Making and Changed User Preferences on the Uptake of Electric Cars and Emissions from Transport",10.3390/su10030676,Sustainability,2018-03-02,5,journal-article,"MDPI AG","Christoph Mazur - Imperial College London; Gregory J Offer - Imperial College London; Marcello Contestabile - Imperial College London; Nigel P Brandon - Imperial College London",,"0000-0003-1006-0886; 0000-0003-1324-8366; 0000-0003-1841-0561; 0000-0003-2230-8666"
"Energy security and renewable energy policy analysis of Pakistan",10.1016/j.rser.2017.05.254,"Renewable and Sustainable Energy Reviews",2018-03-01,3,journal-article,"Elsevier BV","Tauseef Aized - University of Engineering and Technology Lahore; Muhammad Shahid - University of Engineering and Technology Lahore; Amanat Ali Bhatti - University of Engineering and Technology Lahore; Muhammad Shoaib Saleem - National University of Sciences and Technology; Gabrial Anandarajah - University College London",,"0000-0001-7520-6378; 0000-0002-7455-2540; 0000-0003-3314-5954"
"Forecast System Inertia Condition and Its Impact to Integrate More Renewables",10.1109/tsg.2017.2662318,"IEEE Transactions on Smart Grid",2018-03-01,2,journal-article,"Institute of Electrical and Electronics Engineers (IEEE)","Pengwei Du - Pinnacle Clinical Research; Julia Matevosyan - Pinnacle Clinical Research",,"0000-0001-5702-1433; 0000-0003-0391-6076"
"Energy management of cooperative microgrids: A distributed optimization approach",10.1016/j.ijepes.2017.10.021,"International Journal of Electrical Power & Energy Systems",2018-03-01,3,journal-article,"Elsevier BV","Tian Liu - Hong Kong University of Science and Technology; Tian Liu - University of Hong Kong; Xiaoqi Tan - Hong Kong University of Science and Technology; Xiaoqi Tan - University of Hong Kong; Bo Sun - Hong Kong University of Science and Technology; Bo Sun - University of Hong Kong; Yuan Wu - Zhejiang University of Technology; Danny H K Tsang - Hong Kong University of Science and Technology; Danny H K Tsang - University of Hong Kong",,
"A DDS-Based Energy Management Framework for Small Microgrid Operation and Control",10.1109/tii.2017.2756619,"IEEE Transactions on Industrial Informatics",2018-03-01,1,journal-article,"Institute of Electrical and Electronics Engineers (IEEE)","Tarek Youssef - Florida International University; Mohamad El Hariri - Florida International University; Ahmed T Elsayed - Florida International University; Osama A Mohammed - Florida International University",,
"Projecting future costs to U.S. electric utility customers from power interruptions",10.1016/j.energy.2017.12.081,Energy,2018-03-01,3,journal-article,"Elsevier BV","Peter H Larsen - Lawrence Berkeley National Laboratory; Brent Boehlert - Massachusetts Institute of Technology; Joseph H Eto - Lawrence Berkeley National Laboratory; Kristina Hamachi-LaCommare - Lawrence Berkeley National Laboratory; Jeremy Martinich - Environmental Protection Agency",,
"Development of Cr cold spray–coated fuel cladding with enhanced accident tolerance",10.1016/j.net.2017.12.011,"Nuclear Engineering and Technology",2018-03-01,1,journal-article,"Elsevier BV","Martin Ševeček - Czech Technical University in Prague; Martin Ševeček - Massachusetts Institute of Technology; Anil Gurgen - Massachusetts Institute of Technology; Arunkumar Seshadri - Massachusetts Institute of Technology; Yifeng Che - Massachusetts Institute of Technology; Malik Wagih - Massachusetts Institute of Technology; Bren Phillips - Massachusetts Institute of Technology; Victor K Champagne - DEVCOM Army Research Laboratory; Koroush Shirvan - Massachusetts Institute of Technology",,"0000-0002-1547-6381; 0000-0002-2304-8061; 0000-0002-4698-7870; 0000-0003-1388-3810; 0000-0003-4108-5314"
"Modeling of uncertainty of solar irradiance forecasts on numerical weather predictions with the estimation of multiple confidence intervals",10.1016/j.renene.2017.10.043,"Renewable Energy",2018-03-01,1,journal-article,"Elsevier BV","Akinobu Murata - National Institute of Advanced Industrial Science and Technology; Hideaki Ohtake - National Institute of Advanced Industrial Science and Technology; Takashi Oozeki - National Institute of Advanced Industrial Science and Technology",,"0000-0001-6084-4684; 0000-0002-3061-0382"
"On the use of thermal inertia in building stock to leverage decentralised demand side frequency regulation services",10.1016/j.applthermaleng.2018.01.035,"Applied Thermal Engineering",2018-03-01,1,journal-article,"Elsevier BV","S Williams - Teesside University; Michael Short - Teesside University; Tracey Crosbie - Teesside University",,
"The modelling gap: Quantifying the discrepancy in the representation of thermal mass in building simulation",10.1016/j.buildenv.2017.12.017,"Building and Environment",2018-03-01,1,journal-article,"Elsevier BV","Eirini Mantesi - Loughborough University; Christina J Hopfe - Loughborough University; Malcolm Cook - Loughborough University; Jacqueline Glass - Loughborough University; Paul Strachan - University of Strathclyde",,"0000-0002-7102-8778; 0000-0002-8921-2098; 0000-0003-4280-2880; 0000-0003-4961-3943"
"Predicting intention to adopt solar technology in Canada: The role of knowledge, public engagement, and visibility",10.1016/j.enpol.2017.11.050,"Energy Policy",2018-03-01,3,journal-article,"Elsevier BV","John R Parkins - University of Alberta; Curtis Rollins - University of Alberta; Sven Anders - University of Alberta; Louise Comeau - University of New Brunswick",,
"Cost overruns and delays in energy megaprojects: How big is big enough?",10.1016/j.enpol.2017.11.059,"Energy Policy",2018-03-01,1,journal-article,"Elsevier BV","Camila Callegari - Universidade Federal do Rio de Janeiro; Alexandre Szklo - Universidade Federal do Rio de Janeiro; Roberto Schaeffer - Universidade Federal do Rio de Janeiro",,"0000-0002-3709-7323; 0000-0002-7101-1810"
"Accounting for the Varying Supply of Solar Energy When Designing Wireless Access Networks",10.1109/tgcn.2017.2764164,"IEEE Transactions on Green Communications and Networking",2018-03-01,1,journal-article,"Institute of Electrical and Electronics Engineers (IEEE)","Margot Deruyck - Ghent University; Daniela Renga - Politecnico di Torino; Michela Meo - Politecnico di Torino; Luc Martens - Ghent University; Wout Joseph - Ghent University",,"0000-0001-6747-3919; 0000-0001-7403-6266; 0000-0001-9948-9157; 0000-0002-0816-6465; 0000-0002-8807-0673"
"Robust PV Degradation Methodology and Application",10.1109/jphotov.2017.2779779,"IEEE Journal of Photovoltaics",2018-03-01,6,journal-article,"Institute of Electrical and Electronics Engineers (IEEE)","Dirk Jordan - National Laboratory of the Rockies; Chris Deline - National Laboratory of the Rockies; Sarah Kurtz - National Laboratory of the Rockies",,"0000-0002-0638-9200; 0000-0002-2183-7489; 0000-0002-9867-8930"
"Modeling Relationship between Truck Fuel Consumption and Driving Behavior Using Data from Internet of Vehicles",10.1111/mice.12344,"Computer-Aided Civil and Infrastructure Engineering",2018-03-01,1,journal-article,"Elsevier BV","Zhigang Xu - Chang'an University; Wei Tao - Chang'an University; Said M Easa - Toronto Metropolitan University; Xiangmo Zhao - Chang'an University; Xiaobo Qu - Chalmers University of Technology",,"0000-0002-0116-5988; 0000-0002-7042-1797; 0000-0002-8479-4973; 0000-0003-0754-138X"
"Current and Emerging Time-Integration Strategies in Global Numerical Weather and Climate Prediction",10.1007/s11831-018-9261-8,"Archives of Computational Methods in Engineering",2018-02-23,1,journal-article,"Springer Nature","Gianmarco Mengaldo - European Centre for Medium-Range Weather Forecasts; Andrzej Wyszogrodzki - Institute of Meteorology and Water Management; Michail Diamantakis - European Centre for Medium-Range Weather Forecasts; Sarah‐Jane Lock - European Centre for Medium-Range Weather Forecasts; Francis X Giraldo - Naval Postgraduate School; Nils Wedi - European Centre for Medium-Range Weather Forecasts",,"0000-0001-5324-2749; 0000-0001-8579-1611; 0000-0001-8965-1202; 0000-0002-0157-5477; 0000-0003-0936-8170; 0000-0003-2279-9717"
"Effects of anthropogenic heat due to air-conditioning systems on an extreme high temperature event in Hong Kong",10.1088/1748-9326/aaa848,"Environmental Research Letters",2018-02-22,1,journal-article,"IOP Publishing","Y Wang - University of Hong Kong; Yichen Li - University of Hong Kong; Silvana Di Sabatino - University of Bologna; Alberto Martilli - Centro de Investigaciones Energéticas, Medioambientales y Tecnológicas; Pak Wai Chan - Hong Kong Observatory",,"0000-0002-7795-5871; 0000-0002-9406-9732; 0000-0003-2289-0609; 0000-0003-2716-9247; 0009-0009-8370-644X"
"Big Data Mining of Energy Time Series for Behavioral Analytics and Energy Consumption Forecasting",10.3390/en11020452,Energies,2018-02-20,2,journal-article,"MDPI AG","Shailendra Singh - Lakehead University; Abdulsalam Yassine - Lakehead University",,
"Technical demand response potentials of the integrated steelmaking site of Tata Steel in IJmuiden",10.1007/s12053-018-9623-y,"Energy Efficiency",2018-02-14,1,journal-article,"Springer Nature","Arzu Feta - Tata Steel (Netherlands); Machteld van den Broek - Utrecht University; Wina Crijns-Graus - Utrecht University; Gerard Jägers - Tata Steel (Netherlands)",,"0000-0002-9180-3348; 0000-0003-1028-1742"
"Exceptional power density and stability at intermediate temperatures in protonic ceramic fuel cells",10.1038/s41560-017-0085-9,"Nature Energy",2018-02-12,4,journal-article,"Springer Nature","Sihyuk Choi - Northwestern University; Chris J Kucharczyk - Northwestern University; Yangang Liang - University of Maryland, College Park; Xiaohang Zhang - University of Maryland, College Park; Ichiro Takeuchi - University of Maryland, College Park; Ho‐Il Ji - California Institute of Technology; Sossina M Haile - Northwestern University",,"0000-0001-5395-0235; 0000-0001-6712-3695; 0000-0002-5293-6252; 0000-0002-6194-991X; 0000-0002-8119-813X; 0000-0003-2625-0553"
"Inequalities in LPG and electricity consumption in India: The role of caste, tribe, and religion",10.1016/j.esd.2017.09.009,"Energy for Sustainable Development",2018-02-01,1,journal-article,"Elsevier BV","Vibhor Saxena - University of St Andrews; Prabir C Bhattacharya - Heriot-Watt University",,0000-0001-9411-5527
"Optimal integrated sizing and operation of a CHP system with Monte Carlo risk analysis for long-term uncertainty in energy demands",10.1016/j.enconman.2017.12.008,"Energy Conversion and Management",2018-02-01,1,journal-article,"Elsevier BV","Luca Urbanucci - University of Pisa; Daniele Testi - University of Pisa",,
"The environmental and cost performance of current and future motorcycles",10.1016/j.apenergy.2017.12.100,"Applied Energy",2018-02-01,11,journal-article,"Elsevier BV",,,
"Resource adequacy risks to the bulk power system in North America",10.1016/j.apenergy.2017.12.097,"Applied Energy",2018-02-01,4,journal-article,"Elsevier BV","Sinnott Murphy - Carnegie Mellon University; Jay Apt - Carnegie Mellon University; Fallaw Sowell - Carnegie Mellon University",,"0000-0001-5042-7617; 0000-0002-4572-8295"
"Experimental optimisation of power for large arrays of cross-flow tidal turbines",10.1016/j.renene.2017.10.011,"Renewable Energy",2018-02-01,1,journal-article,"Elsevier BV","Duncan Sutherland - University of Edinburgh; Stephanie Ordóñez-Sánchez - University of Strathclyde; Michael Belmont - University of Exeter; Ian Moon - University of Exeter; Jeffrey Steynor - University of Edinburgh; Thomas Davey - University of Edinburgh; Tom Bruce - University of Edinburgh",,"0000-0001-7510-8110; 0000-0002-1608-3838; 0000-0002-3298-1873; 0000-0002-7253-6299; 0000-0003-4745-7190"
"Hedging spark spread risk with futures",10.1016/j.enpol.2017.11.038,"Energy Policy",2018-02-01,1,journal-article,"Elsevier BV","Beatriz Martínez - Universitat de València; Hipòlit Torró - Universitat de València",,"0000-0002-2963-9276; 0000-0002-9950-8116"
"Using machine learning techniques for occupancy-prediction-based cooling control in office buildings",10.1016/j.apenergy.2017.12.002,"Applied Energy",2018-02-01,3,journal-article,"Elsevier BV","Yuzhen Peng - ETH Zurich; Adam Rysanek - ETH Zurich; Zoltán Nagy - The University of Texas at Austin; Arno Schlüter - ETH Zurich",,"0000-0001-5079-0897; 0000-0002-5318-1437; 0000-0002-6014-3228"
"Sustainable planning of the energy-water-food nexus using decision making tools",10.1016/j.enpol.2017.11.037,"Energy Policy",2018-02-01,1,journal-article,"Elsevier BV","Niclas Bieber - Imperial College London; Jen Ho Ker - Imperial College London; Xiaonan Wang - National University of Singapore; Xiaonan Wang - Imperial College London; Charalampos Triantafyllidis - University College London; Koen H van Dam - Imperial College London; Rembrandt Koppelaar - Imperial College London; Nilay Shah - Imperial College London",,
"Global Prediction of Photovoltaic Field Performance Differences Using Open-Source Satellite Data",10.1016/j.joule.2017.11.012,Joule,2018-02-01,1,journal-article,"Elsevier BV","Ian Marius Peters - Massachusetts Institute of Technology; Haohui Liu - National University of Singapore; Thomas Reindl - National University of Singapore; Tonio Buonassisi - Massachusetts Institute of Technology",,"0000-0001-6011-3638; 0000-0002-1725-0909; 0000-0002-2114-6098"
"A bottom-up methodology for long term electricity consumption forecasting of an industrial sector - Application to pulp and paper sector in Brazil",10.1016/j.energy.2017.12.078,Energy,2018-02-01,1,journal-article,"Elsevier BV","Felipe Leite Coelho da Silva - Pontifícia Universidade Católica do Rio de Janeiro; Felipe Leite Coelho da Silva - Universidade Federal Rural do Rio de Janeiro; Reinaldo Castro Souza - Pontifícia Universidade Católica do Rio de Janeiro; Fernando Luiz Cyrino Oliveira - Pontifícia Universidade Católica do Rio de Janeiro; Plutarcho M Lourenço - Pontifícia Universidade Católica do Rio de Janeiro; Rodrigo Flora Calili - Pontifícia Universidade Católica do Rio de Janeiro",,
"Forecasting mid-long term electric energy consumption through bagging ARIMA and exponential smoothing methods",10.1016/j.energy.2017.12.049,Energy,2018-02-01,2,journal-article,"Elsevier BV","Erick Meira - Pontifícia Universidade Católica do Rio de Janeiro; Fernando Luiz Cyrino Oliveira - Pontifícia Universidade Católica do Rio de Janeiro",,
"Lifetime Evaluation of Grid-Connected PV Inverters Considering Panel Degradation Rates and Installation Sites",10.1109/tpel.2017.2678169,"IEEE Transactions on Power Electronics",2018-02-01,7,journal-article,"Institute of Electrical and Electronics Engineers (IEEE)","Ariya Sangwongwanich - Aalborg University; Yongheng Yang - Aalborg University; Dezső Séra - Aalborg University; Frede Blaabjerg - Aalborg University",,
"High-energy, high-fat lifestyle challenges an Arctic apex predator, the polar bear",10.1126/science.aan8677,Science,2018-02-01,14,journal-article,"American Association for the Advancement of Science (AAAS)","Anthony M Pagano - U.S. Geological Survey, Alaska Science Center; Anthony M Pagano - University of California, Santa Cruz; Anthony M Pagano - United States Geological Survey; George M Durner - U.S. Geological Survey, Alaska Science Center; George M Durner - United States Geological Survey; Karyn D Rode - United States Geological Survey; Karyn D Rode - U.S. Geological Survey, Alaska Science Center; Todd C Atwood - United States Geological Survey; Todd C Atwood - U.S. Geological Survey, Alaska Science Center; EE Peacock - U.S. Geological Survey, Alaska Science Center; EE Peacock - United States Geological Survey; Daniel P Costa - University of California, Santa Cruz; Megan A Owen - San Diego Zoo Institute for Conservation Research; Megan A Owen - Zoological Society of San Diego; Terrie M Williams - University of California, Santa Cruz",,
"Building Energy Assessment and Computer Simulation Applied to Social Housing in Spain",10.3390/buildings8010011,Buildings,2018-01-16,1,journal-article,"MDPI AG","Juan Aranda - CIRCE - Centro Tecnológico; Ignacio Zabalza - Universidad de Zaragoza; Ignacio Zabalza - CIRCE - Centro Tecnológico; Eva Llera‐Sastresa - Universidad de Zaragoza; Eva Llera‐Sastresa - CIRCE - Centro Tecnológico; Sabina Scarpellini - Universidad de Zaragoza; Sabina Scarpellini - CIRCE - Centro Tecnológico; Alfonso Alcalde - CIRCE - Centro Tecnológico",,"0000-0001-6183-0831; 0000-0001-7753-3479; 0000-0002-6103-7136"
"Interplay of ventilation and filtration: Differential analysis of cost function combining energy use and indoor exposure to PM 2.5 and ozone",10.1016/j.buildenv.2017.10.025,"Building and Environment",2018-01-01,1,journal-article,"Elsevier BV","Tom Ben-David - Drexel University; Michael S Waring - Drexel University",,"0000-0002-1864-9268; 0000-0003-0063-2748"
"Short-run electricity load forecasting with combinations of stationary wavelet transforms",10.1016/j.ejor.2017.05.037,"European Journal of Operational Research",2018-01-01,2,journal-article,"Elsevier BV","Marie Bessec - Université Paris Sciences et Lettres; Marie Bessec - Université Paris Dauphine-PSL; Julien Fouquau - ESCP Business School",,
"Predicting the cradle-to-gate environmental impact of chemicals from molecular descriptors and thermodynamic properties via mixed-integer programming",10.1016/j.compchemeng.2017.09.010,"Computers & Chemical Engineering",2018-01-01,2,journal-article,"Elsevier BV","Raul Calvo‐Serrano - Imperial College London; María González‐Miquel - University of Manchester; Stavros Papadokonstantakis - Chalmers University of Technology; Gonzalo Guillén‐Gosálbez - Universitat Rovira i Virgili; Gonzalo Guillén‐Gosálbez - Imperial College London",,"0000-0001-6074-8473; 0000-0002-7774-0192; 0000-0003-3978-8299; 0009-0003-3286-134X"
"The effect of demand response on electricity consumption under the existence of the reference price effect: Evidence from a dynamic pricing experiment in Japan",10.1016/j.tej.2018.01.004,"The Electricity Journal",2018-01-01,1,journal-article,"Elsevier BV","Fumitoshi Mizutani - Kobe University; Takuro Tanaka - Central Research Institute of Electric Power Industry; Eri Nakamura - Vienna University of Economics and Business; Eri Nakamura - Kobe University",,"0000-0001-7029-6001; 0000-0002-9063-6090"
"Evaluating particle-suspension reactor designs for Z-scheme solar water splitting via transport and kinetic modeling",10.1039/c7ee01360d,"Energy Environ. Sci.",2018-01-01,1,journal-article,"Royal Society of Chemistry (RSC)","Rohini Bala Chandran - Lawrence Berkeley National Laboratory; Rohini Bala Chandran - Berkeley College; Sasuke Breen - University of California, Irvine; Sasuke Breen - University of California System; Sasuke Breen - Irvine Valley College; Yuanxun Shao - University of California, Irvine; Yuanxun Shao - University of California System; Yuanxun Shao - Irvine Valley College; Shane Ardo - Irvine Valley College; Shane Ardo - University of California, Irvine; Adam Z Weber - Lawrence Berkeley National Laboratory; Adam Z Weber - Berkeley College",,"0000-0001-7162-6826; 0000-0002-2745-8893; 0000-0002-7749-1624; 0000-0003-3512-5260"
"Assessment of biowaste losses through unsound waste management practices in rural areas and the role of home composting",10.1016/j.jclepro.2016.10.163,"Journal of Cleaner Production",2018-01-01,1,journal-article,"Elsevier BV","Florin�-�Constantin Mihai - Alexandru Ioan Cuza University; Carlo Ingrao - University of Foggia",,"0000-0002-1428-1021; 0000-0002-3359-2458"
"Predictive modeling and optimization for an industrial Coker Complex Hydrotreating unit – development and a case study",10.1016/j.fuel.2017.10.032,Fuel,2018-01-01,1,journal-article,"Elsevier BV","Eslam S Sbaaei - Cairo University; Tamer S Ahmed - Cairo University",,"0000-0002-3129-1707; 0009-0001-1501-3563"
"A novel ensemble learning approach to support building energy use prediction",10.1016/j.enbuild.2017.10.085,"Energy and Buildings",2018-01-01,1,journal-article,"Elsevier BV","Zeyu Wang - Guangzhou University; Yueren Wang - Guangzhou University; Ravi Srinivasan - University of Florida",,"0000-0001-7186-7806; 0000-0002-0461-5729; 0000-0002-5492-7886"
"Institutions, development and energy constraints",10.1016/j.energy.2017.10.073,Energy,2018-01-01,1,journal-article,"Elsevier BV","Charilaos Mertzanis - American University in Cairo",,0000-0002-9028-5585
"A renewable energy system for a nearly zero greenhouse city: Case study of a small city in southern Italy",10.1016/j.energy.2017.07.004,Energy,2018-01-01,2,journal-article,"Elsevier BV","Giuseppina De Luca - Parthenope University of Naples; Salvatore Fabozzi - Parthenope University of Naples; Nicola Massarotti - Parthenope University of Naples; Laura Vanoli - Parthenope University of Naples",,
"Urban Multi-scale Environmental Predictor (UMEP): An integrated tool for city-based climate services",10.1016/j.envsoft.2017.09.020,"Environmental Modelling & Software",2018-01-01,16,journal-article,"Elsevier BV","Fredrik Lindberg - University of Gothenburg; Sue Grimmond - University of Reading; A M Gabey - University of Reading; Bei Huang - University of Reading; Bei Huang - Tsinghua University; Christoph W Kent - University of Reading; Ting Sun - University of Reading; Natalie Theeuwes - University of Reading; Leena Järvi - University of Helsinki; Helen C Ward - University of Reading; Helen C Ward - Universität Innsbruck; Isabella Capel-Timms - University of Reading; Yuanyong Chang - Shanghai Meteorological Bureau; Per R Jonsson - Tyréns (Sweden); Niklas Krave - University of Gothenburg; Niklas Krave - University of Reading; Dongwei Liu - Shanghai Meteorological Bureau; David E Meyer - University of Reading; K Frans G Olofson - University of Gothenburg; Jianguo Tan - Shanghai Meteorological Bureau; Dag Wästberg - Tyréns (Sweden); Lingbo Xue - University of Reading; Lingbo Xue - Yangzhou University; Zhe Zhang - University of Reading; Zhe Zhang - University of Saskatchewan",,
"A new simplified modeling method for model predictive control in a medium-sized commercial building: A case study",10.1016/j.buildenv.2017.10.022,"Building and Environment",2018-01-01,1,journal-article,"Elsevier BV","Junhua Zhuang - Beijing University of Civil Engineering and Architecture; Junhua Zhuang - Beijing Institute of Technology; Yimin Chen - Drexel University; Yimin Chen - Beijing University of Civil Engineering and Architecture; Xiangguang Chen - Beijing Institute of Technology",,
"On the use of probabilistic forecasts in scheduling of renewable energy sources coupled to storages",10.1016/j.apenergy.2017.08.133,"Applied Energy",2018-01-01,1,journal-article,"Elsevier BV","Riccardo Remo Appino - Karlsruhe Institute of Technology; Jorge Ángel González Ordiano - Karlsruhe Institute of Technology; Ralf Mikut - Karlsruhe Institute of Technology; Timm Faulwasser - Karlsruhe Institute of Technology; Veit Hagenmeyer - Karlsruhe Institute of Technology",,"0000-0001-9100-5496; 0000-0002-3572-9083; 0000-0002-4239-7144; 0000-0002-6892-7406; 0000-0003-2470-5913"
"An urban building database (UBD) supporting a smart city information system",10.1016/j.enbuild.2017.10.009,"Energy and Buildings",2018-01-01,1,journal-article,"Elsevier BV","Cláudia Sousa Monteiro - University of Lisbon; Carlos Costa - University of Minho; André Pina - University of Lisbon; Maribel Yasmina Santos - University of Minho; Paulo Ferrão - University of Lisbon",,"0000-0002-1575-4580; 0000-0002-3249-6229; 0000-0003-0011-6030; 0000-0003-1357-9966; 0000-0003-3676-542X"
"Electricity & direct water consumption on Irish pasture based dairy farms: A statistical analysis",10.1016/j.apenergy.2017.07.029,"Applied Energy",2018-01-01,1,journal-article,"Elsevier BV","Philip Shine - Munster Technological University; Ted Scully - Munster Technological University; John Upton - Teagasc - The Irish Agriculture and Food Development Authority; L Shalloo - Teagasc - The Irish Agriculture and Food Development Authority; Michael D Murphy - Munster Technological University",,
"Constructing probabilistic scenarios for wide-area solar power generation",10.1016/j.solener.2017.11.067,"Solar Energy",2018-01-01,2,journal-article,"Elsevier BV","David L Woodruff - University of California, Davis; Julio Deride - Sandia National Laboratories California; Andrea Staid - Sandia National Laboratories California; Jean‐Paul Watson - Sandia National Laboratories California; Gerrit Slevogt - University of Duisburg-Essen",,"0000-0001-6026-8875; 0000-0001-6125-5814; 0000-0002-5902-8329; 0000-0003-4094-8819"
"Financial tradeoffs of energy and food uses of algal biomass under stochastic conditions",10.1016/j.apenergy.2017.08.060,"Applied Energy",2018-01-01,1,journal-article,"Elsevier BV","Michael J Walsh - Bentley University; Léda Gerber Van Doren - University of Hawaii at Hilo; Nilam Shete - Bentley University; Akshay Prakash - Bentley University; Usama Salim - Bentley University",,"0000-0003-0982-4105; 0000-0003-1917-7933"
"Reducing cooling load of buildings in the tropical climate through window glazing: A model to model comparison",10.1016/j.jobe.2017.12.005,"Journal of Building Engineering",2018-01-01,1,journal-article,"Elsevier BV","Arindam Dutta - Indian Institute of Social Welfare and Business Management; Akash Samanta - Indian Institute of Social Welfare and Business Management",,"0000-0001-6023-4544; 0000-0002-1590-0840"
"Should we consider climate change for Brazilian social housing? Assessment of energy efficiency adaptation measures",10.1016/j.enbuild.2017.11.003,"Energy and Buildings",2018-01-01,2,journal-article,"Elsevier BV","Maria Andrea Triana - Universidade Federal de Santa Catarina; Roberto Lamberts - Universidade Federal de Santa Catarina; Paola Sassi - Oxford Brookes University",,
"Gradient boosting machine for modeling the energy consumption of commercial buildings",10.1016/j.enbuild.2017.11.039,"Energy and Buildings",2018-01-01,2,journal-article,"Elsevier BV","Samir Touzani - Lawrence Berkeley National Laboratory; Jessica Granderson - Lawrence Berkeley National Laboratory; Samuel Fernandes - Lawrence Berkeley National Laboratory",,
"Wind, storage, interconnection and the cost of electricity generation",10.1016/j.eneco.2017.11.003,"Energy Economics",2018-01-01,7,journal-article,"Elsevier BV","Valeria Di Cosmo - Economic and Social Research Institute; Laura Malaguzzi Valeri - Economic and Social Research Institute",,
"A Model Combining Stacked Auto Encoder and Back Propagation Algorithm for Short-Term Wind Power Forecasting",10.1109/access.2018.2818108,"IEEE Access",2018-01-01,1,journal-article,"Institute of Electrical and Electronics Engineers (IEEE)","Runhai Jiao - North China Electric Power University; Xujian Huang - North China Electric Power University; Xuehai Ma - North China Electric Power University; Liye Han - North China Electric Power University; Wei Tian - Illinois Institute of Technology",,
"Effect of fly ash on the service life, carbon footprint and embodied energy of high strength concrete in the marine environment",10.1016/j.enbuild.2017.12.011,"Energy and Buildings",2018-01-01,2,journal-article,"Elsevier BV","Pradip Nath - Curtin University; Prabir Kumar Sarker - Curtin University; Wahidul K Biswas - Curtin University",,
"Quantitative Mapping of Deflection and Stress on Encapsulated Silicon Solar Cells",10.1109/jphotov.2017.2768959,"IEEE Journal of Photovoltaics",2018-01-01,4,journal-article,"Institute of Electrical and Electronics Engineers (IEEE)","Xiaodong Meng - Arizona State University; Michael Stückelberger - Arizona State University; Laura Ding - Arizona State University; Bradley West - Arizona State University; April M Jeffries - Arizona State University; Mariana I Bertoni - Arizona State University",,"0000-0002-0415-837X; 0000-0002-5110-0293; 0000-0002-8244-5235; 0000-0003-0610-7813; 0000-0003-2457-751X"
"Distributed Energy Optimization for HVAC Systems in University Campus Buildings",10.1109/access.2018.2872589,"IEEE Access",2018-01-01,2,journal-article,"Institute of Electrical and Electronics Engineers (IEEE)","Di Xie - Nanjing University of Posts and Telecommunications; Liang Yu - Nanjing University of Posts and Telecommunications; Tao Jiang - Wuhan National Laboratory for Optoelectronics; Tao Jiang - Huazhong University of Science and Technology; Yulong Zou - Nanjing University of Posts and Telecommunications",,
"Carbon dioxide emissions effects of grid-scale electricity storage in a decarbonizing power system",10.1088/1748-9326/aa9a78,"Environmental Research Letters",2018-01-01,1,journal-article,"IOP Publishing","Michael Craig - Carnegie Mellon University; Paulina Jaramillo - Carnegie Mellon University; Bri‐Mathias Hodge - National Laboratory of the Rockies",,"0000-0001-8684-0534; 0000-0002-3031-5041; 0000-0002-4214-1106"
"An Extended IEEE 118-Bus Test System With High Renewable Penetration",10.1109/tpwrs.2017.2695963,"IEEE Transactions on Power Systems",2018-01-01,2,journal-article,"Institute of Electrical and Electronics Engineers (IEEE)","Ivonne Pena Cabra - National Laboratory of the Rockies; Carlo Brancucci - National Laboratory of the Rockies; Bri‐Mathias Hodge - National Laboratory of the Rockies",,"0000-0001-8684-0534; 0000-0002-3605-6730; 0000-0002-9916-0471"
"Energy Consumption Prediction of a Greenhouse and Optimization of Daily Average Temperature",10.3390/en11010065,Energies,2018-01-01,1,journal-article,"MDPI AG","Yongtao Shen - Tongji University; Ruihua Wei - Tongji University; Lihong Xu - Tongji University",,
"Modelos predictivos del consumo energético de climatización asociado a soluciones de fachadas en Madrid a partir de la monitorización en módulos de ensayo",10.3989/id.54794,"Informes de la Construcción",2017-12-30,1,journal-article,"Editorial CSIC","J Guerrero-Rubio - Universidad de Sevilla; Juan J Sendra - Universidad de Sevilla; Jésica Fernández-Agüera - Consejo Superior de Investigaciones Científicas; Jésica Fernández-Agüera - Instituto de Ciencias de La Construcción Eduardo Torroja; Ignacio Oteiza - Instituto de Ciencias de La Construcción Eduardo Torroja; Ignacio Oteiza - Consejo Superior de Investigaciones Científicas",,"0000-0001-9846-6690; 0000-0002-0082-3627; 0000-0002-7815-3109; 0000-0003-3070-6680"
"A successive linear programming algorithm with non-linear time series for the reservoir management problem",10.1007/s10287-017-0295-4,"Computational Management Science",2017-12-20,1,journal-article,"Springer Nature","Charles Gauvin - Polytechnique Montréal; Erick Delage - HEC Montréal; Michel Gendreau - Polytechnique Montréal",,"0000-0002-6740-3600; 0000-0002-9262-3648"
"Not so fast",10.1126/science.358.6369.1370,Science,2017-12-14,1,journal-article,"American Association for the Advancement of Science (AAAS)",,,
"Accuracy of energy-use surveys in predicting rural mini-grid user consumption",10.1016/j.esd.2017.08.002,"Energy for Sustainable Development",2017-12-01,13,journal-article,"Elsevier BV","Courtney Blodgett - Vulcan (United States); Peter Dauenhauer - University of Strathclyde; Henry Louie - Seattle University; Lauren Kickham - Vulcan (United States)",,
"Multi-scale urban system modeling for sustainable planning and design",10.1016/j.enbuild.2017.02.024,"Energy and Buildings",2017-12-01,1,journal-article,"Elsevier BV","Tian Kuay Lim - Building and Construction Authority; Marcel Ignatius - National University of Singapore; Miguel Martin - National University of Singapore; Nyuk Hien Wong - National University of Singapore; Hann‐Ming Henry Juang - NOAA Environmental Modeling Center; Hann‐Ming Henry Juang - National Oceanic and Atmospheric Administration",,"0000-0001-8756-6784; 0000-0003-2673-6844; 0000-0003-2964-7492"
"Rough Deep Neural Architecture for Short-Term Wind Speed Forecasting",10.1109/tii.2017.2730846,"IEEE Transactions on Industrial Informatics",2017-12-01,1,journal-article,"Institute of Electrical and Electronics Engineers (IEEE)","Mahdi Khodayar - K.N.Toosi University of Technology; Okyay Kaynak - Boğaziçi University; Mohammad E Khodayar - Southern Methodist University",,
"Relationship between building intelligence and sustainability",10.1680/jensu.16.00028,"Proceedings of the Institution of Civil Engineers - Engineering Sustainability",2017-12-01,2,journal-article,"Thomas Telford Ltd.","Tulika Gadakari - University of Lancashire; Karim Hadjri - University of Lancashire; Sabah Mushatat - Heriot-Watt University Dubai",,"0000-0001-8243-8396; 0000-0001-9199-3906"
"Investigation of demand response potentials of residential air conditioners in smart grids using grey-box room thermal model",10.1016/j.apenergy.2017.05.099,"Applied Energy",2017-12-01,3,journal-article,"Elsevier BV","Maomao Hu - Hong Kong Polytechnic University; Fu Xiao - Hong Kong Polytechnic University; Lingshi Wang - Hong Kong Polytechnic University",,
"An investigation of renewable certificates policy in Swedish electricity industry using an integrated system dynamics model",10.1016/j.ijpe.2017.03.012,"International Journal of Production Economics",2017-12-01,1,journal-article,"Elsevier BV","Ou Tang - Linköping University; Jakob Rehme - Linköping University",,"0000-0002-0134-4388; 0000-0003-3058-7431"
"Chemistry of K in Cu(In,Ga)Se2 photovoltaic absorbers: Effects of temperature on Cu-K-In-Se films",10.1016/j.jallcom.2017.08.019,"Journal of Alloys and Compounds",2017-12-01,2,journal-article,"Elsevier BV","Christopher P Muzzillo - University of Florida; Christopher P Muzzillo - National Laboratory of the Rockies; Ho Ming Tong - University of Florida; Ho Ming Tong - Oak Ridge National Laboratory; Tim Anderson - University of Florida",,"0000-0002-4561-3607; 0000-0002-6492-0098"
"Experimental and theoretical investigation of a flat heat pipe heat exchanger for waste heat recovery in the steel industry",10.1016/j.energy.2017.10.142,Energy,2017-12-01,1,journal-article,"Elsevier BV","Hussam Jouhara - Brunel University of London; Sulaiman Almahmoud - Brunel University of London; Amisha Chauhan - Brunel University of London; Bertrand Delpech - Brunel University of London; Giuseppe Bianchi - Brunel University of London; S.A Tassou - Brunel University of London; Rocio Llera - ArcelorMittal (Spain); Francisco Lago - ArcelorMittal (Spain); Juan José Martín Arribas - ArcelorMittal (Spain)",,"0000-0001-5730-0045; 0000-0001-7429-8610; 0000-0002-5779-1427; 0000-0002-6910-6116; 0000-0002-8035-505X; 0000-0003-2781-8171; 0000-0003-4851-2112"
"Predictive method for low load off-design operation of a lignite fired power plant",10.1016/j.fuel.2017.08.042,Fuel,2017-12-01,1,journal-article,"Elsevier BV","Ioannis Avagianos - National Technical University of Athens; Ioannis Avagianos - Centre for Research and Technology Hellas; Konstantinos Atsonios - Centre for Research and Technology Hellas; Nikolaos Nikolopoulos - Centre for Research and Technology Hellas; Panagiotis Grammelis - Centre for Research and Technology Hellas; Nektarios Polonidis - Public Power Corporation (Greece); Charalambos Papapavlou - Public Power Corporation (Greece); E Kakaras - Centre for Research and Technology Hellas; E Kakaras - National Technical University of Athens",,"0000-0002-1618-0312; 0000-0002-5549-2650; 0000-0002-5550-456X; 0000-0002-8569-910X; 0000-0003-2921-7265"
"Multi-step ahead wind speed forecasting using an improved wavelet neural network combining variational mode decomposition and phase space reconstruction",10.1016/j.renene.2017.06.095,"Renewable Energy",2017-12-01,1,journal-article,"Elsevier BV","Deyun Wang - China University of Geosciences; Deyun Wang - Université de technologie de belfort-montbéliard; Deyun Wang - Université de Bourgogne; Hongyuan Luo - China University of Geosciences; Olivier Grunder - Université de technologie de belfort-montbéliard; Olivier Grunder - Université de Bourgogne; Yanbing Lin - China University of Geosciences",,
"Data-driven upscaling methods for regional photovoltaic power estimation and forecast using satellite and numerical weather prediction data",10.1016/j.solener.2017.09.068,"Solar Energy",2017-12-01,4,journal-article,"Elsevier BV","Marco Pierro - University of Rome Tor Vergata; Marco Pierro - Eurac Research; Matteo De Felice - National Agency for New Technologies, Energy and Sustainable Economic Development; David Moser - Eurac Research; Cristina Cornaro - University of Rome Tor Vergata",,"0000-0002-3788-4458; 0000-0002-4895-8862; 0000-0002-5457-3045; 0000-0002-7546-1878"
"An unsupervised method for estimating the global horizontal irradiance from photovoltaic power measurements",10.1016/j.solener.2017.10.039,"Solar Energy",2017-12-01,2,journal-article,"Elsevier BV","Lorenzo Nespoli - École Polytechnique Fédérale de Lausanne; Lorenzo Nespoli - University of Applied Sciences and Arts of Southern Switzerland; Vasco Medici - University of Applied Sciences and Arts of Southern Switzerland",,
"Climate impacts on hydropower and consequences for global electricity supply investment needs",10.1016/j.energy.2017.11.089,Energy,2017-12-01,27,journal-article,"Elsevier BV","Sean Turner - Pacific Northwest National Laboratory; Sean Turner - Joint Global Change Research Institute; Son H Kim - Joint Global Change Research Institute; Son H Kim - Pacific Northwest National Laboratory; Leon Clarke - Joint Global Change Research Institute; Leon Clarke - Pacific Northwest National Laboratory; Mohamad Hejazi - Joint Global Change Research Institute; Mohamad Hejazi - Pacific Northwest National Laboratory; Jae Edmonds - Joint Global Change Research Institute; Jae Edmonds - Pacific Northwest National Laboratory",,
"Machine learning approaches for estimating commercial building energy consumption",10.1016/j.apenergy.2017.09.060,"Applied Energy",2017-12-01,3,journal-article,"Elsevier BV","Caleb Robinson - Georgia Institute of Technology; Bistra Dilkina - Georgia Institute of Technology; Jeffrey Hubbs - Georgia Institute of Technology; Wenwen Zhang - Georgia Institute of Technology; Subhrajit Guhathakurta - Georgia Institute of Technology; Marilyn A Brown - Georgia Institute of Technology; Ram M Pendyala - Arizona State University",,
"Evaluation of the wind farm parameterization in the Weather Research and Forecasting model (version 3.8.1) with meteorological and turbine power data",10.5194/gmd-10-4229-2017,"Geoscientific Model Development",2017-11-23,4,journal-article,"Copernicus GmbH","Joseph Lee - National Laboratory of the Rockies; Joseph Lee - University of Colorado Boulder; Julie K Lundquist - National Laboratory of the Rockies; Julie K Lundquist - University of Colorado Boulder",,"0000-0001-5490-2702; 0000-0003-1897-6290"
"A multi-paradigm framework to assess the impacts of climate change on end-use energy demand",10.1371/journal.pone.0188033,"PLOS ONE",2017-11-20,2,journal-article,"Public Library of Science (PLoS)","Roshanak Nateghi - Purdue University West Lafayette; Sayanti Mukherjee - Purdue University West Lafayette",,
"An Integrated Modeling Approach for Forecasting Long-Term Energy Demand in Pakistan",10.3390/en10111868,Energies,2017-11-15,4,journal-article,"MDPI AG","Syed Aziz Ur Rehman - Beijing Normal University; Yanpeng Cai - Beijing Normal University; Yanpeng Cai - University of Regina; Rizwan Fazal - Pakistan Institute of Development Economics; Gordhan Das Walasai - Quaid-e-Awam University of Engineering, Science and Technology; Nayyar Mirjat - Mehran University of Engineering and Technology",,
"The changing hydrology of a dammed Amazon",10.1126/sciadv.1700611,"Science Advances",2017-11-03,1,journal-article,"American Association for the Advancement of Science (AAAS)","Kelsie Timpe - University of Florida; David Kaplan - University of Florida",,"0000-0001-8149-7212; 0000-0002-0103-0928"
"Assessing the impact of solar PV on domestic electricity consumption: Exploring the prospect of rebound effects",10.1016/j.enpol.2017.08.035,"Energy Policy",2017-11-01,14,journal-article,"Elsevier BV","Gary Deng - Swinburne University of Technology; Peter Newton - Swinburne University of Technology",,
"Reuse of abandoned oil and gas wells for geothermal energy production",10.1016/j.renene.2017.05.042,"Renewable Energy",2017-11-01,2,journal-article,"Elsevier BV","Robert A Caulk - University of California San Diego; Ingrid Tomac - University of California San Diego",,
"Dynamic Price Vector Formation Model-Based Automatic Demand Response Strategy for PV-Assisted EV Charging Stations",10.1109/tsg.2017.2693121,"IEEE Transactions on Smart Grid",2017-11-01,1,journal-article,"Institute of Electrical and Electronics Engineers (IEEE)","Qifang Chen - University of Illinois Urbana-Champaign; Qifang Chen - North China Electric Power University; Fei Wang - University of Illinois Urbana-Champaign; Fei Wang - North China Electric Power University; Bri‐Mathias Hodge - National Laboratory of the Rockies; Jianhua Zhang - North China Electric Power University; Zhigang Li - South China University of Technology; Miadreza Shafie‐khah - University of Beira Interior; João P S Catalào - University of Beira Interior; João P S Catalào - Instituto de Engenharia de Sistemas e Computadores Investigação e Desenvolvimento; João P S Catalào - University of Lisbon; João P S Catalào - INESC TEC; João P S Catalào - Universidade do Porto",,"0000-0001-8684-0534; 0000-0001-8828-3751; 0000-0002-2105-3051; 0000-0002-5106-9417; 0000-0002-7332-9726; 0000-0003-0464-8800; 0000-0003-1691-5355"
"Improved prediction of deep retrofit strategies for low income housing in Ireland using a more accurate thermal bridging heat loss coefficient",10.1016/j.enbuild.2017.08.088,"Energy and Buildings",2017-11-01,1,journal-article,"Elsevier BV","James Pittam - Munster Technological University; Paul D O’Sullivan - Munster Technological University",,0000-0001-7772-083X
"Development of an intelligent building controller to mitigate indoor thermal dissatisfaction and peak energy demands in a district heating system",10.1016/j.buildenv.2017.07.040,"Building and Environment",2017-11-01,2,journal-article,"Elsevier BV","Jonghoon Ahn - North Carolina State University; Soolyeon Cho - North Carolina State University",,
"Short-term electricity demand forecasting using autoregressive based time varying model incorporating representative data adjustment",10.1016/j.apenergy.2017.08.135,"Applied Energy",2017-11-01,1,journal-article,"Elsevier BV","Dao H Vu - University of Wollongong; Kashem M Muttaqi - University of Wollongong; Ashish P Agalgaonkar - University of Wollongong; Abdesselam Bouzerdoum - University of Wollongong",,"0000-0001-5215-478X; 0000-0002-5890-733X; 0000-0002-9163-0045; 0000-0003-2424-0722"
"Comparison of four building archetype characterization methods in urban building energy modeling (UBEM): A residential case study in Kuwait City",10.1016/j.enbuild.2017.08.029,"Energy and Buildings",2017-11-01,1,journal-article,"Elsevier BV","Carlos Cerezo - Massachusetts Institute of Technology; Julia Sokol - Massachusetts Institute of Technology; Saud AlKhaled - Arizona State University; Christoph Reinhart - Massachusetts Institute of Technology; Adil Al-Mumin - Kuwait University; Ali Hajiah - Kuwait Institute for Scientific Research",,
"Window opening behavior of occupants in residential buildings in Beijing",10.1016/j.buildenv.2017.08.035,"Building and Environment",2017-11-01,1,journal-article,"Elsevier BV","Mingyao Yao - Tsinghua University; Bin Zhao - Tsinghua University",,
"District heating system operation in power systems with high share of wind power",10.1007/s40565-017-0344-6,"Journal of Modern Power Systems and Clean Energy",2017-11-01,5,journal-article,"Springer Nature","Ilias Dimoulkas - KTH Royal Institute of Technology; Mikael Amelin - KTH Royal Institute of Technology",,
"Global energy consumption due to friction and wear in the mining industry",10.1016/j.triboint.2017.05.010,"Tribology International",2017-11-01,7,journal-article,"Elsevier BV","Kenneth Holmberg - VTT Technical Research Centre of Finland; Päivi Kivikytö-Reponen - VTT Technical Research Centre of Finland; Pirita Härkisaari - Tampere University; Kati Valtonen - Tampere University; Ali Erdemir - Argonne National Laboratory",,
"The impact of retail electricity tariff evolution on solar photovoltaic deployment",10.1016/j.tej.2017.10.003,"The Electricity Journal",2017-11-01,9,journal-article,"Elsevier BV","Pieter Gagnon - National Laboratory of the Rockies; Wesley Cole - National Laboratory of the Rockies; Bethany Frew - National Laboratory of the Rockies; Robert Margolis - National Laboratory of the Rockies",,"0000-0002-0537-2626; 0000-0002-4006-1719; 0000-0002-9194-065X"
"Foresee: A user-centric home energy management system for energy efficiency and demand response",10.1016/j.apenergy.2017.08.166,"Applied Energy",2017-11-01,12,journal-article,"Elsevier BV","Xin Jin - National Laboratory of the Rockies; Kyri Baker - National Laboratory of the Rockies; Kyri Baker - University of Colorado Boulder; Dane Christensen - National Laboratory of the Rockies; Steven Isley - National Laboratory of the Rockies",,
"Electricity demand planning forecasts should consider climate non-stationarity to maintain reserve margins during heat waves",10.1016/j.apenergy.2017.08.141,"Applied Energy",2017-11-01,2,journal-article,"Elsevier BV","Daniel Burillo - Arizona State University; Mikhail Chester - Arizona State University; Benjamin L Ruddell - Northern Arizona University; Nathan G Johnson - Arizona State University",,
"Degree-day based non-domestic building energy analytics and modelling should use building and type specific base temperatures",10.1016/j.enbuild.2017.09.034,"Energy and Buildings",2017-11-01,2,journal-article,"Elsevier BV","Qinglong Meng - Chang'an University; Qinglong Meng - Cardiff University; Monjur Mourshed - Cardiff University",,
"Vertical bifacial solar farms: Physics, design, and global optimization",10.1016/j.apenergy.2017.08.042,"Applied Energy",2017-11-01,2,journal-article,"Elsevier BV","M Ryyan Khan - Purdue University West Lafayette; Amir N Hanna - King Abdullah University of Science and Technology; Xingshu Sun - Purdue University West Lafayette; Muhammad A Alam - Purdue University West Lafayette",,"0000-0001-5632-9233; 0000-0001-8775-6043; 0000-0002-2511-0076; 0000-0003-4679-366X"
"Non-intrusive load monitoring under residential solar power influx",10.1016/j.apenergy.2017.08.094,"Applied Energy",2017-11-01,2,journal-article,"Elsevier BV","Chinthaka Dinesh - Simon Fraser University; Chinthaka Dinesh - University of Peradeniya; Shirantha Welikala - University of Peradeniya; Yasitha Liyanage - University of Peradeniya; M P B Ekanayake - University of Peradeniya; Roshan Godaliyadda - University of Peradeniya; Janaka Ekanayake - University of Peradeniya; Janaka Ekanayake - Cardiff University",,"0000-0002-3495-481X; 0000-0002-5639-8105; 0000-0002-5698-1296; 0000-0003-0362-3767; 0000-0003-3470-7082"
"Atlas : A library for numerical weather prediction and climate modelling",10.1016/j.cpc.2017.07.006,"Computer Physics Communications",2017-11-01,1,journal-article,"Elsevier BV","Willem Deconinck - European Centre for Medium-Range Weather Forecasts; Péter Bauer - European Centre for Medium-Range Weather Forecasts; Michail Diamantakis - European Centre for Medium-Range Weather Forecasts; Mats Hamrud - European Centre for Medium-Range Weather Forecasts; Christian Kühnlein - European Centre for Medium-Range Weather Forecasts; Pedro Maciel - European Centre for Medium-Range Weather Forecasts; Gianmarco Mengaldo - European Centre for Medium-Range Weather Forecasts; Tiago Quintino - European Centre for Medium-Range Weather Forecasts; Baudouin Raoult - European Centre for Medium-Range Weather Forecasts; Piotr K Smolarkiewicz - European Centre for Medium-Range Weather Forecasts; Nils Wedi - European Centre for Medium-Range Weather Forecasts",,"0000-0001-5324-2749; 0000-0001-7077-3285; 0000-0001-9894-7291; 0000-0002-0157-5477; 0000-0002-3205-6055; 0000-0002-8029-0866; 0000-0003-0602-0531; 0000-0003-2279-9717; 0000-0003-2834-2208"
"Thailand Green GDP assessment based on environmentally extended input-output model",10.1016/j.jclepro.2017.02.106,"Journal of Cleaner Production",2017-11-01,1,journal-article,"Elsevier BV","Kultida Kunanuntakij - Kasetsart University; Viganda Varabuntoonvit - Petromat; Viganda Varabuntoonvit - Kasetsart University; Natanee Vorayos - Chiang Mai University; Chanin Panjapornpon - Kasetsart University; Thumrongrut Mungcharoen - National Science and Technology Development Agency",,"0000-0001-7622-9846; 0000-0001-8133-830X; 0000-0003-0641-3052"
"Modeling the Effects of Variable Tariffs on Domestic Electric Load Profiles by Use of Occupant Behavior Submodels",10.1109/tsg.2016.2544141,"IEEE Transactions on Smart Grid",2017-11-01,2,journal-article,"Institute of Electrical and Electronics Engineers (IEEE)","David S Fischer - Fraunhofer Institute for Solar Energy Systems; Bruce Stephen - University of Strathclyde; Alexander Flunk - Fraunhofer Institute for Solar Energy Systems; Niklas Kreifels - Fraunhofer Institute for Solar Energy Systems; Karen Byskov Lindberg - Norwegian University of Science and Technology; Bernhard Wille‐Haussmann - Fraunhofer Institute for Solar Energy Systems; Edward H Owens - Heriot-Watt University",,
"Demographic determinants of Canada’s households’ adoption of energy efficiency measures: observations from the Households and Environment Survey, 2013",10.1007/s12053-017-9578-4,"Energy Efficiency",2017-10-31,1,journal-article,"Springer Nature","Runa Das - Royal Roads University; Russell Richman - Toronto Metropolitan University; Craig Brown - University of Waterloo",,"0000-0002-0692-5253; 0000-0003-1140-306X"
"Evaluating the electricity intensity of evolving water supply mixes: the case of California’s water network",10.1088/1748-9326/aa8c86,"Environmental Research Letters",2017-10-31,3,journal-article,"IOP Publishing","Jennifer Stokes-Draut - University of California, Berkeley; Michael N Taptich - University of California, Berkeley; Olga Kavvada - University of California, Berkeley; Arpad Horvath - University of California, Berkeley",,"0000-0002-9801-144X; 0000-0003-0240-1361; 0000-0003-1340-7099"
"Convergent evolution of reduced energy demands in extremophile fish",10.1371/journal.pone.0186935,"PLOS ONE",2017-10-27,1,journal-article,"Public Library of Science (PLoS)","Courtney N Passow - Kansas State University; Lenin Arias‐Rodríguez - Universidad Juárez Autónoma de Tabasco; Michael Tobler - Kansas State University",,"0000-0001-9873-8983; 0000-0002-0326-0890; 0000-0002-8025-5569"
"Building Energy Consumption Prediction: An Extreme Deep Learning Approach",10.3390/en10101525,Energies,2017-10-07,2,journal-article,"MDPI AG","Chengdong Li - Shandong Jianzhu University; Zixiang Ding - Shandong Jianzhu University; Dongbin Zhao - Shandong Institute of Automation; Dongbin Zhao - Chinese Academy of Sciences; Jianqiang Yi - Shandong Institute of Automation; Jianqiang Yi - Chinese Academy of Sciences; Guiqing Zhang - Shandong Jianzhu University",,
"Assessing the impact of tidal stream energy extraction on the Lagrangian circulation",10.1016/j.apenergy.2017.06.022,"Applied Energy",2017-10-01,2,journal-article,"Elsevier BV","Nicolas Guillou - Centre d'Études et d'Expertise sur les Risques, l'Environnement, la Mobilité et l'Aménagement; Georges Chapalain - Centre d'Études et d'Expertise sur les Risques, l'Environnement, la Mobilité et l'Aménagement",,0000-0002-6227-8134
"Analysis of reflectivity & predictability of electricity network tariff structures for household consumers",10.1016/j.enpol.2017.07.049,"Energy Policy",2017-10-01,2,journal-article,"Elsevier BV","M Nijhuis - Eindhoven University of Technology; Madeleine Gibescu - Eindhoven University of Technology; J.F.G Cobben - Liander (Netherlands); J.F.G Cobben - Eindhoven University of Technology",,"0000-0002-2883-474X; 0000-0002-4420-8538"
"Sewage sludge gasification as an alternative energy storage model",10.1016/j.enconman.2017.02.076,"Energy Conversion and Management",2017-10-01,1,journal-article,"Elsevier BV","Filip Kokalj - University of Maribor; Beno Arbiter - University of Maribor; Niko Samec - University of Maribor",,
"Carbon capture and utilization for sodium bicarbonate production assisted by solar thermal power",10.1016/j.enconman.2017.03.042,"Energy Conversion and Management",2017-10-01,2,journal-article,"Elsevier BV","D Bonaventura - Politecnico di Torino; D Bonaventura - Universidad de Sevilla; Ricardo Chacartegui - Universidad de Sevilla; José Manuel Valverde - Universidad de Sevilla; J.A Becerra - Universidad de Sevilla; Vittorio Verda - Politecnico di Torino",,"0000-0001-7285-8661; 0000-0002-2345-8888; 0000-0002-4069-2713; 0000-0003-1282-1837"
"Monte Carlo housing stock model to predict the energy performance indicators",10.1016/j.enbuild.2017.07.059,"Energy and Buildings",2017-10-01,1,journal-article,"Elsevier BV","J.N.B Fonseca - University of Lisbon; Marta J.N Oliveira Panão - University of Lisbon",,"0000-0002-5759-6330; 0000-0002-5958-6830"
"Cost optimal sizing of smart buildings' energy system components considering changing end-consumer electricity markets",10.1016/j.energy.2017.06.025,Energy,2017-10-01,1,journal-article,"Elsevier BV","Henryk Wolisz - RWTH Aachen University; Thomas Schütz - RWTH Aachen University; Tobias Blanke - RWTH Aachen University; Markus Hagenkamp - RWTH Aachen University; Markus Kohrn - RWTH Aachen University; Mark Thomas Wesseling - RWTH Aachen University; Dirk Müller - RWTH Aachen University",,"0000-0001-7711-9796; 0000-0002-6106-6607; 0000-0002-8490-305X; 0000-0002-9955-9132; 0000-0003-1529-5529"
"An Accurate and Fast Converging Short-Term Load Forecasting Model for Industrial Applications in a Smart Grid",10.1109/tii.2016.2638322,"IEEE Transactions on Industrial Informatics",2017-10-01,1,journal-article,"Institute of Electrical and Electronics Engineers (IEEE)","Ashfaq Ahmad - COMSATS University Islamabad; Nadeem Javaid - COMSATS University Islamabad; Mohsen Guizani - University of Idaho; Zahoor Ali Khan - Higher Colleges of Technology",,"0000-0002-6035-6151; 0000-0002-7101-2979; 0000-0002-8972-8094; 0000-0003-3777-8249"
"Experimental investigation of the steady state behaviour of Breathing Walls by means of a novel laboratory apparatus",10.1016/j.buildenv.2017.07.013,"Building and Environment",2017-10-01,1,journal-article,"Elsevier BV","Andrea Alongi - Politecnico di Milano; Adriana Angelotti - Politecnico di Milano; Livio Mazzarella - Politecnico di Milano",,"0000-0002-0148-9181; 0000-0002-9039-2102; 0000-0003-1131-9300"
"Office buildings with electrochromic windows: A sensitivity analysis of design parameters on energy performance, and thermal and visual comfort",10.1016/j.enbuild.2017.07.046,"Energy and Buildings",2017-10-01,1,journal-article,"Elsevier BV","Jean-Michel Dussault - Université Laval; Louis Gosselin - Université Laval",,0000-0002-5210-7083
"Induced technological change and energy efficiency improvements",10.1016/j.eneco.2017.10.032,"Energy Economics",2017-10-01,2,journal-article,"Elsevier BV","Jan Witajewski-Baltvilks - Institute for Structural Research; Jan Witajewski-Baltvilks - Fondazione Eni Enrico Mattei; Elena Verdolini - Fondazione Eni Enrico Mattei; Elena Verdolini - CMCC Foundation - Euro-Mediterranean Center on Climate Change; Massimo Tavoni - Politecnico di Milano; Massimo Tavoni - Fondazione Eni Enrico Mattei; Massimo Tavoni - CMCC Foundation - Euro-Mediterranean Center on Climate Change",,
"Will China make a difference in its carbon intensity reduction targets by 2020 and 2030?",10.1016/j.apenergy.2017.06.087,"Applied Energy",2017-10-01,1,journal-article,"Elsevier BV","Lei Xu - State Key Laboratory of Information Engineering in Surveying Mapping and Remote Sensing; Lei Xu - Wuhan University; Nengcheng Chen - State Key Laboratory of Information Engineering in Surveying Mapping and Remote Sensing; Nengcheng Chen - Wuhan University; Zeqiang Chen - State Key Laboratory of Information Engineering in Surveying Mapping and Remote Sensing; Zeqiang Chen - Wuhan University",,"0000-0001-6624-6693; 0000-0002-3521-9972; 0000-0002-6454-2963"
"Hybrid photovoltaic-thermal solar systems for combined heating, cooling and power provision in the urban environment",10.1016/j.enconman.2017.03.024,"Energy Conversion and Management",2017-10-01,3,journal-article,"Elsevier BV","Alba Ramos - Imperial College London; Maria Anna Chatzopoulou - Imperial College London; Ilaria Guarracino - Imperial College London; James Freeman - Imperial College London; Christos N Markides - Imperial College London",,
"Modeling for diversifying electricity supply by maximizing renewable energy use in Ebino city southern Japan",10.1016/j.scs.2017.06.022,"Sustainable Cities and Society",2017-10-01,2,journal-article,"Elsevier BV","Younes Noorollahi - University of Tehran; Ryuichi Itoi - Kyushu University; Hossein Yousefi - University of Tehran; Mohammad Mohammadi - University of Tehran; Ali Farhadi - University of Tehran",,
"Characterizing and analyzing ramping events in wind power, solar power, load, and netload",10.1016/j.renene.2017.04.005,"Renewable Energy",2017-10-01,1,journal-article,"Elsevier BV","Mingjian Cui - The University of Texas at Dallas; Jie Zhang - The University of Texas at Dallas; Cong Feng - The University of Texas at Dallas; Anthony Florita - National Laboratory of the Rockies; Yuanzhang Sun - Wuhan University; Bri-Mathias Hodge - National Laboratory of the Rockies",,"0000-0001-7478-5670; 0000-0002-3047-5141; 0000-0002-8998-6106; 0000-0003-2866-0716"
"Reprint of: The impact of urbanization on carbon emissions in developing countries: a Chinese study based on the U-Kaya method",10.1016/j.jclepro.2017.05.144,"Journal of Cleaner Production",2017-10-01,6,journal-article,"Elsevier BV","Yuzhe Wu - Zhejiang University; Jiahui Shen - Zhejiang University; Xiaoling Zhang - City University of Hong Kong; Martin Skitmore - Queensland University of Technology; Wisheng Lu - University of Hong Kong",,"0000-0001-7135-1201; 0000-0002-1236-6099; 0000-0002-3359-1754; 0000-0002-6369-9424"
"Balancing growing global bioenergy resource demands - Brazil's biomass potential and the availability of resource for trade",10.1016/j.biombioe.2017.06.011,"Biomass and Bioenergy",2017-10-01,5,journal-article,"Elsevier BV","Andrew Welfle - University of Manchester; Andrew Welfle - Tyndall Centre",,
"Urban ecological footprint prediction based on the Markov chain",10.1016/j.jclepro.2016.03.034,"Journal of Cleaner Production",2017-10-01,1,journal-article,"Elsevier BV","Yi Lu - Beijing Normal University; Yi Lu - State Key Joint Laboratory of Environment Simulation and Pollution Control; Bin Chen - State Key Joint Laboratory of Environment Simulation and Pollution Control; Bin Chen - Beijing Normal University",,"0000-0001-8326-4551; 0000-0003-1933-5794"
"Transient three-dimensional CFD modelling of ceiling fans",10.1016/j.buildenv.2017.06.039,"Building and Environment",2017-10-01,1,journal-article,"Elsevier BV","Francesco Babich - Loughborough University; Malcolm Cook - Loughborough University; D.L Loveday - Loughborough University; Rajan Rawal - CEPT University; Yash Shukla - CEPT University",,"0000-0001-7914-6069; 0000-0002-2674-2163; 0000-0002-7102-8778; 0000-0002-9029-0296"
"Wind Power Ramps Driven by Windstorms and Cyclones",10.3390/en10101475,Energies,2017-09-23,2,journal-article,"MDPI AG","Madalena Lacerda - National Laboratory of Energy and Geology; António Couto - National Laboratory of Energy and Geology; Ana Estanqueiro - National Laboratory of Energy and Geology",,
"Evaluation of a CO<sub>2</sub> Tax in Chile: Emissions                         Reduction or Design Problems?",10.25222/larr.33,"Latin American Research Review",2017-09-22,7,journal-article,"Latin American Studies Association","Cristián Mardones - University of Concepción; Belén Flores - University of Concepción",,
"Optimization of the operating conditions of gas-turbine power stations considering the effect of equipment deterioration",10.1134/s0040601517100019,"Thermal Engineering",2017-09-20,2,journal-article,"Pleiades Publishing Ltd","Р З Аминов - Saratov Research Center; Р З Аминов - Russian Academy of Sciences; A I Kozhevnikov - Eindhoven University of Technology",,"0000-0001-9970-8807; 0000-0003-1549-5133"
"Fine-scale harbour seal usage for informed marine spatial planning",10.1038/s41598-017-11174-4,"Scientific Reports",2017-09-14,2,journal-article,"Springer Nature","Esther L Jones - University of St Andrews; Carol Sparling - University of St Andrews; Bernie McConnell - University of St Andrews; Christopher D Morris - University of St Andrews; Sophie Smout - University of St Andrews",,
"Adaptation and validation of an existing bottom-up model for simulating temporal and inter-dwelling variations of residential appliance and lighting demands",10.1080/19401493.2017.1369570,"Journal of Building Performance Simulation",2017-09-06,2,journal-article,"Informa UK Limited","Adam Wills - Carleton University; Ian Beausoleil-Morrison - Carleton University; V Ismet Ugursal - Dalhousie University",,"0000-0001-7123-841X; 0000-0001-8343-0812"
"The Impact of Climate Change on the Generation of Hydroelectric Power—A Case Study in Southern Spain",10.3390/en10091343,Energies,2017-09-05,4,journal-article,"MDPI AG","Kepa Solaun - Universidad de Navarra; Emilio Cerdá - Universidad Complutense de Madrid",,
"Water-energy nexus: Impact on electrical energy conversion and mitigation by smart water resources management",10.1016/j.enconman.2017.06.053,"Energy Conversion and Management",2017-09-01,2,journal-article,"Elsevier BV","Blazhe Gjorgiev - ETH Zurich; Giovanni Sansavini - ETH Zurich",,
"Estimates of energy demand and energy saving potential in China's agricultural sector",10.1016/j.energy.2017.06.173,Energy,2017-09-01,1,journal-article,"Elsevier BV","Rilong Fei - Wuhan University of Technology; Boqiang Lin - Xiamen University",,0000-0002-1308-400X
"Dynamics of electricity consumption, oil price and economic growth: Global perspective",10.1016/j.enpol.2017.06.006,"Energy Policy",2017-09-01,1,journal-article,"Elsevier BV","Muhammad Shahbaz - Montpellier Business School; Suleman Sarwar - Shandong University; Wei Chen - Shandong University; Muhammad Nasir Malik - University of Central Punjab",,"0000-0002-4791-0293; 0000-0002-6735-6701; 0000-0002-9419-148X; 0000-0003-4916-7648"
"Is it wise to compromise renewable energy future for the sake of expediency? An analysis of Pakistan's long-term electricity generation pathways",10.1016/j.esr.2017.05.002,"Energy Strategy Reviews",2017-09-01,2,journal-article,"Elsevier BV","Hanan Ishaque - University of Klagenfurt",,
"High temperature solar thermochemical process for production of stored energy and oxygen based on CuO/Cu 2 O redox reactions",10.1016/j.solener.2017.05.025,"Solar Energy",2017-09-01,1,journal-article,"Elsevier BV","Pegah Haseli - Adelaide University; Mehdi Jafarian - Adelaide University; Graham J Nathan - Adelaide University",,"0000-0001-6892-0901; 0000-0002-6922-848X; 0000-0002-8980-5870"
"Models for forecasting growth trends in renewable energy",10.1016/j.rser.2016.06.001,"Renewable and Sustainable Energy Reviews",2017-09-01,1,journal-article,"Elsevier BV","Sang‐Bing Tsai - Chinese Academy of Governance; Sang‐Bing Tsai - Nankai University; Sang‐Bing Tsai - University of Electronic Science and Technology of China; Xue You-zhi - Chinese Academy of Governance; Xue You-zhi - Nankai University; Jianyu Zhang - Tianjin University of Finance and Economics; Quan Chen - University of Electronic Science and Technology of China; Yubin Liu - Tianjin University of Finance and Economics; Jie Zhou - Nankai University; Weiwei Dong - Shanghai Institute of Technology",,"0000-0001-6010-8556; 0000-0001-6988-5829; 0000-0002-7908-853X; 0000-0003-2034-0371; 0000-0003-4677-3001"
"A comparison of the effects of energy management using heat pump water heaters and batteries in photovoltaic -installed houses",10.1016/j.enconman.2017.05.060,"Energy Conversion and Management",2017-09-01,1,journal-article,"Elsevier BV","Yumiko Iwafune - The University of Tokyo; Yumiko Iwafune - Tokyo University of Science; Junichiro Kanamori - Denso (Japan); Hisayoshi Sakakibara - Denso (Japan)",,0000-0003-4425-2376
"Design-space exploration of series plug-in hybrid electric vehicles for medium-duty truck applications in a total cost-of-ownership framework",10.1016/j.apenergy.2017.05.090,"Applied Energy",2017-09-01,2,journal-article,"Elsevier BV","Ashish Vora - Purdue University West Lafayette; Xing Jin - Purdue University West Lafayette; Vaidehi Hoshing - Purdue University West Lafayette; Tridib Saha - Purdue University West Lafayette; Gregory M Shaver - Purdue University West Lafayette; Subbarao Varigonda - Cummins (United States); Oleg Wasynczuk - Purdue University West Lafayette; Wallace E Tyner - Purdue University West Lafayette",,"0000-0001-7859-533X; 0000-0002-0803-4315; 0000-0002-1405-6959; 0000-0002-6293-3186; 0000-0003-1866-7025"
"Regional and National Scale Spatial Variability of Photovoltaic Cover Plate Soiling and Subsequent Solar Transmission Losses",10.1109/jphotov.2017.2731939,"IEEE Journal of Photovoltaics",2017-09-01,11,journal-article,"Institute of Electrical and Electronics Engineers (IEEE)","Liza Boyle - Cal Poly Humboldt; P.D Burton - Sandia National Laboratories; Victoria Danner - University of Colorado Boulder; Michael Hannigan - Cal Poly Humboldt; Bruce H King - Sandia National Laboratories",,
"Forecasting of Turkey’s monthly electricity demand by seasonal artificial neural network",10.1007/s00521-017-3183-5,"Neural Computing and Applications",2017-08-25,1,journal-article,"Springer Nature","Çoşkun Hamzaçebi - Karadeniz Technical University; Hüseyin Avni Es - Karadeniz Technical University; Reçep Çakmak - Gümüşhane University",,
"The potential impact of new Andean dams on Amazon fluvial ecosystems",10.1371/journal.pone.0182254,"PLOS ONE",2017-08-23,13,journal-article,"Public Library of Science (PLoS)","Bruce R Forsberg - Instituto Nacional de Pesquisas da Amazônia; John M Mélack - University of California, Santa Barbara; Thomas Dunne - University of California, Santa Barbara; Ronaldo Borges Barthem - Museu Paraense Emílio Goeldi; Michael Goulding - Wildlife Conservation Society; Rodrigo Cauduro Dias de Paiva - Universidade Federal do Rio Grande do Sul; Mino Viana Sorribas - Universidade Federal do Rio Grande do Sul; Urbano Lopes da Silva - Instituto Chico Mendes de Conservação da Biodiversidade; Sabine Weisser - University of Konstanz",,
"Overview of Wind Power in China: Status and Future",10.3390/su9081454,Sustainability,2017-08-17,1,journal-article,"MDPI AG","Jian‐Bo Yang - Chinese Academy of Geological Sciences; Qunyi Liu - Chinese Academy of Geological Sciences; Xin Li - Chengdu University of Technology; Xiandan Cui - Chengdu University of Technology",,
"Neuromorphic photonic networks using silicon photonic weight banks",10.1038/s41598-017-07754-z,"Scientific Reports",2017-08-07,2,journal-article,"Springer Nature","Alexander N Tait - Princeton University; Thomas Ferreira de Lima - Princeton University; Ellen Zhou - Princeton University; Allie X Wu - Princeton University; Mitchell A Nahmias - Princeton University; Bhavin J Shastri - Princeton University; Paul R Prucnal - Princeton University",,
"Simulating European wind power generation applying statistical downscaling to reanalysis data",10.1016/j.apenergy.2017.04.066,"Applied Energy",2017-08-01,12,journal-article,"Elsevier BV","Iratxe González‐Aparicio - Joint Research Centre; Fabio Monforti-Ferrario - Joint Research Centre; Patrick Volker - Technical University of Denmark; Andreas Zucker - Joint Research Centre; F Careri - Joint Research Centre; Thomas Huld - Joint Research Centre; Jake Badger - Technical University of Denmark",,"0000-0001-5488-4823; 0000-0001-7360-2019; 0000-0002-9737-4417; 0000-0003-1944-4720; 0000-0003-3272-2684"
"Evaluating demand charge reduction for commercial-scale solar PV coupled with battery storage",10.1016/j.renene.2017.02.060,"Renewable Energy",2017-08-01,3,journal-article,"Elsevier BV","Alex Park - RMIT University; Petros Lappas - RMIT University",,0000-0001-5500-7347
"Sizing and operating power-to-gas systems to absorb excess renewable electricity",10.1016/j.ijhydene.2017.07.121,"International Journal of Hydrogen Energy",2017-08-01,3,journal-article,"Elsevier BV",,,
"Investigation on the cooling performance of a green roof with a radiant cooling system",10.1016/j.enbuild.2017.05.035,"Energy and Buildings",2017-08-01,2,journal-article,"Elsevier BV","Dongwoo Yeom - California State Polytechnic University; Pablo La Roche - California State Polytechnic University",,0000-0001-8505-3619
"Evaluation of the performance gap in industrial, residential & tertiary near-Zero energy buildings",10.1016/j.enbuild.2017.03.057,"Energy and Buildings",2017-08-01,1,journal-article,"Elsevier BV","Nikos Kampelis - Technical University of Crete; Konstantinos Gobakis - Technical University of Crete; V Vagias - Technical University of Crete; Dionysia Kolokotsa - Technical University of Crete; Marina Kyprianou Dracou - Cyprus Institute; Alaric Montenon - Cyprus Institute; Andri Pyrgou - Cyprus Institute; Theoni Karlessi - National and Kapodistrian University of Athens; M Santamouris - National and Kapodistrian University of Athens",,"0000-0001-6076-3526; 0000-0002-6963-8497; 0000-0002-7490-8973; 0000-0003-2152-6602; 0000-0003-2960-3772"
"Dynamic LCA framework for environmental impact assessment of buildings",10.1016/j.enbuild.2017.05.042,"Energy and Buildings",2017-08-01,1,journal-article,"Elsevier BV","Shu Su - Tsinghua University; Xiaodong Li - Tsinghua University; Yimin Zhu - Louisiana State University; Borong Lin - Tsinghua University",,"0000-0001-8488-7961; 0000-0002-3871-4733; 0000-0003-2792-728X; 0000-0003-3848-2837"
"Predicting the quantifiable impacts of ISO 50001 on climate change mitigation",10.1016/j.enpol.2017.04.049,"Energy Policy",2017-08-01,2,journal-article,"Elsevier BV","Aimee McKane - Lawrence Berkeley National Laboratory; Peter Therkelsen - Lawrence Berkeley National Laboratory; Anna Scodel - Lawrence Berkeley National Laboratory; Prakash Rao - Lawrence Berkeley National Laboratory; Arian Aghajanzadeh - Lawrence Berkeley National Laboratory; Simon Hirzel - Fraunhofer Institute for Systems and Innovation Research; Ruiqin Zhang - Zhengzhou University; Ana M Lazarevska - Ss. Cyril and Methodius University in Skopje; Marco Matteini - United Nations Industrial Development Organization; Bettina Schreck - United Nations Industrial Development Organization; Fabian Allard - Natural Resources Canada; Karel Steyn - Eskom (South Africa); Ertaç Hürdoğan - Osmaniye Korkut Ata University; Thomas Björkman - Swedish Energy Agency; John O’Sullivan - Sustainable Energy Authority of Ireland",,
"A moral extension of the theory of planned behavior to predict consumers’ purchase intention for energy-efficient household appliances in Malaysia",10.1016/j.enpol.2017.05.027,"Energy Policy",2017-08-01,1,journal-article,"Elsevier BV","Chin-Seang Tan - Universiti Sains Malaysia; Hooi-Yin Ooi - Universiti Sains Malaysia; Yen-Nee Goh - Universiti Sains Malaysia",,
"Comparison of three different approaches for the optimization of the CSP plant scheduling",10.1016/j.solener.2017.04.060,"Solar Energy",2017-07-01,2,journal-article,"Elsevier BV","Mario Petrollese - University of Cagliari; Daniele Cocco - University of Cagliari; Giorgio Cau - University of Cagliari; E Cogliani - National Agency for New Technologies, Energy and Sustainable Economic Development",,"0000-0001-5394-1419; 0000-0001-9198-7207; 0000-0002-8751-0155; 0000-0003-1187-5630"
"Robust Co-Optimization to Energy and Reserve Joint Dispatch Considering Wind Power Generation and Zonal Reserve Constraints in Real-Time Electricity Markets",10.3390/app7070680,"Applied Sciences",2017-07-01,2,journal-article,"MDPI AG","Chunlai Li - Shenyang University of Technology; Jingyang Yun - Xi'an Jiaotong University; Tao Ding - Xi'an Jiaotong University; Fan Liu - Xi'an Jiaotong University; Yuntao Ju - China Agricultural University; Shun Yuan - Shenyang University of Technology",,
"Removal of ciprofloxacin from hospital wastewater using electrocoagulation technique by aluminum electrode: Optimization and modelling through response surface methodology",10.1016/j.psep.2017.04.026,"Process Safety and Environmental Protection",2017-07-01,1,journal-article,"Elsevier BV","Saeid Ahmadzadeh - Kerman University of Medical Sciences; Ali Asadipour - Kerman University of Medical Sciences; Mostafa Pournamdari - Kerman University of Medical Sciences; Behzad Behnam - Kerman University of Medical Sciences; Hamid Reza Rahimi - Kerman University of Medical Sciences; Maryam Dolatabadi - Mashhad University of Medical Sciences",,"0000-0001-8574-9448; 0000-0001-8636-9869; 0000-0002-1449-2195; 0000-0002-7338-1911; 0000-0002-9014-802X; 0000-0003-3872-0241"
"Electric load forecasting by using dynamic neural network",10.1016/j.ijhydene.2017.03.101,"International Journal of Hydrogen Energy",2017-07-01,1,journal-article,"Elsevier BV","Mourad Mordjaoui - University of Skikda; Salim Haddad - University of Skikda; Ammar Medoued - University of Skikda; Abderrezak Laouafi - University of Skikda",,"0000-0001-5775-3992; 0000-0002-5195-6016; 0000-0002-5385-7062"
"Online electricity demand forecasting based on an effective forecast combination methodology",10.1016/j.epsr.2017.03.016,"Electric Power Systems Research",2017-07-01,2,journal-article,"Elsevier BV","Abderrezak Laouafi - University of Skikda; Mourad Mordjaoui - University of Skikda; Salim Haddad - University of Skikda; Taqiy Eddine Boukelia - University Frères Mentouri Constantine 1; Taqiy Eddine Boukelia - University of Constantine 3; Abderahmane Ganouche - University of Skikda",,
"Modeling energy consumption in residential buildings: A bottom-up analysis based on occupant behavior pattern clustering and stochastic simulation",10.1016/j.enbuild.2017.04.072,"Energy and Buildings",2017-07-01,2,journal-article,"Elsevier BV","Longquan Diao - City University of Hong Kong; Yongjun Sun - City University of Hong Kong; Zejun Chen - Tung Wah College; Jiayu Chen - City University of Hong Kong",,"0000-0001-5345-686X; 0000-0001-9396-0059; 0000-0002-4676-5186; 0000-0003-3916-8778"
"Africa energy future: Alternative scenarios and their implications for sustainable development strategies",10.1016/j.enpol.2017.03.021,"Energy Policy",2017-07-01,23,journal-article,"Elsevier BV","Nadia S Ouédraogo - United Nations Economic Commission for Africa",,
"A software stack for next-generation automotive systems on many-core heterogeneous platforms",10.1016/j.micpro.2017.06.016,"Microprocessors and Microsystems",2017-07-01,1,journal-article,"Elsevier BV","Paolo Burgio - University of Modena and Reggio Emilia; Marko Bertogna - University of Modena and Reggio Emilia; Nicola Capodieci - University of Modena and Reggio Emilia; Roberto Cavicchioli - University of Modena and Reggio Emilia; Michał Sójka - Czech Technical University in Prague; Přemysl Houdek - Czech Technical University in Prague; Andrea Marongiu - ETH Zurich; Paolo Gai - Evidence (Italy); Claudio Scordino - Evidence (Italy); Bruno Morelli - Evidence (Italy)",,"0000-0002-2076-7896; 0000-0002-5845-4991; 0000-0002-8738-075X; 0000-0003-0166-0898; 0000-0003-1010-4762; 0000-0003-1954-7201; 0000-0003-2115-4853; 0000-0003-3378-3307"
"Wind power costs expected to decrease due to technological progress",10.1016/j.enpol.2017.03.032,"Energy Policy",2017-07-01,5,journal-article,"Elsevier BV","Eric Williams - Rochester Institute of Technology; Eric Hittinger - Rochester Institute of Technology; Rexon Carvalho - Rochester Institute of Technology; Ryan Williams - Rochester Institute of Technology",,"0000-0001-8439-4016; 0000-0002-3185-3909; 0000-0002-6352-2928"
"Assessing the urban heat island and its energy impact on residential buildings in Mediterranean climate: Barcelona case study",10.1016/j.enbuild.2017.04.025,"Energy and Buildings",2017-07-01,2,journal-article,"Elsevier BV","Agnese Salvati - Sapienza University of Rome; Helena Coch Roura - Universitat Politècnica de Catalunya; Carlo Cecere - Sapienza University of Rome",,
"An evaluation of offshore wind power production by floatable systems: A case study from SW Portugal",10.1016/j.energy.2017.04.149,Energy,2017-07-01,3,journal-article,"Elsevier BV","A Pacheco - University of Algarve; E Gorbeña - University of Algarve; C Sequeira - University of Algarve; Sónia Jerez - University of Lisbon",,
"Life cycle assessment of fish and prawn production: Comparison of monoculture and polyculture freshwater systems in Brazil",10.1016/j.jclepro.2017.04.059,"Journal of Cleaner Production",2017-07-01,1,journal-article,"Elsevier BV","Mateus Vitória Medeiros - Universidade Estadual Paulista (Unesp); Joël Aubin - Institut Agro Rennes-Angers; Joël Aubin - Sol Agro et hydrosystème Spatialisation; António Fernando Monteiro Camargo - Universidade Estadual Paulista (Unesp)",,
"Coordinated Optimal Dispatch of Energy Storage in a Network of Grid-Connected Microgrids",10.1109/tste.2017.2664666,"IEEE Transactions on Sustainable Energy",2017-07-01,1,journal-article,"Institute of Electrical and Electronics Engineers (IEEE)","Mohsen Rafiee Sandgani - McMaster University; Shahin Sirouspour - McMaster University",,0000-0003-4882-2161
"Efficient Uncertainty Quantification in Stochastic Economic Dispatch",10.1109/tpwrs.2016.2615334,"IEEE Transactions on Power Systems",2017-07-01,2,journal-article,"Institute of Electrical and Electronics Engineers (IEEE)","Cosmin Safta - Sandia National Laboratories California; Richard L.-Y Chen - Sandia National Laboratories California; Habib N Najm - Sandia National Laboratories California; Ali Pınar - Sandia National Laboratories California; Jean‐Paul Watson - Sandia National Laboratories California",,"0000-0001-6026-8875; 0000-0001-7219-7736; 0000-0002-2641-7344; 0000-0002-6338-7260"
"Energy efficiency and rebound effect in European road freight transport",10.1016/j.tra.2017.05.002,"Transportation Research Part A: Policy and Practice",2017-07-01,12,journal-article,"Elsevier BV","Manuel Llorca - Durham University; Tooraj Jamasb - Durham University",,
"Cost and carbon reductions from industrial demand-side management: Study of potential savings at a cement plant",10.1016/j.apenergy.2017.03.083,"Applied Energy",2017-07-01,3,journal-article,"Elsevier BV","Daniel L Summerbell - University of Cambridge; Diana Khripko - University of Kassel; Claire Y Barlow - University of Cambridge; Jens Hesselbach - University of Kassel",,
"Optimal offering and allocation policies for wind power in energy and reserve markets",10.1002/we.2125,"Wind Energy",2017-06-06,1,journal-article,Wiley,"Tiago Soares - Technical University of Denmark; T Jensen - Technical University of Denmark; Nicolò Mazzi - University of Padua; Pierre Pinson - Technical University of Denmark; Hugo Morais - Polytechnic Institute of Porto",,
"Reduction of heat pump induced peak electricity use and required generation capacity through thermal energy storage and demand response",10.1016/j.apenergy.2017.03.055,"Applied Energy",2017-06-01,5,journal-article,"Elsevier BV","Brecht Baeten - Hasselt University; Brecht Baeten - KU Leuven; Frederik Rogiers - Hasselt University; Frederik Rogiers - KU Leuven; Lieve Helsen - KU Leuven",,
"Trends in transmission, distribution, and administration costs for U.S. investor-owned electric utilities",10.1016/j.enpol.2017.02.036,"Energy Policy",2017-06-01,5,journal-article,"Elsevier BV","Robert L Fares - The University of Texas at Austin",,
"An optimal energy co-scheduling framework for smart buildings",10.1016/j.vlsi.2016.10.009,Integration,2017-06-01,1,journal-article,"Elsevier BV","Tiansong Cui - University of Southern California; Shuang Chen - University of Southern California; Yanzhi Wang - Syracuse University; Qi Zhu - University of California, Riverside; Shahin Nazarian - University of Southern California; Massoud Pedram - University of Southern California",,"0000-0002-2677-7307; 0000-0002-4195-8181; 0000-0002-7700-4099; 0000-0003-1334-2213; 0009-0009-3924-6466"
"Interactions between the design of short-term electricity markets in the CWE region and power system flexibility",10.1016/j.apenergy.2017.03.026,"Applied Energy",2017-06-01,5,journal-article,"Elsevier BV","Tom Brijs - KU Leuven; Tom Brijs - Johns Hopkins University; Cedric De Jonghe - KU Leuven; Benjamin F Hobbs - Johns Hopkins University; Ronnie Belmans - KU Leuven",,"0000-0003-1783-3597; 0000-0003-2622-4398"
"Real operation data analysis on district heating load patterns",10.1016/j.energy.2017.04.079,Energy,2017-06-01,2,journal-article,"Elsevier BV","Michel Noussan - Politecnico di Torino; Matteo Jarre - Politecnico di Torino; Alberto Poggio - Politecnico di Torino",,
"The impact of the temperature dependent thermal conductivity of insulating materials on the effective building envelope performance",10.1016/j.enbuild.2017.03.052,"Energy and Buildings",2017-06-01,1,journal-article,"Elsevier BV","Umberto Berardi - Toronto Metropolitan University; Matteo Naldi - Toronto Metropolitan University",,0000-0002-0508-6195
"A time-dependent stated preference approach to measuring vehicle type preferences and market elasticity of conventional and green vehicles",10.1016/j.tra.2017.04.028,"Transportation Research Part A: Policy and Practice",2017-06-01,1,journal-article,"Elsevier BV","Cinzia Cirillo - University of Maryland, College Park; Yan Liu - University of Maryland, College Park; Michael Maness - University of Maryland, College Park",,"0000-0001-5780-8666; 0000-0002-5167-0413; 0000-0003-4242-4840"
"Climate sensitivity of end-use electricity consumption in the built environment: An application to the state of Florida, United States",10.1016/j.energy.2017.04.034,Energy,2017-06-01,1,journal-article,"Elsevier BV","Sayanti Mukherjee - Purdue University West Lafayette; Roshanak Nateghi - Purdue University West Lafayette",,"0000-0002-5833-1617; 0000-0003-4569-9233"
"Prediction of electric vehicle charging-power demand in realistic urban traffic networks",10.1016/j.apenergy.2017.02.021,"Applied Energy",2017-06-01,1,journal-article,"Elsevier BV","Mariz B Arias - Hanyang University; Mariz B Arias - University of Santo Tomas; Myungchin Kim - Chungbuk National University; Sungwoo Bae - Hanyang University",,"0000-0001-5252-1455; 0000-0002-2543-4767; 0000-0003-1041-8155"
"Urban energy flux: Spatiotemporal fluctuations of building energy consumption and human mobility-driven prediction",10.1016/j.apenergy.2017.03.044,"Applied Energy",2017-06-01,2,journal-article,"Elsevier BV","Neda Mohammadi - Georgia Institute of Technology; John E Taylor - Georgia Institute of Technology",,"0000-0002-8949-3248; 0000-0003-2284-6077"
"On the development of a polyolefin gasification modelling approach",10.1016/j.fuel.2017.02.032,Fuel,2017-06-01,1,journal-article,"Elsevier BV","Susana Martínez-Lera - CIRCE - Centro Tecnológico; Susana Martínez-Lera - Universidad de Zaragoza; Javier Pallarés Ranz - CIRCE - Centro Tecnológico; Javier Pallarés Ranz - Universidad de Zaragoza",,0000-0002-4819-3636
"Energy use predictions with machine learning during architectural concept design",10.1080/23744731.2017.1319176,"Science and Technology for the Built Environment",2017-05-08,1,journal-article,"Informa UK Limited","Greig A Paterson - University College London; Dejan Mumovic - University College London; Payel Das - University of Oxford",,"0000-0002-3239-4222; 0000-0002-4914-9004; 0000-0002-6864-7420"
"An Optimal Dispatch Model of Wind-Integrated Power System Considering Demand Response and Reliability",10.3390/su9050758,Sustainability,2017-05-05,1,journal-article,"MDPI AG","Qingshan Xu - Southeast University; Yifan Ding - Southeast University; Aixia Zheng - Shanghai Electric (China)",,"0000-0002-4526-9973; 0000-0002-7669-0509"
"Solar water heating system and photovoltaic floating cover to reduce evaporation: Experimental results and modeling",10.1016/j.renene.2016.12.094,"Renewable Energy",2017-05-01,9,journal-article,"Elsevier BV","María E Taboada - Universidad de Antofagasta; Luis Cáceres - Universidad de Antofagasta; Teófilo A Graber - Universidad de Antofagasta; Héctor R Galleguillos - Universidad de Antofagasta; Luisa F Cabeza - Universitat de Lleida; René S Rojas - Universidad Católica del Norte",,
"The intersection of energy and justice: Modeling the spatial, racial/ethnic and socioeconomic patterns of urban residential heating consumption and efficiency in Detroit, Michigan",10.1016/j.enbuild.2017.03.028,"Energy and Buildings",2017-05-01,16,journal-article,"Elsevier BV","Dominic J Bednar - University of Michigan; Tony G Reames - University of Michigan; Gregory A Keoleian - University of Michigan",,
"The effects of militarization on biofuel consumption and CO 2 emission",10.1016/j.jclepro.2017.03.103,"Journal of Cleaner Production",2017-05-01,1,journal-article,"Elsevier BV","Melike Bildirici - Yıldız Technical University",,0000-0003-3925-844X
"Electricity consumption forecasting in Brazil: A spatial econometrics approach",10.1016/j.energy.2017.03.005,Energy,2017-05-01,1,journal-article,"Elsevier BV","Joilson de Assis Cabral - Universidade Federal Rural do Rio de Janeiro; Joilson de Assis Cabral - Universidade Federal do Rio de Janeiro; Luiz Fernando Loureiro Legey - Universidade Federal do Rio de Janeiro; Maria Viviana de Freitas Cabral - Universidade Federal Rural do Rio de Janeiro",,
"Forecasting electricity demand for Turkey: Modeling periodic variations and demand segregation",10.1016/j.apenergy.2017.02.054,"Applied Energy",2017-05-01,1,journal-article,"Elsevier BV","Ergün Yukseltan - Kadir Has University; Ahmet Yücekaya - Kadir Has University; Ayşe Hümeyra Bilge - Kadir Has University",,"0000-0002-3271-8418; 0000-0002-6043-0833; 0000-0002-7853-2897"
"EVALUATION OF THE EFFECTIVENESS AND APPROPRIATENESS OF BANGKOK ACTION PLANS ON GLOBAL WARMING MITIGATIONS",10.21660/2017.33.2540,"International Journal of GEOMATE",2017-05-01,1,journal-article,"International Journal of Geomate",,,
"A probabilistic approach to the estimation of regional photovoltaic power production",10.1016/j.solener.2017.03.007,"Solar Energy",2017-05-01,2,journal-article,"Elsevier BV","Yves‐Marie Saint‐Drenan - Centre Observation, Impacts, Énergie; Yves‐Marie Saint‐Drenan - Fraunhofer Institute for Energy Economics and Energy System Technology; Garrett Good - Fraunhofer Institute for Energy Economics and Energy System Technology; Martin Braun - Fraunhofer Institute for Energy Economics and Energy System Technology; Martin Braun - University of Kassel",,"0000-0003-0857-6760; 0000-0003-1471-1092"
"Electric train energy consumption modeling",10.1016/j.apenergy.2017.02.058,"Applied Energy",2017-05-01,2,journal-article,"Elsevier BV","Jinghui Wang - Virginia Tech Transportation Institute; Jinghui Wang - Virginia Tech; Hesham Rakha - Virginia Tech Transportation Institute; Hesham Rakha - Virginia Tech",,"0000-0002-5845-2929; 0000-0002-8993-3813"
"Investigation on PEM water electrolysis cell design and components for a HyCon solar hydrogen generator",10.1016/j.ijhydene.2017.01.166,"International Journal of Hydrogen Energy",2017-05-01,1,journal-article,"Elsevier BV","A Fallisch - Fraunhofer Institute for Solar Energy Systems; Leon Schellhase - Fraunhofer Institute for Solar Energy Systems; Jan Fresko - Fraunhofer Institute for Solar Energy Systems; Martin Zechmeister - Fraunhofer Institute for Solar Energy Systems; Mario Zedda - Fraunhofer Institute for Solar Energy Systems; Jens Ohlmann - Fraunhofer Institute for Solar Energy Systems; Tom Smolinka - Fraunhofer Institute for Solar Energy Systems",,"0000-0001-7910-8441; 0000-0001-8895-6303; 0000-0003-3229-1482; 0000-0003-4663-1185"
"White goods for white people? Drivers of electric appliance growth in emerging economies",10.1016/j.erss.2017.03.005,"Energy Research & Social Science",2017-05-01,7,journal-article,"Elsevier BV","Narasimha D Rao - International Institute for Applied Systems Analysis; Kevin Ummel - International Institute for Applied Systems Analysis",,
"Multifactor-influenced energy consumption forecasting using enhanced back-propagation neural network",10.1016/j.energy.2017.03.094,Energy,2017-05-01,2,journal-article,"Elsevier BV","Yu‐Rong Zeng - Huazhong University of Science and Technology; Yu‐Rong Zeng - Hubei University Of Economics; Yi Zeng - Huazhong University of Science and Technology; Beomjin Choi - California State University, Sacramento; Lin Wang - Huazhong University of Science and Technology",,"0000-0002-4578-8538; 0000-0002-7627-0766; 0000-0003-0881-9689"
"Artificial neural network and SARIMA based models for power load forecasting in Turkish electricity market",10.1371/journal.pone.0175915,"PLOS ONE",2017-04-20,1,journal-article,"Public Library of Science (PLoS)","Tolga O Bozkurt - Yıldız Technical University; Göksel Biricik - Yıldız Technical University; Z Cihan Taysi - Yıldız Technical University",,"0000-0002-4768-7431; 0000-0003-0507-6875; 0000-0003-3916-7492"
"Energy supply in Malawi: Options and issues",10.17159/2413-3051/2015/v26i2a2192,"Journal of Energy in Southern Africa",2017-04-13,17,journal-article,"Academy of Science of South Africa","John L Taulo - University of Cape Town; Kenneth Joseph Gondwe - University of Malawi; A.B Sebitosi - Stellenbosch University",,
"A case study identifying and mitigating the environmental and community impacts from construction of a utility-scale solar photovoltaic power plant in eastern Australia",10.1016/j.solener.2017.02.020,"Solar Energy",2017-04-01,5,journal-article,"Elsevier BV",,,
"Process optimization for large-scale hydrogen liquefaction",10.1016/j.ijhydene.2017.03.167,"International Journal of Hydrogen Energy",2017-04-01,3,journal-article,"Elsevier BV","U Cardella - Technical University of Munich; Johannes Sundberg - Technical University of Munich; Harald Klein - Technical University of Munich",,"0000-0002-2110-4816; 0000-0002-8973-9906"
"Vertical stirred mill scale-up and simulation: Model validation by industrial samplings results",10.1016/j.mineng.2016.11.018,"Minerals Engineering",2017-04-01,3,journal-article,"Elsevier BV","Douglas Batista Mazzinghy - Universidade Federal de Minas Gerais; Cláudio Luiz Schneider - Centro de Tecnologia Mineral; Roberto Galéry - Universidade Federal de Minas Gerais",,
"The Role of Continuous Intraday Electricity Markets: The Integration of Large-Share Wind Power Generation in Denmark",10.5547/01956574.38.2.fkar,"The Energy Journal",2017-04-01,4,journal-article,"International Association for Energy Economics (IAEE)","Fatih Karanfil - Galatasaray University; Fatih Karanfil - EconomiX; Fatih Karanfil - Centre National de la Recherche Scientifique",,
"An integrated model for risk management in electricity trade",10.1016/j.energy.2017.02.064,Energy,2017-04-01,1,journal-article,"Elsevier BV","Athanasios Dagoumas - University of Piraeus; Nikolaos E Koltsaklis - University of Piraeus; Nikolaos E Koltsaklis - Aristotle University of Thessaloniki; Ioannis P Panapakidis - Technological Educational Institute of Thessaly; Ioannis P Panapakidis - University of Piraeus",,
"Data-Driven Approach to Investigate the Energy Consumption of LEED-Certified Research Buildings in Climate Zone 2B",10.1061/(asce)ey.1943-7897.0000405,"Journal of Energy Engineering",2017-04-01,1,journal-article,"American Society of Civil Engineers (ASCE)","Abbas Chokor - Arizona State University; Mounir El Asmar - Arizona State University",,
"Use of Multilinear Adaptive Regression Splines and numerical weather prediction to forecast the power output of a PV plant in Borkum, Germany",10.1016/j.solener.2017.02.007,"Solar Energy",2017-04-01,1,journal-article,"Elsevier BV","Luca Massidda - Center for Advanced Studies Research and Development in Sardinia; Marino Marrocu - Center for Advanced Studies Research and Development in Sardinia",,"0000-0002-3561-4788; 0000-0003-2515-0833"
"Reconciling solar forecasts: Geographical hierarchy",10.1016/j.solener.2017.02.010,"Solar Energy",2017-04-01,2,journal-article,"Elsevier BV","Vahid R Disfani - University of California San Diego",,0000-0003-4727-6971
"Scenario analysis of energy saving and CO2 emissions reduction potentials to ratchet up Japanese mitigation target in 2030 in the residential sector",10.1016/j.enpol.2016.12.059,"Energy Policy",2017-04-01,19,journal-article,"Elsevier BV","Takako Wakiyama - Institute for Global Environmental Strategies; Takeshi Kuramochi - NewClimate Institute",,
"Understanding patterns of adaptive comfort behaviour in the Sydney mixed-mode residential context",10.1016/j.enbuild.2017.02.061,"Energy and Buildings",2017-04-01,1,journal-article,"Elsevier BV","Jungsoo Kim - The University of Sydney; Richard de Dear - The University of Sydney; Thomas Parkinson - The University of Sydney; Christhina Cândido - The University of Sydney",,"0000-0002-0088-8754; 0000-0002-1966-657X; 0000-0002-3414-290X; 0000-0003-4012-1600"
"Predictive control for hydrogen production by electrolysis in an offshore platform using renewable energies",10.1016/j.ijhydene.2016.11.077,"International Journal of Hydrogen Energy",2017-04-01,2,journal-article,"Elsevier BV","Álvaro Serna - Universidade Federal de Santa Catarina; Álvaro Serna - Universidad de Valladolid; Imene Yahyaoui - Universidade Federal do Espírito Santo; Julio E Normey‐Rico - Universidade Federal de Santa Catarina; César de Prada - Universidad de Valladolid; Fernando Tadeo - Universidad de Valladolid",,"0000-0001-5634-533X; 0000-0001-6700-9067; 0000-0002-4046-3136; 0000-0002-6507-6036; 0000-0002-6510-9803"
"A combined photovoltaic and novel renewable energy system: An optimized techno-economic analysis for mining industry applications",10.1016/j.jclepro.2017.02.136,"Journal of Cleaner Production",2017-04-01,2,journal-article,"Elsevier BV","Eduardo Vyhmeister - Universidad de las Fuerzas Armadas ESPE; Cristina Aleixendri Muñoz - Centro de Investigación y Desarrollo; José Miguel Bermúdez Miquel - Centro de Investigación y Desarrollo; Javier Pina Moya - Centro de Investigación y Desarrollo; Carlos Fúnez Guerra - Instituto Volcanológico de Canarias; L Rodríguez - Universidad Europea de Madrid; Alex Godoy-Faúndez - Universidad del Desarrollo; Pablo Higueras - University of Castilla-La Mancha; Carmen Clemente-Jul - Universidad Politécnica de Madrid; Héctor Valdés-González - Universidad Central de Chile; Lorenzo Reyes-Bozo - Universidad Central de Chile",,
"Strategic siting and regional grid interconnections key to low-carbon futures in African countries",10.1073/pnas.1611845114,"Proceedings of the National Academy of Sciences",2017-03-27,15,journal-article,"Proceedings of the National Academy of Sciences","Grace C Wu - University of California, Berkeley; Grace C Wu - Lawrence Berkeley National Laboratory; Ranjit Deshmukh - University of California, Berkeley; Ranjit Deshmukh - Lawrence Berkeley National Laboratory; Kudakwashe Ndhlukula - Namibia University of Science and Technology; Tijana Radojicic - Environment Agency Abu Dhabi; Tijana Radojicic - International Renewable Energy Agency; Jessica Reilly-Moman - University of California, Berkeley; Jessica Reilly-Moman - Lawrence Berkeley National Laboratory; Amol Phadke - Lawrence Berkeley National Laboratory; Daniel M Kammen - University of California, Berkeley; Duncan S Callaway - University of California, Berkeley",,
"SMART-Invest: a stochastic, dynamic planning for optimizing investments in wind, solar, and storage in the presence of fossil fuels. The case of the PJM electricity market",10.1007/s12667-016-0226-4,"Energy Systems",2017-03-10,1,journal-article,"Springer Nature","Javad Khazaei - Princeton University; Warren B Powell - Princeton University",,
"On the cointegration and causality between oil market, nuclear energy consumption, and economic growth: evidence from developed countries",10.1007/s40974-017-0052-0,"Energy, Ecology and Environment",2017-03-09,1,journal-article,"Springer Nature","Hanan Naser - Arab Open University",,0000-0002-9062-0603
"A two-stage Energy Management System for smart buildings reducing the impact of demand uncertainty",10.1016/j.enbuild.2017.01.003,"Energy and Buildings",2017-03-01,1,journal-article,"Elsevier BV","Maria Carmela Di Piazza - Institute of Intelligent Systems for Automation; Giuseppe La Tona - Institute of Intelligent Systems for Automation; Massimiliano Luna - Institute of Intelligent Systems for Automation; Annalisa Di Piazza - Institute of Intelligent Systems for Automation",,"0000-0001-8900-9367; 0000-0002-3221-2986; 0000-0002-9097-6626"
"Controlling venetian blinds based on parametric design; via implementing Grasshopper’s plugins: A case study of an office building in Cairo",10.1016/j.enbuild.2016.12.075,"Energy and Buildings",2017-03-01,1,journal-article,"Elsevier BV","Ahmad Eltaweel - University of Nottingham; Yuehong Su - University of Nottingham",,"0000-0001-9587-4058; 0000-0002-6616-7626"
"Optimal scheduling of grid-connected PV plants with energy storage for integration in the electricity market",10.1016/j.solener.2016.12.034,"Solar Energy",2017-03-01,1,journal-article,"Elsevier BV","Amparo Núñez-Reyes - Universidad de Sevilla; David Rodríguez - Universidad de Sevilla; Carlos Bordons - Universidad de Sevilla; Miguel Ángel Ridao Carlini - Universidad de Sevilla",,"0000-0001-5060-7888; 0000-0003-0060-3269"
"Estimation of primary energy savings by using heat pumps for heating purposes in the residential sector",10.1016/j.applthermaleng.2016.12.058,"Applied Thermal Engineering",2017-03-01,6,journal-article,"Elsevier BV","Vincenzo Bianco - University of Genoa; Federico Scarpa - University of Genoa; Luca A Tagliafico - University of Genoa",,
"A model for commercial adoption of photovoltaic systems in           California",10.1063/1.4979899,"Journal of Renewable and Sustainable Energy",2017-03-01,5,journal-article,"AIP Publishing","Wenyu Wang - University of California, Riverside; Nanpeng Yu - University of California, Riverside; R Barry Johnson - Edison International (United States)",,"0000-0001-5086-5465; 0000-0002-0257-5890; 0000-0003-2089-2053"
"Assessment of pathways to reduce CO 2  emissions from passenger car fleets: Case study in Ireland",10.1016/j.apenergy.2016.12.062,"Applied Energy",2017-03-01,9,journal-article,"Elsevier BV","Md Saniul Alam - Environmental Protection Agency; Md Saniul Alam - Trinity College Dublin; Bernard Hyde - Environmental Protection Agency; Paul Duffy - Environmental Protection Agency; Aonghus McNabola - Trinity College Dublin",,
"Offshore winds and wind energy production estimates derived from ASCAT, OSCAT, numerical weather prediction models and buoys – A comparative study for the Iberian Peninsula Atlantic coast",10.1016/j.renene.2016.10.063,"Renewable Energy",2017-03-01,2,journal-article,"Elsevier BV","D Carvalho - University of Aveiro; Alfredo Rocha - University of Aveiro; M Gómez‐Gesteira - Universidade de Vigo",,
"Influence of storm surge on tidal range energy",10.1016/j.energy.2017.01.068,Energy,2017-03-01,1,journal-article,"Elsevier BV","Matthew Lewis - Bangor University; Athanasios Angeloudis - Imperial College London; Athanasios Angeloudis - Cardiff University; Peter Robins - Bangor University; Paul Evans - Cardiff University; Simon P Neill - Bangor University",,"0000-0001-5021-3643; 0000-0001-5637-3189; 0000-0001-9503-9845; 0000-0002-1674-3445; 0000-0002-6900-5059"
"A data-driven multi-model methodology with deep feature selection for short-term wind forecasting",10.1016/j.apenergy.2017.01.043,"Applied Energy",2017-03-01,5,journal-article,"Elsevier BV","Cong Feng - The University of Texas at Dallas; Mingjian Cui - The University of Texas at Dallas; Bri‐Mathias Hodge - National Laboratory of the Rockies; Jie Zhang - The University of Texas at Dallas",,
"Impact of occupancy rates on the building electricity consumption in commercial buildings",10.1016/j.enbuild.2016.12.056,"Energy and Buildings",2017-03-01,2,journal-article,"Elsevier BV","Yang‐Seon Kim - Lawrence Berkeley National Laboratory; Jelena Srebric - University of Maryland, College Park",,"0000-0001-6825-5091; 0000-0001-9704-8657"
"Screening and techno-economic assessment of biomass-based power generation with CCS technologies to meet 2050 CO2 targets",10.1016/j.apenergy.2016.12.120,"Applied Energy",2017-03-01,26,journal-article,"Elsevier BV","Amit Bhave - CMCL Innovations (United Kingdom); Richard H Taylor - E4tech (United Kingdom); Paul S Fennell - Imperial College London; W.R Livingston - Doosan (United Kingdom); Nilay Shah - Imperial College London; Niall Mac Dowell - Imperial College London; John S Dennis - University of Cambridge; Markus Kraft - University of Cambridge; Markus Kraft - Nanyang Technological University; Mohamed Pourkashanian - University of Leeds; Mathieu Insa - Électricité de France (France); J.M Jones - University of Leeds; Ausilio Bauen - E4tech (United Kingdom); Corinne Béal - Alstom (France); Andrew Smallbone - CMCL Innovations (United Kingdom); Jethro Akroyd - CMCL Innovations (United Kingdom)",,
"Modelling the link amongst fine-pore diffuser fouling, oxygen transfer efficiency, and aeration energy intensity",10.1016/j.watres.2016.12.027,"Water Research",2017-03-01,3,journal-article,"Elsevier BV","Manel Garrido‐Baserba - University of California, Irvine; Manel Garrido‐Baserba - Irvine University; Reza Sobhani - Orange County School; Pitiporn Asvapathanagul - Irvine University; Pitiporn Asvapathanagul - University of California, Irvine; Pitiporn Asvapathanagul - California State University, Long Beach; Betty H Olson - Irvine University; Betty H Olson - University of California, Irvine; Victory Odize - District of Columbia Water and Sewer Authority; Ahmed Al‐Omari - District of Columbia Water and Sewer Authority; Sudhir Murthy - District of Columbia Water and Sewer Authority; Andrea Nifong - American Water Works Association; Johnnie Godwin - Hampton Roads Sanitation District; Charles Bott - Hampton Roads Sanitation District; Michael K Stenstrom - University of California, Los Angeles; Diego Rosso - University of California, Irvine; Diego Rosso - Irvine University",,
"Comparison of forecasting methods for vertical axis wind turbine applications in an urban/suburban area",10.1063/1.4978304,"Journal of Renewable and Sustainable Energy",2017-03-01,1,journal-article,"AIP Publishing","Lam Nguyen - University of Utah; Meredith Metzger - University of Utah",,0000-0001-8920-965X
"Critical weather situations for renewable energies – Part A: Cyclone detection for wind power",10.1016/j.renene.2016.08.013,"Renewable Energy",2017-02-01,2,journal-article,"Elsevier BV","Andrea K Steiner - Deutscher Wetterdienst; Carmen Köhler - Deutscher Wetterdienst; Isabel Metzinger - Deutscher Wetterdienst; Axel Braun - Fraunhofer Institute for Energy Economics and Energy System Technology; Mathias Zirkelbach - Tenneco (Germany); Dominique Ernst - Tennet (Germany); Bodo Ritter - Deutscher Wetterdienst",,
"Rational consumer decisions in a peak time rebate program",10.1016/j.epsr.2016.11.001,"Electric Power Systems Research",2017-02-01,2,journal-article,"Elsevier BV","José Vuelvas - Pontificia Universidad Javeriana; Fredy Ruíz - Pontificia Universidad Javeriana",,"0000-0002-3836-7022; 0000-0003-2276-3722"
"The convergence of U.S. state-level energy intensity",10.1016/j.eneco.2016.03.029,"Energy Economics",2017-02-01,2,journal-article,"Elsevier BV","J Wesley Burnett - College of Charleston; Jessica Madariaga - College of Charleston",,0000-0001-9299-3481
"Retrospective analysis of the energy consumption of single-family dwellings in central Argentina. Retrofitting and adaptation to the climate change",10.1016/j.renene.2016.09.064,"Renewable Energy",2017-02-01,2,journal-article,"Elsevier BV","Celina Filippín - Universidad Nacional de La Pampa; Celina Filippín - Consejo Nacional de Investigaciones Científicas y Técnicas; M.F Ricard - Universidad Nacional de La Pampa; Silvana Flores Larsen - National University of Salta; Silvana Flores Larsen - Consejo Nacional de Investigaciones Científicas y Técnicas; M Santamouris - National and Kapodistrian University of Athens",,"0000-0001-6076-3526; 0000-0001-7274-2028; 0000-0001-8220-0222; 0000-0002-0521-6180"
"Theoretical and experimental performance analysis of a Fresnel type solar concentrator",10.1016/j.renene.2016.09.038,"Renewable Energy",2017-02-01,1,journal-article,"Elsevier BV","Hani Beltagy - University of Blida; Djaffar Semmar - University of Blida; Christophe Lehaut - Constructions Industrielles de la Méditerranée (France); Noureddine Said - Renewable Energy Development Center",,0000-0002-5651-4057
"Prediction models and control algorithms for predictive applications of setback temperature in cooling systems",10.1016/j.applthermaleng.2016.11.087,"Applied Thermal Engineering",2017-02-01,2,journal-article,"Elsevier BV","Jin Woo Moon - Chung-Ang University; Younju Yoon - Samsung (South Korea); Y Jeon - Chung-Ang University; Sooyoung Kim - Yonsei University",,"0000-0002-8616-959X; 0000-0003-3807-0103"
"Mercury and trace element distribution in density separates of a South African Highveld (#4) coal: Implications for mercury reduction and preparation of export coal",10.1016/j.coal.2016.02.002,"International Journal of Coal Geology",2017-02-01,3,journal-article,"Elsevier BV","Allan Kolker - United States Geological Survey; Constance Senior - Advanced Emissions Solutions (United States); Alan E Koenig - Denver Federal Center; Alan E Koenig - United States Geological Survey; N J Geboy - United States Geological Survey",,"0000-0002-1454-4194; 0000-0002-5230-0924; 0000-0002-5768-4533"
"Examining the potential for energy-positive bulk-water infrastructure to provide long-term urban water security: A systems approach",10.1016/j.jclepro.2016.12.074,"Journal of Cleaner Production",2017-02-01,1,journal-article,"Elsevier BV","Oz Sahin - Griffith University; Russell Richards - Griffith University; Russell Richards - The University of Queensland; Russell Richards - Agriculture and Food; Fernanda Helfer - Griffith University; Raymond Scott Siems - Griffith University; Rodney A Stewart - Griffith University",,"0000-0002-1914-5379; 0000-0002-6013-3505; 0000-0002-9297-8676; 0000-0002-9947-3013"
"Performance analysis of high-concentrated multi-junction solar cells in hot climate",10.1080/14786451.2016.1270284,"International Journal of Sustainable Energy",2017-01-31,3,journal-article,"Informa UK Limited","Adel A Ghoneim - Public Authority for Applied Education and Training; Kandil M Kandil - Public Authority for Applied Education and Training; Talal H Alzanki - Public Authority for Applied Education and Training; Mohammad R Alenezi - Public Authority for Applied Education and Training",,
"Solar Field Optical Characterization at Stillwater Geothermal/Solar Hybrid Plant",10.1115/1.4035518,"Journal of Solar Energy Engineering",2017-01-27,1,journal-article,"ASME International","Guangdong Zhu - National Laboratory of the Rockies; Craig Turchi - National Laboratory of the Rockies",,"0000-0001-9280-285X; 0000-0002-5695-6090"
"Skilful seasonal predictions for the European energy industry",10.1088/1748-9326/aa57ab,"Environmental Research Letters",2017-01-25,1,journal-article,"IOP Publishing","Robin Clark - Met Office; Hazel Thornton - Met Office; Philip E Bett - Met Office; Adam A Scaife - Met Office",,"0000-0001-5527-7558; 0000-0002-2631-2542; 0000-0002-4508-7192; 0000-0002-5189-7538"
"Estimation of Hourly, Daily and Monthly Global Solar Radiation on Inclined Surfaces: Models Re-Visited",10.3390/en10010134,Energies,2017-01-22,1,journal-article,"MDPI AG","Saeideh Maleki - Universiti Putra Malaysia; Hashim Hizam - Universiti Putra Malaysia; Chandima Gomes - Universiti Putra Malaysia",,"0000-0001-5018-8054; 0000-0002-3763-3093; 0000-0002-7005-5029"
"Strategy of constructing virtual peaking unit by public buildings’ central air conditioning loads for day-ahead power dispatching",10.1007/s40565-016-0264-x,"Journal of Modern Power Systems and Clean Energy",2017-01-20,2,journal-article,"Springer Nature","Chenxing Yang - Southeast University; Qingshan Xu - Southeast University; Xufang Wang - Southeast University",,"0000-0002-4526-9973; 0000-0003-1881-4144"
"Analysis of energy consumption in Finland based on the selected economics indicators",10.1080/01430750.2016.1269675,"International Journal of Ambient Energy",2017-01-17,1,journal-article,"Informa UK Limited","Sanaz Tabasi - University of Tehran; Alireza Aslani - University of Tehran; Marja Naaranoja - University of Vaasa; Hossein Yousefi - University of Tehran",,"0000-0002-2828-5488; 0000-0002-6372-5127"
"Impacts of climate change on U.S. building energy use by using downscaled hourly future weather data",10.1016/j.enbuild.2016.09.028,"Energy and Buildings",2017-01-01,3,journal-article,"Elsevier BV","Pengyuan Shen - University of Pennsylvania",,0000-0003-4325-6519
"Distribution Voltage Regulation Through Active Power Curtailment With PV Inverters and Solar Generation Forecasts",10.1109/tste.2016.2577559,"IEEE Transactions on Sustainable Energy",2017-01-01,1,journal-article,"Institute of Electrical and Electronics Engineers (IEEE)","Shibani Ghosh - Virginia Tech; Saifur Rahman - Virginia Tech; Manisa Pipattanasomporn - Virginia Tech",,"0000-0001-6226-8406; 0000-0001-7331-2628; 0000-0003-1381-601X"
"New coral reefs-based approaches for the model type selection problem: a novel method to predict a nation's future energy demand",10.1504/ijbic.2017.086698,"International Journal of Bio-Inspired Computation",2017-01-01,1,journal-article,"Inderscience Publishers","Sancho Salcedo Sanz - Universidad de Alcalá; Jesús Muñoz Bulnes - Universidad de Alcalá; Mark J A Vermeij - Caribbean Research and Management of Biodiversity Foundation; Mark J A Vermeij - University of Amsterdam",,0000-0001-9612-9527
"Predictive Control of Cascaded H-Bridge Converters Under Unbalanced Power Generation",10.1109/tie.2016.2605618,"IEEE Transactions on Industrial Electronics",2017-01-01,1,journal-article,"Institute of Electrical and Electronics Engineers (IEEE)","Ricardo P Aguilera - University of Technology Sydney; Pablo Acuna - UNSW Sydney; Yifan Yu - UNSW Sydney; Georgios Konstantinou - UNSW Sydney; Christopher D Townsend - University of Newcastle Australia; Bin Wu - Toronto Metropolitan University; Vassilios G Agelidis - UNSW Sydney",,"0000-0001-7143-8593; 0000-0001-8166-6020; 0000-0002-4313-1647; 0000-0002-6807-3623; 0000-0002-8864-4016; 0000-0002-9185-3388; 0000-0003-4166-8341"
"A modeling and simulation framework for the reliability/availability assessment of a power transmission grid subject to cascading failures under extreme weather conditions",10.1016/j.apenergy.2016.10.086,"Applied Energy",2017-01-01,1,journal-article,"Elsevier BV","Enrico Zio - CentraleSupélec; Enrico Zio - Bouygues (France); Enrico Zio - Supélec; Enrico Zio - Laboratoire Génie Industriel",,0000-0002-7108-637X
"A new active portfolio risk management for an electricity retailer based on a drawdown risk preference",10.1016/j.energy.2016.12.058,Energy,2017-01-01,1,journal-article,"Elsevier BV","Mansour Charwand - Shiraz University of Technology; Mohsen Gitizadeh - Shiraz University of Technology; Pierluigi Siano - University of Salerno",,"0000-0001-6489-4232; 0000-0001-8948-5953; 0000-0002-0975-0241"
"On the utility death spiral and the impact of utility rate structures on the adoption of residential solar photovoltaics and energy storage",10.1016/j.apenergy.2016.10.123,"Applied Energy",2017-01-01,8,journal-article,"Elsevier BV","Nicholas D Laws - Dartmouth College; Brenden P Epps - Dartmouth College; Steven O Peterson - Dartmouth College; Mark Laser - Dartmouth College; G Kamau Wanjiru - Dartmouth College",,
"Artificial neural networks to predict energy performance and retrofit scenarios for any member of a building category: A novel approach",10.1016/j.energy.2016.10.126,Energy,2017-01-01,2,journal-article,"Elsevier BV","Fabrizio Ascione - University of Naples Federico II; Nicola Bianco - University of Naples Federico II; Claudio De Stasio - University of Naples Federico II; Gerardo Maria Mauro - University of Naples Federico II; Giuseppe Peter Vanoli - University of Sannio",,
"Portfolio analysis of alternative fuel vehicles considering technological advancement, energy security and policy",10.1016/j.jclepro.2016.09.029,"Journal of Cleaner Production",2017-01-01,2,journal-article,"Elsevier BV","Kamila Romejko - Keio University; Masaru Nakano - Keio University",,
"Forecasting how residential urban form affects the regional carbon savings and costs of retrofitting and decentralized energy supply",10.1016/j.apenergy.2016.02.095,"Applied Energy",2017-01-01,1,journal-article,"Elsevier BV","Anthony Hargreaves - University of Birmingham; Vicky Cheng - Technical University of Munich; Sandip Deshmukh - Birla Institute of Technology and Science, Pilani; Matthew Leach - University of Surrey; Koen Steemers - University of Cambridge",,
"An experimental and theoretical investigation of the extent of bypass air within data centres employing aisle containment, and its impact on power consumption",10.1016/j.apenergy.2016.03.076,"Applied Energy",2017-01-01,2,journal-article,"Elsevier BV","Morgan Tatchell-Evans - University of Leeds; Nikil Kapur - University of Leeds; Jonathan Summers - University of Leeds; H.M Thompson - University of Leeds",,"0000-0001-8266-5038; 0000-0002-0493-1131; 0000-0003-1041-8390"
"A short-term power load forecasting model based on the generalized regression neural network with decreasing step fruit fly optimization algorithm",10.1016/j.neucom.2016.09.027,Neurocomputing,2017-01-01,1,journal-article,"Elsevier BV","Rui Hu - Ministry of Education of the People's Republic of China; Rui Hu - Huazhong University of Science and Technology; Shiping Wen - Huazhong University of Science and Technology; Shiping Wen - Ministry of Education of the People's Republic of China; Zhigang Zeng - Huazhong University of Science and Technology; Zhigang Zeng - Ministry of Education of the People's Republic of China; Tingwen Huang - Texas A&M University at Qatar",,"0000-0001-6463-0560; 0000-0001-9610-846X; 0000-0003-4587-3588"
"Demand-driven biogas production in anaerobic filters",10.1016/j.apenergy.2016.10.073,"Applied Energy",2017-01-01,1,journal-article,"Elsevier BV","Andreas Lemmer - University of Hohenheim; Johannes Krümpel - University of Hohenheim",,"0000-0002-3546-4986; 0000-0002-5034-3891"
"Enabling efficient heat-to-electricity generation at the mesoscale",10.1039/c7ee00366h,"Energy Environ. Sci.",2017-01-01,1,journal-article,"Royal Society of Chemistry (RSC)","Walker R Chan - Institute for Soldier Nanotechnologies; Walker R Chan - Massachusetts Institute of Technology; Veronika Stelmakh - Institute for Soldier Nanotechnologies; Veronika Stelmakh - Massachusetts Institute of Technology; Michael Ghebrebrhan - Combat Capabilities Development Command Soldier Center; Marin Soljačić - Massachusetts Institute of Technology; John D Joannopoulos - Institute for Soldier Nanotechnologies; John D Joannopoulos - Massachusetts Institute of Technology; Ivan Čelanović - Institute for Soldier Nanotechnologies; Ivan Čelanović - Massachusetts Institute of Technology",,
"Coordinated Scheduling for Interdependent Electric Power and Natural Gas Infrastructures",10.1109/tpwrs.2016.2545522,"IEEE Transactions on Power Systems",2017-01-01,4,journal-article,"Institute of Electrical and Electronics Engineers (IEEE)","Anatoly Zlotnik - Los Alamos National Laboratory; Line Roald - ETH Zurich; Scott Backhaus - Los Alamos National Laboratory; Michael Chertkov - Los Alamos National Laboratory; Göran Andersson - ETH Zurich",,"0000-0002-0344-6791; 0000-0002-2646-8264; 0000-0002-6758-515X; 0000-0002-7715-7087; 0000-0003-4378-7272"
"Why Will Computing Power Need Particular Attention in Future Wireless Devices?",10.1109/mcas.2016.2642679,"IEEE Circuits and Systems Magazine",2017-01-01,3,journal-article,"Institute of Electrical and Electronics Engineers (IEEE)","Aarne Mämmelä - VTT Technical Research Centre of Finland; Antti Anttonen - VTT Technical Research Centre of Finland",,
"Energetic productivity dynamics of global super-giant oilfields",10.1039/c7ee01031a,"Energy Environ. Sci.",2017-01-01,2,journal-article,"Royal Society of Chemistry (RSC)","Mohammad S Masnadi - Stanford University; Adam R Brandt - Stanford University",,"0000-0002-2528-1473; 0000-0002-3834-0241"
"Modeling, Fabrication and Testing of a Customizable Micromachined Hotplate for Sensor Applications",10.3390/s17010062,Sensors,2016-12-30,1,journal-article,"MDPI AG","Alessio Tommasi - Politecnico di Torino; Matteo Cocuzza - Institute of Materials for Electronics and Magnetism; Matteo Cocuzza - Politecnico di Torino; Denis Perrone - Center for Sustainable Future Technologies; Denis Perrone - Italian Institute of Technology; Candido Fabrizio Pirri - Politecnico di Torino; Candido Fabrizio Pirri - Center for Sustainable Future Technologies; Candido Fabrizio Pirri - Italian Institute of Technology; R Mosca - Institute of Materials for Electronics and Magnetism; Marco Villani - Institute of Materials for Electronics and Magnetism; Nicola Delmonte - University of Parma; A Zappettini - Institute of Materials for Electronics and Magnetism; Davide Calestani - Institute of Materials for Electronics and Magnetism; Simone Luigi Marasso - Politecnico di Torino; Simone Luigi Marasso - Institute of Materials for Electronics and Magnetism",,"0000-0001-5220-2227; 0000-0001-8791-5251; 0000-0002-3506-216X; 0000-0002-6916-2716; 0000-0002-9229-3490; 0000-0003-2082-267X; 0000-0003-3344-8007; 0000-0003-4570-2674; 0000-0003-4991-9459"
"The rebound effect and Schatzki’s social theory: Reassessing the socio-materiality of energy consumption via a German case study",10.1016/j.erss.2016.08.024,"Energy Research & Social Science",2016-12-01,1,journal-article,"Elsevier BV","Ray Galvin - RWTH Aachen University; Andreas Gubernat - RWTH Aachen University",,0000-0001-9279-4263
"Five years left – How are the EU member states contributing to the 20% target for EU's renewable energy consumption; the role of woody biomass",10.1016/j.biombioe.2016.09.016,"Biomass and Bioenergy",2016-12-01,3,journal-article,"Elsevier BV","Svetlana Proskurina - Lappeenranta-Lahti University of Technology; Richard Sikkema - Joint Research Centre; Jussi Heinimö - Mikkelin keskussairaala; Esa Vakkilainen - Lappeenranta-Lahti University of Technology",,
"Influence of winter North-Atlantic Oscillation on Climate-Related-Energy penetration in Europe",10.1016/j.renene.2016.07.010,"Renewable Energy",2016-12-01,2,journal-article,"Elsevier BV","Baptiste François - Université Grenoble Alpes; Baptiste François - Institut polytechnique de Grenoble; Baptiste François - Centre National de la Recherche Scientifique",,0000-0002-0625-4357
"The value of improved wind power forecasting: Grid flexibility quantification, ramp capability analysis, and impacts of electricity market operation timescales",10.1016/j.apenergy.2016.11.016,"Applied Energy",2016-12-01,5,journal-article,"Elsevier BV","Qin Wang - National Laboratory of the Rockies; Hongyu Wu - National Laboratory of the Rockies; Anthony Florita - National Laboratory of the Rockies; Carlo Brancucci - National Laboratory of the Rockies; Bri‐Mathias Hodge - National Laboratory of the Rockies",,
"Degradation of thermally-cured silicone encapsulant under terrestrial UV",10.1016/j.solmat.2016.05.065,"Solar Energy Materials and Solar Cells",2016-12-01,1,journal-article,"Elsevier BV","Can Cai - Stanford University; David C Miller - National Laboratory of the Rockies; Ian A Tappan - National Laboratory of the Rockies; Reinhold H Dauskardt - Stanford University",,"0000-0002-4698-5277; 0000-0003-3989-362X; 0009-0002-8045-4557"
"The effect of PV siting on power system flexibility needs",10.1016/j.solener.2016.10.018,"Solar Energy",2016-12-01,2,journal-article,"Elsevier BV","Michaelangelo D Tabone - University of California, Berkeley; Duncan S Callaway - University of California, Berkeley",,0000-0003-3316-9008
"Evaluating the benefits of using short-term direct normal irradiance forecasts to operate a concentrated solar thermal plant",10.1016/j.solener.2016.10.037,"Solar Energy",2016-12-01,2,journal-article,"Elsevier BV","Edward W Law - UNSW Sydney; Merlinde Kay - UNSW Sydney; Robert A Taylor - UNSW Sydney",,"0000-0002-1723-3172; 0000-0002-6003-2034"
"Energy efficiency of batch and semi-batch (CCRO) reverse osmosis desalination",10.1016/j.watres.2016.09.029,"Water Research",2016-12-01,1,journal-article,"Elsevier BV","David M Warsinger - Massachusetts Institute of Technology; Emily W Tow - Massachusetts Institute of Technology; Kishor G Nayar - Massachusetts Institute of Technology; Laith A Maswadeh - Stanford University; John H Lienhard - Massachusetts Institute of Technology",,"0000-0002-0606-713X; 0000-0002-2901-0638"
"Model-Based Predictive Control for building energy management. I: Energy modeling and optimal control",10.1016/j.enbuild.2016.09.044,"Energy and Buildings",2016-12-01,1,journal-article,"Elsevier BV","Saran Salakij - Chulalongkorn University; Na Yu - University of Notre Dame; Samuel Paolucci - University of Notre Dame; Panos J Antsaklis - University of Notre Dame",,"0000-0001-7856-1850; 0000-0002-6142-0813; 0000-0002-6836-5028; 0000-0003-4911-4730"
"Going green? The relative importance of feelings over calculation in driving environmental intent in the Netherlands and the United States",10.1016/j.erss.2016.08.012,"Energy Research & Social Science",2016-12-01,23,journal-article,"Elsevier BV","Danny Taufik - University of Groningen; Jan Willem Bolderdijk - University of Groningen; Linda Steg - University of Groningen",,
"Short-Term Load Forecasting Based on the Analysis of User Electricity Behavior",10.3390/a9040080,Algorithms,2016-11-23,1,journal-article,"MDPI AG","Yuancheng Li - North China Electric Power University; Panpan Guo - North China Electric Power University; Xiang Li - North China Electric Power University",,"0000-0001-8074-7259; 0000-0002-3030-537X"
"Design and Implementation of a Microgrid Energy Management System",10.3390/su8111143,Sustainability,2016-11-07,2,journal-article,"MDPI AG","Eun‐Kyu Lee - Smart Electric Grid (United States); Eun‐Kyu Lee - Incheon National University; Wenbo Shi - Smart Electric Grid (United States); Rajit Gadh - Smart Electric Grid (United States); Wooseong Kim - Gachon University",,
"Deep belief network based electricity load forecasting: An analysis of Macedonian case",10.1016/j.energy.2016.07.090,Energy,2016-11-01,1,journal-article,"Elsevier BV","Aleksandra Dedinec - Ss. Cyril and Methodius University in Skopje; Sonja Filiposka - Ss. Cyril and Methodius University in Skopje; Aleksandar Dedinec - Macedonian Academy of Sciences and Arts; Ljupčo Kocarev - Ss. Cyril and Methodius University in Skopje; Ljupčo Kocarev - Macedonian Academy of Sciences and Arts; Ljupčo Kocarev - University of California San Diego",,"0000-0001-7243-7074; 0000-0002-2050-2951; 0000-0003-0034-2855; 0000-0003-3314-8776"
"Hourly consumption profiles of domestic hot water for different occupant groups in dwellings",10.1016/j.solener.2016.08.033,"Solar Energy",2016-11-01,1,journal-article,"Elsevier BV","Kaiser Ahmed - Aalto University; Petri Pylsy - Aalto University; Petri Pylsy - Finnish Real Estate Federation; Jarek Kurnitski - Aalto University; Jarek Kurnitski - Tallinn University of Technology",,"0000-0002-1183-4153; 0000-0003-3254-0637"
"Optimization of annual energy demand in office buildings under the influence of climate change in Chile",10.1016/j.energy.2016.08.021,Energy,2016-11-01,1,journal-article,"Elsevier BV","Carlos Rubio-Bellido - University of Bío-Bío; Alexis Pérez-Fargallo - University of Bío-Bío; Jesús A Pulido-Arcas - University of Bío-Bío",,"0000-0001-6719-8793; 0000-0001-7071-7523; 0000-0002-7956-2203"
"Day-Ahead and Real Time Optimal Power Flow considering Renewable Energy Resources",10.1016/j.ijepes.2016.03.033,"International Journal of Electrical Power & Energy Systems",2016-11-01,1,journal-article,"Elsevier BV","Surender Reddy Salkuti - Woosong University; P.R Bijwe - Indian Institute of Technology Delhi",,0000-0002-3849-6051
"Combining solar irradiance measurements, satellite-derived data and a numerical weather prediction model to improve intra-day solar forecasting",10.1016/j.renene.2016.06.018,"Renewable Energy",2016-11-01,2,journal-article,"Elsevier BV",,,
"A methodology to incorporate risk and uncertainty in electricity power planning",10.1016/j.energy.2016.03.080,Energy,2016-11-01,2,journal-article,"Elsevier BV","Maria João Santos - University of Minho; Paula Ferreira - University of Minho; Madalena Araújo - University of Minho",,"0000-0002-3515-0135; 0000-0002-3712-4803; 0000-0002-8989-8157"
"What motivates people to use energy feedback systems? A multiple goal approach to predict long-term usage behaviour in daily life",10.1016/j.erss.2016.07.006,"Energy Research & Social Science",2016-11-01,30,journal-article,"Elsevier BV","Sebastian Gölz - Fraunhofer Institute for Solar Energy Systems; Ulf J.J Hahnel - University of Geneva",,
"Solar policy and practice in Germany: How do residential households with solar panels use electricity?",10.1016/j.erss.2016.07.008,"Energy Research & Social Science",2016-11-01,1,journal-article,"Elsevier BV","Inga Wittenberg - Otto-von-Guericke-Universität Magdeburg; Ellen Matthies - Otto-von-Guericke-Universität Magdeburg",,0000-0003-3644-9742
"The impact of urbanization on carbon emissions in developing countries: a Chinese study based on the U-Kaya method",10.1016/j.jclepro.2016.06.121,"Journal of Cleaner Production",2016-11-01,1,journal-article,"Elsevier BV","Yuzhe Wu - Zhejiang University; Jiahui Shen - Zhejiang University; Xiaoling Zhang - City University of Hong Kong; Martin Skitmore - Queensland University of Technology; Wisheng Lu - University of Hong Kong",,"0000-0001-7135-1201; 0000-0002-1236-6099; 0000-0002-3359-1754; 0000-0002-6369-9424"
"A novel surrogate model to support building energy labelling system: A new approach to assess cooling energy demand in commercial buildings",10.1016/j.enbuild.2016.09.033,"Energy and Buildings",2016-11-01,1,journal-article,"Elsevier BV","Ana Paula Melo - Universidade Federal de Santa Catarina; R.S Versage - Universidade Federal de Santa Catarina; Geof Sawaya - University of Utah; Roberto Lamberts - Universidade Federal de Santa Catarina",,"0000-0001-6801-671X; 0000-0002-5600-5447"
"The Hydropower Potential Assessment Tool (HPAT): Evaluation of run-of-river resource potential for any global land area and application to Falls Creek, Oregon, USA",10.1016/j.renene.2016.06.002,"Renewable Energy",2016-11-01,1,journal-article,"Elsevier BV","Thomas Mosier - Oregon State University; Kendra V Sharp - Oregon State University; David F Hill - Oregon State University",,
"ARIMA-based decoupled time series forecasting of electric vehicle charging demand for stochastic power system operation",10.1016/j.epsr.2016.06.003,"Electric Power Systems Research",2016-11-01,1,journal-article,"Elsevier BV","M Hadi Amini - SYSU-CMU International Joint Research Institute; M Hadi Amini - Sun Yat-sen University; M Hadi Amini - Carnegie Mellon University; Amin Kargarian - Louisiana State University; Orkun Karabaşoğlu - Sun Yat-sen University; Orkun Karabaşoğlu - SYSU-CMU International Joint Research Institute; Orkun Karabaşoğlu - Carnegie Mellon University",,
"Stochastic control of smart home energy management with plug-in electric vehicle battery energy storage and photovoltaic array",10.1016/j.jpowsour.2016.09.157,"Journal of Power Sources",2016-11-01,3,journal-article,"Elsevier BV","Xiaohua Wu - Xihua University; Xiao Hu - Chongqing University; Scott Moura - University of California, Berkeley; Xiaofeng Yin - Xihua University; Volker Pickert - Newcastle University",,
"A grey neural network and input-output combined forecasting model. Primary energy consumption forecasts in Spanish economic sectors",10.1016/j.energy.2016.09.017,Energy,2016-11-01,1,journal-article,"Elsevier BV","Xiuli Liu - University of Illinois Urbana-Champaign; Xiuli Liu - Academy of Mathematics and Systems Science; Xiuli Liu - Chinese Academy of Sciences; Blanca Moreno - Universidad de Oviedo; Ana Salomé García - Universidad de Oviedo",,"0000-0002-1530-4977; 0000-0002-8243-5096"
"Global energy model hindcasting",10.1016/j.energy.2016.08.008,Energy,2016-11-01,5,journal-article,"Elsevier BV","Shinichiro Fujimori - National Institute for Environmental Studies; Hancheng Dai - National Institute for Environmental Studies; Toshihiko Masui - National Institute for Environmental Studies; Yuzuru Matsuoka - Kyoto Katsura Hospital; Yuzuru Matsuoka - Kyoto University",,
"Portable Electronic Tongue Based on Microsensors for the Analysis of Cava Wines",10.3390/s16111796,Sensors,2016-10-27,2,journal-article,"MDPI AG","Pablo Giménez-Gómez - Institut de Microelectrònica de Barcelona; Roger Escudé‐Pujol - Institut de Microelectrònica de Barcelona; Fina Capdevila - Instituto de Ciencias de la Vid y del Vino; Anna Puig‐Pujol - Instituto de Ciencias de la Vid y del Vino; Cecilia Jiménez‐Jorquera - Institut de Microelectrònica de Barcelona; Manuel Gutiérrez‐Capitán - Institut de Microelectrònica de Barcelona",,
"Electricity peak demand in Uganda: insights and foresight",10.1186/s13705-016-0094-8,"Energy, Sustainability and Society",2016-10-10,5,journal-article,"Springer Nature","Joseph Mawejje - Economic Policy Research Centre; Joseph Mawejje - Makerere University",,0000-0002-3301-7226
"Upgrading Efficiency and Behavior: Electricity Savings from Residential Weatherization Programs",10.5547/01956574.37.4.jziv,"The Energy Journal",2016-10-01,24,journal-article,"International Association for Energy Economics (IAEE)","Joshua Graff Zivin - University of California San Diego; Kevin Novan - University of California San Diego",,
"Hybrid renewable energy integration (HREI) system for subtropical climate in Central Queensland, Australia",10.1016/j.renene.2016.04.101,"Renewable Energy",2016-10-01,2,journal-article,"Elsevier BV","GM Shafiullah - Murdoch University",,
"Sensitivity of price elasticity of demand to aggregation, unobserved heterogeneity, price trends, and price endogeneity: Evidence from U.S. Data",10.1016/j.enpol.2016.07.031,"Energy Policy",2016-10-01,13,journal-article,"Elsevier BV","Mark Miller - University of Maryland, College Park; Anna Alberini - University of Maryland, College Park",,
"The effect of charging time on the comparative environmental performance of different vehicle types",10.1016/j.apenergy.2016.07.040,"Applied Energy",2016-10-01,2,journal-article,"Elsevier BV","Enda Crossin - RMIT University; Peter J.B Doherty - RMIT University",,
"Analysis of the uncertainty in the estimates of regional PV power generation evaluated with the upscaling method",10.1016/j.solener.2016.05.052,"Solar Energy",2016-10-01,2,journal-article,"Elsevier BV","Yves‐Marie Saint‐Drenan - Fraunhofer Institute for Wind Energy Systems; Garrett Good - Fraunhofer Institute for Wind Energy Systems; Martin Braun - Fraunhofer Institute for Wind Energy Systems; Martin Braun - University of Kassel",,"0000-0003-0857-6760; 0000-0003-1471-1092"
"An investigation of the appropriateness of current methodologies for energy certification of Mediterranean housing",10.1016/j.enbuild.2016.07.056,"Energy and Buildings",2016-10-01,1,journal-article,"Elsevier BV","Alan Abela - Nottingham Trent University; Mike Hoxley - Nottingham Trent University; Paddy McGrath - Nottingham Trent University; Steve Goodhew - University of Plymouth",,"0000-0001-6899-8557; 0000-0003-1227-217X"
"Restoring the missing high-frequency fluctuations in a wind power model based on reanalysis data",10.1016/j.renene.2016.05.008,"Renewable Energy",2016-10-01,1,journal-article,"Elsevier BV","Jon Olauson - Uppsala University; Hans Bergström - Uppsala University; Mikael Bergkvist - Uppsala University",,"0000-0002-6155-3296; 0000-0002-8509-512X; 0000-0003-4921-8345"
"Does Retrofitted Insulation Reduce Household Energy Use? Theory and Practice",10.5547/01956574.37.4.agri,"The Energy Journal",2016-10-01,19,journal-article,"International Association for Energy Economics (IAEE)","Arthur Grimes - Motu Economic and Public Policy Research; Nicholas Preval - Motu Economic and Public Policy Research; Chris Young - Motu Economic and Public Policy Research; Richard Arnold - Motu Economic and Public Policy Research; Tim Denne - Motu Economic and Public Policy Research; Philippa Howden‐Chapman - Motu Economic and Public Policy Research; Lucy Telfar-Barnard - Motu Economic and Public Policy Research",,
"Analysis of road transportation energy consumption demand in China",10.1016/j.trd.2016.08.009,"Transportation Research Part D: Transport and Environment",2016-10-01,1,journal-article,"Elsevier BV","Jian Chai - Chinese Academy of Sciences; Jian Chai - Shaanxi Normal University; Jian Chai - Xidian University; Jian Chai - Academy of Mathematics and Systems Science; Quanying Lu - Shaanxi Normal University; Shouyang Wang - Academy of Mathematics and Systems Science; Shouyang Wang - Chinese Academy of Sciences; Kin Keung Lai - Shaanxi Normal University; Kin Keung Lai - City University of Hong Kong",,"0000-0001-5773-998X; 0000-0002-0425-2120; 0000-0002-9167-9121; 0000-0003-1478-4996"
"Energy and water consumption during the post-occupancy phase and the users' perception of a commercial building certified by Leadership in Energy and Environmental Design (LEED)",10.1016/j.jclepro.2016.05.081,"Journal of Cleaner Production",2016-10-01,1,journal-article,"Elsevier BV","Andrea Parisi Kern - Universidade do Vale do Rio dos Sinos; Cibele Bossa Antoniolli - Universidade do Vale do Rio dos Sinos; Paulo Roberto Wander - Universidade do Vale do Rio dos Sinos; Maurício Mancio - Universidade do Vale do Rio dos Sinos; Marco Aurélio Stumpf González - Universidade do Vale do Rio dos Sinos",,"0000-0001-6406-6250; 0000-0002-0736-7249; 0000-0002-1975-0026; 0000-0002-9064-7814; 0000-0003-3950-4479"
"Defining geographical boundaries with social and technical variables to improve urban energy assessments",10.1016/j.energy.2016.06.091,Energy,2016-10-01,3,journal-article,"Elsevier BV","Janet Reyna - Arizona State University; Mikhail Chester - Arizona State University; Sergio J Rey - Arizona State University",,
"Combustion, pyrolysis and char CO2-gasification characteristics of hydrothermal carbonization solid fuel from municipal solid wastes",10.1016/j.fuel.2016.05.031,Fuel,2016-10-01,1,journal-article,"Elsevier BV","Yousheng Lin - South China University of Technology; Xiaoqian Ma - South China University of Technology; Xiaowei Peng - South China University of Technology; Zhaosheng Yu - South China University of Technology; Shiwen Fang - South China University of Technology; Yan Lin - South China University of Technology; Yunlong Fan - South China University of Technology",,"0000-0001-5829-6092; 0000-0001-9754-0596; 0000-0002-2311-4030; 0000-0002-4719-0046; 0000-0002-9982-3167"
"Investigating carbon footprint reduction potential of public transportation in United States: A system dynamics approach",10.1016/j.jclepro.2016.06.051,"Journal of Cleaner Production",2016-10-01,4,journal-article,"Elsevier BV","Tolga Ercan - University of Central Florida; Nuri C Onat - Arizona State University; Omer Tatari - University of Central Florida",,
"Modeling, control, and dynamic performance analysis of a reverse osmosis desalination plant integrated within hybrid energy systems",10.1016/j.energy.2016.05.050,Energy,2016-10-01,2,journal-article,"Elsevier BV","Jong Suk Kim - Idaho National Laboratory; Jun Chen - Idaho National Laboratory; Humberto E Garcia - Idaho National Laboratory",,"0000-0001-6179-4420; 0000-0002-0934-8519; 0000-0002-4107-2882"
"Do deep low carbon domestic retrofits actually work?",10.1016/j.enbuild.2016.08.010,"Energy and Buildings",2016-10-01,2,journal-article,"Elsevier BV","Rajat Gupta - Oxford Brookes University; Matthew Gregg - Oxford Brookes University",,
"A Permutation Importance-Based Feature Selection Method for Short-Term Electricity Load Forecasting Using Random Forest",10.3390/en9100767,Energies,2016-09-22,1,journal-article,"MDPI AG","Nantian Huang - Northeast Electric Power University; Guobo Lu - Northeast Electric Power University; Dianguo Xu - Harbin Institute of Technology",,"0000-0002-1594-8625; 0000-0002-8262-9499; 0000-0003-1968-0504"
"Energy Sprawl Is the Largest Driver of Land Use Change in United States",10.1371/journal.pone.0162269,"PLOS ONE",2016-09-08,39,journal-article,"Public Library of Science (PLoS)","Anne M Trainor - Yale University; Robert I McDonald - The Nature Conservancy; Joseph Fargione - The Nature Conservancy",,
"Prosumer clustering into virtual microgrids for cost reduction in renewable energy trading markets",10.1016/j.segan.2016.06.002,"Sustainable Energy, Grids and Networks",2016-09-01,3,journal-article,"Elsevier BV","Dimitrios J Vergados - Computer Technology Institute and Press “DIOPHANTUS”; Ioannis Mamounakis - Computer Technology Institute and Press “DIOPHANTUS”; Prodromos Makris - Computer Technology Institute and Press “DIOPHANTUS”; Emmanouel Varvarigos - Computer Technology Institute and Press “DIOPHANTUS”",,
"Cooperative optimization of building energy systems in an economic model predictive control framework",10.1016/j.enbuild.2016.07.009,"Energy and Buildings",2016-09-01,1,journal-article,"Elsevier BV","Andrea Staino - Trinity College Dublin; Himanshu Nagpal - Trinity College Dublin; Biswajit Basu - Trinity College Dublin",,"0000-0001-8442-801X; 0000-0001-8547-9556; 0000-0002-6944-2208"
"Thermal response of poly-crystalline silicon photovoltaic panels: Numerical simulation and experimental study",10.1016/j.solener.2016.05.002,"Solar Energy",2016-09-01,3,journal-article,"Elsevier BV","Karunesh Kant - Ministry of New and Renewable Energy; Amritanshu Shukla - Ministry of New and Renewable Energy; Atul Sharma - Ministry of New and Renewable Energy; Pascal Henry Biwolé - Centre Procédés, Energies Renouvelables et Systèmes Energétiques; Pascal Henry Biwolé - Laboratoire Jean-Alexandre Dieudonné; Pascal Henry Biwolé - Université Côte d'Azur",,"0000-0001-6325-1390; 0000-0001-9352-4193; 0000-0002-3754-8550; 0000-0003-0681-4294"
"Cooling the buildings – past, present and future",10.1016/j.enbuild.2016.07.034,"Energy and Buildings",2016-09-01,3,journal-article,"Elsevier BV","M Santamouris - UNSW Sydney",,
"Modeling and experimental validation of heat transfer and energy consumption in an innovative greenhouse structure",10.1016/j.inpa.2016.06.002,"Information Processing in Agriculture",2016-09-01,4,journal-article,"Elsevier BV","Morteza Taki - University of Tabriz; Yahya Ajabshirchi - University of Tabriz; Seyed Faramarz Ranjbar - University of Tabriz; Abbas Rohani - Ferdowsi University of Mashhad; Mansour Matloobi - University of Tabriz",,"0000-0002-3059-4984; 0000-0002-4494-7058; 0000-0003-4144-0929"
"An approach to modelling envelope airtightness in multi-family social housing in Mediterranean Europe based on the situation in Spain",10.1016/j.enbuild.2016.06.074,"Energy and Buildings",2016-09-01,1,journal-article,"Elsevier BV","Jésica Fernández-Agüera - Instituto de Ciencias de La Construcción Eduardo Torroja; Jésica Fernández-Agüera - Consejo Superior de Investigaciones Científicas; Samuel Domínguez-Amarillo - Universidad de Sevilla; Juan J Sendra - Universidad de Sevilla; Rafael Suárez - Universidad de Sevilla",,"0000-0001-6136-1596; 0000-0002-0082-3627; 0000-0002-9177-8736; 0000-0003-3070-6680"
"Results from Newberry Volcano EGS Demonstration, 2010–2014",10.1016/j.geothermics.2015.08.009,Geothermics,2016-09-01,2,journal-article,"Elsevier BV","Trenton T Cladouhos - Altarum Institute; Susan Petty - Altarum Institute; Michael W Swyer - Altarum Institute; Matthew E Uddenberg - Altarum Institute; Kyla Grasso - Altarum Institute; Yini Nordin - Altarum Institute",,
"Do occupancy-responsive learning thermostats save energy? A field study in university residence halls",10.1016/j.enbuild.2016.05.024,"Energy and Buildings",2016-09-01,1,journal-article,"Elsevier BV","Marco Pritoni - University of California, Davis; Jonathan Woolley - University of California, Davis; Jonathan Woolley - University of California, Berkeley; Mark Modera - University of California, Davis",,"0000-0001-7895-5294; 0000-0003-4200-6905"
"Expanding the biomass resource: sustainable oil production via fast pyrolysis of low input high diversity biomass and the potential integration of thermochemical and biological conversion routes",10.1016/j.apenergy.2016.05.088,"Applied Energy",2016-09-01,1,journal-article,"Elsevier BV","John Corton - Aberystwyth University; John Corton - Institute of Biological, Environmental and Rural Sciences; Iain Donnison - Aberystwyth University; Iain Donnison - Institute of Biological, Environmental and Rural Sciences; Manisha Patel - Aston University; Lutz Bühle - University of Kassel; Edward Hodgson - Aberystwyth University; Edward Hodgson - Institute of Biological, Environmental and Rural Sciences; M Wachendorf - University of Kassel; A.V Bridgwater - Aston University; Gordon Allison - Institute of Biological, Environmental and Rural Sciences; Gordon Allison - Aberystwyth University; M D Fraser - Aberystwyth University; M D Fraser - Institute of Biological, Environmental and Rural Sciences",,"0000-0001-6276-555X; 0000-0001-7362-6205; 0000-0002-0401-9644; 0000-0002-2840-7086; 0000-0002-3393-100X; 0000-0002-4793-077X; 0000-0002-9575-8839; 0000-0003-3999-1270"
"Multi-Model Ensemble for day ahead prediction of photovoltaic power generation",10.1016/j.solener.2016.04.040,"Solar Energy",2016-09-01,2,journal-article,"Elsevier BV","Marco Pierro - University of Rome Tor Vergata; Marco Pierro - Eurac Research; Francesco Bucci - University of Rome Tor Vergata; Matteo De Felice - National Agency for New Technologies, Energy and Sustainable Economic Development; David Moser - Eurac Research; Cristina Cornaro - University of Rome Tor Vergata",,"0000-0002-0928-9504; 0000-0002-3788-4458; 0000-0002-4895-8862; 0000-0002-5457-3045; 0000-0002-7546-1878"
"Understanding electricity consumption: A comparative contribution of building factors, socio-demographics, appliances, behaviours and attitudes",10.1016/j.apenergy.2016.04.075,"Applied Energy",2016-09-01,3,journal-article,"Elsevier BV","Gesche Huebner - Energy Institute; Gesche Huebner - University College London; David Shipworth - Energy Institute; David Shipworth - University College London; Ian Hamilton - Energy Institute; Ian Hamilton - University College London; Zaid Chalabi - London School of Hygiene & Tropical Medicine; Tadj Oreszczyn - Energy Institute; Tadj Oreszczyn - University College London",,"0000-0001-9380-9949; 0000-0002-1304-4366; 0000-0002-5407-3980; 0000-0002-9667-7336; 0000-0003-2582-2361"
"Assessing the thermodynamic performance of Irish municipal wastewater treatment plants using exergy analysis: a potential benchmarking approach",10.1016/j.jclepro.2016.05.016,"Journal of Cleaner Production",2016-09-01,4,journal-article,"Elsevier BV","Lorna Fitzsimons - Dublin City University; Matthew Horrigan - Dublin City University; Greg McNamara - Dublin City University; Edelle Doherty - Ollscoil na Gaillimhe – University of Galway; Thomas Phelan - Dublin City University; Brian Corcoran - Dublin City University; Yan Delauré - Dublin City University; Eoghan Clifford - Ollscoil na Gaillimhe – University of Galway",,
"Extreme hydrological changes in the southwestern US drive reductions in water supply to Southern California by mid century",10.1088/1748-9326/11/9/094026,"Environmental Research Letters",2016-09-01,8,journal-article,"IOP Publishing","Brianna R Pagán - Loyola Marymount University; Brianna R Pagán - Oak Ridge National Laboratory; Moetasim Ashfaq - Oak Ridge National Laboratory; Deeksha Rastogi - Oak Ridge National Laboratory; Donald R Kendall - Loyola Marymount University; Donald R Kendall - Oak Ridge National Laboratory; Shih‐Chieh Kao - Oak Ridge National Laboratory; Bibi S Naz - Oak Ridge National Laboratory; Rui Mei - Oak Ridge National Laboratory; Jeremy S Pal - Loyola Marymount University",,
"An Application of Non-Linear Autoregressive Neural Networks to Predict Energy Consumption in Public Buildings",10.3390/en9090684,Energies,2016-08-26,4,journal-article,"MDPI AG","L G B Ruiz - Universidad de Granada; Manuel Pegalájar Cuéllar - Universidad de Granada; Miguel Delgado Calvo-Flores - Universidad de Granada; M.C Pegalajar - Universidad de Granada",,
"The effect of self-determined motivation on household energy consumption behaviour in a metropolitan area in southern China",10.1007/s12053-016-9472-5,"Energy Efficiency",2016-08-26,1,journal-article,"Springer Nature","Lewis T.O Cheung - Education University of Hong Kong; Alice S Y Chow - Education University of Hong Kong; Lincoln Fok - Education University of Hong Kong; Kar-Ming Yu - Education University of Hong Kong; Kee‐Lee Chou - Education University of Hong Kong",,"0000-0001-6467-4985; 0000-0002-1619-0473; 0000-0002-1621-3962; 0000-0003-3627-9915"
"Impacts of Dams and Global Warming on Fish Biodiversity in the Indo-Burma Hotspot",10.1371/journal.pone.0160151,"PLOS ONE",2016-08-17,8,journal-article,"Public Library of Science (PLoS)","Yuichi Kano - Kyushu University; David Dudgeon - University of Hong Kong; So Nam - Fisheries Administration; Hiromitsu Samejima - Kyushu University; Hiromitsu Samejima - Institute for Global Environmental Strategies; Katsutoshi Watanabe - Kyoto University; Chaiwut Grudpan - Ubon Ratchathani University; Jarungjit Grudpan - Ubon Ratchathani University; Prachya Musikasinthorn - Kasetsart University; Nguyễn Thanh Phương - Can Tho University; Bounthob Praxaysonbath - National University of Laos; Tomoyuki Sato - Cambodia-Oxford Medical Research Unit; Koichi Shibukawa - Nagao Natural Environment Foundation; Koichi Shibukawa - Museum of Natural and Environmental History, Shizuoka; Yukihiro SHIMATANI - Kyushu University; Apinun Suvarnaraksha - Maejo University; Wataru Tanaka - Kyushu University; Phanara Thach - Fisheries Administration; Dac Dinh Tran - Can Tho University; Tomomi Yamashita - Kyushu University; Kenzo Utsugi - Nagao Natural Environment Foundation",,
"Generation and evaluation of space–time trajectories of photovoltaic power",10.1016/j.apenergy.2016.05.025,"Applied Energy",2016-08-01,2,journal-article,"Elsevier BV","Faranak Golestaneh - Nanyang Technological University; Hoay Beng Gooi - Nanyang Technological University; Pierre Pinson - Technical University of Denmark",,"0000-0002-1480-0282; 0000-0002-5983-2181; 0000-0003-2783-6716"
"Plasma actuator scaling down to improve its energy conversion efficiency for active flow control in modern turbojet engines compressors",10.1016/j.applthermaleng.2016.05.186,"Applied Thermal Engineering",2016-08-01,1,journal-article,"Elsevier BV","Maria Grazia De Giorgi - University of Salento; F Marra - University of Salento; Elisa Pescini - University of Salento; Antonio Ficarella - University of Salento",,"0000-0001-7287-1110; 0000-0002-4720-7223; 0000-0003-3206-4212"
"Ten questions concerning model predictive control for energy efficient buildings",10.1016/j.buildenv.2016.05.034,"Building and Environment",2016-08-01,2,journal-article,"Elsevier BV","Michaela Killian - TU Wien; Martin Kozek - TU Wien",,"0000-0003-0402-3309; 0000-0003-0554-7518"
"Multiple-phase train trajectory optimization with signalling and operational constraints",10.1016/j.trc.2016.06.008,"Transportation Research Part C: Emerging Technologies",2016-08-01,1,journal-article,"Elsevier BV","Pengling Wang - Delft University of Technology; Pengling Wang - Southwest Jiaotong University; Rob M.P Goverde - Delft University of Technology",,"0000-0001-8840-4488; 0000-0002-2632-4260"
"The impact of wind power on electricity prices",10.1016/j.renene.2016.03.053,"Renewable Energy",2016-08-01,5,journal-article,"Elsevier BV","Carlo Brancucci Martínez-Anido - National Laboratory of the Rockies; Greg Brinkman - National Laboratory of the Rockies; Bri‐Mathias Hodge - National Laboratory of the Rockies",,
"Offshore wind power simulation by using WRF in the central coast of Chile",10.1016/j.renene.2016.03.005,"Renewable Energy",2016-08-01,1,journal-article,"Elsevier BV","Cristián Mattar - University of Chile; Dager Borvarán - University of Chile",,"0000-0002-0349-5913; 0000-0002-9941-2309"
"Climate change mitigation potential of local use of harvest residues for bioenergy in Canada",10.1111/gcbb.12387,"GCB Bioenergy",2016-08-01,26,journal-article,Wiley,"C Smyth - Natural Resources Canada; C Smyth - Canadian Forest Service; Werner A Kurz - Canadian Forest Service; Werner A Kurz - Natural Resources Canada; G J Rampley - Natural Resources Canada; G J Rampley - Canadian Forest Service; Tony C Lemprière - Natural Resources Canada; Tony C Lemprière - Canadian Forest Service; Olaf Schwab - Natural Resources Canada; Olaf Schwab - Canadian Forest Service",,
"Characterizing large residential appliance peak load reduction potential utilizing a probabilistic approach",10.1080/23744731.2016.1195660,"Science and Technology for the Built Environment",2016-07-18,1,journal-article,"Informa UK Limited","Kristen Cetin - Iowa State University",,0000-0003-2662-8480
"Analysis and model-based predictions of solar PV and battery adoption in Germany: an agent-based approach",10.1007/s00450-016-0304-9,"Computer Science - Research and Development",2016-07-15,4,journal-article,"Springer Nature","Ammar Alyousef - University of Passau; Adedamola Adepetu - University of Waterloo; Hermann de Meer - University of Passau",,
"Adapted two-equation turbulence closures for actuator disk RANS simulations of wind & tidal turbine wakes",10.1016/j.renene.2016.02.026,"Renewable Energy",2016-07-01,1,journal-article,"Elsevier BV","Michael Shives - University of Victoria; Curran Crawford - University of Victoria",,0000-0001-6047-728X
"Uncertainty in the Himalayan energy–water nexus: estimating regional exposure to glacial lake outburst floods",10.1088/1748-9326/11/7/074005,"Environmental Research Letters",2016-07-01,10,journal-article,"IOP Publishing","Wolfgang Schwanghart - University of Potsdam; Raphael Worni - University of Geneva; Raphael Worni - University of Zurich; Christian Huggel - University of Zurich; Markus Stoffel - University of Geneva; Oliver Korup - University of Potsdam",,
"Economy-wide Estimates of Rebound Effects: Evidence from Panel Data",10.5547/01956574.37.3.made,"The Energy Journal",2016-07-01,4,journal-article,"International Association for Energy Economics (IAEE)","Morakinyo O Adetutu - Loughborough University; Anthony Glass - Loughborough University; Thomas Weyman–Jones - Loughborough University",,
"Developing the energy profile of mountainous areas",10.1016/j.energy.2016.04.011,Energy,2016-07-01,3,journal-article,"Elsevier BV","Lefkothea Papada - National Technical University of Athens; Dimitris Kaliampakos - National Technical University of Athens",,
"Integrated HVAC management and optimal scheduling of smart appliances for community peak load reduction",10.1016/j.enbuild.2016.04.003,"Energy and Buildings",2016-07-01,4,journal-article,"Elsevier BV","Krystian X Perez - The University of Texas at Austin; Michael Bâldea - The University of Texas at Austin; Thomas F Edgar - The University of Texas at Austin",,
"Climate impacts on the cost of solar energy",10.1016/j.enpol.2016.04.018,"Energy Policy",2016-07-01,2,journal-article,"Elsevier BV","Mallory Elise Flowers - Georgia Institute of Technology; Matthew K Smith - Georgia Institute of Technology; Ara W Parsekian - Georgia Institute of Technology; Dmitriy S Boyuk - Georgia Institute of Technology; Jenna McGrath - Georgia Institute of Technology; Luke Yates - Georgia Institute of Technology",,
"Impacts of intermittent renewable generation on electricity system costs",10.1016/j.enpol.2015.10.024,"Energy Policy",2016-07-01,4,journal-article,"Elsevier BV","Joan Batalla-Bejerano - Universitat Rovira i Virgili; Elisa Trujillo-Baute - University of Warwick",,
"Thermal comfort during temperature cycles induced by direct load control strategies of peak electricity demand management",10.1016/j.buildenv.2016.03.020,"Building and Environment",2016-07-01,1,journal-article,"Elsevier BV","Fan Zhang - The University of Sydney; Richard de Dear - The University of Sydney; Christhina Cândido - The University of Sydney",,"0000-0002-1966-657X; 0000-0002-3031-8218; 0000-0002-3414-290X"
"Optimal Offering Strategies for Wind Power in Energy and Primary Reserve Markets",10.1109/tste.2016.2516767,"IEEE Transactions on Sustainable Energy",2016-07-01,1,journal-article,"Institute of Electrical and Electronics Engineers (IEEE)","Tiago Soares - Technical University of Denmark; Pierre Pinson - Technical University of Denmark; T Jensen - Technical University of Denmark; Hugo Morais - LivaNova (France)",,"0000-0001-5906-4744; 0000-0002-1480-0282; 0000-0002-6594-5094; 0000-0003-4708-4574"
"Modelling the potential for wind energy integration on China’s coal-heavy electricity grid",10.1038/nenergy.2016.86,"Nature Energy",2016-06-20,3,journal-article,"Springer Nature","Michael R Davidson - Massachusetts Institute of Technology; Da Zhang - Massachusetts Institute of Technology; Weiming Xiong - Tsinghua University; Xiliang Zhang - Tsinghua University; Valerie J Karplus - Massachusetts Institute of Technology",,
"Using surplus nuclear power for hydrogen mobility and power-to-gas in France",10.1016/j.ijhydene.2016.04.166,"International Journal of Hydrogen Energy",2016-06-01,3,journal-article,"Elsevier BV","Daniel Scamman - ITM Power (United Kingdom); M Newborough - ITM Power (United Kingdom)",,"0000-0002-3288-108X; 0000-0002-5162-6789"
"Development and testing of photovoltaic pavement for heat island mitigation",10.1016/j.solener.2016.01.054,"Solar Energy",2016-06-01,2,journal-article,"Elsevier BV","Chrysanthi Efthymiou - National and Kapodistrian University of Athens; M Santamouris - National and Kapodistrian University of Athens; Dionysia Kolokotsa - Technical University of Crete; A Koras - Hellenic Air Force",,"0000-0001-6076-3526; 0000-0003-1544-9962; 0000-0003-2960-3772"
"Understanding the spectrum of residential energy-saving behaviours: French evidence using disaggregated data",10.1016/j.eneco.2016.05.006,"Energy Economics",2016-06-01,10,journal-article,"Elsevier BV","Fateh Bélaïd - Centre Scientifique et Technique du Bâtiment; Thomas García - Université Claude Bernard Lyon 1; Thomas García - Groupe d'Analyse et de Théorie Economique Lyon St Etienne; Thomas García - Centre National de la Recherche Scientifique; Thomas García - Centre Scientifique et Technique du Bâtiment",,
"Innovative technologies for NZEBs: An energy and economic analysis tool and a case study of a non-residential building for the Mediterranean climate",10.1016/j.enbuild.2015.08.037,"Energy and Buildings",2016-06-01,3,journal-article,"Elsevier BV","Annamaria Buonomano - University of Naples Federico II; Giuseppina De Luca - Parthenope University of Naples; Umberto Montanaro - University of Naples Federico II; Adolfo Palombo - University of Naples Federico II",,
"Using data-driven approach for wind power prediction: A comparative study",10.1016/j.enconman.2016.03.078,"Energy Conversion and Management",2016-06-01,1,journal-article,"Elsevier BV","Ehsan Taslimi Renani - University of Malaya; Mohamad Fathi Mohamad Elias - University of Malaya; Nasrudin Abd Rahim - University of Malaya",,
"Long term electricity consumption forecast in Brazil: A fuzzy logic approach",10.1016/j.seps.2015.12.002,"Socio-Economic Planning Sciences",2016-06-01,2,journal-article,"Elsevier BV","Fabiano Castro Torrini - Pontifícia Universidade Católica do Rio de Janeiro; Reinaldo Castro Souza - Pontifícia Universidade Católica do Rio de Janeiro; Fernando Luiz Cyrino Oliveira - Pontifícia Universidade Católica do Rio de Janeiro; José Francisco Moreira Pessanha - Universidade do Estado do Rio de Janeiro",,
"Estimation of wind power generation in dense urban area",10.1016/j.apenergy.2016.03.007,"Applied Energy",2016-06-01,1,journal-article,"Elsevier BV","An‐Shik Yang - National Taipei University of Technology; Ying-Ming Su - National Taipei University of Technology; Chih‐Yung Wen - Hong Kong Polytechnic University; Yu-Hsuan Juan - Hong Kong Polytechnic University; Wei-Siang Wang - National Taipei University of Technology; Chiang-Ho Cheng - Dayeh University",,
"Hydropower externalities: A meta-analysis",10.1016/j.eneco.2016.04.016,"Energy Economics",2016-06-01,4,journal-article,"Elsevier BV","Matteo Mattmann - Swiss Federal Institute of Aquatic Science and Technology; Ivana Logar - Swiss Federal Institute of Aquatic Science and Technology; Roy Brouwer - University of Waterloo; Roy Brouwer - Swiss Federal Institute of Aquatic Science and Technology",,
"b+WSN: Smart beehive with preliminary decision tree analysis for agriculture and honey bee health monitoring",10.1016/j.compag.2016.04.008,"Computers and Electronics in Agriculture",2016-06-01,5,journal-article,"Elsevier BV","Fiona Edwards Murphy - University College Cork; Michele Magno - ETH Zurich; Pádraig M Whelan - University College Cork; John O’Halloran - University College Cork; Emanuel Popovici - University College Cork",,
"Scenario-based comparative assessment of potential future electricity systems – A new methodological approach using Germany in 2050 as an example",10.1016/j.apenergy.2016.03.087,"Applied Energy",2016-06-01,1,journal-article,"Elsevier BV","Benedikt Lunz - RWTH Aachen University; Benedikt Lunz - Jülich Aachen Research Alliance; Philipp Stöcker - RWTH Aachen University; Philipp Stöcker - Jülich Aachen Research Alliance; Sascha Eckstein - Wuppertal Institute for Climate, Environment and Energy; Arjuna Nebel - Wuppertal Institute for Climate, Environment and Energy; Sascha Samadi - Wuppertal Institute for Climate, Environment and Energy; Berit Erlach - Acatech; Manfred Fischedick - Wuppertal Institute for Climate, Environment and Energy; P Elsner - Fraunhofer Institute for Chemical Technology; Dirk Uwe Sauer - RWTH Aachen University; Dirk Uwe Sauer - Jülich Aachen Research Alliance",,"0000-0001-8990-0790; 0000-0002-4939-2872; 0000-0002-5340-3001; 0000-0002-5622-3591; 0000-0003-2893-5003"
"Learning Transfer-Based Adaptive Energy Minimization in Embedded Systems",10.1109/tcad.2015.2481867,"IEEE Transactions on Computer-Aided Design of Integrated Circuits and Systems",2016-06-01,1,journal-article,"Institute of Electrical and Electronics Engineers (IEEE)","Rishad Shafik - Newcastle University; Sheng Yang - University of Southampton; Anup Das - University of Southampton; Luis Alfonso Maeda-Nunez - University of Southampton; Geoff V Merrett - University of Southampton; Bashir M Al‐Hashimi - University of Southampton",,
"Maximization of the annual energy production of wind power plants by optimization of layout and yaw-based wake control",10.1002/we.1993,"Wind Energy",2016-05-24,6,journal-article,Wiley,"Pieter Gebraad - National Laboratory of the Rockies; Jared J Thomas - Brigham Young University; Andrew Ning - Brigham Young University; Paul Fleming - National Laboratory of the Rockies; Katherine Dykes - National Laboratory of the Rockies",,"0000-0001-6668-2276; 0000-0001-8249-2544; 0000-0002-5734-3122; 0000-0003-2190-823X"
"Framework for selecting occupancy-focused energy interventions in buildings",10.1080/09613218.2016.1182330,"Building Research & Information",2016-05-20,1,journal-article,"Informa UK Limited","Aslihan Karatas - University of Michigan; Allisandra Stoiko - University of Michigan; Carol C Menassa - University of Michigan",,
"A response factor-based method for the rapid in-situ determination of wall’s thermal resistance in existing buildings",10.1016/j.enbuild.2016.03.009,"Energy and Buildings",2016-05-01,1,journal-article,"Elsevier BV","Arash Rasooli - Delft University of Technology; Laure Itard - Delft University of Technology; C.A Infante Ferreira - Delft University of Technology",,"0000-0001-6837-3856; 0000-0002-8810-7309"
"Modeling the UK electricity price distributions using quantile regression",10.1016/j.energy.2016.02.025,Energy,2016-05-01,1,journal-article,"Elsevier BV","Lars Ivar Hagfors - Norwegian University of Science and Technology; Derek W Bunn - London Business School; Eline Kristoffersen - Norwegian University of Science and Technology; Tiril Toftdahl Staver - Norwegian University of Science and Technology; Sjur Westgaard - Norwegian University of Science and Technology",,"0000-0003-1770-4488; 0000-0003-4891-2730"
"Optimal operation of MEA-based post-combustion carbon capture for natural gas combined cycle power plants under different market conditions",10.1016/j.ijggc.2015.11.014,"International Journal of Greenhouse Gas Control",2016-05-01,2,journal-article,"Elsevier BV","Xiaobo Luo - University of Hull; Meihong Wang - University of Hull",,"0000-0001-9752-270X; 0000-0003-0453-490X"
"The reference forecast of the German energy transition—An outlook on electricity markets",10.1016/j.enpol.2016.02.010,"Energy Policy",2016-05-01,1,journal-article,"Elsevier BV","Andreas Knaut - Institute of Energy Economics at the University of Cologne; Christian Tode - Institute of Energy Economics at the University of Cologne; Dietmar Lindenberger - Institute of Energy Economics at the University of Cologne; Raimund Malischek - Institute of Energy Economics at the University of Cologne; Simon Paulus - Institute of Energy Economics at the University of Cologne; Johannes Wagner - Institute of Energy Economics at the University of Cologne",,"0000-0002-6619-4915; 0000-0002-9591-3800"
"Emissions reduction scenarios in the Argentinean Energy Sector",10.1016/j.eneco.2015.03.021,"Energy Economics",2016-05-01,5,journal-article,"Elsevier BV","James Falzon - Energy Research Centre of the Netherlands; Katherine Calvin - Joint Global Change Research Institute",,"0000-0002-5589-9856; 0000-0003-2191-4189"
"The value of day-ahead solar power forecasting improvement",10.1016/j.solener.2016.01.049,"Solar Energy",2016-05-01,7,journal-article,"Elsevier BV","Carlo Brancucci - National Laboratory of the Rockies; Benjamin Botor - National Laboratory of the Rockies; Anthony Florita - National Laboratory of the Rockies; Caroline Draxl - National Laboratory of the Rockies; Siyuan Lu - IBM (United States); Hendrik F Hamann - IBM (United States); Bri‐Mathias Hodge - National Laboratory of the Rockies",,
"Climate change and electricity demand in Brazil: A stochastic approach",10.1016/j.energy.2016.02.120,Energy,2016-05-01,3,journal-article,"Elsevier BV","Ian Michael Trotter - Universidade Federal de Viçosa; Torjus Folsland Bolkesjø - Norwegian University of Life Sciences; José Gustavo Feres - Institute of Applied Economic Research; Lavinia Hollanda - Fundação Getulio Vargas",,
"Operational Strategies for a Portfolio of Wind Farms and CHP Plants in a Two-Price Balancing Market",10.1109/tpwrs.2015.2439060,"IEEE Transactions on Power Systems",2016-05-01,1,journal-article,"Institute of Electrical and Electronics Engineers (IEEE)","Anna Hellmers - Ørsted (Denmark); Marco Zugno - Technical University of Denmark; Anders Skajaa - Ørsted (Denmark); Juan M Morales - Technical University of Denmark",,0000-0002-9114-686X
"An overview of energy demand forecasting methods published in 2005–2015",10.1007/s12667-016-0203-y,"Energy Systems",2016-04-26,1,journal-article,"Springer Nature","Iman Ghalehkhondabi - Ohio University; Ehsan Ardjmand - Ohio University; Gary R Weckman - Ohio University; William A Young - Ohio University",,"0000-0001-6296-2940; 0000-0001-7004-4277; 0000-0002-0166-2159; 0000-0002-2445-4934"
"Full Chain Life Cycle Assessment of Greenhouse Gases and Energy Demand for Canola-Derived Jet Fuel in North Dakota, United States",10.1021/acssuschemeng.6b00276,"ACS Sustainable Chemistry & Engineering",2016-04-12,1,journal-article,"American Chemical Society (ACS)","Suchada Ukaew - Naresuan University; Rui Shi - Michigan Technological University; Joon‐Hee Lee - North Dakota Department of Health; David W Archer - United States Department of Agriculture; Matthew N Pearlson - Volpe National Transportation Systems Center; Matthew N Pearlson - United States Department of Transportation; Kristin C Lewis - Volpe National Transportation Systems Center; Kristin C Lewis - United States Department of Transportation; Leanne Bregni - Michigan Technological University; David R Shonnard - Michigan Technological University",,"0000-0001-5719-254X; 0000-0001-7828-0012; 0000-0001-9828-9321; 0000-0002-4816-7040; 0000-0002-7277-166X"
"Demand-side management for supply-side efficiency: Modeling tailored strategies for reducing peak residential water demand",10.1016/j.spc.2015.11.005,"Sustainable Production and Consumption",2016-04-01,1,journal-article,"Elsevier BV","Cara Beal - Griffith University; Thulo Ram Gurung - Griffith University; Rodney A Stewart - Griffith University",,"0000-0002-6013-3505; 0000-0002-9219-2120; 0000-0003-1311-2717"
"Modeling and disaggregating hourly electricity consumption in Norwegian dwellings based on smart meter data",10.1016/j.enbuild.2016.02.042,"Energy and Buildings",2016-04-01,4,journal-article,"Elsevier BV","Anna Kipping - Norwegian University of Life Sciences; Erik Trømborg - Norwegian University of Life Sciences",,
"Optimal building envelope design based on simulated performance: History, current status and new potentials",10.1016/j.enbuild.2015.09.025,"Energy and Buildings",2016-04-01,2,journal-article,"Elsevier BV","Yu Huang - Hong Kong Polytechnic University; Jianlei Niu - Hong Kong Polytechnic University",,"0000-0001-5199-383X; 0000-0002-1176-9179"
"An approach for assessing high-penetration PV impact on distribution feeders",10.1016/j.epsr.2015.12.026,"Electric Power Systems Research",2016-04-01,1,journal-article,"Elsevier BV","Mehdi Ebad - Baylor University; W.M Grady - Baylor University",,
"Development of a method of real-time building energy simulation for efficient predictive control",10.1016/j.enconman.2016.01.060,"Energy Conversion and Management",2016-04-01,1,journal-article,"Elsevier BV","Young Hoon Kwak - University of Seoul; Jung-Ho Huh - University of Seoul",,0000-0003-3042-4130
"Light-duty electric vehicles to improve the integrity of the electricity grid through Vehicle-to-Grid technology: Analysis of regional net revenue and emissions savings",10.1016/j.apenergy.2016.01.030,"Applied Energy",2016-04-01,2,journal-article,"Elsevier BV","Mehdi Noori - University of Central Florida; Zhao Yang - University of Central Florida; Nuri C Onat - Arizona State University; Stephanie Gardner - Vermont Law and Graduate School; Omer Tatari - University of Central Florida",,"0000-0002-0263-5144; 0000-0002-8150-992X; 0000-0002-8832-0812"
"Phase change material's (PCM) impacts on the energy performance and thermal comfort of buildings in a mild climate",10.1016/j.buildenv.2016.01.023,"Building and Environment",2016-04-01,4,journal-article,"Elsevier BV",,,
"The importance of gas infrastructure in power systems with high wind power penetrations",10.1016/j.apenergy.2015.10.150,"Applied Energy",2016-04-01,3,journal-article,"Elsevier BV","Joseph Devlin - Queen's University Belfast; Kang Li - Queen's University Belfast; Paraic Higgins - Queen's University Belfast; Aoife Foley - Queen's University Belfast",,"0000-0001-6491-2592; 0000-0003-1604-4190"
"Energy efficiency uptake and energy savings in English houses: A cohort study",10.1016/j.enbuild.2016.02.024,"Energy and Buildings",2016-04-01,10,journal-article,"Elsevier BV","Ian Hamilton - Energy Institute; Ian Hamilton - University College London; Alex Summerfield - Energy Institute; Alex Summerfield - University College London; David Shipworth - University College London; David Shipworth - Energy Institute; J P Steadman - Energy Institute; J P Steadman - University College London; Tadj Oreszczyn - Energy Institute; Tadj Oreszczyn - University College London; Robert Lowe - University College London; Robert Lowe - Energy Institute",,
"A holistic approach to energy efficiency assessment in plastic processing",10.1016/j.jclepro.2016.01.037,"Journal of Cleaner Production",2016-04-01,2,journal-article,"Elsevier BV","B Alexander Schlüter - Fraunhofer Institute for Energy Economics and Energy System Technology; Michele Rosano - Curtin University",,0000-0002-8487-6602
"Selling and installing heat pumps: influencing household practices",10.1080/09613218.2016.1157420,"Building Research & Information",2016-04-01,4,journal-article,"Informa UK Limited","Kirsten Gram‐Hanssen - Aalborg University; Nina Heidenstrøm - OsloMet – Oslo Metropolitan University; Gunnar Vittersø - OsloMet – Oslo Metropolitan University; Line Valdorff Madsen - Aalborg University; Mette Hove Jacobsen - Aalborg University",,
"How predictable is technological progress?",10.1016/j.respol.2015.11.001,"Research Policy",2016-04-01,38,journal-article,"Elsevier BV","J Doyne Farmer - New College; J Doyne Farmer - University of Oxford; J Doyne Farmer - Santa Fe Institute; François Lafond - United Nations University – Maastricht Economic and Social Research Institute on Innovation and Technology; François Lafond - London Institute for Mathematical Sciences; François Lafond - New College; François Lafond - University of Oxford",,
"Help or hindrance? The travel, energy and carbon impacts of highly automated vehicles",10.1016/j.tra.2015.12.001,"Transportation Research Part A: Policy and Practice",2016-04-01,191,journal-article,"Elsevier BV","Zia Wadud - University of Leeds; Don MacKenzie - University of Washington; Paul Leiby - Oak Ridge National Laboratory",,
"Energy consumption prediction using people dynamics derived from cellular network data",10.1140/epjds/s13688-016-0075-3,"EPJ Data Science",2016-03-31,3,journal-article,"Springer Nature","Andrey Bogomolov - University of Trento; Bruno Lepri - Fondazione Bruno Kessler; Roberto Larcher - Telecom Italia (Italy); Fabrizio Antonelli - Telecom Italia (Italy); Fabio Pianesi - Fondazione Bruno Kessler",,
"Green buildings and design for adaptation: Strategies for renovation of the built environment",10.2495/eq-v1-n2-172-191,"International Journal of Energy Production and Management",2016-03-31,1,journal-article,"Acadlore Publishing Services Limited","Andrea Boeri - University of Bologna; Valentina Gianfrate - University of Bologna; Danila Longo - University of Bologna",,"0000-0002-7516-7556; 0000-0003-1390-2030; 0000-0003-1529-8041"
"The impact of regulations on overheating risk in dwellings",10.1080/09613218.2016.1153355,"Building Research & Information",2016-03-31,5,journal-article,"Informa UK Limited","Mark Mulville - University of Greenwich; Spyridon Stravoravdis - University of Greenwich",,
"Adaptive VM Management with Two Phase Power Consumption Cost Models in Cloud Datacenter",10.1007/s11036-016-0690-z,"Mobile Networks and Applications",2016-03-31,1,journal-article,"Springer Nature","Dong-Ki Kang - Korea Advanced Institute of Science and Technology; Fawaz AL-Hazemi - Korea Advanced Institute of Science and Technology; Seong-Hwan Kim - Korea Advanced Institute of Science and Technology; Min Chen - Huazhong University of Science and Technology; Limei Peng - Ajou University; Chan‐Hyun Youn - Korea Advanced Institute of Science and Technology",,"0000-0001-9984-9861; 0000-0002-0960-4447; 0000-0002-3842-3821; 0000-0002-3970-7308; 0000-0003-1314-8189; 0000-0003-3212-8941"
"Determinants of mobility resource ownership in Switzerland: changes between 2000 and 2010",10.1007/s11116-016-9693-7,Transportation,2016-03-30,13,journal-article,"Springer Nature","Matthias Kowald - Federal Statistical Office; Barbara Kieser - University of Neuchâtel; Nicole A Mathys - Federal Statistical Office; Andreas Justen - Federal Statistical Office",,
"Trading Off Global Fuel Supply, CO2 Emissions and Sustainable Development",10.1371/journal.pone.0149406,"PLOS ONE",2016-03-09,2,journal-article,"Public Library of Science (PLoS)","Liam Wagner - Griffith University; Ian L Ross - The University of Queensland; John Foster - The University of Queensland; Ben Hankamer - The University of Queensland",,"0000-0001-9284-4929; 0000-0002-2389-4292; 0000-0002-2601-1539; 0000-0003-1297-5801"
"Bacterial antisense RNAs are mainly the product of transcriptional noise",10.1126/sciadv.1501363,"Science Advances",2016-03-04,1,journal-article,"American Association for the Advancement of Science (AAAS)","Verónica Lloréns‐Rico - Centre for Genomic Regulation; Verónica Lloréns‐Rico - Universitat Pompeu Fabra; Jaime Cano - Centre for Genomic Regulation; Jaime Cano - Universitat Pompeu Fabra; Tjerko Kamminga - MSD (Netherlands); Tjerko Kamminga - Wageningen University & Research; Rosario Gil - Parc Científic de la Universitat de València; Amparo Latorre - Parc Científic de la Universitat de València; Amparo Latorre - Fundación para el Fomento de la Investigación Sanitaria y Biomédica de la Comunitat Valenciana; Wei‐Hua Chen - European Molecular Biology Laboratory; Peer Bork - European Molecular Biology Laboratory; Peer Bork - Max Delbrück Center; John I Glass - J. Craig Venter Institute; Luís Serrano - Centre for Genomic Regulation; Luís Serrano - Universitat Pompeu Fabra; Luís Serrano - Institució Catalana de Recerca i Estudis Avançats; María Lluch‐Senar - Centre for Genomic Regulation; María Lluch‐Senar - Universitat Pompeu Fabra",,"0000-0001-7568-4353; 0000-0002-0860-5990; 0000-0002-2627-833X; 0000-0002-3784-5301; 0000-0002-4828-3674; 0000-0002-5276-1392; 0000-0002-9146-7284; 0000-0002-9397-1003; 0000-0003-2458-9609"
"Dynamically feasible, energy efficient motion planning for skid-steered vehicles",10.1007/s10514-016-9550-8,"Autonomous Robots",2016-03-02,1,journal-article,"Springer Nature","Nikhil Gupta - Florida A&M University - Florida State University College of Engineering; Camilo Ordóñez - Florida A&M University - Florida State University College of Engineering; Emmanuel G Collins - Florida A&M University - Florida State University College of Engineering",,"0000-0001-5338-4392; 0000-0002-4571-0538; 0000-0002-4766-4803"
"Forecasting electricity consumption in Pakistan: the way forward",10.1016/j.enpol.2015.11.028,"Energy Policy",2016-03-01,3,journal-article,"Elsevier BV","Anwar Hussain - Pakistan Institute of Development Economics; Md Ashib Rahman - Islamia College University; Junaid Alam Memon - Pakistan Institute of Development Economics",,
"Opportunities and challenges of high renewable energy deployment and electricity exchange for North Africa and Europe – Scenarios for power sector and transmission infrastructure in 2030 and 2050",10.1016/j.renene.2015.10.008,"Renewable Energy",2016-03-01,3,journal-article,"Elsevier BV","Inga Boie - Fraunhofer Institute for Systems and Innovation Research; Christoph Kost - Fraunhofer Institute for Solar Energy Systems; Sven Bohn - Fraunhofer Institute of Optronics, System Technologies and Image Exploitation; Michael Agsten - Fraunhofer Institute of Optronics, System Technologies and Image Exploitation; Peter Bretschneider - Fraunhofer Institute of Optronics, System Technologies and Image Exploitation; Oleksandr Snigovyi - Fraunhofer Institute of Optronics, System Technologies and Image Exploitation; Martin Pudlik - Fraunhofer Institute for Systems and Innovation Research; Mario Ragwitz - Fraunhofer Institute for Systems and Innovation Research; Thomas Schlegl - Fraunhofer Institute for Solar Energy Systems; Dirk Westermann - Technische Universität Ilmenau; Dirk Westermann - Kirchhoff (Germany)",,
"Development of a multi-layer perceptron artificial neural network model to determine haul trucks energy consumption",10.1016/j.ijmst.2015.12.015,"International Journal of Mining Science and Technology",2016-03-01,1,journal-article,"Elsevier BV","Ali Soofastaei - The University of Queensland; Saiied M Aminossadati - The University of Queensland; Mohammad Mehdi Arefi - Shiraz University; Mehmet S Kizil - The University of Queensland",,"0000-0001-8385-3444; 0000-0001-8662-5076; 0000-0002-3568-0777; 0000-0003-3986-8205"
"A dynamic model for firm-response to non-credible incentive regulation regimes",10.1016/j.enpol.2015.12.029,"Energy Policy",2016-03-01,1,journal-article,"Elsevier BV","Per J Agrell - UCLouvain; Emili Grifell‐Tatjé - Universitat Autònoma de Barcelona",,"0000-0002-0953-2711; 0000-0002-3835-2365"
"Forecast for surface solar irradiance at the Brazilian Northeastern region using NWP model and artificial neural networks",10.1016/j.renene.2015.11.005,"Renewable Energy",2016-03-01,3,journal-article,"Elsevier BV","Francisco José Lopes de Lima - Instituto Nacional de Pesquisas Espaciais; Fernando Ramos Martins - Universidade Federal de São Paulo; Ênio Bueno Pereira - Instituto Nacional de Pesquisas Espaciais; Elke Lorenz - Carl von Ossietzky Universität Oldenburg; Detlev Heinemann - Universidade Federal de São Paulo",,"0000-0002-5095-0085; 0000-0002-7475-1048; 0000-0002-7618-4462; 0000-0002-8503-233X"
"Forecasting electricity smart meter data using conditional kernel density estimation",10.1016/j.omega.2014.08.008,Omega,2016-03-01,1,journal-article,"Elsevier BV","Siddharth Arora - University of Oxford; James W Taylor - University of Oxford",,"0000-0001-6499-6941; 0000-0002-7580-800X"
"Experimental investigation of combined heat recovery and power generation using a heat pipe assisted thermoelectric generator system",10.1016/j.enconman.2015.12.032,"Energy Conversion and Management",2016-03-01,1,journal-article,"Elsevier BV","Muhammad Fairuz Remeli - RMIT University; Muhammad Fairuz Remeli - Universiti Teknologi MARA; Abhijit Date - RMIT University; Bradley Orr - RMIT University; Lai Chet Ding - RMIT University; Baljit Singh - RMIT University; Baljit Singh - Universiti Teknologi MARA; Nor Dalila Nor Affandi - Universiti Teknologi MARA; Aliakbar Akbarzadeh - RMIT University",,"0000-0001-7393-4865; 0000-0002-7203-4053; 0000-0003-2739-6570"
"Do adsorbent screening metrics predict process performance? A process optimisation based study for post-combustion capture of CO2",10.1016/j.ijggc.2015.12.033,"International Journal of Greenhouse Gas Control",2016-03-01,2,journal-article,"Elsevier BV","Ashwin Kumar Rajagopalan - University of Alberta; Adolfo M Avila - University of Alberta; Arvind Rajendran - University of Alberta",,
"Wholesale electricity market design with increasing levels of renewable generation: Revenue sufficiency and long-term reliability",10.1016/j.tej.2016.02.005,"The Electricity Journal",2016-03-01,13,journal-article,"Elsevier BV","Michael Milligan - National Laboratory of the Rockies; Bethany Frew - National Laboratory of the Rockies; Aaron Bloom - National Laboratory of the Rockies; Erik Ela - Electric Power Research Institute; Audun Botterud - Argonne National Laboratory; Aaron Townsend - National Laboratory of the Rockies; Todd Levin - Argonne National Laboratory",,
"Response modeling of small-scale energy consumers for effective demand response applications",10.1016/j.epsr.2015.10.026,"Electric Power Systems Research",2016-03-01,1,journal-article,"Elsevier BV","Anthony C Chrysopoulos - Aristotle University of Thessaloniki; Anthony C Chrysopoulos - Information Technologies Institute; Anthony C Chrysopoulos - Centre for Research and Technology Hellas; Christos Diou - Information Technologies Institute; Christos Diou - Aristotle University of Thessaloniki; Christos Diou - Centre for Research and Technology Hellas; Andreas L Symeonidis - Centre for Research and Technology Hellas; Andreas L Symeonidis - Information Technologies Institute; Andreas L Symeonidis - Aristotle University of Thessaloniki; Pericles A Mitkas - Centre for Research and Technology Hellas; Pericles A Mitkas - Aristotle University of Thessaloniki; Pericles A Mitkas - Information Technologies Institute",,"0000-0002-2461-1928; 0000-0003-0235-6046; 0000-0003-2090-4202"
"Access to electricity in the World Energy Council's global energy scenarios: An outlook for developing regions until 2030",10.1016/j.esr.2015.11.003,"Energy Strategy Reviews",2016-03-01,244,journal-article,"Elsevier BV","Evangelos Panos - Paul Scherrer Institute; Martin Densing - Paul Scherrer Institute; Kathrin Volkart - Paul Scherrer Institute",,
"Thickness ratio andd33effects on flexible piezoelectric unimorph energy conversion",10.1088/0964-1726/25/3/035037,"Smart Materials and Structures",2016-02-22,1,journal-article,"IOP Publishing","Taewoo Ha - The University of Texas at Austin; Taewoo Ha - Mechanics' Institute; John X J Zhang - Dartmouth College; Nanshu Lu - Mechanics' Institute",,"0000-0002-1768-9161; 0000-0002-3595-3851; 0000-0002-9506-0713"
"Experimental study on the vacuum load of low-temperature thermal desalination plant",10.1080/19443994.2016.1138889,"Desalination and Water Treatment",2016-02-19,2,journal-article,"Informa UK Limited","D Balaji - National Institute of Ocean Technology; Raju Abraham - National Institute of Ocean Technology; M V Ramana Murthy - National Institute of Ocean Technology",,0000-0001-6429-1511
"Edge-Modified Phosphorene Nanoflake Heterojunctions as Highly Efficient Solar Cells",10.1021/acs.nanolett.5b04593,"Nano Letters",2016-02-15,1,journal-article,"American Chemical Society (ACS)","Wei Hu - Lawrence Berkeley National Laboratory; Lin Lin - Lawrence Berkeley National Laboratory; Lin Lin - University of California, Berkeley; Chao Yang - Lawrence Berkeley National Laboratory; Jun Dai - University of Nebraska–Lincoln; Jinlong Yang - University of Science and Technology of China",,"0000-0001-6599-8826; 0000-0001-6860-9566; 0000-0001-7172-7539; 0000-0001-9629-2121; 0000-0002-5651-5340"
"Accelerated development of CuSbS2thin film photovoltaic device prototypes",10.1002/pip.2735,"Progress in Photovoltaics: Research and Applications",2016-02-03,1,journal-article,Wiley,"Adam W Welch - National Laboratory of the Rockies; Adam W Welch - Colorado School of Mines; Lauryn L Baranowski - Colorado School of Mines; Lauryn L Baranowski - National Laboratory of the Rockies; Paweł Zawadzki - National Laboratory of the Rockies; Clay DeHart - National Laboratory of the Rockies; Steve Johnston - National Laboratory of the Rockies; Stephan Lany - National Laboratory of the Rockies; Colin A Wolden - Colorado School of Mines; Andriy Zakutayev - National Laboratory of the Rockies",,"0000-0001-6576-048X; 0000-0002-0919-7984; 0000-0002-3054-5525; 0000-0002-8127-8885; 0000-0003-4262-4770"
"Empirical assessment of calculated and actual heating energy use in Hellenic residential buildings",10.1016/j.apenergy.2015.11.027,"Applied Energy",2016-02-01,4,journal-article,"Elsevier BV","Constantinos A Balaras - National Observatory of Athens; Elena G Dascalaki - National Observatory of Athens; Kalliopi G Droutsa - National Observatory of Athens; Simon Kontoyiannidis - National Observatory of Athens",,
"Analysis and long term forecasting of electricity demand trough a decomposition model: A case study for Spain",10.1016/j.energy.2015.11.055,Energy,2016-02-01,1,journal-article,"Elsevier BV","Julián Pérez García - Universidad Autónoma de Madrid; Julián Moral Carcedo - Universidad Autónoma de Madrid",,"0000-0002-4214-5991; 0000-0002-7142-3110"
"Effect of increased renewables generation on operation of thermal power plants",10.1016/j.apenergy.2015.12.017,"Applied Energy",2016-02-01,3,journal-article,"Elsevier BV","Patrick Eser - ETH Zurich; Antriksh Singh - ETH Zurich; Ndaona Chokani - ETH Zurich; Reza S Abhari - ETH Zurich",,"0000-0002-7245-5026; 0000-0002-7721-7115"
"An experimental and numerical investigation of the combustion and heat transfer characteristics of hydrogen-fueled catalytic microreactors",10.1016/j.ces.2015.10.034,"Chemical Engineering Science",2016-02-01,1,journal-article,"Elsevier BV","Ran Sui - Paul Scherrer Institute; Nikolaos I Prasianakis - Paul Scherrer Institute; John Mantzaras - Paul Scherrer Institute; Nithin Mallya - Paul Scherrer Institute; J Theile - Paul Scherrer Institute; Martin Frieß - Deutsches Zentrum für Luft- und Raumfahrt e. V. (DLR)",,"0000-0002-1039-669X; 0000-0002-2252-4265; 0000-0002-4425-8244; 0000-0002-4835-2705; 0000-0003-3758-7506"
"A dynamic prognosis scheme for flexible operation of gas turbines",10.1016/j.apenergy.2015.11.104,"Applied Energy",2016-02-01,2,journal-article,"Elsevier BV","Elias Tsoutsanis - Qatar University; Elias Tsoutsanis - Emirates Aviation University; Nader Meskin - Qatar University; Mohieddine Benammar - Qatar University; K Khorasani - Concordia University",,
"Simulation of a proposed novel weather forecast control for ground source heat pumps as a mean to evaluate the feasibility of forecast controls’ influence on the photovoltaic electricity self-consumption",10.1016/j.apenergy.2015.12.013,"Applied Energy",2016-02-01,1,journal-article,"Elsevier BV","Richard Thygesen - Mälardalen University; Björn Karlsson - Mälardalen University",,"0000-0002-8287-8735; 0000-0002-8435-6463"
"Benefits of solar forecasting for energy imbalance markets",10.1016/j.renene.2015.09.011,"Renewable Energy",2016-02-01,3,journal-article,"Elsevier BV","Amanpreet Kaur - University of California San Diego; Lukas Nonnenmacher - University of California San Diego; Hugo T.C Pedro - University of California San Diego; Carlos F.M Coimbra - University of California San Diego",,"0000-0002-9428-3931; 0000-0003-3166-4451; 0000-0003-3402-2411"
"Multicriteria-based decision aiding technique for assessing energy policy elements-demonstration to a case in Bangladesh",10.1016/j.apenergy.2015.11.091,"Applied Energy",2016-02-01,2,journal-article,"Elsevier BV","Md Mizanur Rahman - Aalto University; Md Mizanur Rahman - University of Technology Malaysia; Jukka Paatero - Aalto University; Risto Lahdelma - Aalto University; Mazlan Abdul Wahid - University of Technology Malaysia",,
"Simulating the CO2 reduction caused by decreasing the air conditioning load in an urban area",10.1016/j.enbuild.2015.06.033,"Energy and Buildings",2016-02-01,1,journal-article,"Elsevier BV","Yujiro Hirano - National Institute for Environmental Studies; Tsuyoshi Fujita - National Institute for Environmental Studies",,"0000-0001-7877-1137; 0000-0003-0204-0332"
"Analysis of air pollution reduction and climate change mitigation in the industry sector of Yangtze River Delta in China",10.1016/j.jclepro.2015.07.011,"Journal of Cleaner Production",2016-02-01,2,journal-article,"Elsevier BV","Jiajia Zheng - Fudan University; Ping Jiang - Fudan University; Wen Qiao - Fudan University; Yun Zhu - Fudan University; Erin Kennedy - Lund University",,
"Semantics-Based Online Malware Detection: Towards Efficient Real-Time Protection Against Malware",10.1109/tifs.2015.2491300,"IEEE Transactions on Information Forensics and Security",2016-02-01,1,journal-article,"Institute of Electrical and Electronics Engineers (IEEE)","Sanjeev Das - Nanyang Technological University; Yang Liu - Nanyang Technological University; Wei Zhang - Hong Kong University of Science and Technology; Wei Zhang - University of Hong Kong; Mahintham Chandramohan - Nanyang Technological University",,"0000-0001-7300-9215; 0000-0002-2157-0155; 0000-0002-7622-6714"
"Tidal energy from the Severn estuary, UK",10.1680/jener.14.00025,"Proceedings of the Institution of Civil Engineers - Energy",2016-02-01,1,journal-article,Emerald,"Chris Binnie - Chartered Institution of Water and Environmental Management; Chris Binnie - Minehead Community Hospital",,
"A Comparison of Energy Consumption Prediction Models Based on Neural Networks of a Bioclimatic Building",10.3390/en9010057,Energies,2016-01-20,2,journal-article,"MDPI AG","Hamid R Khosravani - Instituto Politécnico de Lisboa; Hamid R Khosravani - University of Lisbon; Hamid R Khosravani - University of Algarve; A.E Ruano - University of Algarve; A.E Ruano - Instituto Politécnico de Lisboa; A.E Ruano - University of Lisbon; M Castilla - University of Almería; Manuel Berenguel - University of Almería; Pedro Ferreira - University of Lisbon",,
"CO2 Capture by Temperature Swing Adsorption: Use of Hot CO2-Rich Gas for Regeneration",10.1021/acs.iecr.5b01384,"Industrial & Engineering Chemistry Research",2016-01-14,1,journal-article,"American Chemical Society (ACS)","Augustine Ntiamoah - CO2CRC; Augustine Ntiamoah - The University of Melbourne; Jianghua Ling - The University of Melbourne; Jianghua Ling - Northeastern University; Jianghua Ling - CO2CRC; Penny Xiao - The University of Melbourne; Penny Xiao - CO2CRC; Paul A Webley - CO2CRC; Paul A Webley - The University of Melbourne; Zhai Yu-chun - Northeastern University",,"0000-0003-3598-3767; 0000-0003-4983-0630"
"Novel Power Smoothing and Generation Scheduling Strategies for a Hybrid Wind and Marine Current Turbine System",10.1109/tpwrs.2016.2591723,"IEEE Transactions on Power Systems",2016-01-01,2,journal-article,"Institute of Electrical and Electronics Engineers (IEEE)","Mohamed Shawky El Moursi - Mansoura University",,0000-0001-6695-5342
"An artificial neural network to assess the impact of neighbouring photovoltaic systems in power forecasting in Utrecht, the Netherlands",10.1016/j.renene.2015.06.061,"Renewable Energy",2016-01-01,2,journal-article,"Elsevier BV","Alexandra Vaz - Utrecht University; Alexandra Vaz - University of Lisbon; Boudewijn Elsinga - Utrecht University; Wilfried van Sark - Utrecht University; M.C Brito - University of Lisbon",,"0000-0002-3580-3474; 0000-0002-4738-1088; 0000-0002-9304-5165; 0000-0003-0769-1740"
"Multi-Variable Bifacial Photovoltaic Module Test Results and Best-Fit Annual Bifacial Energy Yield Model",10.1109/access.2016.2518399,"IEEE Access",2016-01-01,2,journal-article,"Institute of Electrical and Electronics Engineers (IEEE)",,,
"Optimization of combined heat and power production with heat storage based on sliding time window method",10.1016/j.apenergy.2015.10.135,"Applied Energy",2016-01-01,1,journal-article,"Elsevier BV","Tingting Fang - Aalto University; Risto Lahdelma - Aalto University",,0000-0001-7882-2918
"Photovoltaic Power Forecasting Model Based on Nonlinear System Identification",10.1109/cjece.2016.2584081,"Canadian Journal of Electrical and Computer Engineering",2016-01-01,1,journal-article,"Institute of Electrical and Electronics Engineers (IEEE)","Ayedh H Alqahtani - Public Authority for Applied Education and Training",,0000-0003-1037-6231
"Energy revolution: From a fossil energy era to a new energy era",10.1016/j.ngib.2016.02.001,"Natural Gas Industry B",2016-01-01,19,journal-article,"Elsevier BV","Caineng Zou - Research Institute of Petroleum Exploration and Development; Zhang Guo-sheng - Research Institute of Petroleum Exploration and Development; Qun Zhao - Research Institute of Petroleum Exploration and Development; Bo Xiong - Research Institute of Petroleum Exploration and Development",,
"Artificial neural network model for forecasting sub-hourly electricity usage in commercial buildings",10.1016/j.enbuild.2015.11.045,"Energy and Buildings",2016-01-01,2,journal-article,"Elsevier BV","Young Tae Chae - Cheongju University; Raya Horesh - IBM Research - Thomas J. Watson Research Center; Youngdeok Hwang - IBM Research - Thomas J. Watson Research Center; Young Moo Lee - IBM Research - Thomas J. Watson Research Center",,
"An assessment of the regional potential for solar power generation in EU-28",10.1016/j.enpol.2015.10.004,"Energy Policy",2016-01-01,14,journal-article,"Elsevier BV","Perpiña Castillo Carolina - Joint Research Centre; Filipe Batista e Silva - Joint Research Centre; Carlo Lavalle - Joint Research Centre",,
"Assessing the carbon footprint of beef cattle in Brazil: a case study with 22 farms in the State of Mato Grosso",10.1016/j.jclepro.2015.10.072,"Journal of Cleaner Production",2016-01-01,8,journal-article,"Elsevier BV","Carlos Clemente Cerri - Universidade de São Paulo; Cindy Silva Moreira - DeltaCO2 (Brazil); Priscila Aparecida Alves - DeltaCO2 (Brazil); Guilherme Silva Raucci - DeltaCO2 (Brazil); Bruno de Almeida Castigioni - DeltaCO2 (Brazil); Francisco F.C Mello - DeltaCO2 (Brazil); Domingos Guilherme Pellegrino Cerri - DeltaCO2 (Brazil); Carlos Eduardo Pellegrino Cerri - Universidade de São Paulo",,
"Paradigm shift to enhanced water supply planning through augmented grids, scarcity pricing and adaptive factory water: A system dynamics approach",10.1016/j.envsoft.2014.05.018,"Environmental Modelling & Software",2016-01-01,1,journal-article,"Elsevier BV","Oz Sahin - Griffith University; Raymond Scott Siems - Griffith University; Rodney A Stewart - Griffith University; Michael G Porter - Deakin University",,"0000-0002-1914-5379; 0000-0002-6013-3505"
"Projected impacts of climate change on wind energy density in the United States",10.1016/j.renene.2015.06.005,"Renewable Energy",2016-01-01,2,journal-article,"Elsevier BV","Dana L Johnson - Wake Forest University; Robert J Erhardt - Wake Forest University",,
"Energy savings potentials of commercial buildings by urban heat island reduction strategies in Montreal (Canada)",10.1016/j.enbuild.2015.10.018,"Energy and Buildings",2016-01-01,5,journal-article,"Elsevier BV","Ali Gholizadeh Touchaei - Concordia University; Mirata Hosseini - Concordia University; Hashem Akbari - Concordia University",,
"Analysis of the predicted effect of passive climate adaptation measures on energy demand for cooling and heating in a residential building",10.1016/j.energy.2015.11.036,Energy,2016-01-01,1,journal-article,"Elsevier BV","T van Hooff - Eindhoven University of Technology; T van Hooff - KU Leuven; Bert Blocken - KU Leuven; Bert Blocken - Eindhoven University of Technology; Harry Timmermans - Eindhoven University of Technology; Jlm Jan Hensen - Eindhoven University of Technology",,"0000-0002-7528-4234; 0000-0002-7811-2745; 0000-0002-8737-4632; 0000-0003-2935-9562"
"Data Center Energy Consumption Modeling: A Survey",10.1109/comst.2015.2481183,"IEEE Communications Surveys & Tutorials",2016-01-01,5,journal-article,"Institute of Electrical and Electronics Engineers (IEEE)","Miyuru Dayarathna - Nanyang Technological University; Yonggang Wen - Nanyang Technological University; Rui Fan - Nanyang Technological University",,
"Hybrid renewable energy system application for electricity and heat supply of a residential building",10.2298/tsci150505144n,"Thermal Science",2016-01-01,1,journal-article,"National Library of Serbia","Branka Nakomčić-Smaragdakis - University of Novi Sad; Nataša Dragutinović - University of Novi Sad",,
"Impact of wind power uncertainty forecasting on the market integration of wind energy in Spain",10.1016/j.apenergy.2015.08.104,"Applied Energy",2015-12-01,4,journal-article,"Elsevier BV","Iratxe González‐Aparicio - Joint Research Centre; Andreas Zucker - Joint Research Centre",,0000-0001-5488-4823
"Optimal operation of a smart residential microgrid based on model predictive control by considering uncertainties and storage impacts",10.1016/j.solener.2015.10.027,"Solar Energy",2015-12-01,3,journal-article,"Elsevier BV","ZhongXiang Zhang - National University of Defense Technology; Tao Zhang - National University of Defense Technology; Rui Wang - National University of Defense Technology; Yajie Liu - National University of Defense Technology; Bo Guo - National University of Defense Technology",,"0000-0001-9048-2979; 0000-0002-0432-2942; 0000-0003-3479-8666"
"Validation of Danish wind time series from a new global renewable energy atlas for energy system analysis",10.1016/j.energy.2015.09.071,Energy,2015-12-01,2,journal-article,"Elsevier BV","Gorm Bruun Andresen - Aarhus University; Anders A Søndergaard - Aarhus University; Martin Greiner - Aarhus University",,
"Estimating the value of electricity storage in an energy-only wholesale market",10.1016/j.apenergy.2015.09.006,"Applied Energy",2015-12-01,4,journal-article,"Elsevier BV","Dylan McConnell - The University of Melbourne; Tim Forcey - The University of Melbourne; Mike Sandiford - The University of Melbourne",,
"The long-term forecast of Pakistan's electricity supply and demand: An application of long range energy alternatives planning",10.1016/j.energy.2015.10.103,Energy,2015-12-01,4,journal-article,"Elsevier BV","Usama Perwez - National University of Sciences and Technology; Ahmed Sohail - National University of Sciences and Technology; Syed Fahad Hassan - National University of Sciences and Technology; Usman Zia - National University of Sciences and Technology",,
"Residential heating energy consumption modeling through a bottom-up approach for China's Hot Summer–Cold Winter climatic region",10.1016/j.enbuild.2015.09.057,"Energy and Buildings",2015-12-01,4,journal-article,"Elsevier BV","Zhe Wang - Tsinghua University; Zhen Zhao - Tsinghua University; Borong Lin - Tsinghua University; Yingxin Zhu - Tsinghua University; Qin Ouyang - Tsinghua University",,"0000-0002-2231-1606; 0000-0002-9791-4866; 0000-0003-1133-6477; 0000-0003-3848-2837"
"Characterizing urban heat island in Montreal (Canada)—Effect of urban morphology",10.1016/j.scs.2015.03.005,"Sustainable Cities and Society",2015-12-01,6,journal-article,"Elsevier BV","Ali Gholizadeh Touchaei - Concordia University; Y Wang - Concordia University",,
"How effective are energy-efficiency incentive programs? Evidence from Italian homeowners",10.1016/j.eneco.2015.08.021,"Energy Economics",2015-12-01,16,journal-article,"Elsevier BV","Anna Alberini - ETH Zurich; Anna Alberini - Fondazione Eni Enrico Mattei; Anna Alberini - University of Maryland, College Park; Andrea Bigano - Fondazione Eni Enrico Mattei; Andrea Bigano - CMCC Foundation - Euro-Mediterranean Center on Climate Change",,
"Control algorithms for dynamic windows for residential buildings",10.1016/j.enbuild.2015.09.069,"Energy and Buildings",2015-12-01,1,journal-article,"Elsevier BV","Szymon Firląg - Warsaw University of Technology; Mehrangiz Yazdanian - Lawrence Berkeley National Laboratory; Charlie Curcija - Lawrence Berkeley National Laboratory; Christian Köhler - Lawrence Berkeley National Laboratory; Simon Vidanovic - Lawrence Berkeley National Laboratory; Robert E Hart - Lawrence Berkeley National Laboratory; Stephen Czarnecki - Lawrence Berkeley National Laboratory",,"0000-0001-9085-2298; 0000-0002-6276-3666"
"Hybrid wind–photovoltaic–diesel–battery system sizing tool development using empirical approach, life-cycle cost and performance analysis: A case study in Scotland",10.1016/j.enconman.2015.09.029,"Energy Conversion and Management",2015-12-01,3,journal-article,"Elsevier BV","Leong Kit Gan - University of Edinburgh; Jonathan Shek - University of Edinburgh; Markus Mueller - University of Edinburgh",,
"Retrofitting with low-temperature heating to achieve energy-demand savings and thermal comfort",10.1016/j.enbuild.2015.09.047,"Energy and Buildings",2015-12-01,1,journal-article,"Elsevier BV","Qian Wang - KTH Royal Institute of Technology; Adnan Ploskić - KTH Royal Institute of Technology; Sture Holmberg - KTH Royal Institute of Technology",,"0000-0001-5787-4129; 0000-0001-6266-8485"
"Baseline and target values for regional and point PV power forecasts: Toward improved solar forecasting",10.1016/j.solener.2015.09.047,"Solar Energy",2015-12-01,1,journal-article,"Elsevier BV","Jie Zhang - National Laboratory of the Rockies; Bri-Mathias Hodge - National Laboratory of the Rockies; Siyuan Lu - IBM (United States); Hendrik F Hamann - IBM (United States); Brad Lehman - Northeastern University; Joseph H Simmons - University of Arizona; Edwin Campos - Argonne National Laboratory; V Banunarayanan - United States Department of Energy; John C Tedesco - Green Mountain Radio Research (United States)",,"0000-0001-7478-5670; 0000-0001-9049-1330; 0000-0002-3510-3101; 0000-0002-9534-912X; 0000-0003-1120-399X; 0000-0003-3766-7485"
"Comparison of empirical and modelled energy performance across age-bands of three-bedroom dwellings in the UK",10.1016/j.enbuild.2015.09.050,"Energy and Buildings",2015-12-01,3,journal-article,"Elsevier BV","Alex Summerfield - Energy Institute; Alex Summerfield - University College London; Tadj Oreszczyn - Energy Institute; Tadj Oreszczyn - University College London; Ian Hamilton - Energy Institute; Ian Hamilton - University College London; Robert Lowe - Energy Institute; Robert Lowe - University College London",,"0000-0002-1440-8141; 0000-0002-9667-7336; 0000-0003-2582-2361"
"Integrated analysis of energy and water supply in islands. Case study of S. Vicente, Cape Verde",10.1016/j.energy.2015.02.013,Energy,2015-12-01,1,journal-article,"Elsevier BV","Raquel Segurado - Instituto de Engenharia de Sistemas e Computadores Investigação e Desenvolvimento; Raquel Segurado - University of Lisbon; Mário Costa - Instituto de Engenharia de Sistemas e Computadores Investigação e Desenvolvimento; Mário Costa - University of Lisbon; Neven Duić - University of Zagreb; Maria da Graça Carvalho - University of Lisbon; Maria da Graça Carvalho - Instituto de Engenharia de Sistemas e Computadores Investigação e Desenvolvimento",,"0000-0001-7442-1869; 0000-0002-3118-2762; 0000-0002-4969-4125; 0000-0003-2376-6466"
"Explaining domestic energy consumption – The comparative contribution of building factors, socio-demographics, behaviours and attitudes",10.1016/j.apenergy.2015.09.028,"Applied Energy",2015-12-01,9,journal-article,"Elsevier BV","Gesche Huebner - Energy Institute; Gesche Huebner - University College London; Ian Hamilton - Energy Institute; Ian Hamilton - University College London; Zaid Chalabi - University of London; Zaid Chalabi - London School of Hygiene & Tropical Medicine; David Shipworth - Energy Institute; David Shipworth - University College London; Tadj Oreszczyn - Energy Institute; Tadj Oreszczyn - University College London",,
"Evaluating the pelletization of “pure” and blended lignocellulosic biomass feedstocks",10.1016/j.fuproc.2015.08.023,"Fuel Processing Technology",2015-12-01,1,journal-article,"Elsevier BV","Nathan C Crawford - National Laboratory of the Rockies; Allison E Ray - Idaho National Laboratory; Neal Yancey - Idaho National Laboratory; Nick Nagle - National Laboratory of the Rockies",,0000-0002-5191-1029
"Direct combustion of recyclable metal fuels for zero-carbon heat and power",10.1016/j.apenergy.2015.09.037,"Applied Energy",2015-12-01,3,journal-article,"Elsevier BV","Jeffrey M Bergthorson - McGill University; Samuel Goroshin - McGill University; Michael Soo - McGill University; Julien Perret - McGill University; Jan Palečka - McGill University; David L Frost - McGill University; D.J Jarvis - European Space Research and Technology Centre",,
"Estimating greenhouse gas emissions from future Amazonian hydroelectric reservoirs",10.1088/1748-9326/10/12/124019,"Environmental Research Letters",2015-12-01,15,journal-article,"IOP Publishing","Felipe Faria - Carnegie Mellon University; Paulina Jaramillo - Carnegie Mellon University; Henrique O Sawakuchi - Universidade de São Paulo; Jeffrey E Richey - University of Washington; Nathan Barros - Universidade Federal de Juiz de Fora",,
"Climate for Culture: assessing the impact of climate change on the future indoor climate in historic buildings using simulations",10.1186/s40494-015-0067-9,"Heritage Science",2015-12-01,5,journal-article,"Springer Nature","Johanna Leißner - Fraunhofer-Gesellschaft; Ralf Kilian - Fraunhofer-Gesellschaft; Lola Kotova - German Climate Computing Centre; Lola Kotova - Fischer (Germany); Lola Kotova - Climate Service Center; Daniela Jacob - German Climate Computing Centre; Daniela Jacob - Fischer (Germany); Daniela Jacob - Climate Service Center; Uwe Mikolajewicz - Max Planck Institute for Meteorology; Tor Broström - Uppsala University; H.L Schellen - Eindhoven University of Technology; Marco Martens - Eindhoven University of Technology; Jos van Schijndel - Eindhoven University of Technology; Florian Antretter - Fraunhofer-Gesellschaft; Matthias Winkler - Fraunhofer-Gesellschaft; Goran Simeunović - Czech Technical University in Prague; Tomáš Vyhlídal - Czech Technical University in Prague",,
"System Dynamics Modelling of the Power Sector in Mauritius",10.1515/rtuect-2015-0010,"Environmental and Climate Technologies",2015-12-01,10,journal-article,"Walter de Gruyter GmbH",,,
"Demonstrating the effect of vertical and directional shear for resource mapping of wind power",10.1002/we.1944,"Wind Energy",2015-11-06,1,journal-article,Wiley,"C Clack - University of Colorado Boulder; C Clack - Cooperative Institute for Research in Environmental Sciences; C Clack - National Oceanic and Atmospheric Administration; A D Alexander - Cooperative Institute for Research in Environmental Sciences; A D Alexander - University of Colorado Boulder; A D Alexander - National Oceanic and Atmospheric Administration; Aditya Choukulkar - National Oceanic and Atmospheric Administration; Aditya Choukulkar - Cooperative Institute for Research in Environmental Sciences; Aditya Choukulkar - University of Colorado Boulder; Alexander E MacDonald - National Oceanic and Atmospheric Administration",,"0000-0003-1007-0267; 0000-0003-3280-9747"
"Impact of the Solar Eclipse from 20thMarch 2015 on the German Electrical Supply-Simulation and Analysis",10.1002/ente.201500228,"Energy Technology",2015-11-04,2,journal-article,Wiley,"Sven Killinger - Fraunhofer Institute for Solar Energy Systems; Niklas Kreifels - Fraunhofer Institute for Solar Energy Systems; Bruno Burger - Fraunhofer Institute for Solar Energy Systems; Björn Müller - Fraunhofer Institute for Solar Energy Systems; George Stiff - Fraunhofer Institute for Solar Energy Systems; Christof Wittwer - Fraunhofer Institute for Solar Energy Systems",,"0000-0001-8197-5181; 0000-0002-8823-2003"
"Solar Forecasting: Methods, Challenges, and Performance",10.1109/mpe.2015.2461351,"IEEE Power and Energy Magazine",2015-11-01,4,journal-article,"Institute of Electrical and Electronics Engineers (IEEE)","Aidan Tuohy - Electric Power Research Institute; Sue Ellen Haupt - NSF National Center for Atmospheric Research; Eric P Grimit - Vaisala (United States); Matthias Lange - Energy & Meteo Systems (Germany); Mayte Garcia Casado - Red Electrica de Espana (Spain); Jon Black - Institut für Sozialforschung und Sozialwirtschaft; Melinda Marquis - National Oceanic and Atmospheric Administration; Craig Collier - DNV (Norway)",,"0000-0001-9206-3495; 0000-0002-4073-2965; 0000-0003-1142-7184; 0000-0003-4747-0010"
"Self-Healing Resilient Distribution Systems Based on Sectionalization Into Microgrids",10.1109/tpwrs.2015.2389753,"IEEE Transactions on Power Systems",2015-11-01,3,journal-article,"Institute of Electrical and Electronics Engineers (IEEE)","Zhaoyu Wang - Georgia Institute of Technology; Jianhui Wang - Argonne National Laboratory",,
"A new model of the carbonator reactor in the calcium looping technology for post-combustion CO2 capture",10.1016/j.fuel.2015.07.095,Fuel,2015-11-01,1,journal-article,"Elsevier BV","C Ortiz - Universidad de Sevilla; Ricardo Chacartegui - Universidad de Sevilla; José Manuel Valverde - Universidad de Sevilla; J.A Becerra - Universidad de Sevilla; Luis A Pérez‐Maqueda - Universidad de Sevilla; Luis A Pérez‐Maqueda - Instituto de Ciencia de Materiales de Sevilla",,"0000-0001-7285-8661; 0000-0002-2345-8888; 0000-0002-7795-676X; 0000-0002-8267-3457; 0000-0003-1282-1837"
"Modeling the energy and cost impacts of excess static pressure in central forced-air heating and air-conditioning systems in single-family residences in the U.S.",10.1016/j.enbuild.2015.08.026,"Energy and Buildings",2015-11-01,1,journal-article,"Elsevier BV","Torkan Fazli - Illinois Institute of Technology; Rou Yi Yeap - Illinois Institute of Technology; Brent Stephens - Illinois Institute of Technology",,0000-0002-0177-6703
"Is the 2 °C world a fantasy?",10.1038/527436a,Nature,2015-11-01,2,journal-article,"Springer Nature",,,
"Real time economic dispatch considering renewable energy resources",10.1016/j.renene.2015.06.011,"Renewable Energy",2015-11-01,3,journal-article,"Elsevier BV","Surender Reddy Salkuti - Woosong University; P.R Bijwe - Indian Institute of Technology Delhi",,
"Experimental and numerical research to assess indoor environment quality and schoolwork performance in university classrooms",10.1016/j.buildenv.2015.06.022,"Building and Environment",2015-11-01,1,journal-article,"Elsevier BV","Ioan Sârbu - Polytechnic University of Timişoara; Cristian Păcurar - Polytechnic University of Timişoara",,0000-0001-5606-6090
"Exploring drivers of energy demand in Cyprus – Scenarios and policy options",10.1016/j.enpol.2015.07.003,"Energy Policy",2015-11-01,4,journal-article,"Elsevier BV","Theodoros Zachariadis - Cyprus University of Technology",,
"A comparison of grid-level residential electricity demand scenarios in Japan for 2050",10.1016/j.apenergy.2015.08.079,"Applied Energy",2015-11-01,1,journal-article,"Elsevier BV","Yoshiki Yamagata - National Institute for Environmental Studies; Daisuke Murakami - National Institute for Environmental Studies; Hajime Seya - Hiroshima University",,"0000-0001-5111-8912; 0000-0002-5392-7745; 0000-0002-9544-9542"
"An integrated prediction and optimization model of biogas production system at a wastewater treatment facility",10.1016/j.biortech.2015.08.017,"Bioresource Technology",2015-11-01,1,journal-article,"Elsevier BV","Halil Akbaş - Dokuz Eylül University; Bilge Bilgen - Dokuz Eylül University; Aykut Melih Turhan - Dokuz Eylül University",,"0000-0001-8070-4339; 0000-0002-2361-0413"
"An analog ensemble for short-term probabilistic solar power forecast",10.1016/j.apenergy.2015.08.011,"Applied Energy",2015-11-01,4,journal-article,"Elsevier BV","Stefano Alessandrini - NSF National Center for Atmospheric Research; Luca Delle Monache - NSF National Center for Atmospheric Research; Simone Sperati - Ricerca sul Sistema Energetico (Italy); Guido Cervone - Pennsylvania State University",,
"Measuring household energy efficiency behaviors with attention to behavioral plasticity in the United States",10.1016/j.erss.2015.07.014,"Energy Research & Social Science",2015-11-01,19,journal-article,"Elsevier BV","Summer Allen - Michigan State University; Thomas Dietz - Michigan State University; Aaron M McCright - Michigan State University",,
"Electricity consumption of medical plug loads in hospital laboratories: Identification, evaluation, prediction and verification",10.1016/j.enbuild.2015.08.022,"Energy and Buildings",2015-11-01,2,journal-article,"Elsevier BV","Nils Christiansen - Universität Hamburg; Nils Christiansen - Hamburg University of Technology; Martin Kaltschmitt - Universität Hamburg; Martin Kaltschmitt - Hamburg University of Technology; Frank Dzukowski - Eppendorf (Germany); Friedrich Isensee - Eppendorf (Germany)",,"0000-0001-7997-9909; 0000-0002-9106-6499"
"Energy management strategy for a renewable-based residential microgrid with generation and demand forecasting",10.1016/j.apenergy.2015.08.040,"Applied Energy",2015-11-01,1,journal-article,"Elsevier BV","Julio Pascual - Universidad Publica de Navarra; Javier Barricarte - Ingeteam (Spain); Pablo Sanchis - Universidad Publica de Navarra; Luis Marroyo - Universidad Publica de Navarra",,"0000-0002-1201-4827; 0000-0002-8344-8374; 0000-0002-9495-5910"
"Statistical model of the heating prediction gap in Dutch dwellings: Relative importance of building, household and behavioural characteristics",10.1016/j.enbuild.2015.07.009,"Energy and Buildings",2015-10-01,1,journal-article,"Elsevier BV","Daša Majcen - Delft University of Technology; Laure Itard - Delft University of Technology; Henk Visscher - Delft University of Technology",,0000-0003-0929-1812
"The influence of experience and knowledge on reactor safety in Germany",10.1080/00223131.2015.1087352,"Journal of Nuclear Science and Technology",2015-10-01,1,journal-article,"Informa UK Limited","Raphael Bointner - TU Wien; Katharina Schubert - Ruhr University Bochum",,0000-0003-3832-7730
"Statistical analysis of driving factors of residential energy demand in the greater Sydney region, Australia",10.1016/j.enbuild.2015.07.030,"Energy and Buildings",2015-10-01,7,journal-article,"Elsevier BV","Hua Fan - UNSW Sydney; Iain MacGill - UNSW Sydney; A.B Sproul - UNSW Sydney",,
"Dynamics of energy use, technological innovation, economic growth and trade openness in Malaysia",10.1016/j.energy.2015.06.101,Energy,2015-10-01,1,journal-article,"Elsevier BV","Kazi Sohag - National University of Malaysia; Rawshan Ara Begum - National University of Malaysia; Sharifah Mastura Syed Abdullah - National University of Malaysia; Mokhtar Jaafar - National University of Malaysia",,"0000-0002-0976-2357; 0000-0003-2478-8317"
"The shape of future electricity demand: Exploring load curves in 2050s Germany and Britain",10.1016/j.energy.2015.06.082,Energy,2015-10-01,14,journal-article,"Elsevier BV","Tobias Boßmann - Fraunhofer-Gesellschaft; Iain Staffell - Imperial College London",,
"Assessing uncertainty in housing stock infiltration rates and associated heat loss: English and UK case studies",10.1016/j.buildenv.2015.05.033,"Building and Environment",2015-10-01,2,journal-article,"Elsevier BV","Benjamin Jones - University of Nottingham; Payel Das - University of Oxford; Zaid Chalabi - London School of Hygiene & Tropical Medicine; Mike Davies - University College London; Ian Hamilton - Energy Institute; Ian Hamilton - University College London; Robert Lowe - University College London; Robert Lowe - Energy Institute; Anna Mavrogianni - University College London; Darren Robinson - University of Nottingham; Jonathon Taylor - University College London",,
"Identifying and characterizing the impact of turbine icing on wind farm power generation",10.1002/we.1933,"Wind Energy",2015-09-30,1,journal-article,Wiley,"Neil Davis - Technical University of Denmark; Pierre Pinson - Technical University of Denmark; Andrea N Hahmann - Technical University of Denmark; Niels‐Erik Clausen - Technical University of Denmark; Mark Žagar - Vestas (Denmark)",,"0000-0001-5886-247X; 0000-0001-8785-3492; 0000-0002-1480-0282; 0000-0003-2251-4865"
"Electric Vehicle Energy Consumption Modelling and Prediction Based on Road Information",10.3390/wevj7030447,"World Electric Vehicle Journal",2015-09-25,2,journal-article,"MDPI AG","Jiquan Wang - Eindhoven University of Technology; Igo Besselink - Eindhoven University of Technology; Henk Nijmeijer - Eindhoven University of Technology",,"0000-0001-5883-6191; 0000-0001-7976-6700; 0000-0002-1498-2602"
"A perspective on South African coal fired power station emissions",10.17159/2413-3051/2015/v26i3a2127,"Journal of Energy in Southern Africa",2015-09-23,2,journal-article,"Academy of Science of South Africa","Ilze Pretorius - University of Cape Town",,0000-0002-5834-8523
"Influence of morphologies on the microclimate in urban neighbourhoods",10.1016/j.jweia.2015.03.024,"Journal of Wind Engineering and Industrial Aerodynamics",2015-09-01,2,journal-article,"Elsevier BV","Jonas Allegrini - Swiss Federal Laboratories for Materials Science and Technology; Viktor Dorer - Swiss Federal Laboratories for Materials Science and Technology; Jan Carmeliet - Swiss Federal Laboratories for Materials Science and Technology",,0000-0001-6003-9677
"An efficient two-stage algorithm for decentralized scheduling of micro-CHP units",10.1016/j.ejor.2015.04.016,"European Journal of Operational Research",2015-09-01,1,journal-article,"Elsevier BV","Patrick Jochem - Karlsruhe Institute of Technology; Martin Schönfelder - Karlsruhe Institute of Technology; Wolf Fïchtner - Karlsruhe Institute of Technology",,"0000-0001-6013-4674; 0000-0002-2595-7904; 0000-0002-7486-4958"
"Future scenarios and trends in energy generation in brazil: supply and demand and mitigation forecasts",10.1016/j.jclepro.2014.09.082,"Journal of Cleaner Production",2015-09-01,3,journal-article,"Elsevier BV","Luciano Dutra - Universidade do Sul de Santa Catarina; Norma Beatriz Camisão Schwinden - Universidade do Sul de Santa Catarina; Suely Ferraz de Andrade - Universidade do Sul de Santa Catarina",,
"Influence of plant coverage on the total green roof energy balance and building energy consumption",10.1016/j.enbuild.2015.05.052,"Energy and Buildings",2015-09-01,1,journal-article,"Elsevier BV","Neda Yaghoobian - University of Maryland, College Park; Jelena Srebric - University of Maryland, College Park",,"0000-0001-6825-5091; 0000-0002-3399-8650"
"How might China achieve its 2020 emissions target? A scenario analysis of energy consumption and CO2 emissions using the system dynamics model",10.1016/j.jclepro.2014.12.080,"Journal of Cleaner Production",2015-09-01,2,journal-article,"Elsevier BV","Xi Liu - Tianjin University; Guozhu Mao - Tianjin University; Jing Ren - Tianjin University; Rita Yi Man Li - Hong Kong Shue Yan University; Rita Yi Man Li - Adelaide University; Jianghong Guo - Powerchina Huadong Engineering Corporation (China)",,
"Impacts of climate change on power sector NO x emissions: A long-run analysis of the US mid-atlantic region",10.1016/j.enpol.2015.04.013,"Energy Policy",2015-09-01,2,journal-article,"Elsevier BV","Yihsu Chen - University of California, Merced; Benjamin F Hobbs - Johns Hopkins University; J Hugh Ellis - Johns Hopkins University; Christian Crowley - United States Department of the Interior; Christian Crowley - Policy Analysis (United States); Christian Crowley - Office of Policy; Frederick L Joutz - George Washington University",,"0000-0001-7161-3136; 0000-0002-9990-8232; 0000-0003-1783-3597"
"Analysis of energy consumption and carbon emission during the urbanization of Shandong Province, China",10.1016/j.jclepro.2014.08.098,"Journal of Cleaner Production",2015-09-01,15,journal-article,"Elsevier BV","Lijun Ren - Shandong University; Wenjun Wang - Shandong University; Rutao Liu - Shandong University",,
"The impact of stable atmospheric boundary layers on wind-turbine wakes within offshore wind farms",10.1016/j.jweia.2014.12.011,"Journal of Wind Engineering and Industrial Aerodynamics",2015-09-01,2,journal-article,"Elsevier BV","Martin Dörenkämper - Carl von Ossietzky Universität Oldenburg; Björn Witha - Carl von Ossietzky Universität Oldenburg; Gerald Steinfeld - Carl von Ossietzky Universität Oldenburg; Detlev Heinemann - Carl von Ossietzky Universität Oldenburg; Martin Kühn - Carl von Ossietzky Universität Oldenburg",,"0000-0002-1455-718X; 0000-0003-0506-9288; 0009-0004-4384-6601"
"Two methods for estimating limits to large-scale wind power generation",10.1073/pnas.1408251112,"Proceedings of the National Academy of Sciences",2015-08-24,3,journal-article,"Proceedings of the National Academy of Sciences","Lee M Miller - Max Planck Institute for Biogeochemistry; Lee M Miller - Max Planck Society; N A Brunsell - University of Kansas; David B Mechem - University of Kansas; Fabian Gans - Max Planck Institute for Biogeochemistry; Fabian Gans - Max Planck Society; Andrew J Monaghan - NSF National Center for Atmospheric Research; Robert Vautard - Laboratoire des Sciences du Climat et de l'Environnement; Robert Vautard - Institut Pierre-Simon Laplace; Robert Vautard - Université de Versailles Saint-Quentin-en-Yvelines; Robert Vautard - Centre National de la Recherche Scientifique; David W Keith - Harvard University; Axel Kleidon - Max Planck Institute for Biogeochemistry; Axel Kleidon - Max Planck Society",,
"A High Spatiotemporal Assessment of Consumptive Water Use and Water Scarcity in the Conterminous United States",10.1007/s11269-015-1112-x,"Water Resources Management",2015-08-15,3,journal-article,"Springer Nature","Brandon C Moore - Pacific Northwest National Laboratory; Brandon C Moore - University of Idaho; André Coleman - Clemson University; André Coleman - Pacific Northwest National Laboratory; Mark S Wigmosta - Pacific Northwest National Laboratory; Richard L Skaggs - Pacific Northwest National Laboratory; Erik R Venteris - Pacific Northwest National Laboratory; Erik R Venteris - Monsanto (United States)",,"0000-0001-8119-2312; 0000-0001-9863-6098; 0000-0002-2918-8284; 0000-0002-3221-3727"
"Energy Consumption Prediction for Electric Vehicles Based on Real-World Data",10.3390/en8088573,Energies,2015-08-12,1,journal-article,"MDPI AG",,,
"Prediction of thermal comfort, IAQ, and energy consumption in a dense occupancy environment with the under floor air distribution system",10.1016/j.buildenv.2015.03.019,"Building and Environment",2015-08-01,1,journal-article,"Elsevier BV","Mohammad Hassan Fathollahzadeh - Tarbiat Modares University; Ghassem Heidarinejad - Tarbiat Modares University; Hadi Pasdarshahri - Tarbiat Modares University",,
"Active participation of wind power in operating reserves",10.1049/iet-rpg.2014.0142,"IET Renewable Power Generation",2015-08-01,1,journal-article,"Institution of Engineering and Technology (IET)","Kristof De Vos - KU Leuven; Johan Driesen - KU Leuven",,"0000-0002-1025-0949; 0000-0003-3280-2158"
"Energy reform in Mexico: Imperfect unbundling in the electricity sector",10.1016/j.jup.2015.06.009,"Utilities Policy",2015-08-01,1,journal-article,"Elsevier BV","Alejandro Ibarra‐Yunez - Tecnológico de Monterrey",,0000-0003-1568-3273
"Statistical analysis of negative prices in European balancing markets",10.1016/j.renene.2015.01.059,"Renewable Energy",2015-08-01,1,journal-article,"Elsevier BV","Tom Brijs - Directorate-General for Energy; Tom Brijs - KU Leuven; Kristof De Vos - KU Leuven; Kristof De Vos - Directorate-General for Energy; Cedric De Jonghe - Directorate-General for Energy; Cedric De Jonghe - KU Leuven; Ronnie Belmans - KU Leuven; Ronnie Belmans - Directorate-General for Energy",,"0000-0003-2622-4398; 0000-0003-3280-2158"
"Smart charging of electric vehicles with photovoltaic power and vehicle-to-grid technology in a microgrid; a case study",10.1016/j.apenergy.2015.04.092,"Applied Energy",2015-08-01,9,journal-article,"Elsevier BV","Mart van der Kam - Utrecht University; Wilfried van Sark - Utrecht University",,
"The impact of the mean daily air temperature change on electricity consumption",10.1016/j.energy.2015.06.001,Energy,2015-08-01,1,journal-article,"Elsevier BV","S Jovanović - University of Kragujevac; Slobodan Savić - University of Kragujevac; Milorad Bojić - University of Kragujevac; Zorica Djordjević - University of Kragujevac; Danijela Nikolić - University of Kragujevac",,"0000-0001-6609-4845; 0000-0001-7905-3460; 0000-0002-6580-9439; 0000-0003-0194-4698; 0000-0003-3267-3974"
"Smart grid projects in Europe: Current status, maturity and future scenarios",10.1016/j.apenergy.2015.04.098,"Applied Energy",2015-08-01,1,journal-article,"Elsevier BV","İlhami Çolak - Gazi University; İlhami Çolak - Joint Research Centre; İlhami Çolak - İstanbul Gelişim Üniversitesi; Gianluca Fulli - Joint Research Centre; Şeref Sağıroğlu - Gazi University; Mehmet Yeşilbudak - Nevşehir Hacı Bektaş Veli University; Catalin‐Felix Covrig - Joint Research Centre",,"0000-0001-6485-7079; 0000-0002-0253-1708; 0000-0003-0805-5818; 0000-0003-2788-112X"
"Determinants of spatio-temporal patterns of energy technology adoption: An agent-based modeling approach",10.1016/j.apenergy.2015.04.071,"Applied Energy",2015-08-01,7,journal-article,"Elsevier BV","Scott A Robinson - The University of Texas at Austin; Varun Rai - The University of Texas at Austin",,
"Human domination of the biosphere: Rapid discharge of the earth-space battery foretells the future of humankind",10.1073/pnas.1508353112,"Proceedings of the National Academy of Sciences",2015-07-15,10,journal-article,"Proceedings of the National Academy of Sciences","John R Schramski - University of Georgia; David K Gattie - University of Georgia; James H Brown - University of New Mexico",,
"Renewable Energy Devices and Systems – State-of-the-Art Technology, Research and Development, Challenges and Future Trends",10.1080/15325008.2015.1062819,"Electric Power Components and Systems",2015-07-12,1,journal-article,"Informa UK Limited","Frede Blaabjerg - Aalborg University; Dan M Ionel - Marquette University",,
"An evaluation of the predictive accuracy of wake effects models for offshore wind farms",10.1002/we.1871,"Wind Energy",2015-07-06,3,journal-article,Wiley,"Neil Adams - 21c Consultancy (United Kingdom); Breanne Gellatly - Carbon Trust; Nicolai Nygaard - Ørsted (Denmark); Miriam Marchante Jimémez - Ørsted (Denmark); Sarah Ruth Schmidt - E.ON Sverige (Sweden); Javier Rodriguez Ruiz - Iberdrola (Spain); Daniel Paredes - Iberdrola (Spain); Miguel A Santiago Cordoba - RWE (United Kingdom); Robert Cussons - Scottish and Southern Energy (United Kingdom); Måns Håkansson - E.ON Sverige (Sweden); Andreas Knauer - Equinor (Norway); Eoghan Maguire - Vattenfall (United Kingdom)",,
"Recent Trends in Variable Generation Forecasting and Its Value to the Power System",10.1109/tste.2014.2366118,"IEEE Transactions on Sustainable Energy",2015-07-01,3,journal-article,"Institute of Electrical and Electronics Engineers (IEEE)","K Orwig - National Laboratory of the Rockies; V Banunarayanan - ICF International (United States); James M Wilczak - National Oceanic and Atmospheric Administration; Jeffrey Freedman - University at Albany, State University of New York; Sue Ellen Haupt - NSF National Center for Atmospheric Research; Joël Cline - Vehicle Technologies Office; Obadiah Bartholomy - Utility Development (United States); Hendrik F Hamann - IBM (United States); Bri‐Mathias Hodge - National Laboratory of the Rockies; J.M Peterson - Edison International (United States); Melinda Marquis - National Oceanic and Atmospheric Administration",,
"Management of hybrid energy supply systems in buildings using mixed-integer model predictive control",10.1016/j.enconman.2015.02.076,"Energy Conversion and Management",2015-07-01,4,journal-article,"Elsevier BV","Barbara Mayer - FH JOANNEUM University of Applied Sciences; Michaela Killian - TU Wien; Martin Kozek - TU Wien",,
"Estimation of Residential Heat Pump Consumption for Flexibility Market Applications",10.1109/tsg.2015.2414490,"IEEE Transactions on Smart Grid",2015-07-01,1,journal-article,"Institute of Electrical and Electronics Engineers (IEEE)","Konstantinos Kouzelis - Aalborg University; Zheng Tan - Aalborg University; Birgitte Bak‐Jensen - Aalborg University; Jayakrishnan Radhakrishna Pillai - Aalborg University; Ewen Ritchie - Aalborg University",,"0000-0001-8271-1356; 0000-0002-5383-4266; 0000-0002-9354-1580"
"On the spatial decorrelation of stochastic solar resource variability at long timescales",10.1016/j.solener.2015.04.020,"Solar Energy",2015-07-01,4,journal-article,"Elsevier BV","Marc Pérez - Columbia University; Vasilis Fthenakis - Columbia University; Vasilis Fthenakis - Brookhaven National Laboratory",,"0000-0001-8979-3366; 0000-0001-9220-5078"
"Model output statistics cascade to improve day ahead solar irradiance forecast",10.1016/j.solener.2015.04.033,"Solar Energy",2015-07-01,2,journal-article,"Elsevier BV","Marco Pierro - University of Rome Tor Vergata; Francesco Bucci - University of Rome Tor Vergata; Cristina Cornaro - University of Rome Tor Vergata; Mauro Pravettoni - University of Applied Sciences and Arts of Southern Switzerland",,"0000-0001-7528-6662; 0000-0002-0928-9504; 0000-0002-3788-4458; 0000-0002-7546-1878"
"Comparing concentrating solar and nuclear power as baseload providers using the example of South Africa",10.1016/j.energy.2015.04.077,Energy,2015-07-01,1,journal-article,"Elsevier BV","Stefan Pfenninger - Imperial College London; James Keirstead - Imperial College London",,
"Time-of-use electricity pricing for industrial customers: A survey of U.S. utilities",10.1016/j.apenergy.2015.03.118,"Applied Energy",2015-07-01,1,journal-article,"Elsevier BV","Yong Wang - University of Illinois Chicago; Lin Li - University of Illinois Chicago",,"0000-0001-8879-8704; 0000-0002-8844-0750"
"Distributed and Decentralized Control of Residential Energy Systems Incorporating Battery Storage",10.1109/tsg.2015.2392081,"IEEE Transactions on Smart Grid",2015-07-01,1,journal-article,"Institute of Electrical and Electronics Engineers (IEEE)","Karl Worthmann - Technische Universität Ilmenau; Christopher M Kellett - University of Newcastle Australia; Philipp Braun - University of Bayreuth; Lars Grüne - University of Bayreuth; Steven R Weller - University of Newcastle Australia",,"0000-0001-5758-8034; 0000-0002-1450-2373; 0000-0002-8309-6807; 0000-0002-9331-4097"
"Impact of Weather Regimes on the Wind Power Ramp Forecast in Portugal",10.1109/tste.2014.2334062,"IEEE Transactions on Sustainable Energy",2015-07-01,2,journal-article,"Institute of Electrical and Electronics Engineers (IEEE)","António Couto - National Laboratory of Energy and Geology; Paulo Costa - National Laboratory of Energy and Geology; Luís Rodrigues - National Laboratory of Energy and Geology; Vítor V Lopes - Universidad de las Fuerzas Armadas ESPE; Ana Estanqueiro - National Laboratory of Energy and Geology",,
"Energy engenderment: An industrialized perspective assessing the importance of engaging women in residential energy consumption management",10.1016/j.enpol.2015.03.014,"Energy Policy",2015-07-01,29,journal-article,"Elsevier BV","Afamia Elnakat - The University of Texas at San Antonio; Juan Gómez - The University of Texas at San Antonio",,
"Residents’ Experiences of Privacy and Comfort in Multi-Storey Apartment Dwellings in Subtropical Brisbane",10.3390/su7067741,Sustainability,2015-06-17,5,journal-article,"MDPI AG","Rosemary Kennedy - Queensland University of Technology; Laurie Buys - Queensland University of Technology; Evonne Miller - Queensland University of Technology",,
"The Energetic Value of Land-Based Foods in Western Hudson Bay and Their Potential to Alleviate Energy Deficits of Starving Adult Male Polar Bears",10.1371/journal.pone.0128520,"PLOS ONE",2015-06-10,2,journal-article,"Public Library of Science (PLoS)","Linda J Gormezano - American Museum of Natural History; Robert F Rockwell - American Museum of Natural History",,0000-0001-9394-8623
"Estimating PV Module Performance over Large Geographical Regions: The Role of Irradiance, Air Temperature, Wind Speed and Solar Spectrum",10.3390/en8065159,Energies,2015-06-02,10,journal-article,"MDPI AG","Thomas Huld - Joint Research Centre; Ana Gracia Amillo - Joint Research Centre",,
"Creep lifing methodologies applied to a single crystal superalloy by use of small scale test techniques",10.1016/j.msea.2015.03.119,"Materials Science and Engineering: A",2015-06-01,2,journal-article,"Elsevier BV","Spencer Jeffs - Swansea University; R.J Lancaster - Swansea University; T.E García - Universidad de Oviedo",,"0000-0002-1365-6944; 0000-0002-2819-9651"
"Integrating solar PV (photovoltaics) in utility system operations: Analytical framework and Arizona case study",10.1016/j.energy.2015.02.043,Energy,2015-06-01,3,journal-article,"Elsevier BV","Jing Wu - University of Chicago; Jing Wu - Argonne National Laboratory; Audun Botterud - Argonne National Laboratory; Andrew Mills - Lawrence Berkeley National Laboratory; Zhi Zhou - Argonne National Laboratory; Bri‐Mathias Hodge - National Laboratory of the Rockies; M Heaney - National Laboratory of the Rockies",,
"Demand response: A carbon-neutral resource?",10.1016/j.energy.2015.02.067,Energy,2015-06-01,1,journal-article,"Elsevier BV","Alexander McCall Smith - Georgia Institute of Technology; Marilyn A Brown - Georgia Institute of Technology",,0000-0003-3245-7948
"Potential for Worldwide Displacement of Fossil-Fuel Electricity by Nuclear Energy in Three Decades Based on Extrapolation of Regional Deployment Data",10.1371/journal.pone.0124074,"PLOS ONE",2015-05-13,22,journal-article,"Public Library of Science (PLoS)","Staffan Qvist - Uppsala University; Barry W Brook - University of Tasmania",,
"Kinetic modeling and energy efficiency of UV/H2O2 treatment of iodinated trihalomethanes",10.1016/j.watres.2015.02.044,"Water Research",2015-05-01,1,journal-article,"Elsevier BV","Yongjun Xiao - Public Utilities Board; Yongjun Xiao - Nanyang Technological University; Lifeng Zhang - Public Utilities Board; Junqi Yue - Public Utilities Board; Richard D Webster - Nanyang Technological University; Teik‐Thye Lim - Nanyang Technological University",,"0000-0001-6125-7502; 0000-0002-0386-0394; 0000-0002-0896-1960"
"Exercise of Market Power on Ramp Rate in Wind-Integrated Power Systems",10.1109/tpwrs.2014.2356255,"IEEE Transactions on Power Systems",2015-05-01,2,journal-article,"Institute of Electrical and Electronics Engineers (IEEE)","Ekaterina Moiseeva - KTH Royal Institute of Technology; Mohammad Reza Hesamzadeh - KTH Royal Institute of Technology; Darryl R Biggar - Australian Sports Commission",,
"Competition and Coalition Formation of Renewable Power Producers",10.1109/tpwrs.2014.2385869,"IEEE Transactions on Power Systems",2015-05-01,3,journal-article,"Institute of Electrical and Electronics Engineers (IEEE)","Baosen Zhang - Stanford University; Ramesh Johari - Stanford University; Ram Rajagopal - Stanford University",,"0000-0002-3960-0770; 0000-0002-4961-9539; 0000-0003-4065-7341"
"Development of a three-phase battery energy storage scheduling and operation system for low voltage distribution networks",10.1016/j.apenergy.2015.02.012,"Applied Energy",2015-05-01,3,journal-article,"Elsevier BV","C.J Bennett - Griffith University; Rodney A Stewart - Griffith University; Junwei Lu - Griffith University",,
"Ensemble of various neural networks for prediction of heating energy consumption",10.1016/j.enbuild.2015.02.052,"Energy and Buildings",2015-05-01,3,journal-article,"Elsevier BV","Radiša Jovanović - University of Belgrade; Aleksandra Sretenović - University of Belgrade; Branislav Živković - University of Belgrade",,
"A Supervisory Control Strategy for Plug-In Hybrid Electric Vehicles Based on Energy Demand Prediction and Route Preview",10.1109/tvt.2014.2336378,"IEEE Transactions on Vehicular Technology",2015-05-01,1,journal-article,"Institute of Electrical and Electronics Engineers (IEEE)","Tianheng Feng - Shanghai Jiao Tong University; Lin Yang - Shanghai Jiao Tong University; Qing Gu - Shanghai Jiao Tong University; Yanqing Hu - Shanghai Jiao Tong University; Ting Yan - Shanghai Jiao Tong University; Bin Yan - Shanghai Jiao Tong University",,"0000-0001-6618-4912; 0000-0002-8293-2201; 0000-0002-8919-7131; 0000-0003-0653-0259; 0000-0003-4546-3597"
"Combination of equilibrium models and hybrid life cycle-input–output analysis to predict the environmental impacts of energy policy scenarios",10.1016/j.apenergy.2015.02.007,"Applied Energy",2015-05-01,8,journal-article,"Elsevier BV",,,
"Contribution of air conditioning adoption to future energy use under global warming",10.1073/pnas.1423558112,"Proceedings of the National Academy of Sciences",2015-04-27,93,journal-article,"Proceedings of the National Academy of Sciences","Lucas W Davis - University of California, Berkeley; Lucas W Davis - National Bureau of Economic Research; Paul Gertler - University of California, Berkeley; Paul Gertler - National Bureau of Economic Research",,
"Yield predictions for photovoltaic power plants: empirical validation, recent advances and remaining uncertainties",10.1002/pip.2616,"Progress in Photovoltaics: Research and Applications",2015-04-15,3,journal-article,Wiley,"Björn Müller - Fraunhofer Institute for Solar Energy Systems; Laura Hardt - Fraunhofer Institute for Solar Energy Systems; Alfons Armbruster - Fraunhofer Institute for Solar Energy Systems; Klaus H Kiefer - Fraunhofer Institute for Solar Energy Systems; Christian Reise - Fraunhofer Institute for Solar Energy Systems",,"0000-0002-5178-0495; 0000-0002-8823-2003"
"Alternative Bio-Based Solvents for Extraction of Fat and Oils: Solubility Prediction, Global Yield, Extraction Kinetics, Chemical Composition and Cost of Manufacturing",10.3390/ijms16048430,"International Journal of Molecular Sciences",2015-04-15,4,journal-article,"MDPI AG","Anne‐Gaëlle Sicaire - Université d'Avignon et des Pays de Vaucluse; Anne‐Gaëlle Sicaire - Groupe de Recherche Clinique en Neuro-urologie; Maryline Abert Vian - Université d'Avignon et des Pays de Vaucluse; Maryline Abert Vian - Groupe de Recherche Clinique en Neuro-urologie; Frédéric Fine - Centre Technique Interprofessionnel des Oléagineux Métropolitains; Florent Joffre - Institut des Corps Gras; Farid Chemat - Groupe de Recherche Clinique en Neuro-urologie; Farid Chemat - Université d'Avignon et des Pays de Vaucluse",,
"The Influence of Mitigation on Sage-Grouse Habitat Selection within an Energy Development Field",10.1371/journal.pone.0121603,"PLOS ONE",2015-04-02,11,journal-article,"Public Library of Science (PLoS)","Bradley C Fedy - University of Waterloo",,
"RES support in Russia: Impact on capacity and electricity market prices",10.1016/j.renene.2014.11.003,"Renewable Energy",2015-04-01,1,journal-article,"Elsevier BV","Evgeniia Vasileva - Lappeenranta-Lahti University of Technology; Satu Viljainen - Lappeenranta-Lahti University of Technology; Dmitry Kuleshov - Lappeenranta-Lahti University of Technology",,0000-0003-4314-1578
"Analyzing grid extension and stand-alone photovoltaic systems for the cost-effective electrification of Kenya",10.1016/j.esd.2015.01.003,"Energy for Sustainable Development",2015-04-01,7,journal-article,"Elsevier BV","Marianne Zeyringer - BOKU University; Marianne Zeyringer - Joint Research Centre; Marianne Zeyringer - Utrecht University; Shonali Pachauri - International Institute for Applied Systems Analysis; Erwin Schmid - BOKU University; Johannes Schmidt - BOKU University; Ernst Worrell - Utrecht University; Ulrich B Morawetz - BOKU University",,
"Greenhouse gas and energy based life cycle analysis of products from the Irish wood processing industry",10.1016/j.jclepro.2015.01.001,"Journal of Cleaner Production",2015-04-01,1,journal-article,"Elsevier BV","Fionnuala Murphy - University College Dublin; Ger Devlin - University College Dublin; Kevin McDonnell - University College Dublin",,
"Modeling and forecasting energy consumption for heterogeneous buildings using a physical–statistical approach",10.1016/j.apenergy.2014.12.019,"Applied Energy",2015-04-01,2,journal-article,"Elsevier BV","Xiaoshu Lü - Aalto University; Tao Lü - Aalto University; Charles J Kibert - University of Florida; Martti Viljanen - Aalto University",,"0000-0002-0312-3175; 0000-0002-1928-8580; 0000-0003-2917-6029"
"Identifying key variables and interactions in statistical models of building energy consumption using regularization",10.1016/j.energy.2015.02.008,Energy,2015-04-01,1,journal-article,"Elsevier BV","David Hsu - Philadelphia University",,0000-0003-1108-9656
"Wind Power Ramp Event Forecasting Using a Stochastic Scenario Generation Method",10.1109/tste.2014.2386870,"IEEE Transactions on Sustainable Energy",2015-04-01,3,journal-article,"Institute of Electrical and Electronics Engineers (IEEE)","Mingjian Cui - Wuhan University; Deping Ke - Wuhan University; Yuanzhang Sun - Wuhan University; Di Gan - Wuhan University; Jie Zhang - National Laboratory of the Rockies; Bri‐Mathias Hodge - National Laboratory of the Rockies",,"0000-0001-7478-5670; 0000-0001-8684-0534; 0000-0002-3047-5141; 0000-0003-0481-109X"
"Environmental tipping points significantly affect the cost−benefit assessment of climate policies",10.1073/pnas.1503890112,"Proceedings of the National Academy of Sciences",2015-03-30,61,journal-article,"Proceedings of the National Academy of Sciences","Yongyang Cai - Stanford University; Yongyang Cai - University of Chicago; Kenneth L Judd - Stanford University; Timothy M Lenton - University of Exeter; Thomas S Lontzek - University of Zurich; Daiju Narita - Japan International Cooperation Agency; Daiju Narita - Kiel Institute for the World Economy",,
"Experimental ocean acidification alters the allocation of metabolic energy",10.1073/pnas.1416967112,"Proceedings of the National Academy of Sciences",2015-03-30,3,journal-article,"Proceedings of the National Academy of Sciences","Tien-Chien Pan - University of Southern California; Scott L Applebaum - University of Southern California; Donal T Manahan - University of Southern California",,
"Resource Demand Growth and Sustainability Due to Increased World Consumption",10.3390/su7033430,Sustainability,2015-03-20,1,journal-article,"MDPI AG","Alexander V Balatsky - Nordic Institute for Theoretical Physics; Alexander V Balatsky - Los Alamos National Laboratory; Galina Balatsky - Los Alamos National Laboratory; Stanislav S Borysov - KTH Royal Institute of Technology; Stanislav S Borysov - Nordic Institute for Theoretical Physics",,
"Epistemological conflict: modern and non-modern frameworks for sustainability",10.1080/09613218.2015.1016379,"Building Research & Information",2015-03-12,2,journal-article,"Informa UK Limited","Steven A Moore - The University of Texas at Austin; Sam Gelfand - The University of Texas at Austin; Dason Whitsett - The University of Texas at Austin",,
"Control limits for building energy end use based on frequency analysis and quantile regression",10.1007/s12053-015-9342-6,"Energy Efficiency",2015-03-10,1,journal-article,"Springer Nature","Gregor P Henze - National Laboratory of the Rockies; Gregor P Henze - University of Colorado System; Shanti Pless - National Laboratory of the Rockies; Anya Petersen - National Laboratory of the Rockies; Nicholas Long - National Laboratory of the Rockies; Alexander T Scambos - University of Colorado System",,"0000-0002-4084-9709; 0000-0002-6588-0948; 0000-0003-1054-3757"
"Assessing the Energetic and Environmental Impacts of the Operation and Maintenance of Spanish Sewer Networks from a Life-Cycle Perspective",10.1007/s11269-015-0958-2,"Water Resources Management",2015-03-05,1,journal-article,"Springer Nature","Anna Petit‐Boix - Universitat Autònoma de Barcelona; Anna Petit‐Boix - Institute of Agrifood Research and Technology; David Sanjuan-Delmás - Universitat Autònoma de Barcelona; David Sanjuan-Delmás - Institute of Agrifood Research and Technology; Sergio Chenel - Universidade de Santiago de Compostela; Desirée Marín-Navarro - Cornell University; Desirée Marín-Navarro - Centro Tecnológico del Agua; Carles M Gasol - Universitat Autònoma de Barcelona; Carles M Gasol - Institute of Agrifood Research and Technology; Ramon Farreny - Universitat Autònoma de Barcelona; Ramon Farreny - Institute of Agrifood Research and Technology; Gara Villalba - Universitat Autònoma de Barcelona; Gara Villalba - Institute of Agrifood Research and Technology; María Eugenia Suárez-Ojeda - Universitat Autònoma de Barcelona; Xavier Gabarrell - Universitat Autònoma de Barcelona; Alejandro Josa - Universitat Politècnica de Catalunya; Joan Rieradevall - Universitat Autònoma de Barcelona",,"0000-0001-6392-0902; 0000-0001-9523-2178; 0000-0002-5238-2069; 0000-0003-1180-7910; 0000-0003-1730-4337; 0000-0003-2048-2708; 0000-0003-2520-2701; 0000-0003-3002-9229; 0000-0003-3360-6829"
"Demand response management by means of heat pumps controlled via real time pricing",10.1016/j.enbuild.2014.12.047,"Energy and Buildings",2015-03-01,2,journal-article,"Elsevier BV","Luigi Schibuola - Università Iuav di Venezia; Massimiliano Scarpa - Università Iuav di Venezia; Chiara Tambani - Università Iuav di Venezia",,
"Estimating the impact of wind generation and wind forecast errors on energy prices and costs in Ireland",10.1016/j.renene.2014.09.060,"Renewable Energy",2015-03-01,1,journal-article,"Elsevier BV",,,
"A new linguistic out-sample approach of fuzzy time series for daily forecasting of Malaysian electricity load demand",10.1016/j.asoc.2014.11.043,"Applied Soft Computing",2015-03-01,1,journal-article,"Elsevier BV","Riswan Efendi - University of Technology Malaysia; Zuhaimy Ismail - University of Technology Malaysia; Mustafa Mat Deris - Tun Hussein Onn University of Malaysia",,"0000-0001-7266-4859; 0000-0002-2610-0291"
"Using Smart Meter Data to Improve the Accuracy of Intraday Load Forecasting Considering Customer Behavior Similarities",10.1109/tsg.2014.2364233,"IEEE Transactions on Smart Grid",2015-03-01,1,journal-article,"Institute of Electrical and Electronics Engineers (IEEE)","Franklin L Quilumba - National Polytechnic School; Wei‐Jen Lee - The University of Texas at Arlington; Heng Huang - The University of Texas at Arlington; David Y Wang - Consolidated Edison (United States); Robert Louis Szabados - Consolidated Edison (United States)",,
"Hydrogen and synthetic fuel production using high temperature solid oxide electrolysis cells (SOECs)",10.1016/j.ijhydene.2014.12.126,"International Journal of Hydrogen Energy",2015-03-01,1,journal-article,"Elsevier BV","Pejman Kazempoor - GE Global Research (United States); Robert J Braun - Colorado School of Mines",,"0000-0001-5319-3350; 0000-0002-5240-5515"
"Dynamic Reserve Zones for Day-Ahead Unit Commitment With Renewable Resources",10.1109/tpwrs.2014.2328605,"IEEE Transactions on Power Systems",2015-03-01,2,journal-article,"Institute of Electrical and Electronics Engineers (IEEE)","Fengyu Wang - Arizona State University; Kory W Hedman - Arizona State University",,"0000-0003-1135-8035; 0000-0003-3993-206X"
"Joint Probability Distribution and Correlation Analysis of Wind and Solar Power Forecast Errors in the Western Interconnection",10.1061/(asce)ey.1943-7897.0000189,"Journal of Energy Engineering",2015-03-01,3,journal-article,"American Society of Civil Engineers (ASCE)","Jie Zhang - National Laboratory of the Rockies; Bri‐Mathias Hodge - National Laboratory of the Rockies; Anthony Florita - National Laboratory of the Rockies",,
"An Up-to-Date Technologies Review and Evaluation of Wave Energy Converters",10.15866/iree.v10i1.5159,"International Review of Electrical Engineering (IREE)",2015-02-28,1,journal-article,"Praise Worthy Prize",,,
"Quantification of the energy efficiency gap in the Swedish residential sector",10.1007/s12053-015-9323-9,"Energy Efficiency",2015-02-20,5,journal-article,"Springer Nature","Eoin Ó Broin - Chalmers University of Technology; Eoin Ó Broin - CIRED; Érika Mata - Chalmers University of Technology; Jonas Nässén - Chalmers University of Technology; Filip Johnsson - Chalmers University of Technology",,
"Analysis of throw distances of detached objects from horizontal-axis wind turbines",10.1002/we.1828,"Wind Energy",2015-02-19,1,journal-article,Wiley,"Hamid Sarlak - Technical University of Denmark; Jens Nørkær Sørensen - Technical University of Denmark",,"0000-0002-1974-2675; 0000-0003-4326-2695"
"Behavioural responses to cold thermal discomfort",10.1080/09613218.2015.1003277,"Building Research & Information",2015-02-06,1,journal-article,"Informa UK Limited","Stephanie Gauthier - Energy Institute; Stephanie Gauthier - University College London; David Shipworth - Energy Institute; David Shipworth - University College London",,"0000-0001-9380-9949; 0000-0002-1720-1736"
"Matching renewable energy supply and demand in green datacenters",10.1016/j.adhoc.2014.11.012,"Ad Hoc Networks",2015-02-01,1,journal-article,"Elsevier BV","Íñigo Goiri - Rutgers, The State University of New Jersey; M E Haque - Rutgers, The State University of New Jersey; Kien Le - Rutgers, The State University of New Jersey; Ryan Beauchea - Rutgers, The State University of New Jersey; Thu D Nguyen - Rutgers, The State University of New Jersey; Jordi Guitart - Barcelona Supercomputing Center; Jordi Guitart - Universitat Politècnica de Catalunya; Jordi Torres - Barcelona Supercomputing Center; Jordi Torres - Universitat Politècnica de Catalunya; Ricardo Bianchini - Rutgers, The State University of New Jersey",,
"PALDi: Online Load Disaggregation via Particle Filtering",10.1109/tim.2014.2344373,"IEEE Transactions on Instrumentation and Measurement",2015-02-01,1,journal-article,"Institute of Electrical and Electronics Engineers (IEEE)","Dominik Egarter - University of Klagenfurt; Venkata Pathuri Bhuvana - University of Genoa; Wilfried Elmenreich - University of Klagenfurt",,"0000-0001-6401-2658; 0000-0001-6681-0354"
"Resources and economic analyses of underground coal gasification in India",10.1016/j.fuel.2014.10.057,Fuel,2015-02-01,1,journal-article,"Elsevier BV",,,
"Empirical variation in 24-h profiles of delivered power for a sample of UK dwellings: Implications for evaluating energy savings",10.1016/j.enbuild.2014.11.075,"Energy and Buildings",2015-02-01,6,journal-article,"Elsevier BV","Alex Summerfield - Energy Institute; Alex Summerfield - University College London; Tadj Oreszczyn - Energy Institute; Tadj Oreszczyn - University College London; Ian Hamilton - Energy Institute; Ian Hamilton - University College London; David Shipworth - Energy Institute; David Shipworth - University College London; Gesche Huebner - Energy Institute; Gesche Huebner - University College London; Robert Lowe - Energy Institute; Robert Lowe - University College London; Paul Ruyssevelt - Energy Institute; Paul Ruyssevelt - University College London",,
"Single-fuel steam gasification of switchgrass and coal in a bubbling fluidized bed: A comprehensive parametric reference for co-gasification study",10.1016/j.energy.2014.11.054,Energy,2015-02-01,2,journal-article,"Elsevier BV","Mohammad S Masnadi - University of British Columbia; John R Grace - University of British Columbia; Xiaotao Bi - University of British Columbia; C Jim Lim - University of British Columbia; Naoko Ellis - University of British Columbia; A P Watkinson - University of British Columbia",,
"Using a Bayesian Probabilistic Forecasting Model to Analyze the Uncertainty in Real-Time Dynamic Control of the Flood Limiting Water Level for Reservoir Operation",10.1061/(asce)he.1943-5584.0000979,"Journal of Hydrologic Engineering",2015-02-01,1,journal-article,"American Society of Civil Engineers (ASCE)","Dedi Liu - Technical University of Denmark; Dedi Liu - Wuhan University; Xiang Li - Changjiang Water Resources Commission; Shenglian Guo - Hubei Water Resources Research Institute; Shenglian Guo - Wuhan University; Dan Rosbjerg - Technical University of Denmark; Hua Chen - Wuhan University",,
"The evaluation of buildings energy consumption and the optimization of district heating networks: a GIS-based model",10.1007/s40095-015-0161-5,"International Journal of Energy and Environmental Engineering",2015-01-27,1,journal-article,"Springer Nature","Chiara Delmastro - Politecnico di Torino; Guglielmina Mutani - Politecnico di Torino; Laura Schranz - Politecnico di Torino",,"0000-0001-6822-8624; 0000-0002-4786-0839"
"Benchmarks for multicomponent reactive transport across a cement/clay interface",10.1007/s10596-014-9463-6,"Computational Geosciences",2015-01-25,1,journal-article,"Springer Nature","Nicolas C.M Marty - Bureau de Recherches Géologiques et Minières; Olivier Bildstein - Commissariat à l'Énergie Atomique et aux Énergies Alternatives; Olivier Bildstein - CEA Cadarache; Philippe Blanc - Bureau de Recherches Géologiques et Minières; Francis Claret - Bureau de Recherches Géologiques et Minières; Benoît Cochepin - Agence Nationale pour la Gestion des Déchets Radioactifs; Éric C Gaucher - Bureau de Recherches Géologiques et Minières; Diederik Jacques - Belgian Nuclear Research Centre; Jean-Éric Lartigue - Commissariat à l'Énergie Atomique et aux Énergies Alternatives; Jean-Éric Lartigue - CEA Cadarache; Sanheng Liu - Belgian Nuclear Research Centre; K Ulrich Mayer - University of British Columbia; J.C.L Meeussen - Nuclear Research and Consultancy Group; Isabelle Munier - Agence Nationale pour la Gestion des Déchets Radioactifs; Ingmar Pointeau - CEA Cadarache; Ingmar Pointeau - Commissariat à l'Énergie Atomique et aux Énergies Alternatives; Danyang Su - University of British Columbia; Carl I Steefel - Lawrence Berkeley National Laboratory",,"0000-0001-9393-2963; 0000-0002-2802-611X; 0000-0002-4168-781X; 0000-0002-6203-7795; 0000-0002-6855-1875; 0000-0002-7976-8455; 0000-0002-8488-598X; 0000-0003-0622-9319; 0000-0003-1167-3756; 0000-0003-3748-411X; 0009-0009-2774-8565"
"Electricity Consumption Forecasting in Thailand Using an Artificial Neural Network and Multiple Linear Regression",10.1080/15567249.2011.559520,"Energy Sources, Part B: Economics, Planning, and Policy",2015-01-12,1,journal-article,"Informa UK Limited","T Panklib - Siam University; Chakguy Prakasvudhisarn - Shinawatra University; D Khummongkol - Shinawatra University",,0000-0002-9290-057X
"Effects of Pavement Surface Roughness and Congestion on Expected Freeway Traffic Energy Consumption",10.3141/2503-02,"Transportation Research Record: Journal of the Transportation Research Board",2015-01-01,2,journal-article,"SAGE Publications","Laura E Ghosh - University of Illinois Urbana-Champaign; Liqun Lu - University of Illinois Urbana-Champaign; Hasan Özer - University of Illinois Urbana-Champaign; Yanfeng Ouyang - University of Illinois Urbana-Champaign; Imad L Al‐Qadi - University of Illinois Urbana-Champaign",,"0000-0001-5665-7157; 0000-0002-5824-103X; 0000-0002-5944-2044; 0000-0003-1526-6840"
"Reprint of: On the predicted effectiveness of climate adaptation measures for residential buildings",10.1016/j.buildenv.2014.10.006,"Building and Environment",2015-01-01,1,journal-article,"Elsevier BV","T van Hooff - Eindhoven University of Technology; Bert Blocken - Eindhoven University of Technology; Bert Blocken - KU Leuven; Jlm Jan Hensen - Eindhoven University of Technology; Harry Timmermans - Eindhoven University of Technology",,"0000-0002-7528-4234; 0000-0002-7811-2745; 0000-0002-8737-4632; 0000-0003-2935-9562"
"CFD simulation and validation of urban microclimate: A case study for Bergpolder Zuid, Rotterdam",10.1016/j.buildenv.2014.08.004,"Building and Environment",2015-01-01,5,journal-article,"Elsevier BV","Yasin Toparlar - Flemish Institute for Technological Research; Yasin Toparlar - Eindhoven University of Technology; Bert Blocken - Eindhoven University of Technology; Bert Blocken - KU Leuven; Paul De Vos - Flemish Institute for Technological Research; G J F van Heijst - Eindhoven University of Technology; W.D Janssen - Eindhoven University of Technology; T van Hooff - Eindhoven University of Technology; H Montazeri - Eindhoven University of Technology; Harry Timmermans - Eindhoven University of Technology",,
"Forecasting the density of returns in crude oil futures markets",10.1504/ijgei.2015.070264,"International Journal of Global Energy Issues",2015-01-01,1,journal-article,"Inderscience Publishers","Julien Chevallier - IPAG Business School; Julien Chevallier - Université Paris 8",,0000-0001-9109-0205
"Life Cycle Assessment of a heavy metro train",10.1016/j.jclepro.2014.10.023,"Journal of Cleaner Production",2015-01-01,3,journal-article,"Elsevier BV","Francesco Del Pero - University of Florence; Massimo Delogu - University of Florence; Marco Pierini - University of Florence; Davide Bonaffini - Ansaldo (Italy)",,"0000-0002-4011-581X; 0000-0002-4294-1621; 0000-0003-3648-5567"
"Low irradiance loss quantification in c-Si panels for photovoltaic systems",10.1063/1.4906917,"Journal of Renewable and Sustainable Energy",2015-01-01,1,journal-article,"AIP Publishing","Saad Pervaiz - University of Colorado Boulder; Hassan Abbas Khan - Lahore University of Management Sciences",,"0000-0003-0081-9430; 0000-0003-2847-9773"
"Photovoltaic yield: correction method for the mismatch between the solar spectrum and the reference ASTMG AM1.5G spectrum",10.1051/epjpv/2014011,"EPJ Photovoltaics",2015-01-01,2,journal-article,"EDP Sciences","Thomas Mambrini - Centre National de la Recherche Scientifique; Thomas Mambrini - Supélec; Thomas Mambrini - Université Paris-Sud; Anne Migan Dubois - Sorbonne Université; Anne Migan Dubois - Université Paris Cité; Anne Migan Dubois - Supélec; Anne Migan Dubois - Centre National de la Recherche Scientifique; Christophe Longeaud - Centre National de la Recherche Scientifique; Christophe Longeaud - Supélec; Jordi Badosa - Institut Pierre-Simon Laplace; Jordi Badosa - École Polytechnique; Jordi Badosa - Centre National de la Recherche Scientifique; Martial Haeffelin - École Polytechnique; Martial Haeffelin - Centre National de la Recherche Scientifique; Martial Haeffelin - Institut Pierre-Simon Laplace",,"0000-0001-7107-2341; 0000-0001-8380-8344; 0000-0001-9889-1507; 0000-0002-7175-3267"
"On the environmental suitability of high- and low-enthalpy geothermal systems",10.1016/j.geothermics.2014.03.012,Geothermics,2015-01-01,2,journal-article,"Elsevier BV","Mario Martín-Gamboa - IMDEA Energy Institute; Diego Iribarren - IMDEA Energy Institute; Javier Dufour - IMDEA Energy Institute; Javier Dufour - Universidad Rey Juan Carlos",,"0000-0001-7887-2210; 0000-0001-9934-8979; 0000-0003-2497-7310"
"Assessing the impact of changes in the electricity price structure on dairy farm energy costs",10.1016/j.apenergy.2014.09.067,"Applied Energy",2015-01-01,1,journal-article,"Elsevier BV","John Upton - Teagasc - The Irish Agriculture and Food Development Authority; Michael D Murphy - Munster Technological University; L Shalloo - Teagasc - The Irish Agriculture and Food Development Authority; P.W.G Groot Koerkamp - Wageningen University & Research; I.J.M de Boer - Wageningen University & Research",,"0000-0002-0675-7528; 0000-0002-3935-4071; 0000-0002-4269-2581; 0000-0002-6142-8372; 0000-0003-1714-672X"
"Air quality impacts of electric vehicle adoption in Texas",10.1016/j.trd.2014.10.016,"Transportation Research Part D: Transport and Environment",2015-01-01,27,journal-article,"Elsevier BV","Brice Nichols - University of Puget Sound; Matthew E Reiter - The University of Texas at Austin",,
"Multi-apartment residential microgrid with electrical and thermal storage devices: Experimental analysis and simulation of energy management strategies",10.1016/j.apenergy.2014.07.068,"Applied Energy",2015-01-01,2,journal-article,"Elsevier BV","Gabriele Comodi - Marche Polytechnic University; Andrea Giantomassi - Marche Polytechnic University; Marco Severini - Marche Polytechnic University; Stefano Squartini - Marche Polytechnic University; Francesco Ferracuti - Marche Polytechnic University; Alessandro Fonti - Marche Polytechnic University; Davide Nardi Cesarini - Loccioni (Italy); Matteo Morodo - Loccioni (Italy); Fabio Polonara - Marche Polytechnic University",,
"Fleet view of electrified transportation reveals smaller potential to reduce GHG emissions",10.1016/j.apenergy.2014.10.082,"Applied Energy",2015-01-01,1,journal-article,"Elsevier BV","Christoph J Meinrenken - Columbia University; Christoph J Meinrenken - Earth Island Institute; Klaus S Lackner - Columbia University; Klaus S Lackner - Earth Island Institute",,"0000-0001-5509-6327; 0000-0001-6693-8577"
"Smart meter enabled water end-use demand data: platform for the enhanced infrastructure planning of contemporary urban water supply networks",10.1016/j.jclepro.2014.09.054,"Journal of Cleaner Production",2015-01-01,3,journal-article,"Elsevier BV","Thulo Ram Gurung - Griffith University; Rodney A Stewart - Griffith University; Cara Beal - Griffith University; Ashok Sharma - Commonwealth Scientific and Industrial Research Organisation",,
"Capability of smart appliances to provide reserve services",10.1016/j.apenergy.2014.09.011,"Applied Energy",2015-01-01,7,journal-article,"Elsevier BV","Silviu Nistor - Cardiff University; Jianzhong Wu - Cardiff University; Mahesh Sooriyabandara - Toshiba (United Kingdom); Janaka Ekanayake - Cardiff University; Janaka Ekanayake - University of Peradeniya",,
"A hybrid dynamic and fuzzy time series model for mid-term power load forecasting",10.1016/j.ijepes.2014.08.006,"International Journal of Electrical Power & Energy Systems",2015-01-01,1,journal-article,"Elsevier BV","Woo-Joo Lee - Yonsei University; ﻿Jinkyu ﻿Hong - Yonsei University",,0000-0003-0139-602X
"Modelling and forecasting CO 2 emissions in the BRICS (Brazil, Russia, India, China, and South Africa) countries using a novel multi-variable grey model",10.1016/j.energy.2014.11.052,Energy,2015-01-01,1,journal-article,"Elsevier BV","Lifeng Wu - Nanjing University of Aeronautics and Astronautics; Sifeng Liu - Nanjing University of Aeronautics and Astronautics; Dinglin Liu - Nanjing University of Aeronautics and Astronautics; Zhigeng Fang - Nanjing University of Aeronautics and Astronautics; Haiyan Xu - Nanjing University of Aeronautics and Astronautics",,"0000-0001-5732-3319; 0000-0002-0535-1702; 0000-0002-5872-9457; 0000-0002-9548-9747"
"Representative hot water draw profiles at high temporal resolution for simulating the performance of solar thermal systems",10.1016/j.solener.2014.10.026,"Solar Energy",2015-01-01,1,journal-article,"Elsevier BV","Skai Edwards - Carleton University; Ian Beausoleil-Morrison - Carleton University; A Laperrière - Hydro-Québec",,0000-0001-7123-841X
"A suite of metrics for assessing the performance of solar power forecasting",10.1016/j.solener.2014.10.016,"Solar Energy",2015-01-01,2,journal-article,"Elsevier BV","Jie Zhang - National Laboratory of the Rockies; Anthony Florita - National Laboratory of the Rockies; Bri‐Mathias Hodge - National Laboratory of the Rockies; Siyuan Lu - IBM (United States); Hendrik F Hamann - IBM (United States); V Banunarayanan - United States Department of Energy; Anna M Brockway - United States Department of Energy",,
"Weekly self-scheduling, forward contracting, and pool involvement for an electricity producer. An adaptive robust optimization approach",10.1016/j.ejor.2014.07.013,"European Journal of Operational Research",2015-01-01,2,journal-article,"Elsevier BV","Ricardo Lima - National Laboratory of Energy and Geology; Augusto Q Novais - National Laboratory of Energy and Geology; Augusto Q Novais - University of Lisbon; Antonio J Conejo - The Ohio State University",,
"Coordinated Energy Management of Networked Microgrids in Distribution Systems",10.1109/tsg.2014.2329846,"IEEE Transactions on Smart Grid",2015-01-01,1,journal-article,"Institute of Electrical and Electronics Engineers (IEEE)","Zhaoyu Wang - Georgia Institute of Technology; Bokan Chen - Iowa State University; Jianhui Wang - Argonne National Laboratory; Miroslav M Begovic - Georgia Institute of Technology; Chen Chen - Argonne National Laboratory",,"0000-0002-1776-3069; 0000-0002-8364-5749; 0000-0002-9716-3484; 0000-0003-0467-7265; 0000-0003-0656-0562"
"Reducing Soot Emissions in a Diesel Series Hybrid Electric Vehicle Using a Power Rate Constraint Map",10.1109/tvt.2014.2321346,"IEEE Transactions on Vehicular Technology",2015-01-01,1,journal-article,"Institute of Electrical and Electronics Engineers (IEEE)","Youngki Kim - University of Michigan; Ashwin Salvi - Advanced Energy (United States); Ashwin Salvi - Advanced Research Projects Agency - Energy; Anna G Stefanopoulou - University of Michigan; Tulga Ersal - University of Michigan",,"0000-0002-6811-8529; 0000-0003-0061-7433; 0000-0003-1695-9657"
"Holistic design guidelines for solar hydrogen production by photo-electrochemical routes",10.1039/c5ee01821h,"Energy Environ. Sci.",2015-01-01,1,journal-article,"Royal Society of Chemistry (RSC)",,,
"Application of multiple regression analysis to forecasting South Africa’s electricity demand",10.17159/2413-3051/2014/v25i4a2238,"Journal of Energy in Southern Africa",2014-12-19,2,journal-article,"Academy of Science of South Africa","Renée Koen - University of Cape Town; Jenny Holloway - Council for Scientific and Industrial Research",,
"Integrating Intermittent Renewable Wind Generation - A Stochastic Multi-Market Electricity Model for the European Electricity Market",10.1007/s11067-014-9272-4,"Networks and Spatial Economics",2014-12-17,6,journal-article,"Springer Nature","Jan Abrell - ETH Zurich; Friedrich Kunz - German Institute for Economic Research",,0000-0003-1435-0952
"The Case for Natural Gas Fueled Solid Oxide Fuel Cell Power Systems for Distributed Generation",10.1002/fuce.201400103,"Fuel Cells",2014-12-16,1,journal-article,Wiley,"L.A Chick - Pacific Northwest National Laboratory; M R Weimar - Pacific Northwest National Laboratory; Greg Whyatt - Pacific Northwest National Laboratory; Michael R Powell - Pacific Northwest National Laboratory",,0000-0002-6938-7659
"Stochastic risk-constrained short-term scheduling of industrial cogeneration systems in the presence of demand response programs",10.1016/j.apenergy.2014.09.039,"Applied Energy",2014-12-01,2,journal-article,"Elsevier BV","Manijeh Alipour - University of Tabriz; Behnam Mohammadi‐Ivatloo - University of Tabriz; Kazem Zare - University of Tabriz",,"0000-0002-0255-8353; 0000-0003-0414-3191; 0000-0003-4729-1741"
"Predictive tool of energy performance of cold storage in agrifood industries: The Portuguese case study",10.1016/j.enconman.2014.09.018,"Energy Conversion and Management",2014-12-01,1,journal-article,"Elsevier BV","José Nunes - Polytechnic Institute of Castelo Branco; D R Neves - University of Beira Interior; Pedro Dinis Gaspar - University of Beira Interior; Pedro Dinho da Silva - University of Beira Interior; Luís P Andrade - Polytechnic Institute of Castelo Branco",,"0000-0002-4025-7981; 0000-0002-5022-4227; 0000-0002-9206-2350; 0000-0003-1691-1709; 0000-0003-2204-3397"
"Methodology for estimating biomass energy potential and its application to Colombia",10.1016/j.apenergy.2014.07.004,"Applied Energy",2014-12-01,1,journal-article,"Elsevier BV","Miguel Angel González-Salazar - University of Ferrara; Pier Ruggero Spina - University of Ferrara; Mauro Venturini - University of Ferrara; Michele Pinelli - University of Ferrara; Mirko Morini - University of Parma; Matthias Finkenrath - Kempten University of Applied Sciences; Witold‐Roger Poganietz - Karlsruhe Institute of Technology",,"0000-0001-8618-1540; 0000-0002-2051-8996; 0000-0002-4666-8722; 0000-0002-5839-1206; 0000-0002-8319-4044; 0000-0002-8744-5365; 0000-0002-9975-0842"
"Co-optimisation of indoor environmental quality and energy consumption within urban office buildings",10.1016/j.enbuild.2014.09.021,"Energy and Buildings",2014-12-01,1,journal-article,"Elsevier BV","Tran Ngọc Quang - Hanoi University of Civil Engineering; Tran Ngọc Quang - Queensland University of Technology; Congrong He - Queensland University of Technology; Luke D Knibbs - The University of Queensland; Richard de Dear - The University of Sydney; Lídia Morawska - Queensland University of Technology",,"0000-0002-0399-2370; 0000-0002-0594-9683; 0000-0002-3414-290X"
"Are fluctuations in natural gas consumption per capita transitory? Evidence from time series and panel unit root tests",10.1016/j.energy.2014.09.080,Energy,2014-12-01,1,journal-article,"Elsevier BV","Muhammad Shahbaz - COMSATS University Islamabad; Naceur Khraief - Groupe de Recherche en Droit, Économie, Gestion; Naceur Khraief - University of Sousse; Naceur Khraief - Université Côte d'Azur; Mantu Kumar Mahalik - Amrita Vishwa Vidyapeetham; Khair uz Zaman - COMSATS University Islamabad",,"0000-0002-4057-8734; 0000-0002-6074-4840; 0000-0003-4916-7648"
"Household fuel use for cooking and heating in China: Results from the first Chinese Environmental Exposure-Related Human Activity Patterns Survey (CEERHAPS)",10.1016/j.apenergy.2014.09.066,"Applied Energy",2014-12-01,3,journal-article,"Elsevier BV","Xiaoli Duan - Chinese Research Academy of Environmental Sciences; Yong Jiang - National Center for Chronic and Noncommunicable Disease Control and Prevention; Beibei Wang - Chinese Research Academy of Environmental Sciences; Xiuge Zhao - Chinese Research Academy of Environmental Sciences; Guofeng Shen - Jiangsu Provincial Academy of Environmental Science; Suzhen Cao - Chinese Academy of Sciences; Nan Huang - Chinese Research Academy of Environmental Sciences; Yan Qian - Chinese Research Academy of Environmental Sciences; Limin Wang - National Center for Chronic and Noncommunicable Disease Control and Prevention",,
"Sensitivity of the WRF model wind simulation and wind energy production estimates to planetary boundary layer parameterizations for onshore and offshore areas in the Iberian Peninsula",10.1016/j.apenergy.2014.08.082,"Applied Energy",2014-12-01,1,journal-article,"Elsevier BV","D Carvalho - University of Aveiro; Alfredo Rocha - University of Aveiro; M Gómez‐Gesteira - Universidade de Vigo; C Silva Santos - Instituto Superior de Engenharia do Porto",,"0000-0001-5983-522X; 0000-0001-9306-5142; 0000-0002-0661-9731; 0000-0003-4940-6522"
"Uranium mining and First Peoples: the nuclear renaissance confronts historical legacies",10.1016/j.jclepro.2014.03.055,"Journal of Cleaner Production",2014-12-01,5,journal-article,"Elsevier BV","Geordan Graetz - The University of Queensland",,
"Water and energy synergy and trade-off potentials in mine water management",10.1016/j.jclepro.2014.01.063,"Journal of Cleaner Production",2014-12-01,20,journal-article,"Elsevier BV","M.T Nguyen - The University of Queensland; Sue Vink - The University of Queensland; D J Barrett - Commonwealth Scientific and Industrial Research Organisation",,
"Effect of fuelwood scarcity and socio-economic factors on household bio-based energy use and energy substitution in rural Ethiopia",10.1016/j.enpol.2014.09.017,"Energy Policy",2014-12-01,4,journal-article,"Elsevier BV","Dawit Diriba Guta - University of Bonn",,
"Power production via North Sea Hot Brines",10.1016/j.energy.2014.10.056,Energy,2014-12-01,3,journal-article,"Elsevier BV","Alison Auld - Durham University; Simon Hogg - Durham University; Arganthaël Berson - Durham University; Jon Gluyas - Durham University",,"0000-0002-7118-9002; 0000-0002-9386-7206; 0000-0002-9861-1453"
"Analyzing the effects of comfort relaxation on energy demand flexibility of buildings: A multiobjective optimization approach",10.1016/j.enbuild.2014.09.040,"Energy and Buildings",2014-12-01,1,journal-article,"Elsevier BV","Pilar Morales-Valdés - Ibero American University; Antonio Flores‐Tlacuahuac - Ibero American University; Ví­ctor M Zavala - Argonne National Laboratory",,"0000-0001-7944-0057; 0000-0002-5744-7378"
"Direct normal irradiance related definitions and applications: The circumsolar issue",10.1016/j.solener.2014.10.001,"Solar Energy",2014-12-01,6,journal-article,"Elsevier BV","Philippe Blanc - Centre Observation, Impacts, Énergie; Bella Espinar - Centre Observation, Impacts, Énergie; Norbert Geuder - Stuttgart Technical University of Applied Sciences; Robert Pitz‐Paal - Deutsches Zentrum für Luft- und Raumfahrt e. V. (DLR); B Reinhardt - Ludwig-Maximilians-Universität München; B Reinhardt - Deutsches Zentrum für Luft- und Raumfahrt e. V. (DLR); Lucien Wald - Centre Observation, Impacts, Énergie; Stefan Wilbert - Deutsches Zentrum für Luft- und Raumfahrt e. V. (DLR)",,"0000-0002-2916-2391; 0000-0002-3542-3391; 0000-0002-6345-0004; 0000-0003-3573-3004"
"Energy minimization in dynamic train scheduling and control for metro rail operations",10.1016/j.trb.2014.09.009,"Transportation Research Part B: Methodological",2014-12-01,1,journal-article,"Elsevier BV","Xiang Li - Beijing University of Chemical Technology; Hong K Lo - Hong Kong University of Science and Technology; Hong K Lo - University of Hong Kong",,"0000-0002-2694-1250; 0000-0002-3015-6431"
"Short-term irradiance forecasting using skycams: Motivation and development",10.1016/j.solener.2014.08.038,"Solar Energy",2014-12-01,6,journal-article,"Elsevier BV","Samuel R West - Commonwealth Scientific and Industrial Research Organisation; Daniel B Rowe - Commonwealth Scientific and Industrial Research Organisation; Saad Sayeef - Commonwealth Scientific and Industrial Research Organisation; Adam Berry - Commonwealth Scientific and Industrial Research Organisation",,"0000-0002-2499-9491; 0000-0002-8713-2158"
"Energy and indoor air quality implications of alternative minimum ventilation rates in California offices",10.1016/j.buildenv.2014.08.009,"Building and Environment",2014-12-01,3,journal-article,"Elsevier BV","Spencer Dutton - Lawrence Berkeley National Laboratory; William J Fisk - Lawrence Berkeley National Laboratory",,"0000-0002-0562-204X; 0000-0002-5239-3542"
"A statistical approach for post-processing residential building energy simulation output",10.1016/j.enbuild.2014.07.060,"Energy and Buildings",2014-12-01,1,journal-article,"Elsevier BV","Sarah Valovcin - Colorado School of Mines; Amanda S Hering - Colorado School of Mines; Ben Polly - National Laboratory of the Rockies; M Heaney - National Laboratory of the Rockies",,"0000-0002-2991-1655; 0000-0002-5700-4163"
"On the predicted effectiveness of climate adaptation measures for residential buildings",10.1016/j.buildenv.2014.08.027,"Building and Environment",2014-12-01,12,journal-article,"Elsevier BV","T van Hooff - Eindhoven University of Technology; Bert Blocken - Eindhoven University of Technology; Bert Blocken - KU Leuven; Jlm Jan Hensen - Eindhoven University of Technology; Harry Timmermans - Eindhoven University of Technology",,
"Features and Challenges of Molten Oxide Electrolytes for Metal Extraction",10.1149/2.0451501jes,"Journal of The Electrochemical Society",2014-11-25,2,journal-article,"The Electrochemical Society","Antoine Allanore - Massachusetts Institute of Technology",,
"Using Display Energy Certificates to quantify public sector office energy consumption",10.1080/09613218.2014.975416,"Building Research & Information",2014-11-05,2,journal-article,"Informa UK Limited","Peter Armitage - University of Cambridge; Daniel Godoy-Shimizu - University of Cambridge; Koen Steemers - University of Cambridge; Torwong Chenvidyakarn - International University",,"0000-0001-8135-158X; 0000-0002-6227-7385; 0000-0002-6765-9606"
"The effect of climate change on electricity needs – A case study from Mediterranean Europe",10.1016/j.energy.2014.09.001,Energy,2014-11-01,3,journal-article,"Elsevier BV","Theodoros Zachariadis - Cyprus University of Technology; Panos Hadjinicolaou - Cyprus Institute",,"0000-0002-9452-3018; 0000-0003-1170-2182"
"Time-varying Long-run Income and Output Elasticities of Electricity Demand with an Application to Korea",10.1016/j.eneco.2014.10.003,"Energy Economics",2014-11-01,25,journal-article,"Elsevier BV","Yoosoon Chang - Indiana University – Purdue University Indianapolis; J Isaac Miller - University of Missouri; Chang Sik Kim - Sungkyunkwan University; Joon Young Park - Indiana University – Purdue University Indianapolis; Joon Young Park - Sungkyunkwan University; Sungkeun Park - Korea Institute for Industrial Economics and Trade",,
"ECONOMIC IMPACT OF NEW GREEN BUILDING CODE ON RESIDENTIAL PROJECT DEVELOPMENT FROM ENERGY CONSUMPTION PERSPECTIVES",10.3992/1943-4618-9.4.105,"Journal of Green Building",2014-11-01,1,journal-article,"College Publishing",,,
"Analysis and future outlook of natural gas consumption in the Italian residential sector",10.1016/j.enconman.2014.07.081,"Energy Conversion and Management",2014-11-01,5,journal-article,"Elsevier BV","Vincenzo Bianco - University of Genoa; Federico Scarpa - University of Genoa; Luca A Tagliafico - University of Genoa",,
"Affordability for sustainable energy development products",10.1016/j.apenergy.2014.06.050,"Applied Energy",2014-11-01,3,journal-article,"Elsevier BV","Paul H Riley - University of Nottingham",,
"Human-based energy retrofits in residential buildings: A cost-effective alternative to traditional physical strategies",10.1016/j.apenergy.2014.07.049,"Applied Energy",2014-11-01,2,journal-article,"Elsevier BV","Anna Laura Pisello - University of Perugia; Francesco Asdrubali - University of Perugia",,
"Simulating blade-strike on fish passing through marine hydrokinetic turbines",10.1016/j.renene.2014.05.051,"Renewable Energy",2014-11-01,2,journal-article,"Elsevier BV","Pedro Romero–Gomez - Pacific Northwest National Laboratory; Marshall C Richmond - Pacific Northwest National Laboratory",,0000-0003-0111-1485
"Characterizing the near shore wave energy resource on the west coast of Vancouver Island, Canada",10.1016/j.renene.2014.06.006,"Renewable Energy",2014-11-01,2,journal-article,"Elsevier BV","Bryson Robertson - University of Victoria; Bradley J Buckham - University of Victoria",,
"Ireland’s tidal energy resource; An assessment of a site in the Bulls Mouth and the Shannon Estuary using measured data",10.1016/j.enconman.2014.06.089,"Energy Conversion and Management",2014-11-01,1,journal-article,"Elsevier BV","Fergal O’Rourke - Dundalk Institute of Technology",,0000-0003-4970-3826
"Evaluation of the LBL and AIM-2 air infiltration models on large single zones: Three historical churches",10.1016/j.buildenv.2014.07.013,"Building and Environment",2014-11-01,1,journal-article,"Elsevier BV","Abolfazl Hayati - University of Gävle; Magnus Mattsson - University of Gävle; Mats Sandberg - University of Gävle",,"0000-0002-0337-8004; 0000-0002-4007-3074"
"Analysing the potential of retrofitting ultra-low heat loss triple vacuum glazed windows to an existing UK solid wall dwelling",10.14710/ijred.3.3.161-174,"International Journal of Renewable Energy Development",2014-10-15,1,journal-article,"Center of Biomass and Renewable Energy Scientia Academy",,,
"Modeling and Experimental Investigation of an Oil-Free Microcompressor-Turbine Unit for an Organic Rankine Cycle Driven Heat Pump",10.1115/1.4028391,"Journal of Engineering for Gas Turbines and Power",2014-10-07,1,journal-article,"ASME International","Jonathan Demierre - École Polytechnique Fédérale de Lausanne; Antonio Rubino - École Polytechnique Fédérale de Lausanne; Jürg Schiffmann - École Polytechnique Fédérale de Lausanne",,"0000-0001-8822-9974; 0000-0002-4864-8477"
"Model predictive HVAC control with online occupancy model",10.1016/j.enbuild.2014.07.051,"Energy and Buildings",2014-10-01,1,journal-article,"Elsevier BV","Justin R Dobbs - Cornell University; Brandon Hencey - Cornell University",,
"Comparison of hydro-environmental impacts for ebb-only and two-way generation for a Severn Barrage",10.1016/j.cageo.2014.05.006,"Computers & Geosciences",2014-10-01,2,journal-article,"Elsevier BV","Reza Ahmadian - Cardiff University; Roger A Falconer - Cardiff University; Bettina Nicole Bockelmann-Evans - Cardiff University",,"0000-0001-5960-2864; 0000-0003-2665-4734"
"Estimating broad-brush rebound effects for household energy consumption in the EU 28 countries and Norway: some policy implications of Odyssee data",10.1016/j.enpol.2014.02.033,"Energy Policy",2014-10-01,5,journal-article,"Elsevier BV","Ray Galvin - RWTH Aachen University",,
"Community-scale residential air conditioning control for effective grid management",10.1016/j.apenergy.2014.05.067,"Applied Energy",2014-10-01,2,journal-article,"Elsevier BV","Wesley Cole - The University of Texas at Austin; Joshua D Rhodes - The University of Texas at Austin; William H Gorman - The University of Texas at Austin; Krystian X Perez - The University of Texas at Austin; Michael E Webber - The University of Texas at Austin; Thomas F Edgar - The University of Texas at Austin",,
"Direct normal irradiance forecasting and its application to concentrated solar thermal output forecasting – A review",10.1016/j.solener.2014.07.008,"Solar Energy",2014-10-01,4,journal-article,"Elsevier BV","Edward W Law - UNSW Sydney; Abhnil Prasad - UNSW Sydney; Merlinde Kay - UNSW Sydney; Robert A Taylor - UNSW Sydney",,"0000-0002-1723-3172; 0000-0002-6003-2034; 0000-0003-3336-7338"
"Using regression analysis to predict the future energy consumption of a supermarket in the UK",10.1016/j.apenergy.2014.05.062,"Applied Energy",2014-10-01,3,journal-article,"Elsevier BV","Martin Braun - University of Sheffield; Haşim Altan - British University in Dubai; S.B.M Beck - University of Sheffield",,"0000-0002-9534-1961; 0000-0003-2673-4179; 0000-0003-3759-4343"
"Occupant behavior and schedule modeling for building energy simulation through office appliance power consumption data mining",10.1016/j.enbuild.2014.07.033,"Energy and Buildings",2014-10-01,1,journal-article,"Elsevier BV","Jie Zhao - Carnegie Mellon University; Bertrand Lasternas - Carnegie Mellon University; Khee Poh Lam - Carnegie Mellon University; Ray Jaeyung Yun - Carnegie Mellon University; Vivian Loftness - Carnegie Mellon University",,
"Global energy consumption due to friction in trucks and buses",10.1016/j.triboint.2014.05.004,"Tribology International",2014-10-01,5,journal-article,"Elsevier BV","Kenneth Holmberg - VTT Technical Research Centre of Finland; Peter Andersson - VTT Technical Research Centre of Finland; Nils-Olof Nylund - VTT Technical Research Centre of Finland; Kari Mäkelä - VTT Technical Research Centre of Finland; Ali Erdemir - Argonne National Laboratory",,
"The new car market for electric vehicles and the potential for fuel substitution",10.1016/j.enpol.2014.05.021,"Energy Policy",2014-10-01,1,journal-article,"Elsevier BV","Alexander Kihm - Deutsches Zentrum für Luft- und Raumfahrt e. V. (DLR); Stefan Trommer - Deutsches Zentrum für Luft- und Raumfahrt e. V. (DLR)",,0000-0002-1933-0347
"Electricity demand and supply scenarios for Maharashtra (India) for 2030: An application of long range energy alternatives planning",10.1016/j.enpol.2014.05.007,"Energy Policy",2014-09-01,1,journal-article,"Elsevier BV","Rajesh Kale - Rajiv Gandhi University of Health Sciences",,
"Stereographic methods for cloud base height determination using two sky imagers",10.1016/j.solener.2014.05.005,"Solar Energy",2014-09-01,2,journal-article,"Elsevier BV","Dung Nguyen - University of California San Diego; Jan Kleissl - University of California San Diego",,"0000-0003-4364-0211; 0000-0003-4843-1160"
"Optimization of angle of inclination of the hybrid photovoltaic-thermal solar collector using particle swarm optimization algorithm",10.1063/1.4896956,"Journal of Renewable and Sustainable Energy",2014-09-01,1,journal-article,"AIP Publishing","Ismail Tabet - Université Constantine 2; Ismail Tabet - University of Constantine 3; Ismail Tabet - Renewable Energy Development Center; Khaled Touafek - Renewable Energy Development Center; Nadir Bellel - Université Constantine 2; Nadir Bellel - University of Constantine 3; N Bouarroudj - Renewable Energy Development Center; Abdelkrim Khelifa - Renewable Energy Development Center; Mabrouk Adouane - Renewable Energy Development Center",,"0000-0002-2073-3768; 0000-0002-2825-7559; 0000-0003-1192-4244; 0000-0003-3967-5868"
"Can agent-based models forecast spot prices in electricity markets? Evidence from the New Zealand electricity market",10.1016/j.eneco.2014.08.007,"Energy Economics",2014-09-01,2,journal-article,"Elsevier BV","David Young - Electric Power Research Institute; Stephen Poletti - University of Auckland; Oliver Browne - University of Chicago",,"0000-0001-6951-0744; 0000-0001-9592-3913; 0000-0002-6640-5508"
"A new model to predict the energy generated by a photovoltaic system connected to the grid in low latitude countries",10.1016/j.solener.2014.04.030,"Solar Energy",2014-09-01,2,journal-article,"Elsevier BV","Luis Fernando Mulcué-Nieto - International University of Andalucía; Luis Fernando Mulcué-Nieto - Universidad Católica de Manizales; Llanos Mora‐López - International University of Andalucía; Llanos Mora‐López - Universidad de Málaga",,"0000-0001-6110-8726; 0000-0002-1544-3037"
"Submicronic VO 2 –PVP composites coatings for smart windows applications and solar heat management",10.1016/j.solener.2014.06.025,"Solar Energy",2014-09-01,1,journal-article,"Elsevier BV","I.G Madida - University of South Africa; I.G Madida - National Research Foundation; A Simo - University of South Africa; A Simo - National Research Foundation; B.T Sone - University of South Africa; B.T Sone - National Research Foundation; A B Maity - Council for Scientific and Industrial Research; A B Maity - University of South Africa; J.B Kana Kana - University of South Africa; J.B Kana Kana - University of Arizona; J.B Kana Kana - National Research Foundation; A Gibaud - Le Mans Université; A Gibaud - National Research Foundation; A Gibaud - University of South Africa; G Merad - University of South Africa; G Merad - National Research Foundation; Force Tefo Thema - University of South Africa; Force Tefo Thema - National Research Foundation; M Mâaza - University of South Africa; M Mâaza - National Research Foundation",,"0000-0002-2949-2390; 0000-0002-6402-5755; 0000-0003-3429-509X; 0009-0003-0146-1183"
"A dynamic assessment based feasibility study of concentrating solar power in China",10.1016/j.renene.2014.03.024,"Renewable Energy",2014-09-01,2,journal-article,"Elsevier BV","Yuqiang Li - Central South University; Shengming Liao - Central South University; Zhenghua Rao - Central South University; Gang Liu - Central South University",,"0000-0001-6337-6185; 0000-0002-0802-5072; 0000-0003-1998-6669; 0000-0003-4315-4520"
"Estimating fuel poverty at household level: An integrated approach",10.1016/j.enbuild.2014.06.004,"Energy and Buildings",2014-09-01,5,journal-article,"Elsevier BV","Ryan Walker - University of Ulster; Paul McKenzie - University of Ulster; Christine Liddell - University of Ulster; Chris Morris - University of Ulster",,
"Electrification and productivity growth in Korean manufacturing plants",10.1016/j.eneco.2014.07.022,"Energy Economics",2014-09-01,2,journal-article,"Elsevier BV","Yonghun Jung - Inha University; Seong-Hoon Lee - Inha University",,
"A novel data-characteristic-driven modeling methodology for nuclear energy consumption forecasting",10.1016/j.apenergy.2014.04.021,"Applied Energy",2014-09-01,1,journal-article,"Elsevier BV","Ling Tang - Beijing University of Chemical Technology; Lean Yu - Beijing University of Chemical Technology; Kaijian He - Beijing University of Chemical Technology",,"0000-0001-8097-4435; 0000-0002-2522-9675; 0000-0002-8035-4938"
"A Throughput-Optimized Optical Network for Data-Intensive Computing",10.1109/mm.2014.77,"IEEE Micro",2014-09-01,2,journal-article,"Institute of Electrical and Electronics Engineers (IEEE)","Laurent Schares - IBM (United States); Fabio Checconi - IBM (United States); R Budd - IBM (United States); Alexander Rylyakov - IBM (United States); Nicolas Dupuis - IBM (United States); Fabrizio Petrini - IBM (United States); Clint L Schow - IBM (United States); Pablo Fuentes - IBM (United States); Oliver Mattes - IBM (United States); Benjamin G Lee - IBM (United States); Cyriel Minkenberg - IBM (United States)",,"0000-0001-6424-2533; 0000-0002-2785-1492; 0000-0002-4977-7107; 0000-0002-5813-8323; 0000-0002-6754-2774; 0000-0002-7279-8459; 0000-0002-9506-8467"
"Power Optimization for Adaptive Wind Turbine: Case Study on Islanded and Grid Connected",10.15866/iree.v9i4.2199,"International Review of Electrical Engineering (IREE)",2014-08-31,1,journal-article,"Praise Worthy Prize","Soedibyo Soedibyo - Sepuluh Nopember Institute of Technology; Ribka Stephani - Sepuluh Nopember Institute of Technology; Aprilely Ajeng Fitriana - Sepuluh Nopember Institute of Technology; Ratih Mar’atus Sholihah - Sepuluh Nopember Institute of Technology; Primaditya Sulistijono - Sepuluh Nopember Institute of Technology",,0000-0003-1205-8819
"The Potential Impact of a 20% Tax on Sugar-Sweetened Beverages on Obesity in South African Adults: A Mathematical Model",10.1371/journal.pone.0105287,"PLOS ONE",2014-08-19,25,journal-article,"Public Library of Science (PLoS)","Mercy Manyema - University of the Witwatersrand; Mercy Manyema - South African Medical Research Council; Lennert Veerman - The University of Queensland; Lumbwe Chola - University of the Witwatersrand; Lumbwe Chola - South African Medical Research Council; Aviva Tugendhaft - University of the Witwatersrand; Aviva Tugendhaft - South African Medical Research Council; Benn Sartorius - University of the Witwatersrand; Benn Sartorius - University of KwaZulu-Natal; Demetre Labadarios - Human Sciences Research Council; Karen Hofman - University of the Witwatersrand; Karen Hofman - South African Medical Research Council; Karen Hofman - Johns Hopkins University",,
"Regional forecasts and smoothing effect of photovoltaic power generation in Japan: An approach with principal component analysis",10.1016/j.renene.2014.02.018,"Renewable Energy",2014-08-01,2,journal-article,"Elsevier BV","Joao Gari da Silva Fonseca - National Institute of Advanced Industrial Science and Technology; Takashi Oozeki - National Institute of Advanced Industrial Science and Technology; Hideaki Ohtake - National Institute of Advanced Industrial Science and Technology; Ken‐ichi Shimose - National Institute of Advanced Industrial Science and Technology; Takumi Takashima - National Institute of Advanced Industrial Science and Technology; Kazuhiko Ogimoto - The University of Tokyo",,"0000-0001-5793-0602; 0000-0001-6084-4684; 0000-0002-3061-0382; 0000-0002-4974-6634; 0000-0003-1821-187X"
"On improvement rates for renewable energy technologies: Solar PV, wind turbines, capacitors, and batteries",10.1016/j.renene.2014.03.002,"Renewable Energy",2014-08-01,1,journal-article,"Elsevier BV","Christopher L Benson - Massachusetts Institute of Technology; Christopher L Magee - Massachusetts Institute of Technology",,0000-0001-5316-8358
"The use of imprecise processing to improve accuracy in weather & climate prediction",10.1016/j.jcp.2013.10.042,"Journal of Computational Physics",2014-08-01,3,journal-article,"Elsevier BV","Peter Düben - University of Oxford; Hugh McNamara - University of Oxford; T N Palmer - University of Oxford",,0000-0002-7121-2196
"New formulations of the ‘energy hub’ model to address operational constraints",10.1016/j.energy.2014.06.029,Energy,2014-08-01,2,journal-article,"Elsevier BV","Ralph Evins - ETH Zurich; Ralph Evins - Swiss Federal Laboratories for Materials Science and Technology; Kristina Orehounig - ETH Zurich; Viktor Dorer - Swiss Federal Laboratories for Materials Science and Technology; Jan Carmeliet - ETH Zurich; Jan Carmeliet - Swiss Federal Laboratories for Materials Science and Technology",,
"Development of prediction models for next-day building energy consumption and peak power demand using data mining techniques",10.1016/j.apenergy.2014.04.016,"Applied Energy",2014-08-01,2,journal-article,"Elsevier BV","Cheng Fan - Hong Kong Polytechnic University; Fu Xiao - Hong Kong Polytechnic University; Shengwei Wang - Hong Kong Polytechnic University",,"0000-0002-1199-2119; 0000-0002-3779-3943; 0000-0002-9684-590X"
"An empirically-validated methodology to simulate electricity demand for electric vehicle charging",10.1016/j.apenergy.2014.03.078,"Applied Energy",2014-08-01,4,journal-article,"Elsevier BV","Chioke Harris - The University of Texas at Austin; Michael E Webber - The University of Texas at Austin",,
"Stochastic Modeling and Forecasting of Load Demand for Electric Bus Battery-Swap Station",10.1109/tpwrd.2014.2308990,"IEEE Transactions on Power Delivery",2014-08-01,1,journal-article,"Institute of Electrical and Electronics Engineers (IEEE)","Qian Dai - Huazhong University of Science and Technology; Tao Cai - Huazhong University of Science and Technology; Shanxu Duan - Huazhong University of Science and Technology; Feng Zhao - Huazhong University of Science and Technology",,"0000-0001-7205-3302; 0000-0001-7329-2487; 0000-0002-9164-9408; 0000-0002-9244-8069"
"The application of filterability as a parameter to evaluate the biological sludge quality in an MBR treating refinery effluent",10.1080/19443994.2014.943055,"Desalination and Water Treatment",2014-07-30,1,journal-article,"Informa UK Limited","Aline R Alkmim - Universidade Federal de Minas Gerais; Paula Rocha da Costa - Universidade Federal de Minas Gerais; Míriam Cristina Santos Amaral - Universidade Federal de Minas Gerais; Luzia Sergina França Neta - Federal Center for Technological Education of Minas Gerais; Bárbara C Ricci - Universidade Federal de Minas Gerais; Sílvia Corrêa Oliveira - Universidade Federal de Minas Gerais; Ana Cláudia Cerqueira - Petrobras (Brazil); Vânia Maria Junqueira Santiago - Petrobras (Brazil)",,
"A benchmark of statistical regression methods for short-term forecasting of photovoltaic electricity production. Part II: Probabilistic forecast of daily production",10.1016/j.solener.2014.03.026,"Solar Energy",2014-07-01,2,journal-article,"Elsevier BV","Michaël Zamo - Météo-France; Olivier Mestre - Météo-France; Philippe Arbogast - Météo-France; Olivier Pannekoucke - Météo-France",,"0000-0002-2683-8288; 0000-0002-3249-2818"
"A benchmark of statistical regression methods for short-term forecasting of photovoltaic electricity production, part I: Deterministic forecast of hourly production",10.1016/j.solener.2013.12.006,"Solar Energy",2014-07-01,2,journal-article,"Elsevier BV","Michaël Zamo - Météo-France; Olivier Mestre - Météo-France; Philippe Arbogast - Météo-France; Olivier Pannekoucke - Météo-France",,
"A Statistical Description of the Error on Wind Power Forecasts for Probabilistic Reserve Sizing",10.1109/tste.2014.2320193,"IEEE Transactions on Sustainable Energy",2014-07-01,2,journal-article,"Institute of Electrical and Electronics Engineers (IEEE)","Kenneth Bruninx - KU Leuven; Erik Delarue - KU Leuven",,"0000-0003-0838-5139; 0000-0003-1798-1274"
"Modeling photovoltaic diffusion: an analysis of geospatial datasets",10.1088/1748-9326/9/7/074009,"Environmental Research Letters",2014-07-01,6,journal-article,"IOP Publishing","Carolyn Davidson - National Laboratory of the Rockies; Easan Drury - National Laboratory of the Rockies; Anthony Lopez - National Laboratory of the Rockies; Ryan Elmore - National Laboratory of the Rockies; Robert Margolis - National Laboratory of the Rockies",,
"Power supply–demand balance in a Smart Grid: An information sharing model for a market mechanism",10.1016/j.apm.2013.11.042,"Applied Mathematical Modelling",2014-07-01,1,journal-article,"Elsevier BV","Gunn Larsen - University of Groningen; Nicky D van Foreest - University of Groningen; Jacquelien M.A Scherpen - University of Groningen",,"0000-0001-5428-1723; 0000-0002-3409-5760"
"What drives natural gas consumption in Europe? Analysis and projections",10.1016/j.jngse.2014.04.002,"Journal of Natural Gas Science and Engineering",2014-07-01,1,journal-article,"Elsevier BV","Özge Dilaver - British Institute at Ankara; Özge Dilaver - University of Surrey; Zafer Dilaver - University of Surrey; Lester C Hunt - University of Surrey",,"0000-0002-0237-567X; 0000-0002-1652-5157; 0000-0002-8631-2755"
"Strategies for reducing heating and cooling loads of uninsulated rammed earth wall houses",10.1016/j.enbuild.2014.03.031,"Energy and Buildings",2014-07-01,2,journal-article,"Elsevier BV","Xiang Dong - Adelaide University; Veronica Soebarto - Adelaide University; Michael Griffith - Adelaide University",,"0000-0001-9010-3764; 0000-0003-1397-8414"
"The merit order effect of wind and photovoltaic electricity generation in Germany 2008–2016: Estimation and distributional implications",10.1016/j.eneco.2014.04.020,"Energy Economics",2014-07-01,24,journal-article,"Elsevier BV","Johanna Cludius - UNSW Sydney; Johanna Cludius - Oeko Institut; Hauke Hermann - Oeko Institut; Felix Chr Matthes - Oeko Institut; Verena Graichen - Oeko Institut",,
"Retrospective and prospective analysis of the trends of energy use in Chinese iron and steel industry",10.1016/j.jclepro.2014.03.065,"Journal of Cleaner Production",2014-07-01,10,journal-article,"Elsevier BV","Ali Hasanbeigi - Lawrence Berkeley National Laboratory; Zeyi Jiang - University of Science and Technology Beijing; Zeyi Jiang - Lawrence Berkeley National Laboratory; Lynn Price - Lawrence Berkeley National Laboratory",,
"Wind energy potential assessment for the offshore areas of Taiwan west coast and Penghu Archipelago",10.1016/j.renene.2013.11.047,"Renewable Energy",2014-07-01,1,journal-article,"Elsevier BV","Hsin-Fa Fang - Institute of Nuclear Energy Research",,0000-0003-2464-5076
"Modeling the daily electricity price volatility with realized measures",10.1016/j.eneco.2014.03.001,"Energy Economics",2014-07-01,3,journal-article,"Elsevier BV","Michael Frömmel - Ghent University; Xing Han - Ghent University; Štěpán Kratochvíl - Czech Technical University in Prague",,
"Improving photovoltaics grid integration through short time forecasting and self-consumption",10.1016/j.apenergy.2014.03.045,"Applied Energy",2014-07-01,1,journal-article,"Elsevier BV","D Masa-Bote - Universidad Politécnica de Madrid; Manuel Castillo-Cagigal - Universidad Politécnica de Madrid; Eduardo Matallanas - Universidad Politécnica de Madrid; E Caamaño‐Martín - Universidad Politécnica de Madrid; Álvaro Gutiérrez - Universidad Politécnica de Madrid; Félix Monasterio-Huelin - Universidad Politécnica de Madrid; Francisco Javier Jiménez Leube - Universidad Politécnica de Madrid",,"0000-0001-7060-8052; 0000-0001-8760-922X; 0000-0001-8926-5328; 0000-0002-7303-5859; 0000-0003-1017-252X"
"A comparison of energy consumption in bulk forming, subtractive, and additive processes: Review and case study",10.1007/s40684-014-0033-0,"International Journal of Precision Engineering and Manufacturing-Green Technology",2014-07-01,5,journal-article,"Springer Nature","Hae-Sung Yoon - Seoul National University; Jang-Yeob Lee - Seoul National University; Hyungsoo Kim - Seoul National University; Min‐Soo Kim - Seoul National University; Eun-Seob Kim - Seoul National University; Yong-Jun Shin - Seoul National University; Won‐Shik Chu - Seoul National University; Sung‐Hoon Ahn - Seoul National University",,
"Diffusion of renewable energy technologies in South Korea on incorporating their competitive interrelationships",10.1016/j.enpol.2014.02.028,"Energy Policy",2014-06-01,4,journal-article,"Elsevier BV","Sung‐Yoon Huh - Seoul National University; Chul-Yong Lee - Korea Energy Economics Institute",,
"Forecasting the annual electricity consumption of Turkey using an optimized grey model",10.1016/j.energy.2014.03.105,Energy,2014-06-01,1,journal-article,"Elsevier BV","Çoşkun Hamzaçebi - Karadeniz Technical University; Hüseyin Avni Es - Karadeniz Technical University",,0000-0003-4987-0173
"Peak shaving through real-time scheduling of household appliances",10.1016/j.enbuild.2014.02.013,"Energy and Buildings",2014-06-01,2,journal-article,"Elsevier BV","Davide Caprino - University of Pavia; Marco L Della Vedova - University of Pavia; Tullio Facchinetti - University of Pavia",,"0000-0002-4703-7500; 0000-0003-0221-6123"
"Understanding the risks and uncertainties introduced by common assumptions in energy simulations for Australian commercial buildings",10.1016/j.enbuild.2014.02.028,"Energy and Buildings",2014-06-01,2,journal-article,"Elsevier BV","Daniel Daly - University of Wollongong; Paul Cooper - University of Wollongong; Zhenjun Ma - University of Wollongong",,"0000-0001-5996-7206; 0000-0001-7183-3382; 0000-0003-3730-2953"
"Field operational testing for safety improvement of freight trains using wireless monitoring by sensor network",10.1049/iet-wss.2013.0048,"IET Wireless Sensor Systems",2014-06-01,2,journal-article,"Institution of Engineering and Technology (IET)","Mathias Grudén - Uppsala University; Malkolm Hinnemo - Uppsala University; Dragos Dancila - Uppsala University; Filip Zherdev - Uppsala University; Nils Edvinsson - Uppsala University; Kjell Brunberg - Uppsala University; Lennart Andersson - Swedish Transport Administration; Roger Byström - Swedish Transport Administration; Anders Rydberg - Uppsala University",,"0000-0002-2217-8032; 0000-0003-1831-3980; 0000-0003-2401-2981"
"Towards smart grids: Identifying the risks that arise from the integration of energy and transport supply chains",10.1016/j.apenergy.2013.12.017,"Applied Energy",2014-06-01,2,journal-article,"Elsevier BV","Jan Willem Eising - Liander (Netherlands); Tom van Onna - Liander (Netherlands); Floortje Alkemade - Utrecht University",,0000-0002-2231-1913
"Geochemical processes controlling trace elemental mobility in coalbed natural gas (CBNG) disposal ponds in the Powder River Basin, WY",10.1016/j.coal.2014.01.001,"International Journal of Coal Geology",2014-06-01,1,journal-article,"Elsevier BV","Janardhan Reddy Koduru - University of Wyoming; C Helmericks - University of Wyoming; A Whitman - University of Wyoming; D E Legg - University of Wyoming",,0000-0002-0000-1519
"Estimating the impacts of demand response by simulating household behaviours under price and CO2 signals",10.1016/j.epsr.2014.02.016,"Electric Power Systems Research",2014-06-01,1,journal-article,"Elsevier BV","Meng Song - KTH Royal Institute of Technology; Karin Alvehag - KTH Royal Institute of Technology; Joakim Widén - Uppsala University; Alessandra Parisio - KTH Royal Institute of Technology",,"0000-0001-8633-1641; 0000-0003-4887-9547"
"Forecasting energy consumption of multi-family residential buildings using support vector regression: Investigating the impact of temporal and spatial monitoring granularity on performance accuracy",10.1016/j.apenergy.2014.02.057,"Applied Energy",2014-06-01,2,journal-article,"Elsevier BV","Rishee K Jain - New York University; Kevin M Smith - Columbia University; Patricia J Culligan - Columbia University; John E Taylor - Virginia Tech",,"0000-0002-0568-032X; 0000-0002-3647-0640; 0000-0002-8026-8917; 0000-0002-8949-3248"
"Estimating the energy consumption and power demand of small power equipment in office buildings",10.1016/j.enbuild.2014.02.011,"Energy and Buildings",2014-06-01,3,journal-article,"Elsevier BV","Ana Catarina Menezes - Loughborough University; Richard Buswell - Loughborough University; Jonathan A Wright - Loughborough University; Dino Bouchlaghem - Nottingham Trent University",,"0000-0001-5802-5815; 0000-0002-3386-1910; 0000-0003-0613-9516"
"Assessment of geothermal assisted coal-fired power generation using an Australian case study",10.1016/j.enconman.2014.03.011,"Energy Conversion and Management",2014-06-01,2,journal-article,"Elsevier BV","Cheng Zhou - University of Newcastle Australia; Elham Doroodchi - University of Newcastle Australia; Behdad Moghtaderi - University of Newcastle Australia",,"0000-0001-6667-1278; 0000-0002-9409-4225"
"Thermal comfort control using a non-linear MPC strategy: A real case of study in a bioclimatic building",10.1016/j.jprocont.2013.08.009,"Journal of Process Control",2014-06-01,2,journal-article,"Elsevier BV","M Castilla - University of Almería; J.D Álvarez - Universidad de Sevilla; Julio E Normey‐Rico - Universidade Federal de Santa Catarina; Francisco Rodríguez - University of Almería",,
"Achieving Accountability in Smart Grid",10.1109/jsyst.2013.2260697,"IEEE Systems Journal",2014-06-01,1,journal-article,"Institute of Electrical and Electronics Engineers (IEEE)","Jing Liu - University of Alabama; Yang Xiao - University of Alabama; Jingcheng Gao - University of Alabama",,0000-0001-8549-6794
"Generalized additive models for large data sets",10.1111/rssc.12068,"Applied Statistics",2014-05-27,5,journal-article,Wiley,"Simon N Wood - University of Bath; Yannig Goude - Électricité de France (France); Simon Shaw - University of Bath",,
"A technical and economic analysis of one potential pathway to a 100% renewable energy system",10.5278/ijsepm.2014.1.2,"International Journal of Sustainable Energy Planning and Management",2014-05-22,3,works,"International Journal of Sustainable Energy Planning and Management","David Connolly - Aalborg University; Brian Vad Mathiesen - Aalborg University",,
"Reduction of emissions from Brazilian cattle raising and the generation of energy: Intensification and confinement potentials",10.1016/j.enpol.2014.01.041,"Energy Policy",2014-05-01,4,journal-article,"Elsevier BV","Giuseppe Cernicchiaro Palermo - Universidade Federal do Rio de Janeiro; Giuseppe Cernicchiaro Palermo - Centro de Tecnologia Mineral; Alexandre D’Avignon - Universidade Federal do Rio de Janeiro; Alexandre D’Avignon - Centro de Tecnologia Mineral; Marcos Aurélio Vasconcelos de Freitas - Universidade Federal do Rio de Janeiro; Marcos Aurélio Vasconcelos de Freitas - Centro de Tecnologia Mineral",,"0000-0002-9242-1288; 0000-0003-1736-9827"
"Optimal Prediction Intervals of Wind Power Generation",10.1109/tpwrs.2013.2288100,"IEEE Transactions on Power Systems",2014-05-01,2,journal-article,"Institute of Electrical and Electronics Engineers (IEEE)","Can Wan - Hong Kong Polytechnic University; Zhao Xu - Hong Kong Polytechnic University; Pierre Pinson - Technical University of Denmark; Zhao Yang Dong - The University of Sydney; Kit Po Wong - The University of Western Australia",,"0000-0001-9659-0858; 0000-0002-1480-0282; 0000-0002-7713-3800; 0000-0003-0263-9812; 0000-0003-4480-7394"
"Dry cooling of concentrating solar power (CSP) plants, an economic competitive option for the desert regions of the MENA region",10.1016/j.solener.2014.02.039,"Solar Energy",2014-05-01,3,journal-article,"Elsevier BV","Ahmed Liqreina - University of Kassel",,
"Index decomposition analysis of residential energy consumption in China: 2002–2010",10.1016/j.apenergy.2014.01.070,"Applied Energy",2014-05-01,17,journal-article,"Elsevier BV","Hongguang Nie - Changchun University of Science and Technology; Hongguang Nie - Maastricht University; René Kemp - United Nations University – Maastricht Economic and Social Research Institute on Innovation and Technology; René Kemp - Maastricht University",,
"Energy markets volatility modelling using GARCH",10.1016/j.eneco.2014.02.018,"Energy Economics",2014-05-01,2,journal-article,"Elsevier BV","Olga Efimova - University of Calgary; Apostolos Serletis - University of Calgary",,0000-0002-4169-7524
"Probabilistic Forecasting of Wind Power Generation Using Extreme Learning Machine",10.1109/tpwrs.2013.2287871,"IEEE Transactions on Power Systems",2014-05-01,1,journal-article,"Institute of Electrical and Electronics Engineers (IEEE)","Can Wan - Hong Kong Polytechnic University; Zhao Xu - Hong Kong Polytechnic University; Pierre Pinson - Technical University of Denmark; Zhao Yang Dong - The University of Sydney; Kit Po Wong - The University of Western Australia",,"0000-0001-9659-0858; 0000-0002-1480-0282; 0000-0002-7713-3800; 0000-0003-0263-9812; 0000-0003-4480-7394"
"Specific energy consumption values for various refrigerated food cold stores",10.1016/j.enbuild.2013.11.075,"Energy and Buildings",2014-05-01,6,journal-article,"Elsevier BV","Judith Evans - London South Bank University; Kostadin Fikiin - Technical University of Sofia; A Foster - London South Bank University; J M Huet - Danish Technological Institute; Claudio Zilio - University of Padua; Milan Houška - Food Research Institute Prague; Aleš Landfeld - Food Research Institute Prague; Lars Reinholdt - Danish Technological Institute; M Scheurs - Transnational University Limburg",,
"Long-term scenario alternatives and their implications: LEAP model application of Panama׳s electricity sector",10.1016/j.enpol.2014.01.028,"Energy Policy",2014-05-01,4,journal-article,"Elsevier BV","Madeleine McPherson - University of Toronto; Bryan Karney - University of Toronto",,
"Reduced-order residential home modeling for model predictive control",10.1016/j.enbuild.2014.01.033,"Energy and Buildings",2014-05-01,1,journal-article,"Elsevier BV","Wesley Cole - The University of Texas at Austin; Kody M Powell - The University of Texas at Austin; Elaine Hale - National Laboratory of the Rockies; Thomas F Edgar - The University of Texas at Austin",,"0000-0001-9904-6671; 0000-0002-9194-065X; 0000-0003-2571-0386"
"Short-term electricity planning with increase wind capacity",10.1016/j.energy.2014.01.037,Energy,2014-05-01,2,journal-article,"Elsevier BV","Sérgio Pereira - University of Minho; Paula Ferreira - University of Minho; A Ismael F Vaz - University of Minho",,"0000-0001-8922-6951; 0000-0002-3712-4803; 0000-0002-9972-7474"
"Energy dispatch schedule optimization for demand charge reduction using a photovoltaic-battery storage system with solar forecasting",10.1016/j.solener.2014.02.020,"Solar Energy",2014-05-01,2,journal-article,"Elsevier BV","Ryan Hanna - University of California San Diego; Jan Kleissl - University of California San Diego; A Nottrott - University of California San Diego; Michael Ferry - University of California San Diego",,"0000-0002-8120-8676; 0000-0003-4364-0211"
"Sea level rise in the Severn Estuary and Bristol Channel and impacts of a Severn Barrage",10.1016/j.cageo.2013.12.011,"Computers & Geosciences",2014-05-01,2,journal-article,"Elsevier BV","Reza Ahmadian - Cardiff University; Agnieszka I Olbert - Ollscoil na Gaillimhe – University of Galway; Michael Hartnett - Ollscoil na Gaillimhe – University of Galway; Roger A Falconer - Cardiff University",,"0000-0001-5960-2864; 0000-0001-6222-362X; 0000-0002-7855-1983; 0000-0003-2665-4734"
"Autoregressive with Exogenous Variables and Neural Network Short-Term Load Forecast Models for Residential Low Voltage Distribution Networks",10.3390/en7052938,Energies,2014-04-30,1,journal-article,"MDPI AG","Christopher Bennett - Griffith University; Rodney A Stewart - Griffith University; Junwei Lu - Griffith University",,"0000-0001-9942-4265; 0000-0002-6013-3505; 0000-0002-8467-6192"
"A novel mode-characteristic-based decomposition ensemble model for nuclear energy consumption forecasting",10.1007/s10479-014-1595-5,"Annals of Operations Research",2014-04-28,1,journal-article,"Springer Nature","Ling Tang - Beijing University of Chemical Technology; Shuai Wang - Chinese Academy of Sciences; Kaijian He - Beijing University of Chemical Technology; Shouyang Wang - Chinese Academy of Sciences",,"0000-0001-5773-998X; 0000-0001-6848-0686; 0000-0001-8097-4435; 0000-0002-2522-9675"
"Optimal Time to Invest Energy Storage System under Uncertainty Conditions",10.3390/en7042701,Energies,2014-04-24,2,journal-article,"MDPI AG","Yongma Moon - University of Seoul",,
"Impact of unpredictable renewables on gas-balancing design in Europe",10.1016/j.apenergy.2014.01.011,"Applied Energy",2014-04-01,1,journal-article,"Elsevier BV","Nico Keyaerts - KU Leuven; Erik Delarue - KU Leuven; Yannick Rombauts - KU Leuven; William D’haeseleer - KU Leuven",,"0000-0002-4972-147X; 0000-0003-1798-1274"
"TACT: A Transfer Actor-Critic Learning Framework for Energy Saving in Cellular Radio Access Networks",10.1109/twc.2014.022014.130840,"IEEE Transactions on Wireless Communications",2014-04-01,1,journal-article,"Institute of Electrical and Electronics Engineers (IEEE)","Rongpeng Li - Zhejiang University; Zhifeng Zhao - Zhejiang University; Xianfu Chen - VTT Technical Research Centre of Finland; Jacques Palicot - Supélec; Honggang Zhang - Supélec; Honggang Zhang - Université Européenne de Bretagne",,
"Wind power bidding in electricity markets with high wind penetration",10.1016/j.apenergy.2013.11.055,"Applied Energy",2014-04-01,3,journal-article,"Elsevier BV","Michael Vilim - University of Illinois Urbana-Champaign; Michael Vilim - Argonne National Laboratory; Audun Botterud - Argonne National Laboratory",,0000-0002-5706-5636
"Germany�s Nuclear Phase Out - A Survey of the Impact since 2011 and Outlook to 2023",10.5547/2160-5890.3.2.fkun,"Economics of Energy & Environmental Policy",2014-04-01,7,journal-article,"International Association for Energy Economics (IAEE)",,,
"Electrification planning using Network Planner tool: The case of Ghana",10.1016/j.esd.2013.12.009,"Energy for Sustainable Development",2014-04-01,11,journal-article,"Elsevier BV","Francis Kemausuor - Kwame Nkrumah University of Science and Technology; Edwin Adkins - Columbia University; Isaac Adu-Poku - Kwame Nkrumah University of Science and Technology; Abeeku Brew-Hammond - Kwame Nkrumah University of Science and Technology; Vijay Modi - Columbia University",,
"Short-Term Electrical Peak Demand Forecasting in a Large Government Building Using Artificial Neural Networks",10.3390/en7041935,Energies,2014-03-27,1,journal-article,"MDPI AG","Jason Lee Grant - University of Miami; Moataz Eltoukhy - University of Miami; Shihab Asfour - University of Miami",,"0000-0001-5052-9402; 0000-0003-3120-6944"
"Comparison between Underground Cable and Overhead Line for a Low-Voltage Direct Current Distribution Network Serving Communication Repeater",10.3390/en7031656,Energies,2014-03-20,1,journal-article,"MDPI AG","Jae-Han Kim - Korea Electric Power Corporation (South Korea); Ju-Yong Kim - Korea Electric Power Corporation (South Korea); Jin-Tae Cho - Korea Electric Power Corporation (South Korea); Il-Keun Song - Korea Electric Power Corporation (South Korea); Bo-Min Kweon - Kookmin University; Il‐Yop Chung - Kookmin University; Joon‐Ho Choi - Chonnam National University",,"0000-0002-0258-1369; 0000-0002-2738-5372; 0000-0002-4617-102X; 0000-0003-4630-4387"
"Affective Influences on Energy-Related Decisions and Behaviors",10.3389/fenrg.2014.00011,"Frontiers in Energy Research",2014-03-17,24,journal-article,"Frontiers Media SA","Tobias Brosch - University of Geneva; M Patel - University of Geneva; David Sander - University of Geneva",,
"Artificial Neural Network for Short-Term Load Forecasting in Distribution Systems",10.3390/en7031576,Energies,2014-03-17,1,journal-article,"MDPI AG","Luís Hernández-Callejo - Centro de Investigaciones Energéticas, Medioambientales y Tecnológicas; Carlos Baladrón - Universidad de Valladolid; Javier M Aguiar - Universidad de Valladolid; Lorena Calavia - Universidad de Valladolid; Belén Carro - Universidad de Valladolid; Antonio Sánchez-Esguevillas - Universidad de Valladolid; Francisco Pérez-Hernández - Universidad de Zaragoza; Ángel Fernández - Universidad Rey Juan Carlos; Jaime Lloret - Universitat Politècnica de València",,"0000-0001-6164-1440; 0000-0001-7051-8479; 0000-0002-0862-0533; 0000-0002-1580-1615; 0000-0002-7199-2786; 0000-0002-8822-2948; 0000-0003-3515-4379; 0000-0003-3620-1106"
"Perceptions of water use",10.1073/pnas.1316402111,"Proceedings of the National Academy of Sciences",2014-03-03,10,journal-article,"Proceedings of the National Academy of Sciences","Shahzeen Z Attari - Indiana University Bloomington",,
"Analysis of the cost of reliable electricity: A new method for analyzing grid connected solar, diesel and hybrid distributed electricity systems considering an unreliable electric grid, with examples in Uganda",10.1016/j.energy.2014.01.020,Energy,2014-03-01,5,journal-article,"Elsevier BV","Patrick M Murphy - George Washington University; Patrick M Murphy - University of Notre Dame; Ssennoga Twaha - King Fahd University of Petroleum and Minerals; Inês S Murphy - Murphy Oil Corporation (United States)",,"0000-0002-7146-6698; 0000-0003-3768-586X"
"The magnitude of the impact of a shift from coal to gas under a Carbon Price",10.1016/j.enpol.2013.11.003,"Energy Policy",2014-03-01,2,journal-article,"Elsevier BV","Liam Wagner - The University of Queensland; Lynette Molyneaux - The University of Queensland; John Foster - The University of Queensland",,"0000-0002-2601-1539; 0000-0002-4810-0823; 0000-0003-1297-5801"
"Investment and production costs of synthetic fuels – A literature survey",10.1016/j.energy.2014.01.093,Energy,2014-03-01,11,journal-article,"Elsevier BV","Geert Haarlemmer - Commissariat à l'Énergie Atomique et aux Énergies Alternatives; Geert Haarlemmer - Laboratoire d’Innovation pour les Technologies des Énergies Nouvelles et les nanomatériaux; Guillaume Boissonnet - Commissariat à l'Énergie Atomique et aux Énergies Alternatives; Guillaume Boissonnet - Laboratoire d’Innovation pour les Technologies des Énergies Nouvelles et les nanomatériaux; Emanuela Peduzzi - Laboratoire d’Innovation pour les Technologies des Énergies Nouvelles et les nanomatériaux; Emanuela Peduzzi - École Polytechnique Fédérale de Lausanne; Emanuela Peduzzi - Commissariat à l'Énergie Atomique et aux Énergies Alternatives; Pierre-Alexandre Setier - Laboratoire d’Innovation pour les Technologies des Énergies Nouvelles et les nanomatériaux; Pierre-Alexandre Setier - Commissariat à l'Énergie Atomique et aux Énergies Alternatives",,
"An interactive building power demand management strategy for facilitating smart grid optimization",10.1016/j.apenergy.2013.11.064,"Applied Energy",2014-03-01,2,journal-article,"Elsevier BV","Xue Xue - Hong Kong Polytechnic University; Shengwei Wang - Hong Kong Polytechnic University; Yongjun Sun - Hong Kong Polytechnic University; Fu Xiao - Hong Kong Polytechnic University",,"0000-0002-3779-3943; 0000-0002-4676-5186; 0000-0002-9684-590X"
"Autonomous Appliance Scheduling for Household Energy Management",10.1109/tsg.2013.2271427,"IEEE Transactions on Smart Grid",2014-03-01,1,journal-article,"Institute of Electrical and Electronics Engineers (IEEE)","Christopher O Adika - University of Toledo; Lingfeng Wang - University of Toledo",,0000-0003-1658-9860
"The social smart grid: Dealing with constrained energy resources through social coordination",10.1016/j.jss.2013.04.052,"Journal of Systems and Software",2014-03-01,2,journal-article,"Elsevier BV","Florian Skopik - Austrian Institute of Technology",,0000-0002-1922-7892
"Value of Price Responsive Load for Wind Integration in Unit Commitment",10.1109/tpwrs.2013.2283516,"IEEE Transactions on Power Systems",2014-03-01,1,journal-article,"Institute of Electrical and Electronics Engineers (IEEE)","Cedric De Jonghe - KU Leuven; Benjamin F Hobbs - Johns Hopkins University; Ronnie Belmans - KU Leuven",,0000-0003-1783-3597
"Two-Stage Robust Generation Expansion Planning: A Mixed Integer Linear Programming Model",10.1109/tpwrs.2013.2287457,"IEEE Transactions on Power Systems",2014-03-01,2,journal-article,"Institute of Electrical and Electronics Engineers (IEEE)","Shahab Dehghan - Iran University of Science and Technology; Nima Amjady - Semnan University; A Kazemi - Iran University of Science and Technology",,"0000-0001-8036-475X; 0000-0003-1308-1738"
"Assessing complementarity of wind and solar resources for energy production in Italy. A Monte Carlo approach",10.1016/j.renene.2013.10.028,"Renewable Energy",2014-03-01,4,journal-article,"Elsevier BV","Fabio Monforti-Ferrario - Joint Research Centre; Thomas Huld - Joint Research Centre; Katalin Bódis - Joint Research Centre; Lina Vitali - National Agency for New Technologies, Energy and Sustainable Economic Development; Massimo D’Isidoro - National Agency for New Technologies, Energy and Sustainable Economic Development; Lacal Arantegui Roberto - Joint Research Centre",,"0000-0002-2854-9260; 0000-0002-4261-7012; 0000-0002-5134-8328; 0000-0002-9328-1512; 0000-0002-9737-4417; 0000-0003-3272-2684"
"Impact of climate change on electricity systems and markets – A review of models and forecasts",10.1016/j.seta.2013.11.003,"Sustainable Energy Technologies and Assessments",2014-03-01,23,journal-article,"Elsevier BV","Shankar Chandramowli - Rutgers, The State University of New Jersey; Frank A Felder - Rutgers, The State University of New Jersey",,
"Energy demand, emissions forecasts and mitigation strategies modeled over a medium-range horizon: The case of the land transportation sector in Metro Manila",10.1016/j.enpol.2013.11.026,"Energy Policy",2014-03-01,1,journal-article,"Elsevier BV","Mohammad Ahanchian - De La Salle University; Jose Bienvenido Manuel Biona - De La Salle University",,"0000-0002-5765-2873; 0000-0003-3689-7596"
"Survey of Western U.S. electric utility resource plans",10.1016/j.enpol.2013.11.029,"Energy Policy",2014-03-01,7,journal-article,"Elsevier BV","Jordan Wilkerson - Stanford University; Peter H Larsen - Stanford University; Peter H Larsen - Lawrence Berkeley National Laboratory; Galen Barbose - Lawrence Berkeley National Laboratory",,
"A comprehensive analysis of electric energy consumption of single point incremental forming processes",10.1016/j.jclepro.2013.12.022,"Journal of Cleaner Production",2014-03-01,2,journal-article,"Elsevier BV","Giuseppe Ingarao - University of Palermo; Hans Vanhove - KU Leuven; Karel Kellens - KU Leuven; Joost R Duflou - KU Leuven",,"0000-0002-0340-6669; 0000-0002-7265-9686; 0000-0002-8599-3288; 0000-0002-9423-2149"
"Forest biomass supply chains in Ireland: A life cycle assessment of GHG emissions and primary energy balances",10.1016/j.apenergy.2013.11.041,"Applied Energy",2014-03-01,1,journal-article,"Elsevier BV","Fionnuala Murphy - University College Dublin; Ger Devlin - University College Dublin; Kevin McDonnell - University College Dublin",,
"Predicting energy consumption of multiproduct pipeline using artificial neural networks",10.1016/j.energy.2014.01.062,Energy,2014-03-01,1,journal-article,"Elsevier BV","Chunlei Zeng - China University of Petroleum, Beijing; Changchun Wu - China University of Petroleum, Beijing; Lili Zuo - China University of Petroleum, Beijing; Bin Zhang - China University of Petroleum, Beijing; Xingqiao Hu - China University of Petroleum, Beijing",,"0000-0002-3272-5124; 0000-0002-6735-006X; 0000-0003-0633-2930"
"Energy Security Analysis: The case of constrained oil supply for Ireland",10.1016/j.enpol.2013.11.043,"Energy Policy",2014-03-01,5,journal-article,"Elsevier BV","James Glynn - University College Cork; Alessandro Chiodi - University College Cork; Maurizio Gargiulo - Environment Park; Maurizio Gargiulo - University College Cork; Paul Deane - University College Cork; Morgan Bazilian - Strategic Analysis (United States); Brian Ó Gallachóir - University College Cork",,
"The Smart Grid—State-of-the-art and Future Trends",10.1080/15325008.2013.868558,"Electric Power Components and Systems",2014-02-05,2,journal-article,"Informa UK Limited","M.E El-Hawary - Dalhousie University",,0000-0002-0254-6272
"Pseudo dynamic transitional modeling of building heating energy demand using artificial neural network",10.1016/j.enbuild.2013.11.051,"Energy and Buildings",2014-02-01,1,journal-article,"Elsevier BV","Mohamed Elmtiri - Veolia (France); Olivier Le Corre - Laboratoire de Génie des Procédés – Environnement – Agro-alimentaire; Bruno Lacarrière - Laboratoire de Génie des Procédés – Environnement – Agro-alimentaire",,
"Towards grid parity in insular energy systems: The case of photovoltaics (PV) in Cyprus",10.1016/j.enpol.2013.10.045,"Energy Policy",2014-02-01,2,journal-article,"Elsevier BV","Paris A Fokaides - Frederick University; Angeliki Kylili - Frederick University",,
"Forecasting uptake of retrofit packages in office building stock under government incentives",10.1016/j.enpol.2013.10.041,"Energy Policy",2014-02-01,2,journal-article,"Elsevier BV","Andrew Higgins - Commonwealth Scientific and Industrial Research Organisation; Andrew Higgins - Ecosystem Sciences; Michael Syme - Ecosystem Sciences; Michael Syme - Commonwealth Scientific and Industrial Research Organisation; James McGregor - Commonwealth Scientific and Industrial Research Organisation; Leorey Marquez - CSIRO Manufacturing; Seongwon Seo - Ecosystem Sciences; Seongwon Seo - Commonwealth Scientific and Industrial Research Organisation",,"0000-0002-0666-3505; 0000-0002-4131-0545; 0000-0002-6038-9260"
"Prediction of future energy consumption reduction using GRC envelope optimization for residential buildings in Egypt",10.1016/j.enbuild.2013.11.057,"Energy and Buildings",2014-02-01,2,journal-article,"Elsevier BV","Mohammad Fahmy - Military Technical College; Mohamed M Mahdy - Military Technical College; Mohamed M Mahdy - University of Kent; Marialena Nikolopoulou - University of Kent",,"0000-0002-0528-2145; 0000-0002-2537-8312; 0000-0003-3566-4715"
"The impact on electricity demand and emissions due to the introduction of electric cars in the São Paulo Power System",10.1016/j.enpol.2013.09.052,"Energy Policy",2014-02-01,4,journal-article,"Elsevier BV","Jamil Haddad - Universidade Federal de Itajubá; Luiz Augusto Horta Nogueira - Universidade Federal de Itajubá; Edson C Bortoni - Universidade Federal de Itajubá; José Luiz Gonçalves - Universidade Federal de Itajubá",,
"Use of model predictive control for experimental microgrid optimization",10.1016/j.apenergy.2013.10.027,"Applied Energy",2014-02-01,3,journal-article,"Elsevier BV","Alessandra Parisio - KTH Royal Institute of Technology; Evangelos Rikos - Center for Renewable Energy Sources and Saving; G Tzamalis - Center for Renewable Energy Sources and Saving; Luigi Glielmo - University of Sannio",,
"Electrical consumption of two-, three- and four-wheel light-duty electric vehicles in India",10.1016/j.apenergy.2013.10.043,"Applied Energy",2014-02-01,1,journal-article,"Elsevier BV","Samveg Saxena - Lawrence Berkeley National Laboratory; Anandasivam Gopal - Lawrence Berkeley National Laboratory; Amol Phadke - Lawrence Berkeley National Laboratory",,"0000-0001-9270-5961; 0000-0002-2607-1689; 0000-0002-4266-410X"
"Estimates of the potential for energy conservation and CO2 emissions mitigation based on Asian-Pacific Integrated Model (AIM): the case of the iron and steel industry in China",10.1016/j.jclepro.2013.09.008,"Journal of Cleaner Production",2014-02-01,2,journal-article,"Elsevier BV","Zongguo Wen - Tsinghua University; Fanxin Meng - Tsinghua University; Min Chen - China Southern Power Grid (China)",,"0000-0001-6311-7124; 0000-0002-8956-4149; 0000-0003-2670-0112"
"The electric energy potential of landfill biogas in Brazil",10.1016/j.enpol.2013.10.028,"Energy Policy",2014-02-01,1,journal-article,"Elsevier BV","Regina Mambeli Barros - Universidade Federal de Itajubá; Geraldo Lúcio Tiago Filho - Universidade Federal de Itajubá; Tiago Rodrigo da Silva - Universidade Federal de Itajubá",,"0000-0002-2755-4316; 0000-0003-3154-2956"
"Improved Active Power Filter Performance for Renewable Power Generation Systems",10.1109/tpel.2013.2257854,"IEEE Transactions on Power Electronics",2014-02-01,1,journal-article,"Institute of Electrical and Electronics Engineers (IEEE)","Pablo Acuna - University of Concepción; L Morán - University of Concepción; Marco Rivera - University of Talca; J Dixon - Pontificia Universidad Católica de Chile; José Rodríguez - Valparaiso University; José Rodríguez - Federico Santa María Technical University",,
"Electricity demand, GDP and employment: evidence from Italy",10.1007/s11708-014-0296-8,"Frontiers in Energy",2014-01-15,2,journal-article,"Springer Nature","Cosimo Magazzino - Roma Tre University",,0000-0002-3176-9838
"Public anxiety after the 2011 Tohoku earthquake: fluctuations in hazard perception after catastrophe",10.1080/13669877.2013.875936,"Journal of Risk Research",2014-01-03,2,journal-article,"Informa UK Limited","Kazuya Nakayachi - Doshisha University; H Yokoyama - The University of Tokyo; H Yokoyama - Tokyo University of Science; Satoko Oki - Keio University Shonan Fujisawa",,0000-0003-4760-762X
"The Impact of Smart Grid Prosumer Grouping on Forecasting Accuracy and Its Benefits for Local Electricity Market Trading",10.1109/tsg.2013.2278868,"IEEE Transactions on Smart Grid",2014-01-01,1,journal-article,"Institute of Electrical and Electronics Engineers (IEEE)",,,
"Electric vehicles charging control in a smart grid: A model predictive control approach",10.1016/j.conengprac.2013.10.005,"Control Engineering Practice",2014-01-01,1,journal-article,"Elsevier BV","Alessandro Di Giorgio - Sapienza University of Rome; Francesco Liberati - Sapienza University of Rome; Silvia Canale - Sapienza University of Rome",,
"Building Energy Doctors: An SPC and Kalman Filter-Based Method for System-Level Fault Detection in HVAC Systems",10.1109/tase.2012.2226155,"IEEE Transactions on Automation Science and Engineering",2014-01-01,1,journal-article,"Institute of Electrical and Electronics Engineers (IEEE)","Biao Sun - Tsinghua University; Peter B Luh - University of Connecticut; Qing‐Shan Jia - Tsinghua University; Zheng O’Neill - Hartford Financial Services (United States)",,"0000-0001-7082-1320; 0000-0002-4683-7215; 0000-0002-5158-7388; 0000-0002-8839-7174"
"Spanish biofuels heating value estimation. Part I: Ultimate analysis data",10.1016/j.fuel.2013.08.048,Fuel,2014-01-01,1,journal-article,"Elsevier BV","R García - Universidad de Oviedo; Consuelo Pizarro - Universidad de Oviedo; Antonio Gutiérrez Lavín - Universidad de Oviedo; Julio L Bueno - Universidad de Oviedo",,"0000-0002-1851-876X; 0000-0003-3917-887X"
"Local Short and Middle Term Electricity Load Forecasting With Semi-Parametric Additive Models",10.1109/tsg.2013.2278425,"IEEE Transactions on Smart Grid",2014-01-01,2,journal-article,"Institute of Electrical and Electronics Engineers (IEEE)","Yannig Goude - Électricité de France (France); Raphaël Nedellec - Électricité de France (France)",,
"Solar-generated steam for oil recovery: Reservoir simulation, economic analysis, and life cycle assessment",10.1016/j.enconman.2013.10.026,"Energy Conversion and Management",2014-01-01,6,journal-article,"Elsevier BV","Joel Sandler - Stanford University; Garrett Fowler - Stanford University; Kris Cheng - Stanford University; Anthony R Kovscek - Stanford University",,"0000-0002-4338-1996; 0000-0003-1336-384X"
"Transmission grid extensions during the build-up of a fully renewable pan-European electricity supply",10.1016/j.energy.2013.10.010,Energy,2014-01-01,5,journal-article,"Elsevier BV","Sarah Becker - Goethe University Frankfurt; Sarah Becker - Frankfurt Institute for Advanced Studies; Rolando A Rodríguez - Aarhus University; Gorm Bruun Andresen - Aarhus University; Stefan Schramm - Frankfurt Institute for Advanced Studies; Stefan Schramm - Goethe University Frankfurt; Martin Greiner - Aarhus University",,
"Operating Strategies for a GB Integrated Gas and Electricity Network Considering the Uncertainty in Wind Power Forecasts",10.1109/tste.2013.2274818,"IEEE Transactions on Sustainable Energy",2014-01-01,1,journal-article,"Institute of Electrical and Electronics Engineers (IEEE)","Meysam Qadrdan - Cardiff University; Jianzhong Wu - Cardiff University; Nick Jenkins - Cardiff University; Janaka Ekanayake - Cardiff University",,"0000-0001-7928-3602; 0000-0002-1688-0191; 0000-0003-0362-3767; 0000-0003-3082-6260"
"Impact of Social Network Type and Structure on Modeling Normative Energy Use Behavior Interventions",10.1061/(asce)cp.1943-5487.0000314,"Journal of Computing in Civil Engineering",2014-01-01,1,journal-article,"American Society of Civil Engineers (ASCE)","Kyle Anderson - University of Michigan; Sang Hyun Lee - University of Michigan; Carol C Menassa - University of Michigan",,
"Forecasting Plug-In Electric Vehicle Sales and the Diurnal Recharging Load Curve",10.1109/tsg.2013.2294436,"IEEE Transactions on Smart Grid",2014-01-01,1,journal-article,"Institute of Electrical and Electronics Engineers (IEEE)","Zhaoyang Duan - Iowa State University; Brittni Gutierrez - Iowa State University; Lizhi Wang - Iowa State University",,0000-0002-5527-4047
"Quantifying the domestic electricity consumption for air-conditioning due to urban heat islands in hot arid regions",10.1016/j.apenergy.2013.06.013,"Applied Energy",2013-12-01,1,journal-article,"Elsevier BV","Hassan Radhi - International Hospital of Bahrain; Steve Sharples - University of Liverpool",,"0000-0002-1339-6927; 0000-0002-6309-9672"
"Renewable generation and electricity prices: Taking stock and new evidence for Germany and Austria",10.1016/j.eneco.2013.09.011,"Energy Economics",2013-12-01,27,journal-article,"Elsevier BV","Klaas Würzburg - Universidade de Vigo; Xavier Labandeira - Universidade de Vigo; Pedro Linares - Universidad Pontificia Comillas",,
"How to engage consumers in demand response: A contract perspective",10.1016/j.jup.2013.10.001,"Utilities Policy",2013-12-01,5,journal-article,"Elsevier BV","Xian He - European University Institute; Nico Keyaerts - European University Institute; Isabel Azevedo - European University Institute; Leonardo Meeus - Vlerick Business School; Leonardo Meeus - European University Institute; Leigh Hancher - Tilburg University; Jean–Michel Glachant - European University Institute",,"0000-0001-5865-0450; 0000-0001-5915-2787; 0000-0002-0237-5629; 0000-0003-1490-816X"
"Reducing the energy consumption and CO2 emissions of energy intensive industries through decision support systems – An example of application to the steel industry",10.1016/j.apenergy.2013.05.005,"Applied Energy",2013-12-01,2,journal-article,"Elsevier BV","Giacomo Filippo Porzio - Scuola Superiore Sant'Anna; Barbara Fornai - Scuola Superiore Sant'Anna; Alessandro Amato - Scuola Superiore Sant'Anna; Nicola Matarese - Scuola Superiore Sant'Anna; Marco Vannucci - Scuola Superiore Sant'Anna; Lisa Chiappelli - Lucchini (Italy); Valentina Colla - Scuola Superiore Sant'Anna",,
"A hierarchical cost learning model for developing wind energy infrastructures",10.1016/j.ijpe.2013.03.017,"International Journal of Production Economics",2013-12-01,3,journal-article,"Elsevier BV","Amy J.C Trappey - National Tsing Hua University; Charles V Trappey - National Yang Ming Chiao Tung University; Penny H.Y Liu - National Tsing Hua University; Lee-Cheng Lin - ITRI International; Jerry J R Ou - Bureau of Energy; Jerry J R Ou - Ministry of Economic Affairs",,"0000-0001-7651-7012; 0000-0002-3069-6702"
"Solar irradiance forecasting using spatial-temporal covariance structures and time-forward kriging",10.1016/j.renene.2013.05.030,"Renewable Energy",2013-12-01,2,journal-article,"Elsevier BV","Dazhi Yang - National University of Singapore; Gu Chaojun - National University of Singapore; Zibo Dong - National University of Singapore; Panida Jirutitijaroen - National University of Singapore; Nan Chen - National University of Singapore; W Walsh - National University of Singapore",,"0000-0002-6054-6414; 0000-0003-2162-6873; 0000-0003-2495-5234"
"Chance-Constrained Optimization of Demand Response to Price Signals",10.1109/tsg.2013.2258412,"IEEE Transactions on Smart Grid",2013-12-01,1,journal-article,"Institute of Electrical and Electronics Engineers (IEEE)","Gianluca Dorini - Technical University of Denmark; Pierre Pinson - Technical University of Denmark; Henrik Madsen - Technical University of Denmark",,"0000-0002-1480-0282; 0000-0003-0690-3713"
"Natural Gas Pricing Mechanism Reform and its Impacts on Future Energy Options in China",10.1260/0958-305x.24.7-8.1209,"Energy & Environment",2013-12-01,3,journal-article,"SAGE Publications","Mingye Gao - China University of Petroleum, Beijing; Zhen Wang - China University of Petroleum, Beijing; Qianyu Wu - China University of Petroleum, Beijing; Yang Yang - China University of Petroleum, Beijing",,
"Predicting the costs of photovoltaic solar modules in 2020 using experience curve models",10.1016/j.energy.2013.09.037,Energy,2013-12-01,23,journal-article,"Elsevier BV","Arnaud de la Tour - École Nationale Supérieure des Mines de Paris; Matthieu Glachant - École Nationale Supérieure des Mines de Paris; Yann Ménière - École Nationale Supérieure des Mines de Paris",,
"SWAMP: An agent-based model for wetland and waterfowl conservation management",10.1177/0037549713511864,SIMULATION,2013-11-26,2,journal-article,"SAGE Publications","Matt L Miller - University of California, Berkeley; Matt L Miller - California Department of Fish and Wildlife; Kevin M Ringelman - California Department of Fish and Wildlife; Kevin M Ringelman - University of Delaware; Jeffrey C Schank - University of California, Berkeley; John M Eadie - California Department of Fish and Wildlife",,"0000-0001-9573-2703; 0000-0002-2377-6325; 0000-0003-0299-3432"
"Time-scale and extent at which large-scale circulation modes determine the wind and solar potential in the Iberian Peninsula",10.1088/1748-9326/8/4/044035,"Environmental Research Letters",2013-11-18,3,journal-article,"IOP Publishing","Sónia Jerez - University of Lisbon; Ricardo M Trigo - University of Lisbon",,
"Thermal comfort practices in the home and their impact on energy consumption",10.1080/17452007.2013.837243,"Architectural Engineering and Design Management",2013-11-12,3,journal-article,"Informa UK Limited","Christopher Tweed - Cardiff University; Dylan Dixon - Cardiff University; E Hinton - University of Southampton; Karen Bickerstaff - University of Exeter",,
"Electricity demand analysis and forecasting: A panel cointegration approach",10.1016/j.eneco.2013.07.003,"Energy Economics",2013-11-01,1,journal-article,"Elsevier BV","Alaa El‐Shazly - Cairo University",,
"Detection and Statistics of Wind Power Ramps",10.1109/tpwrs.2013.2266378,"IEEE Transactions on Power Systems",2013-11-01,1,journal-article,"Institute of Electrical and Electronics Engineers (IEEE)","Raffi Sevlian - Stanford University; Ram Rajagopal - Stanford University",,"0000-0002-1820-0671; 0000-0002-4961-9539"
"Revisiting the weather effect on energy consumption: Implications for the impact of climate change",10.1016/j.enpol.2013.07.056,"Energy Policy",2013-11-01,2,journal-article,"Elsevier BV",,,
"Multi-criteria decision making under uncertainty in building performance assessment",10.1016/j.buildenv.2013.07.019,"Building and Environment",2013-11-01,1,journal-article,"Elsevier BV","Christina J Hopfe - Cardiff University; Godfried Augenbroe - Georgia Institute of Technology; Jlm Jan Hensen - Eindhoven University of Technology",,
"Determinants of green electricity tariff uptake in the UK",10.1016/j.enpol.2013.07.089,"Energy Policy",2013-11-01,3,journal-article,"Elsevier BV","Ronnie MacPherson - University of Stirling; Ian Lange - University of Stirling",,
"Analysis of the imbalance price scheme in the Spanish electricity market: A wind power test case",10.1016/j.enpol.2013.08.039,"Energy Policy",2013-11-01,1,journal-article,"Elsevier BV","Miriam Bueno - Universidad Carlos III de Madrid; M Ángeles Moreno - Universidad Carlos III de Madrid; Julio Usaola - Universidad Carlos III de Madrid",,"0000-0001-8359-6919; 0000-0002-1513-1893; 0000-0002-9342-4798"
"Mobilizing private funds for carbon capture and storage: An exploratory field study in the Netherlands",10.1016/j.ijggc.2013.09.015,"International Journal of Greenhouse Gas Control",2013-11-01,1,journal-article,"Elsevier BV","Mark Sanders - Utrecht University; Sabine Fuss - Mercator Research Institute on Global Commons and Climate Change; Sabine Fuss - International Institute for Applied Systems Analysis; Peter‐Jan Engelen - Utrecht University",,"0000-0002-8681-9839; 0000-0003-0578-5460; 0000-0003-4901-3921"
"Modeling and simulation to determine the potential energy savings by implementing cold thermal energy storage system in office buildings",10.1016/j.enconman.2013.06.018,"Energy Conversion and Management",2013-11-01,1,journal-article,"Elsevier BV","Behzad Rismanchi - University of Malaya; R Saidur - University of Malaya; H.H Masjuki - University of Malaya; T.M.I Mahlia - Universitas Syiah Kuala; T.M.I Mahlia - Universiti Tenaga Nasional",,"0000-0001-8631-2811; 0000-0001-8805-1627; 0000-0002-0513-7781; 0000-0002-6985-929X"
"Wind Energy: Forecasting Challenges for Its Operational Management",10.1214/13-sts445,"Statistical Science",2013-11-01,4,journal-article,"Institute of Mathematical Statistics",,,
"Smart Meter Driven Segmentation: What Your Consumption Says About You",10.1109/tpwrs.2013.2266122,"IEEE Transactions on Power Systems",2013-11-01,5,journal-article,"Institute of Electrical and Electronics Engineers (IEEE)",,,
"Post-occupancy studies of an office environment: Energy performance and occupants' satisfaction",10.1016/j.buildenv.2013.08.003,"Building and Environment",2013-11-01,3,journal-article,"Elsevier BV","M.M Agha-Hossein - University of Reading; Abbas Elmualim - University of Reading; Judi Ellis - University of Reading",,
"A statistical analysis of a residential energy consumption survey study in Hangzhou, China",10.1016/j.enbuild.2013.07.045,"Energy and Buildings",2013-11-01,5,journal-article,"Elsevier BV","Jun Chen - University of Cambridge; Xiaohong Wang - Zhejiang University; Xiaohong Wang - Zhejiang Province Institute of Architectural Design and Research; Koen Steemers - University of Cambridge",,
"Impact of onsite solar generation on system load demand forecast",10.1016/j.enconman.2013.08.026,"Energy Conversion and Management",2013-11-01,2,journal-article,"Elsevier BV","Amanpreet Kaur - University of California San Diego; Hugo T.C Pedro - University of California San Diego; Carlos F.M Coimbra - University of California San Diego",,"0000-0002-9428-3931; 0000-0003-3166-4451; 0000-0003-3402-2411"
"A simulation model for the design and analysis of wood pellet supply chains",10.1016/j.apenergy.2013.06.026,"Applied Energy",2013-11-01,2,journal-article,"Elsevier BV","Mahdi Mobini - University of British Columbia; Taraneh Sowlati - University of British Columbia; Shahab Sokhansanj - University of British Columbia; Shahab Sokhansanj - Oak Ridge National Laboratory",,0000-0001-9621-5556
"End use technology choice in the National Energy Modeling System (NEMS): An analysis of the residential and commercial building sectors",10.1016/j.eneco.2013.09.023,"Energy Economics",2013-11-01,5,journal-article,"Elsevier BV","Jordan Wilkerson - Stanford University; Danny Cullenward - Stanford Medicine; Danny Cullenward - Stanford University; Danielle Davidian - Stanford University; John P Weyant - Stanford University",,"0000-0002-6803-9572; 0000-0003-1447-9465"
"Measured and modeled photovoltaic system energy losses from snow for Colorado and Wisconsin locations",10.1016/j.solener.2013.07.029,"Solar Energy",2013-11-01,7,journal-article,"Elsevier BV","Bill Marion - National Laboratory of the Rockies",,
"Utilization of Coke Oven Gas and Converter Gas in the Direct Reduction of Lump Iron Ore",10.1007/s11663-013-9978-6,"Metallurgical and Materials Transactions B",2013-10-25,1,journal-article,"Springer Nature","Elsayed Mousa - Central Metallurgical Research and Development Institute; Elsayed Mousa - RWTH Aachen University; Alexander Babich - RWTH Aachen University; Dieter Senk - RWTH Aachen University",,"0000-0001-6588-6066; 0000-0003-3359-8478"
"Sperm competition drives the evolution of suicidal reproduction in mammals",10.1073/pnas.1310691110,"Proceedings of the National Academy of Sciences",2013-10-07,16,journal-article,"Proceedings of the National Academy of Sciences","Diana O Fisher - The University of Queensland; Chris R Dickman - The University of Sydney; Menna E Jones - University of Tasmania; Simon P Blomberg - The University of Queensland",,
"Changes in the Economic Value of Photovoltaic Generation at High Penetration Levels: A Pilot Case Study of California",10.1109/jphotov.2013.2263984,"IEEE Journal of Photovoltaics",2013-10-01,7,journal-article,"Institute of Electrical and Electronics Engineers (IEEE)","Andrew Mills - Lawrence Berkeley National Laboratory; Ryan Wiser - Lawrence Berkeley National Laboratory",,"0000-0002-2540-1092; 0000-0002-9065-0458"
"Coupled EnergyPlus and computational fluid dynamics simulation for natural ventilation",10.1016/j.buildenv.2013.04.002,"Building and Environment",2013-10-01,1,journal-article,"Elsevier BV","Khee Poh Lam - Carnegie Mellon University; Shi‐Chune Yao - Carnegie Mellon University; Yongjie Zhang - Carnegie Mellon University",,"0000-0001-7436-9757; 0000-0002-7733-0409"
"Lighting in educational environments: An example of a complete analysis of the effects of daylight and electric light on occupants",10.1016/j.buildenv.2013.04.005,"Building and Environment",2013-10-01,2,journal-article,"Elsevier BV","Laura Bellia - University of Naples Federico II; Alessia Pedace - University of Naples Federico II; Giuseppe Barbato - University of Campania ""Luigi Vanvitelli""",,
"Actual and theoretical gas consumption in Dutch dwellings: What causes the differences?",10.1016/j.enpol.2013.06.018,"Energy Policy",2013-10-01,6,journal-article,"Elsevier BV","Daša Majcen - Delft University of Technology; Laure Itard - Delft University of Technology; Henk Visscher - Delft University of Technology",,0000-0003-0929-1812
"Medium-term demand for European cross-border electricity transmission capacity",10.1016/j.enpol.2013.05.073,"Energy Policy",2013-10-01,4,journal-article,"Elsevier BV","Carlo Brancucci - Joint Research Centre; Carlo Brancucci - Delft University of Technology; M Vandenbergh - Joint Research Centre; Laurens J de Vries - Delft University of Technology; C Alecu - Joint Research Centre; Artūrs Purviņš - Joint Research Centre; Gianluca Fulli - Joint Research Centre; Thomas Huld - Joint Research Centre",,
"Development of an urban energy demand forecasting system to support environmentally friendly urban planning",10.1016/j.apenergy.2013.04.065,"Applied Energy",2013-10-01,1,journal-article,"Elsevier BV","Inae Yeo - Dong-A University; Seong-Hwan Yoon - Pusan National University; Jurng‐Jae Yee - Dong-A University",,"0000-0002-4075-4654; 0000-0003-2424-1186; 0000-0003-4497-0327"
"Solar feed-in tariffs and the merit order effect: A study of the German electricity market",10.1016/j.enpol.2013.05.060,"Energy Policy",2013-10-01,5,journal-article,"Elsevier BV","Åsa Grytli Tveten - Norwegian University of Life Sciences; Torjus Folsland Bolkesjø - Norwegian University of Life Sciences; Thomas Martinsen - Norwegian University of Life Sciences; Håvard Hvarnes - Hafslund (Norway)",,
"Historical daily gas and electrical energy flows through Great Britain's transmission networks and the decarbonisation of domestic heat",10.1016/j.enpol.2013.05.110,"Energy Policy",2013-10-01,2,journal-article,"Elsevier BV","Grant Wilson - University of Sheffield; Anthony J R Rennie - University of Sheffield; Yulong Ding - University of Leeds; Philip Eames - Loughborough University; Peter J Hall - University of Sheffield",,"0000-0001-8490-5349; 0000-0002-4254-8352; 0000-0003-4083-597X; 0000-0003-4629-4967"
"Engineering estimates versus impact evaluation of energy efficiency projects: Regression discontinuity evidence from a case study",10.1016/j.enpol.2013.06.122,"Energy Policy",2013-10-01,4,journal-article,"Elsevier BV","Corey Lang - University of Rhode Island; Matthew Siler - University of Rhode Island",,
"Model-based behaviour of a high temperature electrolyser system operated at various loads",10.1016/j.jpowsour.2013.03.027,"Journal of Power Sources",2013-10-01,2,journal-article,"Elsevier BV","Floriane Petipas - European Institute for Energy Research; Floriane Petipas - École Nationale Supérieure des Mines de Paris; Annabelle Brisse - European Institute for Energy Research; Chakib Bouallou - École Nationale Supérieure des Mines de Paris",,"0000-0002-9143-5223; 0000-0003-0088-7732"
"Data center demand response: Avoiding the coincident peak via workload shifting and local generation",10.1016/j.peva.2013.08.014,"Performance Evaluation",2013-10-01,1,journal-article,"Elsevier BV","Zhenhua Liu - California Institute of Technology; Adam Wierman - California Institute of Technology; Yuan Chen - Hewlett-Packard (United States); Benjamin Razon - California Institute of Technology; Niangjun Chen - California Institute of Technology",,"0000-0002-2289-9737; 0000-0002-5923-0199; 0000-0002-9477-1791; 0000-0003-4319-3896"
"Socio-technical issues in dwelling retrofit",10.1080/09613218.2013.815047,"Building Research & Information",2013-10-01,2,journal-article,"Informa UK Limited","Chris Tweed - Cardiff University",,
"Modelling driving behaviour and its impact on the energy management problem in hybrid electric vehicles",10.1080/00207160.2013.829567,"International Journal of Computer Mathematics",2013-09-24,3,journal-article,"Informa UK Limited","Carlos Guardiola - Universitat Politècnica de València; Benjamín Plá - Universitat Politècnica de València; David Blanco-Rodriguez - Universitat Politècnica de València; A Reig - Universitat Politècnica de València",,
"Lamp spectrum and spatial brightness at photopic levels: A basis for developing a metric",10.1177/1477153513503170,"Lighting Research & Technology",2013-09-20,1,journal-article,"SAGE Publications","S Fotios - University of Sheffield; Deniz Atlı - University of Sheffield; C Cheal - University of Sheffield; Kevin W Houser - Pennsylvania State University; Ásta Logadóttir - Aalborg University",,"0000-0001-6097-1560; 0000-0002-2410-7641"
"Thermal modelling of large scale exploitation of ground source energy in urban aquifers as a resource management tool",10.1016/j.apenergy.2013.03.005,"Applied Energy",2013-09-01,2,journal-article,"Elsevier BV",,,
"A model for predicting household end-use energy consumption and greenhouse gas emissions in Australia",10.1080/2093761x.2013.801801,"International Journal of Sustainable Building Technology and Urban Development",2013-09-01,4,journal-article,"Informa UK Limited","Zhengen Ren - Commonwealth Scientific and Industrial Research Organisation; Zhengen Ren - Ecosystem Sciences; Greg Foliente - Ecosystem Sciences; Greg Foliente - Commonwealth Scientific and Industrial Research Organisation; Wan-Yee Chan - Ecosystem Sciences; Wan-Yee Chan - Commonwealth Scientific and Industrial Research Organisation; Dong Chen - Ecosystem Sciences; Dong Chen - Commonwealth Scientific and Industrial Research Organisation; Michael Ambrose - Ecosystem Sciences; Michael Ambrose - Commonwealth Scientific and Industrial Research Organisation; Phillip Paevere - Ecosystem Sciences; Phillip Paevere - Commonwealth Scientific and Industrial Research Organisation",,"0000-0001-6495-678X; 0000-0001-8157-8311; 0000-0002-7429-4879; 0000-0003-1968-4978"
"Economic development, energy market integration and energy demand: Implications for East Asia",10.1016/j.esr.2012.12.011,"Energy Strategy Reviews",2013-09-01,1,journal-article,"Elsevier BV","Yu Sheng - Australian National University; Yu Sheng - Nankai University; Xunpeng Shi - Association of Southeast Asian Nations; Dandan Zhang - Peking University",,"0000-0001-9653-7395; 0000-0002-8467-6213; 0000-0003-3443-9946"
"Renewable electricity generation in India—A learning rate analysis",10.1016/j.enpol.2013.05.035,"Energy Policy",2013-09-01,4,journal-article,"Elsevier BV","Ian Partridge - The University of Texas at Austin",,
"Modeling and forecasting electricity spot prices: A functional data perspective",10.1214/13-aoas652,"The Annals of Applied Statistics",2013-09-01,2,journal-article,"Institute of Mathematical Statistics","Dominik Liebl - University of Cologne",,0000-0002-9282-4394
"Occupancy Prediction Algorithms for Thermostat Control Systems Using Mobile Devices",10.1109/tsg.2013.2247072,"IEEE Transactions on Smart Grid",2013-09-01,1,journal-article,"Institute of Electrical and Electronics Engineers (IEEE)","Seung-Woo Lee - Yonsei University; Yohan Chon - Yonsei University; Yunjong Kim - Yonsei University; Rhan Ha - Hongik University; Hojung Cha - Yonsei University",,"0000-0002-9060-5091; 0000-0003-1006-0333"
"Robust estimation and forecasting of the long-term seasonal component of electricity spot prices",10.1016/j.eneco.2013.04.004,"Energy Economics",2013-09-01,1,journal-article,"Elsevier BV","Jakub Nowotarski - Institute of Mathematics; Jakub Nowotarski - Wrocław University of Science and Technology; Jakub Tomczyk - Wrocław University of Science and Technology; Jakub Tomczyk - Institute of Mathematics; Rafał Weron - Wrocław University of Science and Technology",,0000-0003-1619-5239
"Integration of temperature and dust effects in siting large PV power plant in hot arid area",10.1016/j.renene.2013.02.031,"Renewable Energy",2013-09-01,2,journal-article,"Elsevier BV","Yassine Charabi - Sultan Qaboos University; Adel Gastli - Qatar University",,"0000-0002-6818-3320; 0000-0003-2054-688X"
"An Agent-Based Approach to Virtual Power Plants of Wind Power Generators and Electric Vehicles",10.1109/tsg.2013.2259270,"IEEE Transactions on Smart Grid",2013-09-01,1,journal-article,"Institute of Electrical and Electronics Engineers (IEEE)","Matteo Vasirani - École Polytechnique Fédérale de Lausanne; Ramachandra Kota - University of Southampton; Renato L G Cavalcante - Fraunhofer Institute for Telecommunications, Heinrich Hertz Institute; Sascha Ossowskí - Universidad Rey Juan Carlos; Nicholas R Jennings - University of Southampton",,"0000-0002-8826-7580; 0000-0003-0166-248X; 0000-0003-2483-9508"
"Routing systems to extend the driving range of electric vehicles",10.1049/iet-its.2013.0122,"IET Intelligent Transport Systems",2013-09-01,4,journal-article,"Institution of Engineering and Technology (IET)","Myriam Neaimeh - Newcastle University; Graeme Hill - Newcastle University; Yvonne Hübner - Newcastle University; PT Blythe - Newcastle University",,"0000-0001-6205-9268; 0000-0003-2134-1253"
"Cost, energy, and greenhouse gas analysis of fly ash stabilised cold in-place recycled asphalt pavement",10.1080/14680629.2013.779302,"Road Materials and Pavement Design",2013-09-01,1,journal-article,"Informa UK Limited","Xiaojun Li - Washington State University Spokane; Haifang Wen - Washington State University Spokane; Tuncer B Edil - University of Wisconsin–Madison; Renjuan Sun - Shandong University; T M VanReken - Washington State University Spokane",,"0000-0001-5030-6997; 0000-0002-2645-4911; 0000-0002-4319-9529; 0000-0002-9911-8329; 0000-0003-1205-4519"
"MPC-Based Appliance Scheduling for Residential Building Energy Management Controller",10.1109/tsg.2013.2265239,"IEEE Transactions on Smart Grid",2013-09-01,1,journal-article,"Institute of Electrical and Electronics Engineers (IEEE)","Chen Chen - Lehigh University; Jianhui Wang - Argonne National Laboratory; Yeonsook Heo - Argonne National Laboratory; Shalinee Kishore - Lehigh University",,"0000-0002-8364-5749; 0000-0002-9716-3484"
"Life cycle analysis of internal combustion engine, electric and fuel cell vehicles for China",10.1016/j.energy.2013.07.035,Energy,2013-09-01,5,journal-article,"Elsevier BV","Dawei Wang - Tianjin University; Nada Zamel - Fraunhofer Institute for Solar Energy Systems; Kui Jiao - Tianjin University; Yibo Zhou - Tianjin University; Shuhai Yu - Tianjin University; Qing Du - Tianjin University; Yan Yin - Tianjin University",,
"Assessing summertime urban air conditioning consumption in a semiarid environment",10.1088/1748-9326/8/3/034022,"Environmental Research Letters",2013-08-29,1,journal-article,"IOP Publishing","Francisco Salamanca - Arizona State University; Matei Georgescu - Arizona State University; Alex Mahalov - Arizona State University; M Moustaoui - Arizona State University; M Wang - Arizona State University; Bohumil M Svoma - University of Missouri",,"0000-0001-6904-9775; 0000-0001-7321-2483; 0000-0002-3793-4160; 0000-0002-4115-7368; 0000-0002-7103-1723"
"Causality Between Electricity Consumption and Economic Growth in Turkey: An ARDL Bounds Testing Approach",10.1080/15567241003681882,"Energy Sources, Part B: Economics, Planning, and Policy",2013-08-12,1,journal-article,"Informa UK Limited","Alper Aslan - Nevşehir Hacı Bektaş Veli University",,0000-0003-1408-0921
"Modelling uniformly porous facades to predict dwelling infiltration          rates",10.1177/0143624413499354,"Building Services Engineering Research and Technology",2013-08-12,1,journal-article,"SAGE Publications","Benjamin Jones - University College London; Ryan Lowe - Energy Institute; Ryan Lowe - University College London; Michael Davies - University College London; Zaid Chalabi - London School of Hygiene & Tropical Medicine; Payel Das - University College London; Ian Ridley - RMIT University",,
"Size-Energy Relationships in Ecological Communities",10.1371/journal.pone.0068657,"PLOS ONE",2013-08-07,1,journal-article,"Public Library of Science (PLoS)","Brent J Sewall - University of California, Davis; Brent J Sewall - Temple University; Amy L Freestone - Temple University; Joseph E Hawes - University of East Anglia; Ernest Andriamanarina - Université d’Antsiranana",,
"Carbon tax scenarios and their effects on the Irish energy sector",10.1016/j.enpol.2013.03.055,"Energy Policy",2013-08-01,9,journal-article,"Elsevier BV","Valeria Di Cosmo - Trinity College Dublin; Valeria Di Cosmo - Economic and Social Research Institute; Marie Hyland - Trinity College Dublin; Marie Hyland - Economic and Social Research Institute",,
"Modeling of the energy demand of the residential sector in the United States using regression models and artificial neural networks",10.1016/j.apenergy.2013.03.034,"Applied Energy",2013-08-01,2,journal-article,"Elsevier BV","Arash Kialashaki - University of Wisconsin–Milwaukee; John Reisel - University of Wisconsin–Milwaukee",,
"Assessment of climate change mitigation potential of the Macedonian transport sector",10.1016/j.energy.2013.05.011,Energy,2013-08-01,3,journal-article,"Elsevier BV","Aleksandar Dedinec - Macedonian Academy of Sciences and Arts; Nataša Markovska - Macedonian Academy of Sciences and Arts; Verica Taseska - Macedonian Academy of Sciences and Arts; Neven Duić - University of Zagreb; Gligor Kanevče - Macedonian Academy of Sciences and Arts",,"0000-0002-8926-6184; 0000-0003-2376-6466; 0000-0003-3314-8776; 0000-0003-4598-7585"
"End-users' experiences with electricity supply from stand-alone mini-grid solar PV power stations in rural areas of western China",10.1016/j.esd.2013.02.006,"Energy for Sustainable Development",2013-08-01,2,journal-article,"Elsevier BV","Chian-Woei Shyu - National Chung Cheng University",,
"The monitored performance of the first new London dwelling certified to the Passive House standard",10.1016/j.enbuild.2013.03.052,"Energy and Buildings",2013-08-01,4,journal-article,"Elsevier BV","Ian Ridley - RMIT University; Héctor Altamirano - University College London; Andrew Farr - West Heath Hospital",,"0000-0001-9240-5088; 0000-0001-9398-3066"
"Forecasting long-term energy demand of Croatian transport sector",10.1016/j.energy.2013.04.071,Energy,2013-08-01,4,journal-article,"Elsevier BV","Tomislav Pukšec - University of Zagreb; Goran Krajačić - University of Zagreb; Zoran Lulić - University of Zagreb; Brian Vad Mathiesen - Aalborg University; Neven Duić - University of Zagreb",,"0000-0002-8066-4020; 0000-0003-2376-6466; 0000-0003-3489-2281; 0000-0003-3917-1184; 0000-0003-4481-8288"
"Residential demand response reduces air pollutant emissions on peak electricity demand days in New York City",10.1016/j.enpol.2013.03.056,"Energy Policy",2013-08-01,2,journal-article,"Elsevier BV","Nathaniel Gilbraith - Clarkson University; Susan E Powers - Clarkson University",,
"Derivation of Intertemporal Targets for Large Pumped Hydro Energy Storage With Stochastic Optimization",10.1109/tpwrs.2012.2236111,"IEEE Transactions on Power Systems",2013-08-01,2,journal-article,"Institute of Electrical and Electronics Engineers (IEEE)","Paul Deane - University College Cork; Eamon McKeogh - University College Cork; Brian Ó Gallachóir - University College Cork",,"0000-0002-4681-7791; 0000-0002-6608-5997; 0000-0002-7803-6180"
"A Twenty-First-Century California Observing Network for Monitoring Extreme Weather Events",10.1175/jtech-d-12-00217.1,"Journal of Atmospheric and Oceanic Technology",2013-08-01,4,journal-article,"American Meteorological Society","Allen B White - NOAA Earth System Research Laboratory; Michael D Dettinger - Scripps Institution of Oceanography; Michael D Dettinger - United States Geological Survey; F Martin Ralph - NOAA Earth System Research Laboratory; Daniel R Cayan - Scripps Institution of Oceanography; Daniel R Cayan - United States Geological Survey; Robert Hartman - National Oceanic and Atmospheric Administration; David W Reynolds - Cooperative Institute for Research in Environmental Sciences; David W Reynolds - NOAA Earth System Research Laboratory; David W Reynolds - University of Colorado Boulder; Lynn E Johnson - Cooperative Institute for Research in Environmental Sciences; Lynn E Johnson - NOAA Earth System Research Laboratory; Lynn E Johnson - Colorado State University; Robert Cifelli - NOAA Earth System Research Laboratory; Zoltán Tóth - NOAA Earth System Research Laboratory; S I Gutman - NOAA Earth System Research Laboratory; C W King - NOAA Earth System Research Laboratory; Paul E Johnston - Cooperative Institute for Research in Environmental Sciences; Paul E Johnston - NOAA Earth System Research Laboratory; Paul E Johnston - University of Colorado Boulder; C P Walls - UNAVCO; Daniel Gottas - NOAA Earth System Research Laboratory; Daniel H Mann - UNAVCO; Timothy A Coleman - Cooperative Institute for Research in Environmental Sciences; Timothy A Coleman - NOAA Earth System Research Laboratory; Timothy A Coleman - University of Colorado Boulder",,
"Energy benchmarking of commercial buildings: a low-cost pathway toward urban sustainability",10.1088/1748-9326/8/3/035018,"Environmental Research Letters",2013-07-16,8,journal-article,"IOP Publishing","Marilyn A Brown - Georgia Institute of Technology",,0000-0003-3245-7948
"Optimal azimuth and elevation angles prediction control method and structure for the dual-axis sun tracking system",10.1177/1077546313484050,"Journal of Vibration and Control",2013-07-04,1,journal-article,"SAGE Publications","Liqun Liu - Taiyuan University of Science and Technology; Chunxia Liu - Taiyuan University of Science and Technology; Jingsi Wang - Taiyuan University of Science and Technology; Kai Yang - Taiyuan University of Science and Technology; Wenyu Zhang - Taiyuan University of Science and Technology; Huimin Gao - Taiyuan University of Science and Technology",,
"Diagnostic tools of energy performance for supermarkets using Artificial Neural Network algorithms",10.1016/j.enbuild.2013.03.020,"Energy and Buildings",2013-07-01,1,journal-article,"Elsevier BV","Georgios Mavromatidis - Imperial College London; Salvador Acha - Imperial College London; Nilay Shah - Imperial College London",,"0000-0002-8906-6844; 0000-0002-9363-9481; 0000-0003-0227-4518"
"A new cascade NN based method to short-term load forecast in deregulated electricity market",10.1016/j.enconman.2013.03.014,"Energy Conversion and Management",2013-07-01,1,journal-article,"Elsevier BV","Sajjad Kouhi - Graduate University of Advanced Technology; Farshid Keynia - Graduate University of Advanced Technology",,0000-0002-9027-7315
"Variations in results of building energy simulation tools, and their impact on BREEAM and LEED ratings: A case study",10.1016/j.enbuild.2013.03.022,"Energy and Buildings",2013-07-01,4,journal-article,"Elsevier BV","Yair Schwartz - University College London; Rokia Raslan - University College London",,"0000-0002-3526-2137; 0000-0003-3157-4843"
"Modeling and performance analysis of large scale IaaS Clouds",10.1016/j.future.2012.06.005,"Future Generation Computer Systems",2013-07-01,1,journal-article,"Elsevier BV","Rahul Ghosh - Duke University; Vijay K Naik - IBM (United States); Francesco Longo - University of Messina; Kishor S Trivedi - Duke University",,"0000-0001-6299-140X; 0000-0001-7614-8122; 0000-0001-7644-6568"
"L-mode radiative plasma edge studies for model validation in ASDEX Upgrade and JET",10.1016/j.jnucmat.2013.01.059,"Journal of Nuclear Materials",2013-07-01,1,journal-article,"Elsevier BV","L Aho-Mantila - VTT Technical Research Centre of Finland; M Bernert - Max Planck Society; R Fischer - Max Planck Society; C Lowry - Culham Science Centre; S Marsen - Max Planck Institute for Plasma Physics - Greifswald; K McCormick - Max Planck Society; H W Müller - Max Planck Society; B Sieglin - Max Planck Society; M Stamp - Culham Centre for Fusion Energy; M Wischmeier - Max Planck Society; X Bonnin - Centre National de la Recherche Scientifique; X Bonnin - Université Sorbonne Paris Nord; X Bonnin - Université Paris Cité; D Coster - Max Planck Society",,
"Environmental assessment of plug-in hybrid electric vehicles using naturalistic drive cycles and vehicle travel patterns: A Michigan case study",10.1016/j.enpol.2013.03.037,"Energy Policy",2013-07-01,3,journal-article,"Elsevier BV","Brandon M Marshall - University of Michigan; Jarod C Kelly - University of Michigan; Tae Kyung Lee - University of Michigan; Gregory A Keoleian - University of Michigan; Zoran Filipi - Clemson University",,
"A highly resolved modeling technique to simulate residential power demand",10.1016/j.apenergy.2013.02.057,"Applied Energy",2013-07-01,3,journal-article,"Elsevier BV","Matteo Muratori - The Ohio State University; Matthew C Roberts - The Ohio State University; Ramteen Sioshansi - The Ohio State University; Vincenzo Marano - The Ohio State University; Giorgio Rizzoni - The Ohio State University",,"0000-0002-1440-0158; 0000-0002-8397-7241; 0000-0003-1688-6742"
"Economic merits of a state-of-the-art concentrating solar power forecasting system for participation in the Spanish electricity market",10.1016/j.solener.2013.04.012,"Solar Energy",2013-07-01,3,journal-article,"Elsevier BV","Birk Kraas - Concentrating Solar Power Services (Germany); Marion Schroedter-Homscheidt - Deutsches Zentrum für Luft- und Raumfahrt e. V. (DLR); Reinhard Madlener - RWTH Aachen University",,"0000-0002-1854-903X; 0000-0003-1514-6486"
"A method for predicting city-wide electricity gains from photovoltaic panels based on LiDAR and GIS data combined with hourly Daysim simulations",10.1016/j.solener.2013.03.022,"Solar Energy",2013-07-01,2,journal-article,"Elsevier BV","J Alstan Jakubiec - Massachusetts Institute of Technology; Christoph Reinhart - Massachusetts Institute of Technology",,"0000-0001-6311-0416; 0000-0002-8534-6902"
"Energy dispatch schedule optimization and cost benefit analysis for grid-connected, photovoltaic-battery storage systems",10.1016/j.renene.2012.12.036,"Renewable Energy",2013-07-01,5,journal-article,"Elsevier BV","A Nottrott - University of California San Diego; Jan Kleissl - University of California San Diego; B Washom - University of California San Diego",,0000-0003-4364-0211
"The urban weather generator",10.1080/19401493.2012.718797,"Journal of Building Performance Simulation",2013-07-01,8,journal-article,"Informa UK Limited","Bruno Bueno - Massachusetts Institute of Technology; Leslie K Norford - Massachusetts Institute of Technology; Julia Hidalgo - Météo-France; Julia Hidalgo - Centre National de la Recherche Scientifique; Grégoire Pigeon - Météo-France; Grégoire Pigeon - Centre National de la Recherche Scientifique",,0000-0002-1764-0536
"Model Predictive Current Control of Two-Level Four-Leg Inverters—Part I: Concept, Algorithm, and Simulation Analysis",10.1109/tpel.2012.2227509,"IEEE Transactions on Power Electronics",2013-07-01,1,journal-article,"Institute of Electrical and Electronics Engineers (IEEE)","Venkata Yaramasu - Toronto Metropolitan University; Marco Rivera - Federico Santa María Technical University; Marco Rivera - Valparaiso University; Bin Wu - Toronto Metropolitan University; José Rodríguez - Federico Santa María Technical University; José Rodríguez - Valparaiso University",,"0000-0001-8166-6020; 0000-0002-1410-4121; 0000-0002-4353-2088; 0000-0002-8040-4499"
"Variability and uncertainty of wind power in the California electric power system",10.1002/we.1640,"Wind Energy",2013-06-13,1,journal-article,Wiley,"Eric D Stoutenburg - Stanford University; Nick Jenkins - Cardiff University; Mark Z Jacobson - Stanford University",,"0000-0002-4315-4128; 0000-0003-3082-6260"
"The effects of snowfall on solar photovoltaic performance",10.1016/j.solener.2013.02.014,"Solar Energy",2013-06-01,6,journal-article,"Elsevier BV","Rob W Andrews - Queen's University; A Pollard - Queen's University; Joshua M Pearce - Michigan Technological University",,
"Messtechnische und energetische Validierung des BMVBS-Effizienzhaus Plus in Berlin - Messperiode März 2012 bis Februar 2013",10.1002/bapi.201310063,Bauphysik,2013-06-01,2,journal-article,Wiley,"Hans Erhorn - Fraunhofer Institute for Building Physics; Antje Bergmann - Fraunhofer Institute for Building Physics; Michael Beckert - Fraunhofer Institute for Building Physics; Johann Reiß - Fraunhofer Institute for Building Physics; Hans‐Dieter Hegner - Bundesministerium für Verkehr",,
"A global energy outlook to 2035 with strategic considerations for Asia and Middle East energy supply and demand interdependencies",10.1016/j.esr.2013.04.002,"Energy Strategy Reviews",2013-06-01,2,journal-article,"Elsevier BV","Yuhji Matsuo - The Institute of Energy Economics, Japan; Akira Yanagisawa - The Institute of Energy Economics, Japan; Yukari Yamashita - The Institute of Energy Economics, Japan",,
"Multi-regional evaluation of the U.S. electricity sector under technology and policy uncertainties: Findings from MARKAL EPA9rUS modeling",10.1016/j.seps.2012.08.002,"Socio-Economic Planning Sciences",2013-06-01,1,journal-article,"Elsevier BV","Peter Balash - National Energy Technology Laboratory; Christopher Nichols - National Energy Technology Laboratory; Nadejda Victor - Booz Allen Hamilton (United States)",,
"Evaluating the direct and indirect rebound effects in household energy consumption behavior: A case study of Beijing",10.1016/j.enpol.2013.02.024,"Energy Policy",2013-06-01,3,journal-article,"Elsevier BV","Biying Yu - Hiroshima University; Junyi Zhang - Hiroshima University; Akimasa Fujiwara - Hiroshima University",,"0000-0002-3108-2702; 0000-0002-3267-542X; 0000-0002-3354-0631"
"Safety cost of a large scale hydrogen system for photovoltaic energy regulation",10.1016/j.ijhydene.2012.10.027,"International Journal of Hydrogen Energy",2013-06-01,1,journal-article,"Elsevier BV","J Dubois - Commissariat à l'Énergie Atomique et aux Énergies Alternatives; J Dubois - Laboratoire d’Innovation pour les Technologies des Énergies Nouvelles et les nanomatériaux; Gaoge Hu - Centre National de la Recherche Scientifique; Gaoge Hu - Université de Corse Pascal Paoli; Philippe Poggi - Université de Corse Pascal Paoli; Philippe Poggi - Centre National de la Recherche Scientifique; Florent Montignac - Laboratoire d’Innovation pour les Technologies des Énergies Nouvelles et les nanomatériaux; Florent Montignac - Commissariat à l'Énergie Atomique et aux Énergies Alternatives; Pierre Serre‐Combe - Laboratoire d’Innovation pour les Technologies des Énergies Nouvelles et les nanomatériaux; Pierre Serre‐Combe - Commissariat à l'Énergie Atomique et aux Énergies Alternatives; Marc Muselli - Université de Corse Pascal Paoli; Marc Muselli - Centre National de la Recherche Scientifique; J.C Hoguet - Orano (United States); B Vesy - Orano (United States); F Verbecke - Orano (United States)",,"0000-0002-2786-2749; 0000-0003-3549-2319; 0000-0003-4622-5873"
"Numerical simulation of convective heat transfer coefficients at the external surfaces of building arrays immersed in a turbulent boundary layer",10.1016/j.ijheatmasstransfer.2013.02.005,"International Journal of Heat and Mass Transfer",2013-06-01,1,journal-article,"Elsevier BV","Jiying Liu - Southwest Jiaotong University; Jelena Srebric - Pennsylvania State University; Nanyang Yu - Southwest Jiaotong University",,"0000-0001-6825-5091; 0000-0002-8304-9680"
"An Intelligent Home Energy Management System to Improve Demand Response",10.1109/tsg.2012.2235088,"IEEE Transactions on Smart Grid",2013-06-01,2,journal-article,"Institute of Electrical and Electronics Engineers (IEEE)","Yusuf Öztürk - San Diego State University; Datchanamoorthy Senthilkumar - San Diego State University; Sunil Kumar - San Diego State University; G Lee - San Diego State University",,"0000-0001-6344-5750; 0000-0002-1838-6322"
"Effectiveness of Zinc Supplementation to Full Term Normal Infants: A Community Based Double Blind, Randomized, Controlled, Clinical Trial",10.1371/journal.pone.0061486,"PLOS ONE",2013-05-30,3,journal-article,"Public Library of Science (PLoS)","KV Radhakrishna - National Institute of Nutrition; Hemalatha Rajkumar - National Institute of Nutrition; J J Babu Geddam - National Institute of Nutrition; Pradeep Kumar - National Institute of Nutrition; Nagalla Balakrishna - National Institute of Nutrition; Veena Shatrugna - National Institute of Nutrition",,"0000-0002-5613-0942; 0000-0002-9014-2672; 0000-0003-3670-7174"
"Electric vehicle charging method for smart homes/buildings with a photovoltaic system",10.1109/tce.2013.6531113,"IEEE Transactions on Consumer Electronics",2013-05-01,5,journal-article,"Institute of Electrical and Electronics Engineers (IEEE)","Young-Min Wi - Korea University; Jonguk Lee - Korea Electric Power Corporation (South Korea); Sung‐Kwan Joo - Korea University",,
"Feasibility evaluation of solar photovoltaic pumping irrigation system based on analysis of dynamic variation of groundwater table",10.1016/j.apenergy.2012.11.074,"Applied Energy",2013-05-01,1,journal-article,"Elsevier BV","Xuerui Gao - China Institute of Water Resources and Hydropower Research; Jiahong Liu - China Institute of Water Resources and Hydropower Research; Jun Zhang - China Institute of Water Resources and Hydropower Research; Jinyue Yan - KTH Royal Institute of Technology; Shujun Bao - China Institute of Water Resources and Hydropower Research; He Xu - China Institute of Water Resources and Hydropower Research; Tao Qin - China Institute of Water Resources and Hydropower Research",,"0000-0001-7229-9353; 0000-0002-5744-4046; 0000-0002-9985-9995; 0000-0003-0300-0762"
"The effect of spectral albedo on amorphous silicon and crystalline silicon solar photovoltaic device performance",10.1016/j.solener.2013.01.030,"Solar Energy",2013-05-01,1,journal-article,"Elsevier BV","Rob W Andrews - Queen's University; Joshua M Pearce - Michigan Technological University",,0000-0001-9802-3056
"UK office buildings archetypal model as methodological approach in development of regression models for predicting building energy consumption from heating and cooling demands",10.1016/j.enbuild.2012.12.032,"Energy and Buildings",2013-05-01,2,journal-article,"Elsevier BV","Ivan Korolija - De Montfort University; Ljiljana Marjanovic-Halburd - University College London; Yi Zhang - De Montfort University; Victor Ian Hanby - De Montfort University",,
"Model Predictive Control of Vehicles on Urban Roads for Improved Fuel Economy",10.1109/tcst.2012.2198478,"IEEE Transactions on Control Systems Technology",2013-05-01,4,journal-article,"Institute of Electrical and Electronics Engineers (IEEE)","Md Abdus Samad Kamal - The University of Tokyo; Masakazu Mukai - Kyushu University; Junichi Murata - Kyushu University; Taketoshi Kawabe - Kyushu University",,"0000-0001-8785-9341; 0000-0002-1593-221X; 0000-0003-3150-0510"
"Hydrogen Production from Water Vapor Plasmolysis Using DBD-Corona Hybrid Reactor",10.1021/ef301981f,"Energy & Fuels",2013-04-30,1,journal-article,"American Chemical Society (ACS)","Fahad Rehman - University of Sheffield; Wameath S Abdul‐Majeed - University of Sheffield; William Zimmerman - University of Sheffield",,"0000-0001-7123-737X; 0000-0003-2697-6602"
"Long-term forecasting of hourly electricity load: Identification of consumption profiles and segmentation of customers",10.1016/j.enconman.2013.01.018,"Energy Conversion and Management",2013-04-01,2,journal-article,"Elsevier BV","Frits Møller Andersen - Technical University of Denmark; Helge V Larsen - Technical University of Denmark; Trine Krogh Boomsma - University of Copenhagen",,"0000-0001-5127-1888; 0000-0002-2619-2405; 0000-0003-2887-428X"
"Statistical assessment and analyses of the determinants of transportation sector gasoline demand in Jordan",10.1016/j.tra.2013.01.022,"Transportation Research Part A: Policy and Practice",2013-04-01,2,journal-article,"Elsevier BV","A Al-Ghandoor - Hashemite University; Jamal O Jaber - Al-Balqa Applied University; I Al-Hinti - German Jordanian University; Yousef Abdallat - University of Jordan",,
"Dynamic analysis of hybrid energy systems under flexible operation and variable renewable generation – Part I: Dynamic performance analysis",10.1016/j.energy.2013.01.022,Energy,2013-04-01,2,journal-article,"Elsevier BV","Humberto E Garcia - Idaho National Laboratory; Amit Mohanty - Idaho National Laboratory; Wen-Chiao Lin - Idaho National Laboratory; Robert Cherry - Idaho National Laboratory",,
"Battery cell arrangement and heat transfer fluid effects on the parasitic power consumption and the cell temperature distribution in a hybrid electric vehicle",10.1016/j.jpowsour.2012.11.039,"Journal of Power Sources",2013-04-01,1,journal-article,"Elsevier BV","Sungjin Park - Hongik University; Dohoy Jung - University of Michigan–Dearborn",,"0000-0002-6494-2043; 0000-0003-1428-9880"
"The impact of attribute preferences on adoption timing: The case of photo-voltaic (PV) solar cells for household electricity generation",10.1016/j.enpol.2012.12.041,"Energy Policy",2013-04-01,5,journal-article,"Elsevier BV","Towhidul Islam - University of Guelph; Nigel Meade - Imperial College London",,
"China's natural gas: Resources, production and its impacts",10.1016/j.enpol.2012.12.034,"Energy Policy",2013-04-01,1,journal-article,"Elsevier BV","Jianliang Wang - China University of Petroleum, Beijing; Lianyong Feng - China University of Petroleum, Beijing; Lin Zhao - State Development & Investment Corporation (China); Simon Snowden - University of Liverpool",,"0000-0001-7037-9368; 0000-0002-3128-0135; 0000-0003-0953-5784"
"Experimental Observation of the Quantum Anomalous Hall Effect in a Magnetic Topological Insulator",10.1126/science.1234414,Science,2013-03-14,1,journal-article,"American Association for the Advancement of Science (AAAS)","Cui‐Zu Chang - Chinese Academy of Sciences; Cui‐Zu Chang - Tsinghua University; Cui‐Zu Chang - Institute of Physics; Jinsong Zhang - Tsinghua University; Xiao Feng - Tsinghua University; Xiao Feng - Institute of Physics; Xiao Feng - Chinese Academy of Sciences; Jie Shen - Chinese Academy of Sciences; Zuocheng Zhang - Tsinghua University; Minghua Guo - Tsinghua University; Kang Li - Chinese Academy of Sciences; Yunbo Ou - Chinese Academy of Sciences; P Wei - Chinese Academy of Sciences; Li-Li Wang - Chinese Academy of Sciences; Zhong-Qing Ji - Chinese Academy of Sciences; Yang Feng - Tsinghua University; Shuai‐Hua Ji - Tsinghua University; Xi Chen - Tsinghua University; Jinfeng Jia - Tsinghua University; Xi Dai - Chinese Academy of Sciences; Zhong Fang - Chinese Academy of Sciences; Shou-Cheng Zhang - Stanford University; Ke He - Chinese Academy of Sciences; Yayu Wang - Tsinghua University; Li Lü - Chinese Academy of Sciences; Xu-Cun Ma - Chinese Academy of Sciences; Qi-Kun Xue - Tsinghua University",,"0000-0001-6321-2279; 0000-0001-6787-3453; 0000-0001-7851-6101; 0000-0001-7988-1127; 0000-0002-2396-0966; 0000-0002-3055-0172; 0000-0002-3584-1227; 0000-0002-3601-4995; 0000-0002-7205-5081; 0000-0002-8307-558X; 0000-0002-9350-8756; 0000-0002-9900-281X; 0000-0003-0018-1553; 0000-0003-2317-1382; 0000-0003-2330-1642; 0000-0003-3515-2955; 0000-0003-4919-956X"
"Short-Term Load Forecasting for Microgrids Based on Artificial Neural Networks",10.3390/en6031385,Energies,2013-03-05,1,journal-article,"MDPI AG","Luís Hernández-Callejo - Centro de Investigaciones Energéticas, Medioambientales y Tecnológicas; Carlos Baladrón - Universidad de Valladolid; Javier M Aguiar - Universidad de Valladolid; Belén Carro - Universidad de Valladolid; Antonio Sánchez-Esguevillas - Universidad de Valladolid; Jaime Lloret - Universitat Politècnica de València",,
"A framework for evaluating the role of electric vehicles in transportation network infrastructure under travel demand variability",10.1016/j.tra.2013.01.031,"Transportation Research Part A: Policy and Practice",2013-03-01,1,journal-article,"Elsevier BV",,,
"Riding the data tsunami in the cloud: myths and challenges in future wireless access",10.1109/mcom.2013.6476879,"IEEE Communications Magazine",2013-03-01,1,journal-article,"Institute of Electrical and Electronics Engineers (IEEE)","Jens Zander - KTH Royal Institute of Technology; Petri Mähönen - RWTH Aachen University",,0000-0001-6934-8636
"Past as Prologue? Understanding energy use in post-2002 China",10.1016/j.eneco.2012.11.018,"Energy Economics",2013-03-01,2,journal-article,"Elsevier BV","Fredrich Kahrl - University of California, Berkeley; David Roland‐Holst - University of California, Berkeley; David Zilberman - University of California, Berkeley",,
"Energy Load Forecasting Using Empirical Mode Decomposition and Support Vector Regression",10.1109/tsg.2012.2235089,"IEEE Transactions on Smart Grid",2013-03-01,1,journal-article,"Institute of Electrical and Electronics Engineers (IEEE)","Luca Ghelardoni - University of Genoa; Alessandro Ghio - University of Genoa; Davide Anguita - University of Genoa",,"0000-0001-7523-5291; 0000-0002-2370-0179"
"Theoretical vs. actual energy consumption of labelled dwellings in the Netherlands: Discrepancies and policy implications",10.1016/j.enpol.2012.11.008,"Energy Policy",2013-03-01,22,journal-article,"Elsevier BV","Daša Majcen - Delft University of Technology; Laure Itard - Delft University of Technology; Henk Visscher - Delft University of Technology",,
"Wind energy and environmental assessments – A hard look at two forerunners' approaches: Germany and the United States",10.1016/j.renene.2012.08.083,"Renewable Energy",2013-03-01,2,journal-article,"Elsevier BV","Gesa Geißler - Technische Universität Berlin; Johann Köppel - Technische Universität Berlin",,"0000-0001-8559-9320; 0000-0002-9372-773X"
"Decentralized optimization for vapor compression refrigeration cycle",10.1016/j.applthermaleng.2012.10.001,"Applied Thermal Engineering",2013-03-01,1,journal-article,"Elsevier BV","Lei Zhao - Nanyang Technological University; Wenjian Cai - Nanyang Technological University; Xudong Ding - Nanyang Technological University; Victor W.-C Chang - Nanyang Technological University",,"0000-0001-7137-127X; 0000-0003-3357-2120; 0000-0003-4683-1267"
"Appraising the extractable tidal energy resource of the UK's western coastal waters",10.1098/rsta.2012.0181,"Philosophical Transactions of the Royal Society A: Mathematical, Physical and Engineering Sciences",2013-02-28,2,journal-article,"The Royal Society","Nick Yates - University of Liverpool; Ian Walkington - University of Liverpool; Richard Burrows - University of Liverpool; Judith Wolf - National Oceanography Centre",,"0000-0002-5757-8730; 0000-0003-4129-8221"
"Toward high-energy-density, high-efficiency, and moderate-temperature chip-scale thermophotovoltaics",10.1073/pnas.1301004110,"Proceedings of the National Academy of Sciences",2013-02-25,1,journal-article,"Proceedings of the National Academy of Sciences","Walker R Chan - Massachusetts Institute of Technology; Walker R Chan - Institute for Soldier Nanotechnologies; Peter Bermel - Institute for Soldier Nanotechnologies; Peter Bermel - Division of Materials Science and Engineering; Robert C N Pilawa-Podgurski - University of Illinois Urbana-Champaign; Christopher H Marton - Massachusetts Institute of Technology; Klavs F Jensen - Massachusetts Institute of Technology; Jay J Senkevich - Institute for Soldier Nanotechnologies; John D Joannopoulos - Institute for Soldier Nanotechnologies; John D Joannopoulos - Division of Materials Science and Engineering; Marin Soljačić - Institute for Soldier Nanotechnologies; Marin Soljačić - Division of Materials Science and Engineering; Ivan Čelanović - Institute for Soldier Nanotechnologies",,"0000-0001-7140-0667; 0000-0001-7192-580X; 0000-0001-7232-4467; 0000-0002-5360-5906; 0000-0002-7184-5831"
"Biomass in a petrochemical world",10.1098/rsfs.2012.0038,"Interface Focus",2013-02-06,1,journal-article,"The Royal Society","Dermot Roddy - Newcastle University; Dermot Roddy - Google (United States)",,
"Economic analysis and power management of a stand-alone wind/photovoltaic hybrid energy system using biogeography based optimization algorithm",10.1016/j.swevo.2012.08.002,"Swarm and Evolutionary Computation",2013-02-01,1,journal-article,"Elsevier BV","Rajesh Kumar - Malaviya National Institute of Technology Jaipur; Rajan Gupta - Malaviya National Institute of Technology Jaipur; Ajay Kumar Bansal - Poornima University",,
"Very short-term wind speed forecasting with Bayesian structural break model",10.1016/j.renene.2012.07.041,"Renewable Energy",2013-02-01,1,journal-article,"Elsevier BV","Yu Jiang - Hankou University; Yu Jiang - Nanjing University; Zhe Song - Hankou University; Zhe Song - Nanjing University; Andrew Kusiak - University of Iowa",,"0000-0001-7955-8741; 0000-0003-1002-480X; 0000-0003-4393-1385"
"Probabilistic Load Flow Modeling Comparing Maximum Entropy and Gram-Charlier Probability Density Function Reconstructions",10.1109/tpwrs.2012.2205714,"IEEE Transactions on Power Systems",2013-02-01,1,journal-article,"Institute of Electrical and Electronics Engineers (IEEE)","T Williams - University of Victoria; Curran Crawford - University of Victoria",,0000-0001-6047-728X
"Revision of reserve requirements following wind power integration in island power systems",10.1016/j.renene.2012.06.048,"Renewable Energy",2013-02-01,1,journal-article,"Elsevier BV","Kristof De Vos - KU Leuven; Johan Driesen - KU Leuven; Ronnie Belmans - KU Leuven",,"0000-0002-1025-0949; 0000-0003-3280-2158"
"Liquid-filled solar glazing design for buoyant water-flow",10.1016/j.buildenv.2012.11.010,"Building and Environment",2013-02-01,1,journal-article,"Elsevier BV","T.T Chow - City University of Hong Kong; Chunying Li - City University of Hong Kong",,"0000-0002-2149-6741; 0000-0002-6708-0848"
"State Estimation and Control of Electric Loads to Manage Real-Time Energy Imbalance",10.1109/tpwrs.2012.2204074,"IEEE Transactions on Power Systems",2013-02-01,2,journal-article,"Institute of Electrical and Electronics Engineers (IEEE)","Johanna L Mathieu - University of California, Berkeley; Stephan Koch - ETH Zurich; Duncan S Callaway - University of California, Berkeley",,"0000-0001-8834-5350; 0000-0003-3316-9008"
"Market Integration of Renewable Electricity Generation — The German Market Premium Model",10.1260/0958-305x.24.1-2.127,"Energy & Environment",2013-02-01,6,journal-article,"SAGE Publications","Marian Klobasa - Fraunhofer-Gesellschaft; Jenny Winkler - Fraunhofer Institute for Systems and Innovation Research; Frank Sensfuß - Fraunhofer Institute for Systems and Innovation Research; Mario Ragwitz - Fraunhofer Institute for Systems and Innovation Research",,
"An efficient scenario-based and fuzzy self-adaptive learning particle swarm optimization approach for dynamic economic emission dispatch considering load and wind power uncertainties",10.1016/j.energy.2012.11.017,Energy,2013-02-01,1,journal-article,"Elsevier BV","Bahman Bahmani-Firouzi - Shiraz University; Ebrahim Farjah - Shiraz University; Rasoul Azizipanah‐Abarghooee - Islamic Azad University, Marvdasht",,"0000-0002-2928-433X; 0000-0002-6505-4021; 0000-0002-9632-803X"
"Characterization of Fatigue Damage in Asphalt Mixtures Using Pseudostrain Energy",10.1061/(asce)mt.1943-5533.0000633,"Journal of Materials in Civil Engineering",2013-02-01,2,journal-article,"American Society of Civil Engineers (ASCE)","Xue Luo - Texas A&M University; Rong Luo - Texas Department of Transportation; Rong Luo - Texas A&M University; Robert L Lytton - Texas A&M University",,
"Predicting the diversity of internal temperatures from the English residential sector using panel methods",10.1016/j.apenergy.2012.08.015,"Applied Energy",2013-02-01,9,journal-article,"Elsevier BV","Scott Kelly - University of Cambridge; Scott Kelly - Energy Institute; Scott Kelly - University College London; Michelle Shipworth - Energy Institute; Michelle Shipworth - University College London; David Shipworth - Energy Institute; David Shipworth - University College London; Andrew Wright - De Montfort University; Michael G Pollitt - University of Cambridge; Doug Crawford-Brown - University of Cambridge; Kevin J Lomas - Loughborough University",,"0000-0001-5792-0762; 0000-0001-9380-9949; 0000-0002-0777-619X; 0000-0002-6858-129X; 0000-0002-8454-6144"
"Bioenergy as a biodiversity management tool and the potential of a mixed species feedstock for bioenergy production in Wales",10.1016/j.biortech.2012.11.001,"Bioresource Technology",2013-02-01,3,journal-article,"Elsevier BV","John Corton - Aberystwyth University; John Corton - Institute of Biological, Environmental and Rural Sciences; Lutz Bühle - University of Kassel; M Wachendorf - University of Kassel; Iain Donnison - Aberystwyth University; Iain Donnison - Institute of Biological, Environmental and Rural Sciences; M D Fraser - Aberystwyth University; M D Fraser - Institute of Biological, Environmental and Rural Sciences",,
"Modeling tidal stream energy extraction and its effects on transport processes in a tidal channel and bay system using a three-dimensional coastal ocean model",10.1016/j.renene.2012.07.024,"Renewable Energy",2013-02-01,1,journal-article,"Elsevier BV","Zhaoqing Yang - Pacific Northwest National Laboratory; Taiping Wang - Pacific Northwest National Laboratory; Andrea Copping - Pacific Northwest National Laboratory",,"0000-0001-9257-0796; 0000-0001-9672-3470; 0000-0002-7022-4734"
"Short-term forecasting model for electric power production of small-hydro power plants",10.1016/j.renene.2012.06.061,"Renewable Energy",2013-02-01,1,journal-article,"Elsevier BV","Cláudio Monteiro - Universidade do Porto; I.J Ramírez-Rosado - Universidad de Zaragoza; L Alfredo Fernández-Jiménez - Universidad de La Rioja",,"0000-0002-5502-4232; 0000-0002-5633-4849; 0000-0003-4858-647X"
"Optimizing building comfort temperature regulation via model predictive control",10.1016/j.enbuild.2012.10.044,"Energy and Buildings",2013-02-01,1,journal-article,"Elsevier BV","J.D Álvarez - Universidad de Sevilla; Juana L Redondo - Universidad de Granada; Eduardo Camponogara - Universidade Federal de Santa Catarina; Julio E Normey‐Rico - Universidade Federal de Santa Catarina; Manuel Berenguel - University of Almería; Pilar M Ortigosa - University of Almería",,"0000-0001-6514-6543; 0000-0002-0236-0689; 0000-0002-3349-7506; 0000-0002-6510-9803; 0000-0003-2791-8105; 0000-0003-2826-1635"
"Feasibility study on a novel methodology for short-term real-time energy demand prediction using weather forecasting data",10.1016/j.enbuild.2012.10.041,"Energy and Buildings",2013-02-01,1,journal-article,"Elsevier BV","Young Hoon Kwak - University of Seoul; Donghyun Seo - Korea Institute of Energy Research; Cheol-Yong Jang - Korea Institute of Energy Research; Jung-Ho Huh - University of Seoul",,"0000-0002-9336-5898; 0000-0003-3042-4130"
"Modelling HGV freight transport energy demand in Ireland and the impacts of the property construction bubble",10.1016/j.energy.2012.12.030,Energy,2013-02-01,3,journal-article,"Elsevier BV","Kieran Whyte - University College Cork; Hannah Daly - University College Cork; Brian Ó Gallachóir - University College Cork",,
"LRT Digest 1 Maintaining brightness while saving energy in residential roads",10.1177/1477153512464141,"Lighting Research & Technology",2013-02-01,1,journal-article,"SAGE Publications","S Fotios - University of Sheffield",,0000-0002-2410-7641
"From natural to artificial photosynthesis",10.1098/rsif.2012.0984,"Journal of The Royal Society Interface",2013-01-30,9,journal-article,"The Royal Society","James Barber - Imperial College London; James Barber - Nanyang Technological University; James Barber - Politecnico di Torino; Phong D Tran - Nanyang Technological University",,"0000-0002-9561-6881; 0000-0003-3108-1002"
"Structural and Non-Structural Climate Change Adaptation Strategies for the Péribonka Water Resource System",10.1007/s11269-013-0275-6,"Water Resources Management",2013-01-23,3,journal-article,"Springer Nature","Richard Arsenault - École de Technologie Supérieure; François Brissette - École de Technologie Supérieure; Jean-Stéphane Malo - École de Technologie Supérieure; Marie Minville - Hydro-Québec; Robert Leconte - Université de Sherbrooke; Robert Leconte - École de Technologie Supérieure",,
"Geoengineering impact of open ocean dissolution of olivine on atmospheric CO2, surface ocean pH and marine biology",10.1088/1748-9326/8/1/014009,"Environmental Research Letters",2013-01-21,37,journal-article,"IOP Publishing","Peter Köhler - Alfred-Wegener-Institut Helmholtz-Zentrum für Polar- und Meeresforschung; Jesse F Abrams - Alfred-Wegener-Institut Helmholtz-Zentrum für Polar- und Meeresforschung; Christoph Völker - Alfred-Wegener-Institut Helmholtz-Zentrum für Polar- und Meeresforschung; Judith Hauck - Alfred-Wegener-Institut Helmholtz-Zentrum für Polar- und Meeresforschung; Dieter Wolf‐Gladrow - Alfred-Wegener-Institut Helmholtz-Zentrum für Polar- und Meeresforschung",,
"Bottom–Up Energy Analysis System (BUENAS)—an international appliance efficiency policy tool",10.1007/s12053-012-9182-6,"Energy Efficiency",2013-01-09,11,journal-article,"Springer Nature","Michael A McNeil - Lawrence Berkeley National Laboratory; Virginie Letschert - Lawrence Berkeley National Laboratory; Stéphane de la Rue du Can - Lawrence Berkeley National Laboratory; Jing Ke - Lawrence Berkeley National Laboratory",,
"Demand side management of a domestic dishwasher: Wind energy gains, financial savings and peak-time load reduction",10.1016/j.apenergy.2012.07.004,"Applied Energy",2013-01-01,2,journal-article,"Elsevier BV","P Finn - University of Limerick; M O’Connell - University of Limerick; Colin Fitzpatrick - University of Limerick",,0000-0002-3542-6437
"Review of Methods to Map People’s Daily Activity – Application for Smart Homes",10.1007/978-3-642-36645-1_38,"Smart Innovation, Systems and Technologies",2013-01-01,1,book-chapter,"Springer Berlin Heidelberg","Stephanie Gauthier - Energy Institute; Stephanie Gauthier - University College London; David Shipworth - Energy Institute; David Shipworth - University College London",,"0000-0001-9380-9949; 0000-0002-1720-1736"
"Potentials for energy savings and long term energy demand of Croatian households sector",10.1016/j.apenergy.2012.04.023,"Applied Energy",2013-01-01,5,journal-article,"Elsevier BV","Tomislav Pukšec - University of Zagreb; Brian Vad Mathiesen - Aalborg University; Neven Duić - University of Zagreb",,
"Electricity demand estimation using an adaptive neuro-fuzzy network: A case study from the Ontario province – Canada",10.1016/j.energy.2012.10.019,Energy,2013-01-01,1,journal-article,"Elsevier BV","Gholamreza Zahedi - University of Technology Malaysia; Saeed Azizi - Razi University; Alireza Bahadori - Southern Cross University; Ali Elkamel - University of Waterloo; Sharifah Rafidah Wan Alwi - University of Technology Malaysia",,"0000-0001-7080-4299; 0000-0001-8780-4287; 0000-0003-4059-1856"
"A Unit Commitment Model with Demand Response and Electric Storage Device for the Integration of Variable Renewable Energies",10.1541/ieejpes.133.598,"IEEJ Transactions on Power and Energy",2013-01-01,2,journal-article,"Institute of Electrical Engineers of Japan (IEE Japan)","Yuichi Ikeda - Kyoto University; Kazuhiko Ogimoto - Advanced Institute of Industrial Technology; Kazuhiko Ogimoto - Tokyo University of Science",,"0000-0001-5793-0602; 0000-0002-9929-3813"
"Relationship between extreme temperature and electricity demand in Pakistan",10.1186/2251-6832-4-36,"International Journal of Energy and Environmental Engineering",2013-01-01,2,journal-article,"Springer Nature",,,
"Using multi-output feedforward neural network with empirical mode decomposition based signal filtering for electricity demand forecasting",10.1016/j.energy.2012.10.035,Energy,2013-01-01,1,journal-article,"Elsevier BV","Ning An - Hefei University of Technology; Weigang Zhao - Lanzhou University; Jianzhou Wang - Lanzhou University; Duo Shang - Stony Brook University; Erdong Zhao - North China Electric Power University",,"0000-0002-0712-9355; 0000-0002-2797-2614; 0000-0003-3317-5299"
"Aerodynamic design and economical evaluation of site specific small vertical axis wind turbines",10.1016/j.apenergy.2012.07.047,"Applied Energy",2013-01-01,1,journal-article,"Elsevier BV","D Saeidi - Isfahan University of Technology; Ahmad Sedaghat - Isfahan University of Technology; Pourya Alamdari - Isfahan University of Technology; Ali Akbar Alemrajabi - Isfahan University of Technology",,
"Pattern Analysis of Residential Electricity Consumption Using Circuit Level Monitoring Data",10.1541/ieejeiss.133.1086,"IEEJ Transactions on Electronics, Information and Systems",2013-01-01,4,journal-article,"Institute of Electrical Engineers of Japan (IEE Japan)","Yumiko Iwafune - The University of Tokyo; Kazuhiko Ogimoto - The University of Tokyo; Yoshie Yagita - The University of Tokyo",,"0000-0001-5793-0602; 0000-0003-4425-2376"
"Impact of wind power on sizing and allocation of reserve requirements",10.1049/iet-rpg.2012.0085,"IET Renewable Power Generation",2013-01-01,5,journal-article,"Institution of Engineering and Technology (IET)","Kristof De Vos - KU Leuven; Joris Morbee - Joint Research Centre; Johan Driesen - KU Leuven; Ronnie Belmans - KU Leuven",,"0000-0002-1025-0949; 0000-0003-3280-2158"
"Forecasting Electricity Spot Prices Accounting for Wind Power Predictions",10.1109/tste.2012.2212731,"IEEE Transactions on Sustainable Energy",2013-01-01,1,journal-article,"Institute of Electrical and Electronics Engineers (IEEE)","Tryggvi Jónsson - Technical University of Denmark; Pierre Pinson - Technical University of Denmark; Henrik Madsen - Technical University of Denmark",,"0000-0002-1480-0282; 0000-0003-0690-3713"
"Locating Electric Vehicle Charging Stations",10.3141/2385-04,"Transportation Research Record: Journal of the Transportation Research Board",2013-01-01,1,journal-article,"SAGE Publications","T Donna Chen - The University of Texas at Austin; Kara M Kockelman - The University of Texas at Austin; Moby Khan - Cambridge Systematics (United States)",,"0000-0002-7026-3418; 0000-0003-4763-1304"
"Long term energy demand projection and potential for energy savings of Croatian tourism–catering trade sector",10.1016/j.energy.2012.06.069,Energy,2012-12-01,5,journal-article,"Elsevier BV","Bojan Irsag - University of Zagreb; Tomislav Pukšec - University of Zagreb; Neven Duić - University of Zagreb",,
"Interannual variability of solar energy generation in Australia",10.1016/j.solener.2011.12.004,"Solar Energy",2012-12-01,2,journal-article,"Elsevier BV","R Davy - Commonwealth Scientific and Industrial Research Organisation; Alberto Troccoli - Commonwealth Scientific and Industrial Research Organisation",,"0000-0001-5870-4367; 0000-0001-8193-8516"
"Forecasting intraday time series with multiple seasonal cycles using parsimonious seasonal exponential smoothing",10.1016/j.omega.2010.03.004,Omega,2012-12-01,5,journal-article,"Elsevier BV","James W Taylor - University of Oxford; Ralph D Snyder - Monash University",,
"Modeling of hydrogen production process from biomass using oxygen blown gasification",10.1016/j.ijhydene.2012.09.131,"International Journal of Hydrogen Energy",2012-12-01,1,journal-article,"Elsevier BV","Atmadeep Bhattacharya - Jadavpur University; Abhishek Bhattacharya - Jadavpur University; Amitava Datta - Jadavpur University",,"0000-0001-7980-8341; 0000-0002-4861-1674; 0000-0003-0025-0977"
"A simple methodology to predict heating load at an early design stage of dwellings",10.1016/j.enbuild.2012.06.033,"Energy and Buildings",2012-12-01,1,journal-article,"Elsevier BV","Jorge Carlos - University of Beira Interior; Miguel Nepomuceno - University of Beira Interior",,"0000-0001-7982-9708; 0000-0003-3865-490X"
"Neural networks based predictive control for thermal comfort and energy savings in public buildings",10.1016/j.enbuild.2012.08.002,"Energy and Buildings",2012-12-01,3,journal-article,"Elsevier BV","Pedro Ferreira - University of Algarve; Pedro Ferreira - Instituto de Engenharia de Sistemas e Computadores Investigação e Desenvolvimento; A.E Ruano - University of Algarve; A.E Ruano - Instituto de Engenharia de Sistemas e Computadores Investigação e Desenvolvimento; Silvia Cristina Santos da Silva - University of Algarve; Eusébio Conceição - University of Algarve",,"0000-0001-5963-2107; 0000-0002-6308-8666; 0000-0003-2369-0115"
"The impact of place-based affiliation networks on energy conservation: An holistic model that integrates the influence of buildings, residents and the neighborhood context",10.1016/j.enbuild.2012.09.013,"Energy and Buildings",2012-12-01,2,journal-article,"Elsevier BV","Xiaoqi Xu - Columbia University; John E Taylor - Virginia Tech; Anna Laura Pisello - University of Perugia; Patricia J Culligan - Columbia University",,"0000-0002-3647-0640; 0000-0002-4527-6444; 0000-0002-8949-3248"
"Stochastic optimization of the daily operation of wind farm and pumped-hydro-storage plant",10.1016/j.renene.2012.06.008,"Renewable Energy",2012-12-01,1,journal-article,"Elsevier BV","Huajie Ding - Tsinghua University; Zechun Hu - Tsinghua University; Yonghua Song - Tsinghua University",,"0000-0002-1495-4644; 0000-0002-1870-3375; 0000-0003-2795-0308"
"Understanding forest-derived biomass supply with GIS modelling",10.1080/14498596.2012.733621,"Journal of Spatial Science",2012-12-01,1,journal-article,"Informa UK Limited","Barbara Höck - Scion; Lovisa Blomqvist - Swedish University of Agricultural Sciences; Lovisa Blomqvist - Swedish Energy Agency; Peter Hall - Scion; Michael W Jack - Scion; Birger Lindberg Møller - Aalborg University; Stephen J Wakelin - Scion",,"0000-0002-2884-3240; 0000-0002-3252-3119; 0000-0002-3506-8908; 0000-0002-5855-4124; 0000-0003-0814-6875"
"Energy, Water and Fish: Biodiversity Impacts of Energy-Sector Water Demand in the United States Depend on Efficiency and Policy Measures",10.1371/journal.pone.0050219,"PLOS ONE",2012-11-21,3,journal-article,"Public Library of Science (PLoS)","Robert I McDonald - The Nature Conservancy; Julian D Olden - University of Washington; Jeffrey J Opperman - The Nature Conservancy; William M Miller - Northwestern University; Joseph Fargione - The Nature Conservancy; Carmen Revenga - The Nature Conservancy; Jonathan Higgins - The Nature Conservancy; Jimmie Powell - The Nature Conservancy",,
"Retrofitting using a dynamic envelope to ensure thermal comfort, energy savings and low environmental impact in Mediterranean climates",10.1016/j.enbuild.2012.07.020,"Energy and Buildings",2012-11-01,2,journal-article,"Elsevier BV","Francesca Stazi - Marche Polytechnic University; Ambra Vegliò - Marche Polytechnic University; Costanzo Di Perna - Marche Polytechnic University; Placido Munafò - Marche Polytechnic University",,
"An Intelligent Dynamic Security Assessment Framework for Power Systems With Wind Power",10.1109/tii.2012.2206396,"IEEE Transactions on Industrial Informatics",2012-11-01,1,journal-article,"Institute of Electrical and Electronics Engineers (IEEE)","Yan Xu - University of Newcastle Australia; Yan Xu - Chongqing University; Zhao Yang Dong - University of Newcastle Australia; Zhao Yang Dong - Chongqing University; Zhao Xu - Chongqing University; Zhao Xu - Hong Kong Polytechnic University; Ke Meng - University of Newcastle Australia; Ke Meng - Chongqing University; Kit Po Wong - The University of Western Australia; Kit Po Wong - Chongqing University",,"0000-0001-9659-0858; 0000-0002-0503-183X; 0000-0002-6150-9228; 0000-0002-7713-3800; 0000-0003-4480-7394"
"A General Approach for Quantifying the Benefit of Distributed Power Electronics for Fine Grained MPPT in Photovoltaic Applications Using 3-D Modeling",10.1109/tpel.2011.2173353,"IEEE Transactions on Power Electronics",2012-11-01,2,journal-article,"Institute of Electrical and Electronics Engineers (IEEE)","Shahab Poshtkouhi - University of Toronto; Vishal Palaniappan - University of Toronto; Miad Fard - University of Toronto; Olivier Trescases - University of Toronto",,
"Quantifying Spinning Reserve in Systems With Significant Wind Power Penetration",10.1109/tpwrs.2012.2207465,"IEEE Transactions on Power Systems",2012-11-01,1,journal-article,"Institute of Electrical and Electronics Engineers (IEEE)","Guodong Liu - University of Tennessee at Knoxville; Kevin Tomsovic - University of Tennessee at Knoxville",,0000-0002-2867-8556
"Purposefully built underground natural gas storage",10.1016/j.jngse.2012.06.003,"Journal of Natural Gas Science and Engineering",2012-11-01,2,journal-article,"Elsevier BV","Michael J Economides - University of Houston",,
"Peaking strategies for the management of wind-H2 energy systems",10.1016/j.renene.2012.04.016,"Renewable Energy",2012-11-01,3,journal-article,"Elsevier BV","Cristina Azcárate - Universidad Publica de Navarra; Rosa Blanco - Universidad Publica de Navarra; Fermín Mallor - Universidad Publica de Navarra; Raquel Garde - National Renewable Energy Centre; Mónica Aguado - National Renewable Energy Centre",,"0000-0001-7023-7650; 0000-0001-8560-4628; 0000-0001-9800-1498"
"Ship to Grid: Medium-Voltage DC Concepts in Theory and Practice",10.1109/mpe.2012.2212613,"IEEE Power and Energy Magazine",2012-11-01,2,journal-article,"Institute of Electrical and Electronics Engineers (IEEE)","Gregory F Reed - University of Pittsburgh; Brandon M Grainger - University of Pittsburgh; Adam R Sparacino - University of Pittsburgh; Zhi‐Hong Mao - University of Pittsburgh",,
"Benchmarking small power energy consumption in office buildings in the United Kingdom: A review of data published in CIBSE Guide F",10.1177/0143624412465092,"Building Services Engineering Research and Technology",2012-10-29,15,journal-article,"SAGE Publications","Anna Carolina Kossmann de Menezes - Loughborough University; Richard Buswell - Loughborough University; Dino Bouchlaghem - Nottingham Trent University",,
"Life cycle analysis of distributed concentrating solar combined heat and power: economics, global warming potential and water",10.1088/1748-9326/7/4/044016,"Environmental Research Letters",2012-10-26,1,journal-article,"IOP Publishing","Zack Norwood - University of California, Berkeley; Daniel M Kammen - University of California, Berkeley",,
"How does bioenergy compare with other land-based renewable energy sources globally?",10.1111/gcbb.12013,"GCB Bioenergy",2012-10-16,3,journal-article,Wiley,"Mark Pogson - University of Aberdeen; Astley Hastings - University of Aberdeen; Pete Smith - University of Aberdeen",,"0000-0001-9863-7613; 0000-0002-2116-7200; 0000-0002-3784-1124"
"An assessment of wind energy potential at the demonstration offshore wind farm in Korea",10.1016/j.energy.2012.07.056,Energy,2012-10-01,1,journal-article,"Elsevier BV","Ki‐Yong Oh - Korea Electric Power Corporation (South Korea); Ji-Young Kim - Korea Electric Power Corporation (South Korea); Jae-Kyung Lee - Korea Electric Power Corporation (South Korea); Moo-Sung Ryu - Korea Electric Power Corporation (South Korea); Jun-Shin Lee - Korea Electric Power Corporation (South Korea)",,
"Relationships between meteorological variables and monthly electricity demand",10.1016/j.apenergy.2012.03.053,"Applied Energy",2012-10-01,2,journal-article,"Elsevier BV","Francesco Apadula - Ricerca sul Sistema Energetico (Italy); Alessandra Bassini - Ricerca sul Sistema Energetico (Italy); Alberto Elli - Ricerca sul Sistema Energetico (Italy); Simone Scapin - Ricerca sul Sistema Energetico (Italy)",,0000-0002-0969-0525
"Climate change impacts on electricity demand in the State of New South Wales, Australia",10.1016/j.apenergy.2012.03.059,"Applied Energy",2012-10-01,1,journal-article,"Elsevier BV","Tanvir Ahmed - University of Wollongong; Kashem M Muttaqi - University of Wollongong; Ashish P Agalgaonkar - University of Wollongong",,"0000-0001-5215-478X; 0000-0002-8970-0999; 0000-0003-2424-0722"
"New multi-physics approach for modelling and design of alkaline electrolyzers",10.1016/j.ijhydene.2012.07.015,"International Journal of Hydrogen Energy",2012-10-01,1,journal-article,"Elsevier BV","M Hammoudi - Université du Québec à Trois-Rivières; Christian Henao - Université du Québec à Trois-Rivières; Kodjo Agbossou - Université du Québec à Trois-Rivières; Yves Dubé - Université du Québec à Trois-Rivières; Mamadou Lamine Doumbia - Université du Québec à Trois-Rivières",,"0000-0002-9993-7877; 0000-0003-1441-424X"
"Integrated resource planning for Iran: Development of reference energy system, forecast, and long-term energy-environment plan",10.1016/j.energy.2012.08.013,Energy,2012-10-01,1,journal-article,"Elsevier BV","K Amirnekooei - Amirkabir University of Technology; M.M Ardehali - Amirkabir University of Technology; A Sadri - Amirkabir University of Technology",,0000-0001-6346-5823
"Dynamic Frequency Control Support by Energy Storage to Reduce the Impact of Wind and Solar Generation on Isolated Power System's Inertia",10.1109/tste.2012.2205025,"IEEE Transactions on Sustainable Energy",2012-10-01,5,journal-article,"Institute of Electrical and Electronics Engineers (IEEE)","Bruno François - Université Lille Nord de France; Bruno François - Université de Lille",,
"Projection of U.S. forest sector carbon sequestration under U.S. and global timber market and wood energy consumption scenarios, 2010–2060",10.1016/j.biombioe.2012.06.011,"Biomass and Bioenergy",2012-10-01,10,journal-article,"Elsevier BV","Prakash Nepal - Forest Products Laboratory; Kenneth E Skog - Forest Products Laboratory; Peter J Ince - Forest Products Laboratory; Sun Joseph Chang - Louisiana State University Agricultural Center",,
"Carbon monoxide generation, dispersion and exposure from indoor operation of gasoline-powered electric generators under actual weather conditions",10.1016/j.buildenv.2012.03.016,"Building and Environment",2012-10-01,1,journal-article,"Elsevier BV","Liangzhu Wang - Concordia University; Steven J Emmerich - National Institute of Standards and Technology; Andrew K Persily - National Institute of Standards and Technology; Cheng-Chun Lin - Concordia University",,"0000-0002-0653-3612; 0000-0002-3848-9249; 0000-0002-9542-3318"
"Stochastic models for building energy prediction based on occupant behavior assessment",10.1016/j.enbuild.2012.06.001,"Energy and Buildings",2012-10-01,1,journal-article,"Elsevier BV","João Virote - Universidade Nova de Lisboa; Rui Neves‐Silva - Universidade Nova de Lisboa",,0000-0003-1338-0287
"A local-community-level, physically-based model of end-use energy consumption by Australian housing stock",10.1016/j.enpol.2012.06.065,"Energy Policy",2012-10-01,2,journal-article,"Elsevier BV","Zhengen Ren - Ecosystem Sciences; Zhengen Ren - Commonwealth Scientific and Industrial Research Organisation; Phillip Paevere - Ecosystem Sciences; Phillip Paevere - Commonwealth Scientific and Industrial Research Organisation; Cheryl McNamara - Ecosystem Sciences; Cheryl McNamara - Commonwealth Scientific and Industrial Research Organisation",,0000-0002-7429-4879
"Energy and quality of life",10.1016/j.enpol.2012.06.051,"Energy Policy",2012-10-01,5,journal-article,"Elsevier BV","César Pastén - Georgia Institute of Technology; J Carlos Santamarina - Georgia Institute of Technology",,"0000-0001-8708-2827; 0000-0002-6683-0619"
"Uncertainties in energy consumption introduced by building operations and weather for a medium-size office building",10.1016/j.enbuild.2012.06.017,"Energy and Buildings",2012-10-01,1,journal-article,"Elsevier BV","Liping Wang - Lawrence Berkeley National Laboratory; Paul Mathew - Lawrence Berkeley National Laboratory; Xiufeng Pang - Lawrence Berkeley National Laboratory",,"0000-0002-4162-8908; 0000-0002-7765-2387"
"The impacts of stochastic programming and demand response on wind integration",10.1007/s12667-012-0068-7,"Energy Systems",2012-09-02,1,journal-article,"Springer Nature","Seyed Hossein Madaeni - The Ohio State University; Ramteen Sioshansi - The Ohio State University",,0000-0002-1440-0158
"Modeling the impact of a carbon tax: A trial analysis for Washington State",10.1016/j.enpol.2012.05.067,"Energy Policy",2012-09-01,5,journal-article,"Elsevier BV",,,
"An assessment of the role mass market demand response could play in contributing to the management of variable generation integration issues",10.1016/j.enpol.2012.05.040,"Energy Policy",2012-09-01,1,journal-article,"Elsevier BV","Peter Cappers - Lawrence Berkeley National Laboratory; Andrew Mills - Lawrence Berkeley National Laboratory; Charles Goldman - Lawrence Berkeley National Laboratory; Ryan Wiser - Lawrence Berkeley National Laboratory; Joseph H Eto - Lawrence Berkeley National Laboratory",,"0000-0002-2540-1092; 0000-0002-9065-0458; 0000-0003-0542-4358; 0000-0003-3117-4014; 0000-0003-4961-4946"
"One Step Ahead: Short-Term Wind Power Forecasting and Intelligent Predictive Control Based on Data Analytics",10.1109/mpe.2012.2205322,"IEEE Power and Energy Magazine",2012-09-01,1,journal-article,"Institute of Electrical and Electronics Engineers (IEEE)","Ganesh K Venayagamoorthy - Clemson University; Kurt Rohrig - Fraunhofer-Gesellschaft; I Erlich - University of Duisburg-Essen",,"0000-0001-6701-0623; 0000-0003-0910-1732; 0000-0003-3154-8119"
"Predicted vs. actual energy performance of non-domestic buildings: Using post-occupancy evaluation data to reduce the performance gap",10.1016/j.apenergy.2011.11.075,"Applied Energy",2012-09-01,20,journal-article,"Elsevier BV","Anna Carolina Kossmann de Menezes - Loughborough University; Dino Bouchlaghem - Loughborough University; Richard Buswell - Loughborough University",,
"Building resilience to overheating into 1960's UK hospital buildings within the constraint of the national carbon reduction target: Adaptive strategies",10.1016/j.buildenv.2012.02.031,"Building and Environment",2012-09-01,15,journal-article,"Elsevier BV","C Alan Short - University of Cambridge; Kevin J Lomas - Loughborough University; R Giridharan - Loughborough University; Alistair Fair - University of Cambridge",,
"A cell-to-module-to-array detailed model for photovoltaic panels",10.1016/j.solener.2012.06.004,"Solar Energy",2012-09-01,1,journal-article,"Elsevier BV","Tian Hong-mei - Shenzhen Polytechnic University; Tian Hong-mei - University of Colorado Denver; Fernando Mancilla‐David - University of Colorado Denver; Kevin Ellis - University of Colorado Denver; Eduard Muljadi - National Laboratory of the Rockies; Peter E Jenkins - University of Colorado Denver",,"0000-0002-0821-8317; 0000-0003-4947-8956"
"Global warming and electricity demand in the rapidly growing city of Delhi: A semi-parametric variable coefficient approach",10.1016/j.eneco.2012.04.014,"Energy Economics",2012-09-01,9,journal-article,"Elsevier BV","Eshita Gupta - Indian Statistical Institute",,
"ITER edge-localized modes control coils: the effect on fast ion losses and edge confinement properties",10.1088/0741-3335/54/10/105008,"Plasma Physics and Controlled Fusion",2012-08-31,1,journal-article,"IOP Publishing","T Koskela - Aalto University; O Asunta - Aalto University; Eero Hirvijoki - Aalto University; T Kurki-Suonio - Aalto University; S Äkäslompolo - Aalto University",,
"Conditional dynamic forecast of electrical energy consumption requirements in Ghana by 2020: A comparison of ARDL and PAM",10.1016/j.energy.2012.06.020,Energy,2012-08-01,3,journal-article,"Elsevier BV","Philip Kofi Adom - University of Ghana; William Bekoe - University of Ghana",,
"Model predictive control technologies for efficient and flexible power consumption in refrigeration systems",10.1016/j.energy.2011.12.007,Energy,2012-08-01,1,journal-article,"Elsevier BV","Tobias Gybel Hovgaard - Technical University of Denmark; Tobias Gybel Hovgaard - Danfoss (Denmark); Lars F S Larsen - Danfoss (Denmark); Kristian Edlund - Ørsted (Denmark); John Bagterp Jørgensen - Technical University of Denmark",,0000-0001-9799-2808
"Resilience and electricity systems: A comparative analysis",10.1016/j.enpol.2012.04.057,"Energy Policy",2012-08-01,2,journal-article,"Elsevier BV","Lynette Molyneaux - The University of Queensland; Liam Wagner - The University of Queensland; Craig Froome - The University of Queensland; John Foster - The University of Queensland",,"0000-0002-2601-1539; 0000-0002-4810-0823; 0000-0003-1297-5801"
"Predictive control and thermal energy storage for optimizing a multi-energy district boiler",10.1016/j.jprocont.2012.05.011,"Journal of Process Control",2012-08-01,1,journal-article,"Elsevier BV","Julien Eynard - Université de Perpignan; Julien Eynard - Laboratoire Procédés, Matériaux et Energie Solaire; Julien Eynard - Centre National de la Recherche Scientifique; Stéphane Grieu - Université de Perpignan; Stéphane Grieu - Laboratoire Procédés, Matériaux et Energie Solaire; Stéphane Grieu - Centre National de la Recherche Scientifique; Monique Polit - Université de Perpignan; Monique Polit - Laboratoire Procédés, Matériaux et Energie Solaire; Monique Polit - Centre National de la Recherche Scientifique",,"0000-0002-2000-3001; 0000-0002-8011-1098"
"Influence of local environmental, social, economic and political variables on the spatial distribution of residential solar PV arrays across the United States",10.1016/j.enpol.2012.04.074,"Energy Policy",2012-08-01,11,journal-article,"Elsevier BV","Calvin Lee Kwan - University of California, Los Angeles",,
"Simplified site-screening method for micro tidal current turbines applied in Mozambique",10.1016/j.renene.2012.02.010,"Renewable Energy",2012-08-01,1,journal-article,"Elsevier BV","Linus Hammar - Chalmers University of Technology; Alberto Mavume - Eduardo Mondlane University; Francisco Francisco - Eduardo Mondlane University; Sverker Molander - Chalmers University of Technology",,"0000-0002-5205-0961; 0000-0002-6823-8504; 0000-0002-9081-8847; 0000-0003-3000-9850"
"Price-based demand side management: Assessing the impacts of time-of-use tariffs on residential electricity demand and peak shifting in Northern Italy",10.1016/j.energy.2012.05.043,Energy,2012-08-01,3,journal-article,"Elsevier BV","Jacopo Torriti - University of Reading",,
"An energy and carbon life cycle assessment of tidal power case study: The proposed Cardiff–Weston severn barrage scheme",10.1016/j.energy.2012.05.023,Energy,2012-08-01,7,journal-article,"Elsevier BV","Kerry Kelly - University of Bath; Marcelle McManus - University of Bath; Geoffrey P Hammond - University of Bath",,
"Development and characterization of flexible heating fabric based on conductive filaments",10.1016/j.measurement.2012.03.032,Measurement,2012-08-01,1,journal-article,"Elsevier BV","Hao Liu - Tiangong University; Yi Zhang - Tiangong University; Chen Li - Tiangong University; Xiaojiu Li - Tiangong University; Wang Yuxiu - Tiangong University; Yan Gao - Tiangong University",,"0000-0001-7516-3646; 0000-0002-1603-8623; 0000-0002-4215-6914; 0000-0003-0089-4254"
"The technical and economic implications of integrating fluctuating renewable energy using energy storage",10.1016/j.renene.2011.11.003,"Renewable Energy",2012-07-01,5,journal-article,"Elsevier BV","David Connolly - University of Limerick; Henrik Lund - Aalborg University; Brian Vad Mathiesen - Aalborg University; E Pican - University of Limerick; Martin J Leahy - University of Limerick",,
"Path loss model and prediction of range, power and throughput for 802.11n in large conference rooms",10.1016/j.aeue.2011.11.008,"AEU - International Journal of Electronics and Communications",2012-07-01,1,journal-article,"Elsevier BV","F Heereman - Ghent University; Wout Joseph - Ghent University; Emmeric Tanghe - Ghent University; David Plets - Ghent University; Leen Verloock - Ghent University; Luc Martens - Ghent University",,"0000-0001-8392-3481; 0000-0001-9948-9157; 0000-0002-8807-0673; 0000-0002-8879-5076; 0000-0003-0020-6466"
"Agent-Based Modeling of Occupants and Their Impact on Energy Use in Commercial Buildings",10.1061/(asce)cp.1943-5487.0000158,"Journal of Computing in Civil Engineering",2012-07-01,1,journal-article,"American Society of Civil Engineers (ASCE)","Elie Azar - University of Wisconsin–Madison; Carol C Menassa - University of Wisconsin–Madison",,"0000-0001-7273-4853; 0000-0002-2453-0386"
"Sustainable energy development: The present (2011) situation and possible paths to the future",10.1016/j.energy.2011.11.038,Energy,2012-07-01,1,journal-article,"Elsevier BV","Noam Lior - University of Pennsylvania",,
"The carbon footprint of indoor Cannabis production",10.1016/j.enpol.2012.03.023,"Energy Policy",2012-07-01,40,journal-article,"Elsevier BV",,,
"Understanding social acceptance of electricity generation sources",10.1016/j.enpol.2012.03.057,"Energy Policy",2012-07-01,5,journal-article,"Elsevier BV","Pilar C Arévalo - Universidad Andrés Bello; Luis A Cifuentes - Pontificia Universidad Católica de Chile",,
"Effects of aggregating electric load in the United States",10.1016/j.enpol.2012.03.079,"Energy Policy",2012-07-01,1,journal-article,"Elsevier BV","B A Corcoran - Stanford University; Nick Jenkins - Cardiff University; Mark Z Jacobson - Stanford University",,"0000-0002-4315-4128; 0000-0003-3082-6260"
"Short-Term Wind-Power Prediction Based on Wavelet Transform–Support Vector Machine and Statistic-Characteristics Analysis",10.1109/tia.2012.2199449,"IEEE Transactions on Industry Applications",2012-07-01,1,journal-article,"Institute of Electrical and Electronics Engineers (IEEE)","Yongqian Liu - North China Electric Power University; Jie Shi - North China Electric Power University; Yongping Yang - North China Electric Power University; Wei‐Jen Lee - The University of Texas at Arlington",,
"Sustainable Nuclear Fuel Cycles and World Regional Issues",10.3390/su4061214,Sustainability,2012-06-12,1,journal-article,"MDPI AG","V Romanello - Karlsruhe Institute of Technology; M Salvatores - CEA Cadarache; M Salvatores - Karlsruhe Institute of Technology; M Salvatores - Commissariat à l'Énergie Atomique et aux Énergies Alternatives; A Schwenk-Ferrero - Karlsruhe Institute of Technology; F Gabrielli - Karlsruhe Institute of Technology; B Vezzoni - Karlsruhe Institute of Technology; A Rineiski - Karlsruhe Institute of Technology; Concetta Fazio - Karlsruhe Institute of Technology",,
"Energy use of US residential refrigerators and freezers: function derivation based on household and climate characteristics",10.1007/s12053-012-9158-6,"Energy Efficiency",2012-06-09,2,journal-article,"Springer Nature","Jeffery B Greenblatt - Lawrence Berkeley National Laboratory; Asa Hopkins - Lawrence Berkeley National Laboratory; Virginie Letschert - Lawrence Berkeley National Laboratory; Michael Blasnik - Boston University",,"0000-0002-1847-1236; 0000-0002-6421-3385"
"Breaks and trends in OECD countries' energy–GDP ratios",10.1016/j.enpol.2012.02.061,"Energy Policy",2012-06-01,4,journal-article,"Elsevier BV","Brantley Liddle - Victoria University",,
"Cost-effectiveness of high-efficiency appliances in the U.S. residential sector: A case study",10.1016/j.enpol.2011.12.050,"Energy Policy",2012-06-01,3,journal-article,"Elsevier BV","Michael A McNeil - Lawrence Berkeley National Laboratory; Nicholas Bojda - Lawrence Berkeley National Laboratory",,
"Distributed energy resource short-term scheduling using Signaled Particle Swarm Optimization",10.1016/j.energy.2012.03.022,Energy,2012-06-01,1,journal-article,"Elsevier BV","João Soares - Polytechnic Institute of Porto; Marco Silva - Polytechnic Institute of Porto; Tiago Sousa - Polytechnic Institute of Porto; Zita Vale - Polytechnic Institute of Porto; Hugo Morais - Polytechnic Institute of Porto",,"0000-0001-5906-4744; 0000-0002-3704-562X; 0000-0002-4172-4502; 0000-0002-4560-9544; 0000-0003-1772-5692"
"Optimal control of a residential microgrid",10.1016/j.energy.2012.03.049,Energy,2012-06-01,3,journal-article,"Elsevier BV","Phillip Oliver Kriett - Dalle Molle Institute for Artificial Intelligence Research; Matteo Salani - Dalle Molle Institute for Artificial Intelligence Research",,
"Optimum residential load management strategy for real time pricing (RTP) demand response programs",10.1016/j.enpol.2012.03.019,"Energy Policy",2012-06-01,5,journal-article,"Elsevier BV","Juan M Lujano‐Rojas - Universidad de Zaragoza; Cláudio Monteiro - Institute for Systems Engineering and Computers; Cláudio Monteiro - Universidade do Porto; Rodolfo Dufo‐López - Universidad de Zaragoza; José L Bernal‐Agustín - Universidad de Zaragoza",,"0000-0002-1490-6423; 0000-0003-2813-1240; 0000-0003-4858-647X"
"Energy consumption analysis intended for real office space with energy recovery ventilator by integrating BES and CFD approaches",10.1016/j.buildenv.2011.12.008,"Building and Environment",2012-06-01,1,journal-article,"Elsevier BV","Yunqing Fan - Kyushu University; Kazuhide Ito - Kyushu University",,"0000-0002-7715-7896; 0000-0003-0206-8108"
"Introducing the prebound effect: the gap between performance and actual energy consumption",10.1080/09613218.2012.690952,"Building Research & Information",2012-06-01,65,journal-article,"Informa UK Limited","Minna Sunikka‐Blank - University of Cambridge; Ray Galvin - University of Cambridge",,
"Market penetration speed and effects on CO2 reduction of electric vehicles and plug-in hybrid electric vehicles in Japan",10.1016/j.enpol.2012.02.068,"Energy Policy",2012-06-01,5,journal-article,"Elsevier BV","Kuniaki Yabe - Tokyo University of Agriculture and Technology; Kuniaki Yabe - TEPCO (Japan); Yukio Shinoda - TEPCO (Japan); Tomomichi Seki - TEPCO (Japan); Hideo Tanaka - Tokyo University of Agriculture and Technology; Atsushi Akisawa - Tokyo University of Agriculture and Technology",,
"A Generalized Nash–Cournot Model for the Northwestern European Natural Gas Markets with a Fuel Substitution Demand Function: The GaMMES Model",10.1007/s11067-012-9171-5,"Networks and Spatial Economics",2012-05-17,5,journal-article,"Springer Nature","Ibrahim Abada - IFP Énergies nouvelles; Ibrahim Abada - Centre National de la Recherche Scientifique; Ibrahim Abada - EconomiX; Ibrahim Abada - Université Paris Nanterre; Steven A Gabriel - University of Maryland, College Park; Vincent Briat - Électricité de France (France); Olivier Massol - University of London",,"0000-0002-3946-3139; 0000-0002-9611-7312; 0000-0003-1386-5866"
"Biogas prediction and design of a food waste to energy system for the urban environment",10.1016/j.renene.2011.10.019,"Renewable Energy",2012-05-01,8,journal-article,"Elsevier BV","Nathan Curry - Concordia University; Pragasen Pillay - Concordia University",,
"Evaporative supercooling method for ice production",10.1016/j.applthermaleng.2011.10.067,"Applied Thermal Engineering",2012-05-01,1,journal-article,"Elsevier BV","Xiuwei Li - Nanjing University of Science and Technology; Xiuwei Li - Southeast University; Xiaosong Zhang - Southeast University; Shangkun Quan - Wuzhou University",,
"A Novel Policy for Locational Marginal Price Calculation in Distribution Systems Based on Loss Reduction Allocation Using Game Theory",10.1109/tpwrs.2011.2175254,"IEEE Transactions on Power Systems",2012-05-01,1,journal-article,"Institute of Electrical and Electronics Engineers (IEEE)","Kiarash Shaloudegi - Amirkabir University of Technology; N Madinehi - Amirkabir University of Technology; Seyed Hossein Hosseinian - Amirkabir University of Technology; Hossein Askarian Abyaneh - Amirkabir University of Technology",,"0000-0001-7628-9670; 0000-0002-9108-5833"
"Performance evaluation of biodiesel from used domestic waste oils: A review",10.1016/j.psep.2012.02.005,"Process Safety and Environmental Protection",2012-05-01,1,journal-article,"Elsevier BV","Basheer Hasan Diya’uddeen - University of Malaya; Abdul Aziz Abdul Raman - University of Malaya; Wan Mohd Ashri Wan Daud - University of Malaya; Mohammed Harun Chakrabarti - University of Malaya",,"0000-0001-7586-1903; 0000-0002-7280-5786"
"Decomposition and statistical analysis for regional electricity demand forecasting",10.1016/j.energy.2012.03.011,Energy,2012-05-01,1,journal-article,"Elsevier BV","Chi‐Hsiang Wang - Ecosystem Sciences; Chi‐Hsiang Wang - Commonwealth Scientific and Industrial Research Organisation; George Grozev - Ecosystem Sciences; George Grozev - Commonwealth Scientific and Industrial Research Organisation; Seongwon Seo - Ecosystem Sciences; Seongwon Seo - Commonwealth Scientific and Industrial Research Organisation",,"0000-0001-5486-7046; 0000-0002-4131-0545"
"Long run energy demand in Iran: a scenario analysis",10.1108/17506221211216571,"International Journal of Energy Sector Management",2012-04-06,1,journal-article,Emerald,"Saeed Moshiri - University of Saskatchewan; Farideh Atabi - Islamic Azad University, Science and Research Branch; Mohammad Hassan Panjehshahi - University of Tehran; Stefan Lechtenböehmer - Wuppertal Institute for Climate, Environment and Energy",,"0000-0002-8192-2976; 0000-0003-3690-7707"
"Research on a dynamic simulation method of atrium thermal environment based on neural network",10.1016/j.buildenv.2011.11.001,"Building and Environment",2012-04-01,1,journal-article,"Elsevier BV","Qin Rong - Tsinghua University; Da Yan - Tsinghua University; Xin Zhou - Tsinghua University; Yi Jiang - Tsinghua University",,"0000-0001-5697-2616; 0000-0002-5897-6538; 0000-0003-0453-3130; 0000-0003-2399-723X"
"The Future of Nuclear Power After Fukushima",10.5547/2160-5890.1.2.7,"Economics of Energy & Environmental Policy",2012-04-01,9,journal-article,"International Association for Energy Economics (IAEE)",,,
"Analysis of energy and carbon flows in the future Norwegian dwelling stock",10.1080/09613218.2012.655071,"Building Research & Information",2012-04-01,1,journal-article,"Informa UK Limited","Nina Holck Sandberg - Norwegian University of Science and Technology; Helge Brattebø - Norwegian University of Science and Technology",,"0000-0001-8095-1663; 0000-0002-8115-2094"
"London's urban heat island: Impact on current and future energy consumption in office buildings",10.1016/j.enbuild.2011.12.019,"Energy and Buildings",2012-04-01,6,journal-article,"Elsevier BV","Maria Kolokotroni - Brunel University of London; Xuan Ren - Brunel University of London; Mike Davies - University College London; Anna Mavrogianni - University College London",,"0000-0002-5104-1238; 0000-0003-2173-7063; 0000-0003-4440-3082; 0000-0003-4478-1868"
"Study of the energy consumption of a massive free-running building in the Argentinean northwest through monitoring and thermal simulation",10.1016/j.enbuild.2011.12.004,"Energy and Buildings",2012-04-01,2,journal-article,"Elsevier BV","Silvana Flores Larsen - National University of Salta; Silvana Flores Larsen - Consejo Nacional de Investigaciones Científicas y Técnicas; Celina Filippín - Universidad Nacional de La Pampa; Celina Filippín - Consejo Nacional de Investigaciones Científicas y Técnicas; Silvina Mariana González - National University of Salta; Silvina Mariana González - Consejo Nacional de Investigaciones Científicas y Técnicas",,"0000-0001-7274-2028; 0000-0002-0521-6180"
"Reductive electrochemical remediation of emerging and regulated disinfection byproducts",10.1016/j.watres.2011.12.042,"Water Research",2012-04-01,2,journal-article,"Elsevier BV","Jelena Radjenović - The University of Queensland; María José Farré - The University of Queensland; Yang Mu - The University of Queensland; Wolfgang Gernjak - The University of Queensland; Jürg Keller - The University of Queensland",,
"Thermal Variability Increases the Impact of Autumnal Warming and Drives Metabolic Depression in an Overwintering Butterfly",10.1371/journal.pone.0034470,"PLOS ONE",2012-03-30,1,journal-article,"Public Library of Science (PLoS)","Caroline M Williams - Western University; Katie E Marshall - Western University; Heath A MacMillan - Western University; Jason D K Dzurisin - University of Notre Dame; Jessica J Hellmann - University of Notre Dame; Brent J Sinclair - Western University",,"0000-0001-7598-3273; 0000-0002-4961-0841; 0000-0002-6991-4957; 0000-0002-8191-9910; 0000-0003-3112-0286"
"How does the Earth system generate and maintain thermodynamic disequilibrium and what does it imply for the future of the planet?",10.1098/rsta.2011.0316,"Philosophical Transactions of the Royal Society A: Mathematical, Physical and Engineering Sciences",2012-03-13,4,journal-article,"The Royal Society","Axel Kleidon - Max Planck Institute for Biogeochemistry",,0000-0002-3798-0730
"Feature Selection for Predicting Building Energy Consumption Based on Statistical Learning Method",10.1260/1748-3018.6.1.59,"Journal of Algorithms & Computational Technology",2012-03-01,1,journal-article,"SAGE Publications","Hai‐Xiang Zhao - École Centrale Paris; Frédéric Magoulès - École Centrale Paris",,0000-0002-1198-7539
"Dynamic coupling of the transient system simulation and fire dynamics simulation programs",10.1080/19401493.2010.546430,"Journal of Building Performance Simulation",2012-03-01,1,journal-article,"Informa UK Limited","Mark Goldsworthy - Commonwealth Scientific and Industrial Research Organisation",,0000-0001-8718-1139
"Global energy consumption due to friction in passenger cars",10.1016/j.triboint.2011.11.022,"Tribology International",2012-03-01,11,journal-article,"Elsevier BV","Kenneth Holmberg - VTT Technical Research Centre of Finland; Peter Andersson - VTT Technical Research Centre of Finland; Ali Erdemir - Argonne National Laboratory",,
"Future energy demand for public buildings in the context of climate change for Burkina Faso",10.1016/j.buildenv.2011.10.003,"Building and Environment",2012-03-01,3,journal-article,"Elsevier BV","Bachir Ismael Ouedraogo - University of Manchester; G.J Levermore - University of Manchester; John Parkinson - University of Manchester",,
"IEQ assessment on schools in the design stage",10.1016/j.buildenv.2011.09.014,"Building and Environment",2012-03-01,1,journal-article,"Elsevier BV","Tiberiu Cătălina - Technical University of Civil Engineering of Bucharest; Vlad Iordache - Technical University of Civil Engineering of Bucharest",,"0000-0001-9875-9936; 0000-0002-9954-0781"
"VMT, energy consumption, and GHG emissions forecasting for passenger transportation",10.1016/j.tra.2011.11.009,"Transportation Research Part A: Policy and Practice",2012-03-01,23,journal-article,"Elsevier BV","Aikaterini Rentziou - National Technical University of Athens; Konstantina Gkritza - Iowa State University; Reginald R Souleyrette - University of Kentucky",,
"PEV Charging Profile Prediction and Analysis Based on Vehicle Usage Data",10.1109/tsg.2011.2162009,"IEEE Transactions on Smart Grid",2012-03-01,2,journal-article,"Institute of Electrical and Electronics Engineers (IEEE)","Ali Ashtari - University of Manitoba; Eric Bibeau - University of Manitoba; Soheil Shahidinejad - University of Manitoba; Tom Molinski - Manitoba Hydro",,
"Assessing Climate Change Impacts on Global Hydropower",10.3390/en5020305,Energies,2012-02-14,45,journal-article,"MDPI AG","Byman Hamududu - Norwegian University of Science and Technology; Aanund Killingtveit - Norwegian University of Science and Technology",,
"Does the use of nuclear power lead to lower electricity prices? An analysis of the debate in Germany with an international perspective",10.1016/j.enpol.2011.09.043,"Energy Policy",2012-02-01,3,journal-article,"Elsevier BV",,,
"Predictive Control for Energy Efficient Buildings with Thermal Storage: Modeling, Stimulation, and Experiments",10.1109/mcs.2011.2172532,"IEEE Control Systems",2012-02-01,3,journal-article,"Institute of Electrical and Electronics Engineers (IEEE)","Yudong Ma - University of California, Berkeley; Anthony Kelman - University of California, Berkeley; Allan Daly - University of California, Berkeley; Francesco Borrelli - University of California, Berkeley",,
"Short-Term Load Forecasting Based on a Semi-Parametric Additive Model",10.1109/tpwrs.2011.2162082,"IEEE Transactions on Power Systems",2012-02-01,3,journal-article,"Institute of Electrical and Electronics Engineers (IEEE)","Shu Fan - Monash University; Rob Hyndman - Monash University",,"0000-0002-2140-5352; 0000-0002-6453-3338"
"Modeling the carbonator of a Ca-looping process for CO2 capture from power plant flue gas",10.1016/j.ces.2011.10.041,"Chemical Engineering Science",2012-02-01,2,journal-article,"Elsevier BV","Matteo C Romano - Politecnico di Milano",,
"CEOS contributions to informing energy management and policy decision making using space-based Earth observations",10.1016/j.apenergy.2011.03.001,"Applied Energy",2012-02-01,1,journal-article,"Elsevier BV","Richard S Eckman - Langley Research Center; Paul W Stackhouse - Langley Research Center",,0000-0002-2047-310X
"Merging mobility and energy vision with hybrid electric vehicles and vehicle infrastructure integration",10.1016/j.enpol.2011.11.021,"Energy Policy",2012-02-01,1,journal-article,"Elsevier BV","Yiming He - Clemson University; Mashrur Chowdhury - Clemson University; Yongchang Ma - Research Triangle Park Foundation; Pierluigi Pisu - Clemson University",,"0000-0001-9495-8882; 0000-0002-3275-6983; 0000-0003-4266-1336"
"The UK transport carbon model: An integrated life cycle approach to explore low carbon futures",10.1016/j.enpol.2010.08.019,"Energy Policy",2012-02-01,16,journal-article,"Elsevier BV","Christian Brand - University of Oxford; Martino Tran - University of Oxford; Jillian Anable - University of Aberdeen",,
"Efficient Stochastic Scheduling for Simulation of Wind-Integrated Power Systems",10.1109/tpwrs.2011.2164558,"IEEE Transactions on Power Systems",2012-02-01,6,journal-article,"Institute of Electrical and Electronics Engineers (IEEE)","Alexander Sturt - Imperial College London; Goran Štrbac - Imperial College London",,0000-0001-7421-3947
"Atmospheric stability affects wind turbine power collection",10.1088/1748-9326/7/1/014005,"Environmental Research Letters",2012-01-12,4,journal-article,"IOP Publishing","Sonia Wharton - Lawrence Livermore National Laboratory; Julie K Lundquist - University of Colorado Boulder; Julie K Lundquist - National Laboratory of the Rockies",,"0000-0001-5490-2702; 0000-0002-0192-5668"
"A model predictive control optimization environment for real-time commercial building application",10.1080/19401493.2011.648343,"Journal of Building Performance Simulation",2012-01-11,1,journal-article,"Informa UK Limited","Charles D Corbin - University of Colorado Boulder; Gregor P Henze - University of Colorado Boulder; Peter May-Ostendorp - University of Colorado Boulder",,"0000-0002-4084-9709; 0000-0003-1639-1555"
"Sustainable road safety: A new (?) neighbourhood road pattern that saves VRU lives",10.1016/j.aap.2010.12.005,"Accident Analysis & Prevention",2012-01-01,7,journal-article,"Elsevier BV","Vicky Feng Wei - University of British Columbia; Gord Lovegrove - University of British Columbia",,
"On the operation strategy of steam power plants working at variable load: Technical and economic issues",10.1016/j.energy.2011.11.042,Energy,2012-01-01,2,journal-article,"Elsevier BV","Anna Stoppato - University of Padua; Alberto Mirandola - University of Padua; Giacomo Meneghetti - University of Padua; E Lo Casto - University of Padua",,"0000-0001-6986-872X; 0000-0003-0795-6390"
"Probabilistic Kernel Approach to Online Monitoring of Nuclear Power Plants",10.13182/nt12-a13333,"Nuclear Technology",2012-01-01,1,journal-article,"Informa UK Limited","Miltiadis Alamaniotis - Purdue University West Lafayette; A Ikonomopoulos - National Centre of Scientific Research ""Demokritos""; Lefteri H Tsoukalas - Purdue University West Lafayette",,"0000-0002-6718-1163; 0000-0003-0787-5013"
"Wind power impacts and electricity storage – A time scale perspective",10.1016/j.renene.2011.06.034,"Renewable Energy",2012-01-01,2,journal-article,"Elsevier BV","K Hedegaard - Technical University of Denmark; Peter Meibom - Technical University of Denmark",,
"Second generation BtL type biofuels – a production cost analysis",10.1039/c2ee21750c,"Energy Environ. Sci.",2012-01-01,4,journal-article,"Royal Society of Chemistry (RSC)","Geert Haarlemmer - Laboratoire d’Innovation pour les Technologies des Énergies Nouvelles et les nanomatériaux; Geert Haarlemmer - CEA Grenoble; Geert Haarlemmer - Commissariat à l'Énergie Atomique et aux Énergies Alternatives; Guillaume Boissonnet - Laboratoire d’Innovation pour les Technologies des Énergies Nouvelles et les nanomatériaux; Guillaume Boissonnet - CEA Grenoble; Guillaume Boissonnet - Commissariat à l'Énergie Atomique et aux Énergies Alternatives; Juliette Imbach - Commissariat à l'Énergie Atomique et aux Énergies Alternatives; Juliette Imbach - CEA Paris-Saclay; Pierre-Alexandre Setier - Commissariat à l'Énergie Atomique et aux Énergies Alternatives; Pierre-Alexandre Setier - Laboratoire d’Innovation pour les Technologies des Énergies Nouvelles et les nanomatériaux; Pierre-Alexandre Setier - CEA Grenoble; Emanuela Peduzzi - Commissariat à l'Énergie Atomique et aux Énergies Alternatives; Emanuela Peduzzi - Laboratoire d’Innovation pour les Technologies des Énergies Nouvelles et les nanomatériaux; Emanuela Peduzzi - CEA Grenoble",,
"Energy analysis and optimization of a food defrosting system",10.1016/j.energy.2011.10.048,Energy,2012-01-01,2,journal-article,"Elsevier BV","Cédric Damour - Laboratoire de Thermique et Energie de Nantes; M Hamdi - Laboratoire de Thermique et Energie de Nantes; C Josset - Laboratoire de Thermique et Energie de Nantes; Bruno Auvity - Laboratoire de Thermique et Energie de Nantes; Lionel Boillereaux - Laboratoire de Génie des Procédés – Environnement – Agro-alimentaire",,"0000-0001-6689-6071; 0000-0002-1399-2729; 0000-0002-3342-1886; 0000-0002-7797-1644"
"A hybrid procedure for energy demand forecasting in China",10.1016/j.energy.2011.11.015,Energy,2012-01-01,1,journal-article,"Elsevier BV","Shiwei Yu - China University of Geosciences; Shiwei Yu - Beijing Institute of Technology; Kejun Zhu - China University of Geosciences",,"0000-0002-3927-0943; 0000-0002-5473-235X"
"Estimation of Energy Use by Plug-In Hybrid Electric Vehicles",10.3141/2287-05,"Transportation Research Record: Journal of the Transportation Research Board",2012-01-01,9,journal-article,"SAGE Publications","Zhenhong Lin - National Transportation Research Center; Zhenhong Lin - Oak Ridge National Laboratory; Jing Dong - National Transportation Research Center; Jing Dong - Oak Ridge National Laboratory; Changzheng Liu - National Transportation Research Center; Changzheng Liu - Oak Ridge National Laboratory; David L Greene - National Transportation Research Center; David L Greene - Oak Ridge National Laboratory",,
"National Energy Policies and Energy Security in the Context of Climate Change and Global Environmental Risks: A Theoretical Framework for Reconciling Domestic and International Law through a Multiscal",10.54648/eelr2011020,"European Environmental Law Review",2011-12-01,1,journal-article,"Kluwer Law International BV",,,
"Forecasting of peak electricity demand in Mauritius using the non-homogeneous Gompertz diffusion process",10.1016/j.energy.2011.10.027,Energy,2011-12-01,1,journal-article,"Elsevier BV","Noure Roukayya Badurally Adam - University of Mauritius; M.K Elahee - University of Mauritius; Muhammad Zaid Dauhoo - University of Mauritius",,"0000-0002-4406-9427; 0000-0003-1687-2965"
"Natural resource limitations to terawatt-scale solar cells",10.1016/j.solmat.2011.06.013,"Solar Energy Materials and Solar Cells",2011-12-01,1,journal-article,"Elsevier BV","Coby Tao - Agile Mind; Jiechao Jiang - The University of Texas at Arlington; Meng Tao - The University of Texas at Arlington",,"0000-0001-5743-7092; 0000-0002-0636-3959"
"A GIS based assessment of potential for windfarms in India",10.1016/j.renene.2011.04.017,"Renewable Energy",2011-12-01,2,journal-article,"Elsevier BV","Jami Hossain - TERI University; Jami Hossain - Management Development Institute; Vinay Shankar Prasad Sinha - TERI University; V.V.N Kishore - TERI University",,
"Modeling and validation of a photocatalytic oxidation reactor for indoor environment applications",10.1016/j.ces.2011.08.017,"Chemical Engineering Science",2011-12-01,1,journal-article,"Elsevier BV","Lexuan Zhong - Concordia University; Fariborz Haghighat - Concordia University",,"0000-0001-5211-8826; 0000-0003-2869-7308"
"Modelling future private car energy demand in Ireland",10.1016/j.enpol.2011.09.027,"Energy Policy",2011-12-01,8,journal-article,"Elsevier BV","Hannah Daly - University College Cork; Brian Ó Gallachóir - University College Cork",,
"Solar and photovoltaic forecasting through post-processing of the Global Environmental Multiscale numerical weather prediction model",10.1002/pip.1180,"Progress in Photovoltaics: Research and Applications",2011-11-22,5,journal-article,Wiley,"Sophie Pelland - Natural Resources Canada; George Galanis - National and Kapodistrian University of Athens; George Galanis - Hellenic Naval Academy; George Kallos - National and Kapodistrian University of Athens",,
"Optimal and Adaptive Operation of a Hydropower System with Unit Commitment and Water Quality Constraints",10.1007/s11269-011-9940-9,"Water Resources Management",2011-11-09,2,journal-article,"Springer Nature","André Rodrigues Ferreira - Florida Atlantic University; Ramesh S V Teegavarapu - Florida Atlantic University",,0000-0002-8194-6038
"Distributional modeling and short-term forecasting of electricity prices by Generalized Additive Models for Location, Scale and Shape",10.1016/j.eneco.2011.05.001,"Energy Economics",2011-11-01,1,journal-article,"Elsevier BV","Francesco Serinaldi - Newcastle University",,0000-0002-1871-1068
"The long-term forecast of Taiwan’s energy supply and demand: LEAP model application",10.1016/j.enpol.2010.10.023,"Energy Policy",2011-11-01,1,journal-article,"Elsevier BV","Yophy Huang - National Taipei University of Business; Yunchang Jeffrey Bor - National Yang Ming Chiao Tung University; Yunchang Jeffrey Bor - Chinese Culture University",,
"New artificial neural network prediction method for electrical consumption forecasting based on building end-uses",10.1016/j.enbuild.2011.08.008,"Energy and Buildings",2011-11-01,1,journal-article,"Elsevier BV","Guillermo Escrivá-Escrivà - Universitat Politècnica de València; Carlos Álvarez-Bel - Universitat Politècnica de València; Carlos Roldán Blay - Universitat Politècnica de València; Manuel Alcázar-Ortega - Universitat Politècnica de València",,"0000-0001-5384-3931; 0000-0001-9459-0563; 0000-0002-3202-4571; 0000-0002-8238-1606"
"Employment impacts of solar energy in Turkey",10.1016/j.enpol.2011.08.039,"Energy Policy",2011-11-01,11,journal-article,"Elsevier BV",,,
"Wind power forecasting uncertainty and unit commitment",10.1016/j.apenergy.2011.04.011,"Applied Energy",2011-11-01,2,journal-article,"Elsevier BV","Jun Wang - Argonne National Laboratory; Audun Botterud - Argonne National Laboratory; Ricardo J Bessa - Universidade do Porto; Ricardo J Bessa - Institute for Systems Engineering and Computers; Hrvoje Keko - Universidade do Porto; Hrvoje Keko - Institute for Systems Engineering and Computers; Leonel Carvalho - Universidade do Porto; Leonel Carvalho - Institute for Systems Engineering and Computers; Diego Issicaba - Universidade do Porto; Diego Issicaba - Institute for Systems Engineering and Computers; Jean Sumaili - Universidade do Porto; Jean Sumaili - Institute for Systems Engineering and Computers; Vladimiro Miranda - Universidade do Porto; Vladimiro Miranda - Institute for Systems Engineering and Computers",,"0000-0002-0231-1043; 0000-0002-1305-5735; 0000-0002-3808-0427; 0000-0002-5706-5636; 0000-0002-5772-8452; 0000-0002-7937-8115; 0000-0002-9097-3679"
"Online 24-h solar power forecasting based on weather type classification using artificial neural network",10.1016/j.solener.2011.08.027,"Solar Energy",2011-11-01,2,journal-article,"Elsevier BV","Changsong Chen - Huazhong University of Science and Technology; Shanxu Duan - Huazhong University of Science and Technology; Tao Cai - Huazhong University of Science and Technology; Bangyin Liu - Huazhong University of Science and Technology",,
"Energy efficiency and appliance purchases in Europe: Consumer profiles and choice determinants",10.1016/j.enpol.2011.08.057,"Energy Policy",2011-11-01,12,journal-article,"Elsevier BV",,,
"Gas turbine performance at varying ambient temperature",10.1016/j.applthermaleng.2011.04.045,"Applied Thermal Engineering",2011-10-01,3,journal-article,"Elsevier BV","Ashley De - Heriot-Watt University Dubai; Sarim Al-Zubaidy - Heriot-Watt University Dubai",,
"South Africa's greenhouse gas emissions under business-as-usual: The technical basis of ‘Growth without Constraints’ in the Long-Term Mitigation Scenarios",10.1016/j.enpol.2011.06.009,"Energy Policy",2011-10-01,9,journal-article,"Elsevier BV","Harald Winkler - University of Cape Town; Alison Hughes - University of Cape Town; Andrew Marquard - University of Cape Town; Bruno Merven - University of Cape Town",,
"Climbing the energy ladder or diversifying energy sources? The continuing importance of household use of biomass energy in urbanizing communities in Northeast Thailand",10.1016/j.biombioe.2011.06.046,"Biomass and Bioenergy",2011-10-01,1,journal-article,"Elsevier BV","Analaya Nansaior - Khon Kaen University; A Patanothai - Khon Kaen University; A Terry Rambo - Khon Kaen University; Suchint Simaraks - Khon Kaen University",,
"Combining solar photovoltaic panels and food crops for optimising land use: Towards new agrivoltaic schemes",10.1016/j.renene.2011.03.005,"Renewable Energy",2011-10-01,24,journal-article,"Elsevier BV","Christian Dupraz - Fonctionnement et Conduite des Systèmes de Culture Tropicaux et Méditerranéens; Hélène Marrou - Fonctionnement et Conduite des Systèmes de Culture Tropicaux et Méditerranéens; Grégoire Talbot - Fonctionnement et Conduite des Systèmes de Culture Tropicaux et Méditerranéens; Lydie Dufour - Fonctionnement et Conduite des Systèmes de Culture Tropicaux et Méditerranéens",,
"Behavioural Patterns and User Profiles related to energy consumption for heating",10.1016/j.enbuild.2011.06.024,"Energy and Buildings",2011-10-01,5,journal-article,"Elsevier BV","O Guerra Santin - Delft University of Technology",,
"An Intelligent Auction Scheme for Smart Grid Market Using a Hybrid Immune Algorithm",10.1109/tie.2010.2102319,"IEEE Transactions on Industrial Electronics",2011-10-01,1,journal-article,"Institute of Electrical and Electronics Engineers (IEEE)","Bhuvaneswari Ramachandran - Florida State University; Sanjeev Srivastava - Florida State University; Chris S Edrington - Florida State University; David A Cartes - Florida State University",,"0000-0002-0599-6869; 0000-0003-4669-9171"
"Medium-term energy outlook for Cyprus and its policy implications",10.1016/j.enpol.2011.08.020,"Energy Policy",2011-10-01,1,journal-article,"Elsevier BV","Theodoros Zachariadis - Cyprus University of Technology",,
"Net energy production associated with pathogen inactivation during mesophilic and thermophilic anaerobic digestion of sewage sludge",10.1016/j.watres.2011.06.014,"Water Research",2011-10-01,2,journal-article,"Elsevier BV","Christopher Ziemba - Yale University; Jordan Peccia - Yale University",,
"Provision of Load Frequency Control by PHEVs, Controllable Loads, and a Cogeneration Unit",10.1109/tie.2011.2107715,"IEEE Transactions on Industrial Electronics",2011-10-01,1,journal-article,"Institute of Electrical and Electronics Engineers (IEEE)","Matthias D Galus - ETH Zurich; Stephan Koch - ETH Zurich; Göran Andersson - ETH Zurich",,"0000-0002-7715-7087; 0009-0004-0057-233X"
"Adaptive Comfort Degree-Days: A metric to compare adaptive comfort standards and estimate changes in energy consumption for future UK climates",10.1016/j.enbuild.2011.06.037,"Energy and Buildings",2011-10-01,2,journal-article,"Elsevier BV","Charles Mcgilligan - University of Bath; Sukumar Natarajan - University of Bath; Marialena Nikolopoulou - University of Kent",,
"An overview of energy consumption of the globalized world economy",10.1016/j.enpol.2011.06.046,"Energy Policy",2011-10-01,1,journal-article,"Elsevier BV","Z.M Chen - Peking University; Z.M Chen - Renmin University of China; G.Q Chen - Peking University",,0000-0003-1173-6796
"A direct comparison of three different material enhancement methods on the transient thermal response of paraffin phase change material exposed to high heat fluxes",10.1016/j.ijthermalsci.2011.04.005,"International Journal of Thermal Sciences",2011-09-01,1,journal-article,"Elsevier BV","Kireeti Chintakrinda - Villanova University; Randy D Weinstein - Villanova University; Amy S Fleischer - Villanova University",,0000-0001-7767-2639
"Sensitivity analysis on parameter changes in underground mine ventilation systems",10.1007/s12404-011-0305-z,"Journal of Coal Science and Engineering (China)",2011-09-01,3,journal-article,"Springer Nature","Gary Li - Natural Resources Canada; Charles Kocsis - Natural Resources Canada; Steve Hardcastle - Natural Resources Canada",,
"Quantifying Changes in Building Electricity Use, With Application to Demand Response",10.1109/tsg.2011.2145010,"IEEE Transactions on Smart Grid",2011-09-01,6,journal-article,"Institute of Electrical and Electronics Engineers (IEEE)","Johanna L Mathieu - University of California, Berkeley; Johanna L Mathieu - Lawrence Berkeley National Laboratory; Phillip N Price - Lawrence Berkeley National Laboratory; Sila Kiliccote - Lawrence Berkeley National Laboratory; Mary Ann Piette - Lawrence Berkeley National Laboratory",,0000-0001-8834-5350
"The prospects for coal-to-liquid conversion: A general equilibrium analysis",10.1016/j.enpol.2011.06.056,"Energy Policy",2011-09-01,1,journal-article,"Elsevier BV","Y.-H Henry Chen - World Bank; John Reilly - Joint Global Change Research Institute; Sergey Paltsev - Joint Global Change Research Institute",,"0000-0001-7803-6634; 0000-0003-3287-0732"
"Long term forecasting of natural gas production",10.1016/j.enpol.2011.04.066,"Energy Policy",2011-09-01,2,journal-article,"Elsevier BV","Steve Mohr - University of Newcastle Australia; Geoffrey M Evans - University of Newcastle Australia",,"0000-0002-0064-2121; 0000-0003-2036-7814"
"Experimental analysis of model predictive control for an energy efficient building heating system",10.1016/j.apenergy.2011.03.009,"Applied Energy",2011-09-01,3,journal-article,"Elsevier BV","Ján Široký - University of West Bohemia in Pilsen; Frauke Oldewurtel - École Polytechnique Fédérale de Lausanne; Frauke Oldewurtel - ETH Zurich; Jiří Cigler - Czech Technical University in Prague; Samuel Prívara - Czech Technical University in Prague",,0000-0001-9498-7296
"Application of UrbanSim to the Austin, Texas, Region: Integrated-Model Forecasts for the Year 2030",10.1061/(asce)up.1943-5444.0000065,"Journal of Urban Planning and Development",2011-09-01,3,journal-article,"American Society of Civil Engineers (ASCE)","Siva Karthik Kakaraparthi - The University of Texas at Austin; Kara M Kockelman - The University of Texas at Austin",,
"A model for predicting the potential diffusion of solar energy systems in complex urban environments",10.1016/j.enpol.2011.05.031,"Energy Policy",2011-09-01,1,journal-article,"Elsevier BV","Maria La Gennusa - University of Palermo; Giovanni Lascari - University of Palermo; Gianfranco Rizzo - University of Palermo; Gianluca Scaccianoce - University of Palermo; Giancarlo Sorrentino - University of Palermo",,"0000-0001-6450-7044; 0000-0002-6975-0702; 0000-0003-2193-8949; 0000-0003-2619-8943"
"Forecasting future oil demand in Iran using GSA (Gravitational Search Algorithm)",10.1016/j.energy.2011.07.002,Energy,2011-09-01,2,journal-article,"Elsevier BV","M.A Behrang - Islamic Azad University, Dezful Branch; Ehsanolah Assareh - Islamic Azad University, Dezful Branch; Mehdi Ghalambaz - Islamic Azad University, Dezful Branch; Mohammad Reza Assari - Jundi-Shapur University of Technology; Aminreza Noghrehabadi - Shahid Chamran University of Ahvaz",,
"Forecasting Electricity Demand in Thailand with an Artificial Neural Network Approach",10.3390/en4081246,Energies,2011-08-22,2,journal-article,"MDPI AG","Karin Kandananond - Valaya Alongkorn Rajabhat University",,0000-0001-7993-5375
"Infantry mobility hybrid electric vehicle performance analysis and design",10.1016/j.apenergy.2011.02.010,"Applied Energy",2011-08-01,1,journal-article,"Elsevier BV","Francisco José Jiménez-Espadafor Aguilar - Universidad de Sevilla; Juan José Marín - Universidad de Sevilla; J.A Becerra - Universidad de Sevilla; Miguel Torres García - Universidad de Sevilla; Elisa Carvajal Trujillo - Universidad de Sevilla; Francisco José Florencio Ojeda - Universidad de Sevilla",,
"Solar photovoltaic electricity: Current status and future prospects",10.1016/j.solener.2010.12.002,"Solar Energy",2011-08-01,5,journal-article,"Elsevier BV","T.M Razykov - Academy of Sciences Republic of Uzbekistan; T.M Razykov - University of South Florida; Chris Ferekides - University of South Florida; D.L Morel - University of South Florida; Elias Stefanakos - University of South Florida; H S Ullal - National Laboratory of the Rockies; Hari M Upadhyaya - Loughborough University",,"0000-0001-9738-3308; 0000-0003-1700-4270; 0000-0003-1840-3863"
"Numerical simulation of cooling energy consumption in connection with thermostat operation mode and comfort requirements for the Athens buildings",10.1016/j.apenergy.2011.01.050,"Applied Energy",2011-08-01,1,journal-article,"Elsevier BV","Christos Tzivanidis - National Technical University of Athens; K.A Antonopoulos - National Technical University of Athens; F Gioti - National Technical University of Athens",,"0000-0001-6650-1797; 0000-0002-5661-3047"
"Opportunity Cost Bidding by Wind Generators in Forward Markets: Analytical Results",10.1109/tpwrs.2010.2100412,"IEEE Transactions on Power Systems",2011-08-01,1,journal-article,"Institute of Electrical and Electronics Engineers (IEEE)","Chris Dent - Durham University; Janusz Białek - Durham University; Benjamin F Hobbs - University of Cambridge; Benjamin F Hobbs - Johns Hopkins University",,
"Optimal Charge Control of Plug-In Hybrid Electric Vehicles in Deregulated Electricity Markets",10.1109/tpwrs.2010.2086083,"IEEE Transactions on Power Systems",2011-08-01,3,journal-article,"Institute of Electrical and Electronics Engineers (IEEE)","Niklas Rotering - RWTH Aachen University; Niklas Rotering - Carnegie Mellon University; Marija Ilić - Carnegie Mellon University; Marija Ilić - Delft University of Technology",,
"A Monte Carlo approach to generator portfolio planning and carbon emissions assessments of systems with large penetrations of variable renewables",10.1016/j.renene.2011.01.015,"Renewable Energy",2011-08-01,4,journal-article,"Elsevier BV","Elaine K Hart - Stanford University; Mark Z Jacobson - Stanford University",,
"The impact of large scale atmospheric circulation patterns on wind power generation and its potential predictability: A case study over the UK",10.1016/j.renene.2011.01.025,"Renewable Energy",2011-08-01,3,journal-article,"Elsevier BV","David Brayshaw - National Centre for Atmospheric Science; David Brayshaw - University of Reading; Alberto Troccoli - Commonwealth Scientific and Industrial Research Organisation; Rachael Fordham - University of Reading; John Methven - University of Reading",,"0000-0001-5870-4367; 0000-0002-3927-4362; 0000-0002-7636-6872"
"A Data Mining Framework for Electricity Consumption Analysis From Meter Data",10.1109/tii.2011.2158844,"IEEE Transactions on Industrial Informatics",2011-08-01,2,journal-article,"Institute of Electrical and Electronics Engineers (IEEE)","Daswin De Silva - RMIT University; Xinghuo Yu - RMIT University; Damminda Alahakoon - Monash University; Grahame Holmes - RMIT University",,"0000-0001-8093-9787; 0000-0003-3291-888X; 0000-0003-3878-5969"
"Stochastic Optimization Model to Study the Operational Impacts of High Wind Penetrations in Ireland",10.1109/tpwrs.2010.2070848,"IEEE Transactions on Power Systems",2011-08-01,9,journal-article,"Institute of Electrical and Electronics Engineers (IEEE)","Peter Meibom - University of Copenhagen; Rüdiger Barth - University of Stuttgart; Bernhard Hasche - University College Dublin; Heike Brand - University of Stuttgart; Christoph Weber - University of Duisburg-Essen; Mark O’Malley - University College Dublin",,
"Identifying suitable models for the heat dynamics of buildings",10.1016/j.enbuild.2011.02.005,"Energy and Buildings",2011-07-01,4,journal-article,"Elsevier BV","Peder Bacher - Technical University of Denmark; Henrik Madsen - Technical University of Denmark",,
"Development of a model for urban heat island prediction using neural network techniques",10.1016/j.scs.2011.05.001,"Sustainable Cities and Society",2011-07-01,1,journal-article,"Elsevier BV","Konstantinos Gobakis - Technical University of Crete; Dionysia Kolokotsa - Technical University of Crete; Afroditi Synnefa - National and Kapodistrian University of Athens; M Saliari - National and Kapodistrian University of Athens; K Giannopoulou - National and Kapodistrian University of Athens; M Santamouris - National and Kapodistrian University of Athens",,"0000-0001-6076-3526; 0000-0001-6835-038X; 0000-0003-2093-0179; 0000-0003-2960-3772"
"Practical operation strategies for pumped hydroelectric energy storage (PHES) utilising electricity price arbitrage",10.1016/j.enpol.2011.04.032,"Energy Policy",2011-07-01,6,journal-article,"Elsevier BV","David Connolly - University of Limerick; Henrik Lund - Aalborg University; P Finn - University of Limerick; Brian Vad Mathiesen - Aalborg University; Martin J Leahy - University of Limerick",,"0000-0001-7134-8803; 0000-0002-4930-7885; 0000-0003-1558-4574; 0000-0003-3917-1184"
"Primary energy savings through thermal storage in district heating networks",10.1016/j.energy.2011.04.015,Energy,2011-07-01,3,journal-article,"Elsevier BV","Vittorio Verda - Politecnico di Torino; Francesco Colella - Politecnico di Torino",,
"Reserve Requirement Impacts of Large-Scale Integration of Wind, Solar, and Ocean Wave Power Generation",10.1109/tste.2011.2114902,"IEEE Transactions on Sustainable Energy",2011-07-01,1,journal-article,"Institute of Electrical and Electronics Engineers (IEEE)","Douglas A Halamay - Oregon State University; Ted Brekken - Oregon State University; A Simmons - Oregon State University; Shaun McArthur - Oregon State University",,"0000-0001-7754-6050; 0000-0002-3093-108X"
"Efficient energy utilization and environmental issues applied to power planning",10.1016/j.enpol.2011.03.065,"Energy Policy",2011-06-01,1,journal-article,"Elsevier BV","Alejandro A Lambert-Arista - Universidad Autónoma de Baja California",,0000-0002-9241-6374
"The ECOS 2009 World Energy Panel: An introduction to the Panel and to the present (2009) situation in sustainable energy development",10.1016/j.energy.2010.05.036,Energy,2011-06-01,3,journal-article,"Elsevier BV","Noam Lior - University of Pennsylvania",,
"India's emissions in a climate constrained world",10.1016/j.enpol.2011.03.046,"Energy Policy",2011-06-01,1,journal-article,"Elsevier BV","Kartikeya Singh - Yale University",,
"Analysis of Carbon Dioxide Emission Reductions from Energy Efficiency Upgrades in Consideration of Climate Change and Renewable Energy Policy Initiatives Using Equest",10.1080/01998595.2011.10399664,"Energy Engineering",2011-06-01,1,journal-article,"Informa UK Limited",,,
"Modelling and forecasting Turkish residential electricity demand",10.1016/j.enpol.2011.02.059,"Energy Policy",2011-06-01,2,journal-article,"Elsevier BV","Zafer Dilaver - University of Surrey; Lester C Hunt - University of Surrey",,
"Model-based optimal supervisory control of chilled ceiling displacement ventilation system",10.1016/j.enbuild.2011.01.021,"Energy and Buildings",2011-06-01,1,journal-article,"Elsevier BV","Amer Keblawi - American University of Beirut; Nesreen Ghaddar - American University of Beirut; Kamel Ghali - American University of Beirut",,0000-0002-9536-651X
"Hydrogen Production from Fossil Fuels: Life Cycle Assessment of Technologies with Low Greenhouse Gas Emissions",10.1021/ef200124d,"Energy & Fuels",2011-05-19,5,journal-article,"American Chemical Society (ACS)","Javier Dufour - Universidad Rey Juan Carlos; Javier Dufour - Madrid Institute for Advanced Studies; David P Serrano - Universidad Rey Juan Carlos; David P Serrano - Madrid Institute for Advanced Studies; José L Gálvez - Instituto Nacional de Técnica Aeroespacial; Jovita Moreno - Universidad Rey Juan Carlos; A Gonżález - Instituto Nacional de Técnica Aeroespacial",,"0000-0001-5383-3944; 0000-0001-7614-4025; 0000-0002-1254-1707; 0000-0003-2497-7310"
"Assessing climate change impacts on the near-term stability of the wind energy resource over the United States",10.1073/pnas.1019388108,"Proceedings of the National Academy of Sciences",2011-05-02,6,journal-article,"Proceedings of the National Academy of Sciences","S C Pryor - Florida State University; S C Pryor - Indiana University Bloomington; R J Barthelmie - Eugene O'Neill Theater Center; R J Barthelmie - Indiana University Bloomington; R J Barthelmie - Carnegie Mellon University",,
"Industrial electricity demand for Turkey: A structural time series analysis",10.1016/j.eneco.2010.10.001,"Energy Economics",2011-05-01,4,journal-article,"Elsevier BV","Zafer Dilaver - University of Surrey; Lester C Hunt - University of Surrey",,
"A smart energy distribution and management system for renewable energy distribution and context-aware services based on user patterns and load forecasting",10.1109/tce.2011.5955177,"IEEE Transactions on Consumer Electronics",2011-05-01,1,journal-article,"Institute of Electrical and Electronics Engineers (IEEE)","Jinsung Byun - Chung-Ang University; Insung Hong - Chung-Ang University; Byeongkwan Kang - Chung-Ang University; Sehyun Park - Chung-Ang University",,"0000-0001-7152-5283; 0000-0001-9188-0143; 0000-0002-4100-7765; 0000-0003-1164-754X"
"Optimal charging of electric drive vehicles in a market environment",10.1016/j.apenergy.2010.12.015,"Applied Energy",2011-05-01,1,journal-article,"Elsevier BV","Trine Krogh Kristoffersen - Imperial College London; Karsten Capion - Technical University of Denmark; Peter Meibom - Technical University of Denmark",,
"Health Impact Assessments A Tool for Designing Climate Change Resilience Into Green Building and Planning Projects",10.3992/jgb.6.2.66,"Journal of Green Building",2011-05-01,5,journal-article,"College Publishing","Adele Houghton - Structure Fédérative de Recherche en Biologie et Santé de Rennes",,0000-0002-6861-1591
"Modeling and forecasting the CO2 emissions, energy consumption, and economic growth in Brazil",10.1016/j.energy.2011.01.032,Energy,2011-05-01,2,journal-article,"Elsevier BV","Chung-Ming Tsai - National Yang Ming Chiao Tung University",,
"Facilitation of renewable electricity using price based appliance control in Ireland’s electricity market",10.1016/j.energy.2011.02.038,Energy,2011-05-01,6,journal-article,"Elsevier BV","P Finn - University of Limerick; Colin Fitzpatrick - University of Limerick; David Connolly - University of Limerick; Martin J Leahy - University of Limerick",,
"A High-Latitude Modular Autonomous Power, Control, and Communication System for Application to High-Frequency Surface Current Mapping Radars",10.4031/mtsj.45.3.7,"Marine Technology Society Journal",2011-05-01,2,journal-article,"Marine Technology Society",,,
"Energy Analysis of Power Steering Systems During a Newly Developed Driving Cycle",10.4271/2011-01-0230,"SAE International Journal of Materials and Manufacturing",2011-04-12,2,journal-article,"SAE International",,,
"Adaptive post‐processing of short‐term wind forecasts for energy applications",10.1002/we.420,"Wind Energy",2011-04-01,1,journal-article,Wiley,"C Sweeney - University College Dublin; Peter Lynch - University College Dublin",,"0000-0001-7002-2641; 0000-0002-8255-3404"
"Development forecast of renewable energy power generation in China and its influence on the GHG control strategy of the country",10.1016/j.renene.2010.09.020,"Renewable Energy",2011-04-01,4,journal-article,"Elsevier BV","Tong Liu - North China Electric Power University; Gang Xu - North China Electric Power University; Longhu Tian - North China Electric Power University; Qili Huang - North China Electric Power University",,
"Techno-economic and behavioural analysis of battery electric, hydrogen fuel cell and hybrid vehicles in a future sustainable road transport system in the UK",10.1016/j.enpol.2011.01.006,"Energy Policy",2011-04-01,2,journal-article,"Elsevier BV","Gregory J Offer - Imperial College London; Marcello Contestabile - Imperial College London; David A Howey - Imperial College London; Ralph Clague - Imperial College London; N.P Brandon - Imperial College London",,
"Building envelope regulations on thermal comfort in glass facade buildings and energy-saving potential for PMV-based comfort control",10.1016/j.buildenv.2010.10.009,"Building and Environment",2011-04-01,1,journal-article,"Elsevier BV","Ruey‐Lung Hwang - National United University; Shiu-Ya Shu - National United University",,0000-0002-4548-5836
"Air quality impacts of plug-in hybrid electric vehicles in Texas: evaluating three battery charging scenarios",10.1088/1748-9326/6/2/024004,"Environmental Research Letters",2011-04-01,3,journal-article,"IOP Publishing","Tammy M Thompson - Massachusetts Institute of Technology; Carey W King - The University of Texas at Austin; David T Allen - Center for Environmental Health; Michael E Webber - The University of Texas at Austin",,
"Opportunities and challenges in assessing climate change impacts on wind energy—a critical comparison of wind speed projections in California",10.1088/1748-9326/6/2/024008,"Environmental Research Letters",2011-04-01,6,journal-article,"IOP Publishing","D J Rasmussen - University of Wisconsin–Madison; Tracey Holloway - University of Wisconsin–Madison; Gregory F Nemet - University of Wisconsin–Madison",,
"Assessment of imbalance settlement exemptions for offshore wind power generation in Belgium",10.1016/j.enpol.2010.12.022,"Energy Policy",2011-03-01,1,journal-article,"Elsevier BV","Kristof De Vos - KU Leuven; Kristof De Vos - Engie (Belgium); Johan Driesen - Engie (Belgium); Johan Driesen - KU Leuven; Ronnie Belmans - Engie (Belgium); Ronnie Belmans - KU Leuven",,"0000-0002-1025-0949; 0000-0003-3280-2158"
"Green Optical Communications—Part II: Energy Limitations in Networks",10.1109/jstqe.2010.2051217,"IEEE Journal of Selected Topics in Quantum Electronics",2011-03-01,2,journal-article,"Institute of Electrical and Electronics Engineers (IEEE)","Rodney S Tucker - The University of Melbourne",,
"Providing all global energy with wind, water, and solar power, Part II: Reliability, system and transmission costs, and policies",10.1016/j.enpol.2010.11.045,"Energy Policy",2011-03-01,49,journal-article,"Elsevier BV","Mark A Delucchi - University of California, Davis; Mark Z Jacobson - Stanford University",,
"Environmental Kuznets Curve for carbon emissions in Pakistan: An empirical investigation",10.1016/j.enpol.2011.01.025,"Energy Policy",2011-03-01,8,journal-article,"Elsevier BV","Muhammad Nasir - Pakistan Institute of Development Economics; Faiz Ur Rehman - Quaid-i-Azam University",,
"Wind farm electrical power production model for load flow analysis",10.1016/j.renene.2010.09.007,"Renewable Energy",2011-03-01,1,journal-article,"Elsevier BV",,,
"Impacts of large amounts of wind power on design and operation of power systems, results of IEA collaboration",10.1002/we.410,"Wind Energy",2011-03-01,62,journal-article,Wiley,"Hannele Holttinen - VTT Technical Research Centre of Finland; Antje Orths - Energinet (Denmark); Bernhard Lange - Fraunhofer Institute for Wind Energy Systems; Mark O’Malley - University College Dublin; John Olav Tande - SINTEF; Ana Estanqueiro - National Laboratory of Energy and Geology; Ana Estanqueiro - National Institute of Engineering, Technology and Innovation; Emilio Gómez‐Lázaro - University of Castilla-La Mancha; Lennart Söder - KTH Royal Institute of Technology; Frans Van Hulle - WindEurope",,
"Backcasting sustainable freight transport systems for Europe in 2050",10.1016/j.enpol.2010.11.051,"Energy Policy",2011-03-01,2,journal-article,"Elsevier BV","Tuomas Mattila - Finnish Environment Institute; Riina Antikainen - Finnish Environment Institute",,0000-0002-3369-8623
"Exhaust energy conversion by thermoelectric generator: Two case studies",10.1016/j.enconman.2010.10.013,"Energy Conversion and Management",2011-03-01,1,journal-article,"Elsevier BV","Madhav A Karri - Clarkson University; Eric Forsta Thacher - Clarkson University; Brian T Helenbrook - Clarkson University",,0000-0002-6369-6805
"High-accuracy maximum power point estimation for photovoltaic arrays",10.1016/j.solmat.2010.10.032,"Solar Energy Materials and Solar Cells",2011-03-01,4,journal-article,"Elsevier BV","Jen-Cheng Wang - National Taiwan University; Yu‐Li Su - National Taiwan University; Jyh‐Cherng Shieh - National Taiwan University; Joe‐Air Jiang - National Taiwan University",,"0000-0001-9886-1404; 0000-0002-8004-1683"
"Modeling the performance of the anaerobic phased solids digester system for biogas energy production",10.1016/j.biombioe.2010.12.021,"Biomass and Bioenergy",2011-03-01,3,journal-article,"Elsevier BV","Joshua Rapport - University of California, Davis; Ruihong Zhang - University of California, Davis; Bryan M Jenkins - University of California, Davis; Bruce R Hartsough - University of California, Davis; Thomas P Tomich - University of California, Davis",,
"Energy Consumption of Telecommunication Networks and Related Improvement Options",10.1109/jstqe.2010.2053522,"IEEE Journal of Selected Topics in Quantum Electronics",2011-03-01,1,journal-article,"Institute of Electrical and Electronics Engineers (IEEE)","C Lange - Deutsche Telekom (Germany); Dirk Kosiankowski - Deutsche Telekom (Germany); Andreas Gladisch - Deutsche Telekom (Germany)",,0000-0002-2134-6612
"The European wood pellet markets: current status and prospects for 2020",10.1002/bbb.277,"Biofuels, Bioproducts and Biorefining",2011-02-17,16,journal-article,Wiley,"Richard Sikkema - Utrecht University; Martin Junginger - Utrecht University; W Hiegl - WIP - Renewable Energies; Morten Tony Hansen - FORCE Technology (Denmark); André Faaij - Utrecht University",,
"Short-Term Wind Power Generation Forecasting: Direct Versus Indirect Arima-Based Approaches",10.1080/15435075.2011.546755,"International Journal of Green Energy",2011-02-11,1,journal-article,"Informa UK Limited","Jing Shi - North Dakota State University; Xiuli Qu - North Carolina Agricultural and Technical State University; Songtao Zeng - North Dakota State University",,0000-0003-1920-7127
"Energy Saving Effects of Wireless Sensor Networks: A Case Study of Convenience Stores in Taiwan",10.3390/s110202013,Sensors,2011-02-10,2,journal-article,"MDPI AG","Chin‐Sheng Chen - National Taipei University of Technology; Dasheng Lee - National Taipei University of Technology",,
"Model predictive control of a building heating system: The first experience",10.1016/j.enbuild.2010.10.022,"Energy and Buildings",2011-02-01,1,journal-article,"Elsevier BV","Samuel Prívara - Czech Technical University in Prague; Ján Široký - University of West Bohemia in Pilsen; Lukáš Ferkl - Czech Technical University in Prague; Jiří Cigler - Czech Technical University in Prague",,"0000-0001-9498-7296; 0000-0003-2637-3772"
"Hybrid modeling of China’s vehicle ownership and projection through 2050",10.1016/j.energy.2010.10.055,Energy,2011-02-01,3,journal-article,"Elsevier BV","Han Hao - Tsinghua University; Han Hao - China Automotive Technology and Research Center; Hewu Wang - China Automotive Technology and Research Center; Hewu Wang - Tsinghua University; Ran Yi - Tsinghua University",,
"The costs and benefits of large-scale solar photovoltaic power production in Abu Dhabi, United Arab Emirates",10.1016/j.renene.2010.08.006,"Renewable Energy",2011-02-01,2,journal-article,"Elsevier BV","Elizabeth Harder - University of North Carolina at Chapel Hill; Jacqueline MacDonald Gibson - University of North Carolina at Chapel Hill",,
"Electromechanical Modeling of the Low-Frequency Zigzag Micro-Energy Harvester",10.1177/1045389x11398164,"Journal of Intelligent Material Systems and Structures",2011-02-01,1,journal-article,"SAGE Publications","M Amin Karami - Virginia Tech; Daniel J Inman - Virginia Tech",,"0000-0001-6195-1334; 0000-0001-9882-8807"
"The potential of demand-side management in energy-intensive industries for electricity markets in Germany",10.1016/j.apenergy.2010.03.017,"Applied Energy",2011-02-01,28,journal-article,"Elsevier BV","Moritz Paulus - Institute of Energy Economics at the University of Cologne; Frieder Borggrefe - Institute of Energy Economics at the University of Cologne",,
"Fish Passage Assessment of an Advanced Hydropower Turbine and Conventional Turbine Using Blade-Strike Modeling",10.3390/en4010057,Energies,2011-01-04,12,journal-article,"MDPI AG","Zhiqun Deng - Pacific Northwest National Laboratory; Thomas J Carlson - Pacific Northwest National Laboratory; Dennis D Dauble - Pacific Northwest National Laboratory; Gene R Ploskey - Pacific Northwest National Laboratory",,
"What Does the Evidence Really Say about the Residual Supply Index?",10.1016/j.tej.2010.12.006,"The Electricity Journal",2011-01-01,2,journal-article,"Elsevier BV",,,
"Increasing the solar photovoltaic energy capture on sunny and cloudy days",10.1016/j.solener.2010.10.015,"Solar Energy",2011-01-01,2,journal-article,"Elsevier BV","Nelson A Kelly - General Motors (United States); Nelson A Kelly - Materials Systems (United States); Thomas L Gibson - General Motors (United States); Thomas L Gibson - Materials Systems (United States)",,
"Unit process energy consumption models for material removal processes",10.1016/j.cirp.2011.03.018,"CIRP Annals",2011-01-01,2,journal-article,"Elsevier BV","Sami Kara - UNSW Sydney; Wen Li - UNSW Sydney",,"0000-0001-6132-121X; 0000-0002-9224-5042"
"Wind Integration in Power Systems: Operational Challenges and Possible Solutions",10.1109/jproc.2010.2070051,"Proceedings of the IEEE",2011-01-01,6,journal-article,"Institute of Electrical and Electronics Engineers (IEEE)","Le Xie - Texas A&M University; Pedro M S Carvalho - Instituto Superior Técnico; Pedro M S Carvalho - Instituto Politécnico de Lisboa; Luís Ferreira - Instituto Superior Técnico; Luís Ferreira - Instituto Politécnico de Lisboa; Juhua Liu - Carnegie Mellon University; Bruce H Krogh - Carnegie Mellon University; Nipun Popli - Carnegie Mellon University; Marija Ilić - Carnegie Mellon University; Marija Ilić - Delft University of Technology",,
"Demand Response With Micro-CHP Systems",10.1109/jproc.2010.2053831,"Proceedings of the IEEE",2011-01-01,2,journal-article,"Institute of Electrical and Electronics Engineers (IEEE)","Rudy R Negenborn - Delft University of Technology; Bart De Schutter - Delft University of Technology",,
"Primary energy and economic analysis of combined heating, cooling and power systems",10.1016/j.energy.2010.10.002,Energy,2011-01-01,1,journal-article,"Elsevier BV","Matthias Schicktanz - Fraunhofer-Gesellschaft; Jeannette Wapler - Project in Solar Energy (Germany); Hans‐Martin Henning - Fraunhofer-Gesellschaft",,0000-0003-1859-652X
"Far-field dynamics of tidal energy extraction in channel networks",10.1016/j.renene.2010.06.025,"Renewable Energy",2011-01-01,4,journal-article,"Elsevier BV","Brian Polagye - University of Washington; Philip C Malte - University of Washington",,
"An environmental impact assessment of quantum dot photovoltaics (QDPV) from raw material acquisition through use",10.1016/j.jclepro.2010.08.010,"Journal of Cleaner Production",2011-01-01,5,journal-article,"Elsevier BV","Hatice Şengül - Hacettepe University; Thomas L Theis - University of Illinois Chicago",,
"Modelling the impacts of building regulations and a property bubble on residential space and water heating",10.1016/j.enbuild.2010.09.004,"Energy and Buildings",2011-01-01,6,journal-article,"Elsevier BV","Denis Dineen - University College Cork; Brian Ó Gallachóir - University College Cork",,
"Design Optimization and Dynamic Performance Analysis of a Stand-Alone Hybrid Wind–Diesel Electrical Power Generation System",10.1109/tec.2010.2055870,"IEEE Transactions on Energy Conversion",2010-12-01,1,journal-article,"Institute of Electrical and Electronics Engineers (IEEE)","Tapas Kumar Saha - National Institute of Technology Durgapur; Debaprasad Kastha - Indian Institute of Technology Kharagpur",,
"Electricity saving in households—A social cognitive approach",10.1016/j.enpol.2010.08.025,"Energy Policy",2010-12-01,3,journal-article,"Elsevier BV","John Thøgersen - Aarhus University; Alice Grønhøj - Aarhus University",,"0000-0002-3837-2059; 0000-0003-0613-8062"
"Modeling Longitudinal Data Using a Pair-Copula Decomposition of Serial Dependence",10.1198/jasa.2010.tm09572,"Journal of the American Statistical Association",2010-12-01,1,journal-article,"Informa UK Limited","Michael S Smith - Australian Research Council; Michael S Smith - Technical University of Munich; Aleksey Min - Australian Research Council; Aleksey Min - Technical University of Munich; Carlos Almeida - Australian Research Council; Carlos Almeida - Technical University of Munich; Claudia Czado - Australian Research Council; Claudia Czado - Technical University of Munich",,"0000-0001-6928-4556; 0000-0002-6329-5438; 0000-0002-7301-963X; 0000-0002-7589-2037"
"A validated methodology for the prediction of heating and cooling energy demand for buildings within the Urban Heat Island: Case-study of London",10.1016/j.solener.2010.08.002,"Solar Energy",2010-12-01,5,journal-article,"Elsevier BV","Maria Kolokotroni - Brunel University of London; Mike Davies - University College London; Ben Croxford - University College London; Saiful Bhuiyan - Brunel University of London; Anna Mavrogianni - University College London",,
"A Sustainable Energy Scenario for the United States: Year 2050",10.3390/su2123650,Sustainability,2010-11-26,1,journal-article,"MDPI AG","Bruce Tonn - University of Tennessee at Knoxville; Paul D Frymier - University of Tennessee at Knoxville; Jared Graves - University of Tennessee at Knoxville; Jessa Meyers - University of Tennessee at Knoxville",,"0000-0001-5814-0071; 0000-0001-7357-4214"
"Optimized selection and operation of the combined chilled ceiling system and displacement ventilation",10.1002/er.1677,"International Journal of Energy Research",2010-11-23,3,journal-article,Wiley,"Nesreen Ghaddar - American University of Beirut; Kamel Ghali - American University of Beirut; R Saadeh - American University of Beirut",,0000-0002-9536-651X
"Cost and optimal feed-in tariff for small scale photovoltaic systems in China",10.1016/j.enpol.2010.07.014,"Energy Policy",2010-11-01,4,journal-article,"Elsevier BV",,,
"Future demand scenarios of Bangladesh power sector",10.1016/j.enpol.2010.08.017,"Energy Policy",2010-11-01,1,journal-article,"Elsevier BV","Md Alam Hossain Mondal - University of Bonn; Wulf Boie - Europa-Universität Flensburg; Manfred Denich - University of Bonn",,"0000-0002-2015-2672; 0000-0003-4553-7867"
"An evaluation of empirically-based models for predicting energy performance of vapor-compression water chillers",10.1016/j.apenergy.2010.05.005,"Applied Energy",2010-11-01,1,journal-article,"Elsevier BV","Tzong-Shing Lee - National Taipei University of Technology; Wan-Chen Lu - National Taipei University of Technology",,
"Analysis and forecasting of nonresidential electricity consumption in Romania",10.1016/j.apenergy.2010.05.018,"Applied Energy",2010-11-01,4,journal-article,"Elsevier BV","Alina Adriana Minea - Gheorghe Asachi Technical University of Iași",,0000-0002-2473-184X
"Status and prospects of Chinese wind energy",10.1016/j.energy.2009.06.058,Energy,2010-11-01,5,journal-article,"Elsevier BV","Jianzhong Xu - Institute of Engineering Thermophysics; Dexin He - Energy Foundation; Xiaolu Zhao - Institute of Engineering Thermophysics",,
"Prospectives for China's solar thermal power technology development",10.1016/j.energy.2009.04.004,Energy,2010-11-01,3,journal-article,"Elsevier BV","Zhifeng Wang - Chinese Academy of Sciences; Zhifeng Wang - Institute of Electrical Engineering",,
"Economic growth and energy consumption causal nexus viewed through a bootstrap rolling window",10.1016/j.eneco.2010.05.015,"Energy Economics",2010-11-01,2,journal-article,"Elsevier BV","Mehmet Balcılar - Eastern Mediterranean University; Zeynel Abidin Özdemir - Gazi University; Yalçın Arslantürk - Gazi University",,"0000-0001-8600-0463; 0000-0001-9694-5196; 0000-0003-0936-5391"
"The impact of increased interconnection on electricity systems with large penetrations of wind generation: A case study of Ireland and Great Britain",10.1016/j.enpol.2010.07.011,"Energy Policy",2010-11-01,6,journal-article,"Elsevier BV","Eleanor Denny - Trinity College Dublin; Aidan Tuohy - University College Dublin; Peter Meibom - Technical University of Denmark; Andrew Keane - University College Dublin; A Mullane - International Energy Research Centre; Damian Flynn - University College Dublin; Mark O’Malley - University College Dublin",,
"Cost and CO2 aspects of future vehicle options in Europe under new energy policy scenarios",10.1016/j.enpol.2010.07.034,"Energy Policy",2010-11-01,23,journal-article,"Elsevier BV","A Perujo - Joint Research Centre",,
"The importance of electrical energy for economic growth in Barbados",10.1016/j.eneco.2010.05.011,"Energy Economics",2010-11-01,5,journal-article,"Elsevier BV","Troy Lorde - University of the West Indies System; Kimberly Waithe - Ministry of Economic Affairs; Brian Francis - University of the West Indies System",,
"Nuclear energy development in China: A study of opportunities and challenges",10.1016/j.energy.2009.04.020,Energy,2010-11-01,3,journal-article,"Elsevier BV","Sheng Zhou - Tsinghua University; Xiliang Zhang - Tsinghua University",,
"Current Demographics Suggest Future Energy Supplies Will Be Inadequate to Slow Human Population Growth",10.1371/journal.pone.0013206,"PLOS ONE",2010-10-05,1,journal-article,"Public Library of Science (PLoS)","John P DeLong - Yale University; Oskar Bürger - Stanford University; Marcus J Hamilton - University of New Mexico; Marcus J Hamilton - Santa Fe Institute",,
"Rule-Based Control of Battery Energy Storage for Dispatching Intermittent Renewable Sources",10.1109/tste.2010.2061880,"IEEE Transactions on Sustainable Energy",2010-10-01,2,journal-article,"Institute of Electrical and Electronics Engineers (IEEE)","Sercan Teleke - North Carolina State University; Mesut Baran - North Carolina State University; Subhashish Bhattacharya - North Carolina State University; Alex Q Huang - North Carolina State University",,
"Sustainable energy development: The present (2009) situation and possible paths to the future",10.1016/j.energy.2010.03.034,Energy,2010-10-01,3,journal-article,"Elsevier BV","Noam Lior - University of Pennsylvania",,
"A decision tree method for building energy demand modeling",10.1016/j.enbuild.2010.04.006,"Energy and Buildings",2010-10-01,1,journal-article,"Elsevier BV","Zhun Yu - Concordia University; Fariborz Haghighat - Concordia University; Benjamin C M Fung - Concordia University; Hiroshi Yoshino - Tohoku University",,"0000-0001-8423-2906; 0000-0003-2869-7308"
"The energy savings potential of using dynamic external louvers in an office building",10.1016/j.enbuild.2010.05.024,"Energy and Buildings",2010-10-01,1,journal-article,"Elsevier BV","Fawwaz T Hammad - Emirates Foundation; Bassam Abu-Hijleh - British University in Dubai",,0000-0003-3706-289X
"Energy efficient retrofit of an end of the row house: Confronting predictions with long-term measurements",10.1016/j.enbuild.2010.05.030,"Energy and Buildings",2010-10-01,3,journal-article,"Elsevier BV","Hugo Hens - KU Leuven",,
"Prospects for plug-in hybrid electric vehicles in the United States and Japan: A general equilibrium analysis",10.1016/j.tra.2010.04.004,"Transportation Research Part A: Policy and Practice",2010-10-01,9,journal-article,"Elsevier BV","Valerie J Karplus - Joint Global Change Research Institute; Sergey Paltsev - Joint Global Change Research Institute; John Reilly - Joint Global Change Research Institute",,
"The Value of Concentrating Solar Power and Thermal Energy Storage",10.1109/tste.2010.2052078,"IEEE Transactions on Sustainable Energy",2010-10-01,10,journal-article,"Institute of Electrical and Electronics Engineers (IEEE)","Paul Denholm - National Laboratory of the Rockies",,
"Comfort and energy use in five Australian award-winning houses: regulated, measured and perceived",10.1080/09613218.2010.494890,"Building Research & Information",2010-10-01,6,journal-article,"Informa UK Limited","Terry Williamson - Adelaide University; Veronica Soebarto - Adelaide University; Antony Radford - Adelaide University",,0000-0003-1397-8414
"Approaches to study Urban Heat Island – Abilities and limitations",10.1016/j.buildenv.2010.04.001,"Building and Environment",2010-10-01,8,journal-article,"Elsevier BV","Parham A Mirzaei - Concordia University; Fariborz Haghighat - Concordia University",,
"Indoor measurement of photovoltaic device characteristics at varying irradiance, temperature and spectrum for energy rating",10.1088/0957-0233/21/11/115701,"Measurement Science and Technology",2010-09-21,2,journal-article,"IOP Publishing","Martin Bliss - Loughborough University; Martin Bliss - Renewable Energy Systems (United Kingdom); Thomas R Betts - Loughborough University; Thomas R Betts - Renewable Energy Systems (United Kingdom); Ralph Gottschalg - Loughborough University; Ralph Gottschalg - Renewable Energy Systems (United Kingdom)",,"0000-0001-8131-0964; 0000-0002-0066-0899; 0000-0002-1837-3548"
"Wide-Area Frequency Monitoring Network (FNET) Architecture and Applications",10.1109/tsg.2010.2050345,"IEEE Transactions on Smart Grid",2010-09-01,1,journal-article,"Institute of Electrical and Electronics Engineers (IEEE)","Yingchen Zhang - Virginia Tech; Penn Markham - University of Tennessee at Knoxville; Tao Xia - Virginia Tech; Lang Chen - University of Tennessee at Knoxville; Yanzhu Ye - University of Tennessee at Knoxville; Zhongyu Wu - Virginia Tech; Zhiyong Yuan - Virginia Tech; Lei Wang - Virginia Tech; Jason Bank - Virginia Tech; Jon Burgett - Virginia Tech; Richard W Conners - Virginia Tech; Yilu Liu - University of Tennessee at Knoxville",,"0000-0001-5772-5115; 0000-0001-8914-7188; 0000-0002-0825-8941; 0000-0002-4745-6895; 0000-0002-4994-805X; 0000-0002-5559-0971; 0000-0002-6707-9062; 0000-0002-9517-1210"
"The impact on energy consumption of daylight saving clock changes",10.1016/j.enpol.2010.03.079,"Energy Policy",2010-09-01,6,journal-article,"Elsevier BV","Simon I Hill - University of Cambridge; F Desobry - University of Cambridge; Elizabeth Garnsey - University of Cambridge",,
"Prospective national and regional environmental performance: Boundary estimations using a combined data envelopment – stochastic frontier analysis approach",10.1016/j.energy.2010.05.010,Energy,2010-09-01,1,journal-article,"Elsevier BV","Alexander Vaninsky - Hostos Community College; Alexander Vaninsky - City University of New York",,0000-0002-1303-2242
"Impact of large amounts of wind power on the operation of an electricity generation system: Belgian case study",10.1016/j.rser.2010.03.018,"Renewable and Sustainable Energy Reviews",2010-09-01,1,journal-article,"Elsevier BV","Patrick Luickx - KU Leuven; Erik Delarue - KU Leuven; William D’haeseleer - KU Leuven",,"0000-0002-4972-147X; 0000-0003-1798-1274"
"Building temperature regulation using a distributed model predictive control",10.1016/j.enbuild.2010.03.014,"Energy and Buildings",2010-09-01,1,journal-article,"Elsevier BV","Petru-Daniel Moroşan - Institut d'Électronique et des Technologies du numéRique; Petru-Daniel Moroşan - Supélec; Romain Bourdais - Institut d'Électronique et des Technologies du numéRique; Didier Dumur - Supélec; Jean Buisson - Institut d'Électronique et des Technologies du numéRique",,0000-0001-8332-0939
"An analytical method for the measurement of energy system sustainability in urban areas",10.1016/j.energy.2010.06.010,Energy,2010-09-01,1,journal-article,"Elsevier BV","M Jovanović - Vinča Institute of Nuclear Sciences; M Jovanović - Institute of Economic Sciences; Naim Hamdia Afgan - Instituto Superior Técnico; Vukman Bakić - Institute of Economic Sciences; Vukman Bakić - Vinča Institute of Nuclear Sciences",,"0000-0001-8003-438X; 0000-0002-2822-8248"
"Impact of climate change on cooling energy consumption",10.1179/014426010x12759937396876,"Journal of the Energy Institute",2010-09-01,1,journal-article,"Informa UK Limited",,,
"Short-term electricity demand and gas price forecasts using wavelet transforms and adaptive models",10.1016/j.energy.2010.05.013,Energy,2010-09-01,1,journal-article,"Elsevier BV","Hang T Nguyen - Aston University; Ian T Nabney - Aston University",,
"Fuel use and emissions performance of fifty cooking stoves in the laboratory and related benchmarks of performance",10.1016/j.esd.2010.06.002,"Energy for Sustainable Development",2010-09-01,27,journal-article,"Elsevier BV",,,
"Integrated energy and carbon modeling with a decision support system: Policy scenarios for low-carbon city development in Bangkok",10.1016/j.enpol.2009.10.026,"Energy Policy",2010-09-01,8,journal-article,"Elsevier BV","Aumnad Phdungsilp - Dhurakij Pundit University",,
"Low energy refurbishment strategies for health buildings",10.1080/19401490903318218,"Journal of Building Performance Simulation",2010-09-01,1,journal-article,"Informa UK Limited","C Alan Short - University of Cambridge; Malcolm Cook - Loughborough University; Paul Cropper - De Montfort University",,"0000-0001-5699-0259; 0000-0001-6604-4207"
"Competition effects of mergers: An event study of the German electricity market",10.1016/j.enpol.2010.05.034,"Energy Policy",2010-09-01,3,journal-article,"Elsevier BV","Andreas Keller - Carl von Ossietzky Universität Oldenburg",,
"Energy scavenging for energy efficiency in networks and applications",10.1002/bltj.20438,"Bell Labs Technical Journal",2010-08-23,1,journal-article,"Institute of Electrical and Electronics Engineers (IEEE)","Francesco Cottone - University of Limerick; Suresh Goyal - University of Limerick; Jeff Punch - University of Limerick",,"0000-0003-0777-9400; 0000-0003-4920-5907"
"Quantifying the Impact of Wind Turbine Wakes on Power Output at Offshore Wind Farms",10.1175/2010jtecha1398.1,"Journal of Atmospheric and Oceanic Technology",2010-08-01,3,journal-article,"American Meteorological Society","R J Barthelmie - Indiana University Bloomington; S C Pryor - Indiana University Bloomington; Kurt Schaldemose Hansen - Technical University of Denmark; J.G Schepers - Energy Research Centre of the Netherlands; K Rados - National Technical University of Athens; Leo E Jensen - Ørsted (Denmark); S Neckelmann - Vattenfall (Denmark)",,
"The futures and forward price differential in the Nordic electricity market",10.1016/j.enpol.2010.03.011,"Energy Policy",2010-08-01,1,journal-article,"Elsevier BV","Jens Wimschulte - University of Regensburg",,
"AERO: extraction of user's activities from electric power consumption data",10.1109/tce.2010.5606359,"IEEE Transactions on Consumer Electronics",2010-08-01,3,journal-article,"Institute of Electrical and Electronics Engineers (IEEE)","Hyun Sang Cho - Tech University of Korea; Tatsuya Yamazaki - National Institute of Information and Communications Technology; Minsoo Hahn - Korea Advanced Institute of Science and Technology",,"0000-0001-9383-1185; 0000-0003-1019-9941; 0000-0003-1953-6078"
"Method for modelling space conditioning aggregated daily load curves: Application to a university building",10.1016/j.enbuild.2010.02.020,"Energy and Buildings",2010-08-01,1,journal-article,"Elsevier BV","Guillermo Escrivá-Escrivà - Universitat Politècnica de València; Carlos Álvarez-Bel - Universitat Politècnica de València; I Valencia-Salazar - Universitat Politècnica de València",,"0000-0002-3202-4571; 0000-0002-5223-4218; 0000-0002-8238-1606"
"A New Robust Estimation Method for ARMA Models",10.1109/tsp.2010.2046413,"IEEE Transactions on Signal Processing",2010-07-01,2,journal-article,"Institute of Electrical and Electronics Engineers (IEEE)","Yacine Chakhchoukh - Université Paris-Sud; Yacine Chakhchoukh - Centre National de la Recherche Scientifique; Yacine Chakhchoukh - Technische Universität Darmstadt; Yacine Chakhchoukh - Supélec",,0000-0001-7263-2419
"Energy consumption and economic growth in New Zealand: Results of trivariate and multivariate models",10.1016/j.enpol.2010.02.025,"Energy Policy",2010-07-01,1,journal-article,"Elsevier BV","Matthew Bartleet - Massey University; Rukmani Gounder - Massey University",,0000-0002-2862-8719
"Volatility transmission and volatility impulse response functions in European electricity forward markets",10.1016/j.eneco.2009.12.003,"Energy Economics",2010-07-01,9,journal-article,"Elsevier BV","Yannick Le Pen - Nantes Université; Benoît Sévi - Université d'Angers; Benoît Sévi - Nantes Université",,
"Triple seasonal methods for short-term electricity demand forecasting",10.1016/j.ejor.2009.10.003,"European Journal of Operational Research",2010-07-01,3,journal-article,"Elsevier BV","James W Taylor - University of Oxford",,
"Modeling and economic analysis of gas engine heat pumps for residential and commercial buildings in various climate regions of Iran",10.1016/j.enbuild.2010.02.004,"Energy and Buildings",2010-07-01,1,journal-article,"Elsevier BV","Sepehr Sanaye - Iran University of Science and Technology; Mehdi Aghaei Meybodi - Iran University of Science and Technology; Mahmood Chahartaghi - Iran University of Science and Technology",,"0000-0001-5105-260X; 0000-0002-9302-7290"
"A review of bottom-up building stock models for energy consumption in the residential sector",10.1016/j.buildenv.2010.01.021,"Building and Environment",2010-07-01,14,journal-article,"Elsevier BV","Miroslava Kavgic - University College London; Anna Mavrogianni - University College London; Dejan Mumovic - University College London; Alex Summerfield - Energy Institute; Alex Summerfield - University College London; Žarko Stevanović - University of Belgrade; Maja Djurovic-Petrovic - Ministry of Education, Science and Technological Development",,
"Impact of different operating modes for a Severn Barrage on the tidal power and flood inundation in the Severn Estuary, UK",10.1016/j.apenergy.2009.11.024,"Applied Energy",2010-07-01,2,journal-article,"Elsevier BV","Junqiang Xia - Tsinghua University; Junqiang Xia - Cardiff University; Roger A Falconer - Cardiff University; Binliang Lin - Cardiff University",,
"Hydrodynamic impact of a tidal barrage in the Severn Estuary, UK",10.1016/j.renene.2009.12.009,"Renewable Energy",2010-07-01,2,journal-article,"Elsevier BV","Junqiang Xia - Wuhan University; Junqiang Xia - Cardiff University; Roger A Falconer - Cardiff University; Binliang Lin - Cardiff University",,"0000-0001-5960-2864; 0000-0001-7613-3457; 0000-0001-8622-5822"
"The effects of future climate change on heating and cooling demands in office buildings in the UK",10.1177/0143624410371284,"Building Services Engineering Research and Technology",2010-06-29,5,journal-article,"SAGE Publications","D H Chow - University of Nottingham Ningbo China; G.J Levermore - University of Manchester",,"0000-0001-5723-8309; 0000-0002-5963-6228"
"Metabolic State Alters Economic Decision Making under Risk in Humans",10.1371/journal.pone.0011090,"PLOS ONE",2010-06-16,4,journal-article,"Public Library of Science (PLoS)","Mkael Symmonds - University College London; Mkael Symmonds - Wellcome Centre for Human Neuroimaging; Julian Emmanuel - University College London; Megan E Drew - University College London; Rachel L Batterham - University College London; Raymond J Dolan - University College London; Raymond J Dolan - Wellcome Centre for Human Neuroimaging",,"0000-0001-9356-761X; 0000-0001-9903-5083; 0000-0002-5477-8585"
"The Impacts of Climate Changes on the Renewable Energy Resources in the Caribbean Region",10.1115/1.4001475,"Journal of Solar Energy Engineering",2010-06-14,2,journal-article,"ASME International","Moises Angeles - University of Puerto Rico-Mayaguez; Jorge E González - City College of New York; Darin J Erickson - Oak Ridge National Laboratory; José L Hernández-Ramos - University of Florida",,"0000-0001-7697-116X; 0000-0002-2324-0205; 0000-0002-4980-5796; 0000-0002-5420-6050"
"Energy resources and use: The present (2008) situation and possible sustainable paths to the future",10.1016/j.energy.2009.06.049,Energy,2010-06-01,2,journal-article,"Elsevier BV",,,
"Pertinent factors influencing an effective load carrying capability and its application to intermittent generation",10.1007/s13198-010-0025-6,"International Journal of System Assurance Engineering and Management",2010-06-01,2,journal-article,"Springer Nature","Wijarn Wangdee - BC Hydro (Canada); Wenyuan Li - BC Hydro (Canada); R Billinton - University of Saskatchewan",,"0000-0002-0350-5667; 0000-0002-5113-7280"
"Service-life limitations in vacuum glazing: A transient pressure balance model",10.1016/j.solmat.2010.02.003,"Solar Energy Materials and Solar Cells",2010-06-01,4,journal-article,"Elsevier BV","Matthias M Koebel - Swiss Federal Laboratories for Materials Science and Technology; Heinrich Manz - Swiss Federal Laboratories for Materials Science and Technology; Karl Mayerhofer - Swiss Federal Laboratories for Materials Science and Technology; Beat Keller - Swiss Federal Laboratories for Materials Science and Technology",,
"Modeling diffusion of electrical appliances in the residential sector",10.1016/j.enbuild.2009.11.015,"Energy and Buildings",2010-06-01,8,journal-article,"Elsevier BV","Michael A McNeil - Lawrence Berkeley National Laboratory; Virginie Letschert - Lawrence Berkeley National Laboratory",,0000-0002-1847-1236
"Wind forecasts for wind power generation using the Eta model",10.1016/j.renene.2009.10.028,"Renewable Energy",2010-06-01,1,journal-article,"Elsevier BV","Lazar Lazić - University of Belgrade; Goran Pejanović - Regulatory Agency for Electronic Communications and Postal Services; Momčilo Živković - Regulatory Agency for Electronic Communications and Postal Services",,
"Planning energy-efficient and eco-sustainable telecommunications networks",10.1002/bltj.20434,"Bell Labs Technical Journal",2010-05-17,3,journal-article,"Institute of Electrical and Electronics Engineers (IEEE)","Amy Nagengast - Carnegie Mellon University; Gerard P O'Reilly - Luna Innovations (United States)",,
"A nonlinear approach to modelling the residential electricity consumption in Ethiopia",10.1016/j.eneco.2009.08.008,"Energy Economics",2010-05-01,2,journal-article,"Elsevier BV","Emmanuel Gabreyohannes - Ethiopian Civil Service University",,
"A general equilibrium view of global rebound effects",10.1016/j.eneco.2009.09.002,"Energy Economics",2010-05-01,9,journal-article,"Elsevier BV","Taoyuan Wei - CICERO Center for International Climate Research; Taoyuan Wei - University of Oslo",,
"Clean coal technology development in China",10.1016/j.enpol.2009.06.003,"Energy Policy",2010-05-01,7,journal-article,"Elsevier BV","Wenying Chen - Tsinghua University; Ruina Xu - Tsinghua University",,
"A 24-h forecast of solar irradiance using artificial neural network: Application for performance prediction of a grid-connected PV plant at Trieste, Italy",10.1016/j.solener.2010.02.006,"Solar Energy",2010-05-01,1,journal-article,"Elsevier BV","A Mellit - University of Jijel; Alessandro Pavan - University of Trieste",,"0000-0001-5458-3502; 0000-0002-6577-8919"
"Biomass gasification opportunities in a district heating system",10.1016/j.biombioe.2010.01.007,"Biomass and Bioenergy",2010-05-01,3,journal-article,"Elsevier BV","Kristina Difs - Linköping University; Elisabeth Wetterlund - Linköping University; Louise Trygg - Linköping University; Mats Söderström - Linköping University",,
"Growing Chinese coal use: Dramatic resource and environmental implications",10.1016/j.enpol.2009.06.051,"Energy Policy",2010-05-01,4,journal-article,"Elsevier BV",,,
"Density Forecasting for Long-Term Peak Electricity Demand",10.1109/tpwrs.2009.2036017,"IEEE Transactions on Power Systems",2010-05-01,5,journal-article,"Institute of Electrical and Electronics Engineers (IEEE)","Rob Hyndman - Monash University; Fan Shu - Monash University",,
"Optimal Meter Placement for Water Distribution System State Estimation",10.1061/(asce)wr.1943-5452.0000037,"Journal of Water Resources Planning and Management",2010-05-01,1,journal-article,"American Society of Civil Engineers (ASCE)","Doosun Kang - University of Arizona; Kevin Lansey - University of Arizona",,0000-0002-8626-1433
"Turkey’s short-term gross annual electricity demand forecast by fuzzy logic approach",10.1016/j.enpol.2009.12.037,"Energy Policy",2010-05-01,2,journal-article,"Elsevier BV","Serhat Küçükali - Bülent Ecevit University; K Baris - Bülent Ecevit University",,
"Climate change and electricity consumption—Witnessing increasing or decreasing use and costs?",10.1016/j.enpol.2009.12.033,"Energy Policy",2010-05-01,26,journal-article,"Elsevier BV","Karoliina Pilli-Sihvola - Finnish Meteorological Institute; Piia Aatola - University of Helsinki; Markku Ollikainen - University of Helsinki; Heikki Tuomenvirta - Finnish Meteorological Institute",,
"Evaluating the Impacts of Real-Time Pricing on the Cost and Value of Wind Generation",10.1109/tpwrs.2009.2032552,"IEEE Transactions on Power Systems",2010-05-01,2,journal-article,"Institute of Electrical and Electronics Engineers (IEEE)","Ramteen Sioshansi - National Laboratory of the Rockies",,0000-0002-1440-0158
"Valuing a gas-fired power plant: A comparison of ordinary linear models, regime-switching approaches, and models with stochastic volatility",10.1016/j.eneco.2009.10.001,"Energy Economics",2010-05-01,2,journal-article,"Elsevier BV","Somayeh Heydari - University College London; Afzal S Siddiqui - University College London; Afzal S Siddiqui - Stockholm University",,
"Self-similarity and scaling in forest communities",10.1073/pnas.1000137107,"Proceedings of the National Academy of Sciences",2010-04-07,1,journal-article,"National Academy of Sciences","Filippo Simini - University of Padua; Filippo Simini - National Interuniversity Consortium for the Physical Sciences of Matter; Filippo Simini - Istituto Nazionale per la Fisica della Materia; Filippo Simini - Istituto Nazionale di Fisica Nucleare; Tommaso Anfodillo - University of Padua; Marco Carrer - University of Padua; Jayanth R Banavar - Pennsylvania State University; Amos Maritan - University of Padua; Amos Maritan - Istituto Nazionale per la Fisica della Materia; Amos Maritan - Istituto Nazionale di Fisica Nucleare; Amos Maritan - National Interuniversity Consortium for the Physical Sciences of Matter",,"0000-0001-8675-3529; 0000-0002-3535-7873; 0000-0002-9752-6871; 0000-0003-1581-6259; 0000-0003-2750-9918"
"Time series models (Grey-Markov, Grey Model with rolling mechanism and singular spectrum analysis) to forecast energy consumption in India",10.1016/j.energy.2009.12.021,Energy,2010-04-01,1,journal-article,"Elsevier BV","Ujjwal Kumar - Flemish Institute for Technological Research; Vinod Kumar Jain - Jawaharlal Nehru University",,"0000-0002-5725-4998; 0000-0002-9422-8780"
"Assessment of energy savings from the revised building energy code of Thailand",10.1016/j.energy.2009.12.027,Energy,2010-04-01,2,journal-article,"Elsevier BV","Surapong Chirarattananon - Joint Graduate School of Energy and Environment; Surapong Chirarattananon - King Mongkut's University of Technology Thonburi; Pipat Chaiwiwatworakul - Joint Graduate School of Energy and Environment; Pipat Chaiwiwatworakul - King Mongkut's University of Technology Thonburi; Vu Duc Hien - King Mongkut's University of Technology Thonburi; Vu Duc Hien - Joint Graduate School of Energy and Environment; Pattana Rakkwamsuk - King Mongkut's University of Technology Thonburi; Kuskana Kubaha - King Mongkut's University of Technology Thonburi",,"0000-0002-9085-6480; 0000-0003-0565-5922"
"Methodology for grouping intakes of pressurised irrigation networks into sectors to minimise energy consumption",10.1016/j.biosystemseng.2009.12.014,"Biosystems Engineering",2010-04-01,5,journal-article,"Elsevier BV","M.A Jiménez-Bello - Universitat Politècnica de València; Fernando Martínez Alzamora - Universitat Politècnica de València; V Bou Soler - Universitat Politècnica de València; H.J Bartolí Ayala - Universitat Politècnica de València",,
"Lake Sihwa tidal power plant project",10.1016/j.oceaneng.2010.01.015,"Ocean Engineering",2010-04-01,3,journal-article,"Elsevier BV","Kyeong Ok Kim - Korea Institute of Ocean Science and Technology; Byung Ho Choi - Sungkyunkwan University",,
"Modelling energy demand of developing countries: Are the specific features adequately captured?",10.1016/j.enpol.2009.11.079,"Energy Policy",2010-04-01,5,journal-article,"Elsevier BV","Subhes C Bhattacharyya - University of Dundee; Govinda R Timilsina - World Bank",,"0000-0002-1196-496X; 0000-0002-7141-3916"
"Optimality principles for model-based prediction of human gait",10.1016/j.jbiomech.2009.12.012,"Journal of Biomechanics",2010-04-01,2,journal-article,"Elsevier BV","Marko Ackermann - Cleveland Clinic; Antonie J van den Bogert - Cleveland Clinic",,
"Performance evaluation of different configurations of biogas-fuelled SOFC micro-CHP systems for residential applications",10.1016/j.ijhydene.2010.01.052,"International Journal of Hydrogen Energy",2010-04-01,2,journal-article,"Elsevier BV","Siamak Farhad - Carleton University; Feridun Hamdullahpur - University of Waterloo; Yeong Yoo - National Research Council Canada",,
"Estimating the option value of a non-firm electricity tariff",10.1016/j.energy.2009.04.013,Energy,2010-04-01,5,journal-article,"Elsevier BV","Jack Moore - Environmental Energy & Engineering; C.K Woo - Environmental Energy & Engineering; C.K Woo - Hong Kong Baptist University; Brian Horii - Environmental Energy & Engineering; S Price - Environmental Energy & Engineering; A Olson - Environmental Energy & Engineering",,
"Indoor thermal conditions and thermal comfort in air-conditioned domestic buildings in the dry-desert climate of Kuwait",10.1016/j.buildenv.2009.08.018,"Building and Environment",2010-03-01,4,journal-article,"Elsevier BV","Farraj F Al-ajmi - College of Technological Studies; Farraj F Al-ajmi - Public Authority for Applied Education and Training; D.L Loveday - Loughborough University",,0000-0002-9029-0296
"Through silicon via: From the CMOS imager sensor wafer level package to the 3D integration",10.1016/j.mee.2009.05.035,"Microelectronic Engineering",2010-03-01,1,journal-article,"Elsevier BV","X Gagnard - STMicroelectronics (France); Thierry Mourier - Institut polytechnique de Grenoble; Thierry Mourier - Direction de la Recherche Technologique; Thierry Mourier - Université Grenoble Alpes",,
"Multiobjective optimization of building design using TRNSYS simulations, genetic algorithm, and Artificial Neural Network",10.1016/j.buildenv.2009.08.016,"Building and Environment",2010-03-01,1,journal-article,"Elsevier BV","Laurent Magnier - Concordia University; Fariborz Haghighat - Concordia University",,0000-0003-2869-7308
"Evaluating long term forecasts",10.1016/j.eneco.2009.10.006,"Energy Economics",2010-03-01,2,journal-article,"Elsevier BV","George M Lady - Temple University",,
"Power load forecasting using support vector machine and ant colony optimization",10.1016/j.eswa.2009.08.019,"Expert Systems with Applications",2010-03-01,2,journal-article,"Elsevier BV","Dongxiao Niu - North China Electric Power University; Yongli Wang - North China Electric Power University; Desheng Wu - University of Toronto; Desheng Wu - Reykjavík University",,"0000-0001-6201-9047; 0000-0002-7095-3697; 0000-0003-4612-8432"
"Greek long-term energy consumption prediction using artificial neural networks",10.1016/j.energy.2009.10.018,Energy,2010-02-01,2,journal-article,"Elsevier BV","Lambros Ekonomou - School of Pedagogical and Technological Education",,0000-0003-0354-5762
"Forecast of electricity consumption in Cyprus up to the year 2030: The potential impact of climate change",10.1016/j.enpol.2009.10.019,"Energy Policy",2010-02-01,14,journal-article,"Elsevier BV","Theodoros Zachariadis - Cyprus University of Technology",,
"Electric power demand forecasting using interval time series: A comparison between VAR and iMLP",10.1016/j.enpol.2009.10.007,"Energy Policy",2010-02-01,1,journal-article,"Elsevier BV","Carolina García-Ascanio - Universidad Pontificia Comillas; Carlos Maté - Universidad Pontificia Comillas",,0000-0003-2840-2629
"Expectations and forward risk premium in the Spanish deregulated power market",10.1016/j.enpol.2009.10.023,"Energy Policy",2010-02-01,1,journal-article,"Elsevier BV","Dolores Furió - Universitat de València; Vicente Meneu - Universitat de València",,0000-0002-1033-9599
"Twenty first century standards for thermal comfort: fostering low carbon building design and operation",10.3763/asre.2009.0112,"Architectural Science Review",2010-02-01,1,journal-article,"Informa UK Limited","Paul Tuohy - University of Strathclyde; Susan Roaf - University of Strathclyde; Fergus Nicol - University of Strathclyde; M W Humphreys - University of Strathclyde; Atze Boerstra - University of Strathclyde",,"0000-0001-7238-8460; 0000-0002-4887-4343; 0000-0003-0035-7918; 0000-0003-4850-733X"
"The Impact of Charging Plug-In Hybrid Electric Vehicles on a Residential Distribution Grid",10.1109/tpwrs.2009.2036481,"IEEE Transactions on Power Systems",2010-02-01,16,journal-article,"Institute of Electrical and Electronics Engineers (IEEE)","Kristien Clement-Nyns - KU Leuven; Edwin Haesen - KU Leuven; Johan Driesen - KU Leuven",,
"Climate change and future energy consumption in UK housing stock",10.1177/0143624409354972,"Building Services Engineering Research and Technology",2010-01-19,1,journal-article,"SAGE Publications","Lisa Collins - University of Manchester; Sukumar Natarajan - University of Bath; Geoff Levermore - University of Manchester",,"0000-0001-5831-1678; 0000-0001-9435-5555"
"Securing energy efficiency as a high priority: scenarios for common appliance electricity consumption in Thailand",10.1007/s12053-009-9073-7,"Energy Efficiency",2010-01-14,5,journal-article,"Springer Nature","Tira Foran - Chiang Mai University; Peter T du Pont - Joint Graduate School of Energy and Environment; Panom Parinya - King Mongkut's University of Technology Thonburi; Napaporn Phumaraphand - Electricity Generating Authority of Thailand",,0000-0003-3299-4700
"Assessment of hydropower potential using GIS and hydrological modeling technique in Kopili River basin in Assam (India)",10.1016/j.apenergy.2009.07.019,"Applied Energy",2010-01-01,1,journal-article,"Elsevier BV","B C Kusre - Indian Institute of Water Management; D.C Baruah - Tezpur University; P K Bordoloi - Tezpur University; Sridhar Patra - Indian Institute of Water Management",,"0000-0001-7285-7132; 0000-0002-8235-2354; 0000-0003-1118-0732"
"Natural gas demand in Turkey",10.1016/j.apenergy.2009.07.006,"Applied Energy",2010-01-01,3,journal-article,"Elsevier BV","Erkan Erdoğdu - Turkish Atomic Energy Authority",,
"Can we accelerate the improvement of energy efficiency in aircraft systems?",10.1016/j.enconman.2009.09.011,"Energy Conversion and Management",2010-01-01,6,journal-article,"Elsevier BV","Joosung J Lee - Yonsei University",,
"Aggregate electricity demand in South Africa: Conditional forecasts to 2030",10.1016/j.apenergy.2009.08.017,"Applied Energy",2010-01-01,7,journal-article,"Elsevier BV","Roula Inglesi‐Lotz - University of Pretoria",,
"Renewable Portfolio Standards: When Do They Lower Energy Prices?",10.5547/issn0195-6574-ej-vol31-no1-5,"The Energy Journal",2010-01-01,39,journal-article,"International Association for Energy Economics (IAEE)","Carolyn Fischer - Resources For The Future",,
"Variability reduction through optimal combination of wind/wave resources – An Irish case study",10.1016/j.energy.2009.09.023,Energy,2010-01-01,9,journal-article,"Elsevier BV","Francesco Fusco - National University of Ireland, Maynooth; Gary Nolan - EirGrid (Ireland); John V Ringwood - National University of Ireland, Maynooth",,
"Renewable rural electrification: Sustainability assessment of mini-hybrid off-grid technological systems in the African context",10.1016/j.renene.2009.03.028,"Renewable Energy",2010-01-01,12,journal-article,"Elsevier BV","Alan C Brent - University of Pretoria; David E Rogers - Council for Scientific and Industrial Research",,
"Potential Impacts of Plug-in Hybrid Electric Vehicles on Regional Power Generation",10.1016/j.tej.2009.10.011,"The Electricity Journal",2009-12-01,4,journal-article,"Elsevier BV","Alexandra Tsvetkova - Office of Scientific and Technical Information",,
"A comprehensive approach for computation and implementation of efficient electricity transmission network charges",10.1016/j.enpol.2009.07.051,"Energy Policy",2009-12-01,8,journal-article,"Elsevier BV","Luis Olmos - Universidad Pontificia Comillas; José Ignacio Pérez Arriaga - Universidad Pontificia Comillas",,
"Opportunities for and limits to Academics as System builders—The case of realizing the potential of gasified biomass in Austria",10.1016/j.enpol.2009.08.023,"Energy Policy",2009-12-01,4,journal-article,"Elsevier BV","Hans Hellsmark - Chalmers University of Technology; Staffan Jacobsson - Chalmers University of Technology",,
"Model predictive control for wastewater treatment process with feedforward compensation",10.1016/j.cej.2009.07.039,"Chemical Engineering Journal",2009-12-01,5,journal-article,"Elsevier BV","Wenhao Shen - South China University of Technology; Xiaoquan Chen - South China University of Technology; M Pons - Laboratoire de Génie Chimique; M Pons - Université de Lorraine; M Pons - Centre National de la Recherche Scientifique; Jean‐Pierre Corriou - Laboratoire de Génie Chimique; Jean‐Pierre Corriou - Université de Lorraine; Jean‐Pierre Corriou - Centre National de la Recherche Scientifique",,
"Sustainability constraints on UK bioenergy development",10.1016/j.enpol.2009.08.028,"Energy Policy",2009-12-01,5,journal-article,"Elsevier BV","Patricia Thornley - Tyndall Centre; Patricia Thornley - University of Manchester; Paul Upham - University of Manchester; Paul Upham - Tyndall Centre; Julia Tomei - King's College London",,
"A feasibility study of self-heating concrete utilizing carbon nanofiber heating elements",10.1088/0964-1726/18/12/127001,"Smart Materials and Structures",2009-11-10,1,journal-article,"IOP Publishing","Christiana Chang - University of Houston; Michelle Ho - University of Houston; Gangbing Song - University of Houston; Y L Mo - University of Houston; Hui Li - Harbin Institute of Technology",,"0000-0001-5135-5555; 0000-0001-5705-7356; 0000-0001-9198-3951"
"Identifying predictors of attitudes towards local onshore wind development with reference to an English case study",10.1016/j.enpol.2009.06.015,"Energy Policy",2009-11-01,13,journal-article,"Elsevier BV","Christopher R Jones - University of Sheffield; J Richard Eiser - University of Sheffield",,
"A Simple Quantitative Model to Estimate Consumptive Evaporation Impacts of Discharged Cooling Water with Minimal Data Requirements",10.1260/095830509789876718,"Energy & Environment",2009-11-01,1,journal-article,"SAGE Publications","Gustavious P Williams - Brigham Young University; David L Tomasko - Argonne National Laboratory",,
"Wave energy potential in Galicia (NW Spain)",10.1016/j.renene.2009.03.030,"Renewable Energy",2009-11-01,3,journal-article,"Elsevier BV","G Iglesias - Universidade de Santiago de Compostela; Mário López - Universidade de Santiago de Compostela; R Carballo - Universidade de Santiago de Compostela; Alberte Castro - Universidade de Santiago de Compostela; José Ángel Fraguela Formoso - Universidade da Coruña; Peter Frigaard - Aalborg University",,"0000-0001-9708-1086; 0000-0002-0063-7453; 0000-0002-0733-8851; 0000-0002-3451-7687; 0000-0002-5308-387X; 0000-0003-2719-1663"
"Forecast of electricity consumption and economic growth in Taiwan by state space modeling",10.1016/j.energy.2009.07.046,Energy,2009-11-01,1,journal-article,"Elsevier BV","Hsiao-Tien Pao - National Yang Ming Chiao Tung University",,0000-0001-7412-5947
"Space heating demand and heatwave vulnerability: London domestic stock",10.1080/09613210903162597,"Building Research & Information",2009-11-01,1,journal-article,"Informa UK Limited","Anna Mavrogianni - University College London; Mike Davies - University College London; Zaid Chalabi - London School of Hygiene & Tropical Medicine; Paul Wilkinson - London School of Hygiene & Tropical Medicine; Maria Kolokotroni - Brunel University of London; James Milner - University College London",,"0000-0001-7456-259X; 0000-0002-5104-1238; 0000-0002-5407-3980; 0000-0003-0304-639X; 0000-0003-2173-7063; 0000-0003-4478-1868"
"Competitive Asymmetries in the Use of Supplementary Food by the Endangered Iberian Lynx (Lynx pardinus)",10.1371/journal.pone.0007610,"PLOS ONE",2009-10-28,1,journal-article,"Public Library of Science (PLoS)","José Vicente López‐Bao - Estación Biológica de Doñana; Alejandro Rodrı́guez - Estación Biológica de Doñana; Francisço Palomares - Estación Biológica de Doñana",,"0000-0001-9213-998X; 0000-0001-9367-3420; 0000-0002-4655-7205"
"Cointegration and the demand for gasoline",10.1016/j.enpol.2009.04.046,"Energy Policy",2009-10-01,7,journal-article,"Elsevier BV","B Bhaskara Rao - Western Sydney University; Gyaneshwar Rao - University of the South Pacific",,
"Online short-term solar power forecasting",10.1016/j.solener.2009.05.016,"Solar Energy",2009-10-01,3,journal-article,"Elsevier BV","Peder Bacher - Technical University of Denmark; Henrik Madsen - Technical University of Denmark; Henrik Aalborg Nielsen - Lyngsø Marine (Denmark)",,"0000-0001-5456-2576; 0000-0003-0690-3713"
"Energy demand estimation of South Korea using artificial neural network",10.1016/j.enpol.2009.04.049,"Energy Policy",2009-10-01,1,journal-article,"Elsevier BV","Zong Woo Geem - Johns Hopkins University; William E Roper - George Mason University",,0000-0002-0370-5562
"A building corner model for hygrothermal performance and mould growth risk analyses",10.1016/j.ijheatmasstransfer.2009.05.026,"International Journal of Heat and Mass Transfer",2009-10-01,1,journal-article,"Elsevier BV","Gerson Henrique dos Santos - Pontifícia Universidade Católica do Paraná; Nathan Mendes - Pontifícia Universidade Católica do Paraná; Paulo César Philippi - Universidade Federal de Santa Catarina",,
"The tidal range energy potential of the West Coast of the United Kingdom",10.1016/j.apor.2009.10.002,"Applied Ocean Research",2009-10-01,1,journal-article,"Elsevier BV","Roger Burrows - University of Liverpool; Ian Walkington - British Oceanographic Data Centre; Nick Yates - University of Liverpool; T S Hedges - University of Liverpool; Judith Wolf - British Oceanographic Data Centre; Jason Holt - British Oceanographic Data Centre",,"0000-0001-6837-1586; 0000-0002-3298-8477; 0000-0002-5757-8730; 0000-0003-4129-8221"
"Forecasting future cooling demand in London",10.1016/j.enbuild.2009.04.001,"Energy and Buildings",2009-09-01,10,journal-article,"Elsevier BV","A.R Day - London South Bank University; Peta Jones - London South Bank University; Graeme Maidment - London South Bank University",,
"Design for reliability of power electronics modules",10.1016/j.microrel.2009.07.055,"Microelectronics Reliability",2009-09-01,1,journal-article,"Elsevier BV","Hua Lu - University of Greenwich; C Bailey - University of Greenwich; Chunyan Yin - University of Greenwich",,"0000-0002-4392-6562; 0000-0002-9438-3879; 0000-0003-0298-0420"
"Electricity consumption forecasting in Italy using linear regression models",10.1016/j.energy.2009.06.034,Energy,2009-09-01,5,journal-article,"Elsevier BV",,,
"Forecasting the transport energy demand based on PLSR method in China",10.1016/j.energy.2009.06.032,Energy,2009-09-01,1,journal-article,"Elsevier BV","Ming Zhang - China University of Mining and Technology; Ming Zhang - Dalian University of Technology; Hailin Mu - Dalian University of Technology; Gang Li - Dalian University of Technology; Yadong Ning - Dalian University of Technology",,"0000-0002-9809-3430; 0000-0003-0342-7934; 0000-0003-3322-3836"
"Model of a novel pressurized solid oxide fuel cell gas turbine hybrid engine",10.1016/j.jpowsour.2009.04.004,"Journal of Power Sources",2009-09-01,1,journal-article,"Elsevier BV","Winston S Burbank - University of Alaska Fairbanks; Dennis Witmer - University of Alaska Fairbanks; Frank Holcomb - Construction Engineering Research Laboratory; Frank Holcomb - U.S. Army Engineer Research and Development Center",,
"Solar thermal cracking of methane in a particle-flow reactor for the co-production of hydrogen and carbon",10.1016/j.ijhydene.2009.07.037,"International Journal of Hydrogen Energy",2009-09-01,1,journal-article,"Elsevier BV","Gilles Maag - ETH Zurich; Giw Zanganeh - ETH Zurich; Aldo Steinfeld - ETH Zurich; Aldo Steinfeld - Paul Scherrer Institute",,"0000-0001-7797-686X; 0000-0002-4750-8114"
"Environmental Impacts of the Solar Energy Systems",10.1080/15567030802089664,"Energy Sources, Part A: Recovery, Utilization, and Environmental Effects",2009-08-14,3,journal-article,"Informa UK Limited","Kami̇l Kaygusuz - Karadeniz Technical University",,0000-0001-8364-2794
"State renewable energy electricity policies: An empirical evaluation of effectiveness",10.1016/j.enpol.2009.03.062,"Energy Policy",2009-08-01,21,journal-article,"Elsevier BV","Sanya Carley - University of North Carolina at Chapel Hill",,
"Energy use in Indian household sector – An actor-oriented approach",10.1016/j.energy.2009.01.004,Energy,2009-08-01,1,journal-article,"Elsevier BV","B Sudhakara Reddy - Indira Gandhi Institute of Development Research; T Aditya Sai Srinivas - Indian Institute of Science Bangalore",,"0000-0002-7733-0994; 0009-0004-0013-9157"
"Dynamic behaviour of non-isothermal compressible natural gases mixed with hydrogen in pipelines",10.1016/j.ijhydene.2009.06.062,"International Journal of Hydrogen Energy",2009-08-01,2,journal-article,"Elsevier BV","Ferdinand Evert Uilhoorn - Warsaw University of Technology",,
"Power management strategies for a stand-alone power system using renewable energy sources and hydrogen storage",10.1016/j.ijhydene.2008.06.051,"International Journal of Hydrogen Energy",2009-08-01,2,journal-article,"Elsevier BV","Dimitris Ipsakis - Centre for Research and Technology Hellas; Spyros Voutetakis - Centre for Research and Technology Hellas; Panos Seferlis - Centre for Research and Technology Hellas; Fotis Stergiopoulos - Centre for Research and Technology Hellas",,
"The forecast of motor vehicle, energy demand and CO2 emission from Taiwan's road transportation sector",10.1016/j.enpol.2009.03.039,"Energy Policy",2009-08-01,1,journal-article,"Elsevier BV","I.J Lu - Ministry of Transportation and Communications",,
"What energy levels can the Earth sustain?",10.1016/j.enpol.2009.03.006,"Energy Policy",2009-07-01,1,journal-article,"Elsevier BV","Patrick Moriarty - Monash University; Damon Honnery - Monash University",,"0000-0002-6505-3459; 0000-0003-2925-3602"
"Public demonstration projects and field trials: Accelerating commercialisation of sustainable technology in solar photovoltaics",10.1016/j.enpol.2009.01.040,"Energy Policy",2009-07-01,9,journal-article,"Elsevier BV","James Brown - City, University of London; Chris Hendry - City, University of London",,
"Comparison of two new short-term wind-power forecasting systems",10.1016/j.renene.2008.11.014,"Renewable Energy",2009-07-01,1,journal-article,"Elsevier BV","I.J Ramírez-Rosado - Universidad de Zaragoza; L Alfredo Fernández-Jiménez - Universidad de La Rioja; Cláudio Monteiro - Institute for Systems Engineering and Computers; Cláudio Monteiro - Universidade do Porto; João Sousa - Institute for Systems Engineering and Computers; João Sousa - Universidade do Porto; Ricardo J Bessa - Institute for Systems Engineering and Computers; Ricardo J Bessa - Universidade do Porto",,
"Carbon futures and macroeconomic risk factors: A view from the EU ETS",10.1016/j.eneco.2009.02.008,"Energy Economics",2009-07-01,15,journal-article,"Elsevier BV","Julien Chevallier - EconomiX; Julien Chevallier - Université Paris Cité; Julien Chevallier - Université Paris Nanterre; Julien Chevallier - Centre National de la Recherche Scientifique; Julien Chevallier - Imperial College London",,
"Capital market response to emission rights returns: Evidence from the European power sector",10.1016/j.eneco.2009.01.004,"Energy Economics",2009-07-01,30,journal-article,"Elsevier BV","Stefan Veith - University of Bremen; Jörg R Werner - University of Bremen; Jochen Zimmermann - University of Bremen",,
"Sectoral analysis for international technology development and transfer: Cases of coal-fired power generation, cement and aluminium in China",10.1016/j.enpol.2009.02.028,"Energy Policy",2009-06-01,2,journal-article,"Elsevier BV","Wenjia Cai - Tsinghua University; Can Wang - Tsinghua University; Wenjun Liu - Tsinghua University; Ziwei Mao - Tsinghua University; YU Hui-chao - Tsinghua University; Jining Chen - Tsinghua University",,"0000-0001-9380-2990; 0000-0002-1136-792X; 0000-0002-4436-512X"
"Temporal Forecast Uncertainty for Ramp Events",10.1260/030952409789685681,"Wind Engineering",2009-06-01,2,journal-article,"SAGE Publications",,,
"The actual effect of wind power on overall electricity generation costs and CO2 emissions",10.1016/j.enconman.2009.03.010,"Energy Conversion and Management",2009-06-01,3,journal-article,"Elsevier BV","Erik Delarue - KU Leuven; Patrick Luickx - KU Leuven; William D’haeseleer - KU Leuven",,"0000-0002-4972-147X; 0000-0003-1798-1274"
"Hybridizing the fifth generation mesoscale model with artificial neural networks for short-term wind speed prediction",10.1016/j.renene.2008.10.017,"Renewable Energy",2009-06-01,2,journal-article,"Elsevier BV","Sancho Salcedo‐Sanz - Universidad de Alcalá; Ángel M Pérez‐Bellido - Universidad de Alcalá; Emilio G Ortiz‐García - Universidad de Alcalá; A Portilla-Figueras - Universidad de Alcalá; Luis Prieto - Iberdrola (Spain); Luis Prieto - Instituto Tecnológico y de Energías Renovables; Daniel Paredes - Universidad Complutense de Madrid",,
"New applications of ‘Hess Law’ and comparisons with models for determining calorific values of municipal solid wastes in the Sri Lankan context",10.1016/j.renene.2008.11.005,"Renewable Energy",2009-06-01,3,journal-article,"Elsevier BV","S.N.M Menikpura - University of Peradeniya; B F A Basnayake - University of Peradeniya",,
"Toward a better understanding of the dynamic characteristics of single-storey braced steel frame buildings in Canada",10.1139/l09-043,"Canadian Journal of Civil Engineering",2009-06-01,2,journal-article,"Canadian Science Publishing","Charles‐Philippe Lamarche - Polytechnique Montréal; Charles‐Philippe Lamarche - Université de Sherbrooke; Charles‐Philippe Lamarche - University of British Columbia; Jean Proulx - Polytechnique Montréal; Jean Proulx - Université de Sherbrooke; Jean Proulx - University of British Columbia; Patrick Paultre - University of British Columbia; Patrick Paultre - Polytechnique Montréal; Patrick Paultre - Université de Sherbrooke; Martin Turek - Polytechnique Montréal; Martin Turek - Université de Sherbrooke; Martin Turek - University of British Columbia; Carlos E Ventura - Polytechnique Montréal; Carlos E Ventura - Université de Sherbrooke; Carlos E Ventura - University of British Columbia; Thien Phu Le - Polytechnique Montréal; Thien Phu Le - Université de Sherbrooke; Thien Phu Le - University of British Columbia; Cédrik Lévesque - Polytechnique Montréal; Cédrik Lévesque - Université de Sherbrooke; Cédrik Lévesque - University of British Columbia",,
"Unit Commitment for Systems With Significant Wind Penetration",10.1109/tpwrs.2009.2016470,"IEEE Transactions on Power Systems",2009-05-01,8,journal-article,"Institute of Electrical and Electronics Engineers (IEEE)","Aidan Tuohy - University College Dublin; Peter Meibom - Technical University of Denmark; Eleanor Denny - Trinity College Dublin; Mark O’Malley - University College Dublin",,"0000-0001-5147-3308; 0000-0001-9206-3495; 0000-0002-7875-6022"
"The economics of tidal energy",10.1016/j.enpol.2009.01.009,"Energy Policy",2009-05-01,1,journal-article,"Elsevier BV","Eleanor Denny - Trinity College Dublin",,0000-0002-7875-6022
"Experimental investigation of wallboard containing phase change material: Data for validation of numerical modeling",10.1016/j.enbuild.2008.11.022,"Energy and Buildings",2009-05-01,1,journal-article,"Elsevier BV","Frédéric Kuznik - Institut National des Sciences Appliquées de Lyon; Frédéric Kuznik - Université Claude Bernard Lyon 1; Frédéric Kuznik - Centre National de la Recherche Scientifique; Joseph Virgone - École Nationale des Travaux Publics de l'État; Joseph Virgone - Université Claude Bernard Lyon 1",,"0000-0001-5691-9583; 0000-0001-5724-1823"
"Tapping the energy storage potential in electric loads to deliver load following and regulation, with application to wind energy",10.1016/j.enconman.2008.12.012,"Energy Conversion and Management",2009-05-01,5,journal-article,"Elsevier BV","Duncan S Callaway - University of Michigan",,
"Thermodynamics of information technology data centers",10.1147/jrd.2009.5429022,"IBM Journal of Research and Development",2009-05-01,1,journal-article,IBM,"Roger Schmidt - IBM (United States); M Iyengar - IBM (United States)",,
"Sustainable development of the Belgrade energy system",10.1016/j.energy.2008.01.013,Energy,2009-05-01,2,journal-article,"Elsevier BV","M Jovanović - Vinča Institute of Nuclear Sciences; M Jovanović - Institute of Economic Sciences; Naim Hamdia Afgan - Instituto Superior Técnico; Naim Hamdia Afgan - Instituto Politécnico de Lisboa; Predrag Radovanović - Vinča Institute of Nuclear Sciences; Predrag Radovanović - Institute of Economic Sciences; Vladimir D Stevanović - University of Belgrade",,"0000-0002-2822-8248; 0000-0002-7092-4087"
"Prediction of building energy consumption by using artificial neural networks",10.1016/j.advengsoft.2008.05.003,"Advances in Engineering Software",2009-05-01,2,journal-article,"Elsevier BV","Betül BEKTAŞ EKİCİ - Fırat University; U Teoman Aksoy - Fırat University",,
"Effects of feed water temperature on separation performance and organic fouling of brackish water RO membranes",10.1016/j.desal.2008.03.026,Desalination,2009-04-01,2,journal-article,"Elsevier BV",,,
"Case study feasibility analysis of renewable energy supply options for small to medium-sized tourist accommodations",10.1016/j.renene.2008.06.018,"Renewable Energy",2009-04-01,8,journal-article,"Elsevier BV","Gordon Dalton - The University of Queensland; D A Lockington - The University of Queensland; Tom E Baldock - The University of Queensland",,"0000-0001-7040-9643; 0000-0001-7356-9909; 0000-0002-5794-282X"
"Heat, air and moisture transfer through hollow porous blocks",10.1016/j.ijheatmasstransfer.2008.11.003,"International Journal of Heat and Mass Transfer",2009-04-01,1,journal-article,"Elsevier BV","Gerson Henrique dos Santos - Pontifícia Universidade Católica do Paraná; Nathan Mendes - Pontifícia Universidade Católica do Paraná",,
"A method of estimating the output fluctuation of many photovoltaic power generation systems dispersed in a wide area",10.1002/eej.20723,"Electrical Engineering in Japan",2009-03-01,11,journal-article,Wiley,"Akinobu Murata - National Institute of Advanced Industrial Science and Technology; Hiroshi Yamaguchi - National Institute of Advanced Industrial Science and Technology; Kenji Otani - National Institute of Advanced Industrial Science and Technology",,
"Energy rebound and economic growth: A review of the main issues and research needs☆",10.1016/j.energy.2008.10.011,Energy,2009-03-01,27,journal-article,"Elsevier BV","Reinhard Madlener - RWTH Aachen University",,
"Designing for the home: A comparative study of support aids for central heating systems",10.1016/j.apergo.2008.03.002,"Applied Ergonomics",2009-03-01,3,journal-article,"Elsevier BV","Juergen Sauer - University of Fribourg; David Wastell - University of Nottingham; Claudia Schmeink - Technische Universität Darmstadt",,
"A Comparison of Airborne Microwave Brightness Temperatures and Snowpack Properties Across the Boreal Forests of Finland and Western Canada",10.1109/tgrs.2008.2006358,"IEEE Transactions on Geoscience and Remote Sensing",2009-03-01,3,journal-article,"Institute of Electrical and Electronics Engineers (IEEE)","Juha Lemmetyinen - Finnish Meteorological Institute; Chris Derksen - Environment and Climate Change Canada; Jouni Pulliainen - Finnish Meteorological Institute; W Strapp - Environment and Climate Change Canada; Peter Toose - Environment and Climate Change Canada; Zuzana Walker - Environment and Climate Change Canada; Juha-Petri Kärnä - Finnish Environment Institute",,
"The Future of Nuclear Power: Value Orientations and Risk Perception",10.1111/j.1539-6924.2008.01155.x,"Risk Analysis",2009-03-01,15,journal-article,Wiley,"Stephen C Whitfield - Booz Allen Hamilton (United States); Eugene A Rosa - Washington State University; Amy Dan - Michigan State University; Thomas Dietz - Michigan State University",,
"Hidden biases in Australian energy policy",10.1016/j.renene.2008.05.010,"Renewable Energy",2009-02-01,2,journal-article,"Elsevier BV","August Schläpfer - Murdoch University",,
"Estimating the Spinning Reserve Requirements in Systems With Significant Wind Power Generation Penetration",10.1109/tpwrs.2008.2004745,"IEEE Transactions on Power Systems",2009-02-01,1,journal-article,"Institute of Electrical and Electronics Engineers (IEEE)","Miguel A Ortega‐Vazquez - University of Manchester; Daniel S Kirschen - University of Manchester",,"0000-0002-6471-0285; 0000-0002-7601-4455"
"Estimating deficit probabilities with price-responsive demand in contract-based electricity markets",10.1016/j.enpol.2008.09.079,"Energy Policy",2009-02-01,4,journal-article,"Elsevier BV","Alexander Galetovic - Universidad de Los Andes; Cristian Muñoz - University of Chile",,
"Modelling and evaluation of control schemes for enhancing load shift of electricity demand for cooling devices",10.1016/j.envsoft.2008.07.003,"Environmental Modelling & Software",2009-02-01,2,journal-article,"Elsevier BV","Michael Städler - Oldenburger Institut für Informatik; Wolfram Krause - EWE (Germany); Michael Sonnenschein - Carl von Ossietzky Universität Oldenburg; Ute Vogel - Carl von Ossietzky Universität Oldenburg",,0000-0002-7503-311X
"Impact of climate policy uncertainty on the adoption of electricity generating technologies",10.1016/j.enpol.2008.10.022,"Energy Policy",2009-02-01,12,journal-article,"Elsevier BV","Sabine Fuss - International Institute for Applied Systems Analysis; Daniel Johansson - Chalmers University of Technology; Daniel Johansson - University of Gothenburg; Jana Szolgayová - Comenius University Bratislava; Jana Szolgayová - International Institute for Applied Systems Analysis; Michael Obersteiner - International Institute for Applied Systems Analysis",,
"Moisture performance of building materials: From material characterization to building simulation using the Moisture Buffer Value concept",10.1016/j.buildenv.2008.03.015,"Building and Environment",2009-02-01,1,journal-article,"Elsevier BV","Marc Abadie - La Rochelle Université; Marc Abadie - Pontifícia Universidade Católica do Paraná; Kátia Cordeiro Mendonça - Pontifícia Universidade Católica do Paraná",,"0000-0001-7890-4155; 0000-0002-2723-6983"
"Design and evaluation of noise-isolation measures for the natural-ventilation openings in a ‘green’ building",10.3397/1.3198203,"Noise Control Engineering Journal",2009-01-01,2,journal-article,"Institute of Noise Control Engineering (INCE)",,,
"Operational costs induced by fluctuating wind power production in Germany and Scandinavia",10.1049/iet-rpg:20070075,"IET Renewable Power Generation",2009-01-01,11,journal-article,"Institution of Engineering and Technology (IET)","Peter Meibom - Technical University of Denmark; Christoph Weber - University of Duisburg-Essen; Rüdiger Barth - University of Stuttgart; Helmut Brand - University of Stuttgart",,
"Nanoscale design to enable the revolution in renewable energy",10.1039/b821698c,"Energy Environ. Sci.",2009-01-01,3,journal-article,"Royal Society of Chemistry (RSC)","Jason B Baxter - Drexel University; Uwe Kortshagen - University of Minnesota System; Zhixi Bian - University of California, Santa Cruz; Gang Chen - Massachusetts Institute of Technology; David T Danielson - Community Catalyst; M S Dresselhaus - Massachusetts Institute of Technology; Andrei G Fedorov - Georgia Institute of Technology; Timothy S Fisher - Purdue University West Lafayette; Christopher W Jones - Georgia Institute of Technology; Arumugam Manthiram - The University of Texas at Austin; Arthur J Nozik - National Laboratory of the Rockies; Debra R Rolison - United States Naval Research Laboratory; Debra R Rolison - Naval Research Laboratory Chemistry Division; T Sands - Purdue University West Lafayette; Li Shi - The University of Texas at Austin; David S Sholl - Georgia Institute of Technology; Edward J Maginn - University of Notre Dame; Yiying Wu - The Ohio State University",,"0000-0001-5944-3656; 0000-0001-7176-7645; 0000-0001-8702-3915; 0000-0001-9359-1863; 0000-0001-9718-6515; 0000-0002-2771-9168; 0000-0002-3968-8530; 0000-0002-5401-6839; 0000-0002-6309-1347; 0000-0002-8909-313X; 0000-0003-0237-9563; 0000-0003-0493-9931; 0000-0003-0859-2541; 0000-0003-3255-5791"
"Air quality impacts of using overnight electricity generation to charge plug-in hybrid electric vehicles for daytime use",10.1088/1748-9326/4/1/014002,"Environmental Research Letters",2009-01-01,7,journal-article,"IOP Publishing","Tammy M Thompson - Center for Environmental Health; Michael E Webber - The University of Texas at Austin; David T Allen - Center for Environmental Health",,
"Economic analysis of energy-saving renovation measures for urban existing residential buildings in China based on thermal simulation and site investigation",10.1016/j.enpol.2008.07.041,"Energy Policy",2009-01-01,1,journal-article,"Elsevier BV","Jinlong Ouyang - Saga University; Jian Ge - Zhejiang University; Kazunori Hokao - Saga University",,"0000-0001-5165-3368; 0000-0002-0542-9338"
"Which battery model to use?",10.1049/iet-sen.2009.0001,"IET Software",2009-01-01,1,journal-article,"Institution of Engineering and Technology (IET)","Marijn Jongerden - University of Twente; Boudewijn R Haverkort - University of Twente",,"0000-0002-0654-0740; 0000-0002-6848-9688"
"From probabilistic forecasts to statistical scenarios of short-term wind power production",10.1002/we.284,"Wind Energy",2009-01-01,3,journal-article,Wiley,"Pierre Pinson - Technical University of Denmark; Henrik Madsen - Technical University of Denmark; Henrik Aa Nielsen - Technical University of Denmark; G Papaefthymiou - Ecofys (Germany); G Papaefthymiou - Delft University of Technology; Bernd Klöckl - Austrian Energy Agency; Bernd Klöckl - Verbund (Austria)",,"0000-0002-1480-0282; 0000-0003-0690-3713"
"A model-based optimal ventilation control strategy of multi-zone VAV air-conditioning systems",10.1016/j.applthermaleng.2008.02.017,"Applied Thermal Engineering",2009-01-01,1,journal-article,"Elsevier BV","Xinhua Xu - Hong Kong Polytechnic University; Shengwei Wang - Hong Kong Polytechnic University; Zhongwei Sun - Hong Kong Polytechnic University; Fu Xiao - Hong Kong Polytechnic University",,"0000-0002-3779-3943; 0000-0002-9684-590X"
"Implications of urban settings for the design of photovoltaic and conventional façades",10.1016/j.solener.2008.06.007,"Solar Energy",2009-01-01,1,journal-article,"Elsevier BV","Geun Young Yun - University of Cambridge; Koen Steemers - University of Cambridge",,"0000-0001-8135-158X; 0000-0002-9868-8776"
"Life cycle cost analysis of energy efficiency design options for refrigerators in Brazil",10.1007/s12053-008-9034-6,"Energy Efficiency",2008-12-15,4,journal-article,"Springer Nature","Edson Adriano Vendrusculo - Universidade Estadual de Campinas (UNICAMP); Gilberto De Martino Jannuzzi - Universidade Estadual de Campinas (UNICAMP); Herculano Xavier da Silva Júnior - Universidade Estadual de Campinas (UNICAMP); José Antenor Pomílio - Universidade Estadual de Campinas (UNICAMP)",,
"Demonstration projects for grid-connection issues in Japan",10.1007/s00502-008-0594-0,"e & i Elektrotechnik und Informationstechnik",2008-12-01,2,journal-article,"Springer Nature","Satoshi Morozumi - New Energy and Industrial Technology Development Organization; Hirofumi Nakama - New Energy and Industrial Technology Development Organization; Natsuki Inoue - New Energy and Industrial Technology Development Organization",,"0000-0002-6794-3885; 0000-0002-7997-9834"
"Application of model predictive control to the BSM1 benchmark of wastewater treatment process",10.1016/j.compchemeng.2008.01.009,"Computers & Chemical Engineering",2008-12-01,4,journal-article,"Elsevier BV","Wenhao Shen - South China University of Technology; Xiaoquan Chen - South China University of Technology; Jean‐Pierre Corriou - Centre National de la Recherche Scientifique; Jean‐Pierre Corriou - Université de Lorraine; Jean‐Pierre Corriou - Laboratoire de Génie Chimique",,
"Enabling technologies for industrial energy demand management",10.1016/j.enpol.2008.09.028,"Energy Policy",2008-12-01,3,journal-article,"Elsevier BV","Caroline H Dyer - University of Bath; Geoffrey P Hammond - University of Bath; Craig I Jones - University of Bath; Russell McKenna - University of Bath",,
"Desalination of underground brackish waters using an electrodialysis system powered directly by photovoltaic energy",10.1016/j.solmat.2008.07.020,"Solar Energy Materials and Solar Cells",2008-12-01,1,journal-article,"Elsevier BV","Juan Manuel Ortiz - University of Alicante; E Expósito - University of Alicante; F Gallud - University of Alicante; Vicente García-García - University of Alicante; Vicente Montiel - University of Alicante; A Aldaz - University of Alicante",,"0000-0002-0945-0003; 0000-0002-5823-493X; 0000-0003-2353-2993"
"Enabling science and technology for marine renewable energy",10.1016/j.enpol.2008.09.035,"Energy Policy",2008-12-01,5,journal-article,"Elsevier BV","Markus Mueller - UK Energy Research Centre; Markus Mueller - University of Edinburgh; Robin Wallace - UK Energy Research Centre; Robin Wallace - University of Edinburgh",,0000-0003-4859-3215
"Power-Efficient Impedance-Modulation Wireless Data Links for Biomedical Implants",10.1109/tbcas.2008.2005295,"IEEE Transactions on Biomedical Circuits and Systems",2008-12-01,1,journal-article,"Institute of Electrical and Electronics Engineers (IEEE)","Soumyajit Mandal - Massachusetts Institute of Technology; Rahul Sarpeshkar - Massachusetts Institute of Technology",,"0000-0002-1739-2931; 0000-0002-5975-0004"
"How to change attitudes and behaviours in the context of energy",10.1016/j.enpol.2008.09.031,"Energy Policy",2008-12-01,19,journal-article,"Elsevier BV","Susan Owens - University of Cambridge; Louise Driffill - University of Cambridge",,
"Energy efficiency, security of supply and the environment in South Africa: Moving beyond the strategy documents",10.1016/j.energy.2008.08.003,Energy,2008-11-01,4,journal-article,"Elsevier BV","A.B Sebitosi - University of Cape Town",,
"Autonomous efficiency improvement or income elasticity of energy demand: Does it matter?",10.1016/j.eneco.2008.04.004,"Energy Economics",2008-11-01,27,journal-article,"Elsevier BV","Mort Webster - Joint Global Change Research Institute; Sergey Paltsev - Joint Global Change Research Institute; John Reilly - Joint Global Change Research Institute",,
"Key policy considerations for facilitating low carbon technology transfer to developing countries",10.1016/j.enpol.2008.06.019,"Energy Policy",2008-11-01,42,journal-article,"Elsevier BV","David Ockwell - University of Sussex; David Ockwell - Tyndall Centre; Jim Watson - University of Sussex; Jim Watson - Tyndall Centre; Gordon MacKerron - University of Sussex; Prosanto Pal - Energy and Resources Institute; Farhana Yamin - University of Sussex; Farhana Yamin - Institute of Development Studies",,
"Spatial insolation models for photovoltaic energy in Canada",10.1016/j.solener.2008.04.008,"Solar Energy",2008-11-01,2,journal-article,"Elsevier BV","Daniel W McKenney - Canadian Forest Service; Sophie Pelland - Natural Resources Canada; Yves Poissant - Natural Resources Canada; Robert J Morris - Environment and Climate Change Canada; Michael F Hutchinson - Australian National University; Pia Papadopol - Canadian Forest Service; Kevin Lawrence - Canadian Forest Service; K Campbell - Canadian Forest Service",,
"Towards modelling of construction, renovation and demolition activities: Norway's dwelling stock, 1900–2100",10.1080/09613210802184312,"Building Research & Information",2008-10-01,5,journal-article,"Informa UK Limited","Igor Sartori - Norwegian University of Science and Technology; Håvard Bergsdal - Norwegian University of Science and Technology; Daniel B Müller - Norwegian University of Science and Technology; Helge Brattebø - Norwegian University of Science and Technology",,
"Evaluation and analysis method for natural gas hydrate storage and transportation processes",10.1016/j.enconman.2008.05.016,"Energy Conversion and Management",2008-10-01,1,journal-article,"Elsevier BV","Wenfeng Hao - Guangzhou Institute of Energy Conversion; Wenfeng Hao - Chinese Academy of Sciences; Wenfeng Hao - Shenyang Institute of Engineering; Wenfeng Hao - Dalian University; Wenfeng Hao - Dalian University of Technology; Jinqu Wang - Dalian University; Jinqu Wang - Dalian University of Technology; Shuanshi Fan - Guangzhou Institute of Energy Conversion; Shuanshi Fan - Chinese Academy of Sciences; Wenbin Hao - Shenyang Institute of Engineering",,"0000-0001-6738-4991; 0000-0002-2227-7620"
"A simulation platform for computing energy consumption and emissions in transportation networks",10.1016/j.trd.2008.07.006,"Transportation Research Part D: Transport and Environment",2008-10-01,1,journal-article,"Elsevier BV","Cristián E Cortés - University of Chile; Luis Vargas - University of Chile; Roberto M Corvalán - University of Chile",,"0000-0001-6539-1768; 0000-0001-7041-4602"
"Energy and exergy analysis of hydrogen production by a proton exchange membrane (PEM) electrolyzer plant",10.1016/j.enconman.2008.03.018,"Energy Conversion and Management",2008-10-01,3,journal-article,"Elsevier BV","Meng Ni - University of Hong Kong; Michael K.H Leung - University of Hong Kong; Dennis Y.C Leung - University of Hong Kong",,
"Attitudes as an Expression of Knowledge and “Political Anchoring”: The Case of Nuclear Power in the United Kingdom",10.1111/j.1539-6924.2008.01094.x,"Risk Analysis",2008-10-01,3,journal-article,Wiley,"Joan Costa‐Font - London School of Economics and Political Science; Caroline Rudisill - London School of Economics and Political Science; Elías Mossialos - London School of Economics and Political Science",,
"Integrating renewable energy sources into European grids",10.1016/j.ijepes.2008.04.010,"International Journal of Electrical Power & Energy Systems",2008-10-01,3,journal-article,"Elsevier BV","T.J Hammons - University of Glasgow",,
"Assessing the energy vulnerability: Case of industrialised countries",10.1016/j.enpol.2008.07.004,"Energy Policy",2008-10-01,11,journal-article,"Elsevier BV","Edgard Gnansounou - École Polytechnique Fédérale de Lausanne",,
"Hydrogen production by steam-gasification of carbonaceous materials using concentrated solar energy – V. Reactor modeling, optimization, and scale-up",10.1016/j.ijhydene.2008.07.047,"International Journal of Hydrogen Energy",2008-10-01,2,journal-article,"Elsevier BV","A Z’Graggen - ETH Zurich; Aldo Steinfeld - ETH Zurich; Aldo Steinfeld - Paul Scherrer Institute",,0000-0001-7797-686X
"The Status and Constraints of Solar Photovoltaic Energy Development in Tanzania",10.1080/15567240701421807,"Energy Sources, Part B: Economics, Planning, and Policy",2008-09-30,3,journal-article,"Informa UK Limited",,,
"Electricity demand loads modeling using AutoRegressive Moving Average (ARMA) models",10.1016/j.energy.2008.05.008,Energy,2008-09-01,1,journal-article,"Elsevier BV","Stylianos Sp Pappas - University of the Aegean; Lambros Ekonomou - School of Pedagogical and Technological Education; D.C Karamousantas - Technological Educational Institute of Peloponnese; George E Chatzarakis - School of Pedagogical and Technological Education; Sokratis Katsikas - University of Piraeus; Panos Liatsis - University of London",,"0000-0001-8211-7322; 0000-0002-0477-1895; 0000-0002-5490-6030; 0000-0003-0354-5762; 0000-0003-2966-9683"
"Hydrogen energy potential of Nepal",10.1016/j.ijhydene.2008.04.056,"International Journal of Hydrogen Energy",2008-08-01,1,journal-article,"Elsevier BV","B B Ale - Tribhuvan University; B B Ale - Institute of Engineering; Sudhir Shrestha - Western Michigan University",,0000-0003-0074-2197
"Annual electricity consumption forecasting by neural network in high energy consuming industrial sectors",10.1016/j.enconman.2008.01.035,"Energy Conversion and Management",2008-08-01,1,journal-article,"Elsevier BV","A Azadeh - University of Tehran; S.F Ghaderi - University of Tehran; S Sohrabkhani - University of Tehran",,0000-0002-1685-3257
"Security-Constrained Unit Commitment With Volatile Wind Power Generation",10.1109/tpwrs.2008.926719,"IEEE Transactions on Power Systems",2008-08-01,1,journal-article,"Institute of Electrical and Electronics Engineers (IEEE)","Jianhui Wang - Illinois Institute of Technology; Mohammad Shahidehpour - Illinois Institute of Technology; Zuyi Li - Illinois Institute of Technology",,"0000-0002-7172-487X; 0000-0002-8994-1688; 0000-0002-9716-3484"
"Sequential input selection algorithm for long-term prediction of time series",10.1016/j.neucom.2007.11.037,Neurocomputing,2008-08-01,2,journal-article,"Elsevier BV","Jarkko Tikka - Helsinki Institute for Information Technology; Jaakko Hollmén - Helsinki Institute for Information Technology",,
"Statistical Analysis of Wind Power Forecast Error",10.1109/tpwrs.2008.922526,"IEEE Transactions on Power Systems",2008-08-01,2,journal-article,"Institute of Electrical and Electronics Engineers (IEEE)","Hans Bludszuweit - Universidad de Zaragoza; José A Domínguez‐Navarro - Universidad de Zaragoza; A Llombart - Universidad de Zaragoza",,"0000-0001-6350-4474; 0000-0002-3441-7133; 0000-0002-4770-0069"
"Re-contextualizing the notion of comfort",10.1080/09613210802076328,"Building Research & Information",2008-08-01,3,journal-article,"Informa UK Limited","Raymond J Cole - University of British Columbia; John Robinson - University of British Columbia; Zosia Brown - University of British Columbia; Meg O’Shea - University of British Columbia",,"0000-0003-4559-5565; 0009-0007-4171-3866"
"Distribution of costs induced by the integration of RES-E power",10.1016/j.enpol.2008.03.039,"Energy Policy",2008-08-01,5,journal-article,"Elsevier BV","Rüdiger Barth - University of Stuttgart; Christoph Weber - University of Duisburg-Essen; Derk J Swider - University of Stuttgart",,
"Analyzing the Impact of Climate Change on Future Electricity Demand in Thailand",10.1109/tpwrs.2008.922254,"IEEE Transactions on Power Systems",2008-08-01,3,journal-article,"Institute of Electrical and Electronics Engineers (IEEE)","S Parkpoom - University of Edinburgh; Gareth Harrison - University of Edinburgh",,
"Global Cooling: Electricity Peak-shaving Techniques to Offset Climate Change",10.1080/01998590809509384,"Energy Engineering",2008-07-01,1,journal-article,"Informa UK Limited",,,
"Green house gases emissions in the production and use of ethanol from sugarcane in Brazil: The 2005/2006 averages and a prediction for 2020",10.1016/j.biombioe.2007.12.006,"Biomass and Bioenergy",2008-07-01,95,journal-article,"Elsevier BV","Isaías C Macedo - Universidade Estadual de Campinas (UNICAMP); Joaquim E A Seabra - Universidade Estadual de Campinas (UNICAMP); João Eduardo Azevedo Ramos da Silva - Sugarcane Research Center (Brazil)",,
"Using Standard Deviation as a Measure of Increased Operational Reserve Requirement for Wind Power",10.1260/0309-524x.32.4.355,"Wind Engineering",2008-06-01,2,journal-article,"SAGE Publications","Hannele Holttinen - VTT Technical Research Centre of Finland; Michael Milligan - National Laboratory of the Rockies; Tom Acker - Northern Arizona University; Viktoria Neimane - Vattenfall (Sweden); Tom Molinski - Manitoba Hydro",,
"Estimating the impacts of climate change and urbanization on building performance",10.1080/19401490802182079,"Journal of Building Performance Simulation",2008-06-01,1,journal-article,"Informa UK Limited","D.B Crawley - United States Department of Energy",,0000-0002-2899-9288
"Improvement of energy demand forecasts using swarm intelligence: The case of Turkey with projections to 2025",10.1016/j.enpol.2008.02.018,"Energy Policy",2008-06-01,1,journal-article,"Elsevier BV",,,
"Creating the Dataset for the Western Wind and Solar Integration Study (U.S.A.)",10.1260/0309-524x.32.4.325,"Wind Engineering",2008-06-01,3,journal-article,"SAGE Publications","D Lew - National Laboratory of the Rockies; Jim McCaa - Whittier College; Eric P Grimit - Fatigue Technology (United States)",,0000-0003-1260-2394
"Applying water cooled air conditioners in residential buildings in Hong Kong",10.1016/j.enconman.2007.12.024,"Energy Conversion and Management",2008-06-01,3,journal-article,"Elsevier BV","Hua Chen - Hong Kong Polytechnic University; W.L Lee - Hong Kong Polytechnic University; F.W.H Yik - Hong Kong Polytechnic University",,"0000-0001-5669-2809; 0000-0002-9634-9105"
"Assessing the outdoor operating temperature of photovoltaic modules",10.1002/pip.813,"Progress in Photovoltaics: Research and Applications",2008-06-01,4,journal-article,Wiley,"D Faiman - Ben-Gurion University of the Negev",,
"Cost development of future technologies for power generation—A study based on experience curves and complementary bottom-up assessments",10.1016/j.enpol.2008.02.029,"Energy Policy",2008-06-01,54,journal-article,"Elsevier BV","Lena Neij - Research Institute of Industrial Economics; Lena Neij - Lund University",,
"Wave pressure acting on a seawave slot-cone generator",10.1016/j.coastaleng.2008.02.011,"Coastal Engineering",2008-06-01,1,journal-article,"Elsevier BV","Peter Frigaard - Aalborg University",,0000-0002-0063-7453
"Improving the prediction of UK domestic energy-demand using annual consumption-data",10.1016/j.apenergy.2007.09.004,"Applied Energy",2008-06-01,4,journal-article,"Elsevier BV","Keith Baker - De Montfort University; R.M Rylatt - De Montfort University",,0000-0002-0422-4007
"Towards a low-carbon future in China's building sector—A review of energy and climate models forecast",10.1016/j.enpol.2008.01.029,"Energy Policy",2008-05-01,7,journal-article,"Elsevier BV","Jun Li - École Nationale Supérieure des Mines de Paris",,
"Electricity demand for Sri Lanka: A time series analysis",10.1016/j.energy.2007.12.008,Energy,2008-05-01,3,journal-article,"Elsevier BV","Himanshu A Amarawickrama - University of Surrey; Himanshu A Amarawickrama - Ernst & Young (United Kingdom); L K Hunt - University of Surrey",,0000-0001-9162-2371
"Modeling and forecasting energy consumption in China: Implications for Chinese energy demand and imports in 2020",10.1016/j.eneco.2007.02.010,"Energy Economics",2008-05-01,8,journal-article,"Elsevier BV","F Gérard Adams - Northeastern University; F Gérard Adams - University of Pennsylvania; Yochanan Shachmurove - City College of New York",,
"Univariate modeling and forecasting of monthly energy demand time series using abductive and neural networks",10.1016/j.cie.2007.10.020,"Computers & Industrial Engineering",2008-05-01,1,journal-article,"Elsevier BV","R.E Abdel-Aal - King Fahd University of Petroleum and Minerals",,
"Screening of Oil Pools on Alaskan North Slope and Phase Behavior Study of Viscous Oil and CO<sub>2</sub> System in Conjunction with CO<sub>2</sub> Sequestration",10.1080/10916460701824490,"Petroleum Science and Technology",2008-04-15,1,journal-article,"Informa UK Limited","Shirish Patil - University of Alaska Fairbanks; Abhijit Dandekar - University of Alaska Fairbanks",,"0000-0001-8115-5167; 0000-0002-0131-4912"
"Adaptive mixed-integer programming unit commitment strategy for determining the value of forecasting",10.1016/j.apenergy.2007.07.007,"Applied Energy",2008-04-01,1,journal-article,"Elsevier BV","Erik Delarue - KU Leuven; William D’haeseleer - KU Leuven",,"0000-0002-4972-147X; 0000-0003-1798-1274"
"Comparison of neural network, conditional demand analysis, and engineering approaches for modeling end-use energy consumption in the residential sector",10.1016/j.apenergy.2006.09.012,"Applied Energy",2008-04-01,1,journal-article,"Elsevier BV","Merih Aydınalp Köksal - Hacettepe University; V Ismet Ugursal - Dalhousie University",,0000-0003-4201-6898
"Collector efficiency improvement of recyclic double-pass sheet-and-tube solar water heaters with internal fins attached",10.1016/j.renene.2007.04.002,"Renewable Energy",2008-04-01,1,journal-article,"Elsevier BV","Chii‐Dong Ho - Tamkang University; T.C Chen - Tamkang University",,0000-0001-6943-2563
"New processes for the production of solar-grade polycrystalline silicon: A review",10.1016/j.solmat.2007.10.003,"Solar Energy Materials and Solar Cells",2008-04-01,2,journal-article,"Elsevier BV","Antonio Braga - Universidade Estadual de Campinas (UNICAMP); S.P Moreira - Universidade Estadual de Campinas (UNICAMP); Paulo Roberto Zampieri - Universidade Estadual de Campinas (UNICAMP); J.M.G Bacchin - Universidade Estadual de Campinas (UNICAMP); Paulo Roberto Mei - Universidade Estadual de Campinas (UNICAMP)",,0000-0002-6150-9674
"Life cycle analysis of UK coal fired power plants",10.1016/j.enconman.2007.06.014,"Energy Conversion and Management",2008-02-01,7,journal-article,"Elsevier BV","Naser A Odeh - University of Reading; Tim Cockerill - University of Reading",,
"An econometric study on long-term energy outlook and the implications of renewable energy utilization in Malaysia",10.1016/j.enpol.2007.11.003,"Energy Policy",2008-02-01,2,journal-article,"Elsevier BV","Peck Yean Gan - Nagaoka University of Technology; Zhidong Li - Nagaoka University of Technology",,0000-0002-3683-8724
"Coal and sustainable energy supply challenges and barriers",10.1016/j.enpol.2007.10.013,"Energy Policy",2008-02-01,1,journal-article,"Elsevier BV","K Kavouridis - Technical University of Crete; Nikolaos Koukouzas - Centre for Research and Technology Hellas",,0000-0002-7094-3712
"The methodology for aerodynamic study on a small domestic wind turbine with scoop",10.1016/j.jweia.2007.03.004,"Journal of Wind Engineering and Industrial Aerodynamics",2008-01-01,1,journal-article,"Elsevier BV","Fan Wang - University Ucinf; l bai - Heriot-Watt University",,0000-0003-0020-1470
"Comparison between detailed model simulation and artificial neural network for forecasting building energy consumption",10.1016/j.enbuild.2008.06.013,"Energy and Buildings",2008-01-01,2,journal-article,"Elsevier BV","Alberto Hernandez Neto - Universidade de São Paulo; Flávio Augusto Sanzovo Fiorelli - Universidade de São Paulo",,
"Use of Simulink to evaluate the air-quality and energy performance of HRV-equipped residences in Fairbanks, Alaska",10.1016/j.enbuild.2008.02.007,"Energy and Buildings",2008-01-01,1,journal-article,"Elsevier BV","Tom Marsik - University of Alaska Fairbanks; Ron Johnson - University of Alaska Fairbanks",,
"An applied artificial intelligence approach towards assessing building performance simulation tools",10.1016/j.enbuild.2007.04.014,"Energy and Buildings",2008-01-01,1,journal-article,"Elsevier BV","Abraham Yezioro - Technion – Israel Institute of Technology; Bing Dong - Carnegie Mellon University",,"0000-0003-1603-9738; 0000-0003-3392-7921"
"An innovation and policy agenda for commercially competitive plug-in hybrid electric vehicles",10.1088/1748-9326/3/1/014003,"Environmental Research Letters",2008-01-01,4,journal-article,"IOP Publishing","Derek Lemoine - University of California, Berkeley; Daniel M Kammen - University of California, Berkeley; Alexander E Farrell - University of California, Berkeley",,
"Potential of emerging glazing technologies for highly glazed buildings in hot arid climates",10.1016/j.enbuild.2007.05.006,"Energy and Buildings",2008-01-01,1,journal-article,"Elsevier BV","A.S Bahaj - University of Southampton; P.A.B James - University of Southampton; M.F Jentsch - University of Southampton",,"0000-0002-0043-6045; 0000-0002-2694-7054; 0000-0002-8687-8353"
"Energy-savings predictions for building-equipment retrofits",10.1016/j.enbuild.2008.06.008,"Energy and Buildings",2008-01-01,1,journal-article,"Elsevier BV",,,
"A novel Brayton cycle with the integration of liquid hydrogen cryogenic exergy utilization",10.1016/j.ijhydene.2007.08.006,"International Journal of Hydrogen Energy",2008-01-01,3,journal-article,"Elsevier BV","Na Zhang - Institute of Engineering Thermophysics; Na Zhang - Chinese Academy of Sciences; Noam Lior - University of Pennsylvania",,
"Energy use and thermal comfort in a rammed earth office building",10.1016/j.enbuild.2007.05.013,"Energy and Buildings",2008-01-01,2,journal-article,"Elsevier BV","Peter A Taylor - Charles Sturt University; Robert J Fuller - Deakin University; Mark Luther - Deakin University",,"0000-0001-5929-6051; 0000-0002-2668-4880; 0000-0002-9677-7636"
"Economic analysis of solar distillation of ethanol",10.1080/01430750.2008.9675050,"International Journal of Ambient Energy",2008-01-01,1,journal-article,"Informa UK Limited","C Meghan Starbuck - New Mexico State University; Christopher A Erickson - New Mexico State University",,
"Wind turbine power and sound in relation to atmospheric stability",10.1002/we.240,"Wind Energy",2008-01-01,6,journal-article,Wiley,"Frits van den Berg - University of Groningen",,0000-0003-3998-1056
"Load prediction method for heat and electricity demand in buildings for the purpose of planning for mixed energy distribution systems",10.1016/j.enbuild.2007.10.014,"Energy and Buildings",2008-01-01,1,journal-article,"Elsevier BV","L Pedersen - Norwegian University of Science and Technology; Jacob Stang - SINTEF; Rolf Ulseth - Norwegian University of Science and Technology",,
"Building energy simulation using multi-years and typical meteorological years in different climates",10.1016/j.enconman.2007.05.004,"Energy Conversion and Management",2008-01-01,2,journal-article,"Elsevier BV","Liu Yang - Xi'an University of Architecture and Technology; Joseph C Lam - City University of Hong Kong; Jiaping Liu - Xi'an University of Architecture and Technology; C.L Tsang - City University of Hong Kong",,"0000-0001-7707-2510; 0000-0003-0308-7642"
"On the production of hydrogen via alkaline electrolysis during off-peak periods",10.1016/j.ijhydene.2007.07.033,"International Journal of Hydrogen Energy",2007-12-01,2,journal-article,"Elsevier BV","P Le Floch - Direction des Energies; P Le Floch - Commissariat à l'Énergie Atomique et aux Énergies Alternatives; Sophie Gabriel - Direction des Energies; Sophie Gabriel - Commissariat à l'Énergie Atomique et aux Énergies Alternatives; Christine Mansilla - Direction des Energies; Christine Mansilla - Commissariat à l'Énergie Atomique et aux Énergies Alternatives; F Werkoff - Direction des Energies; F Werkoff - Commissariat à l'Énergie Atomique et aux Énergies Alternatives",,
"Models and Metrics to Enable Energy-Efficiency Optimizations",10.1109/mc.2007.436,Computer,2007-12-01,1,journal-article,"Institute of Electrical and Electronics Engineers (IEEE)","Suzanne Rivoire - Stanford University; Mehul A Shah - Stanford University; Mehul A Shah - Hewlett-Packard (United States); Parthasarathy Ranganathan - Hewlett-Packard (United States); Christos Kozyrakis - Stanford University; Justin Meza - University of California, Los Angeles",,"0000-0002-0312-0388; 0000-0002-3154-7530; 0000-0002-5660-4626; 0000-0002-9751-5902"
"Field study on occupants’ thermal comfort and residential thermal environment in a hot-humid climate of China",10.1016/j.buildenv.2006.06.028,"Building and Environment",2007-12-01,1,journal-article,"Elsevier BV","Jie Han - Hunan University; Guoqiang Zhang - Hunan University; Quan Zhang - Hunan University; Jinwen Zhang - Hunan University; Jianlong Liu - Hunan University; Liwei Tian - Hunan University; Cong Zheng - Hunan University; Junhong Hao - China Architecture Design & Research Group (China); Jianping Lin - China Architecture Design & Research Group (China); Yanhui Liu - China Architecture Design & Research Group (China); Demetrios J Moschandreas - Hunan University; Demetrios J Moschandreas - Illinois Institute of Technology",,"0000-0001-5408-9934; 0000-0001-8161-153X; 0000-0001-8828-114X; 0000-0002-0195-4880; 0000-0002-5100-1391; 0000-0002-9626-7038; 0000-0003-1904-8656; 0000-0003-3781-6874"
"Transmission-Constrained Residual Demand Derivative in Electricity Markets",10.1109/tpwrs.2007.907511,"IEEE Transactions on Power Systems",2007-11-01,3,journal-article,"Institute of Electrical and Electronics Engineers (IEEE)","Lin Xu - The University of Texas at Austin; Ross Baldick - The University of Texas at Austin",,
"Predicting future UK housing stock and carbon emissions",10.1016/j.enpol.2007.05.034,"Energy Policy",2007-11-01,2,journal-article,"Elsevier BV","Sukumar Natarajan - University of Bath; G.J Levermore - University of Manchester",,"0000-0001-5723-8309; 0000-0001-5831-1678"
"Biofuels in the energy transition beyond peak oil.A macroscopic study of energy demand in the Stockholm transport system 2030",10.1016/j.energy.2007.05.006,Energy,2007-11-01,2,journal-article,"Elsevier BV","Markus Robèrt - KTH Royal Institute of Technology; Peter Hultén - KTH Royal Institute of Technology; Björn Frostell - KTH Royal Institute of Technology",,0000-0003-0685-5360
"Multizone Airflow Modeling in Buildings: History and Theory",10.1080/10789669.2007.10391462,"HVAC&R Research",2007-11-01,1,journal-article,"Informa UK Limited","James W Axley - Yale University",,
"Is the choice of renewable portfolio standards random?",10.1016/j.enpol.2007.06.010,"Energy Policy",2007-11-01,3,journal-article,"Elsevier BV","Huang Ming-Yuan - University of Florida; Janaki R.R Alavalapati - University of Florida; Douglas R Carter - University of Florida; Matthew Langholtz - University of Florida",,0000-0002-8153-7154
"Estimation of residential electricity demand function in Seoul by correction for sample selection bias",10.1016/j.enpol.2007.06.009,"Energy Policy",2007-11-01,4,journal-article,"Elsevier BV","Seung‐Hoon Yoo - Korea University; Joo Suk Lee - Korea University; Seung-Jun Kwak - Korea University",,
"Zonal Modeling for Simulating Indoor Environment of Buildings: Review, Recent Developments, and Applications",10.1080/10789669.2007.10391461,"HVAC&R Research",2007-11-01,1,journal-article,"Informa UK Limited","Ahmed Megri - Illinois Institute of Technology; Fariborz Haghighat - Concordia University",,"0000-0002-6880-5548; 0000-0003-2869-7308"
"Energy consumption and projected growth in selected Caribbean countries",10.1016/j.eneco.2007.01.009,"Energy Economics",2007-11-01,6,journal-article,"Elsevier BV","Brian Francis - University of the West Indies; L L Moseley - University of the West Indies; Sunday Osaretin Iyare - University of the West Indies",,0000-0002-1414-6583
"Short-Term Load Forecasting Methods: An Evaluation Based on European Data",10.1109/tpwrs.2007.907583,"IEEE Transactions on Power Systems",2007-11-01,3,journal-article,"Institute of Electrical and Electronics Engineers (IEEE)","James W Taylor - University of Oxford; Patrick McSharry - University of Oxford",,
"A numerical model for thermoelectric generator with the parallel-plate heat exchanger",10.1016/j.jpowsour.2007.07.045,"Journal of Power Sources",2007-10-01,1,journal-article,"Elsevier BV","Jianlin Yu - Xi'an Jiaotong University; Zhao Hua - Xi'an Jiaotong University",,0009-0006-7553-9459
"Energy management in Lucknow city",10.1016/j.enpol.2007.04.018,"Energy Policy",2007-10-01,1,journal-article,"Elsevier BV","Hina Zia - Indian Institute of Technology Roorkee; V Devadas - Indian Institute of Technology Roorkee",,"0000-0002-6577-5697; 0000-0003-3523-255X"
"A Review of the International Experience with Integrating Wind Energy Generation",10.1016/j.tej.2007.08.002,"The Electricity Journal",2007-10-01,3,journal-article,"Elsevier BV",,,
"Wave energy potential in the Baltic Sea and the Danish part of the North Sea, with reflections on the Skagerrak",10.1016/j.renene.2006.10.006,"Renewable Energy",2007-10-01,2,journal-article,"Elsevier BV","Urban Henfridsson - Vattenfall (Sweden); Viktoria Neimane - Vattenfall (Sweden); Kerstin Strand - Vattenfall (Sweden); Robert Kapper - Vattenfall (Sweden); Hans Bernhoff - Uppsala University; Oskar Danielsson - Uppsala University; Mats Leijon - Uppsala University; Jan Sundberg - Uppsala University; Karin Thorburn - Uppsala University; Ellerth Ericsson - Vattenfall (Sweden); Karl Bergman - Vattenfall (Sweden)",,
"Integrated gasification gas combined cycle plant with membrane reactors: Technological and economical analysis",10.1016/j.enconman.2007.04.023,"Energy Conversion and Management",2007-10-01,1,journal-article,"Elsevier BV","Mario Amelio - University of Calabria; Pietropaolo Morrone - University of Calabria; Fausto Gallucci - University of Calabria; Fausto Gallucci - Institute on Membrane Technology; Angelo Basile - Institute on Membrane Technology; Angelo Basile - University of Calabria",,"0000-0001-6379-773X; 0000-0002-6917-8136; 0000-0002-9896-0899; 0000-0003-0761-7161"
"Methodology for long-term prediction of time series",10.1016/j.neucom.2006.06.015,Neurocomputing,2007-10-01,2,journal-article,"Elsevier BV",,,
"Modelling changes to electricity demand load duration curves as a consequence of predicted climate change for Australia",10.1016/j.energy.2006.12.005,Energy,2007-09-01,3,journal-article,"Elsevier BV","Marcus Thatcher - CSIRO Oceans and Atmosphere",,0000-0003-4139-5515
"Predicting electricity energy consumption: A comparison of regression analysis, decision tree and neural networks",10.1016/j.energy.2006.11.010,Energy,2007-09-01,5,journal-article,"Elsevier BV","Kwok Fai Tso - City University of Hong Kong; Kelvin K.W Yau - City University of Hong Kong",,
"Evaluation of city-scale impact of residential energy conservation measures using the detailed end-use simulation model",10.1016/j.energy.2007.01.007,Energy,2007-09-01,5,journal-article,"Elsevier BV","Yoshiyuki Shimoda - The University of Osaka; Takahiro Asahi - The University of Osaka; Ayako Taniguchi - The University of Osaka; Minoru Mizuno - The University of Osaka",,0000-0002-4487-0089
"Grey prediction with rolling mechanism for electricity demand forecasting of Turkey",10.1016/j.energy.2006.11.014,Energy,2007-09-01,1,journal-article,"Elsevier BV","Diyar Akay - Gazi University; Mehmet Atak - Gazi University",,"0000-0002-3215-0236; 0000-0002-4373-5192"
"Distributed energy resources market diffusion model",10.1016/j.enpol.2007.03.005,"Energy Policy",2007-09-01,1,journal-article,"Elsevier BV","Karl Magnus Maribu - Norwegian University of Science and Technology; Ryan Firestone - Lawrence Berkeley National Laboratory; Chris Marnay - Lawrence Berkeley National Laboratory; Afzal S Siddiqui - University College London",,
"Two-wheeled motor vehicle technology in India: Evolution, prospects and issues",10.1016/j.enpol.2007.02.001,"Energy Policy",2007-08-01,3,journal-article,"Elsevier BV","Madhav G Badami - McGill University",,0000-0001-9322-4844
"Measured and predicted energy demand of a low energy building: important aspects when using Building Energy Simulation",10.1177/0143624407077393,"Building Services Engineering Research and Technology",2007-08-01,3,journal-article,"SAGE Publications","K F Karlsson - Linköping University; Patrik Rohdin - Linköping University; Malin Persson - Uppsala University",,
"Hybrid modeling of industrial energy consumption and greenhouse gas emissions with an application to Canada",10.1016/j.eneco.2007.01.006,"Energy Economics",2007-07-01,5,journal-article,"Elsevier BV","Rose Murphy - Simon Fraser University; Nic Rivers - Simon Fraser University; Mark Jaccard - Simon Fraser University",,"0000-0001-6643-853X; 0000-0002-3594-5464"
"Electricity demand in Kazakhstan",10.1016/j.enpol.2007.01.005,"Energy Policy",2007-07-01,6,journal-article,"Elsevier BV","Zauresh Atakhanova - Mount Royal University; Zauresh Atakhanova - Royal College of Physicians and Surgeons of Canada; Peter Howie - Royal College of Physicians and Surgeons of Canada; Peter Howie - Mount Royal University",,
"Cashew Nut Shells Pyrolysis:  Individual Gas Evolution Rates and Yields",10.1021/ef0604792,"Energy & Fuels",2007-07-01,1,journal-article,"American Chemical Society (ACS)","Alberto Júlio Tsamba - KTH Royal Institute of Technology; Alberto Júlio Tsamba - Advanced Fuel Research (United States); Weihong Yang - Advanced Fuel Research (United States); Weihong Yang - KTH Royal Institute of Technology; Włodzimierz Blasiak - Advanced Fuel Research (United States); Włodzimierz Blasiak - KTH Royal Institute of Technology; Marek A Wójtowicz - Advanced Fuel Research (United States); Marek A Wójtowicz - KTH Royal Institute of Technology",,"0000-0002-0036-1485; 0000-0002-1837-5439; 0000-0003-1951-2754"
"Control of inverter-based micro-grids",10.1016/j.epsr.2006.08.017,"Electric Power Systems Research",2007-07-01,1,journal-article,"Elsevier BV","T.C Green - Imperial College London; Milan Prodanović - Imperial College London",,"0000-0001-5500-9799; 0000-0003-3893-2439"
"Impact of wind generation on the operation and development of the UK electricity systems",10.1016/j.epsr.2006.08.014,"Electric Power Systems Research",2007-07-01,14,journal-article,"Elsevier BV","Goran Štrbac - Imperial College London; Anser Shakoor - Imperial College London; Danny Pudjianto - Imperial College London; Thomas Bopp - Siemens (Germany)",,
"Predictive analysis on electric-power supply and demand in China",10.1016/j.renene.2006.04.005,"Renewable Energy",2007-06-01,1,journal-article,"Elsevier BV","Min Huang - Zhejiang University; Yong He - Zhejiang University; Haiyan Cen - Zhejiang University",,"0000-0001-6752-1757; 0000-0002-2107-9227; 0000-0003-0266-2123"
"An approach for estimating the carbon emissions associated with office lighting with a daylight contribution",10.1016/j.apenergy.2007.02.002,"Applied Energy",2007-06-01,1,journal-article,"Elsevier BV","David Jenkins - Heriot-Watt University; M Newborough - Heriot-Watt University",,"0000-0002-2272-1322; 0000-0002-3288-108X"
"Estimation and prediction of black carbon emissions in Beijing City",10.1007/s11434-007-0162-8,"Chinese Science Bulletin",2007-05-01,1,journal-article,"Springer Nature","Yuan Liu - Peking University; Min Shao - Peking University",,"0000-0001-6518-4873; 0000-0002-1156-7673"
"Modeling framework for estimating impacts of climate change on electricity demand at regional level: Case of Greece",10.1016/j.enconman.2006.10.022,"Energy Conversion and Management",2007-05-01,17,journal-article,"Elsevier BV","S Mirasgedis - National Observatory of Athens; Yannis Sarafidis - National Observatory of Athens; Elena Georgopoulou - National Observatory of Athens; Vassiliki Kotroni - National Observatory of Athens; K Lagouvardos - National Observatory of Athens; D P Lalas - National Observatory of Athens",,
"Scenario planning for the electricity generation in Indonesia",10.1016/j.enpol.2006.08.015,"Energy Policy",2007-04-01,1,journal-article,"Elsevier BV","Chairani Rachmatullah - The University of Melbourne; Lu Aye - The University of Melbourne; R J Fuller - The University of Melbourne",,0000-0002-5495-1683
"Feedback Analysis and Design of RF Power Links for Low-Power Bionic Systems",10.1109/tbcas.2007.893180,"IEEE Transactions on Biomedical Circuits and Systems",2007-03-01,4,journal-article,"Institute of Electrical and Electronics Engineers (IEEE)","Michael W Baker - Massachusetts Institute of Technology; Rahul Sarpeshkar - Massachusetts Institute of Technology",,
"Dynamic simulation of a WWTP operated at low dissolved oxygen condition by integrating activated sludge model and a floc model",10.1016/j.bej.2006.10.021,"Biochemical Engineering Journal",2007-03-01,1,journal-article,"Elsevier BV","Chuang Wang - Institute of High Performance Computing; Chuang Wang - Singapore Science Park; Yingzhi Zeng - Institute of High Performance Computing; Yingzhi Zeng - Singapore Science Park; Jing Lou - Institute of High Performance Computing; Jing Lou - Singapore Science Park; Ping Wu - Singapore Science Park; Ping Wu - Institute of High Performance Computing",,"0000-0001-5849-9519; 0000-0002-3696-2856; 0000-0003-0806-903X"
"Computational Fluid Dynamics Modeling of a Bench-scale Pump−Mixer:  Head, Power and Residence Time Distribution",10.1021/ie061102m,"Industrial & Engineering Chemistry Research",2007-03-01,1,journal-article,"American Chemical Society (ACS)",,,
"Modelling car ownership in Great Britain",10.1016/j.tra.2006.09.013,"Transportation Research Part A: Policy and Practice",2007-03-01,9,journal-article,"Elsevier BV","Gerard Whelan - University of Leeds",,
"Impacts of Wind Power on Thermal Generation Unit Commitment and Dispatch",10.1109/tec.2006.889616,"IEEE Transactions on Energy Conversion",2007-03-01,1,journal-article,"Institute of Electrical and Electronics Engineers (IEEE)","B.C Ummels - Delft University of Technology; Madeleine Gibescu - Delft University of Technology; E Pelgrum - Tennet (Netherlands); W.L Kling - Delft University of Technology; W.L Kling - Eindhoven University of Technology; A.J Brand - Energy Research Centre of the Netherlands",,"0000-0002-4420-8538; 0009-0004-3883-8973"
"An empirical analysis of electricity consumption in Cyprus",10.1016/j.eneco.2006.05.002,"Energy Economics",2007-03-01,5,journal-article,"Elsevier BV","Theodoros Zachariadis - University of Cyprus; Nicoletta Pashourtidou - University of Cyprus",,0000-0002-9452-3018
"ARIMA forecasting of primary energy demand by fuel in Turkey",10.1016/j.enpol.2006.05.009,"Energy Policy",2007-03-01,1,journal-article,"Elsevier BV","Volkan Ş Ediger - Çevre, Şehircilik ve İklim Değişikliği Bakanlığı; Sertaç Akar - Middle East Technical University",,
"Electricity rationing and public response",10.1016/j.eneco.2006.06.003,"Energy Economics",2007-03-01,3,journal-article,"Elsevier BV","Leonardo Rocha Souza - United Nations; Lacir Jorge Soares - State University of Norte Fluminense",,
"Value of Bulk Energy Storage for Managing Wind Power Fluctuations",10.1109/tec.2006.889619,"IEEE Transactions on Energy Conversion",2007-03-01,4,journal-article,"Institute of Electrical and Electronics Engineers (IEEE)","Goran Štrbac - Imperial College London",,
"New external convective heat transfer coefficient correlations for isolated low-rise buildings",10.1016/j.enbuild.2006.08.001,"Energy and Buildings",2007-03-01,8,journal-article,"Elsevier BV","Marcelo G Emmel - Pontifícia Universidade Católica do Paraná; Marc Abadie - La Rochelle Université; Marc Abadie - Pontifícia Universidade Católica do Paraná; Nathan Mendes - Pontifícia Universidade Católica do Paraná",,
"Strategic Analysis of Electricity Markets Under Uncertainty: A Conjectured-Price-Response Approach",10.1109/tpwrs.2006.887890,"IEEE Transactions on Power Systems",2007-02-01,1,journal-article,"Institute of Electrical and Electronics Engineers (IEEE)","Efraim Centeno - Universidad Pontificia Comillas; Javier Reneses - Universidad Pontificia Comillas; Julin Barquin - Universidad Pontificia Comillas",,"0000-0001-5919-491X; 0000-0002-0578-1067"
"The growth of income and energy consumption in six developing countries",10.1016/j.enpol.2006.01.021,"Energy Policy",2007-02-01,3,journal-article,"Elsevier BV","Ramazan Sarı - Bolu Abant İzzet Baysal University; Uğur Soytaş - Middle East Technical University",,"0000-0002-6143-289X; 0000-0002-8276-7648"
"Impacts of a renewable portfolio generation standard on US energy markets",10.1016/j.enpol.2006.03.002,"Energy Policy",2007-02-01,3,journal-article,"Elsevier BV","A.S Kydes - U.S. Energy Information Administration; A.S Kydes - United States Department of Energy",,
"A Dynamic Analysis of a Demand Curve-Based Capacity Market Proposal: The PJM Reliability Pricing Model",10.1109/tpwrs.2006.887954,"IEEE Transactions on Power Systems",2007-02-01,6,journal-article,"Institute of Electrical and Electronics Engineers (IEEE)","Benjamin F Hobbs - Johns Hopkins University; Ming-Che Hu - Johns Hopkins University; Javier G Inon - Johns Hopkins University",,
"Distributed Intelligent Energy Management System for a Single-Phase High-Frequency AC Microgrid",10.1109/tie.2006.888766,"IEEE Transactions on Industrial Electronics",2007-02-01,1,journal-article,"Institute of Electrical and Electronics Engineers (IEEE)","Sudipta Chakraborty - Colorado School of Mines; Manoja D Weiss - Colorado School of Mines; Marcelo Godoy Simões - Colorado School of Mines",,"0000-0002-7894-0049; 0000-0003-4124-061X"
"Disaggregate energy consumption and industrial output in the United States",10.1016/j.enpol.2006.03.012,"Energy Policy",2007-02-01,2,journal-article,"Elsevier BV","Bradley T Ewing - Texas Tech University; Ramazan Sarı - Bolu Abant İzzet Baysal University; Uğur Soytaş - Middle East Technical University",,
"Urban energy generation: Influence of micro-wind turbine output on electricity consumption in buildings",10.1016/j.enbuild.2006.06.001,"Energy and Buildings",2007-02-01,1,journal-article,"Elsevier BV","A.S Bahaj - University of Southampton; L.E Myers - University of Southampton; P.A.B James - University of Southampton",,"0000-0002-0043-6045; 0000-0002-2694-7054"
"Energy doubling of 42 GeV electrons in a metre-scale plasma wakefield accelerator",10.1038/nature05538,Nature,2007-02-01,1,journal-article,"Springer Nature","I Blumenfeld - Menlo School; I Blumenfeld - SLAC National Accelerator Laboratory; Mark Hogan - SLAC National Accelerator Laboratory; Mark Hogan - Menlo School; Chengkun Huang - University of California, Los Angeles; Franz-Josef Decker - Menlo School; C E Clayton - University of California, Los Angeles; Franz-Josef Decker - SLAC National Accelerator Laboratory; W Lu - University of California, Los Angeles; K A Marsh - University of California, Los Angeles; W B Mori - University of California, Los Angeles; P Muggli - University of Southern California; Neil Kirby - SLAC National Accelerator Laboratory; R Ischebeck - Menlo School; R Ischebeck - SLAC National Accelerator Laboratory; R Iverson - SLAC National Accelerator Laboratory; R Iverson - Menlo School; Chandrashekhar Joshi - University of California, Los Angeles; T Katsouleas - University of Southern California; Neil Kirby - Menlo School; E Öz - University of Southern California; R Siemann - SLAC National Accelerator Laboratory; R Siemann - Menlo School; D Walz - SLAC National Accelerator Laboratory; D Walz - Menlo School; Miaomiao Zhou - University of California, Los Angeles",,"0000-0001-9669-8519; 0000-0002-3176-8042; 0000-0002-3674-5632; 0000-0002-5435-3130; 0000-0002-5609-2341; 0000-0002-5612-5828; 0000-0002-6394-5082; 0000-0003-0107-7803"
"Optimal hydrogen storage sizing for wind power plants in day ahead electricity market",10.1049/iet-rpg:20070040,"IET Renewable Power Generation",2007-01-01,2,journal-article,"Institution of Engineering and Technology (IET)","C Brunetto - University of Catania; Giuseppe Marco Tina - University of Catania",,0000-0003-3896-1838
"An Integration of ANN Wind Power Estimation Into Unit Commitment Considering the Forecasting Uncertainty",10.1109/tia.2007.908203,"IEEE Transactions on Industry Applications",2007-01-01,1,journal-article,"Institute of Electrical and Electronics Engineers (IEEE)","C Yingvivatanapong - Nexant (United States); Wei‐Jen Lee - Renewable Energy Systems (United States)",,0000-0001-7774-468X
"Detecting, categorizing and forecasting large ramps in wind farm power output using meteorological observations and WPPT",10.1002/we.235,"Wind Energy",2007-01-01,1,journal-article,Wiley,"Nicholas J Cutler - UNSW Sydney; Merlinde Kay - UNSW Sydney; Kieran Jacka - Hydro Tasmania; Torben Skov Nielsen - Technical University of Denmark",,0000-0002-6003-2034
"The use of boron for thermochemical storage and distribution of solar energy",10.1016/j.solener.2006.06.012,"Solar Energy",2007-01-01,1,journal-article,"Elsevier BV","Tareq Abu-Hamed - Weizmann Institute of Science; Jacob Karni - Weizmann Institute of Science; Michael Epstein - Weizmann Institute of Science",,
"Floating power-generating unit with a KLT-40S reactor system for desalinating sea water",10.1007/s10512-007-0004-4,"Atomic Energy",2007-01-01,4,journal-article,"Springer Nature",,,
"An energy benchmarking model based on artificial neural network method utilizing US Commercial Buildings Energy Consumption Survey (CBECS) database",10.1002/er.1232,"International Journal of Energy Research",2007-01-01,1,journal-article,"Hindawi Limited","U Aytun Öztürk - Hawaii Pacific University",,
"The London Heat Island and building cooling design",10.1016/j.solener.2006.06.005,"Solar Energy",2007-01-01,4,journal-article,"Elsevier BV","Maria Kolokotroni - Brunel University of London; Yuepeng Zhang - Brunel University of London; Richard Watkins - Brunel University of London",,"0000-0003-3071-9510; 0000-0003-4478-1868; 0009-0009-7923-2173"
"Transition to a sustainable urban energy system from a long-term perspective: Case study in a Japanese business district",10.1016/j.enbuild.2006.03.031,"Energy and Buildings",2007-01-01,1,journal-article,"Elsevier BV","Yohei Yamaguchi - The University of Osaka; Yoshiyuki Shimoda - The University of Osaka; Minoru Mizuno - The University of Osaka",,"0000-0001-6794-5939; 0000-0002-4487-0089"
"Reducing energy consumption in road transport through hybrid vehicles: investigation of rebound effects, and possible effects of tax rebates",10.1016/j.jclepro.2006.05.025,"Journal of Cleaner Production",2007-01-01,10,journal-article,"Elsevier BV","Peter Haan - ETH Zurich; Anja Peters - ETH Zurich; Roland W Scholz - ETH Zurich",,
"An econometric analysis of energy consumption in Nepal",10.1016/j.enpol.2005.11.004,"Energy Policy",2007-01-01,3,journal-article,"Elsevier BV","Shaligram Pokharel - Nanyang Technological University",,
"Non-parametric probabilistic forecasts of wind power: required properties and evaluation",10.1002/we.230,"Wind Energy",2007-01-01,2,journal-article,Wiley,"Pierre Pinson - Technical University of Denmark; Henrik Aa Nielsen - Technical University of Denmark; Jan Kloppenborg Møller - Technical University of Denmark; Henrik Madsen - Technical University of Denmark; Georges Kariniotakis - École Nationale Supérieure des Mines de Paris",,"0000-0002-1480-0282; 0000-0002-5261-0172; 0000-0002-6100-043X; 0000-0003-0690-3713"
"Characteristics of the UK wind resource: Long-term patterns and relationship to electricity demand",10.1016/j.enpol.2005.10.003,"Energy Policy",2007-01-01,16,journal-article,"Elsevier BV","Graham Sinden - University of Oxford",,
"The Importance of Human Productivity to Air-Conditioning Control in Office Environments",10.1080/10789669.2007.10390941,"HVAC&R Research",2007-01-01,1,journal-article,"Informa UK Limited","Albert So - City University of Hong Kong",,0000-0002-3185-0724
"Wireless capsule endoscopy: from diagnostic devices to multipurpose robotic systems",10.1007/s10544-006-9025-3,"Biomedical Microdevices",2006-12-12,1,journal-article,"Springer Nature","Andrea Moglia - Scuola Superiore Sant'Anna; Arianna Menciassi - Scuola Superiore Sant'Anna; Paolo Dario - Scuola Superiore Sant'Anna",,"0000-0001-6348-1081; 0000-0001-9489-0056; 0000-0002-3365-580X"
"An evaluation of errors in US energy forecasts: 1982–2003",10.1016/j.enpol.2005.07.018,"Energy Policy",2006-12-01,5,journal-article,"Elsevier BV","James J Winebrake - Rochester Institute of Technology; Denys Sakva - Rochester Institute of Technology",,
"Short- and long-run effects between oil consumption and economic growth in China",10.1016/j.enpol.2005.08.009,"Energy Policy",2006-12-01,1,journal-article,"Elsevier BV",,,
"Modelling sheltering effects of trees on reducing space heating in office buildings in a windy city",10.1016/j.enbuild.2006.03.028,"Energy and Buildings",2006-12-01,1,journal-article,"Elsevier BV","Fan Wang - Heriot-Watt University",,0000-0003-0020-1470
"Energy models for commercial energy prediction and substitution of renewable energy sources",10.1016/j.enpol.2004.11.017,"Energy Policy",2006-11-01,1,journal-article,"Elsevier BV","S Iniyan - Anna University, Chennai; L Suganthi - Anna University, Chennai; Anand A Samuel - Vellore Institute of Technology University",,"0000-0002-0525-3811; 0000-0002-2913-4999"
"A trigonometric grey prediction approach to forecasting electricity demand",10.1016/j.energy.2005.12.002,Energy,2006-11-01,1,journal-article,"Elsevier BV","Peng Zhou - National University of Singapore; B.W Ang - National University of Singapore; Kim Leng Poh - National University of Singapore",,"0000-0003-2974-8090; 0000-0003-4726-3054"
"Use of artificial neural networks for transport energy demand modeling",10.1016/j.enpol.2005.02.010,"Energy Policy",2006-11-01,1,journal-article,"Elsevier BV","Yetiş Şazi Murat - Pamukkale University; Halim Ceylan - Pamukkale University",,"0000-0002-4616-5439; 0000-0002-7033-7026"
"Scenario for growth of electricity in India",10.1016/j.enpol.2005.04.021,"Energy Policy",2006-11-01,7,journal-article,"Elsevier BV","R.B Grover - Department of Atomic Energy; Subhash Chandra - Department of Atomic Energy",,
"Study on design of molten salt solar receivers for beam-down solar concentrator",10.1016/j.solener.2006.03.002,"Solar Energy",2006-10-01,1,journal-article,"Elsevier BV","Hiroshi Hasuike - Institute of Applied Energy; Yoshio Yoshizawa - Institute of Science Tokyo; Akio Suzuki - Institute of Science Tokyo; Yutaka Tamaura - Institute of Science Tokyo",,0000-0002-7093-6897
"Empirical prediction method of transmission heat loss in hot water plumbing",10.1016/j.enbuild.2006.02.008,"Energy and Buildings",2006-10-01,1,journal-article,"Elsevier BV","Cheng-Li Cheng - National Taiwan University of Science and Technology; Meng-Chieh Lee - National Taiwan University of Science and Technology; Yen-Hsun Lin - National Taiwan University of Science and Technology",,"0000-0001-7911-7591; 0000-0002-5336-8648; 0000-0002-8163-6849"
"Solar gas turbine systems: Design, cost and perspectives",10.1016/j.solener.2005.09.007,"Solar Energy",2006-10-01,2,journal-article,"Elsevier BV","Peter Schwarzbözl - Deutsches Zentrum für Luft- und Raumfahrt e. V. (DLR); Reiner Buck - Deutsches Zentrum für Luft- und Raumfahrt e. V. (DLR); Ma Jesús Marcos Crespo - Centro de Investigaciones Energéticas, Medioambientales y Tecnológicas",,"0000-0001-9339-7884; 0000-0002-3821-9409"
"Comparing linear and nonlinear forecasts for Taiwan's electricity consumption",10.1016/j.energy.2005.08.010,Energy,2006-09-01,2,journal-article,"Elsevier BV","Hsiao-Tien Pao - National Yang Ming Chiao Tung University",,0000-0001-7412-5947
"Operation Planning of Hydrogen Storage Connected to Wind Power Operating in a Power Market",10.1109/tec.2006.878245,"IEEE Transactions on Energy Conversion",2006-09-01,2,journal-article,"Institute of Electrical and Electronics Engineers (IEEE)","Magnus Korpås - Norwegian University of Science and Technology; A.T Holen - Norwegian University of Science and Technology",,
"Developing sustainable energy policies for electrical energy conservation in Saudi Arabia",10.1016/j.enpol.2004.11.013,"Energy Policy",2006-09-01,6,journal-article,"Elsevier BV","Saleh Ahmad Alajlan - King Abdulaziz City for Science and Technology; A.M Al-Ibrahim - King Abdulaziz City for Science and Technology",,
"Impact of micro-combined heat-and-power systems on energy flows in the UK electricity supply industry",10.1016/j.energy.2005.10.012,Energy,2006-09-01,1,journal-article,"Elsevier BV","A Peacock - Heriot-Watt University; M Newborough - Heriot-Watt University",,"0000-0002-3288-108X; 0000-0003-4171-5689"
"Comparison of sodium and lead-cooled fast reactors regarding reactor physics aspects, severe safety and economical issues",10.1016/j.nucengdes.2006.04.019,"Nuclear Engineering and Design",2006-08-01,1,journal-article,"Elsevier BV","K Tuček - Joint Research Centre; Johan Carlsson - Joint Research Centre; H.U Wider - Joint Research Centre",,
"Non-linear predictive control of a vapour compression cycle",10.1016/j.ijrefrig.2005.12.005,"International Journal of Refrigeration",2006-08-01,1,journal-article,"Elsevier BV",,,
"Hydrogen Production via Steam Reforming of the Aqueous Phase of Bio-Oil in a Fixed Bed Reactor",10.1021/ef060083q,"Energy & Fuels",2006-07-07,2,journal-article,"American Chemical Society (ACS)","Panagiotis N Kechagiopoulos - Aristotle University of Thessaloniki; Panagiotis N Kechagiopoulos - Centre for Research and Technology Hellas; Spyros Voutetakis - Centre for Research and Technology Hellas; Spyros Voutetakis - Aristotle University of Thessaloniki; Angeliki A Lemonidou - Aristotle University of Thessaloniki; Angeliki A Lemonidou - Centre for Research and Technology Hellas; I.A Vasalos - Centre for Research and Technology Hellas; I.A Vasalos - Aristotle University of Thessaloniki",,"0000-0001-8376-0678; 0000-0001-9212-1712; 0000-0002-4575-694X"
"Cargo Transport by Sea and Road - Technical and Economical Environmental Factors",10.1111/j.1559-3584.2006.tb00468.x,"Naval Engineers Journal",2006-07-01,1,journal-article,Wiley,,,
"Implementation and Validation of Ground-Source Heat Pump System Models in an Integrated Building and System Simulation Environment",10.1080/10789669.2006.10391201,"HVAC&R Research",2006-07-01,1,journal-article,"Informa UK Limited","Simon Rees - De Montfort University; Sankaranarayanan Padhmanabhan - Oklahoma State University; A Murugappan - Deutsche Telekom (Singapore)",,0000-0003-4869-1632
"Energy-efficient terrace houses in Sweden",10.1016/j.enbuild.2005.10.005,"Energy and Buildings",2006-06-01,8,journal-article,"Elsevier BV","Maria Wall - Lund University",,
"Sensitivity Analysis of Optimal Building Thermal Mass Control",10.1115/1.2770755,"Journal of Solar Energy Engineering",2006-05-19,1,journal-article,"ASME International","Gregor P Henze - University of Nebraska–Lincoln; Thoi H Le - Fraunhofer Institute for Solar Energy Systems; Anthony Florita - University of Nebraska–Lincoln; Clemens Felsmann - Technische Universität Dresden",,"0000-0002-4084-9709; 0000-0002-8998-6106"
"Expectations for renewable energy under market restructuring: the U.S. experience",10.1016/j.energy.2005.02.014,Energy,2006-05-01,3,journal-article,"Elsevier BV","Michael K Heiman - Dickinson College",,
"The potential biomass for energy production in the Czech Republic",10.1016/j.biombioe.2005.11.020,"Biomass and Bioenergy",2006-05-01,9,journal-article,"Elsevier BV","Iris Lewandowski - Utrecht University; Jan Weger - Landscape Research Institute; A van Hooijdonk - Utrecht University; Kamila Havlíčková - Landscape Research Institute; J van Dam - Utrecht University; André Faaij - Utrecht University",,
"Reductions in emissions of local air pollutants and co-benefits of Chinese energy policy: a Shanghai case study",10.1016/j.enpol.2004.07.007,"Energy Policy",2006-04-01,1,journal-article,"Elsevier BV","Changhong Chen - Shanghai Academy of Environmental Sciences; Wang Bing-yan - Shanghai Academy of Environmental Sciences; Qingyan Fu - Shanghai Academy of Environmental Sciences; Collin Green - National Laboratory of the Rockies; David G Streets - Argonne National Laboratory",,"0000-0002-0223-1350; 0000-0003-1307-3869; 0000-0003-2192-5654; 0009-0004-9846-3114"
"Gas Turbine Film Cooling",10.2514/1.18034,"Journal of Propulsion and Power",2006-03-01,2,journal-article,"American Institute of Aeronautics and Astronautics (AIAA)","David G Bogard - The University of Texas at Austin; Karen A Thole - Virginia Tech",,0000-0003-0795-8724
"An alternative viewpoint on the forecasting of energy-related <mml:math altimg=""si1.gif"" overflow=""scroll"" xmlns:xocs=""http://www.elsevier.com/xml/xocs/dtd"" xmlns:xs=""http://www.w3.org/2001/XMLSchema"" xmlns:xsi=""http://www.w3.org/2001/XMLSchema-instance"" xmlns=""http://www.elsevier.com/xml/ja/dtd"" xmlns:ja=""http://www.elsevier.com/xml/ja/dtd"" xmlns:mml=""http://www.w3.org/1998/Math/MathML"" xmlns:tb=""http://www.elsevier.com/xml/common/table/dtd"" xmlns:sb=""http://www.elsevier.com/xml/common/struct-bib/dtd"" xmlns:ce=""http://www.elsevier.com/xml/common/dtd"" xmlns:xlink=""http://www.w3.org/1999/xlink"" xmlns:cals=""http://www.elsevier.com/xml/common/cals/dtd""><mml:mrow><mml:msub><mml:mrow><mml:mrow><mml:mi mathvariant=""normal"">CO</mml:mi></mml:mrow></mml:mrow><mml:mrow><mml:mrow><mml:mn>2</mml:mn></mml:mrow></mml:mrow></mml:msub></mml:mrow></mml:math> emissions in the OECD countries",10.1016/j.enpol.2004.06.013,"Energy Policy",2006-03-01,2,journal-article,"Elsevier BV",,,
"Wind Generation, Power System Operation, and Emissions Reduction",10.1109/tpwrs.2005.857845,"IEEE Transactions on Power Systems",2006-02-01,4,journal-article,"Institute of Electrical and Electronics Engineers (IEEE)","Eleanor Denny - University College Dublin; Mark O’Malley - University College Dublin",,"0000-0001-5147-3308; 0000-0002-7875-6022"
"Models for mid-term electricity demand forecasting incorporating weather influences",10.1016/j.energy.2005.02.016,Energy,2006-02-01,3,journal-article,"Elsevier BV","S Mirasgedis - National Observatory of Athens; Yannis Sarafidis - National Observatory of Athens; Elena Georgopoulou - National Observatory of Athens; D P Lalas - National Observatory of Athens; M MOSCHOVITS - Public Power Corporation (Greece); F.E Karagiannis - Public Power Corporation (Greece); D PAPAKONSTANTINOU - Public Power Corporation (Greece)",,
"Thermodynamics of RNA-RNA binding",10.1093/bioinformatics/btl024,Bioinformatics,2006-01-29,1,journal-article,"Oxford University Press (OUP)","Ulrike Mückstein - University of Vienna; Hakim Tafer - University of Vienna; Jörg Hackermüller - Fraunhofer Institute for Cell Therapy and Immunology; Stephan Wolf - University of Vienna; Peter F Stadler - Leipzig University; Peter F Stadler - Santa Fe Institute; Peter F Stadler - University of Vienna; Ivo L Hofacker - University of Vienna",,
"The potential for greenhouse gases mitigation in household sector of Iran: cases of price reform/efficiency improvement and scenario for 2000–2010",10.1016/j.enpol.2004.06.001,"Energy Policy",2006-01-01,3,journal-article,"Elsevier BV","Hamid Davoudpour - Amirkabir University of Technology",,
"Predicting price spikes in electricity markets using a regime-switching model with time-varying parameters",10.1016/j.eneco.2005.09.008,"Energy Economics",2006-01-01,3,journal-article,"Elsevier BV","Timothy D Mount - Cornell University; Yumei Ning - Cornell University; Xiaobin Cai - Cornell University",,
"Price dynamics among U.S. electricity spot markets",10.1016/j.eneco.2005.09.009,"Energy Economics",2006-01-01,13,journal-article,"Elsevier BV","Haesun Park - Agricultural & Applied Economics Association; Haesun Park - Texas A&M University; James W Mjelde - Agricultural & Applied Economics Association; James W Mjelde - Texas A&M University; David A Bessler - Agricultural & Applied Economics Association; David A Bessler - Texas A&M University",,
"Energy intensity in transition economies: Is there convergence towards the EU average?",10.1016/j.eneco.2005.10.005,"Energy Economics",2006-01-01,29,journal-article,"Elsevier BV","Anil Markandya - Fondazione Eni Enrico Mattei; Suzette Pedroso-Galinato - World Bank; Dalia Štreimikienė - Lithuanian Energy Institute",,
"Seven Centuries of Energy Services: The Price and Use of Light in the United Kingdom (1300-2000)",10.5547/issn0195-6574-ej-vol27-no1-8,"The Energy Journal",2006-01-01,36,journal-article,"International Association for Energy Economics (IAEE)","Roger Fouquet - University of the South Pacific; Roger Fouquet - Imperial College London; Peter J G Pearson - University of the South Pacific; Peter J G Pearson - Imperial College London",,
"A semi-parametric time series approach in modeling hourly electricity loads",10.1002/for.1006,"Journal of Forecasting",2006-01-01,4,journal-article,Wiley,"Jun Liu - Georgia Southern University; Rong Chen - Peking University; Rong Chen - University of Illinois Chicago; Lon‐Mu Liu - University of Illinois Chicago",,
"Electric power required in the world by 2050 with hydrogen fuel production—Revised",10.1016/j.ijhydene.2005.04.003,"International Journal of Hydrogen Energy",2005-12-01,2,journal-article,"Elsevier BV","P Kruger - Stanford University",,
"Standardizing the Performance Evaluation of Short-Term Wind Power Prediction Models",10.1260/030952405776234599,"Wind Engineering",2005-12-01,3,journal-article,"SAGE Publications","Henrik Madsen - Technical University of Denmark; Pierre Pinson - École Nationale Supérieure des Mines de Paris; Georges Kariniotakis - École Nationale Supérieure des Mines de Paris; Henrik Aa Nielsen - Technical University of Denmark; Torben Skov Nielsen - Technical University of Denmark",,"0000-0002-1480-0282; 0000-0002-5261-0172; 0000-0003-0690-3713"
"Impacts of the North Atlantic Oscillation on Scandinavian Hydropower Production and Energy Markets",10.1007/s11269-005-3279-z,"Water Resources Management",2005-12-01,2,journal-article,"Springer Nature","Jessie Ellen Cherry - Lamont-Doherty Earth Observatory; Jessie Ellen Cherry - Columbia University; Heidi Cullen - Georgia Institute of Technology; Martin Visbeck - Lamont-Doherty Earth Observatory; Martin Visbeck - Columbia University; Arthur A Small - Columbia University; Cíntia Bertacchi Uvo - Lund University",,"0000-0002-0844-834X; 0000-0002-6976-2631; 0000-0002-8497-0295; 0000-0002-9533-7225"
"Analyzing the Impact of Weather Variables on Monthly Electricity Demand",10.1109/tpwrs.2005.857397,"IEEE Transactions on Power Systems",2005-11-01,2,journal-article,"Institute of Electrical and Electronics Engineers (IEEE)","Ching-Lai Hor - Loughborough University; Simon Watson - Loughborough University; Shanti Majithia - National Grid (United States)",,0000-0001-6694-3149
"Climate change impacts on building heating and cooling energy demand in Switzerland",10.1016/j.enbuild.2005.06.019,"Energy and Buildings",2005-11-01,14,journal-article,"Elsevier BV","Th Frank - Swiss Federal Laboratories for Materials Science and Technology",,
"Performance assessment of fuel cell micro-cogeneration systems for residential buildings",10.1016/j.enbuild.2005.06.016,"Energy and Buildings",2005-11-01,6,journal-article,"Elsevier BV","Viktor Dorer - Swiss Federal Laboratories for Materials Science and Technology; Robert Weber - Swiss Federal Laboratories for Materials Science and Technology; Andreas Weber⋆ - Swiss Federal Laboratories for Materials Science and Technology",,
"Optimal electricity market for wind power",10.1016/j.enpol.2004.04.001,"Energy Policy",2005-11-01,8,journal-article,"Elsevier BV","Hannele Holttinen - VTT Technical Research Centre of Finland",,
"Robust Self-Scheduling Under Price Uncertainty Using Conditional Value-at-Risk",10.1109/tpwrs.2005.856952,"IEEE Transactions on Power Systems",2005-11-01,1,journal-article,"Institute of Electrical and Electronics Engineers (IEEE)","Rabih A Jabr - Notre Dame University – Louaize",,0000-0003-2794-9753
"Hydrogen and electricity production from a food processing wastewater using fermentation and microbial fuel cell technologies",10.1016/j.watres.2005.09.019,"Water Research",2005-11-01,2,journal-article,"Elsevier BV","Sang‐Eun Oh - Pennsylvania State University; Bruce E Logan - Pennsylvania State University",,"0000-0001-5784-0199; 0000-0001-7478-8070"
"Support vector machines with simulated annealing algorithms in electricity load forecasting",10.1016/j.enconman.2005.02.004,"Energy Conversion and Management",2005-10-01,2,journal-article,"Elsevier BV","Ping‐Feng Pai - National Chi Nan University; Wei‐Chiang Hong - Dayeh University",,"0000-0002-3001-2921; 0000-0002-4020-3326"
"Techno-economic evaluation of small hydro power plants in Greece: a complete sensitivity analysis",10.1016/j.enpol.2004.03.018,"Energy Policy",2005-10-01,7,journal-article,"Elsevier BV","J.K Kaldellis - Technological Educational Institute of Piraeus; D.S Vlachou - Technological Educational Institute of Piraeus; G Korbakis - Technological Educational Institute of Piraeus",,
"Simulated electrical power potential harnessed by marine current turbine arrays in the Alderney Race",10.1016/j.renene.2005.02.008,"Renewable Energy",2005-09-01,1,journal-article,"Elsevier BV","L.E Myers - University of Southampton; A.S Bahaj - University of Southampton",,0000-0002-0043-6045
"Energy demand and environmental taxes: the case of Greece",10.1016/j.enpol.2004.02.013,"Energy Policy",2005-09-01,1,journal-article,"Elsevier BV","Vassilis T Rapanos - Athens University of Economics and Business; Vassilis T Rapanos - National and Kapodistrian University of Athens; Michael Polemis - Athens University of Economics and Business; Michael Polemis - National and Kapodistrian University of Athens",,
"Assessment of the Cost Associated With Wind Generation Prediction Errors in a Liberalized Electricity Market",10.1109/tpwrs.2005.852148,"IEEE Transactions on Power Systems",2005-08-01,1,journal-article,"Institute of Electrical and Electronics Engineers (IEEE)","Alessandro Fabbri - University of Bologna; Alessandro Fabbri - Universidad Pontificia Comillas; Tomás Gómez San Román - Universidad Pontificia Comillas; J RivierAbbad - Universidad Pontificia Comillas; V.H MendezQuezada - Universidad Pontificia Comillas",,
"CFD study on effect of the air supply location on the performance of the displacement ventilation system",10.1016/j.buildenv.2004.09.003,"Building and Environment",2005-08-01,1,journal-article,"Elsevier BV","Zhang Lin - City University of Hong Kong; T.T Chow - City University of Hong Kong; Christopher Tsang - City University of Hong Kong; K.F Fong - City University of Hong Kong; A.L.S Chan - City University of Hong Kong",,"0000-0001-7981-5234; 0000-0002-2149-6741; 0000-0002-6746-3494; 0000-0002-7122-2925; 0000-0002-9680-8121"
"Primary energy demand in Japan: an empirical analysis of long-term trends and future CO2 emissions",10.1016/j.enpol.2003.12.019,"Energy Policy",2005-07-01,10,journal-article,"Elsevier BV","Lester C Hunt - University of Surrey; Yasushi Ninomiya - Institute for Global Environmental Strategies",,
"Forecasting electricity consumption in New Zealand using economic and demographic variables",10.1016/j.energy.2004.08.012,Energy,2005-07-01,2,journal-article,"Elsevier BV","Zaid Mohamed - University of Canterbury; P.S Bodger - University of Canterbury",,
"Implementing building energy codes in Hong Kong: energy savings, environmental impacts and cost",10.1016/j.enbuild.2004.09.018,"Energy and Buildings",2005-06-01,3,journal-article,"Elsevier BV","Andy Chan - University of Hong Kong; Victor C H Yeung - University of Hong Kong",,0000-0003-2267-4949
"Using energy scenarios to explore alternative energy pathways in California",10.1016/j.enpol.2003.11.011,"Energy Policy",2005-06-01,10,journal-article,"Elsevier BV","Rebecca Ghanadan - University of California, Berkeley; Jonathan Koomey - Lawrence Berkeley National Laboratory; Jonathan Koomey - Stanford University",,
"A method of formulating energy load profile for domestic buildings in the UK",10.1016/j.enbuild.2004.09.007,"Energy and Buildings",2005-06-01,7,journal-article,"Elsevier BV","Runming Yao - University of Cambridge; Koen Steemers - University of Cambridge",,"0000-0001-8135-158X; 0000-0003-4269-7224"
"A New Approach to Quantify Reserve Demand in Systems With Significant Installed Wind Capacity",10.1109/tpwrs.2005.846206,"IEEE Transactions on Power Systems",2005-05-01,7,journal-article,"Institute of Electrical and Electronics Engineers (IEEE)","R E Doherty - University College Dublin; Mark O’Malley - University College Dublin",,
"Accuracy of past projections of US energy consumption",10.1016/j.enpol.2003.10.020,"Energy Policy",2005-05-01,5,journal-article,"Elsevier BV","Brian C O’Neill - Brown University; Brian C O’Neill - International Institute for Applied Systems Analysis; Mausami Desai - Brown University",,0000-0001-7505-8897
"Symbiosis of the double skin façade with the HVAC system",10.1016/j.enbuild.2004.08.007,"Energy and Buildings",2005-05-01,1,journal-article,"Elsevier BV","W.J Stec - Delft University of Technology; A.H.C van Paassen - Delft University of Technology",,
"Rotor Condition Monitoring for Improved Operational Safety of Offshore Wind Energy Converters",10.1115/1.1850485,"Journal of Solar Energy Engineering",2005-04-25,2,journal-article,"ASME International",,,
"Are the annual relative variation rates of energy consumption approximate in different cities with the same shading coefficient?",10.1016/j.buildenv.2004.06.010,"Building and Environment",2005-04-01,1,journal-article,"Elsevier BV","Long Enshen - Chongqing University; Jinhua Chen - Chongqing University",,0000-0003-0209-8913
"The potential of simplified concepts for daylight harvesting",10.1191/1365782805li127oa,"Lighting Research & Technology",2005-03-01,1,journal-article,"SAGE Publications","RP Leslie - Rensselaer Polytechnic Institute; Ramesh Raghavan - Rensselaer Polytechnic Institute; OA Howlett - Pacific Oaks College; Charles Eaton - Rensselaer Polytechnic Institute",,0000-0002-8186-3611
"Challenges and design choices in nanoscale CMOS",10.1145/1063803.1063805,"ACM Journal on Emerging Technologies in Computing Systems",2005-03-01,1,journal-article,"Association for Computing Machinery (ACM)","S Narendra - Oregon Medical Research Center",,
"Useful daylight illuminance: a new paradigm for assessing daylight in buildings",10.1191/1365782805li128oa,"Lighting Research & Technology",2005-03-01,4,journal-article,"SAGE Publications","Azza Nabil - De Montfort University; John Mardaljevic - De Montfort University",,0000-0002-1606-9489
"Coal cleaning: a viable strategy for reduced carbon emissions and improved environment in China?",10.1016/j.enpol.2003.08.019,"Energy Policy",2005-03-01,5,journal-article,"Elsevier BV","Solveig Glomsrød - Statistics Norway; Taoyuan Wei - National Bureau of Statistics of China",,
"Natural gas in Brazil's energy matrix: demand for 1995–2010 and usage factors",10.1016/j.enpol.2003.08.006,"Energy Policy",2005-02-01,1,journal-article,"Elsevier BV","Elton Fernandes - Universidade Federal do Rio de Janeiro; Marcus Vinícius de Araújo Fonseca - Universidade Federal do Rio de Janeiro; Paulo Sergio R Alonso - Universidade Federal do Rio de Janeiro",,"0000-0001-6177-1966; 0000-0001-9340-8547; 0000-0001-9544-5106"
"A holistic utility bill analysis method for baselining whole commercial building energy consumption in Singapore",10.1016/j.enbuild.2004.06.011,"Energy and Buildings",2005-02-01,1,journal-article,"Elsevier BV","Bing Dong - National University of Singapore; Siew Eang Lee - National University of Singapore; Majid Haji Sapar - National University of Singapore",,"0000-0003-1603-9738; 0000-0003-2683-1075"
"A review of nuclear fuel performance codes",10.1016/j.pnucene.2005.01.004,"Progress in Nuclear Energy",2005-01-01,4,journal-article,"Elsevier BV","Hikmet Ş Aybar - Eastern Mediterranean University",,
"Effect of Various In-furnace Conditions on Blast Furnace Hearth Drainage",10.2355/isijinternational.45.1496,"ISIJ International",2005-01-01,1,journal-article,"Iron and Steel Institute of Japan","Koki NISHOKA - Kyushu University; Koki NISHOKA - Division of Materials Science and Engineering; Takayuki Maeda - Kyushu University; Takayuki Maeda - Division of Materials Science and Engineering; Masakata Shimizu - Kyushu University; Masakata Shimizu - Division of Materials Science and Engineering",,
"Unsteady Combined Heat and Moisture Transfer in Unsaturated Porous Soils",10.1615/jpormedia.v8.i5.70,"Journal of Porous Media",2005-01-01,1,journal-article,"Begell House","Nathan Mendes - Pontifícia Universidade Católica do Paraná; Gerson Henrique dos Santos - Pontifícia Universidade Católica do Paraná",,
"Modernisation of existing and new construction of power plants in Germany: results of an optimisation model",10.1016/j.eneco.2004.10.004,"Energy Economics",2005-01-01,3,journal-article,"Elsevier BV","Hans-Günter Schwarz - Friedrich-Alexander-Universität Erlangen-Nürnberg",,
"Global experience curves for wind farms",10.1016/s0301-4215(03)00205-2,"Energy Policy",2005-01-01,41,journal-article,"Elsevier BV","Martin Junginger - Utrecht University; André Faaij - Utrecht University; Wim Turkenburg - Utrecht University",,
"Simple tool to evaluate energy demand and indoor environment in the early stages of building design",10.1016/j.solener.2004.06.016,"Solar Energy",2005-01-01,1,journal-article,"Elsevier BV",,,
"Hourly wind power variations in the Nordic countries",10.1002/we.144,"Wind Energy",2005-01-01,18,journal-article,Wiley,"Hannele Holttinen - VTT Technical Research Centre of Finland",,
"Energy consumption in China: past trends and future directions",10.1016/j.eneco.2004.10.006,"Energy Economics",2005-01-01,14,journal-article,"Elsevier BV",,,
"In Situ Temperature Measurement of a Notebook Computer—A Case Study in Health and Usage Monitoring of Electronics",10.1109/tdmr.2004.838403,"IEEE Transactions on Device and Materials Reliability",2004-12-01,2,journal-article,"Institute of Electrical and Electronics Engineers (IEEE)","N Vichare - University of Maryland, College Park; Peter Rodgers - University of Maryland, College Park; Valérie Eveloy - University of Maryland, College Park; Michael Pecht - University of Maryland, College Park",,"0000-0002-4100-3596; 0000-0003-1126-8662; 0000-0003-3884-5781"
"Preliminary assessment of electricity costs for existing pulverized fuel plant retrofitted with an advanced supercritical boiler and turbine and solvent CO2 capture",10.1243/0957650042456935,"Proceedings of the Institution of Mechanical Engineers, Part A: Journal of Power and Energy",2004-11-01,2,journal-article,"SAGE Publications","Jon Gibbins - Imperial College London; Robert I Crane - Imperial College London",,0000-0003-0963-4555
"Power and energy management for server systems",10.1109/mc.2004.217,Computer,2004-11-01,1,journal-article,"Institute of Electrical and Electronics Engineers (IEEE)","Ricardo Bianchini - Rutgers, The State University of New Jersey; Ram Rajamony - IBM (United States)",,0000-0001-5971-5084
"Energy analysis of impulse technology: research-scale experimental papermaking trials and simulations of industrial applications",10.1016/j.applthermaleng.2004.03.002,"Applied Thermal Engineering",2004-11-01,1,journal-article,"Elsevier BV","Risto Talja - Metso (Finland); Sakari Kaijaluoto - VTT Technical Research Centre of Finland; Timo Puumalainen - VTT Technical Research Centre of Finland",,
"Applying district-cooling technology in Hong Kong",10.1016/j.apenergy.2004.01.002,"Applied Energy",2004-11-01,2,journal-article,"Elsevier BV","T.T Chow - City University of Hong Kong; A.L.S Chan - City University of Hong Kong; K.F Fong - City University of Hong Kong",,"0000-0002-2149-6741; 0000-0002-6746-3494; 0000-0002-7122-2925"
"Opportunity for inter-regional integration of electricity markets: the case of Shandong and Shanghai in East China",10.1016/s0301-4215(03)00164-2,"Energy Policy",2004-10-01,6,journal-article,"Elsevier BV","Edgard Gnansounou - École Polytechnique Fédérale de Lausanne; Jun Dong - École Polytechnique Fédérale de Lausanne",,0000-0002-1927-3506
"Modeling of the space and domestic hot-water heating energy-consumption in the residential sector using neural networks",10.1016/j.apenergy.2003.12.006,"Applied Energy",2004-10-01,4,journal-article,"Elsevier BV","Merih Aydınalp Köksal - Itron (United States); V Ismet Ugursal - University of Victoria; Alan S Fung - Dalhousie University",,
"Fuel cell modelling for building cogeneration applications",10.1016/j.jpowsour.2004.05.021,"Journal of Power Sources",2004-10-01,3,journal-article,"Elsevier BV","Alex Ferguson - Natural Resources Canada; V Ismet Ugursal - University of Victoria",,
"Importance of thermal effects and sea surface roughness for offshore wind resource assessment",10.1016/j.jweia.2004.05.005,"Journal of Wind Engineering and Industrial Aerodynamics",2004-09-01,2,journal-article,"Elsevier BV","Bernhard Lange - Carl von Ossietzky Universität Oldenburg; Søren Ejling Larsen - Nordic Laboratory for Luminescence Dating; Jørgen Højstrup - Nordic Laboratory for Luminescence Dating; R J Barthelmie - Nordic Laboratory for Luminescence Dating",,"0000-0002-4224-7568; 0000-0003-0403-6046; 0000-0003-2132-6379"
"Gasification process of Cuban bagasse in a two-stage reactor",10.1016/j.biombioe.2003.11.009,"Biomass and Bioenergy",2004-09-01,1,journal-article,"Elsevier BV","Paolo De Filippis - Sapienza University of Rome; Carlo Borgianni - Sapienza University of Rome; Martino Paolucci - Roma Tre University; F Pochetti - Sapienza University of Rome",,0000-0001-7107-3790
"On the Optimization of the Daily Operation of a Wind-Hydro Power Plant",10.1109/tpwrs.2004.831707,"IEEE Transactions on Power Systems",2004-08-01,4,journal-article,"Institute of Electrical and Electronics Engineers (IEEE)","Edgardo D Castronuovo - Institute for Systems Engineering and Computers; João Peças Lopes - Institute for Systems Engineering and Computers",,"0000-0001-7638-1522; 0000-0003-2292-4928"
"Optimal Investment Planning for Distributed Generation in a Competitive Electricity Market",10.1109/tpwrs.2004.831699,"IEEE Transactions on Power Systems",2004-08-01,3,journal-article,"Institute of Electrical and Electronics Engineers (IEEE)","Walid El‐Khattam - University of Waterloo; Kankar Bhattacharya - University of Waterloo; Y G Hegazy - University of Waterloo; M.M.A Salama - University of Waterloo",,"0000-0001-6916-8176; 0000-0002-3970-4844; 0000-0002-6357-7400"
"The effects of indoor air quality on performance and productivity",10.1111/j.1600-0668.2004.00278.x,"Indoor Air",2004-08-01,26,journal-article,Wiley,"David P Wyon - Technical University of Denmark",,
"Solar thermal utilization in China",10.1016/j.renene.2004.01.015,"Renewable Energy",2004-07-01,4,journal-article,"Elsevier BV","Chaofeng Xiao - Yunnan Normal University; Chaofeng Xiao - Energy Research Institute; Huilong Luo - Yunnan Normal University; Huilong Luo - Energy Research Institute; Runsheng Tang - Yunnan Normal University; Runsheng Tang - Energy Research Institute; Hao Zhong - Energy Research Institute; Hao Zhong - Yunnan Normal University",,
"Energy policy options—from the perspective of public attitudes and risk perceptions",10.1016/s0301-4215(03)00079-x,"Energy Policy",2004-07-01,15,journal-article,"Elsevier BV","Mattias Viklund - Stockholm School of Economics",,
"Image of energy consumption of well off society in China",10.1016/j.enconman.2003.09.005,"Energy Conversion and Management",2004-06-01,1,journal-article,"Elsevier BV","Wei Lü - Tianjin University; Wei Lü - Energy Research Institute; Yitai Ma - Tianjin University; Yitai Ma - Energy Research Institute",,0000-0003-4731-1976
"Carbon balance implications of coconut biodiesel utilization in the Philippine automotive transport sector",10.1016/j.biombioe.2003.10.002,"Biomass and Bioenergy",2004-06-01,5,journal-article,"Elsevier BV","Raymond R Tan - De La Salle University; Alvin B Culaba - De La Salle University; M.R.I Purvis - University of Portsmouth",,
"Evaluating performance indices of a shopping centre and implementing HVAC control principles to minimize energy usage",10.1016/j.enbuild.2004.01.031,"Energy and Buildings",2004-06-01,3,journal-article,"Elsevier BV","Çağlar Selçuk Canbay - Izmir Institute of Technology; Arif Hepbaşlı - Ege University; Gülden Gökçen Akkurt - Izmir Institute of Technology",,"0000-0002-2074-8281; 0000-0002-3444-9610"
"Energy Storage and Its Use With Intermittent Renewable Energy",10.1109/tec.2003.822305,"IEEE Transactions on Energy Conversion",2004-06-01,2,journal-article,"Institute of Electrical and Electronics Engineers (IEEE)","John P Barton - Loughborough University; David Infield - Loughborough University",,
"Assessing the benefits of implementing micro-CHP systems in the UK",10.1243/0957650041200650,"Proceedings of the Institution of Mechanical Engineers, Part A: Journal of Power and Energy",2004-06-01,1,journal-article,"SAGE Publications","M Newborough - Heriot-Watt University",,0000-0002-3288-108X
"China's rural electricity market—a quantitative analysis",10.1016/j.energy.2003.12.002,Energy,2004-06-01,1,journal-article,"Elsevier BV",,,
"Demonstration of a residential CHP system based on PEM fuel cells",10.1016/j.jpowsour.2004.01.010,"Journal of Power Sources",2004-05-01,1,journal-article,"Elsevier BV","G Gigliucci - Enel (Italy); L Petruzzi - University of Pisa; E Cerelli - University of Genoa; A Garzisi - University of Pisa",,
"Strategic Generation With Conjectured Transmission Price Responses in a Mixed Transmission Pricing System—Part II: Application",10.1109/tpwrs.2003.821618,"IEEE Transactions on Power Systems",2004-05-01,4,journal-article,"Institute of Electrical and Electronics Engineers (IEEE)","Benjamin F Hobbs - Johns Hopkins University; A.F Wals - Energy Research Centre of the Netherlands",,0000-0003-1783-3597
"Disaggregate energy consumption, employment and income in Turkey",10.1016/j.eneco.2004.04.014,"Energy Economics",2004-05-01,7,journal-article,"Elsevier BV","Ramazan Sarı - Bolu Abant İzzet Baysal University; Uğur Soytaş - Middle East Technical University",,
"Combined heat-and-power plants and district heating in a deregulated electricity market",10.1016/s0306-2619(03)00098-9,"Applied Energy",2004-05-01,1,journal-article,"Elsevier BV","Björn Rolfsman - Linköping University",,
"Pumped-Storage Hydro-Turbine Bidding Strategies in a Competitive Electricity Market",10.1109/tpwrs.2004.825911,"IEEE Transactions on Power Systems",2004-05-01,3,journal-article,"Institute of Electrical and Electronics Engineers (IEEE)","Ning Lü - Pacific Northwest National Laboratory; Joe H Chow - Rensselaer Polytechnic Institute; A.A Desrochers - Rensselaer Polytechnic Institute",,"0000-0001-6021-0112; 0000-0003-0125-0653"
"Development of a radiant heating and cooling model for building energy simulation software",10.1016/j.buildenv.2003.09.016,"Building and Environment",2004-04-01,1,journal-article,"Elsevier BV","Abdelaziz Laouadi - National Research Council Canada",,0000-0003-2928-1160
"Liberalisation of the Electricity Sector and Development of Distributed Generation: Germany, United Kingdom and France",10.1260/095830504323153432,"Energy & Environment",2004-03-01,1,journal-article,"SAGE Publications","Philippe Menanteau - Université Grenoble Alpes; Philippe Menanteau - Centre National de la Recherche Scientifique",,
"Cement manufacturing using alternative fuels and the advantages of process modelling",10.1016/s0378-3820(03)00203-0,"Fuel Processing Technology",2004-03-01,4,journal-article,"Elsevier BV","Rainer Backman - Åbo Akademi University; Mikko Hupa - Åbo Akademi University",,
"Deregulated power prices: comparison of diurnal patterns",10.1016/s0301-4215(02)00331-2,"Energy Policy",2004-03-01,1,journal-article,"Elsevier BV","Ying Li - University of Alberta; Peter C Flynn - University of Alberta",,"0000-0001-8780-1182; 0000-0001-9344-1718"
"A Survey of Solutions and Options for the Integration of Distributed Generation into Electricity Supply Systems",10.1260/095830504323153504,"Energy & Environment",2004-03-01,1,journal-article,"SAGE Publications","M ten Donkelaar - Energy Research Centre of the Netherlands",,
"Weather sensitivity in household appliance energy end-use",10.1016/j.enbuild.2003.10.009,"Energy and Buildings",2004-02-01,2,journal-article,"Elsevier BV","Melissa Hart - Macquarie University; Richard de Dear - Macquarie University",,
"The potential of solar electric power for meeting future US energy needs: a comparison of projections of solar electric energy generation and Arctic National Wildlife Refuge oil production",10.1016/s0301-4215(03)00107-1,"Energy Policy",2004-01-01,8,journal-article,"Elsevier BV","John Byrne - University of Delaware; Lado Kurdgelashvili - University of Delaware; Daniele Poponi - University of Delaware",,
"Leakage Power Analysis and Comparison of Deep Submicron Logic Gates",10.1007/978-3-540-30205-6_22,"Mobile Web and Intelligent Information Systems",2004-01-01,1,book-chapter,"Springer Berlin Heidelberg","Geoff V Merrett - University of Southampton; Bashir M Al‐Hashimi - University of Southampton",,"0000-0002-3591-1328; 0000-0003-4980-3894"
"Life Cycle Assessment (LCA) of Chinese energy chains for Shandong electricity scenarios",10.1504/ijgei.2004.005894,"International Journal of Global Energy Issues",2004-01-01,15,journal-article,"Inderscience Publishers",,,
"A phenomenological model for estimating metabolic energy consumption in muscle contraction",10.1016/s0021-9290(03)00239-2,"Journal of Biomechanics",2004-01-01,1,journal-article,"Elsevier BV","Lindsay J Bhargava - The University of Texas at Austin; Marcus G Pandy - The University of Texas at Austin; Frank C Anderson - Stanford University",,0000-0001-9234-1782
"Lightswitch-2002: a model for manual and automated control of electric lighting and blinds",10.1016/j.solener.2004.04.003,"Solar Energy",2004-01-01,1,journal-article,"Elsevier BV","Christoph Reinhart - National Research Council Canada",,0000-0001-6311-0416
"Measurements and Predictions of Heat Transfer on Rotor Blades in a Transonic Turbine Cascade",10.1115/1.1643383,"Journal of Turbomachinery",2004-01-01,2,journal-article,"ASME International","Paul W Giel - Glenn Research Center; Robert Boyle - Glenn Research Center; Ronald S Bunker - General Electric (United States)",,0000-0002-4913-7580
"Energy-aware management for cluster-based sensor networks",10.1016/s1389-1286(03)00305-0,"Computer Networks",2003-12-01,1,journal-article,"Elsevier BV","Mohamed Younis - University of Maryland, Baltimore County; Moustafa Youssef - University of Maryland, College Park; K.A Arisha - Honeywell (United States)",,"0000-0002-2063-4364; 0000-0003-3865-9217"
"Fundamentals applicable to the utilisation of marine current turbines for energy production",10.1016/s0960-1481(03)00103-4,"Renewable Energy",2003-11-01,2,journal-article,"Elsevier BV","A.S Bahaj - University of Southampton; L.E Myers - University of Southampton",,
"Stalemate in energy markets: supply extension versus demand reduction",10.1016/s0301-4215(02)00330-0,"Energy Policy",2003-11-01,4,journal-article,"Elsevier BV","Aviel Verbruggen - University of Antwerp",,0000-0002-2417-1029
"Energy Policies and Their Consequences After 25 Years",10.5547/issn0195-6574-ej-vol24-no4-2,"The Energy Journal",2003-10-01,4,journal-article,"International Association for Energy Economics (IAEE)","Paul L Joskow - Massachusetts Institute of Technology",,
"Research highlights from a large scale residential monitoring study in a hot climate",10.1016/s0378-7788(02)00244-x,"Energy and Buildings",2003-10-01,3,journal-article,"Elsevier BV","Danny Parker - Electric Vehicle Transportation Center",,
"Life Cycle Assessment of Australian Fossil Energy Options",10.1205/095758203770224351,"Process Safety and Environmental Protection",2003-09-01,5,journal-article,"Elsevier BV","J.R May - Monash University; David J Brennan - Monash University",,0000-0002-7663-9869
"Importance of ISO and IEC international energy standards and a new total approach to energy statistics and forecasting",10.1016/s0306-2619(03)00045-x,"Applied Energy",2003-09-01,1,journal-article,"Elsevier BV",,,
"Fouling propensities of blended coals in pulverized coal-fired power station boilers",10.1016/s0016-2361(03)00071-1,Fuel,2003-09-01,1,journal-article,"Elsevier BV","Shi Su - Commonwealth Scientific and Industrial Research Organisation; J.H Pohl - Virginia Tech",,0000-0001-6848-2817
"Valuing improvements in comfort from domestic energy-efficiency retrofits using a trade-off simulation model",10.1016/s0140-9883(03)00051-3,"Energy Economics",2003-09-01,5,journal-article,"Elsevier BV","J Peter Clinch - University College Dublin; John Healy - University College Dublin",,0000-0002-9710-4249
"Short-term electricity demand forecasting using double seasonal exponential smoothing",10.1057/palgrave.jors.2601589,"Journal of the Operational Research Society",2003-08-01,4,journal-article,"Informa UK Limited","James W Taylor - University of Oxford",,
"A new chemical classification system of natural waters for desalination and other industrial uses",10.1016/s0011-9164(03)00339-4,Desalination,2003-08-01,1,journal-article,"Elsevier BV","Samir El-Manharawy - Nuclear Materials Authority; Azza Hafez - National Water Research Center",,0000-0001-8774-1570
"Stimulation experiments in sedimentary, low-enthalpy reservoirs for geothermal power generation, Germany",10.1016/j.geothermics.2003.07.007,Geothermics,2003-08-01,1,journal-article,"Elsevier BV","B Legarth - GFZ Helmholtz Centre for Geosciences; Torsten Tischner - Federal Institute for Geosciences and Natural Resources; Ernst Huenges - GFZ Helmholtz Centre for Geosciences",,0000-0002-3632-4619
"Occupants’ behavior and activity patterns influencing the energy consumption in the Kuwaiti residences",10.1016/s0378-7788(02)00167-6,"Energy and Buildings",2003-07-01,1,journal-article,"Elsevier BV","Adil Al-Mumin - Kuwait University; Omar Khattab - Kuwait University; Gopisetti Sridhar - Kuwait University",,
"Performance evaluation and energy conservation potential of earth–air–tunnel system coupled with non-air-conditioned building",10.1016/s0360-1323(03)00024-6,"Building and Environment",2003-06-01,1,journal-article,"Elsevier BV","Rakesh Kumar - Indian Institute of Technology Delhi; Ramesh Srikonda - Kolkata Municipal Corporation; S.C Kaushik - Indian Institute of Technology Delhi",,"0000-0001-5879-186X; 0000-0002-2659-5941; 0000-0002-7270-5582"
"Long-term outlook of energy use and CO2 emissions from transport in Central and Eastern Europe",10.1016/s0301-4215(02)00126-x,"Energy Policy",2003-06-01,1,journal-article,"Elsevier BV","Theodoros Zachariadis - National Technical University of Athens; Nikos Kouvaritakis - National Technical University of Athens",,0000-0002-9452-3018
"Putting solar energy on the urban map: a new GIS-based approach for dwellings",10.1016/s0038-092x(03)00190-7,"Solar Energy",2003-05-01,1,journal-article,"Elsevier BV","Stuart Gadsden - Summit (United Kingdom); Mark Rylatt - De Montfort University; Kevin J Lomas - De Montfort University",,0000-0001-5792-0762
"Analysis of diffusion paths for photovoltaic technology based on experience curves",10.1016/s0038-092x(03)00151-8,"Solar Energy",2003-04-01,2,journal-article,"Elsevier BV","Daniele Poponi - University of Bari Aldo Moro; Daniele Poponi - University of Delaware",,
"Active memory processor: a hardware garbage collector for real-time java embedded devices",10.1109/tmc.2003.1217230,"IEEE Transactions on Mobile Computing",2003-04-01,1,journal-article,"Institute of Electrical and Electronics Engineers (IEEE)","Witawas Srisa‐an - University of Nebraska–Lincoln; J Morris Chang - Iowa State University",,"0000-0002-0660-7191; 0000-0003-0021-5696"
"Seawater reverse osmosis powered from renewable energy sources - hybrid wind/photovoltaic/grid power supply for small-scale desalination in Libya",10.1016/s0011-9164(02)01089-5,Desalination,2003-02-01,1,journal-article,"Elsevier BV","Jürgen Rheinländer - Zentrum für Sonnenenergie- und Wasserstoff-Forschung Baden-Württemberg; H Gabler - Zentrum für Sonnenenergie- und Wasserstoff-Forschung Baden-Württemberg",,
"An electrodialysis model for determination of the optimal current density",10.1016/s0011-9164(02)01134-7,Desalination,2003-02-01,1,journal-article,"Elsevier BV","Eun‐Young Choi - Gwangju Institute of Science and Technology; Jae-Hwan Choi - Gwangju Institute of Science and Technology; Seung‐Hyeon Moon - Gwangju Institute of Science and Technology",,"0000-0001-6232-5917; 0000-0002-3043-186X; 0000-0002-6224-8664"
"Modeling and Forecasting the Demand for Electricity in New Zealand: A Comparison of Alternative Approaches",10.5547/issn0195-6574-ej-vol24-no1-4,"The Energy Journal",2003-01-01,1,journal-article,"International Association for Energy Economics (IAEE)","Koli Fatai - University of Waikato; Les Oxley - University of Waikato; Frank Scrimgeour - University of Waikato",,"0000-0002-9409-7143; 0000-0003-3621-2323"
"Information warfare: are you at risk?",10.1109/mtas.2004.1251382,"IEEE Technology and Society Magazine",2003-01-01,1,journal-article,"Institute of Electrical and Electronics Engineers (IEEE)","A.J Elbirt - University of Massachusetts Lowell",,
"Some recent trends in research and technology of advanced thermal barrier coatings",10.1016/s1270-9638(02)00003-2,"Aerospace Science and Technology",2003-01-01,1,journal-article,"Elsevier BV","Uwe Schulz - Deutsches Zentrum für Luft- und Raumfahrt e. V. (DLR); Christoph Leyens - Deutsches Zentrum für Luft- und Raumfahrt e. V. (DLR); K Fritscher - Deutsches Zentrum für Luft- und Raumfahrt e. V. (DLR); Manfred Peters - Deutsches Zentrum für Luft- und Raumfahrt e. V. (DLR); Bilge Saruhan-Brings - Deutsches Zentrum für Luft- und Raumfahrt e. V. (DLR); O Lavigne - Office National d'Études et de Recherches Aérospatiales; Jean-Marc Dorvaux - Office National d'Études et de Recherches Aérospatiales; Martine Poulain - Office National d'Études et de Recherches Aérospatiales; R Mévrel - Office National d'Études et de Recherches Aérospatiales; Michaël Caliez - Office National d'Études et de Recherches Aérospatiales",,"0000-0002-1885-9054; 0000-0002-5289-6510; 0000-0002-9920-6521; 0000-0003-0362-8103"
"Stationarity, structural change and specification in a demand system: the case of energy",10.1016/s0140-9883(02)00035-x,"Energy Economics",2003-01-01,2,journal-article,"Elsevier BV","Ian D McAvinchey - University of Aberdeen; Andreas Yannopoulos - Crete University Press; Andreas Yannopoulos - University of Crete",,
"Parsimonious Covariance Matrix Estimation for Longitudinal Data",10.1198/016214502388618942,"Journal of the American Statistical Association",2002-12-01,2,journal-article,"Informa UK Limited","Michael S Smith - Australian Research Council; Michael S Smith - UNSW Sydney; Michael S Smith - The University of Sydney; Michael S Smith - Pacific Environment; Robert Kohn - UNSW Sydney; Robert Kohn - Australian Research Council; Robert Kohn - The University of Sydney; Robert Kohn - Pacific Environment",,
"Vulnerability of wind power resources to climate change in the continental United States",10.1016/s0960-1481(01)00110-0,"Renewable Energy",2002-12-01,28,journal-article,"Elsevier BV","Paul B Breslow - Tulane University; David J Sailor - Tulane University",,
"Climate change impacts on the thermal performance of Portuguese buildings. Results of the SIAM study",10.1191/0143624402bt045oa,"Building Services Engineering Research and Technology",2002-11-01,1,journal-article,"SAGE Publications","H Gonccedilalves - National Institute of Engineering, Technology and Innovation",,
"Utilities in the sky?: Comparison of space-based and terrestrial solar power systems",10.1016/s1471-0846(02)80108-1,Refocus,2002-11-01,1,journal-article,"Elsevier BV",,,
"Gasification process of wastes containing PVC",10.1016/s0016-2361(02)00097-2,Fuel,2002-09-01,3,journal-article,"Elsevier BV","Carlo Borgianni - Sapienza University of Rome; Paolo De Filippis - Sapienza University of Rome; F Pochetti - Sapienza University of Rome; Martino Paolucci - Roma Tre University",,0000-0001-7107-3790
"On the energy consumption in residential buildings",10.1016/s0378-7788(01)00137-2,"Energy and Buildings",2002-08-01,2,journal-article,"Elsevier BV","G Mihalakakou - National and Kapodistrian University of Athens; M Santamouris - National and Kapodistrian University of Athens; A Tsangrassoulis - National and Kapodistrian University of Athens",,
"Demand for commercial energy in the state of Kerala, India: an econometric analysis with medium-range projections",10.1016/s0301-4215(01)00138-0,"Energy Policy",2002-07-01,1,journal-article,"Elsevier BV","P S Chandramohanan Nair - University of Kerala; R Balasubramanian - Indian Institute of Technology Indore",,0009-0006-2144-0736
"A framework for sustainability science: A renovated IPAT identity",10.1073/pnas.122235999,"Proceedings of the National Academy of Sciences",2002-06-11,27,journal-article,"Proceedings of the National Academy of Sciences","Paul E Waggoner - Connecticut Agricultural Experiment Station; Paul E Waggoner - Rockefeller University; Jesse H Ausubel - Connecticut Agricultural Experiment Station; Jesse H Ausubel - Rockefeller University",,
"Energy savings potential of chilled-ceiling combined with desiccant cooling in hot and humid climates",10.1016/s0378-7788(01)00132-3,"Energy and Buildings",2002-06-01,3,journal-article,"Elsevier BV","Jianlei Niu - Hong Kong Polytechnic University; Li‐Zhi Zhang - Hong Kong Polytechnic University; Huigang Zuo - Hong Kong Polytechnic University",,"0000-0001-5768-2119; 0000-0002-1176-9179"
"STATCOM: a new era of reactive compensation",10.1049/pe:20020308,"Power Engineering Journal",2002-06-01,1,journal-article,"Institution of Engineering and Technology (IET)","D.J Hanson - Alstom (France); C Horwill - Alstom (France); M L Woodhouse - Alstom (France); Mark Osborne - National Grid (United States); D.R Monkhouse - National Grid (United States)",,0009-0003-4148-1058
"Comparison between closed-loop and partial open-loop feedback control policies in long term hydrothermal scheduling",10.1109/tpwrs.2002.1007900,"IEEE Transactions on Power Systems",2002-05-01,1,journal-article,"Institute of Electrical and Electronics Engineers (IEEE)","Luciana Martinez - Universidade Estadual de Campinas (UNICAMP); S Soares - Universidade Estadual de Campinas (UNICAMP)",,"0000-0002-5621-517X; 0000-0003-2806-2783"
"Forecasting the primary energy demand in Turkey and analysis of cyclic patterns",10.1016/s0196-8904(01)00033-4,"Energy Conversion and Management",2002-03-01,1,journal-article,"Elsevier BV","Hüseyin Tatlıdi̇l - Hacettepe University",,0000-0002-0877-0304
"Electricity used by office equipment and network equipment in the US",10.1016/s0360-5442(01)00084-6,Energy,2002-03-01,1,journal-article,"Elsevier BV","K Kawamoto - Lawrence Berkeley National Laboratory",,
"Short-term prediction of the aggregated power output of wind farms—a statistical analysis of the reduction of the prediction error by spatial smoothing effects",10.1016/s0167-6105(01)00222-7,"Journal of Wind Engineering and Industrial Aerodynamics",2002-03-01,6,journal-article,"Elsevier BV","Ulrich Focken - Carl von Ossietzky Universität Oldenburg; Matthias Lange - Carl von Ossietzky Universität Oldenburg; Kai Mönnich - Carl von Ossietzky Universität Oldenburg; Hans-Peter Waldl - Carl von Ossietzky Universität Oldenburg; Hans Georg Beyer - Hochschule Magdeburg-Stendal; Armin Luig - Hochschule Magdeburg-Stendal",,
"Long term energy-related environmental issues of copper production",10.1016/s0360-5442(01)00067-6,Energy,2002-02-01,5,journal-article,"Elsevier BV","Sergio Alvarado - University of Chile; Pedro Maldonado - University of Chile; Andrés Pérez Barrios - University of Chile; Iván Jaques - University of Chile",,
"Modeling of the appliance, lighting, and space-cooling energy consumptions in the residential sector using neural networks",10.1016/s0306-2619(01)00049-6,"Applied Energy",2002-02-01,2,journal-article,"Elsevier BV","Merih Aydınalp Köksal - Dalhousie University; V Ismet Ugursal - Dalhousie University; Alan S Fung - Dalhousie University",,"0000-0002-0775-7271; 0000-0003-4201-6898"
"Vulnerability of hydropower projects to climate change",10.1049/ip-gtd:20020173,"IEE Proceedings - Generation, Transmission and Distribution",2002-01-01,3,journal-article,"Institution of Engineering and Technology (IET)","Gareth Harrison - University of Edinburgh; H.W Whittington - University of Edinburgh",,0000-0003-1697-630X
"The end of the CMOS roadmap—new landscape beyond",10.1016/s0928-4931(01)00419-2,"Materials Science and Engineering: C",2002-01-01,1,journal-article,"Elsevier BV","Lorenz Risch - Infineon Technologies (Germany)",,0000-0003-2692-6699
"Analysis of the optimal configuration of energy transportation infrastructure in Asia with a linear programming energy system model",10.1504/ijgei.2002.000951,"International Journal of Global Energy Issues",2002-01-01,2,journal-article,"Inderscience Publishers","Yasumasa Fujii - The University of Tokyo",,0000-0001-8081-3615
"Temperature and seasonality influences on Spanish electricity load",10.1016/s0140-9883(01)00082-2,"Energy Economics",2002-01-01,24,journal-article,"Elsevier BV","Ángel Pardo - Universitat de València; Vicente Meneu - Universitat de València; Enric Valor - Universitat de València",,
"HVAC control strategies to enhance comfort and minimise energy usage",10.1016/s0378-7788(01)00075-5,"Energy and Buildings",2001-10-01,4,journal-article,"Elsevier BV","E.H Mathews - North-West University; Cherí Botha - North-West University; Deon C Arndt - North-West University; Arnaud G Malan - North-West University",,"0000-0001-5425-6368; 0000-0002-7460-6625"
"Industrial companies’ demand for electricity: evidence from a micropanel",10.1016/s0140-9883(00)00084-0,"Energy Economics",2001-09-01,4,journal-article,"Elsevier BV","Thomas Bjørner - Copenhagen Institute for Futures Studies; Henrik Holm Jensen - Copenhagen Institute for Futures Studies",,
"Korean energy demand in the new millenium: outlook and policy implications, 2000–2005",10.1016/s0301-4215(01)00018-0,"Energy Policy",2001-09-01,2,journal-article,"Elsevier BV","Sung Hyun Kim - Korea Information Society Development Institute; Taeheon Kim - Korea Energy Economics Institute; Youngduk Kim - Korea Energy Economics Institute; In-Gang Na - Korea Energy Economics Institute",,
"Operation of NF/RO plants: from reactive to proactive",10.1016/s0011-9164(01)00309-5,Desalination,2001-09-01,1,journal-article,"Elsevier BV","H Huiting - Kema International (Netherlands); J.W.N.M Kappelhof - Kema International (Netherlands); Th.G.J Bosklopper - Kema International (Netherlands)",,
"Optimal heating control in a passive solar commercial building",10.1016/s0038-092x(01)00038-x,"Solar Energy",2001-07-01,2,journal-article,"Elsevier BV","Paúl André - University Foundation; Jacques Nicolas - University Foundation",,
"Relating residential and commercial sector electricity loads to climate—evaluating state level sensitivities and vulnerabilities",10.1016/s0360-5442(01)00023-8,Energy,2001-07-01,19,journal-article,"Elsevier BV","David J Sailor - Tulane University",,
"Energy demand in the fifteen European Union countries by 2010 —",10.1016/s0360-5442(01)00021-4,Energy,2001-06-01,1,journal-article,"Elsevier BV",,,
"On the Prediction of Lighting Energy Savings Achieved by Occupancy Sensors",10.1092/6h6f-ylh1-nkhe-yfal,"Energy Engineering",2001-06-01,1,journal-article,"Computers, Materials and Continua (Tech Science Press)","T.M Chung - Hong Kong Polytechnic University; John Burnett - Hong Kong Polytechnic University",,0000-0002-8817-6064
"The modelling of a domestic tumbler dryer",10.1016/s1359-4311(00)00092-2,"Applied Thermal Engineering",2001-06-01,1,journal-article,"Elsevier BV","J Deans - University of Auckland",,
"Nuclear power: least-cost option for baseload electricity in Finland",10.1680/nuen.40.2.87.39954,"Nuclear Energy",2001-04-01,2,journal-article,"Thomas Telford Ltd.",,,
"Fault-tolerant supervisory control of VAV air-conditioning systems",10.1016/s0378-7788(00)00120-1,"Energy and Buildings",2001-04-01,2,journal-article,"Elsevier BV","Xiong-fu Liu - University of Oxford; A.L Dexter - University of Oxford",,
"Distributed generation: a definition",10.1016/s0378-7796(01)00101-8,"Electric Power Systems Research",2001-04-01,23,journal-article,"Elsevier BV","Thomas Ackermann - KTH Royal Institute of Technology; Göran Andersson - École Polytechnique Fédérale de Lausanne; Lennart Söder - KTH Royal Institute of Technology",,
"The potential for energy production using sweet sorghum in southern Africa",10.1016/s0973-0826(09)60018-1,"Energy for Sustainable Development",2001-03-01,6,journal-article,"Elsevier BV","Jeremy Woods - King's College London",,0000-0002-1542-8144
"Assessing building performance in use 3: energy performance of the Probe buildings",10.1080/09613210010008036,"Building Research & Information",2001-03-01,8,journal-article,"Informa UK Limited",,,
"Biogas energy use in Nigeria: current status, future prospects and policy implications",10.1016/s1364-0321(00)00005-8,"Renewable and Sustainable Energy Reviews",2001-03-01,5,journal-article,"Elsevier BV","J F K Akinbami - Obafemi Awolowo University; Matthew O Ilori - Obafemi Awolowo University; T.O Oyebisi - Obafemi Awolowo University; Isaac Akinwumi - Obafemi Awolowo University; O Adeoti - The Federal Polytechnic, Ado-Ekiti",,"0000-0001-6692-9064; 0000-0002-1675-0047"
"Evaluation of solar energy research and its applications in Saudi Arabia — 20 years of experience",10.1016/s1364-0321(00)00006-x,"Renewable and Sustainable Energy Reviews",2001-03-01,4,journal-article,"Elsevier BV","S.H Alawaji - King Abdulaziz City for Science and Technology",,
"Real-time predictive supervisory operation of building thermal systems with thermal mass",10.1016/s0378-7788(00)00078-5,"Energy and Buildings",2001-01-01,1,journal-article,"Elsevier BV","T.Y Chen - Hong Kong Polytechnic University",,
"Technological progress and long-term energy demand — a survey of recent approaches and a Danish case",10.1016/s0301-4215(00)00111-7,"Energy Policy",2001-01-01,2,journal-article,"Elsevier BV","Henrik Klinge Jacobsen - Nordic Laboratory for Luminescence Dating",,
"Univariate modeling and forecasting of energy consumption: the case of electricity in Lebanon",10.1016/s0360-5442(00)00049-9,Energy,2001-01-01,2,journal-article,"Elsevier BV","Samer S Saab - Lebanese American University; E A Badr - Lebanese American University; G E Nasr - Lebanese American University",,"0000-0002-7528-9182; 0000-0003-0124-8457"
"Bridging the energy efficiency gap: using bottom-up information in a top-down energy demand model",10.1016/s0140-9883(00)00054-2,"Energy Economics",2001-01-01,38,journal-article,"Elsevier BV","C.C Koopmans - CPB Netherlands Bureau for Economic Policy Analysis; Dirk Willem te Velde - National Institute of Economic and Social Research",,
"Experience with solar home systems in developing countries: a review",10.1002/pip.392,"Progress in Photovoltaics: Research and Applications",2001-01-01,8,journal-article,Wiley,"Frans Nieuwenhout - Energy Research Centre of the Netherlands; Annemarije van Dijk - Energy Research Centre of the Netherlands; P.E Lasschuit - Energy Research Centre of the Netherlands; G van Roekel - Energy Research Centre of the Netherlands; V.A.P van Dijk - Utrecht University; Mark Hankins - Energy, Environment and Development Network for Africa; H Wade - Naresuan University",,
"Analyzing the reliability impact of distributed generation",10.1109/pess.2001.970197,"2001 Power Engineering Society Summer Meeting. Conference Proceedings (Cat. No.01CH37262)",2001-01-01,5,proceedings-article,"Institute of Electrical and Electronics Engineers (IEEE)",,,
"Understanding technology choice in electricity industries: a comparative study of France and Denmark",10.1016/s0301-4215(00)00067-7,"Energy Policy",2000-12-01,7,journal-article,"Elsevier BV","Constantine Hadjilambrinos - Florida International University",,
"Econometric modeling of electricity consumption in post-war Lebanon",10.1016/s0140-9883(99)00039-0,"Energy Economics",2000-12-01,4,journal-article,"Elsevier BV","G E Nasr - American University; E A Badr - American University",,0000-0002-7528-9182
"An evaluation method for calculating the emission responsibility of specific electric applications",10.1016/s0301-4215(00)00080-x,"Energy Policy",2000-11-01,1,journal-article,"Elsevier BV","Kris Voorspools - KU Leuven; William D’haeseleer - KU Leuven",,0000-0002-4972-147X
"Applications of artificial neural-networks for energy systems",10.1016/s0306-2619(00)00005-2,"Applied Energy",2000-09-01,1,journal-article,"Elsevier BV",,,
"The Risk of Early Retirement of U.S. Nuclear Power Plants under Electricity Deregulation and CO2 Emission Reductions",10.5547/issn0195-6574-ej-vol21-no3-3,"The Energy Journal",2000-07-01,1,journal-article,"International Association for Energy Economics (IAEE)","Geoffrey Rothwell - Stanford University",,
"Developing cost efficient control strategies to ensure optimal energy use and sufficient indoor comfort",10.1016/s0306-2619(99)00035-5,"Applied Energy",2000-06-01,2,journal-article,"Elsevier BV","E.H Mathews - University of Pretoria; Deon C Arndt - University of Pretoria; C.B Piani - University of Pretoria; Eugene Van Heerden - University of Pretoria",,0000-0001-5425-6368
"Energy Demand Projections Based on an Uncertain Dynamic System Modeling Approach",10.1080/00908310050013857,"Energy Sources",2000-06-01,1,journal-article,"Informa UK Limited",,,
"Artificial neural networks for the prediction of the energy consumption of a passive solar building",10.1016/s0360-5442(99)00086-9,Energy,2000-05-01,1,journal-article,"Elsevier BV","Milorad Bojić - University of Kragujevac",,0000-0002-6580-9439
"The Global Energy Market in the Long Term: The Continuing Dominance of Affordable Non-Renewable Resources",10.1260/0144598001492058,"Energy Exploration & Exploitation",2000-04-01,1,journal-article,"SAGE Publications",,,
"Long-term electricity demand in China — From quantitative to qualitative growth?",10.1016/s0301-4215(00)00014-8,"Energy Policy",2000-04-01,3,journal-article,"Elsevier BV","Christian von Hirschhausen - Technische Universität Berlin; Christian von Hirschhausen - German Institute for Economic Research; Andrés Muñoz - Technische Universität Berlin; Andrés Muñoz - German Institute for Economic Research",,
"Energy for Future Centuries: Will Fusion be an Inexhaustible, Safe and Clean Energy Source?",10.13182/fst00-a11963194,"Fusion Technology",2000-03-01,6,journal-article,"American Nuclear Society","J Ongena - Royal Military Academy; G Van Oost - Royal Military Academy",,
"Identifying the individual components of United Kingdom domestic sector carbon emission changes between 1990 and 2000",10.1016/s0301-4215(00)00011-2,"Energy Policy",2000-03-01,1,journal-article,"Elsevier BV","L D Shorrock - Building Research Establishment",,
"Local policies for DSM: the UK's home energy conservation act",10.1016/s0301-4215(00)00002-1,"Energy Policy",2000-03-01,3,journal-article,"Elsevier BV","Matt Leach - Imperial College London",,0000-0002-7695-6872
"Winner, loser, or innocent victim? Has renewable energy performed as expected?",10.1016/s0038-092x(99)00073-0,"Solar Energy",2000-03-01,15,journal-article,"Elsevier BV","James McVeigh - Indiana University Bloomington; Dallas Burtraw - Resources For The Future; Joel Darmstadter - Resources For The Future; Karen Palmer - Resources For The Future",,
"A neural network approach to local downscaling of GCM output for assessing wind power implications of climate change",10.1016/s0960-1481(99)00056-7,"Renewable Energy",2000-03-01,5,journal-article,"Elsevier BV","David J Sailor - Tulane University; Tsui-Fang Hu - Tulane University; X Li - Tulane University; Jesse N Rosen - Tulane University",,0000-0003-1720-8214
"Power systems of the future. 4",10.1109/39.857444,"IEEE Power Engineering Review",2000-01-01,1,journal-article,"Institute of Electrical and Electronics Engineers (IEEE)",,,
"A global renewable energy scenario",10.1504/ijgei.2000.000869,"International Journal of Global Energy Issues",2000-01-01,1,journal-article,"Inderscience Publishers","Bent Sørensen - Roskilde University; Peter Meibom - Roskilde University",,0000-0002-6724-7396
"Solar energy options for renewable energy economies",10.1504/ijgei.2000.000864,"International Journal of Global Energy Issues",2000-01-01,1,journal-article,"Inderscience Publishers","David Mills - The University of Sydney",,0000-0002-1218-755X
"Wind energy today and in the 21st century",10.1504/ijgei.2000.000859,"International Journal of Global Energy Issues",2000-01-01,6,journal-article,"Inderscience Publishers",,,
"Daylight availability in top-lit atria: prediction of skylight transmittance and daylight factor",10.1177/096032710003200401,"Lighting Research & Technology",2000-01-01,1,journal-article,"SAGE Publications","Abdelaziz Laouadi - National Research Council Canada; Morad R Atif - National Research Council Canada",,0000-0003-2928-1160
"Requirements for Evaluating Traffic Signal Control Impacts on Energy and Emissions Based on Instantaneous Speed and Acceleration Measurements",10.3141/1738-07,"Transportation Research Record: Journal of the Transportation Research Board",2000-01-01,5,journal-article,"SAGE Publications","Hesham Rakha - Virginia Tech Transportation Institute; Hesham Rakha - Virginia Tech; M Van Aerde - Virginia Tech; M Van Aerde - Virginia Tech Transportation Institute; Kyoungho Ahn - Virginia Tech Transportation Institute; Kyoungho Ahn - Virginia Tech; Antonio Trani - Virginia Tech",,
