Title,DOI,Journal,"Published on","Policy citation count",URL,"Cited by source ID","Cited by source","Cited by title","Cited by date","Cited by organisation sector","Cited by organisation type","Cited by organisation function","Cited by country","Cited by URL","Document page","Article funder(s)"
"Evaluation of neural networks for residential load forecasting and the impact of systematic feature identification",10.1186/s42162-022-00224-5,"Energy Informatics",2022-12-21T00:00:00+00:00,1,https://doi.org/10.1186/s42162-022-00224-5,unescap,"United Nations ESCAP","Digitalization and Artificial Intelligence for Achieving SDG 7 and the Energy Transition in Asia and the Pacific",2024-12-31,"Public Sector",IGO,"International Body; Arm's Length Body; Commission",IGO,https://repository.unescap.org/handle/20.500.12870/7719,https://app.overton.io/document.php?policy_document_id=unescap-4589689bdbf3491bf126820ad2319984,
"Prospects for the Implementation of Underground Hydrogen Storage in the EU",10.3390/en15249535,Energies,2022-12-15T00:00:00+00:00,1,https://doi.org/10.3390/en15249535,wuppertal,"Wuppertal Institut","An in-depth review of key technologies and pathways to carbon neutrality : classification and assessment of decarbonization technologies",2025-06-04,"Third Sector","Think Tank","Research Centre; Policy Centre",Germany,https://epub.wupperinst.org/frontdoor/index/index/searchtype/all/docId/8869,https://app.overton.io/document.php?policy_document_id=wuppertal-9d6707a1d43e13ea93906c2c7bebc9d6,"Akademia Górniczo-Hutnicza im. Stanislawa Staszica"
"Modelling of a Wave Energy Converter Impact on Coastal Erosion, a Case Study for Palm Beach-Azur, Algeria",10.3390/su142416595,Sustainability,2022-12-11T00:00:00+00:00,4,https://doi.org/10.3390/su142416595,california_state_agencies,"State of California","Wave and Tidal Energy: Evaluation of Feasibility, Costs, and Benefits",2024-07-23,"Public Sector",Government,"Regional or State Level Body; Mixed Roles; Public Service",USA,https://efiling.energy.ca.gov/GetDocument.aspx?tn=257956,https://app.overton.io/document.php?policy_document_id=california_state_agencies-1dbc44c6da20beda06a20b16fedb97dc,
"Modelling of a Wave Energy Converter Impact on Coastal Erosion, a Case Study for Palm Beach-Azur, Algeria",10.3390/su142416595,Sustainability,2022-12-11T00:00:00+00:00,4,https://doi.org/10.3390/su142416595,california_state_agencies,"State of California","Wave and Tidal Energy: Evaluation of Feasibility, Costs, and Benefits",2024-11-06,"Public Sector",Government,"Regional or State Level Body; Mixed Roles; Public Service",USA,https://efiling.energy.ca.gov/GetDocument.aspx?tn=259969&DocumentContentId=96170,https://app.overton.io/document.php?policy_document_id=california_state_agencies-2f837186bba46146fd503a7339823fc2,
"Modelling of a Wave Energy Converter Impact on Coastal Erosion, a Case Study for Palm Beach-Azur, Algeria",10.3390/su142416595,Sustainability,2022-12-11T00:00:00+00:00,4,https://doi.org/10.3390/su142416595,california_state_agencies,"State of California","Wave and Tidal Energy Evaluation of Feasibility, Costs, and Benefits Senate Bill 605 Report",2024-11-06,"Public Sector",Government,"Regional or State Level Body; Mixed Roles; Public Service",USA,https://efiling.energy.ca.gov/GetDocument.aspx?tn=260013&DocumentContentId=96224,https://app.overton.io/document.php?policy_document_id=california_state_agencies-61ce17317a0cd4533daafc2a6bdf7174,
"Modelling of a Wave Energy Converter Impact on Coastal Erosion, a Case Study for Palm Beach-Azur, Algeria",10.3390/su142416595,Sustainability,2022-12-11T00:00:00+00:00,4,https://doi.org/10.3390/su142416595,california_state_agencies,"State of California","Wave and Tidal Energy: Evaluation of Feasibility, Costs, and Benefits",2024-07-23,"Public Sector",Government,"Regional or State Level Body; Mixed Roles; Public Service",USA,https://efiling.energy.ca.gov/GetDocument.aspx?tn=257956&DocumentContentId=93873,https://app.overton.io/document.php?policy_document_id=california_state_agencies-928f0116ee9e958c45ac45a456e77ddb,
"Impact of Reverse Power Flow on Distributed Transformers in a Solar-Photovoltaic-Integrated Low-Voltage Network",10.3390/en15239238,Energies,2022-12-06T00:00:00+00:00,2,https://doi.org/10.3390/en15239238,iisdca,"International Institute for Sustainable Development","Scaling Solar Power for Irrigation in India",2026-04-07,"Third Sector","Think Tank","Research Centre; Policy Centre",Canada,https://www.iisd.org/publications/report/scaling-solar-power-irrigation-india,https://app.overton.io/document.php?policy_document_id=iisdca-d95f5b01985ad6f87224cc376103d0a7,
"Impact of Reverse Power Flow on Distributed Transformers in a Solar-Photovoltaic-Integrated Low-Voltage Network",10.3390/en15239238,Energies,2022-12-06T00:00:00+00:00,2,https://doi.org/10.3390/en15239238,stateofnewmexico,"State of New Mexico","ECAM Energy Grid Update : Executive Summary",2025-03-10,"Public Sector",Government,"Regional or State Level Body; Mixed Roles; Public Service",USA,https://www.emnrd.nm.gov/ecmd/wp-content/uploads/sites/3/ECAM-Electric-Grid-Modernization-Update-1.10.25.pdf,https://app.overton.io/document.php?policy_document_id=stateofnewmexico-0aae5ac7147b2a4bec389c8f7f2be71b,
"A deep learning approach for prediction of electrical vehicle charging stations power demand in regulated electricity markets: The case of Morocco",10.1016/j.cles.2022.100039,"Cleaner Energy Systems",2022-12-01T00:00:00+00:00,1,https://doi.org/10.1016/j.cles.2022.100039,uditsusa,"UC Davis Institute of Transportation Studies","To Charge or Not to Charge: Enhancing Electric Vehicle Charging Management with LSTM-based Prediction of Non-Critical Charging Sessions and Renewable Energy Integration",2024-06-01,"Third Sector","Think Tank","Research Centre",USA,https://escholarship.org/uc/item/77t9p8sf,https://app.overton.io/document.php?policy_document_id=uditsusa-7d66d4ad8c3bad9a950cdbea6f0a0eeb,
"The influence of countries' socioeconomic characteristics on the adoption of electric vehicle",10.1016/j.esd.2022.10.003,"Energy for Sustainable Development",2022-12-01T00:00:00+00:00,1,https://doi.org/10.1016/j.esd.2022.10.003,govuk,"The UK Government","Understanding car ownership",2024-09-26,"Public Sector",Government,"National Body; Mixed Roles; Public Service",UK,https://www.gov.uk/government/publications/understanding-car-ownership,https://app.overton.io/document.php?policy_document_id=govuk-268eca3abad1559044a9f329e6a8d7a1,
"Multi-equipment coordinated scheduling strategy of U-shaped automated container terminal considering energy consumption",10.1016/j.cie.2022.108804,"Computers & Industrial Engineering",2022-12-01T00:00:00+00:00,2,https://doi.org/10.1016/j.cie.2022.108804,kmikr,"Korea Maritime Institute","항만기술산업 활성화를 위한 법제도 정비 방안 연구",2024-01-01,"Public Sector","Think Tank","National Body; Research Centre; Policy Centre","South Korea",https://www.nkis.re.kr/subject_view1.do?otpId=OTP_0000000000014953,https://app.overton.io/document.php?policy_document_id=kmikr-73a9f83577d79ba54ba7233ed1125cbe,"Science and Technology Commission of Shanghai Municipality"
"Multi-equipment coordinated scheduling strategy of U-shaped automated container terminal considering energy consumption",10.1016/j.cie.2022.108804,"Computers & Industrial Engineering",2022-12-01T00:00:00+00:00,2,https://doi.org/10.1016/j.cie.2022.108804,kmikr,"Korea Maritime Institute","항만기술산업 활성화를 위한 법제도 정비 방안 연구",2024-01-01,"Public Sector","Think Tank","National Body; Research Centre; Policy Centre","South Korea",https://www.nkis.re.kr/subject_view1.do?otcCd=RO&otcNm=수시연구보고서&otpId=OTP_0000000000014953&otpSeq=0&eoSeq=&currentPage=1&searchSelect=&searchWord=&returnPage=newest_list.do&schLclaScsId=&pblYy=&agcNms=한국해양수산개발원&listPerPage=50,https://app.overton.io/document.php?policy_document_id=kmikr-88571926a7936b4ca6862c6a5573dd1c,"Science and Technology Commission of Shanghai Municipality"
"Right-wing and populist support for climate mitigation policies: Evidence from Poland and its carbon-intensive Silesia region",10.1016/j.regsus.2022.11.001,"Regional Sustainability",2022-12-01T00:00:00+00:00,1,https://doi.org/10.1016/j.regsus.2022.11.001,eurofound,Eurofound,"Mapping green behavioural public policy in the EU",2026-09-09,"Public Sector",IGO,"International Body; IGO Department or Agency; Arm's Length Body; Research Centre; Policy Centre",EU,https://www.eurofound.europa.eu/en/publications/all/mapping-green-behavioural-public-policy-in-the-eu,https://app.overton.io/document.php?policy_document_id=eurofound-b1453456a09dc3eb10d2978dad87bf40,"European Commission"
"Blockchain-Based Distributed Federated Learning in Smart Grid",10.3390/math10234499,Mathematics,2022-11-29T00:00:00+00:00,1,https://doi.org/10.3390/math10234499,cordisbe,CORDIS,"Boosting DR through increased communIty-level consumer engaGement by combining Data-driven and blockcHain technology Tools with social science approaches and multi-value service design",2024-04-15,"Public Sector",Government,"Public Data Body or Statistics; Archive; Public Service; Mixed Roles",EU,https://ec.europa.eu/research/participants/documents/downloadPublic?documentIds=080166e503acff81&appId=PPGMS,https://app.overton.io/document.php?policy_document_id=cordisbe-8cf74e3bcc04f929644710f0c941f7e6,"European Commission; Unitatea Executiva pentru Finantarea Invatamantului Superior, a Cercetarii, Dezvoltarii si Inovarii"
"Potential of Producing Green Hydrogen in Jordan",10.3390/en15239039,Energies,2022-11-29T00:00:00+00:00,1,https://doi.org/10.3390/en15239039,governmentofjordan,"Government of Jordan","Assessment of Green Hydrogen for industrial heat in Jordan",2025-06-18,"Public Sector",Government,"National Body; Mixed Roles; Public Service",Jordan,https://www.memr.gov.jo/ebv4.0/root_storage/ar/eb_list_page/aghihj2025_v2.pdf,https://app.overton.io/document.php?policy_document_id=governmentofjordan-c984042bfc3bcf0c1f639dc9d6929765,
"Data-Driven Based Prediction of the Energy Consumption of Residential Buildings in Oshawa",10.3390/buildings12112039,Buildings,2022-11-21T00:00:00+00:00,1,https://doi.org/10.3390/buildings12112039,bancaditalia,"Banca D'Italia","Banca d'Italia - N. 850 - Stimare la distribuzione degli attestati di prestazione energetica in Italia: un approccio basato sul machine learning",2024-05-29,"Public Sector",Government,"National Body; Financial Institution or Bank; Central Bank",Italy,https://www.bancaditalia.it/pubblicazioni/qef/2024-0850/index.html,https://app.overton.io/document.php?policy_document_id=bancaditalia-3c8dee682c32b2a1e6c6f7bdccf5237b,
"Inter-Fuel Substitution, Technical Change, and Carbon Mitigation Potential in Pakistan: Perspectives of Environmental Analysis",10.3390/en15228758,Energies,2022-11-21T00:00:00+00:00,1,https://doi.org/10.3390/en15228758,govdeptsfrance,"French Government Ministries","Présentation Du Module Mésange Vert",2024-07-09,"Public Sector",Government,"National Body; Mixed Roles; Public Service",France,https://www.tresor.economie.gouv.fr/Articles/7b1004b8-1182-4ec9-b01d-3c386e6be026/files/a1ce02b3-f58e-470b-8506-e55ae6616647,https://app.overton.io/document.php?policy_document_id=govdeptsfrance-467068569e06c7032623c1f49a8a6a09,
"Can distribution grid infrastructure accommodate residential electrification and electric vehicle adoption in Northern California?",10.1088/2634-4505/ac949c,"Environmental Research: Infrastructure and Sustainability",2022-11-09T00:00:00+00:00,16,https://doi.org/10.1088/2634-4505/ac949c,california_state_agencies,"State of California","October 2025",2025-10-31,"Public Sector",Government,"Regional or State Level Body; Mixed Roles; Public Service",USA,https://www.publicadvocates.cpuc.ca.gov/-/media/cal-advocates-website/files/press-room/reports-and-analyses/251030-public-advocates-office-distribution-grid-electrification-model-2025.pdf,https://app.overton.io/document.php?policy_document_id=california_state_agencies-4b3623cdd08f829771ff2c10684d3b82,"California Energy Commission"
"Can distribution grid infrastructure accommodate residential electrification and electric vehicle adoption in Northern California?",10.1088/2634-4505/ac949c,"Environmental Research: Infrastructure and Sustainability",2022-11-09T00:00:00+00:00,16,https://doi.org/10.1088/2634-4505/ac949c,california_state_agencies,"State of California","Appendix A",2025-02-20,"Public Sector",Government,"Regional or State Level Body; Mixed Roles; Public Service",USA,https://docs.cpuc.ca.gov/PublishedDocs/Efile/G000/M556/K897/556897432.PDF,https://app.overton.io/document.php?policy_document_id=california_state_agencies-aab48d41a158fb1c0622de213cbf2de3,"California Energy Commission"
"Can distribution grid infrastructure accommodate residential electrification and electric vehicle adoption in Northern California?",10.1088/2634-4505/ac949c,"Environmental Research: Infrastructure and Sustainability",2022-11-09T00:00:00+00:00,16,https://doi.org/10.1088/2634-4505/ac949c,california_state_agencies,"State of California","Distribution Grid Electrification Model",2023-08-23,"Public Sector",Government,"Regional or State Level Body; Mixed Roles; Public Service",USA,https://www.publicadvocates.cpuc.ca.gov/-/media/cal-advocates-website/files/press-room/reports-and-analyses/230824-public-advocates-distribution-grid-electrification-model-study-and-report.pdf,https://app.overton.io/document.php?policy_document_id=california_state_agencies-d928d218caf6a00498cdc7154a5af8d8,"California Energy Commission"
"Can distribution grid infrastructure accommodate residential electrification and electric vehicle adoption in Northern California?",10.1088/2634-4505/ac949c,"Environmental Research: Infrastructure and Sustainability",2022-11-09T00:00:00+00:00,16,https://doi.org/10.1088/2634-4505/ac949c,california_state_agencies,"State of California","Distribution Grid Electrification Model",2023-08-23,"Public Sector",Government,"Regional or State Level Body; Mixed Roles; Public Service",USA,https://www.publicadvocates.cpuc.ca.gov/-/media/cal-advocates-website/files/press-room/reports-and-analyses/230824-public-advocates-distribution-grid-electrification-model-fact-sheet.pdf,https://app.overton.io/document.php?policy_document_id=california_state_agencies-e44e0602e2ae07f004e59fd67c3eda7b,"California Energy Commission"
"Can distribution grid infrastructure accommodate residential electrification and electric vehicle adoption in Northern California?",10.1088/2634-4505/ac949c,"Environmental Research: Infrastructure and Sustainability",2022-11-09T00:00:00+00:00,16,https://doi.org/10.1088/2634-4505/ac949c,dallasfed,"Federal Reserve Bank of Dallas","If You Build It, They May Not Come : Willingness to Participate in Managed EV Charging",2026-04-09,"Public Sector",Government,"Regional or State Level Body; Financial Institution or Bank; Central Bank",USA,https://www.dallasfed.org/~/media/documents/research/papers/2026/wp2610.pdf,https://app.overton.io/document.php?policy_document_id=dallasfed-498891715766b5f112ee534042a23d01,"California Energy Commission"
"Can distribution grid infrastructure accommodate residential electrification and electric vehicle adoption in Northern California?",10.1088/2634-4505/ac949c,"Environmental Research: Infrastructure and Sustainability",2022-11-09T00:00:00+00:00,16,https://doi.org/10.1088/2634-4505/ac949c,dallasfed,"Federal Reserve Bank of Dallas","Smooth Operator? Managing Electric Vehicle Integration in Constrained Distribution Networks – Research Dept. Working Paper No. 2540 – Dallas Fed",2025-10-28,"Public Sector",Government,"Regional or State Level Body; Financial Institution or Bank; Central Bank",USA,https://www.dallasfed.org/~/media/documents/research/papers/2025/wp2540.pdf,https://app.overton.io/document.php?policy_document_id=dallasfed-554b308376c7e5dc5cbb5f0e261c2368,"California Energy Commission"
"Can distribution grid infrastructure accommodate residential electrification and electric vehicle adoption in Northern California?",10.1088/2634-4505/ac949c,"Environmental Research: Infrastructure and Sustainability",2022-11-09T00:00:00+00:00,16,https://doi.org/10.1088/2634-4505/ac949c,epagov,EPA,"Greenhouse Gas Emissions Standards for Heavy-Duty Vehicles : Phase 3",2024-03-21,"Public Sector",Government,"National Body; Government Agency; Arm's Length Body; Monitoring or Regulatory Body",USA,https://www.epa.gov/system/files/documents/2024-03/420r24007.pdf,https://app.overton.io/document.php?policy_document_id=epagov-70ce6266c2c4b7367b0f0182e402543f,"California Energy Commission"
"Can distribution grid infrastructure accommodate residential electrification and electric vehicle adoption in Northern California?",10.1088/2634-4505/ac949c,"Environmental Research: Infrastructure and Sustainability",2022-11-09T00:00:00+00:00,16,https://doi.org/10.1088/2634-4505/ac949c,esigusa,"Energy Systems Integration Group (ESIG)","Leveraging Locational and Temporal Flexibility in Transportation Electrification to Benefit Power Systems",2023-03-16,"Third Sector","Think Tank","Research Centre; Policy Centre; Professional Network, Association, Union or Cooperative",USA,https://www.esig.energy/reports-briefs/leveraging-locational-and-temporal-flexibility-in-transportation-electrification-to-benefit-power-systems/,https://app.overton.io/document.php?policy_document_id=esigusa-eff41feac50551d96223f6f0611e4058,"California Energy Commission"
"Can distribution grid infrastructure accommodate residential electrification and electric vehicle adoption in Northern California?",10.1088/2634-4505/ac949c,"Environmental Research: Infrastructure and Sustainability",2022-11-09T00:00:00+00:00,16,https://doi.org/10.1088/2634-4505/ac949c,governmentofcanada,"Government of Canada","Medium and heavy-duty vehicle (MHDV) grid integration study : final report.: T42-35/2024E-PDF",2024-08-28,"Public Sector",Government,"National Body; Mixed Roles; Public Service",Canada,https://publications.gc.ca/site/eng/9.946104/publication.html,https://app.overton.io/document.php?policy_document_id=governmentofcanada-b1cfe5a8e84a871429b025306c2a87a5,"California Energy Commission"
"Can distribution grid infrastructure accommodate residential electrification and electric vehicle adoption in Northern California?",10.1088/2634-4505/ac949c,"Environmental Research: Infrastructure and Sustainability",2022-11-09T00:00:00+00:00,16,https://doi.org/10.1088/2634-4505/ac949c,governmentofcanada,"Government of Canada","Medium and heavy-duty vehicle (MHDV) grid integration study : final report.: T42-35/2024E-PDF Publications - Canada.ca",2024-08-28,"Public Sector",Government,"National Body; Mixed Roles; Public Service",Canada,http://publications.gc.ca/site/eng/9.946104/publication.html,https://app.overton.io/document.php?policy_document_id=governmentofcanada-f3e74b80ca6dcc11b4ca212f4b8e9e96,"California Energy Commission"
"Can distribution grid infrastructure accommodate residential electrification and electric vehicle adoption in Northern California?",10.1088/2634-4505/ac949c,"Environmental Research: Infrastructure and Sustainability",2022-11-09T00:00:00+00:00,16,https://doi.org/10.1088/2634-4505/ac949c,massgov,"Commonwealth of Massachusetts","Future Grid Plan :",2023-09-01,"Public Sector",Government,"Regional or State Level Body; Public Service; Mixed Roles",USA,https://www.mass.gov/doc/gmacesmp-draftnational-grid/download?_gl=1*dfgptb*_ga*NzUwNDI5MDE3LjE2NTA5ODEyMjQ.*_ga_SW2TVH2WBY*MTY5MzkyMDE2OS4zNi4xLjE2OTM5MjM1OTcuMC4wLjA,https://app.overton.io/document.php?policy_document_id=massgov-0f8fd71705b130de405ac304b4a8616a,"California Energy Commission"
"Can distribution grid infrastructure accommodate residential electrification and electric vehicle adoption in Northern California?",10.1088/2634-4505/ac949c,"Environmental Research: Infrastructure and Sustainability",2022-11-09T00:00:00+00:00,16,https://doi.org/10.1088/2634-4505/ac949c,nber,NBER,"Electric Vehicles and the Energy Transition: Unintended Consequences of a Common Retail Rate Design",2024-09-02,"Third Sector","Think Tank","Research Centre",USA,https://www.nber.org/papers/w32886,https://app.overton.io/document.php?policy_document_id=nber-059c645e49e98d716bdd8e6405502fb0,"California Energy Commission"
"Can distribution grid infrastructure accommodate residential electrification and electric vehicle adoption in Northern California?",10.1088/2634-4505/ac949c,"Environmental Research: Infrastructure and Sustainability",2022-11-09T00:00:00+00:00,16,https://doi.org/10.1088/2634-4505/ac949c,nber,NBER,"Energy Hogs and Energy Angels: What Does Residential Electricity Usage Really Tell Us About Profligate Consumption?",2024-01-08,"Third Sector","Think Tank","Research Centre",USA,https://www.nber.org/papers/w32023,https://app.overton.io/document.php?policy_document_id=nber-0711b0a6626cbf776075ad6fe245016a,"California Energy Commission"
"Can distribution grid infrastructure accommodate residential electrification and electric vehicle adoption in Northern California?",10.1088/2634-4505/ac949c,"Environmental Research: Infrastructure and Sustainability",2022-11-09T00:00:00+00:00,16,https://doi.org/10.1088/2634-4505/ac949c,nber,NBER,"Transmission Impossible? Prospects for Decarbonizing the US Grid",2023-06-19,"Third Sector","Think Tank","Research Centre",USA,https://www.nber.org/papers/w31377,https://app.overton.io/document.php?policy_document_id=nber-efc78d400fc67ebbe7512c07ebd1eea9,"California Energy Commission"
"Can distribution grid infrastructure accommodate residential electrification and electric vehicle adoption in Northern California?",10.1088/2634-4505/ac949c,"Environmental Research: Infrastructure and Sustainability",2022-11-09T00:00:00+00:00,16,https://doi.org/10.1088/2634-4505/ac949c,nycgov,"City of New York","Comments of the Attorneys General of Massachusetts, New York, California, Connecticut, Arizona, Colorado, Delaware, Hawai ‘ i, Illinois, Maine, Maryland, Michigan, Minnesota, Nevada, New Jersey, New Mexico, North Carolina, Oregon, Rhode Island, Vermont, Washington, Wisconsin, and the District of Columbia, and the Chief Legal Officers of the City of Chicago, Illinois ; the City of New York, New York ; the City of Oakl",2025-09-22,"Public Sector",Government,"Municipal Body; Public Service",USA,https://www.nyc.gov/content/dam/nycgov/mayors-office/downloads/pdf/press-releases/2025/EPA-Comment-Letters.pdf,https://app.overton.io/document.php?policy_document_id=nycgov-2487f7b59e5c5c04f3c4531ad4984d68,"California Energy Commission"
"Can distribution grid infrastructure accommodate residential electrification and electric vehicle adoption in Northern California?",10.1088/2634-4505/ac949c,"Environmental Research: Infrastructure and Sustainability",2022-11-09T00:00:00+00:00,16,https://doi.org/10.1088/2634-4505/ac949c,stateofmaine,"State of Maine","American Fuel & Petrochemical Manufacturers",2023-07-05,"Public Sector",Government,"Regional or State Level Body; Mixed Roles; Public Service",USA,https://www.maine.gov/dep/ftp/rulemaking/127A/public-comment/Opposed/AFPM%20Attachment%20B%20to%20comment%20in%20opposition%20to%20127-A.pdf,https://app.overton.io/document.php?policy_document_id=stateofmaine-7381e282b8f94501d5d8adac7ae70714,"California Energy Commission"
"The value of TSO-DSO coordination in re-dispatch with flexible decentralized energy sources: Insights for Germany in 2030",10.1016/j.apenergy.2022.119905,"Applied Energy",2022-11-01T00:00:00+00:00,1,https://doi.org/10.1016/j.apenergy.2022.119905,kudosno,"Kunnskapsdokumenter i offentlig sektor (KUDOS)","CINELDI sluttrapport 2016–2024",2024-11-01,"Public Sector",Government,"National Body; Initiative, Programme or Project; Policy Centre; Archive; Public Data Body or Statistics",Norway,https://kudos.dfo.no/dokument/a14550d7-09e7-4159-b6dc-85bda8a7ffbc,https://app.overton.io/document.php?policy_document_id=kudosno-5e13b5e8eb7e338409c952c12bea20c4,
"Modeling climate change impact on inflow and hydropower generation of Nangbeto dam in West Africa using multi-model CORDEX ensemble and ensemble machine learning",10.1016/j.apenergy.2022.119795,"Applied Energy",2022-11-01T00:00:00+00:00,1,https://doi.org/10.1016/j.apenergy.2022.119795,internationalenergyagency,"International Energy Agency","Energy and AI – Analysis",2025-04-09,"Public Sector",IGO,"International Body; IGO Department or Agency; Research Centre; Policy Centre; Monitoring or Regulatory Body",IGO,https://www.iea.org/reports/energy-and-ai,https://app.overton.io/document.php?policy_document_id=internationalenergyagency-a9dcc0b6b84cace022a40826f04807bb,
"Multi-resolution, multi-horizon distributed solar PV power forecasting with forecast combinations",10.1016/j.eswa.2022.117690,"Expert Systems with Applications",2022-11-01T00:00:00+00:00,1,https://doi.org/10.1016/j.eswa.2022.117690,cordisbe,CORDIS,"Integrated energy solutions and new market mechanisms for an eXtended FLEXibility of the European grid",2023-12-19,"Public Sector",Government,"Public Data Body or Statistics; Archive; Public Service; Mixed Roles",EU,https://ec.europa.eu/research/participants/documents/downloadPublic?documentIds=080166e5021e7ac3&appId=PPGMS,https://app.overton.io/document.php?policy_document_id=cordisbe-effa0380d5b76531055e327f4da6b7f0,
"Trends in energy consumption under the multi-stage development of ICT: Evidence in China from 2001 to 2030",10.1016/j.egyr.2022.07.003,"Energy Reports",2022-11-01T00:00:00+00:00,1,https://doi.org/10.1016/j.egyr.2022.07.003,jointresearcheu,"Joint Research Centre","Identifying common indicators for measuring the environmental footprint of electronic communications networks (ECNs) for the provision of electronic communications services (ECSs)",2024-03-08,"Public Sector",Government,"International Body; IGO Department or Agency; Research Centre; Policy Centre; Commission",EU,https://publications.jrc.ec.europa.eu/repository/handle/JRC136475,https://app.overton.io/document.php?policy_document_id=jointresearcheu-4f29485b055ac6729606d98265da2f49,
"Group predictive voltage and frequency regulators for small hydro power plant in the context of low power quality",10.1016/j.renene.2022.10.017,"Renewable Energy",2022-11-01T00:00:00+00:00,1,https://doi.org/10.1016/j.renene.2022.10.017,jointresearcheu,"Joint Research Centre","Resilience assessment: Methodological challenges and applications to critical infrastructures",2024-09-04,"Public Sector",Government,"International Body; IGO Department or Agency; Research Centre; Policy Centre; Commission",EU,https://publications.jrc.ec.europa.eu/repository/handle/JRC139101,https://app.overton.io/document.php?policy_document_id=jointresearcheu-6d0b55bd166eee5dce7e14b1fcac89df,
"An assessment of the impacts of heat electrification on the electric grid in the UK",10.1016/j.egyr.2022.10.408,"Energy Reports",2022-11-01T00:00:00+00:00,5,https://doi.org/10.1016/j.egyr.2022.10.408,nber,NBER,"Decarbonizing Heat: The Impact of Heat Pumps and a Time-of-Use Heat Pump Tariff on Energy Demand",2024-10-07,"Third Sector","Think Tank","Research Centre",USA,https://www.nber.org/papers/w33036,https://app.overton.io/document.php?policy_document_id=nber-4e873e3a3d284a3870ab22d328e62bca,"Engineering and Physical Sciences Research Council"
"An assessment of the impacts of heat electrification on the electric grid in the UK",10.1016/j.egyr.2022.10.408,"Energy Reports",2022-11-01T00:00:00+00:00,5,https://doi.org/10.1016/j.egyr.2022.10.408,wcpp,"Wales Centre for Public Policy","How could Wales heat and build low-carbon homes by 2035?",2024-06-04,"Third Sector","Think Tank","Research Centre; Policy Centre",UK,https://wcpp.org.uk/publication/how-could-wales-heat-and-build-low-carbon-homes-by-2035/,https://app.overton.io/document.php?policy_document_id=wcpp-19b03ea1ab4e9d1dd04613f69ef03db0,"Engineering and Physical Sciences Research Council"
"An assessment of the impacts of heat electrification on the electric grid in the UK",10.1016/j.egyr.2022.10.408,"Energy Reports",2022-11-01T00:00:00+00:00,5,https://doi.org/10.1016/j.egyr.2022.10.408,wcpp,"Wales Centre for Public Policy","How could Wales meet energy needs by 2035 while phasing out fossil fuels?",2023-12-05,"Third Sector","Think Tank","Research Centre; Policy Centre",UK,https://wcpp.org.uk/publication/how-could-wales-meet-energy-needs-by-2035-while-phasing-out-fossil-fuels/,https://app.overton.io/document.php?policy_document_id=wcpp-97309c0a76d681146b0cab92fb0e565d,"Engineering and Physical Sciences Research Council"
"An assessment of the impacts of heat electrification on the electric grid in the UK",10.1016/j.egyr.2022.10.408,"Energy Reports",2022-11-01T00:00:00+00:00,5,https://doi.org/10.1016/j.egyr.2022.10.408,wcpp,"Wales Centre for Public Policy","How could Wales heat and build low-carbon homes by 2035?",2024-04-10,"Third Sector","Think Tank","Research Centre; Policy Centre",UK,https://www.wcpp.org.uk/publication/how-could-wales-heat-and-build-low-carbon-homes-by-2035/,https://app.overton.io/document.php?policy_document_id=wcpp-bf301e26346cb8d2a243bffa10f0e0c3,"Engineering and Physical Sciences Research Council"
"An assessment of the impacts of heat electrification on the electric grid in the UK",10.1016/j.egyr.2022.10.408,"Energy Reports",2022-11-01T00:00:00+00:00,5,https://doi.org/10.1016/j.egyr.2022.10.408,wcpp,"Wales Centre for Public Policy","How could Wales meet energy needs by 2035 while phasing out fossil fuels?",2023-12-05,"Third Sector","Think Tank","Research Centre; Policy Centre",UK,https://www.wcpp.org.uk/publication/how-could-wales-meet-energy-needs-by-2035-while-phasing-out-fossil-fuels/,https://app.overton.io/document.php?policy_document_id=wcpp-e838a50a4578f7296fc844ed06564a74,"Engineering and Physical Sciences Research Council"
"A methodology to assess energy-demand savings and cost-effectiveness of adaptation measures in educational buildings in the warm Mediterranean region",10.1016/j.egyr.2022.03.140,"Energy Reports",2022-11-01T00:00:00+00:00,1,https://doi.org/10.1016/j.egyr.2022.03.140,ministrukabinets,"Government of Latvia","Risku un ievainojamības novērtējums un pielāgošanās indikatoru un pasākumu identificēšana būvniecības jomā",2026-05-11,"Public Sector",Government,"National Body; Mixed Roles; Public Service",Latvia,https://ppdb.mk.gov.lv/wp-content/uploads/2026/06/Nosleguma_zinojums_buvnieciba.pdf,https://app.overton.io/document.php?policy_document_id=ministrukabinets-095e49a8bc49d1c3e7f37f450afb2269,"University of Cyprus"
"Floating wind turbine energy and fatigue loads estimation according to climate period scaled wind and waves",10.1016/j.enconman.2022.116303,"Energy Conversion and Management",2022-11-01T00:00:00+00:00,1,https://doi.org/10.1016/j.enconman.2022.116303,elcano,"Elcano Royal Institute","Análisis del impacto del cambio climático en los recursos de energía renovable eólica y undimotriz: panorama mundial y regional",2024-11-28,"Third Sector","Think Tank","Research Centre; Policy Centre",Spain,https://www.realinstitutoelcano.org/analisis/analisis-del-impacto-del-cambio-climatico-en-los-recursos-de-energia-renovable-eolica-y-undimotriz-panorama-mundial-y-regional/,https://app.overton.io/document.php?policy_document_id=elcano-ec2fb72a1e9d901eca2287e1ce0de8b6,"Agencia Estatal de Investigación"
"Privacy-preserving federated learning for residential short-term load forecasting",10.1016/j.apenergy.2022.119915,"Applied Energy",2022-11-01T00:00:00+00:00,2,https://doi.org/10.1016/j.apenergy.2022.119915,tnonl,"Nederlandse Organisatie voor Toegepast Natuurwetenschappelijk Onderzoek","Innovation and earning power in a digital world: Unlocking the socio-economic potential of Digital Trust",2026-01-01,"Public Sector",Government,"Research Centre",Netherlands,https://repository.tno.nl/SingleDoc?docId=82234,https://app.overton.io/document.php?policy_document_id=tnonl-9092a7c3c990f4587f5ebf4517b58712,"Bundesministerium für Bildung und Forschung; European Commission; Fonds National de la Recherche Luxembourg"
"Privacy-preserving federated learning for residential short-term load forecasting",10.1016/j.apenergy.2022.119915,"Applied Energy",2022-11-01T00:00:00+00:00,2,https://doi.org/10.1016/j.apenergy.2022.119915,tnonl,"Nederlandse Organisatie voor Toegepast Natuurwetenschappelijk Onderzoek","PET Decision Tree Guide",2026-01-01,"Public Sector",Government,"Research Centre",Netherlands,https://repository.tno.nl/SingleDoc?docId=84273,https://app.overton.io/document.php?policy_document_id=tnonl-95fdb5aea9aa1a9fa1f9c0279599b5c1,"Bundesministerium für Bildung und Forschung; European Commission; Fonds National de la Recherche Luxembourg"
"Mitigation of air pollution and corresponding impacts during a global energy transition towards 100% renewable energy system by 2050",10.1016/j.egyr.2022.10.343,"Energy Reports",2022-11-01T00:00:00+00:00,2,https://doi.org/10.1016/j.egyr.2022.10.343,unfccc,"United Nations Framework Convention on Climate Change","Submission from the World Bank to the United Nations Framework Convention on Climate Change in relation to the Sharm el-Sheikh online portal under the mandate of decision FCCC/SB/2024/L.2, paragraph 4",2026-05-19,"Public Sector",IGO,"International Body; Arm's Length Body; Initiative, Programme or Project; Monitoring or Regulatory Body",IGO,https://unfccc.int/documents/657382,https://app.overton.io/document.php?policy_document_id=unfccc-f3bb9b437683197a5b72e9fb0314e744,"Business Finland; Business Finland"
"Mitigation of air pollution and corresponding impacts during a global energy transition towards 100% renewable energy system by 2050",10.1016/j.egyr.2022.10.343,"Energy Reports",2022-11-01T00:00:00+00:00,2,https://doi.org/10.1016/j.egyr.2022.10.343,worldbank,"World Bank","Recipe for a Livable Planet",2024-05-06,"Public Sector",IGO,"International Body; Financial Institution or Bank; Development Bank; Policy Centre",IGO,https://hdl.handle.net/10986/41468,https://app.overton.io/document.php?policy_document_id=worldbank-099d68631327b39f2db04f4300347e49,"Business Finland; Business Finland"
"Economic feasibility of electrified highways for heavy-duty electric trucks",10.1016/j.apenergy.2022.119935,"Applied Energy",2022-11-01T00:00:00+00:00,1,https://doi.org/10.1016/j.apenergy.2022.119935,tnonl,"Nederlandse Organisatie voor Toegepast Natuurwetenschappelijk Onderzoek","Electric Road System: Social Cost Benefit Analysis",2024-01-01,"Public Sector",Government,"Research Centre",Netherlands,https://repository.tno.nl/SingleDoc?docId=66698,https://app.overton.io/document.php?policy_document_id=tnonl-40a26464ad5c87b254242982b9439074,"Natural Resources Canada"
"Silver–Bismuth Halide Double Salts for Lead‐Free Photovoltaics: Insights from Symmetry‐Based Modeling",10.1002/solr.202200718,"Solar RRL",2022-10-26T00:00:00+00:00,1,https://doi.org/10.1002/solr.202200718,cordisbe,CORDIS,"DRop-on demand flexible Optoelectronics & Photovoltaics by means of Lead-Free halide perovskITes",2023-08-07,"Public Sector",Government,"Public Data Body or Statistics; Archive; Public Service; Mixed Roles",EU,https://ec.europa.eu/research/participants/documents/downloadPublic?documentIds=080166e5fcdd4cb8&appId=PPGMS,https://app.overton.io/document.php?policy_document_id=cordisbe-2287c7c00762847de2f2a49940939950,"H2020 Excellent Science; H2020 Future and Emerging Technologies; H2020 Future and Emerging Technologies"
"Current status and grand challenges for small wind turbine technology",10.5194/wes-7-2003-2022,"Wind Energy Science",2022-10-12T00:00:00+00:00,3,https://doi.org/10.5194/wes-7-2003-2022,gpogov,"Government Publishing Office (GPO)","Distributed wind energy monitoring best practices /",2024-09-25,"Public Sector",Government,"National Body; Mixed Roles; Public Service",USA,https://purl.fdlp.gov/GPO/gpo259983,https://app.overton.io/document.php?policy_document_id=gpogov-2c50b129d22762e49072b3b6b683c6a2,
"Current status and grand challenges for small wind turbine technology",10.5194/wes-7-2003-2022,"Wind Energy Science",2022-10-12T00:00:00+00:00,3,https://doi.org/10.5194/wes-7-2003-2022,nrelosti,"National Renewable Energy Laboratory","Wind Energy Accomplishments and Midyear Performance Report: Fiscal Year 2023",2023-05-25,"Public Sector",Government,"National Body; Arm's Length Body; Research Centre; Policy Centre",USA,https://www.osti.gov/biblio/1975825,https://app.overton.io/document.php?policy_document_id=nrelosti-83bfa8bf18e990a08737a3f21faabc7e,
"Current status and grand challenges for small wind turbine technology",10.5194/wes-7-2003-2022,"Wind Energy Science",2022-10-12T00:00:00+00:00,3,https://doi.org/10.5194/wes-7-2003-2022,unitednations,"United Nations","Climate technology progress report 2024 :unleashing renewable energy for ambitious NDCs",2024-01-01,"Public Sector",IGO,"International Body; Top-Level Authority; IGO Department or Agency; Mixed Roles; Policy Centre",IGO,https://digitallibrary.un.org/record/4065169?ln=en,https://app.overton.io/document.php?policy_document_id=unitednations-fc2af588a52d54064f05b05523fd4549,
"Transient numerical study on injecting PCM in buildings along with extra comfort ventilation: Use of artificial neural network to decline energy utilization",10.1016/j.enganabound.2022.07.005,"Engineering Analysis with Boundary Elements",2022-10-01T00:00:00+00:00,1,https://doi.org/10.1016/j.enganabound.2022.07.005,governmentofkuwait,"Government of Kuwait","Jalal Alsarraf, Professor Head of Marine Engineering Technology Department",2025-07-14,"Public Sector",Government,"National Body; Public Service; Mixed Roles",Kuwait,https://www.paaet.edu.kw/media/k5zn4v4b/cv-jalal-20825.pdf,https://app.overton.io/document.php?policy_document_id=governmentofkuwait-83b171cb0b1aec7094f2c8a0c78b0491,
"A Green Hydrogen Energy System: Optimal control strategies for integrated hydrogen storage and power generation with wind energy",10.1016/j.rser.2022.112744,"Renewable and Sustainable Energy Reviews",2022-10-01T00:00:00+00:00,2,https://doi.org/10.1016/j.rser.2022.112744,aneelbr,"Agência Nacional de Energia Elétrica","Bibliografia temática : hidrogênio verde como fonte de energia elétrica",2022-08-18,"Public Sector",Government,"Monitoring or Regulatory Body",Brazil,https://biblioteca.aneel.gov.br/acervo/detalhe/226860,https://app.overton.io/document.php?policy_document_id=aneelbr-9721816ef4572650cc449f5bf511ebea,
"A Green Hydrogen Energy System: Optimal control strategies for integrated hydrogen storage and power generation with wind energy",10.1016/j.rser.2022.112744,"Renewable and Sustainable Energy Reviews",2022-10-01T00:00:00+00:00,2,https://doi.org/10.1016/j.rser.2022.112744,europa,"Publications Office of the European Union","Research and innovation for climate neutrality by 2050",2024-03-04,"Public Sector",Government,"International Body; Public Data Body or Statistics; Archive; Public Service",EU,https://op.europa.eu/en/publication-detail/-/publication/5dee91d3-d9e8-11ee-b9d9-01aa75ed71a1/language-en,https://app.overton.io/document.php?policy_document_id=europa-a66db6dc898f7f4682b32b9f09d9062b,
"Projecting the levelized cost of large scale hydrogen storage for stationary applications",10.1016/j.enconman.2022.116241,"Energy Conversion and Management",2022-10-01T00:00:00+00:00,1,https://doi.org/10.1016/j.enconman.2022.116241,inesc,"National Economic and Social Council","Future of the Gas Sector in Ireland",2025-04-01,"Public Sector",Government,"National Body; Arm's Length Body; Policy Centre; Research Centre",Ireland,https://www.nesc.ie/publications/future-of-the-gas-sector-in-ireland/,https://app.overton.io/document.php?policy_document_id=inesc-1da3a84f19f22d96f975e4e301d46ec2,"Australian National University"
"Electrification of a Class 8 Heavy-Duty Truck Considering Battery Pack Sizing and Cargo Capacity",10.3390/app12199683,"Applied Sciences",2022-09-27T00:00:00+00:00,3,https://doi.org/10.3390/app12199683,europa,"Publications Office of the European Union","European research and innovation in zero-emission heavy-duty road transport",2025-05-02,"Public Sector",Government,"International Body; Public Data Body or Statistics; Archive; Public Service",EU,https://op.europa.eu/en/publication-detail/-/publication/d975f200-2960-11f0-8a44-01aa75ed71a1/language-en,https://app.overton.io/document.php?policy_document_id=europa-3bae4cac7b560aea49a74ecc2c4155ea,
"Electrification of a Class 8 Heavy-Duty Truck Considering Battery Pack Sizing and Cargo Capacity",10.3390/app12199683,"Applied Sciences",2022-09-27T00:00:00+00:00,3,https://doi.org/10.3390/app12199683,jointresearcheu,"Joint Research Centre","European Research and Innovation in Zero-Emission Heavy-Duty Road Transport",2025-05-02,"Public Sector",Government,"International Body; IGO Department or Agency; Research Centre; Policy Centre; Commission",EU,https://publications.jrc.ec.europa.eu/repository/handle/JRC141952,https://app.overton.io/document.php?policy_document_id=jointresearcheu-d8f2fbf08eea28b9196e4bec2db40e1b,
"Electrification of a Class 8 Heavy-Duty Truck Considering Battery Pack Sizing and Cargo Capacity",10.3390/app12199683,"Applied Sciences",2022-09-27T00:00:00+00:00,3,https://doi.org/10.3390/app12199683,uditsusa,"UC Davis Institute of Transportation Studies","Review and Analysis of Current and Future Battery Technologies for Heavy Duty Electric Vehicles",2025-04-01,"Third Sector","Think Tank","Research Centre",USA,https://escholarship.org/uc/item/5rw5h907,https://app.overton.io/document.php?policy_document_id=uditsusa-f4ab320eccb5d5cf2a1f4f1f1fd354d3,
"Charging infrastructure access and operation to reduce the grid impacts of deep electric vehicle adoption",10.1038/s41560-022-01105-7,"Nature Energy",2022-09-22T00:00:00+00:00,16,https://doi.org/10.1038/s41560-022-01105-7,california_state_agencies,"State of California","PowerFlex Inc Comments - PowerFlex Comments_June 7 Advisory Committee Meeting",2024-06-21,"Public Sector",Government,"Regional or State Level Body; Mixed Roles; Public Service",USA,https://efiling.energy.ca.gov/GetDocument.aspx?tn=257298&DocumentContentId=93161,https://app.overton.io/document.php?policy_document_id=california_state_agencies-35515c15eeb6df1d95bc43da95141f49,"California Energy Commission; California Energy Commission; National Science Foundation; National Science Foundation; SLAC National Accelerator Laboratory; Stanford Precourt Institute for Energy; Stanford University; Stanford University; U.S. Department of Energy"
"Charging infrastructure access and operation to reduce the grid impacts of deep electric vehicle adoption",10.1038/s41560-022-01105-7,"Nature Energy",2022-09-22T00:00:00+00:00,16,https://doi.org/10.1038/s41560-022-01105-7,california_state_agencies,"State of California","PowerFlex Inc Comments - PowerFlex Comments_Oct 1 Advisory Committee Meeting",2024-10-22,"Public Sector",Government,"Regional or State Level Body; Mixed Roles; Public Service",USA,https://efiling.energy.ca.gov/GetDocument.aspx?tn=259652&DocumentContentId=95793,https://app.overton.io/document.php?policy_document_id=california_state_agencies-6a24d2c18e992ad604c389cfe62059ba,"California Energy Commission; California Energy Commission; National Science Foundation; National Science Foundation; SLAC National Accelerator Laboratory; Stanford Precourt Institute for Energy; Stanford University; Stanford University; U.S. Department of Energy"
"Charging infrastructure access and operation to reduce the grid impacts of deep electric vehicle adoption",10.1038/s41560-022-01105-7,"Nature Energy",2022-09-22T00:00:00+00:00,16,https://doi.org/10.1038/s41560-022-01105-7,california_state_agencies,"State of California","City of San José's Comments re CALSTART Communities In Charge EV Infrastructure Incentives",2022-10-25,"Public Sector",Government,"Regional or State Level Body; Mixed Roles; Public Service",USA,https://efiling.energy.ca.gov/GetDocument.aspx?tn=246817&DocumentContentId=81163,https://app.overton.io/document.php?policy_document_id=california_state_agencies-7be648494e75a1e97c9add8bdc873888,"California Energy Commission; California Energy Commission; National Science Foundation; National Science Foundation; SLAC National Accelerator Laboratory; Stanford Precourt Institute for Energy; Stanford University; Stanford University; U.S. Department of Energy"
"Charging infrastructure access and operation to reduce the grid impacts of deep electric vehicle adoption",10.1038/s41560-022-01105-7,"Nature Energy",2022-09-22T00:00:00+00:00,16,https://doi.org/10.1038/s41560-022-01105-7,california_state_agencies,"State of California","PowerFlex Comments Revised Investment Plan",2022-10-24,"Public Sector",Government,"Regional or State Level Body; Mixed Roles; Public Service",USA,https://efiling.energy.ca.gov/GetDocument.aspx?tn=246760&DocumentContentId=81105,https://app.overton.io/document.php?policy_document_id=california_state_agencies-873cfa48f59c9409026b93c771af7046,"California Energy Commission; California Energy Commission; National Science Foundation; National Science Foundation; SLAC National Accelerator Laboratory; Stanford Precourt Institute for Energy; Stanford University; Stanford University; U.S. Department of Energy"
"Charging infrastructure access and operation to reduce the grid impacts of deep electric vehicle adoption",10.1038/s41560-022-01105-7,"Nature Energy",2022-09-22T00:00:00+00:00,16,https://doi.org/10.1038/s41560-022-01105-7,california_state_agencies,"State of California","DEVINE: Demonstration of Vehicle-Grid Integration in Non-Residential Environments",2023-06-22,"Public Sector",Government,"Regional or State Level Body; Mixed Roles; Public Service",USA,https://www.energy.ca.gov/sites/default/files/2023-06/CEC-500-2023-044_0.pdf,https://app.overton.io/document.php?policy_document_id=california_state_agencies-d260bce2552e6b08fffc15490eb8cce8,"California Energy Commission; California Energy Commission; National Science Foundation; National Science Foundation; SLAC National Accelerator Laboratory; Stanford Precourt Institute for Energy; Stanford University; Stanford University; U.S. Department of Energy"
"Charging infrastructure access and operation to reduce the grid impacts of deep electric vehicle adoption",10.1038/s41560-022-01105-7,"Nature Energy",2022-09-22T00:00:00+00:00,16,https://doi.org/10.1038/s41560-022-01105-7,epagov,EPA,"Multi-Pollutant Emissions Standards for Model Years 2027 and Later Light-Duty and Medium-Duty Vehicles",2024-03-19,"Public Sector",Government,"National Body; Government Agency; Arm's Length Body; Monitoring or Regulatory Body",USA,https://www.epa.gov/system/files/documents/2024-03/420r24005.pdf,https://app.overton.io/document.php?policy_document_id=epagov-51f23d3bb03b64322a5d8e1063f853a7,"California Energy Commission; California Energy Commission; National Science Foundation; National Science Foundation; SLAC National Accelerator Laboratory; Stanford Precourt Institute for Energy; Stanford University; Stanford University; U.S. Department of Energy"
"Charging infrastructure access and operation to reduce the grid impacts of deep electric vehicle adoption",10.1038/s41560-022-01105-7,"Nature Energy",2022-09-22T00:00:00+00:00,16,https://doi.org/10.1038/s41560-022-01105-7,epagov,EPA,"Multi-Pollutant Emissions Standards for Model Years 2027 and Later Light-Duty and Medium-Duty Vehicles",2023-04-07,"Public Sector",Government,"National Body; Government Agency; Arm's Length Body; Monitoring or Regulatory Body",USA,https://www.epa.gov/system/files/documents/2023-04/420d23003.pdf,https://app.overton.io/document.php?policy_document_id=epagov-616f8c406f6763dbb7a838c187689dc8,"California Energy Commission; California Energy Commission; National Science Foundation; National Science Foundation; SLAC National Accelerator Laboratory; Stanford Precourt Institute for Energy; Stanford University; Stanford University; U.S. Department of Energy"
"Charging infrastructure access and operation to reduce the grid impacts of deep electric vehicle adoption",10.1038/s41560-022-01105-7,"Nature Energy",2022-09-22T00:00:00+00:00,16,https://doi.org/10.1038/s41560-022-01105-7,esigusa,"Energy Systems Integration Group (ESIG)","Leveraging Locational and Temporal Flexibility in Transportation Electrification to Benefit Power Systems",2023-03-16,"Third Sector","Think Tank","Research Centre; Policy Centre; Professional Network, Association, Union or Cooperative",USA,https://www.esig.energy/reports-briefs/leveraging-locational-and-temporal-flexibility-in-transportation-electrification-to-benefit-power-systems/,https://app.overton.io/document.php?policy_document_id=esigusa-eff41feac50551d96223f6f0611e4058,"California Energy Commission; California Energy Commission; National Science Foundation; National Science Foundation; SLAC National Accelerator Laboratory; Stanford Precourt Institute for Energy; Stanford University; Stanford University; U.S. Department of Energy"
"Charging infrastructure access and operation to reduce the grid impacts of deep electric vehicle adoption",10.1038/s41560-022-01105-7,"Nature Energy",2022-09-22T00:00:00+00:00,16,https://doi.org/10.1038/s41560-022-01105-7,internationalenergyagency,"International Energy Agency","Grid Integration of Electric Vehicles – Analysis",2022-12-13,"Public Sector",IGO,"International Body; IGO Department or Agency; Research Centre; Policy Centre; Monitoring or Regulatory Body",IGO,https://www.iea.org/reports/grid-integration-of-electric-vehicles,https://app.overton.io/document.php?policy_document_id=internationalenergyagency-282026dcf437f537faf973622f0b4480,"California Energy Commission; California Energy Commission; National Science Foundation; National Science Foundation; SLAC National Accelerator Laboratory; Stanford Precourt Institute for Energy; Stanford University; Stanford University; U.S. Department of Energy"
"Charging infrastructure access and operation to reduce the grid impacts of deep electric vehicle adoption",10.1038/s41560-022-01105-7,"Nature Energy",2022-09-22T00:00:00+00:00,16,https://doi.org/10.1038/s41560-022-01105-7,keikr,"Korea Environment Institute","재생에너지 변동성 대응을 위한 ESS 및 섹터 커플링 도입 전망 연구 : 전기차 활용을 중심으로",2023-01-01,"Public Sector","Think Tank","National Body; Research Centre; Policy Centre","South Korea",https://www.nkis.re.kr/subject_view1.do?otpId=OTP_0000000000014173,https://app.overton.io/document.php?policy_document_id=keikr-2eaf1e7422143aa635eb2a5587ec9ab6,"California Energy Commission; California Energy Commission; National Science Foundation; National Science Foundation; SLAC National Accelerator Laboratory; Stanford Precourt Institute for Energy; Stanford University; Stanford University; U.S. Department of Energy"
"Charging infrastructure access and operation to reduce the grid impacts of deep electric vehicle adoption",10.1038/s41560-022-01105-7,"Nature Energy",2022-09-22T00:00:00+00:00,16,https://doi.org/10.1038/s41560-022-01105-7,keikr,"Korea Environment Institute","재생에너지 변동성 대응을 위한 ESS 및 섹터 커플링 도입 전망 연구 : 전기차 활용을 중심으로",2023-01-01,"Public Sector","Think Tank","National Body; Research Centre; Policy Centre","South Korea",https://www.nkis.re.kr/subject_view1.do?otcCd=RB&otcNm=기본연구보고서&otpId=OTP_0000000000014173&otpSeq=0&eoSeq=&currentPage=2&searchSelect=&searchWord=&returnPage=newest_list.do&schLclaScsId=&pblYy=&agcNms=한국환경연구원&listPerPage=50,https://app.overton.io/document.php?policy_document_id=keikr-c5894d52502d490fc9e7eb21538364ff,"California Energy Commission; California Energy Commission; National Science Foundation; National Science Foundation; SLAC National Accelerator Laboratory; Stanford Precourt Institute for Energy; Stanford University; Stanford University; U.S. Department of Energy"
"Charging infrastructure access and operation to reduce the grid impacts of deep electric vehicle adoption",10.1038/s41560-022-01105-7,"Nature Energy",2022-09-22T00:00:00+00:00,16,https://doi.org/10.1038/s41560-022-01105-7,mackinac,"Mackinac Center","DTE, Consumers’ peak-hour pricing plans have it all backward",2023-03-13,"Third Sector","Think Tank","Research Centre; Policy Centre",USA,https://www.michigancapitolconfidential.com/commentary/dte-consumers-peak-hour-pricing-plans-have-it-all-backward,https://app.overton.io/document.php?policy_document_id=mackinac-d23ab084cf3b2f3b6994414e7960f7d9,"California Energy Commission; California Energy Commission; National Science Foundation; National Science Foundation; SLAC National Accelerator Laboratory; Stanford Precourt Institute for Energy; Stanford University; Stanford University; U.S. Department of Energy"
"Charging infrastructure access and operation to reduce the grid impacts of deep electric vehicle adoption",10.1038/s41560-022-01105-7,"Nature Energy",2022-09-22T00:00:00+00:00,16,https://doi.org/10.1038/s41560-022-01105-7,napedu,"National Academies of Sciences, Engineering, and Medicine","Accelerating Decarbonization in the United States: Technology, Policy, and Societal Dimensions",2023-10-17,"Public Sector",Government,"National Body; Knowledge Brokerage; Research Center; Learned Society",USA,https://www.nationalacademies.org/publications/25931,https://app.overton.io/document.php?policy_document_id=napedu-9c32b3d5ef51253944a29ccae1ce568c,"California Energy Commission; California Energy Commission; National Science Foundation; National Science Foundation; SLAC National Accelerator Laboratory; Stanford Precourt Institute for Energy; Stanford University; Stanford University; U.S. Department of Energy"
"Charging infrastructure access and operation to reduce the grid impacts of deep electric vehicle adoption",10.1038/s41560-022-01105-7,"Nature Energy",2022-09-22T00:00:00+00:00,16,https://doi.org/10.1038/s41560-022-01105-7,oecddiscovery,OECD,"Grid Integration of Electric Vehicles",2022-12-18,"Public Sector",IGO,"International Body; IGO Department or Agency; Monitoring or Regulatory Body; Policy Centre; Research Centre",IGO,https://dx.doi.org/https://doi.org/10.1787/39f72d07-en,https://app.overton.io/document.php?policy_document_id=oecddiscovery-851f647c6b1c226082e10500f7871dae,"California Energy Commission; California Energy Commission; National Science Foundation; National Science Foundation; SLAC National Accelerator Laboratory; Stanford Precourt Institute for Energy; Stanford University; Stanford University; U.S. Department of Energy"
"Charging infrastructure access and operation to reduce the grid impacts of deep electric vehicle adoption",10.1038/s41560-022-01105-7,"Nature Energy",2022-09-22T00:00:00+00:00,16,https://doi.org/10.1038/s41560-022-01105-7,pacificresearchinstitute,"Pacific Research Institute","State Will Fall 21.1 Percent Short of Power Needed to Meet 2045 EV Mandate - Pacific Research Institute",2023-05-30,"Third Sector","Think Tank","Research Centre; Policy Centre",USA,https://www.pacificresearch.org/state-will-fall-21-1-percent-short-of-power-needed-to-meet-2045-ev-mandate-finds-new-pri-report/,https://app.overton.io/document.php?policy_document_id=pacificresearchinstitute-dc8e0e0317e4bc3ed626914435a8d3db,"California Energy Commission; California Energy Commission; National Science Foundation; National Science Foundation; SLAC National Accelerator Laboratory; Stanford Precourt Institute for Energy; Stanford University; Stanford University; U.S. Department of Energy"
"Charging infrastructure access and operation to reduce the grid impacts of deep electric vehicle adoption",10.1038/s41560-022-01105-7,"Nature Energy",2022-09-22T00:00:00+00:00,16,https://doi.org/10.1038/s41560-022-01105-7,transportenvironment,"Transport & Environment","Potenziale von Stellplätzen an Wohn- und Nichtwohngebäuden zur Bereitstellung privater Ladeinfrastruktur",2024-02-15,"Third Sector","Think Tank","Research Centre; Policy Centre",Belgium,https://www.transportenvironment.org/discover/potenziale-von-stellplatzen-an-wohn-und-nichtwohngebauden-zur-bereitstellung-privater-ladeinfrastruktur/,https://app.overton.io/document.php?policy_document_id=transportenvironment-9aeac8a249c732710c0ac580ecfb9104,"California Energy Commission; California Energy Commission; National Science Foundation; National Science Foundation; SLAC National Accelerator Laboratory; Stanford Precourt Institute for Energy; Stanford University; Stanford University; U.S. Department of Energy"
"Expanding the <i>Miscanthus</i> market in the <scp>UK</scp>: Growers in profile and experience, benefits and drawbacks of the bioenergy crop",10.1111/gcbb.12997,"GCB Bioenergy",2022-09-14T00:00:00+00:00,4,https://doi.org/10.1111/gcbb.12997,govwales,"The Welsh Government","Sustainable Farming Scheme: Carbon Sequestration Evidence Review Panel: full report",2025-04-30,"Public Sector",Government,"Regional or State Level Body; National Body; Mixed Roles; Public Service",UK,https://www.gov.wales/sustainable-farming-scheme-carbon-sequestration-evidence-review-panel-full-report,https://app.overton.io/document.php?policy_document_id=govwales-8a1ff8d3b172ef3d077515935c27120f,"Aston University; Bio-Based Industries Joint Undertaking; Biotechnology and Biological Sciences Research Council; Biotechnology and Biological Sciences Research Council; Directorate for Biological Sciences; EPSRC Centre for Doctoral Training in Additive Manufacturing; EPSRC Centre for Doctoral Training in Additive Manufacturing; Engineering and Physical Sciences Research Council; Engineering and Physical Sciences Research Council; Natural Environment Research Council; Natural Environment Research Council; Sight Research UK; UK Research and Innovation"
"Expanding the <i>Miscanthus</i> market in the <scp>UK</scp>: Growers in profile and experience, benefits and drawbacks of the bioenergy crop",10.1111/gcbb.12997,"GCB Bioenergy",2022-09-14T00:00:00+00:00,4,https://doi.org/10.1111/gcbb.12997,grantham,"Grantham Institute","Submission to the UK Department for Environment, Food & Rural Affairs: response to the Land Use in England open consultation - Grantham Research Institute on climate change and the environment",2025-07-04,"Third Sector","Think Tank","Research Centre; Policy Centre",UK,https://www.lse.ac.uk/granthaminstitute/publication/submission-to-the-uk-department-for-environment-food-and-rural-affairs-response-to-the-land-use-in-england-open-consultation/,https://app.overton.io/document.php?policy_document_id=grantham-28b3a7c588faf64891de46087b92b20a,"Aston University; Bio-Based Industries Joint Undertaking; Biotechnology and Biological Sciences Research Council; Biotechnology and Biological Sciences Research Council; Directorate for Biological Sciences; EPSRC Centre for Doctoral Training in Additive Manufacturing; EPSRC Centre for Doctoral Training in Additive Manufacturing; Engineering and Physical Sciences Research Council; Engineering and Physical Sciences Research Council; Natural Environment Research Council; Natural Environment Research Council; Sight Research UK; UK Research and Innovation"
"Expanding the <i>Miscanthus</i> market in the <scp>UK</scp>: Growers in profile and experience, benefits and drawbacks of the bioenergy crop",10.1111/gcbb.12997,"GCB Bioenergy",2022-09-14T00:00:00+00:00,4,https://doi.org/10.1111/gcbb.12997,ucruk,"UK Climate Risk","Cost-effective adaptation research: Farmed landscapes (WSP)",2026-05-20,"Public Sector",Government,"Research Centre",UK,https://www.ukclimaterisk.org/publications/cost-effective-adaptation-research-farmed-landscapes/,https://app.overton.io/document.php?policy_document_id=ucruk-a6ac3f99f1dfd6d715379ecb24ab0241,"Aston University; Bio-Based Industries Joint Undertaking; Biotechnology and Biological Sciences Research Council; Biotechnology and Biological Sciences Research Council; Directorate for Biological Sciences; EPSRC Centre for Doctoral Training in Additive Manufacturing; EPSRC Centre for Doctoral Training in Additive Manufacturing; Engineering and Physical Sciences Research Council; Engineering and Physical Sciences Research Council; Natural Environment Research Council; Natural Environment Research Council; Sight Research UK; UK Research and Innovation"
"Expanding the <i>Miscanthus</i> market in the <scp>UK</scp>: Growers in profile and experience, benefits and drawbacks of the bioenergy crop",10.1111/gcbb.12997,"GCB Bioenergy",2022-09-14T00:00:00+00:00,4,https://doi.org/10.1111/gcbb.12997,ukparliament,"UK Parliament Research Briefings","Biomass for UK energy",2023-01-19,"Public Sector","Legislative Body","National Body; Parliament, Senate or Congress; Research Centre",UK,https://post.parliament.uk/research-briefings/post-pn-0690/,https://app.overton.io/document.php?policy_document_id=ukparliament-8e508817bddf4b53fb7724bc7c178642,"Aston University; Bio-Based Industries Joint Undertaking; Biotechnology and Biological Sciences Research Council; Biotechnology and Biological Sciences Research Council; Directorate for Biological Sciences; EPSRC Centre for Doctoral Training in Additive Manufacturing; EPSRC Centre for Doctoral Training in Additive Manufacturing; Engineering and Physical Sciences Research Council; Engineering and Physical Sciences Research Council; Natural Environment Research Council; Natural Environment Research Council; Sight Research UK; UK Research and Innovation"
"Investigation of stochastic unit commitment to enable advanced flexibility measures for high shares of solar PV",10.1016/j.apenergy.2022.119337,"Applied Energy",2022-09-01T00:00:00+00:00,2,https://doi.org/10.1016/j.apenergy.2022.119337,nrelosti,"National Renewable Energy Laboratory","Solar Uncertainty Management and Mitigation for Exceptional Reliability in Grid Operations (SUMMER-GO): Project Final Report",2023-04-25,"Public Sector",Government,"National Body; Arm's Length Body; Research Centre; Policy Centre",USA,https://www.osti.gov/biblio/1972009,https://app.overton.io/document.php?policy_document_id=nrelosti-302f1322f927b145f31e09ae7151bdd0,
"Investigation of stochastic unit commitment to enable advanced flexibility measures for high shares of solar PV",10.1016/j.apenergy.2022.119337,"Applied Energy",2022-09-01T00:00:00+00:00,2,https://doi.org/10.1016/j.apenergy.2022.119337,nrelosti,"National Renewable Energy Laboratory","Advanced Computing Annual Report 2022",2023-03-27,"Public Sector",Government,"National Body; Arm's Length Body; Research Centre; Policy Centre",USA,https://www.osti.gov/biblio/1967504,https://app.overton.io/document.php?policy_document_id=nrelosti-dc5cfe1eae8fb0b366002444666ab22f,
"Thermoelectric power generation in the core of a nuclear reactor",10.1016/j.enconman.2022.115949,"Energy Conversion and Management",2022-09-01T00:00:00+00:00,1,https://doi.org/10.1016/j.enconman.2022.115949,stateofidaho,"State of Idaho","INFORMATIONAL FEBRUARY 28",2024-02-19,"Public Sector",Government,"Regional or State Level Body; Mixed Roles; Public Service",USA,https://boardofed.idaho.gov/meetings/board/archive/2024/022724/08%20INFORMATION.pdf,https://app.overton.io/document.php?policy_document_id=stateofidaho-cb37ec7af177f89e3335e14ee85498ce,
"Short-term individual residential load forecasting using an enhanced machine learning-based approach based on a feature engineering framework: A comparative study with deep learning methods",10.1016/j.epsr.2022.108119,"Electric Power Systems Research",2022-09-01T00:00:00+00:00,1,https://doi.org/10.1016/j.epsr.2022.108119,unescap,"United Nations ESCAP","Digitalization and Artificial Intelligence for Achieving SDG 7 and the Energy Transition in Asia and the Pacific",2024-12-31,"Public Sector",IGO,"International Body; Arm's Length Body; Commission",IGO,https://repository.unescap.org/handle/20.500.12870/7719,https://app.overton.io/document.php?policy_document_id=unescap-4589689bdbf3491bf126820ad2319984,
"Economic and environmental impacts of public investment in clean energy RD&D",10.1016/j.enpol.2022.113134,"Energy Policy",2022-09-01T00:00:00+00:00,2,https://doi.org/10.1016/j.enpol.2022.113134,europa,"Publications Office of the European Union","Study on clean energy R&I opportunities to ensure European energy security by targeting challenges of distinct energy value chains for 2030 and beyond",2024-07-08,"Public Sector",Government,"International Body; Public Data Body or Statistics; Archive; Public Service",EU,https://op.europa.eu/en/publication-detail/-/publication/25a97252-3da3-11ef-ab8f-01aa75ed71a1/language-en,https://app.overton.io/document.php?policy_document_id=europa-d0bb24d23e9a1fa2ca3209cd86e67d3c,
"Economic and environmental impacts of public investment in clean energy RD&D",10.1016/j.enpol.2022.113134,"Energy Policy",2022-09-01T00:00:00+00:00,2,https://doi.org/10.1016/j.enpol.2022.113134,neweconomicthinking,"Institute for New Economic Thinking","Macroeconomic Modeling in the Anthropocene",2024-10-28,"Third Sector","Think Tank","Research Centre; Policy Centre",USA,https://www.ineteconomics.org/research/research-papers/macroeconomic-modeling-in-the-anthropocene,https://app.overton.io/document.php?policy_document_id=neweconomicthinking-0ee1498945b46aae3258facf99a970ff,
"Integrated solar-driven high-temperature electrolysis operating with concentrated irradiation",10.1016/j.joule.2022.07.013,Joule,2022-09-01T00:00:00+00:00,1,https://doi.org/10.1016/j.joule.2022.07.013,cordisbe,CORDIS,"Solar Facilities for the European Research Area - Third Phase",2024-12-02,"Public Sector",Government,"Public Data Body or Statistics; Archive; Public Service; Mixed Roles",EU,https://ec.europa.eu/research/participants/documents/downloadPublic?documentIds=080166e504c5cb3c&appId=PPGMS,https://app.overton.io/document.php?policy_document_id=cordisbe-07671d857523c701637a1f7558ae5edc,
"Complementary thermal energy generation associated with renewable energies using Artificial Intelligence",10.1016/j.energy.2022.124264,Energy,2022-09-01T00:00:00+00:00,2,https://doi.org/10.1016/j.energy.2022.124264,stateofvalencia,"Generalitat Valenciana","El Profesional de la información vol. 33, n. 5 (2024 ):",2025-01-09,"Public Sector",Government,"Regional or State Level Body; Mixed Roles; Public Service",Spain,https://presidencia.gva.es/documents/166658342/383247054/Ejemplar%2033-05.pdf/29f3d6d7-ecc7-0b8b-2fe0-014933ee6d52?t=1738153209434,https://app.overton.io/document.php?policy_document_id=stateofvalencia-2c6e447807cb427b6a9a57486049e824,
"Complementary thermal energy generation associated with renewable energies using Artificial Intelligence",10.1016/j.energy.2022.124264,Energy,2022-09-01T00:00:00+00:00,2,https://doi.org/10.1016/j.energy.2022.124264,stateofvalencia,"Generalitat Valenciana","El Profesional de la información vol. 33, n. 5 (2024 ):",2025-01-09,"Public Sector",Government,"Regional or State Level Body; Mixed Roles; Public Service",Spain,https://presidencia.gva.es/documents/166658342/383247054/Ejemplar+33-05.pdf/29f3d6d7-ecc7-0b8b-2fe0-014933ee6d52?t=1738153209434,https://app.overton.io/document.php?policy_document_id=stateofvalencia-97f599a30efb900deffd9278f7cff01b,
"A data-driven framework for characterising building archetypes: A mixed effects modelling approach",10.1016/j.energy.2022.124278,Energy,2022-09-01T00:00:00+00:00,2,https://doi.org/10.1016/j.energy.2022.124278,kudosno,"Kunnskapsdokumenter i offentlig sektor (KUDOS)","Flexbuild final report : the value of end-use flexibility in the future Norwegian energy system",2023-01-01,"Public Sector",Government,"National Body; Initiative, Programme or Project; Policy Centre; Archive; Public Data Body or Statistics",Norway,https://kudos.dfo.no/dokument/10bedb51-969a-4ad2-a605-3432aebc274c,https://app.overton.io/document.php?policy_document_id=kudosno-978f6d8d6f8d73d103d3279bc4af6871,"Innovationsfonden; Norges Forskningsråd"
"A data-driven framework for characterising building archetypes: A mixed effects modelling approach",10.1016/j.energy.2022.124278,Energy,2022-09-01T00:00:00+00:00,2,https://doi.org/10.1016/j.energy.2022.124278,sintefno,SINTEF,"Flexbuild final report. The value of end-use flexibility in the future Norwegian energy system",2023-01-01,"Private Sector","Think Tank","Research Centre; Policy Centre",Norway,https://nva.sikt.no/registration/0198cc7f0d11-d711eee5-8c09-4755-8ab2-c5a928581b06,https://app.overton.io/document.php?policy_document_id=sintefno-a68e1b39c276727ab60d3c1f11538c75,"Innovationsfonden; Norges Forskningsråd"
"Energy and mobility impacts of connected autonomous vehicles with co-optimization of speed and powertrain on mixed vehicle platoons",10.1016/j.trc.2022.103764,"Transportation Research Part C: Emerging Technologies",2022-09-01T00:00:00+00:00,2,https://doi.org/10.1016/j.trc.2022.103764,europa,"Publications Office of the European Union","On the energy intensity of road transport in the presence of connected and automated mobility",2025-05-05,"Public Sector",Government,"International Body; Public Data Body or Statistics; Archive; Public Service",EU,https://op.europa.eu/en/publication-detail/-/publication/24e5b77e-2967-11f0-8a44-01aa75ed71a1/language-en,https://app.overton.io/document.php?policy_document_id=europa-b60753e17c73a5dbe691ef7b27165a97,
"Energy and mobility impacts of connected autonomous vehicles with co-optimization of speed and powertrain on mixed vehicle platoons",10.1016/j.trc.2022.103764,"Transportation Research Part C: Emerging Technologies",2022-09-01T00:00:00+00:00,2,https://doi.org/10.1016/j.trc.2022.103764,jointresearcheu,"Joint Research Centre","On the energy intensity of road transport in the presence of Connected and Automated Mobility",2025-05-05,"Public Sector",Government,"International Body; IGO Department or Agency; Research Centre; Policy Centre; Commission",EU,https://publications.jrc.ec.europa.eu/repository/handle/JRC141212,https://app.overton.io/document.php?policy_document_id=jointresearcheu-3c7c43cfed52f7ae462cf2f383f2b29d,
"A comparative assessment of SARIMA, LSTM RNN and Fb Prophet models to forecast total and peak monthly energy demand for India",10.1016/j.enpol.2022.113097,"Energy Policy",2022-09-01T00:00:00+00:00,1,https://doi.org/10.1016/j.enpol.2022.113097,bancaditalia,"Banca D'Italia","Banca d'Italia - N. 1026 - Previsione dell'inflazione in tempo reale utilizzando prezzi online e machine learning",2026-01-01,"Public Sector",Government,"National Body; Financial Institution or Bank; Central Bank",Italy,https://www.bancaditalia.it/pubblicazioni/qef/2026-1026/index.html,https://app.overton.io/document.php?policy_document_id=bancaditalia-ccbd6052f07a6839cb08c649a9efc676,"Department of Science and Technology, Ministry of Science and Technology, India; Engineering and Physical Sciences Research Council"
"A method for modelling greenhouse temperature using gradient boost decision tree",10.1016/j.inpa.2021.08.004,"Information Processing in Agriculture",2022-09-01T00:00:00+00:00,2,https://doi.org/10.1016/j.inpa.2021.08.004,idrc,"International Development Research Centre","AI-driven Internet of Agro-Things adaptive farm monitoring systems for future agricultural production and food systems in Africa",2024-07-05,"Public Sector","Think Tank","Research Centre; Policy Centre",Canada,https://idrc-crdi.ca/en/node/126189,https://app.overton.io/document.php?policy_document_id=idrc-5c4e566b4731b8c9e43eb9a756c0c772,"National High-tech Research and Development Program; National Natural Science Foundation of China; National Natural Science Foundation of China; Science and Technology Commission of Shanghai Municipality; Shanghai Municipality Science and Technology Commission"
"A method for modelling greenhouse temperature using gradient boost decision tree",10.1016/j.inpa.2021.08.004,"Information Processing in Agriculture",2022-09-01T00:00:00+00:00,2,https://doi.org/10.1016/j.inpa.2021.08.004,stateofandalucia,"Junta de Andalucía","XII Congresso Ibérico de Agroengenharia",2023-08-10,"Public Sector",Government,"Regional or State Level Body; Mixed Roles; Public Service",Spain,https://www.juntadeandalucia.es/sites/default/files/2023-09/Libro%20Agricultura%20FINAL_BAJA.pdf,https://app.overton.io/document.php?policy_document_id=stateofandalucia-44f93a7f492883703bfa30ce5fe4bb1b,"National High-tech Research and Development Program; National Natural Science Foundation of China; National Natural Science Foundation of China; Science and Technology Commission of Shanghai Municipality; Shanghai Municipality Science and Technology Commission"
"Putting wind and solar in their place: Internalising congestion and other system-wide costs with enhanced contracts for difference in Great Britain",10.1016/j.eneco.2022.106218,"Energy Economics",2022-09-01T00:00:00+00:00,3,https://doi.org/10.1016/j.eneco.2022.106218,grantham,"Grantham Institute","Critical minerals and the clean energy transition: the role of innovation across the supply chain - Grantham Research Institute on climate change and the environment",2025-12-04,"Third Sector","Think Tank","Research Centre; Policy Centre",UK,https://www.lse.ac.uk/granthaminstitute/publication/critical-minerals-and-the-clean-energy-transition-the-role-of-innovation-across-the-supply-chain/,https://app.overton.io/document.php?policy_document_id=grantham-27e0bd2c65029cb210217fec839d5392,"Engineering and Physical Sciences Research Council"
"Putting wind and solar in their place: Internalising congestion and other system-wide costs with enhanced contracts for difference in Great Britain",10.1016/j.eneco.2022.106218,"Energy Economics",2022-09-01T00:00:00+00:00,3,https://doi.org/10.1016/j.eneco.2022.106218,oecddiscovery,OECD,"Critical minerals and clean energy applications",2026-04-27,"Public Sector",IGO,"International Body; IGO Department or Agency; Monitoring or Regulatory Body; Policy Centre; Research Centre",IGO,https://dx.doi.org/https://doi.org/10.1787/e3b08f4d-en,https://app.overton.io/document.php?policy_document_id=oecddiscovery-1c34a7c1686fe40b4097394356d3dcf4,"Engineering and Physical Sciences Research Council"
"Putting wind and solar in their place: Internalising congestion and other system-wide costs with enhanced contracts for difference in Great Britain",10.1016/j.eneco.2022.106218,"Energy Economics",2022-09-01T00:00:00+00:00,3,https://doi.org/10.1016/j.eneco.2022.106218,ukparliament_select,"UK Parliament Select Committee Publications","OSE0026 - Technological innovations and climate change: onshore solar energy",2022-12-15,"Public Sector","Legislative Body","National Body; Parliament, Senate or Congress; Committee",UK,https://committees.parliament.uk/writtenevidence/113986/pdf/,https://app.overton.io/document.php?policy_document_id=ukparliament_select-b49ebe1888bd7d84ed705ff97afe4c3f,"Engineering and Physical Sciences Research Council"
"EcoForecast: An interpretable data-driven approach for short-term macroeconomic forecasting using N-BEATS neural network",10.1016/j.engappai.2022.105072,"Engineering Applications of Artificial Intelligence",2022-09-01T00:00:00+00:00,1,https://doi.org/10.1016/j.engappai.2022.105072,bcrp,"Banco Central de Reserva del Perú","FORECASTING INFLATION WITH A FRAMEWORK FOR MODEL AND NEURAL ARCHITECTURE SEARCH WITH THREE-STRUCTURED SEARCH SPACES",2024-05-21,"Public Sector",Government,"National Body; Financial Institution or Bank; Central Bank",Peru,https://www.bcrp.gob.pe/docs/Publicaciones/Documentos-de-Trabajo/2024/documento-de-trabajo-009-2024.pdf,https://app.overton.io/document.php?policy_document_id=bcrp-7a85cf392c4b1a25ffd9482e972dd424,"National Office for Philosophy and Social Sciences; National Office for Philosophy and Social Sciences"
"Site demonstration and performance evaluation of MPC for a large chiller plant with TES for renewable energy integration and grid decarbonization",10.1016/j.apenergy.2022.119343,"Applied Energy",2022-09-01T00:00:00+00:00,1,https://doi.org/10.1016/j.apenergy.2022.119343,california_state_agencies,"State of California","Lawrence Berkeley National Laboratory Comments - LBNL EPIC 5 Research Concept Input",2025-08-08,"Public Sector",Government,"Regional or State Level Body; Mixed Roles; Public Service",USA,https://efiling.energy.ca.gov/GetDocument.aspx?tn=265510&DocumentContentId=102360,https://app.overton.io/document.php?policy_document_id=california_state_agencies-e2576f155093fb5a7b39e8b17261ee4e,
"Improving future travel demand projections: a pathway with an open science interdisciplinary approach",10.1088/2516-1083/ac86b5,"Progress in Energy",2022-08-17T00:00:00+00:00,3,https://doi.org/10.1088/2516-1083/ac86b5,govdeptsitaly,"Government of Italy","Le città a impatto climatico zero : strategie e politiche",2022-10-19,"Public Sector",Government,"National Body; Mixed Roles; Public Service",Italy,https://www.mit.gov.it/nfsmitgov/files/media/notizia/2022-10/STEMI_Le%20citta%CC%80%20a%20impatto%20climatico%20zero_ITA_v1.pdf,https://app.overton.io/document.php?policy_document_id=govdeptsitaly-6c9837ed6908ca34e4e72ea87386bee3,"Horizon 2020 Framework Programme; Stiftelsen för Miljöstrategisk Forskning; Svenska Forskningsrådet Formas; Vetenskapsrådet"
"Improving future travel demand projections: a pathway with an open science interdisciplinary approach",10.1088/2516-1083/ac86b5,"Progress in Energy",2022-08-17T00:00:00+00:00,3,https://doi.org/10.1088/2516-1083/ac86b5,vtise,VTI,"Battery-Swapping for Heavy Duty Vehicles : A Feasibility Study on Up-Scaling in Sweden",2024-01-12,"Public Sector",Government,"National Body; Arm's Length Body; Research Centre; Policy Centre",Sweden,https://vti.diva-portal.org/smash/record.jsf?pid=diva2%3A1826965,https://app.overton.io/document.php?policy_document_id=vtise-478df71509031c8af40a1aab93b847b0,"Horizon 2020 Framework Programme; Stiftelsen för Miljöstrategisk Forskning; Svenska Forskningsrådet Formas; Vetenskapsrådet"
"Improving future travel demand projections: a pathway with an open science interdisciplinary approach",10.1088/2516-1083/ac86b5,"Progress in Energy",2022-08-17T00:00:00+00:00,3,https://doi.org/10.1088/2516-1083/ac86b5,vtise,VTI,"Designing Resilience for Multi-System Dynamics of Future Transportation",2024-07-10,"Public Sector",Government,"National Body; Arm's Length Body; Research Centre; Policy Centre",Sweden,https://vti.diva-portal.org/smash/record.jsf?pid=diva2%3A1886357,https://app.overton.io/document.php?policy_document_id=vtise-5c38c683a3571b72369a532b62d3a132,"Horizon 2020 Framework Programme; Stiftelsen för Miljöstrategisk Forskning; Svenska Forskningsrådet Formas; Vetenskapsrådet"
"Collective wind farm operation based on a predictive model increases utility-scale energy production",10.1038/s41560-022-01085-8,"Nature Energy",2022-08-11T00:00:00+00:00,1,https://doi.org/10.1038/s41560-022-01085-8,vttfi,"Teknologian tutkimuskeskus VTT","TUTTE Project, Final Report",2022-12-05,"Public Sector",Government,"Research Centre",Finland,https://cris.vtt.fi/en/publications/tutte-project-final-report,https://app.overton.io/document.php?policy_document_id=vttfi-7e895743620bddeef145f1f7e1dbefb8,"J.O.D. acknowledges partial support from the California Institute of Technology.; M.F.H. acknowledges partial support from the MIT Energy Initiative and Siemens Gamesa Renewable Energy."
"Charging-Related State Prediction for Electric Vehicles Using the Deep Learning Model",10.1155/2022/4372168,"Journal of Advanced Transportation",2022-08-08T00:00:00+00:00,1,https://doi.org/10.1155/2022/4372168,govdeptsspain,"Government of Spain","Boletín De Documentación Del Transporte",2022-08-31,"Public Sector",Government,"National Body; Mixed Roles; Public Service",Spain,https://publicaciones.transportes.gob.es/downloadcustom/sample/3063,https://app.overton.io/document.php?policy_document_id=govdeptsspain-d4d155d23d53104e1d8c3dcc3e6ed969,
"Spatial analyses of smart energy system implementation through system dynamics and GIS modelling. Wind power case study in Latvia",10.1016/j.segy.2022.100081,"Smart Energy",2022-08-01T00:00:00+00:00,2,https://doi.org/10.1016/j.segy.2022.100081,europa,"Publications Office of the European Union","The onshore wind potential of the EU and neighbouring countries",2026-02-03,"Public Sector",Government,"International Body; Public Data Body or Statistics; Archive; Public Service",EU,https://op.europa.eu/en/publication-detail/-/publication/4d0d4482-0309-11f1-825d-01aa75ed71a1/language-en,https://app.overton.io/document.php?policy_document_id=europa-8fbeab3b51443628e56f5b9153ebda14,
"Spatial analyses of smart energy system implementation through system dynamics and GIS modelling. Wind power case study in Latvia",10.1016/j.segy.2022.100081,"Smart Energy",2022-08-01T00:00:00+00:00,2,https://doi.org/10.1016/j.segy.2022.100081,jointresearcheu,"Joint Research Centre","The Onshore Wind Potential of the EU and Neighbouring Countries",2026-02-03,"Public Sector",Government,"International Body; IGO Department or Agency; Research Centre; Policy Centre; Commission",EU,https://publications.jrc.ec.europa.eu/repository/handle/JRC144438,https://app.overton.io/document.php?policy_document_id=jointresearcheu-0d6963eaaf75cc389d17c3303a85b3df,
"Comparing model projections with reality: Experiences from modelling building stock energy use in Norway",10.1016/j.enbuild.2022.112186,"Energy and Buildings",2022-08-01T00:00:00+00:00,4,https://doi.org/10.1016/j.enbuild.2022.112186,kudosno,"Kunnskapsdokumenter i offentlig sektor (KUDOS)","Flexbuild final report : the value of end-use flexibility in the future Norwegian energy system",2023-01-01,"Public Sector",Government,"National Body; Initiative, Programme or Project; Policy Centre; Archive; Public Data Body or Statistics",Norway,https://kudos.dfo.no/dokument/10bedb51-969a-4ad2-a605-3432aebc274c,https://app.overton.io/document.php?policy_document_id=kudosno-978f6d8d6f8d73d103d3279bc4af6871,
"Comparing model projections with reality: Experiences from modelling building stock energy use in Norway",10.1016/j.enbuild.2022.112186,"Energy and Buildings",2022-08-01T00:00:00+00:00,4,https://doi.org/10.1016/j.enbuild.2022.112186,sintefno,SINTEF,"Energy efficiency and conservation - Nordic Energy Outlooks - Final report WP3",2023-01-01,"Private Sector","Think Tank","Research Centre; Policy Centre",Norway,https://nva.sikt.no/registration/0198cc7bc7a0-b09b0b6b-1592-4ebd-99ca-4c50aedb614d,https://app.overton.io/document.php?policy_document_id=sintefno-095da65bfcf7dc21bf72b756ba9453de,
"Comparing model projections with reality: Experiences from modelling building stock energy use in Norway",10.1016/j.enbuild.2022.112186,"Energy and Buildings",2022-08-01T00:00:00+00:00,4,https://doi.org/10.1016/j.enbuild.2022.112186,sintefno,SINTEF,"Energisparepotensialet i bygg fram mot 2030 og 2050 – Hva koster det å halvere energibruken I bygningsmassen?",2023-01-01,"Private Sector","Think Tank","Research Centre; Policy Centre",Norway,https://nva.sikt.no/registration/0198cc5ff6c5-e7c078d3-5199-4b04-925f-2a7eeba21811,https://app.overton.io/document.php?policy_document_id=sintefno-9107c0f669c387dfde1b39dc6f2df21b,
"Comparing model projections with reality: Experiences from modelling building stock energy use in Norway",10.1016/j.enbuild.2022.112186,"Energy and Buildings",2022-08-01T00:00:00+00:00,4,https://doi.org/10.1016/j.enbuild.2022.112186,sintefno,SINTEF,"Flexbuild final report. The value of end-use flexibility in the future Norwegian energy system",2023-01-01,"Private Sector","Think Tank","Research Centre; Policy Centre",Norway,https://nva.sikt.no/registration/0198cc7f0d11-d711eee5-8c09-4755-8ab2-c5a928581b06,https://app.overton.io/document.php?policy_document_id=sintefno-a68e1b39c276727ab60d3c1f11538c75,
"Time-evolution and forecasting of environmental and energy performance of electricity production system at national and at bidding zone level",10.1016/j.enconman.2022.115772,"Energy Conversion and Management",2022-08-01T00:00:00+00:00,1,https://doi.org/10.1016/j.enconman.2022.115772,europa,"Publications Office of the European Union","Ramp up of renewable generation flexibilities regarding to the system",2025-08-26,"Public Sector",Government,"International Body; Public Data Body or Statistics; Archive; Public Service",EU,https://op.europa.eu/en/publication-detail/-/publication/61436692-82f9-11f0-9af8-01aa75ed71a1/language-en,https://app.overton.io/document.php?policy_document_id=europa-07f091b1c5ce52b6f0588e63ab24e035,
"Storage power purchase agreements to enable the deployment of energy storage in Europe",10.1016/j.isci.2022.104701,iScience,2022-08-01T00:00:00+00:00,1,https://doi.org/10.1016/j.isci.2022.104701,sintefno,SINTEF,"HydroFy Final Report : Recent developments in European power market design – with implications for hydropower",2023-01-01,"Private Sector","Think Tank","Research Centre; Policy Centre",Norway,https://nva.sikt.no/registration/0198cc6056c1-2642992a-2222-4267-89b7-812bda145506,https://app.overton.io/document.php?policy_document_id=sintefno-6dfed915fd06049c80f651d48134ab14,
"The effect of different prediction methods of population in villages and towns on assessing the suitability of biomass energy development",10.1016/j.jclepro.2022.132382,"Journal of Cleaner Production",2022-08-01T00:00:00+00:00,1,https://doi.org/10.1016/j.jclepro.2022.132382,fao,"Food and Agriculture Organization of the United Nations","The establishment and operation of aquaparks",2024-01-01,"Public Sector",IGO,"International Body; IGO Department or Agency; Food and Drug Safety; Healthcare Service, Body or Agency",IGO,https://openknowledge.fao.org/handle/20.500.14283/cd0449en,https://app.overton.io/document.php?policy_document_id=fao-9fc04a4f3dec5a689763725a3a571e0b,
"Data-driven modeling of wind waves in upper Delaware Bay with living shorelines",10.1016/j.oceaneng.2022.111669,"Ocean Engineering",2022-08-01T00:00:00+00:00,2,https://doi.org/10.1016/j.oceaneng.2022.111669,geologicalsurveyusa,"United States Geological Survey","Numerical modeling of circulation and wave dynamics along the shoreline of Shinnecock Indian Nation in Long Island, New York",2024-08-30,"Public Sector",Government,"National Body; Government Agency; Research Centre; Policy Centre",USA,https://pubs.usgs.gov/of/2024/1050/ofr20241050.pdf,https://app.overton.io/document.php?policy_document_id=geologicalsurveyusa-27638bbcc6524ccf0e81382ccac56f26,"Ministry of Science,Technology and Research; National Fish and Wildlife Foundation; National Fish and Wildlife Foundation; National Science Foundation; National Science Foundation; National Science Foundation of Sri Lanka"
"Data-driven modeling of wind waves in upper Delaware Bay with living shorelines",10.1016/j.oceaneng.2022.111669,"Ocean Engineering",2022-08-01T00:00:00+00:00,2,https://doi.org/10.1016/j.oceaneng.2022.111669,gpogov,"Government Publishing Office (GPO)","Numerical modeling of circulation and wave dynamics along the shoreline of Shinnecock Indian Nation in Long Island, New York /",2024-08-26,"Public Sector",Government,"National Body; Mixed Roles; Public Service",USA,https://purl.fdlp.gov/GPO/gpo232420,https://app.overton.io/document.php?policy_document_id=gpogov-85d6c78716a567e103ff5abb1a60dc6c,"Ministry of Science,Technology and Research; National Fish and Wildlife Foundation; National Fish and Wildlife Foundation; National Science Foundation; National Science Foundation; National Science Foundation of Sri Lanka"
"Dynamic electricity tariffs: Designing reasonable pricing schemes for private households",10.1016/j.eneco.2022.106146,"Energy Economics",2022-08-01T00:00:00+00:00,1,https://doi.org/10.1016/j.eneco.2022.106146,cruie,"An Coimisiúin um Rialáil Fóntais","UCD EI response to CRU202408",2024-04-19,"Public Sector",Government,"National Body; Arm's Length Body; Monitoring or Regulatory Body; Commission",Ireland,https://www.cru.ie/publications/28359/,https://app.overton.io/document.php?policy_document_id=cruie-3f6b2770373e19dfd1bccb59ff180807,"Bundesministerium für Bildung und Forschung"
"Bioenergy elephant grass genotype selection leveraged by spatial modeling of conventional and high-throughput phenotyping data",10.1016/j.jclepro.2022.132286,"Journal of Cleaner Production",2022-08-01T00:00:00+00:00,1,https://doi.org/10.1016/j.jclepro.2022.132286,embrapabr,"Empresa Brasileira de Pesquisa Agropecuária (EMBRAPA)","Anais [...].",2026-01-01,"Public Sector","Think Tank","National Body; Policy Centre",Brazil,https://www.embrapa.br/busca-de-publicacoes/-/publicacao/1187172/anais-,https://app.overton.io/document.php?policy_document_id=embrapabr-8c059f72da2a0dfffb251465aabdb79c,"Conselho Nacional de Desenvolvimento Científico e Tecnológico; Coordenação de Aperfeiçoamento de Pessoal de Nível Superior; Fundação de Amparo à Pesquisa do Estado de Minas Gerais"
"UK battery electric bus operation: Examining battery degradation, carbon emissions and cost",10.1016/j.trd.2022.103373,"Transportation Research Part D: Transport and Environment",2022-08-01T00:00:00+00:00,4,https://doi.org/10.1016/j.trd.2022.103373,aceee,ACEEE,"Battery Swapping for Truck Electrification in the United States",2025-02-07,"Third Sector","Think Tank","Research Centre; Policy Centre",USA,https://www.aceee.org/topic-brief/2025/02/battery-swapping-truck-electrification-united-states,https://app.overton.io/document.php?policy_document_id=aceee-d0d5a1a964c7aa304758f5aa618e4808,
"UK battery electric bus operation: Examining battery degradation, carbon emissions and cost",10.1016/j.trd.2022.103373,"Transportation Research Part D: Transport and Environment",2022-08-01T00:00:00+00:00,4,https://doi.org/10.1016/j.trd.2022.103373,climatexuk,ClimateXChange,"The impact of electric buses on the Scottish second-hand bus market",2022-12-08,"Public Sector",Government,"Research Centre; Policy Centre",UK,https://www.climatexchange.org.uk/projects/the-impact-of-electric-buses-on-the-scottish-second-hand-bus-market/,https://app.overton.io/document.php?policy_document_id=climatexuk-b1ba8e864df4c71c647006c8ab568831,
"UK battery electric bus operation: Examining battery degradation, carbon emissions and cost",10.1016/j.trd.2022.103373,"Transportation Research Part D: Transport and Environment",2022-08-01T00:00:00+00:00,4,https://doi.org/10.1016/j.trd.2022.103373,stateofvictoria,"State of Victoria","Battery Electric Bus Guidance Document",2023-11-30,"Public Sector",Government,"Regional or State Level Body; Mixed Roles; Public Service",Australia,https://www.vic.gov.au/sites/default/files/2024-01/PS132925_Battery-Electric-Bus-Guidance-Document-RevE_public-(002).pdf,https://app.overton.io/document.php?policy_document_id=stateofvictoria-52277f4887a2bf42b0818d5f9acd0bd2,
"UK battery electric bus operation: Examining battery degradation, carbon emissions and cost",10.1016/j.trd.2022.103373,"Transportation Research Part D: Transport and Environment",2022-08-01T00:00:00+00:00,4,https://doi.org/10.1016/j.trd.2022.103373,stateofvictoria,"State of Victoria","Battery Electric Bus Guidance Document",2023-11-30,"Public Sector",Government,"Regional or State Level Body; Mixed Roles; Public Service",Australia,https://www.vic.gov.au/sites/default/files/2024-01/PS132925_Battery-Electric-Bus-Guidance-Document-RevE_public-%28002%29.pdf,https://app.overton.io/document.php?policy_document_id=stateofvictoria-7d69262ad22f8b6711c8994b1796faed,
"Impact of measured spectrum variation on solar photovoltaic efficiencies worldwide",10.1016/j.renene.2022.07.011,"Renewable Energy",2022-08-01T00:00:00+00:00,1,https://doi.org/10.1016/j.renene.2022.07.011,csirza,"Council for Scientific and Industrial Research (CSIR)","CSIR Annual Report 2022/23",2023-10-29,"Public Sector","Think Tank","Research Centre; Policy Centre","South Africa",https://www.csir.co.za/sites/default/files/2025-11/CSIR%202022-23%20AR%20Layout%20V20.2.pdf,https://app.overton.io/document.php?policy_document_id=csirza-4c89f41059b6344bb2d62863958e12a8,
"Impact of climate change on solar monofacial and bifacial Photovoltaics (PV) potential in Qatar",10.1016/j.egyr.2022.02.197,"Energy Reports",2022-08-01T00:00:00+00:00,1,https://doi.org/10.1016/j.egyr.2022.02.197,gisrqa,"Global Institute for Strategic Research (GISR)","التغير المناخي في البيئة العربية وأثره على السياسة والأمن",2026-08-24,"Public Sector","Think Tank","Research Centre; Policy Centre",Qatar,https://globalinstitute.org/en/altghyr-almnakhy-fy-albyyt-alrbyt-wathrh-ly-alsyast-walamn,https://app.overton.io/document.php?policy_document_id=gisrqa-71f79650dfe819fc77452141b58cb4b0,"Fonds National de la Recherche Luxembourg; Hamad Bin Khalifa University; Qatar Foundation; Qatar National Research Fund"
"Synthetic demand data generation for individual electricity consumers : Generative Adversarial Networks (GANs)",10.1016/j.egyai.2022.100161,"Energy and AI",2022-08-01T00:00:00+00:00,2,https://doi.org/10.1016/j.egyai.2022.100161,stepikr,"Science and Technology Policy Institute","과학기술기반 미래연구사업 ⅩⅥ",2024-01-01,"Public Sector","Think Tank","National Body; Research Centre; Policy Centre","South Korea",https://www.nkis.re.kr/subject_view1.do?otcCd=RG&otcNm=일반연구보고서&otpId=ACPT_000000000043423&otpSeq=0&eoSeq=390471&currentPage=1&searchSelect=&searchWord=&returnPage=newest_list.do&schLclaScsId=&pblYy=&agcNms=과학기술정책연구원&listPerPage=50,https://app.overton.io/document.php?policy_document_id=stepikr-1596c27864106cfd66c895679a146075,"Bundesministerium für Bildung und Forschung"
"Synthetic demand data generation for individual electricity consumers : Generative Adversarial Networks (GANs)",10.1016/j.egyai.2022.100161,"Energy and AI",2022-08-01T00:00:00+00:00,2,https://doi.org/10.1016/j.egyai.2022.100161,stepikr,"Science and Technology Policy Institute","과학기술기반 미래연구사업 ⅩⅥ",2024-01-01,"Public Sector","Think Tank","National Body; Research Centre; Policy Centre","South Korea",https://www.nkis.re.kr/subject_view1.do?otpId=ACPT_000000000043423,https://app.overton.io/document.php?policy_document_id=stepikr-9c433a5fe71cd03e5470a0e292b30908,"Bundesministerium für Bildung und Forschung"
"The electricity scene from above: Exploring power grid inconsistencies using satellite data in Accra, Ghana",10.1016/j.apenergy.2022.119237,"Applied Energy",2022-08-01T00:00:00+00:00,1,https://doi.org/10.1016/j.apenergy.2022.119237,imf,"International Monetary Fund","Republic of Madagascar: Selected Issues",2025-03-21,"Public Sector",IGO,"International Body; Financial Institution or Bank; Development Bank; Policy Centre",IGO,https://elibrary.imf.org/view/journals/002/2025/061/002.2025.issue-061-en.xml,https://app.overton.io/document.php?policy_document_id=imf-702ad2be20ab5e1b42d0cce19e69acbf,"Rockefeller Foundation"
"Equation-oriented methods for optimizing Rankine cycles using radial inflow turbine",10.1016/j.energy.2022.123909,Energy,2022-08-01T00:00:00+00:00,1,https://doi.org/10.1016/j.energy.2022.123909,sintefno,SINTEF,"FME HighEFF Final Report - Appendix 3 - HighEFF Publications",2025-03-04,"Private Sector","Think Tank","Research Centre; Policy Centre",Norway,https://hdl.handle.net/11250/3181551,https://app.overton.io/document.php?policy_document_id=sintefno-fd219c10597167b17ce1cb8f6c7b964a,"Norges Forskningsråd"
"Saving energy by maximising daylight and minimising the impact on occupants: An automatic lighting system approach",10.1016/j.enbuild.2022.112176,"Energy and Buildings",2022-08-01T00:00:00+00:00,1,https://doi.org/10.1016/j.enbuild.2022.112176,sintefno,SINTEF,"Energy efficiency and conservation - Nordic Energy Outlooks - Final report WP3",2023-01-01,"Private Sector","Think Tank","Research Centre; Policy Centre",Norway,https://nva.sikt.no/registration/0198cc7bc7a0-b09b0b6b-1592-4ebd-99ca-4c50aedb614d,https://app.overton.io/document.php?policy_document_id=sintefno-095da65bfcf7dc21bf72b756ba9453de,"Bundesamt für Energie"
"Operation optimization of the coaxial deep borehole heat exchanger coupled with ground source heat pump for building heating",10.1016/j.applthermaleng.2022.118656,"Applied Thermal Engineering",2022-08-01T00:00:00+00:00,1,https://doi.org/10.1016/j.applthermaleng.2022.118656,departmenteconomyuk,"Department for the Economy (Northern Ireland)","Net zero pathways - building the geothermal energy sector in Northern Ireland",2022-06-24,"Public Sector",Government,"National Body; Government Department",UK,https://www.economy-ni.gov.uk/publications/net-zero-pathways-building-geothermal-energy-sector-northern-ireland,https://app.overton.io/document.php?policy_document_id=departmenteconomyuk-7981825707fc980c5f6093c256d6a19c,"National Key Research and Development Program of China; National Key Research and Development Program of China; National Science and Technology Infrastructure Program"
"Using satellite images of nighttime lights to predict the economic impact of COVID-19 in India",10.1016/j.asr.2022.05.039,"Advances in Space Research",2022-08-01T00:00:00+00:00,3,https://doi.org/10.1016/j.asr.2022.05.039,banguat,"Banco de Guatemala","No. 86",2024-03-26,"Public Sector",Government,"National Body; Financial Institution or Bank; Central Bank",Guatemala,https://www.banguat.gob.gt/sites/default/files/banguat/Publica/Banca/BancaCentral86.pdf,https://app.overton.io/document.php?policy_document_id=banguat-962b863590412e930c4afd27bbb85de9,
"Using satellite images of nighttime lights to predict the economic impact of COVID-19 in India",10.1016/j.asr.2022.05.039,"Advances in Space Research",2022-08-01T00:00:00+00:00,3,https://doi.org/10.1016/j.asr.2022.05.039,banguat,"Banco de Guatemala","No. 86",2024-03-26,"Public Sector",Government,"National Body; Financial Institution or Bank; Central Bank",Guatemala,https://banguat.gob.gt/sites/default/files/banguat/Publica/Banca/BancaCentral86.pdf,https://app.overton.io/document.php?policy_document_id=banguat-e5841951e8443343d74db401a9616201,
"Using satellite images of nighttime lights to predict the economic impact of COVID-19 in India",10.1016/j.asr.2022.05.039,"Advances in Space Research",2022-08-01T00:00:00+00:00,3,https://doi.org/10.1016/j.asr.2022.05.039,unitednations,"United Nations","Economic report on Africa 2023 :building Africa's resilience to global economic shocks",2023-11-14,"Public Sector",IGO,"International Body; Top-Level Authority; IGO Department or Agency; Mixed Roles; Policy Centre",IGO,https://digitallibrary.un.org/record/4046869?ln=en,https://app.overton.io/document.php?policy_document_id=unitednations-ce23069a4c9b4ea9a020ec95f84ba174,
"QUAREM: Maximising QoE Through Adaptive Resource Management in Mobile MPSoC Platforms",10.1145/3526116,"ACM Transactions on Embedded Computing Systems",2022-07-31T00:00:00+00:00,1,https://doi.org/10.1145/3526116,governmentofiraq,"Government of Iraq","Bashir M. Al-Hashimi Commander of the British Empire (CBE) FREng FRS Arm Professor of Computer Engineering",2023-05-20,"Public Sector",Government,"National Body; Mixed Roles; Public Service",Iraq,https://mohesr.gov.iq/ar/assets/img/uploaded_files/Prof_Bashir_m.pdf,https://app.overton.io/document.php?policy_document_id=governmentofiraq-7ac5ecb28807e4370cb348a74a71bc0c,"Petroleum Technology Development Fund; University of Southampton"
"Life Cycle Prediction Assessment of Battery Electrical Vehicles with Special Focus on Different Lithium-Ion Power Batteries in China",10.3390/en15155321,Energies,2022-07-22T00:00:00+00:00,1,https://doi.org/10.3390/en15155321,europa,"Publications Office of the European Union","OELs 6",2025-09-11,"Public Sector",Government,"International Body; Public Data Body or Statistics; Archive; Public Service",EU,https://op.europa.eu/en/publication-detail/-/publication/b6f78fa3-91de-11f0-97c8-01aa75ed71a1/language-en,https://app.overton.io/document.php?policy_document_id=europa-27d46e517abf653761cca1d6c527ad57,"Fundamental Research Funds for the Central Universities; Ministry of Education of the People's Republic of China; National Key Research and Development Program; National Key Research and Development Program of China; National Science and Technology Infrastructure Program; Shaanxi Provincial Key Research and Development Program"
"Building energy model validation and estimation using heating and cooling degree days (HDD–CDD) based on accurate base temperature",10.1002/ese3.1246,"Energy Science & Engineering",2022-07-14T00:00:00+00:00,1,https://doi.org/10.1002/ese3.1246,iiasaat,IIASA,"Future scenario of residential hourly cooling energy demand in the United States",2022-10-13,"Third Sector","Think Tank","Research Centre; Policy Centre",Austria,https://pure.iiasa.ac.at/id/eprint/18301/?template=default_internal,https://app.overton.io/document.php?policy_document_id=iiasaat-4bbde052479f710bbbc968986af25047,
"Impact of the Light-Duty Vehicles’ Storage and Travel Demand on the Sustainable Exploitation of Available Resources and Air Pollution Abatement",10.3390/su14148571,Sustainability,2022-07-13T00:00:00+00:00,2,https://doi.org/10.3390/su14148571,adelphi,Adelphi,"Die Grenzen des Konsums",2024-10-15,"Third Sector","Think Tank","Research Centre; Policy Centre",Germany,https://adelphi.de/en/publications/die-grenzen-des-konsums,https://app.overton.io/document.php?policy_document_id=adelphi-2f8555bdf086e28ec0c37fee3212b26e,
"Impact of the Light-Duty Vehicles’ Storage and Travel Demand on the Sustainable Exploitation of Available Resources and Air Pollution Abatement",10.3390/su14148571,Sustainability,2022-07-13T00:00:00+00:00,2,https://doi.org/10.3390/su14148571,umweltbundesamt,"Umweltbundesamt (UBA)","Die Grenzen des Konsums",2024-11-29,"Public Sector",Government,"National Body; Government Agency; Research Centre; Monitoring or Regulatory Body",Germany,https://www.umweltbundesamt.de/publikationen/die-grenzen-des-konsums,https://app.overton.io/document.php?policy_document_id=umweltbundesamt-a3f0780c4cedaf4ea6591c21c6dab075,
"Perceived usefulness and intentions to adopt autonomous vehicles",10.1016/j.tra.2022.05.007,"Transportation Research Part A: Policy and Practice",2022-07-01T00:00:00+00:00,2,https://doi.org/10.1016/j.tra.2022.05.007,finnishgovernment,"Government of Finland","Valto: The Role of Geospatial Data in Data Economy",2023-09-01,"Public Sector",Government,"National Body; Mixed Roles",Finland,http://julkaisut.valtioneuvosto.fi/handle/10024/165129,https://app.overton.io/document.php?policy_document_id=finnishgovernment-c5bb80cd67a8c37529f08ae51fd42a9a,
"Perceived usefulness and intentions to adopt autonomous vehicles",10.1016/j.tra.2022.05.007,"Transportation Research Part A: Policy and Practice",2022-07-01T00:00:00+00:00,2,https://doi.org/10.1016/j.tra.2022.05.007,toino,"Transportøkonomisk institutt, TØI","Brukeraksept av selvkjørende kjøretøy : En gjennomgang av forskning og atferdsmodeller",2026-06-17,"Private Sector","Think Tank","Research Centre; Policy Centre",Norway,https://www.toi.no/publikasjoner/brukeraksept-av-selvkjorende-kjoretoy-en-gjennomgang-av-forskning-og-atferdsmodeller,https://app.overton.io/document.php?policy_document_id=toino-f26cf919d00e14a59be9ab6554923cb2,
"Novel data-driven energy management of a hybrid photovoltaic-reverse osmosis desalination system using deep reinforcement learning",10.1016/j.apenergy.2022.119184,"Applied Energy",2022-07-01T00:00:00+00:00,2,https://doi.org/10.1016/j.apenergy.2022.119184,keikr,"Korea Environment Institute","물관리 디지털 전환을 위한 인공지능 융복합연구동향 분석",2022-01-01,"Public Sector","Think Tank","National Body; Research Centre; Policy Centre","South Korea",https://www.nkis.re.kr/subject_view1.do?otpId=OTP_0000000000011467,https://app.overton.io/document.php?policy_document_id=keikr-77f199ecc16a8bb277ec51f8f2c1ef9e,
"Novel data-driven energy management of a hybrid photovoltaic-reverse osmosis desalination system using deep reinforcement learning",10.1016/j.apenergy.2022.119184,"Applied Energy",2022-07-01T00:00:00+00:00,2,https://doi.org/10.1016/j.apenergy.2022.119184,keikr,"Korea Environment Institute","물관리 디지털 전환을 위한 인공지능 융복합연구동향 분석",2022-01-01,"Public Sector","Think Tank","National Body; Research Centre; Policy Centre","South Korea",https://www.nkis.re.kr/subject_view1.do?otcCd=RG&otcNm=일반연구보고서&otpId=OTP_0000000000011467&otpSeq=0&eoSeq=&currentPage=4&searchSelect=&searchWord=&returnPage=newest_list.do&schLclaScsId=&pblYy=&agcNms=한국환경연구원&listPerPage=50,https://app.overton.io/document.php?policy_document_id=keikr-f731ff06b4e91d3bd88fae5f8bd568d6,
"An Enhanced Predictive Cruise Control System Design With Data-Driven Traffic Prediction",10.1109/tits.2021.3076494,"IEEE Transactions on Intelligent Transportation Systems",2022-07-01T00:00:00+00:00,1,https://doi.org/10.1109/tits.2021.3076494,icct,"The International Council of Clean Transportation","Efficiency technology potential for heavy-duty diesel vehicles in the United States through 2035",2021-11-18,"Third Sector","Think Tank","Research Centre; Policy Centre; Monitoring or Regulatory Body; Consultancy",USA,https://theicct.org/publication/efficiency-technology-potential-for-heavy-duty-diesel-vehicles-in-the-united-states-through-2035/,https://app.overton.io/document.php?policy_document_id=icct-1cec2a33417a7f98daebd0e20bbf9e54,"Australian Research Council; Australian Research Council; Department of Education and Training; Dynnoteq Limited; EU project MODALES; EU project optiTruck; H2020 Transport"
"Cybertwin-Driven Resource Provisioning for IoE Applications at 6G-Enabled Edge Networks",10.1109/tii.2021.3096672,"IEEE Transactions on Industrial Informatics",2022-07-01T00:00:00+00:00,1,https://doi.org/10.1109/tii.2021.3096672,jointresearcheu,"Joint Research Centre","Emerging risks and opportunities for EU internal security stemming from new technologies","an unknown date","Public Sector",Government,"International Body; IGO Department or Agency; Research Centre; Policy Centre; Commission",EU,https://publications.jrc.ec.europa.eu/repository/handle/JRC139674,https://app.overton.io/document.php?policy_document_id=jointresearcheu-691b7d4855cf2fe4655b7adb46a72422,"Ministry of Education, India; University of Hyderabad"
"A Literature Review of the Control Challenges of Distributed Energy Resources Based on Microgrids (MGs): Past, Present and Future",10.3390/en15134676,Energies,2022-06-26T00:00:00+00:00,1,https://doi.org/10.3390/en15134676,tnonl,"Nederlandse Organisatie voor Toegepast Natuurwetenschappelijk Onderzoek","DC Grid Integration: Literature Review and Technical Focus",2026-01-01,"Public Sector",Government,"Research Centre",Netherlands,https://repository.tno.nl/SingleDoc?docId=86154,https://app.overton.io/document.php?policy_document_id=tnonl-0c14f86ba50c1c5ccb2aaf469232da60,
"Large-scale scenarios of electric vehicle charging with a data-driven model of control",10.1016/j.energy.2022.123592,Energy,2022-06-01T00:00:00+00:00,1,https://doi.org/10.1016/j.energy.2022.123592,california_state_agencies,"State of California","DEVINE: Demonstration of Vehicle-Grid Integration in Non-Residential Environments",2023-06-22,"Public Sector",Government,"Regional or State Level Body; Mixed Roles; Public Service",USA,https://www.energy.ca.gov/sites/default/files/2023-06/CEC-500-2023-044_0.pdf,https://app.overton.io/document.php?policy_document_id=california_state_agencies-d260bce2552e6b08fffc15490eb8cce8,
"Catching the hydrogen train: economics-driven green hydrogen adoption potential in the United Arab Emirates",10.1016/j.ijhydene.2022.05.055,"International Journal of Hydrogen Energy",2022-06-01T00:00:00+00:00,1,https://doi.org/10.1016/j.ijhydene.2022.05.055,irena,"International Renewable Energy Agency","Global Hydrogen Trade to Meet the 1.5°C Climate Goal: Trade Outlook for 2050 and Way Forward",2022-07-05,"Public Sector",IGO,"International Body; IGO Department or Agency; Policy Centre; Monitoring or Regulatory Body; Research Centre",IGO,https://www.irena.org/publications/2022/Jul/Global-Hydrogen-Trade-Outlook,https://app.overton.io/document.php?policy_document_id=irena-919ff427fd281485b2922c4409424918,
"Energy decarbonisation in the European Union: Assessment of photovoltaic waste recycling potential",10.1016/j.renene.2022.04.098,"Renewable Energy",2022-06-01T00:00:00+00:00,1,https://doi.org/10.1016/j.renene.2022.04.098,europa,"Publications Office of the European Union","Research and innovation for climate neutrality by 2050",2024-03-04,"Public Sector",Government,"International Body; Public Data Body or Statistics; Archive; Public Service",EU,https://op.europa.eu/en/publication-detail/-/publication/5dee91d3-d9e8-11ee-b9d9-01aa75ed71a1/language-en,https://app.overton.io/document.php?policy_document_id=europa-a66db6dc898f7f4682b32b9f09d9062b,
"“Wild” tariff schemes: Evidence from the Republic of Georgia",10.1016/j.eneco.2022.106030,"Energy Economics",2022-06-01T00:00:00+00:00,2,https://doi.org/10.1016/j.eneco.2022.106030,worldbank,"World Bank","Carbon Pricing Implementation Support in Moldova",2026-03-10,"Public Sector",IGO,"International Body; Financial Institution or Bank; Development Bank; Policy Centre",IGO,https://hdl.handle.net/10986/44508,https://app.overton.io/document.php?policy_document_id=worldbank-a02371d567be8284c1b0bc0bc46c3438,
"“Wild” tariff schemes: Evidence from the Republic of Georgia",10.1016/j.eneco.2022.106030,"Energy Economics",2022-06-01T00:00:00+00:00,2,https://doi.org/10.1016/j.eneco.2022.106030,worldbank,"World Bank","Electricity Tariff Reform and Energy Affordability in Georgia: Distributional Impacts and Policy Implications",2026-04-30,"Public Sector",IGO,"International Body; Financial Institution or Bank; Development Bank; Policy Centre",IGO,https://hdl.handle.net/10986/44874,https://app.overton.io/document.php?policy_document_id=worldbank-c004fd9eb22a244e7f5ebb83b8d25c55,
"Modeling and analysis of cost-effective energy management for integrated microgrids",10.1016/j.clet.2022.100508,"Cleaner Engineering and Technology",2022-06-01T00:00:00+00:00,1,https://doi.org/10.1016/j.clet.2022.100508,europa,"Publications Office of the European Union","Ramp up of renewable generation flexibilities regarding to the system",2025-08-26,"Public Sector",Government,"International Body; Public Data Body or Statistics; Archive; Public Service",EU,https://op.europa.eu/en/publication-detail/-/publication/61436692-82f9-11f0-9af8-01aa75ed71a1/language-en,https://app.overton.io/document.php?policy_document_id=europa-07f091b1c5ce52b6f0588e63ab24e035,
"Electricity demand prediction for sustainable development in Cambodia using recurrent neural networks with ERA5 reanalysis climate variables",10.1016/j.egyr.2022.01.025,"Energy Reports",2022-06-01T00:00:00+00:00,1,https://doi.org/10.1016/j.egyr.2022.01.025,governmentofcambodia,"Government of Cambodia","Available online at",2022-07-20,"Public Sector",Government,"National Body; Mixed Roles; Public Service",Cambodia,https://elibrary.maff.gov.kh/assets/files/books/7aaa8531597b370ea482aa0ea8e45e101658309827.pdf,https://app.overton.io/document.php?policy_document_id=governmentofcambodia-b6eac6dd89702bb1fb3299e2e072daaf,
"Efficient light-trapping in ultrathin GaAs solar cells using quasi-random photonic crystals",10.1016/j.nanoen.2022.107080,"Nano Energy",2022-06-01T00:00:00+00:00,2,https://doi.org/10.1016/j.nanoen.2022.107080,nrelosti,"National Renewable Energy Laboratory","III-V PV Cell Core Capability",2023-02-22,"Public Sector",Government,"National Body; Arm's Length Body; Research Centre; Policy Centre",USA,https://www.osti.gov/biblio/1959068,https://app.overton.io/document.php?policy_document_id=nrelosti-2446558d56baaf8b756aa0fc39789bb4,"Laboratory Directed Research and Development; National Nuclear Security Administration; National Renewable Energy Laboratory; National Renewable Energy Laboratory; Office of Energy Efficiency and Renewable Energy; Office of Energy Efficiency and Renewable Energy; Solar Energy Technologies Office; Solar Energy Technologies Office; U.S. Department of Energy; U.S. Department of Energy; US Department of Energy"
"Efficient light-trapping in ultrathin GaAs solar cells using quasi-random photonic crystals",10.1016/j.nanoen.2022.107080,"Nano Energy",2022-06-01T00:00:00+00:00,2,https://doi.org/10.1016/j.nanoen.2022.107080,nrelosti,"National Renewable Energy Laboratory","Hybrid Tandem Photovoltaics",2023-03-17,"Public Sector",Government,"National Body; Arm's Length Body; Research Centre; Policy Centre",USA,https://www.osti.gov/biblio/1963068,https://app.overton.io/document.php?policy_document_id=nrelosti-db319a44adad3cab31d8102fb7d46597,"Laboratory Directed Research and Development; National Nuclear Security Administration; National Renewable Energy Laboratory; National Renewable Energy Laboratory; Office of Energy Efficiency and Renewable Energy; Office of Energy Efficiency and Renewable Energy; Solar Energy Technologies Office; Solar Energy Technologies Office; U.S. Department of Energy; U.S. Department of Energy; US Department of Energy"
"Evolution of European light-duty vehicle CO2 emissions based on recent certification datasets",10.1016/j.trd.2022.103287,"Transportation Research Part D: Transport and Environment",2022-06-01T00:00:00+00:00,8,https://doi.org/10.1016/j.trd.2022.103287,counciloftheeuropeanunion,"Council of the European Union","COMMISSION STAFF WORKING DOCUMENT Accompanying the document Report from the Commission Commission report under Article 12(3) of Regulation (EU) 2019/631 on the evolution of the real-world CO2 emissions gap for passenger cars and light commercial vehicles and containing the anonymised and aggregated real-world datasets referred to in Article 12 of Commission Implementing Regulation (EU) 2021/392",2024-03-27,"Public Sector",Government,"International Body; Arm's Length Body; Commission",EU,https://data.consilium.europa.eu/doc/document/ST-8367-2024-ADD-1/en/pdf,https://app.overton.io/document.php?policy_document_id=counciloftheeuropeanunion-6b68deb17ab6e9d5ec3a67b4b839f178,"European Commission; European Environment Agency; Joint Research Centre"
"Evolution of European light-duty vehicle CO2 emissions based on recent certification datasets",10.1016/j.trd.2022.103287,"Transportation Research Part D: Transport and Environment",2022-06-01T00:00:00+00:00,8,https://doi.org/10.1016/j.trd.2022.103287,counciloftheeuropeanunion,"Council of the European Union","REPORT FROM THE COMMISSION Commission report under Article 12(3) of Regulation (EU) 2019/631 on the evolution of the real-world CO2 emissions gap for passenger cars and light commercial vehicles and containing the anonymised and aggregated real-world datasets referred to in Article 12 of Commission Implementing Regulation (EU) 2021/392",2024-03-27,"Public Sector",Government,"International Body; Arm's Length Body; Commission",EU,https://data.consilium.europa.eu/doc/document/ST-8367-2024-INIT/en/pdf,https://app.overton.io/document.php?policy_document_id=counciloftheeuropeanunion-d657231894be7184d0f3826ca2447f25,"European Commission; European Environment Agency; Joint Research Centre"
"Evolution of European light-duty vehicle CO2 emissions based on recent certification datasets",10.1016/j.trd.2022.103287,"Transportation Research Part D: Transport and Environment",2022-06-01T00:00:00+00:00,8,https://doi.org/10.1016/j.trd.2022.103287,eurlex,EUR-Lex,"COMMISSION STAFF WORKING DOCUMENT Accompanying the document Report from the Commission Commission report under Article 12(3) of Regulation (EU) 2019/631 on the evolution of the real-world CO2 emissions gap for passenger cars and light commercial vehicles and containing the anonymised and aggregated real-world datasets referred to in Article 12 of Commission Implementing Regulation (EU) 2021/392",2024-03-18,"Public Sector",Government,"International Body; Public Data Body or Statistics; Mixed Roles; Archive; Public Service",EU,https://eur-lex.europa.eu/legal-content/EN/TXT/PDF/?uri=cellar:7b093ce1-e519-11ee-8b2b-01aa75ed71a1,https://app.overton.io/document.php?policy_document_id=eurlex-527c7ad75ece5f25053016a00b6961f5,"European Commission; European Environment Agency; Joint Research Centre"
"Evolution of European light-duty vehicle CO2 emissions based on recent certification datasets",10.1016/j.trd.2022.103287,"Transportation Research Part D: Transport and Environment",2022-06-01T00:00:00+00:00,8,https://doi.org/10.1016/j.trd.2022.103287,eurlex,EUR-Lex,"REPORT FROM THE COMMISSION Commission report under Article 12(3) of Regulation (EU) 2019/631 on the evolution of the real-world CO2 emissions gap for passenger cars and light commercial vehicles and containing the anonymised and aggregated real-world datasets referred to in Article 12 of Commission Implementing Regulation (EU) 2021/392",2024-03-18,"Public Sector",Government,"International Body; Public Data Body or Statistics; Mixed Roles; Archive; Public Service",EU,https://eur-lex.europa.eu/legal-content/EN/TXT/PDF/?uri=cellar:cf0dcab0-e517-11ee-8b2b-01aa75ed71a1,https://app.overton.io/document.php?policy_document_id=eurlex-f3767f49273da069e4ee5fba2f42089f,"European Commission; European Environment Agency; Joint Research Centre"
"Evolution of European light-duty vehicle CO2 emissions based on recent certification datasets",10.1016/j.trd.2022.103287,"Transportation Research Part D: Transport and Environment",2022-06-01T00:00:00+00:00,8,https://doi.org/10.1016/j.trd.2022.103287,europa,"Publications Office of the European Union","2025 and 2030 CO2 emission targets for light duty vehicles",2023-06-30,"Public Sector",Government,"International Body; Public Data Body or Statistics; Archive; Public Service",EU,https://op.europa.eu/en/publication-detail/-/publication/9b9aafad-1953-11ee-806b-01aa75ed71a1/language-en/format-PDF,https://app.overton.io/document.php?policy_document_id=europa-da628495bf4e689cbf11657a9eb7abbd,"European Commission; European Environment Agency; Joint Research Centre"
"Evolution of European light-duty vehicle CO2 emissions based on recent certification datasets",10.1016/j.trd.2022.103287,"Transportation Research Part D: Transport and Environment",2022-06-01T00:00:00+00:00,8,https://doi.org/10.1016/j.trd.2022.103287,europarl_debates,"European Parliament Plenary","Commission staff working document Accompanying the document Report from the Commission Commission report under Article 12(3) of Regulation (EU) 2019/631 on the evolution of the real-world CO2 emissions gap for passenger cars and light commercial vehicles and containing the anonymised and aggregated real-world datasets referred to in Article 12 of Commission Implementing Regulation (EU) 2021/392",2024-01-01,"Public Sector","Legislative Body","Parliament, Senate or Congress; Hansard or Legislative Transcripts; International Body",EU,https://www.europarl.europa.eu/RegData/docs_autres_institutions/commission_europeenne/swd/2024/0059/COM_SWD(2024)0059_EN.pdf,https://app.overton.io/document.php?policy_document_id=europarl_debates-1c2ab7fe37669f27fcfcbdc667b9b34a,"European Commission; European Environment Agency; Joint Research Centre"
"Evolution of European light-duty vehicle CO2 emissions based on recent certification datasets",10.1016/j.trd.2022.103287,"Transportation Research Part D: Transport and Environment",2022-06-01T00:00:00+00:00,8,https://doi.org/10.1016/j.trd.2022.103287,europarl_debates,"European Parliament Plenary","Report from the Commission Commission report under Article 12(3) of Regulation (EU) 2019/631 on the evolution of the real-world CO2 emissions gap for passenger cars and light commercial vehicles and containing the anonymised and aggregated real-world datasets referred to in Article 12 of Commission Implementing Regulation (EU) 2021/392",2024-01-01,"Public Sector","Legislative Body","Parliament, Senate or Congress; Hansard or Legislative Transcripts; International Body",EU,https://www.europarl.europa.eu/RegData/docs_autres_institutions/commission_europeenne/com/2024/0122/COM_COM(2024)0122_EN.pdf,https://app.overton.io/document.php?policy_document_id=europarl_debates-4bc94bec2e8c242feb2e6fb313a60527,"European Commission; European Environment Agency; Joint Research Centre"
"Evolution of European light-duty vehicle CO2 emissions based on recent certification datasets",10.1016/j.trd.2022.103287,"Transportation Research Part D: Transport and Environment",2022-06-01T00:00:00+00:00,8,https://doi.org/10.1016/j.trd.2022.103287,jointresearcheu,"Joint Research Centre","2025 and 2030 CO2 emission targets for Light Duty Vehicles",2023-06-28,"Public Sector",Government,"International Body; IGO Department or Agency; Research Centre; Policy Centre; Commission",EU,https://publications.jrc.ec.europa.eu/repository/handle/JRC133502,https://app.overton.io/document.php?policy_document_id=jointresearcheu-ffb24b746e566df2995220b83f0979b1,"European Commission; European Environment Agency; Joint Research Centre"
"Energy efficiency in large office buildings post-COVID-19 in Europe's top five economies",10.1016/j.esd.2022.04.006,"Energy for Sustainable Development",2022-06-01T00:00:00+00:00,1,https://doi.org/10.1016/j.esd.2022.04.006,govdeptsfrance,"French Government Ministries","Annexe Bibliographique",2024-07-18,"Public Sector",Government,"National Body; Mixed Roles; Public Service",France,https://www.strategie-plan.gouv.fr/files/files/Publications/Rapport/fs-2024-na_141_annexe_bibliographique_juillet.pdf,https://app.overton.io/document.php?policy_document_id=govdeptsfrance-6a2f396d5b81db3238b2072a16d6ce03,"Fundação para a Ciência e a Tecnologia; Fundação para a Ciência e a Tecnologia; Ministério da Educação e Ciência; Universidade de Lisboa; Universidade de Lisboa"
"Identifying predictors for energy poverty in Europe using machine learning",10.1016/j.enbuild.2022.112064,"Energy and Buildings",2022-06-01T00:00:00+00:00,3,https://doi.org/10.1016/j.enbuild.2022.112064,esridublin,ESRI,"Energy poverty prediction and effective targeting for just transitions with machine learning",2023-09-27,"Third Sector","Think Tank","Research Centre; Policy Centre",Ireland,https://www.esri.ie/publications/energy-poverty-prediction-and-effective-targeting-for-just-transitions-with-machine,https://app.overton.io/document.php?policy_document_id=esridublin-077d49311a94cdaa4c10ffbd12efc386,"European Institute of Innovation and Technology; Horizon 2020 Framework Programme; Horizon 2020 Framework Programme"
"Identifying predictors for energy poverty in Europe using machine learning",10.1016/j.enbuild.2022.112064,"Energy and Buildings",2022-06-01T00:00:00+00:00,3,https://doi.org/10.1016/j.enbuild.2022.112064,ibspl,"Fundacja Naukowa Instytut Badań Strukturalnych (IBS)","Analiza wskaźników i zbiorów danych dla oceny ubóstwa energetycznego: Przypadek prywatnych budynków wielorodzinnych",2025-01-01,"Third Sector","Think Tank","Research Centre; Foundation or Charity; Policy Centre",Poland,https://ibs.org.pl/publications/analiza-wskaznikow-i-zbiorow-danych-dla-oceny-ubostwa-energetycznego-przypadek-prywatnych-budynkow-wielorodzinnych/,https://app.overton.io/document.php?policy_document_id=ibspl-0b37eef62941f5e7dc86264fdc532140,"European Institute of Innovation and Technology; Horizon 2020 Framework Programme; Horizon 2020 Framework Programme"
"Identifying predictors for energy poverty in Europe using machine learning",10.1016/j.enbuild.2022.112064,"Energy and Buildings",2022-06-01T00:00:00+00:00,3,https://doi.org/10.1016/j.enbuild.2022.112064,izade,"Forschungsinstitut zur Zukunft der Arbeit (IZA)","Toward Proactive Policy Design: Identifying 'To-Be' Energy-Poor Households Using Shap for Early Intervention",2025-02-10,"Third Sector","Think Tank","Research Centre; Policy Centre",Germany,https://www.iza.org/publications/dp/17669/toward-proactive-policy-design-identifying-to-be-energy-poor-households-using-shap-for-early-intervention,https://app.overton.io/document.php?policy_document_id=izade-202ee190c13179549def115785da8414,"European Institute of Innovation and Technology; Horizon 2020 Framework Programme; Horizon 2020 Framework Programme"
"Impact of Policy Instruments in the Implementation of Renewable Sources of Energy in Selected European Countries",10.3390/su14106314,Sustainability,2022-05-22T00:00:00+00:00,1,https://doi.org/10.3390/su14106314,lukefi,Luke,"EU:n ympäristö-, ilmasto- ja energiapolitiikkojen vaikutukset metsäbiotalouteen",2025-09-17,"Public Sector",Government,"National Body; Arm's Length Body; Research Centre; Policy Centre; Professional Network, Association, Union or Cooperative; Initiative, Programme or Project",Finland,https://jukuri.luke.fi/handle/11111/99913,https://app.overton.io/document.php?policy_document_id=lukefi-308d8b1aeb53b4e001b4941f743e6757,
"Modeling of energy consumption factors for an industrial cement vertical roller mill by SHAP-XGBoost: a ""conscious lab"" approach",10.1038/s41598-022-11429-9,"Scientific Reports",2022-05-09T00:00:00+00:00,1,https://doi.org/10.1038/s41598-022-11429-9,wipo,"World Intellectual Property Organization","Green Technology Book",2023-12-08,"Public Sector",IGO,"International Body; IGO Department or Agency; Policy Centre",IGO,https://www.wipo.int/publications/en/details.jsp?id=4696&plang=EN,https://app.overton.io/document.php?policy_document_id=wipo-1a8ed0b712739dde0b77dbff69621fd8,
"Evaluation of Various Tree-Based Ensemble Models for Estimating Solar Energy Resource Potential in Different Climatic Zones of China",10.3390/en15093463,Energies,2022-05-09T00:00:00+00:00,1,https://doi.org/10.3390/en15093463,cgdev,"Center for Global Development","The Socioeconomic Impact of Climate Change in Developing Countries in the Next Decades",2024-02-20,"Third Sector","Think Tank","Research Centre; Policy Centre",USA,https://www.cgdev.org/publication/socioeconomic-impact-climate-change-developing-countries-next-decades,https://app.overton.io/document.php?policy_document_id=cgdev-a65ac5be476e0028ef24f705ceb7471e,
"The reliability of photovoltaic power generation scheduling in seventeen European countries",10.1016/j.enconman.2022.115641,"Energy Conversion and Management",2022-05-01T00:00:00+00:00,1,https://doi.org/10.1016/j.enconman.2022.115641,diwde,"Deutsches Institut für Wirtschaftsforschung (DIW)","Resilienz in der Schweizer Energieversorgung auf dem Weg zur Klimaneutralität - ein modellbasierter Szenarienvergleich für 2035 : Studie in Kooperation mit der Schweizerischen Energie-Stiftung",2022-06-23,"Third Sector","Think Tank","Research Centre; Policy Centre",Germany,https://www.diw.de/de/diw_01.c.843976.de/publikationen/politikberatung_kompakt/2022_0181/resilienz_in_der_schweizer_energieversorgung_auf_dem_weg_zur___udie_in_kooperation_mit_der_schweizerischen_energie-stiftung.html,https://app.overton.io/document.php?policy_document_id=diwde-115f4c9324ade636280de441e7ce0c5c,
"Design of low-energy consumption hybrid dryer: A case study of garlic (Allium sativum) drying process",10.1016/j.csite.2022.101929,"Case Studies in Thermal Engineering",2022-05-01T00:00:00+00:00,1,https://doi.org/10.1016/j.csite.2022.101929,cgiar,CGIAR,"Informe final. Desarrollo de un prototipo de secador infrarrojo-aire caliente.",2023-12-06,"Third Sector","Think Tank","Research Centre; Initiative, Programme or Project; Policy Centre; Professional Network, Association, Union or Cooperative",France,https://hdl.handle.net/10568/135090,https://app.overton.io/document.php?policy_document_id=cgiar-a1011685add14dd612b3f67574524904,
"Environmental externalities of wood pellets from fast-growing and para-rubber trees for sustainable energy production: A case in Thailand",10.1016/j.ecmx.2022.100183,"Energy Conversion and Management: X",2022-05-01T00:00:00+00:00,1,https://doi.org/10.1016/j.ecmx.2022.100183,governmentofthailand,"Government of Thailand","Proceedings Of The 14 International Conference On Environmental Engineering, Science And Management",2025-05-18,"Public Sector",Government,"National Body; Mixed Roles; Public Service",Thailand,https://www.dcce.go.th/wp-content/uploads/2025/10/e-Proceeding_Full-paper_14Inter.pdf,https://app.overton.io/document.php?policy_document_id=governmentofthailand-3f4877bd7be04ab85a590312deeecf52,
"The efficiency and GHG emissions of air source heat pumps under future climate scenarios across Canada",10.1016/j.enbuild.2022.112000,"Energy and Buildings",2022-05-01T00:00:00+00:00,1,https://doi.org/10.1016/j.enbuild.2022.112000,provinceofnorthwest,"Government of Northwest Territories","Fighting Fire with Fire: Carbon-Negative Heat Production in Canada's North Using Pyrolysis of Fire-Killed Trees",2023-11-09,"Public Sector",Government,"Regional or State Level Body; Mixed Roles; Public Service",Canada,https://climatelibrary.ecc.gov.nt.ca/dataset/46e71d18-42aa-4fb4-895a-35faa49b52f3/resource/ed72a8f9-f6ee-4cfb-9d29-7267cf832fde/download/1-s2.0-s0921344923003233-main.pdf,https://app.overton.io/document.php?policy_document_id=provinceofnorthwest-8a82b680927618cb0bc2d6d463719cde,"Agriculture and Agri-Food Canada; NSERC; Natural Sciences and Engineering Research Council of Canada"
"Solar Radiation Nowcasting Using a Markov Chain Multi-Model Approach",10.3390/en15092996,Energies,2022-04-20T00:00:00+00:00,2,https://doi.org/10.3390/en15092996,cordisbe,CORDIS,"EuroGEO Showcases: Applications Powered by Europe",2023-10-13,"Public Sector",Government,"Public Data Body or Statistics; Archive; Public Service; Mixed Roles",EU,https://ec.europa.eu/research/participants/documents/downloadPublic?documentIds=080166e5fa5c112c&appId=PPGMS,https://app.overton.io/document.php?policy_document_id=cordisbe-913e9a3df5defe03aebe9b6c189bdbdc,"European Commission"
"Solar Radiation Nowcasting Using a Markov Chain Multi-Model Approach",10.3390/en15092996,Energies,2022-04-20T00:00:00+00:00,2,https://doi.org/10.3390/en15092996,cordisbe,CORDIS,"EuroGEO Showcases: Applications Powered by Europe",2023-10-13,"Public Sector",Government,"Public Data Body or Statistics; Archive; Public Service; Mixed Roles",EU,https://ec.europa.eu/research/participants/documents/downloadPublic?documentIds=080166e5f6149d7b&appId=PPGMS,https://app.overton.io/document.php?policy_document_id=cordisbe-fe7e3178f8815740c6efcae730748116,"European Commission"
"A Comparative Study of Forecasting Electricity Consumption Using Machine Learning Models",10.3390/math10081329,Mathematics,2022-04-17T00:00:00+00:00,1,https://doi.org/10.3390/math10081329,ipeabr,"Instituto de Pesquisa Econômica Aplicada","Geração de séries sintéticas de velocidade do vento por meio do modelo fatorial dinâmico",2024-01-01,"Third Sector","Think Tank","Research Centre; Policy Centre",Brazil,https://www.ipea.gov.br/portal/publicacao-item?id=d0db3667-cff7-4770-9186-84e5d8e81407,https://app.overton.io/document.php?policy_document_id=ipeabr-0c5257369a75a9a0eea9c987942cbd2d,
"Developing a Deep Neural Network with Fuzzy Wavelets and Integrating an Inline PSO to Predict Energy Consumption Patterns in Urban Buildings",10.3390/math10081270,Mathematics,2022-04-11T00:00:00+00:00,1,https://doi.org/10.3390/math10081270,interacademies,IAP,"Climate and Health: Science-based policy solutions",2024-10-28,"Public Sector",Government,"International Body; Arm's Length Body; Professional Network, Association, Union or Cooperative; Initiative, Programme or Project; Learned Society",Italy,https://www.interacademies.org/publication/climate-change-adaptation-health-book-case-studies,https://app.overton.io/document.php?policy_document_id=interacademies-65da47aad2a5233913196f86e6e49734,
"Residents and Professionals’ Perspectives on Energy and Water Consumption While Transiting from Conventional to Sustainable Housings in South Africa",10.3390/su14084498,Sustainability,2022-04-10T00:00:00+00:00,1,https://doi.org/10.3390/su14084498,unhabitat,"United Nations Human Settlement Programme","World Cities Report 2026: The Global Housing Crisis: Pathways to Action",2026-05-09,"Public Sector",IGO,"International Body; IGO Department or Agency; Research Centre; Policy Centre",IGO,https://unhabitat.org/sites/default/files/2026/05/wcr_2026.pdf,https://app.overton.io/document.php?policy_document_id=unhabitat-a9a38342349229c753c89189aacd7edf,
"Implementation of BIM Energy Analysis and Monte Carlo Simulation for Estimating Building Energy Performance Based on Regression Approach: A Case Study",10.3390/buildings12040449,Buildings,2022-04-05T00:00:00+00:00,1,https://doi.org/10.3390/buildings12040449,governmentofcanada,"Government of Canada","Characterizing building footprints for heat load modelling in remote communities / prepared by: Galen Richardson, Gemma Caesar, Julia Purdy, Christa Wakim, and Ryan Kilpatrick.: M154-164/2023E-PDF Publications - Canada.ca",2023-01-01,"Public Sector",Government,"National Body; Mixed Roles; Public Service",Canada,http://publications.gc.ca/site/eng/9.929715/publication.html,https://app.overton.io/document.php?policy_document_id=governmentofcanada-233e23bf355c3fd79148ef8cad7f3b1f,
"Impact of façade type on an ejected flame propagation from a compartment opening - Experimental and numerical studies",10.1016/j.jobe.2021.103660,"Journal of Building Engineering",2022-04-01T00:00:00+00:00,3,https://doi.org/10.1016/j.jobe.2021.103660,risesweden,"Sveriges Forskningsinstitut","Proceedings of FSF 2024. The 4th International Symposium on Fire Safety of Facades 2024: 10-12 June 2024. Lund, Sweden",2024-06-13,"Public Sector",Government,"National Body; Arm's Length Body; Research Council; Research Centre; Policy Centre",Sweden,https://ri.diva-portal.org/smash/get/diva2:1868526/FULLTEXT02.pdf,https://app.overton.io/document.php?policy_document_id=risesweden-81631db299d6a869cb006f782d577182,
"Impact of façade type on an ejected flame propagation from a compartment opening - Experimental and numerical studies",10.1016/j.jobe.2021.103660,"Journal of Building Engineering",2022-04-01T00:00:00+00:00,3,https://doi.org/10.1016/j.jobe.2021.103660,risesweden,"Sveriges Forskningsinstitut","Proceedings of FSF 2024. The 4th International Symposium on Fire Safety of Facades 2024: 10-12 June 2024. Lund, Sweden",2024-08-20,"Public Sector",Government,"National Body; Arm's Length Body; Research Council; Research Centre; Policy Centre",Sweden,https://ri.diva-portal.org/smash/get/diva2:1868526/FULLTEXT04.pdf,https://app.overton.io/document.php?policy_document_id=risesweden-9326f9dfb20d943a4a9e852f42ea9c52,
"Impact of façade type on an ejected flame propagation from a compartment opening - Experimental and numerical studies",10.1016/j.jobe.2021.103660,"Journal of Building Engineering",2022-04-01T00:00:00+00:00,3,https://doi.org/10.1016/j.jobe.2021.103660,risesweden,"Sveriges Forskningsinstitut","Proceedings of FSF 2024. The 4th International Symposium on Fire Safety of Facades 2024: 10-12 June 2024. Lund, Sweden",2024-06-10,"Public Sector",Government,"National Body; Arm's Length Body; Research Council; Research Centre; Policy Centre",Sweden,https://ri.diva-portal.org/smash/get/diva2:1868526/FULLTEXT01.pdf,https://app.overton.io/document.php?policy_document_id=risesweden-ce52b5fabe9260ddac1059ab5d14ce54,
"Fossil Natural Gas Exit – A New Narrative for the European Energy Transformation Towards Decarbonization",10.5547/2160-5890.10.2.chir,"Economics of Energy & Environmental Policy",2022-04-01T00:00:00+00:00,2,https://doi.org/10.5547/2160-5890.10.2.chir,diwde,"Deutsches Institut für Wirtschaftsforschung (DIW)","Energiewirtschaftliche und industriepolitische Bewertung des Energie- und Industrieprojekts Mukran mit dem Bau von LNG-Infrastruktur und Pipelineanbindung nach Lubmin : Endbericht ; Studie im Auftrag der Deutschen Umwelthilfe e.V.",2023-09-21,"Third Sector","Think Tank","Research Centre; Policy Centre",Germany,https://www.diw.de/de/diw_01.c.881106.de/publikationen/politikberatung_kompakt/2023_0196/energiewirtschaftliche_und_industriepolitische_bewertung_des___ndbericht___studie_im_auftrag_der_deutschen_umwelthilfe_e.v..html,https://app.overton.io/document.php?policy_document_id=diwde-979e398c6bb22b0a812d40587aa743be,
"Fossil Natural Gas Exit – A New Narrative for the European Energy Transformation Towards Decarbonization",10.5547/2160-5890.10.2.chir,"Economics of Energy & Environmental Policy",2022-04-01T00:00:00+00:00,2,https://doi.org/10.5547/2160-5890.10.2.chir,diwde,"Deutsches Institut für Wirtschaftsforschung (DIW)","Energieinfrastrukturentwicklung für Klimaneutralität – Empfehlungen für die Weiterentwicklung einer Energiewende-kompatiblen Systementwicklungsstrategie (SES) : Studie in Kooperation mit der 100 prozent erneuerbar stiftung",2023-04-25,"Third Sector","Think Tank","Research Centre; Policy Centre",Germany,https://www.diw.de/de/diw_01.c.870975.de/publikationen/politikberatung_kompakt/2023_0190/energieinfrastrukturentwicklung_fuer_klimaneutralitaet_____e___tudie_in_kooperation_mit_der_100_prozent_erneuerbar_stiftung.html,https://app.overton.io/document.php?policy_document_id=diwde-a78216803bd1bd561adadab89be3034b,
"A novel intelligent control method for domestic refrigerators based on user behavior",10.1016/j.ijrefrig.2022.01.017,"International Journal of Refrigeration",2022-04-01T00:00:00+00:00,2,https://doi.org/10.1016/j.ijrefrig.2022.01.017,unenvironment,"United Nations Environment Programme","Global Cooling WatchKeeping it Chill: How to Meet Cooling Demands while Cutting Emissions",2023-12-01,"Public Sector",IGO,"International Body; IGO Department or Agency; Policy Centre; Monitoring or Regulatory Body",IGO,https://wedocs.unep.org/handle/20.500.11822/44243,https://app.overton.io/document.php?policy_document_id=unenvironment-438f790f5e75f2cf6bf627273d42bae7,
"A novel intelligent control method for domestic refrigerators based on user behavior",10.1016/j.ijrefrig.2022.01.017,"International Journal of Refrigeration",2022-04-01T00:00:00+00:00,2,https://doi.org/10.1016/j.ijrefrig.2022.01.017,unitednations,"United Nations","Global Cooling Watch 2023 :keeping it chill: how to meet cooling demands while cutting emissions",2023-01-01,"Public Sector",IGO,"International Body; Top-Level Authority; IGO Department or Agency; Mixed Roles; Policy Centre",IGO,https://digitallibrary.un.org/record/4030186?ln=en,https://app.overton.io/document.php?policy_document_id=unitednations-7f428c7c7b32f8e78d29b3d588493fa5,
"Greenhouse gas emission forecasts for electrification of space heating in residential homes in the US",10.1016/j.enpol.2022.112813,"Energy Policy",2022-04-01T00:00:00+00:00,4,https://doi.org/10.1016/j.enpol.2022.112813,dallasfed,"Federal Reserve Bank of Dallas","The Electric Ceiling: Limits and Costs of Full Electrification",2022-10-21,"Public Sector",Government,"Regional or State Level Body; Financial Institution or Bank; Central Bank",USA,https://www.dallasfed.org/-/media/documents/research/papers/2022/wp2220.pdf,https://app.overton.io/document.php?policy_document_id=dallasfed-cf74fdf2453f28aae8ad107333f9cd55,
"Greenhouse gas emission forecasts for electrification of space heating in residential homes in the US",10.1016/j.enpol.2022.112813,"Energy Policy",2022-04-01T00:00:00+00:00,4,https://doi.org/10.1016/j.enpol.2022.112813,epagov,EPA,"AQ. CLIMATE ‘ 9X POLLUTION lj) REDUCTION GRANTS",2024-04-02,"Public Sector",Government,"National Body; Government Agency; Arm's Length Body; Monitoring or Regulatory Body",USA,https://www.epa.gov/system/files/documents/2024-03/state-of-new-hampshire-priority-climate-action-plan.pdf,https://app.overton.io/document.php?policy_document_id=epagov-3c80caaae4c4908598bd6e238d9b9e3a,
"Greenhouse gas emission forecasts for electrification of space heating in residential homes in the US",10.1016/j.enpol.2022.112813,"Energy Policy",2022-04-01T00:00:00+00:00,4,https://doi.org/10.1016/j.enpol.2022.112813,stateofnewmexico,"State of New Mexico","New Mexico Priority Climate Action Plan",2024-03-01,"Public Sector",Government,"Regional or State Level Body; Mixed Roles; Public Service",USA,https://www.env.nm.gov/climateaction/wp-content/uploads/sites/39/2024/03/New-Mexico-Priority-Climate-Action-Plan-2024-03-01.pdf,https://app.overton.io/document.php?policy_document_id=stateofnewmexico-4dc37e80d3cfec75cda53b4dbb7bc0d5,
"Greenhouse gas emission forecasts for electrification of space heating in residential homes in the US",10.1016/j.enpol.2022.112813,"Energy Policy",2022-04-01T00:00:00+00:00,4,https://doi.org/10.1016/j.enpol.2022.112813,stateofnewmexico,"State of New Mexico","New Mexico Priority Climate Action Plan",2024-03-01,"Public Sector",Government,"Regional or State Level Body; Mixed Roles; Public Service",USA,https://www.climateaction.nm.gov/wp-content/uploads/2024/09/New-Mexico-Priority-Climate-Action-Plan-2024-03-01.pdf,https://app.overton.io/document.php?policy_document_id=stateofnewmexico-9b51841d0c11c7214bbab6713a954b6e,
"Why capacity market prices are too high",10.1016/j.jup.2022.101335,"Utilities Policy",2022-04-01T00:00:00+00:00,2,https://doi.org/10.1016/j.jup.2022.101335,nrelosti,"National Renewable Energy Laboratory","Reducing Grid Costs while Abating Emissions: Opportunities for Flexible Building Loads",2023-04-03,"Public Sector",Government,"National Body; Arm's Length Body; Research Centre; Policy Centre",USA,https://www.osti.gov/biblio/1968836,https://app.overton.io/document.php?policy_document_id=nrelosti-bfd30b3693124844d66e529e37c1e3d2,
"Why capacity market prices are too high",10.1016/j.jup.2022.101335,"Utilities Policy",2022-04-01T00:00:00+00:00,2,https://doi.org/10.1016/j.jup.2022.101335,rijksoverheid,Rijksoverheid,"Onderzoek publieke belangen Nederlandse energievoorziening",2025-05-17,"Public Sector",Government,"National Body; Mixed Roles; Public Service",Netherlands,https://open.overheid.nl/documenten/aaac00d1-2d3e-40c0-85ed-1cb3baf0af5b,https://app.overton.io/document.php?policy_document_id=rijksoverheid-a2cfc3e3241334c99c781d179d239639,
"Industrial artificial intelligence based energy management system: Integrated framework for electricity load forecasting and fault prediction",10.1016/j.energy.2022.123195,Energy,2022-04-01T00:00:00+00:00,1,https://doi.org/10.1016/j.energy.2022.123195,aneelbr,"Agência Nacional de Energia Elétrica","Bibliografia temática : inteligência artificial no Setor Elétrico",2025-07-30,"Public Sector",Government,"Monitoring or Regulatory Body",Brazil,https://biblioteca.aneel.gov.br/acervo/detalhe/250354,https://app.overton.io/document.php?policy_document_id=aneelbr-be6ff478152cd76f5c19b3d4f2415df2,"Hong Kong Polytechnic University"
"Supervised Learning for Distribution Secondary Systems Modeling: Improving Solar Interconnection Processes",10.1109/tste.2022.3140650,"IEEE Transactions on Sustainable Energy",2022-04-01T00:00:00+00:00,2,https://doi.org/10.1109/tste.2022.3140650,gpogov,"Government Publishing Office (GPO)","PV hosting capacity estimation : experiences with scalable framework : preprint /",2022-06-22,"Public Sector",Government,"National Body; Mixed Roles; Public Service",USA,https://purl.fdlp.gov/GPO/gpo188194,https://app.overton.io/document.php?policy_document_id=gpogov-4dcb4d69b57d07d5aa325dfafcce1b21,"Alliance for Sustainable Energy; Improving Solar and Solar&#x002B;Storage Screening Techniques to Reduce Utility Interconnection Time and Costs; Laboratory Directed Research and Development; National Nuclear Security Administration; National Renewable Energy Laboratory; National Renewable Energy Laboratory; Renewable Energy Solar Energy Technologies Office Project; U.S. Department of Energy; U.S. Department of Energy; U.S. Department of Energy Office of Energy Efficiency"
"Supervised Learning for Distribution Secondary Systems Modeling: Improving Solar Interconnection Processes",10.1109/tste.2022.3140650,"IEEE Transactions on Sustainable Energy",2022-04-01T00:00:00+00:00,2,https://doi.org/10.1109/tste.2022.3140650,nrelosti,"National Renewable Energy Laboratory","Final Technical Report: Improving Solar and Solar+Storage Screening Techniques to Reduce Utility Interconnection Time and Costs",2022-09-29,"Public Sector",Government,"National Body; Arm's Length Body; Research Centre; Policy Centre",USA,https://www.osti.gov/biblio/1891205,https://app.overton.io/document.php?policy_document_id=nrelosti-f857274d6d4427963182882a564d3457,"Alliance for Sustainable Energy; Improving Solar and Solar&#x002B;Storage Screening Techniques to Reduce Utility Interconnection Time and Costs; Laboratory Directed Research and Development; National Nuclear Security Administration; National Renewable Energy Laboratory; National Renewable Energy Laboratory; Renewable Energy Solar Energy Technologies Office Project; U.S. Department of Energy; U.S. Department of Energy; U.S. Department of Energy Office of Energy Efficiency"
"Heat Load Profiles in Industry and the Tertiary Sector: Correlation with Electricity Consumption and Ex Post Modeling",10.3390/su14074033,Sustainability,2022-03-29T00:00:00+00:00,2,https://doi.org/10.3390/su14074033,europa,"Publications Office of the European Union","MODECO, modelling study on the role of energy communities in the energy transition.",2023-05-04,"Public Sector",Government,"International Body; Public Data Body or Statistics; Archive; Public Service",EU,https://op.europa.eu/en/publication-detail/-/publication/5cfb350a-eaf4-11ed-a05c-01aa75ed71a1/language-en/format-PDF,https://app.overton.io/document.php?policy_document_id=europa-49754c87ebecba8410924378703fdfe2,
"Heat Load Profiles in Industry and the Tertiary Sector: Correlation with Electricity Consumption and Ex Post Modeling",10.3390/su14074033,Sustainability,2022-03-29T00:00:00+00:00,2,https://doi.org/10.3390/su14074033,jointresearcheu,"Joint Research Centre","MODECO - Modelling study on the role of Energy Communities in the energy transition",2023-04-26,"Public Sector",Government,"International Body; IGO Department or Agency; Research Centre; Policy Centre; Commission",EU,https://publications.jrc.ec.europa.eu/repository/handle/JRC132896,https://app.overton.io/document.php?policy_document_id=jointresearcheu-9c1aebffbd44f9e176ef946a850d7f9c,
"Validation of wind resource and energy production simulations for small wind turbines in the United States",10.5194/wes-7-659-2022,"Wind Energy Science",2022-03-24T00:00:00+00:00,1,https://doi.org/10.5194/wes-7-659-2022,nrelosti,"National Renewable Energy Laboratory","Advanced Computing Annual Report 2022",2023-03-27,"Public Sector",Government,"National Body; Arm's Length Body; Research Centre; Policy Centre",USA,https://www.osti.gov/biblio/1967504,https://app.overton.io/document.php?policy_document_id=nrelosti-dc5cfe1eae8fb0b366002444666ab22f,"Battelle; Bonneville Power Administration; Danmarks Tekniske Universitet; European Centre for Medium-Range Weather Forecasts; National Aeronautics and Space Administration; National Renewable Energy Laboratory; Oak Ridge National Laboratory; Office of Energy Efficiency; Office of Energy Efficiency and Renewable Energy; Office of Energy Efficiency and Renewable Energy; Pacific Northwest National Laboratory; Savannah River National Laboratory; U.S. Department of Energy; U.S. Department of Energy"
"Greenhouse Gas Emissions Performance of Electric and Fossil-Fueled Passenger Vehicles with Uncertainty Estimates Using a Probabilistic Life-Cycle Assessment",10.3390/su14063444,Sustainability,2022-03-15T00:00:00+00:00,4,https://doi.org/10.3390/su14063444,apo,"Australian Policy Online","Victorian state of the environment 2023 report: summary report",2023-11-30,"Third Sector",NGO,"Public Data Body or Statistics; Archive; Policy Centre",Australia,https://apo.org.au/node/325215,https://app.overton.io/document.php?policy_document_id=apo-d930655681281ed070a291a00decbd26,
"Greenhouse Gas Emissions Performance of Electric and Fossil-Fueled Passenger Vehicles with Uncertainty Estimates Using a Probabilistic Life-Cycle Assessment",10.3390/su14063444,Sustainability,2022-03-15T00:00:00+00:00,4,https://doi.org/10.3390/su14063444,climatecouncilaustralia,"Climate Council","Aussies would pay less at the petrol pump with clean, efficient cars like those sold overseas",2024-02-18,"Public Sector",Government,"National Body; Arm's Length Body; Committee",Australia,https://www.climatecouncil.org.au/resources/aussies-would-pay-less-petrol-pump-with-clean-efficient-cars/,https://app.overton.io/document.php?policy_document_id=climatecouncilaustralia-8436de145a423bec5935f8a14f55cf82,
"Greenhouse Gas Emissions Performance of Electric and Fossil-Fueled Passenger Vehicles with Uncertainty Estimates Using a Probabilistic Life-Cycle Assessment",10.3390/su14063444,Sustainability,2022-03-15T00:00:00+00:00,4,https://doi.org/10.3390/su14063444,parliamentvictoriaau,"Parliament of Victoria","Victorian State of the Environment 2023 Report",2023-11-30,"Public Sector","Legislative Body","Regional or State Level Body; Parliament, Senate or Congress",Australia,https://www.parliament.vic.gov.au/496422/globalassets/tabled-paper-documents/tabled-paper-7953/state-of-the-environment-2023-report_scientific-assessments-volume-1_digital.pdf,https://app.overton.io/document.php?policy_document_id=parliamentvictoriaau-6a30d42308fae4e364030238da5127e2,
"Greenhouse Gas Emissions Performance of Electric and Fossil-Fueled Passenger Vehicles with Uncertainty Estimates Using a Probabilistic Life-Cycle Assessment",10.3390/su14063444,Sustainability,2022-03-15T00:00:00+00:00,4,https://doi.org/10.3390/su14063444,teri,"The Energy and Resources Institute","Report: Life Cycle Assessment Based Rating Framework for Four-Wheeler Passenger Vehicles",2026-07-23,"Third Sector","Think Tank","Research Centre",India,https://www.teriin.org/policy-brief/report-life-cycle-assessment-based-rating-framework-four-wheeler-passenger-vehicles,https://app.overton.io/document.php?policy_document_id=teri-9fc9719b82579789f48d3e6e690042af,
"Techno-Economic Performance of Closed-Loop Geothermal Systems for Heat Production and Electricity Generation",10.1016/j.geothermics.2021.102318,Geothermics,2022-03-01T00:00:00+00:00,8,https://doi.org/10.1016/j.geothermics.2021.102318,adminch,"Government of Switzerland","TEC-DBHE Techno-economics of closedloop deep borehole-heat exchangers",2022-10-23,"Public Sector",Government,"National Body; Public Service; Mixed Roles; Committee",Switzerland,https://pubdb.bfe.admin.ch/en/publication/download/11315,https://app.overton.io/document.php?policy_document_id=adminch-80ddafff4e2f9c3375235cf7ba1f2105,
"Techno-Economic Performance of Closed-Loop Geothermal Systems for Heat Production and Electricity Generation",10.1016/j.geothermics.2021.102318,Geothermics,2022-03-01T00:00:00+00:00,8,https://doi.org/10.1016/j.geothermics.2021.102318,california_state_agencies,"State of California","Advanced Geothermal System Commercial Demonstration at The Geysers, in Northern California",2026-03-31,"Public Sector",Government,"Regional or State Level Body; Mixed Roles; Public Service",USA,https://www.energy.ca.gov/sites/default/files/2026-04/CEC-500-2026-009.pdf,https://app.overton.io/document.php?policy_document_id=california_state_agencies-12117a098170eaeb8eb734ddc4912029,
"Techno-Economic Performance of Closed-Loop Geothermal Systems for Heat Production and Electricity Generation",10.1016/j.geothermics.2021.102318,Geothermics,2022-03-01T00:00:00+00:00,8,https://doi.org/10.1016/j.geothermics.2021.102318,europa,"Publications Office of the European Union","Clean Energy Technology Observatory, Deep geothermal heat and power in the European union : status report on technology development, trends, value chains and markets : 2022.",2022-11-14,"Public Sector",Government,"International Body; Public Data Body or Statistics; Archive; Public Service",EU,https://op.europa.eu/en/publication-detail/-/publication/a98aec60-657b-11ed-9f85-01aa75ed71a1/language-en/format-PDF,https://app.overton.io/document.php?policy_document_id=europa-447c4d974d8a74db6739818ed934bb89,
"Techno-Economic Performance of Closed-Loop Geothermal Systems for Heat Production and Electricity Generation",10.1016/j.geothermics.2021.102318,Geothermics,2022-03-01T00:00:00+00:00,8,https://doi.org/10.1016/j.geothermics.2021.102318,europa,"Publications Office of the European Union","Clean Energy Technology Observatory, Deep geothermal heat and power in the European union",2023-10-23,"Public Sector",Government,"International Body; Public Data Body or Statistics; Archive; Public Service",EU,https://op.europa.eu/en/publication-detail/-/publication/ab4d6c4b-721d-11ee-9220-01aa75ed71a1/language-en/format-PDF,https://app.overton.io/document.php?policy_document_id=europa-7e885cebfb9cf0873a23b8b0a4faa387,
"Techno-Economic Performance of Closed-Loop Geothermal Systems for Heat Production and Electricity Generation",10.1016/j.geothermics.2021.102318,Geothermics,2022-03-01T00:00:00+00:00,8,https://doi.org/10.1016/j.geothermics.2021.102318,jointresearcheu,"Joint Research Centre","Clean Energy Technology Observatory: Deep Geothermal Heat and Power in the European Union - 2023 Status Report on Technology Development, Trends, Value Chains and Markets",2023-10-20,"Public Sector",Government,"International Body; IGO Department or Agency; Research Centre; Policy Centre; Commission",EU,https://publications.jrc.ec.europa.eu/repository/handle/JRC135206,https://app.overton.io/document.php?policy_document_id=jointresearcheu-573717938a4e51768e3ec5162c495bdb,
"Techno-Economic Performance of Closed-Loop Geothermal Systems for Heat Production and Electricity Generation",10.1016/j.geothermics.2021.102318,Geothermics,2022-03-01T00:00:00+00:00,8,https://doi.org/10.1016/j.geothermics.2021.102318,jointresearcheu,"Joint Research Centre","Clean Energy Technology Observatory: Deep Geothermal Heat and Power in the European Union – 2022 Status Report on Technology Development, Trends, Value Chains and Markets",2022-11-09,"Public Sector",Government,"International Body; IGO Department or Agency; Research Centre; Policy Centre; Commission",EU,https://publications.jrc.ec.europa.eu/repository/handle/JRC130585,https://app.overton.io/document.php?policy_document_id=jointresearcheu-8fc1fc77c8a6a432be0e24fbb52ed558,
"Techno-Economic Performance of Closed-Loop Geothermal Systems for Heat Production and Electricity Generation",10.1016/j.geothermics.2021.102318,Geothermics,2022-03-01T00:00:00+00:00,8,https://doi.org/10.1016/j.geothermics.2021.102318,ukparliament_select,"UK Parliament Select Committee Publications","GEO0015 - Technological Innovations and Climate Change: Geothermal Technologies",2022-09-08,"Public Sector","Legislative Body","National Body; Parliament, Senate or Congress; Committee",UK,https://committees.parliament.uk/writtenevidence/110132/pdf/,https://app.overton.io/document.php?policy_document_id=ukparliament_select-752622b03cf44e37f7aaefb4fb606fa6,
"Techno-Economic Performance of Closed-Loop Geothermal Systems for Heat Production and Electricity Generation",10.1016/j.geothermics.2021.102318,Geothermics,2022-03-01T00:00:00+00:00,8,https://doi.org/10.1016/j.geothermics.2021.102318,ukparliament_select,"UK Parliament Select Committee Publications","GEO0006 - Technological Innovations and Climate Change: Geothermal Technologies",2022-09-08,"Public Sector","Legislative Body","National Body; Parliament, Senate or Congress; Committee",UK,https://committees.parliament.uk/writtenevidence/109934/pdf/,https://app.overton.io/document.php?policy_document_id=ukparliament_select-7b17df94b44b6c246fa7878b9e4c5a0d,
"Study of a new receiver-reactor cavity system with multiple mobile redox units for solar thermochemical water splitting",10.1016/j.solener.2022.02.013,"Solar Energy",2022-03-01T00:00:00+00:00,1,https://doi.org/10.1016/j.solener.2022.02.013,cordisbe,CORDIS,"Solar Facilities for the European Research Area - Third Phase",2024-12-02,"Public Sector",Government,"Public Data Body or Statistics; Archive; Public Service; Mixed Roles",EU,https://ec.europa.eu/research/participants/documents/downloadPublic?documentIds=080166e504c5cb3c&appId=PPGMS,https://app.overton.io/document.php?policy_document_id=cordisbe-07671d857523c701637a1f7558ae5edc,
"Extreme temperatures and residential electricity consumption: Evidence from Chinese households",10.1016/j.eneco.2022.105890,"Energy Economics",2022-03-01T00:00:00+00:00,3,https://doi.org/10.1016/j.eneco.2022.105890,asiandevelopmentbank,"Asian Development Bank","Extreme Heat: The Emerging Science and Its Implications for Asia and the Pacific",2025-12-05,"Public Sector",IGO,"International Body; Financial Institution or Bank; Development Bank",IGO,https://www.adb.org/publications/extreme-heat-asia-pacific,https://app.overton.io/document.php?policy_document_id=asiandevelopmentbank-cb0fcf20ee80e6e753eabe9d3542f702,
"Extreme temperatures and residential electricity consumption: Evidence from Chinese households",10.1016/j.eneco.2022.105890,"Energy Economics",2022-03-01T00:00:00+00:00,3,https://doi.org/10.1016/j.eneco.2022.105890,cedlas,"Centro de Estudios Distributivos, Laborales y Sociales (CEDLAS)","Asymmetric Adaptation to Heat and Energy Poverty.",2026-05-01,"Third Sector","Think Tank","Research Centre; Policy Centre",Argentina,https://www.cedlas.econo.unlp.edu.ar/wp/wp-content/uploads/doc_cedlas372.pdf?dl=0,https://app.overton.io/document.php?policy_document_id=cedlas-ffc6d8b5639b0e7bc4bfb6664ad095fa,
"Extreme temperatures and residential electricity consumption: Evidence from Chinese households",10.1016/j.eneco.2022.105890,"Energy Economics",2022-03-01T00:00:00+00:00,3,https://doi.org/10.1016/j.eneco.2022.105890,oecddiscovery,OECD,"Household energy choices",2024-08-01,"Public Sector",IGO,"International Body; IGO Department or Agency; Monitoring or Regulatory Body; Policy Centre; Research Centre",IGO,https://dx.doi.org/https://doi.org/10.1787/534a14fe-en,https://app.overton.io/document.php?policy_document_id=oecddiscovery-624731819cd907efc920da4c7f5d9fe8,
"Bimodal particle distributions with increased thermal conductivity for solid particles as heat transfer media and storage materials",10.1016/j.ijheatmasstransfer.2021.122250,"International Journal of Heat and Mass Transfer",2022-03-01T00:00:00+00:00,2,https://doi.org/10.1016/j.ijheatmasstransfer.2021.122250,stateofidaho,"State of Idaho","Instruction, Research And Student Affairs February 27, 2024",2024-02-19,"Public Sector",Government,"Regional or State Level Body; Mixed Roles; Public Service",USA,https://boardofed.idaho.gov/meetings/board/archive/2024/022724/04%20IRSA.pdf,https://app.overton.io/document.php?policy_document_id=stateofidaho-12e9ac5067067d6a12c8b1dc8bc6fc82,"Office of Renewable Power; Solar Energy Technologies Office; Solar Energy Technologies Office; U.S. Department of Energy; US Department of Energy"
"Bimodal particle distributions with increased thermal conductivity for solid particles as heat transfer media and storage materials",10.1016/j.ijheatmasstransfer.2021.122250,"International Journal of Heat and Mass Transfer",2022-03-01T00:00:00+00:00,2,https://doi.org/10.1016/j.ijheatmasstransfer.2021.122250,stateofidaho,"State of Idaho","Public Streaming",2024-02-22,"Public Sector",Government,"Regional or State Level Body; Mixed Roles; Public Service",USA,https://boardofed.idaho.gov/meetings/board/archive/2024/022724/AGENDA%20ALL.pdf,https://app.overton.io/document.php?policy_document_id=stateofidaho-4b98e777bdbe1ff2f1842b5563e27f2f,"Office of Renewable Power; Solar Energy Technologies Office; Solar Energy Technologies Office; U.S. Department of Energy; US Department of Energy"
"Assessment of current developments and future prospects of wind energy in Canada",10.1016/j.seta.2021.101819,"Sustainable Energy Technologies and Assessments",2022-03-01T00:00:00+00:00,2,https://doi.org/10.1016/j.seta.2021.101819,cacca,"Council of Canadian Academies","Mise en place",2024-11-18,"Third Sector","Think Tank","Research Centre; Policy Centre; Professional Network, Association, Union or Cooperative; Initiative, Programme or Project",Canada,https://www.rapports-cac.ca/reports/technologies-au-service-de-la-securite-alimentaire-du-canada/,https://app.overton.io/document.php?policy_document_id=cacca-448add6e5089e557d988b31a1d31dc42,"Natural Resources Canada"
"Assessment of current developments and future prospects of wind energy in Canada",10.1016/j.seta.2021.101819,"Sustainable Energy Technologies and Assessments",2022-03-01T00:00:00+00:00,2,https://doi.org/10.1016/j.seta.2021.101819,cacca,"Council of Canadian Academies","The Next Course",2024-11-15,"Third Sector","Think Tank","Research Centre; Policy Centre; Professional Network, Association, Union or Cooperative; Initiative, Programme or Project",Canada,https://cca-reports.ca/reports/technologies-for-canadian-food-security/,https://app.overton.io/document.php?policy_document_id=cacca-ccc1f6e738264f364cdb1c823475d48d,"Natural Resources Canada"
"The uncertainties involved in measuring national solar photovoltaic electricity generation",10.1016/j.rser.2021.112000,"Renewable and Sustainable Energy Reviews",2022-03-01T00:00:00+00:00,1,https://doi.org/10.1016/j.rser.2021.112000,ukparliament_select,"UK Parliament Select Committee Publications","OSE0040 - Technological innovations and climate change: onshore solar energy",2022-12-15,"Public Sector","Legislative Body","National Body; Parliament, Senate or Congress; Committee",UK,https://committees.parliament.uk/writtenevidence/114007/pdf/,https://app.overton.io/document.php?policy_document_id=ukparliament_select-385f73e78666ced14d5d7b697072d1dc,"Engineering and Physical Sciences Research Council; UKRI (Special project, May 2022)"
"Life cycle optimisation of building retrofitting considering climate change effects",10.1016/j.enbuild.2022.111830,"Energy and Buildings",2022-03-01T00:00:00+00:00,1,https://doi.org/10.1016/j.enbuild.2022.111830,ukparliament_select,"UK Parliament Select Committee Publications","University of Cambridge Institute for Sustainability Leadership (FRE0155)",2025-09-04,"Public Sector","Legislative Body","National Body; Parliament, Senate or Congress; Committee",UK,https://committees.parliament.uk/writtenevidence/144831/pdf/,https://app.overton.io/document.php?policy_document_id=ukparliament_select-d0f17079e653fdeefb43651b55edd65b,"Department for Business, Energy and Industrial Strategy, UK Government"
"A solar backup system to provide reliable energy in presence of unplanned power outages",10.1016/j.est.2021.103653,"Journal of Energy Storage",2022-03-01T00:00:00+00:00,1,https://doi.org/10.1016/j.est.2021.103653,worldbank,"World Bank","Rooftop Solar Energy Potential in Low- and Middle-Income Countries",2026-03-17,"Public Sector",IGO,"International Body; Financial Institution or Bank; Development Bank; Policy Centre",IGO,https://hdl.handle.net/10986/44520,https://app.overton.io/document.php?policy_document_id=worldbank-34454d711f8a95d8b35d1d71fb1fe706,"Engineering and Physical Sciences Research Council; Innovate UK; UKRI (Special project, May 2022)"
"Performance Analysis of Machine Learning Algorithms for Energy Demand–Supply Prediction in Smart Grids",10.3390/su14052546,Sustainability,2022-02-22T00:00:00+00:00,1,https://doi.org/10.3390/su14052546,csirza,"Council for Scientific and Industrial Research (CSIR)","CSIR Annual Report 2022/23",2023-10-29,"Public Sector","Think Tank","Research Centre; Policy Centre","South Africa",https://www.csir.co.za/sites/default/files/2025-11/CSIR%202022-23%20AR%20Layout%20V20.2.pdf,https://app.overton.io/document.php?policy_document_id=csirza-4c89f41059b6344bb2d62863958e12a8,
"Why marginal CO <sub>2</sub> emissions are not decreasing for US electricity: Estimates and implications for climate policy",10.1073/pnas.2116632119,"Proceedings of the National Academy of Sciences",2022-02-14T00:00:00+00:00,17,https://doi.org/10.1073/pnas.2116632119,california_state_agencies,"State of California","Initial Statement Of Reasons",2024-05-17,"Public Sector",Government,"Regional or State Level Body; Mixed Roles; Public Service",USA,https://efiling.energy.ca.gov/GetDocument.aspx?tn=256446-2,https://app.overton.io/document.php?policy_document_id=california_state_agencies-1ddb70449a64c47f841e765e5a2eb681,
"Why marginal CO <sub>2</sub> emissions are not decreasing for US electricity: Estimates and implications for climate policy",10.1073/pnas.2116632119,"Proceedings of the National Academy of Sciences",2022-02-14T00:00:00+00:00,17,https://doi.org/10.1073/pnas.2116632119,california_state_agencies,"State of California","Pre-Rulemaking Updates to the Power Source Disclosure Regulations",2024-01-31,"Public Sector",Government,"Regional or State Level Body; Mixed Roles; Public Service",USA,https://efiling.energy.ca.gov/GetDocument.aspx?tn=254272&DocumentContentId=89637,https://app.overton.io/document.php?policy_document_id=california_state_agencies-27dc408a051e2ea53f24492c408a2d9d,
"Why marginal CO <sub>2</sub> emissions are not decreasing for US electricity: Estimates and implications for climate policy",10.1073/pnas.2116632119,"Proceedings of the National Academy of Sciences",2022-02-14T00:00:00+00:00,17,https://doi.org/10.1073/pnas.2116632119,california_state_agencies,"State of California","Initial Statement Of Reasons",2024-05-17,"Public Sector",Government,"Regional or State Level Body; Mixed Roles; Public Service",USA,https://efiling.energy.ca.gov/GetDocument.aspx?tn=256446-2&DocumentContentId=92271,https://app.overton.io/document.php?policy_document_id=california_state_agencies-4ed51b71d8108f315a6480750a7aa328,
"Why marginal CO <sub>2</sub> emissions are not decreasing for US electricity: Estimates and implications for climate policy",10.1073/pnas.2116632119,"Proceedings of the National Academy of Sciences",2022-02-14T00:00:00+00:00,17,https://doi.org/10.1073/pnas.2116632119,california_state_agencies,"State of California","California Air Resources Board",2024-06-21,"Public Sector",Government,"Regional or State Level Body; Mixed Roles; Public Service",USA,https://ww2.arb.ca.gov/system/files/webform/public_comments/15291/6-21-24%20CT%20Comments%20(Bloom).pdf,https://app.overton.io/document.php?policy_document_id=california_state_agencies-f7fde14a8e8bb9a9e8c46fba9fded658,
"Why marginal CO <sub>2</sub> emissions are not decreasing for US electricity: Estimates and implications for climate policy",10.1073/pnas.2116632119,"Proceedings of the National Academy of Sciences",2022-02-14T00:00:00+00:00,17,https://doi.org/10.1073/pnas.2116632119,catoinstitute,"Cato Institute","Scope Creep: Mandating Disclosure of Scope 3 Emissions Is Costly (and Creepy)",2023-12-11,"Third Sector","Think Tank","Research Centre; Policy Centre",USA,https://www.cato.org/blog/scope-creep-mandating-disclosure-scope-3-emissions-costly-creepy,https://app.overton.io/document.php?policy_document_id=catoinstitute-7da6fc24b4f6e0e4d0b677050cff4dd0,
"Why marginal CO <sub>2</sub> emissions are not decreasing for US electricity: Estimates and implications for climate policy",10.1073/pnas.2116632119,"Proceedings of the National Academy of Sciences",2022-02-14T00:00:00+00:00,17,https://doi.org/10.1073/pnas.2116632119,dallasfed,"Federal Reserve Bank of Dallas","Time-Limited Subsidies: Optimal Taxation with Implications for Renewable Energy Subsidies – Research Dept. Working Paper No. 2530 – Dallas Fed",2025-07-25,"Public Sector",Government,"Regional or State Level Body; Financial Institution or Bank; Central Bank",USA,https://www.dallasfed.org/~/media/documents/research/papers/2025/wp2530.pdf,https://app.overton.io/document.php?policy_document_id=dallasfed-63d544c0b900ef1aa9bebdad98f2e07d,
"Why marginal CO <sub>2</sub> emissions are not decreasing for US electricity: Estimates and implications for climate policy",10.1073/pnas.2116632119,"Proceedings of the National Academy of Sciences",2022-02-14T00:00:00+00:00,17,https://doi.org/10.1073/pnas.2116632119,gpogov,"Government Publishing Office (GPO)","Climate and energy implications of crypto-assets in the United States /",2022-09-08,"Public Sector",Government,"National Body; Mixed Roles; Public Service",USA,https://purl.fdlp.gov/GPO/gpo193691,https://app.overton.io/document.php?policy_document_id=gpogov-8d417fdbbeb4e8b6b3a27b78e95a47c4,
"Why marginal CO <sub>2</sub> emissions are not decreasing for US electricity: Estimates and implications for climate policy",10.1073/pnas.2116632119,"Proceedings of the National Academy of Sciences",2022-02-14T00:00:00+00:00,17,https://doi.org/10.1073/pnas.2116632119,ifode,"ifo Institut","Optimal Solar Subsidies",2023-05-30,"Third Sector","Think Tank","Research Centre",Germany,https://www.cesifo.org/en/publications/2023/working-paper/optimal-solar-subsidies,https://app.overton.io/document.php?policy_document_id=ifode-57d9ca4092f1ede6e797e658b21ee725,
"Why marginal CO <sub>2</sub> emissions are not decreasing for US electricity: Estimates and implications for climate policy",10.1073/pnas.2116632119,"Proceedings of the National Academy of Sciences",2022-02-14T00:00:00+00:00,17,https://doi.org/10.1073/pnas.2116632119,napedu,"National Academies of Sciences, Engineering, and Medicine","The Role of Net Metering in the Evolving Electricity System",2023-05-11,"Public Sector",Government,"National Body; Knowledge Brokerage; Research Center; Learned Society",USA,https://www.nationalacademies.org/publications/26704,https://app.overton.io/document.php?policy_document_id=napedu-dbe1d92e0da2b619ef608299951eb82f,
"Why marginal CO <sub>2</sub> emissions are not decreasing for US electricity: Estimates and implications for climate policy",10.1073/pnas.2116632119,"Proceedings of the National Academy of Sciences",2022-02-14T00:00:00+00:00,17,https://doi.org/10.1073/pnas.2116632119,nber,NBER,"U.S Electric Utility Adaptation to Natural Disasters Shocks and Green Power Mandates",2022-10-24,"Third Sector","Think Tank","Research Centre",USA,https://www.nber.org/papers/w30583,https://app.overton.io/document.php?policy_document_id=nber-4782cdb3d6a73c522a791cfb45076ac2,
"Why marginal CO <sub>2</sub> emissions are not decreasing for US electricity: Estimates and implications for climate policy",10.1073/pnas.2116632119,"Proceedings of the National Academy of Sciences",2022-02-14T00:00:00+00:00,17,https://doi.org/10.1073/pnas.2116632119,nber,NBER,"The Economic Determinants of Heat Pump Adoption",2023-06-12,"Third Sector","Think Tank","Research Centre",USA,https://www.nber.org/papers/w31344,https://app.overton.io/document.php?policy_document_id=nber-5a4aeb02b30b2b3956be6afb5a708594,
"Why marginal CO <sub>2</sub> emissions are not decreasing for US electricity: Estimates and implications for climate policy",10.1073/pnas.2116632119,"Proceedings of the National Academy of Sciences",2022-02-14T00:00:00+00:00,17,https://doi.org/10.1073/pnas.2116632119,nber,NBER,"The Market and Climate Implications of U.S. LNG Exports",2024-03-11,"Third Sector","Think Tank","Research Centre",USA,https://www.nber.org/papers/w32228,https://app.overton.io/document.php?policy_document_id=nber-65dbdb241bfd6aed6088fdb414a50165,
"Why marginal CO <sub>2</sub> emissions are not decreasing for US electricity: Estimates and implications for climate policy",10.1073/pnas.2116632119,"Proceedings of the National Academy of Sciences",2022-02-14T00:00:00+00:00,17,https://doi.org/10.1073/pnas.2116632119,nber,NBER,"Regularization from Economic Constraints: A New Estimator for Marginal Emissions",2024-01-22,"Third Sector","Think Tank","Research Centre",USA,https://www.nber.org/papers/w32065,https://app.overton.io/document.php?policy_document_id=nber-7082594d0ec6d3cd0fae8371238850ce,
"Why marginal CO <sub>2</sub> emissions are not decreasing for US electricity: Estimates and implications for climate policy",10.1073/pnas.2116632119,"Proceedings of the National Academy of Sciences",2022-02-14T00:00:00+00:00,17,https://doi.org/10.1073/pnas.2116632119,nber,NBER,"On the Feasibility, Costs, and Benefits of an Immediate Phasedown of Coal for U.S. Electricity Generation",2024-03-11,"Third Sector","Think Tank","Research Centre",USA,https://www.nber.org/papers/w32235,https://app.overton.io/document.php?policy_document_id=nber-899956b851f599d5f179c568e5e09f29,
"Why marginal CO <sub>2</sub> emissions are not decreasing for US electricity: Estimates and implications for climate policy",10.1073/pnas.2116632119,"Proceedings of the National Academy of Sciences",2022-02-14T00:00:00+00:00,17,https://doi.org/10.1073/pnas.2116632119,nber,NBER,"Optimal Subsidies for Green Hydrogen Production",2023-11-27,"Third Sector","Think Tank","Research Centre",USA,https://www.nber.org/papers/w31902,https://app.overton.io/document.php?policy_document_id=nber-a84a6f5a9f2f2e87746268605c0c95f9,
"Why marginal CO <sub>2</sub> emissions are not decreasing for US electricity: Estimates and implications for climate policy",10.1073/pnas.2116632119,"Proceedings of the National Academy of Sciences",2022-02-14T00:00:00+00:00,17,https://doi.org/10.1073/pnas.2116632119,nber,NBER,"Policy Uncertainty in the Market for Coal Electricity: The Case of Air Toxics Standards",2022-08-01,"Third Sector","Think Tank","Research Centre",USA,https://www.nber.org/papers/w30297,https://app.overton.io/document.php?policy_document_id=nber-ea90e3d1cbcf24c2f9441ff90a49aa94,
"Why marginal CO <sub>2</sub> emissions are not decreasing for US electricity: Estimates and implications for climate policy",10.1073/pnas.2116632119,"Proceedings of the National Academy of Sciences",2022-02-14T00:00:00+00:00,17,https://doi.org/10.1073/pnas.2116632119,whitehouse,Whitehouse.gov,"Climate And Energy Implications Of Crypto-assets In The United States",2022-09-08,"Public Sector",Government,"National Body; Mixed Roles; Public Service",USA,https://www.whitehouse.gov/wp-content/uploads/2022/09/09-2022-Crypto-Assets-and-Climate-Report.pdf,https://app.overton.io/document.php?policy_document_id=whitehouse-a34dba4f7a616c24da8ca40948af73f3,
"Estimation of energy consumption due to the elimination of an environmental tax in Ecuador",10.1016/j.esd.2021.11.005,"Energy for Sustainable Development",2022-02-01T00:00:00+00:00,3,https://doi.org/10.1016/j.esd.2021.11.005,europa,"Publications Office of the European Union","Green taxation in non-OECD countries",2023-06-27,"Public Sector",Government,"International Body; Public Data Body or Statistics; Archive; Public Service",EU,https://op.europa.eu/en/publication-detail/-/publication/0c8aa612-1628-11ee-806b-01aa75ed71a1/language-en/format-PDF,https://app.overton.io/document.php?policy_document_id=europa-8b0b8dcb28ab8484ab9a74ae4b400272,
"Estimation of energy consumption due to the elimination of an environmental tax in Ecuador",10.1016/j.esd.2021.11.005,"Energy for Sustainable Development",2022-02-01T00:00:00+00:00,3,https://doi.org/10.1016/j.esd.2021.11.005,unfccc,"United Nations Framework Convention on Climate Change","Ecuador. 2024 Biennial Transparency Report (BTR). BTR1.",2024-12-27,"Public Sector",IGO,"International Body; Arm's Length Body; Initiative, Programme or Project; Monitoring or Regulatory Body",IGO,https://unfccc.int/documents/645116,https://app.overton.io/document.php?policy_document_id=unfccc-31c3a984d38c881c07ce0f1cf9808e30,
"Estimation of energy consumption due to the elimination of an environmental tax in Ecuador",10.1016/j.esd.2021.11.005,"Energy for Sustainable Development",2022-02-01T00:00:00+00:00,3,https://doi.org/10.1016/j.esd.2021.11.005,viennainstitute,"Vienna Institute for International Dialogue and Cooperation","Studie: A Climate of Equality. Protecting the Environment and Safeguarding Justice in a Progressive Tax System",2025-03-11,"Third Sector","Think Tank","Research Centre; Policy Centre",Austria,https://www.vidc.org/fileadmin/martina/studien/climate-equality-study_web.pdf,https://app.overton.io/document.php?policy_document_id=viennainstitute-1923ec886b7bceae7ceb58c1acb5fae5,
"Long-term carbon emission reduction potential of building retrofits with dynamically changing electricity emission factors",10.1016/j.buildenv.2021.108683,"Building and Environment",2022-02-01T00:00:00+00:00,1,https://doi.org/10.1016/j.buildenv.2021.108683,diwde,"Deutsches Institut für Wirtschaftsforschung (DIW)","Prioritize to Decarbonize : Thermal Retrofits, Carbon Prices, and Energy Inequality",2025-05-09,"Third Sector","Think Tank","Research Centre; Policy Centre",Germany,https://www.diw.de/de/diw_01.c.953645.de/publikationen/diskussionspapiere/2025_2119/prioritize_to_decarbonize__thermal_retrofits__carbon_prices__and_energy_inequality.html,https://app.overton.io/document.php?policy_document_id=diwde-f5564246df233f5ad74b41468952e81d,"Division of Chemical, Bioengineering, Environmental, and Transport Systems; NSF (Special project, May 2022); National Science Foundation; National Science Foundation"
"Economic analysis of the early market of centralized photovoltaic parks in Sweden",10.1016/j.renene.2021.12.081,"Renewable Energy",2022-02-01T00:00:00+00:00,3,https://doi.org/10.1016/j.renene.2021.12.081,risesweden,"Sveriges Forskningsinstitut","Solceller och återvätning av torvmark – möjligheter, utmaningar och förslag",2024-12-23,"Public Sector",Government,"National Body; Arm's Length Body; Research Council; Research Centre; Policy Centre",Sweden,https://ri.diva-portal.org/smash/get/diva2:1923397/FULLTEXT01.pdf,https://app.overton.io/document.php?policy_document_id=risesweden-ba8c39ee6b0a9885f892d863f629d859,"Energiforsk; Energimyndigheten; Energimyndigheten"
"Economic analysis of the early market of centralized photovoltaic parks in Sweden",10.1016/j.renene.2021.12.081,"Renewable Energy",2022-02-01T00:00:00+00:00,3,https://doi.org/10.1016/j.renene.2021.12.081,risesweden,"Sveriges Forskningsinstitut","ECOVOLTAICS OCH AGRIVOLTAICS: en handbok om solcellsparker som gynnar biologisk mångfald och ekosystemtjänster",2022-11-01,"Public Sector",Government,"National Body; Arm's Length Body; Research Council; Research Centre; Policy Centre",Sweden,https://ri.diva-portal.org/smash/get/diva2:1704420/FULLTEXT03.pdf,https://app.overton.io/document.php?policy_document_id=risesweden-bf5375f6120003074791be9cf793da2b,"Energiforsk; Energimyndigheten; Energimyndigheten"
"Economic analysis of the early market of centralized photovoltaic parks in Sweden",10.1016/j.renene.2021.12.081,"Renewable Energy",2022-02-01T00:00:00+00:00,3,https://doi.org/10.1016/j.renene.2021.12.081,risesweden,"Sveriges Forskningsinstitut","ECOVOLTAICS OCH AGRIVOLTAICS: en handbok om solcellsparker som gynnar biologisk mångfald och ekosystemtjänster",2022-10-17,"Public Sector",Government,"National Body; Arm's Length Body; Research Council; Research Centre; Policy Centre",Sweden,https://ri.diva-portal.org/smash/get/diva2:1704420/FULLTEXT01.pdf,https://app.overton.io/document.php?policy_document_id=risesweden-c2bf0b505d984cc73bdd3f6f2d8fa9c1,"Energiforsk; Energimyndigheten; Energimyndigheten"
"Are households living in green certified buildings consuming less energy? Evidence from Switzerland",10.1016/j.enpol.2021.112724,"Energy Policy",2022-02-01T00:00:00+00:00,2,https://doi.org/10.1016/j.enpol.2021.112724,adminch,"Government of Switzerland","Nachhaltigkeit in der Kreditfinanzierung",2022-05-23,"Public Sector",Government,"National Body; Public Service; Mixed Roles; Committee",Switzerland,https://www.bafu.admin.ch/dam/it/sd-web/4oU0lRwVyv32/nachhaltigkeit-in-der-kreditfinanzierung.pdf,https://app.overton.io/document.php?policy_document_id=adminch-213f249da47a9a078f38113957015a76,"Bundesamt für Energie; Core Research for Evolutional Science and Technology; Innosuisse - Schweizerische Agentur für Innovationsförderung; Kommission für Technologie und Innovation"
"Are households living in green certified buildings consuming less energy? Evidence from Switzerland",10.1016/j.enpol.2021.112724,"Energy Policy",2022-02-01T00:00:00+00:00,2,https://doi.org/10.1016/j.enpol.2021.112724,adminch,"Government of Switzerland","Nachhaltigkeit in der Kreditfinanzierung",2022-05-23,"Public Sector",Government,"National Body; Public Service; Mixed Roles; Committee",Switzerland,https://www.bafu.admin.ch/dam/de/sd-web/4oU0lRwVyv32/nachhaltigkeit-in-der-kreditfinanzierung.pdf,https://app.overton.io/document.php?policy_document_id=adminch-2631ddadf45845cffed05efc36e8c65c,"Bundesamt für Energie; Core Research for Evolutional Science and Technology; Innosuisse - Schweizerische Agentur für Innovationsförderung; Kommission für Technologie und Innovation"
"Universal Digital Twin – the impact of heat pumps on social inequality",10.1016/j.adapen.2021.100079,"Advances in Applied Energy",2022-02-01T00:00:00+00:00,5,https://doi.org/10.1016/j.adapen.2021.100079,europa,"Publications Office of the European Union","Addressing European research and innovation challenges for system transitions in energy and mobility",2024-11-08,"Public Sector",Government,"International Body; Public Data Body or Statistics; Archive; Public Service",EU,https://op.europa.eu/en/publication-detail/-/publication/46e16a85-9d7f-11ef-85f0-01aa75ed71a1/language-en,https://app.overton.io/document.php?policy_document_id=europa-04e385fec9513ec42655a46a69d22547,"Alexander von Humboldt-Stiftung; Fitzwilliam College, University of Cambridge; National Research Foundation"
"Universal Digital Twin – the impact of heat pumps on social inequality",10.1016/j.adapen.2021.100079,"Advances in Applied Energy",2022-02-01T00:00:00+00:00,5,https://doi.org/10.1016/j.adapen.2021.100079,govuk,"The UK Government","Digital Innovation in Product Safety – a Scoping Study",2026-07-02,"Public Sector",Government,"National Body; Mixed Roles; Public Service",UK,https://www.gov.uk/government/publications/digital-innovation-in-product-safety-a-scoping-study,https://app.overton.io/document.php?policy_document_id=govuk-ff5b7d0ba80ac0d5aea37a5bd9a16581,"Alexander von Humboldt-Stiftung; Fitzwilliam College, University of Cambridge; National Research Foundation"
"Universal Digital Twin – the impact of heat pumps on social inequality",10.1016/j.adapen.2021.100079,"Advances in Applied Energy",2022-02-01T00:00:00+00:00,5,https://doi.org/10.1016/j.adapen.2021.100079,icstudiesuk,"Institute for Community Studies","Conceptualising socially inclusive environmental policy: a just transition to Net Zero",2023-12-18,"Third Sector","Think Tank","Research Centre; Policy Centre",UK,https://www.youngfoundation.org/institute-for-community-studies/repository/conceptualising-socially-inclusive-environmental-policy-a-just-transition-to-net-zero/,https://app.overton.io/document.php?policy_document_id=icstudiesuk-05ae05df3471132e1d6c86d288eb0192,"Alexander von Humboldt-Stiftung; Fitzwilliam College, University of Cambridge; National Research Foundation"
"Universal Digital Twin – the impact of heat pumps on social inequality",10.1016/j.adapen.2021.100079,"Advances in Applied Energy",2022-02-01T00:00:00+00:00,5,https://doi.org/10.1016/j.adapen.2021.100079,icstudiesuk,"Institute for Community Studies","Our journey to net zero: Understanding household and community participation in the UK’s transition to a greener future",2024-02-14,"Third Sector","Think Tank","Research Centre; Policy Centre",UK,https://www.youngfoundation.org/institute-for-community-studies/repository/our-journey-to-net-zero-understanding-household-and-community-participation-in-the-uk-s-transition-to-a-greener-future/,https://app.overton.io/document.php?policy_document_id=icstudiesuk-16e92368bb2e11a77848f8322b06b914,"Alexander von Humboldt-Stiftung; Fitzwilliam College, University of Cambridge; National Research Foundation"
"Universal Digital Twin – the impact of heat pumps on social inequality",10.1016/j.adapen.2021.100079,"Advances in Applied Energy",2022-02-01T00:00:00+00:00,5,https://doi.org/10.1016/j.adapen.2021.100079,youngfoundation,"The Young Foundation","Our journey to net zero",2024-10-17,"Third Sector","Think Tank","Research Centre; Foundation or Charity; Policy Centre",UK,https://www.youngfoundation.org/our-work/publications/our-journey-to-net-zero/,https://app.overton.io/document.php?policy_document_id=youngfoundation-b7d44d9b24943177b4070f4c2ed4b4cd,"Alexander von Humboldt-Stiftung; Fitzwilliam College, University of Cambridge; National Research Foundation"
"Simulating the impact of charge exchange on beam ions in MAST-U",10.1088/1361-6587/ac4856,"Plasma Physics and Controlled Fusion",2022-02-01T00:00:00+00:00,2,https://doi.org/10.1088/1361-6587/ac4856,vttfi,"Teknologian tutkimuskeskus VTT","FinnFusion Yearbook 2021",2022-05-03,"Public Sector",Government,"Research Centre",Finland,https://cris.vtt.fi/en/publications/finnfusion-yearbook-2021,https://app.overton.io/document.php?policy_document_id=vttfi-35f39d4f0267c1c913da5928c3c3469d,"Academy of Finland; EUROfusion; Engineering and Physical Sciences Research Council; Euratom Research and Training Programme; European Commission; H2020 Euratom; Research Councils UK"
"Simulating the impact of charge exchange on beam ions in MAST-U",10.1088/1361-6587/ac4856,"Plasma Physics and Controlled Fusion",2022-02-01T00:00:00+00:00,2,https://doi.org/10.1088/1361-6587/ac4856,vttfi,"Teknologian tutkimuskeskus VTT","FinnFusion Yearbook 2022",2023-06-12,"Public Sector",Government,"Research Centre",Finland,https://cris.vtt.fi/en/publications/finnfusion-yearbook-2022,https://app.overton.io/document.php?policy_document_id=vttfi-cd5c1aa097b0ca01b616c840a334d71f,"Academy of Finland; EUROfusion; Engineering and Physical Sciences Research Council; Euratom Research and Training Programme; European Commission; H2020 Euratom; Research Councils UK"
"Predicted wind and solar energy expansion has minimal overlap with multiple conservation priorities across global regions",10.1073/pnas.2104764119,"Proceedings of the National Academy of Sciences",2022-01-31T00:00:00+00:00,7,https://doi.org/10.1073/pnas.2104764119,cicerono,"CICERO Senter for Klimaforskning","Climate, nature, land-use change and human rights",2024-01-01,"Public Sector","Think Tank","Research Centre; Policy Centre",Norway,https://nva.sikt.no/registration/0198cc560071-947980ba-66fd-4d76-860e-1f7f484ede9f,https://app.overton.io/document.php?policy_document_id=cicerono-615f3a720ad752dc058ae79c2f472260,"Engineering and Physical Sciences Research Council; Medical Research Council; Natural Environment Research Council; RCUK | Natural Environment Research Council; Sight Research UK; UKRI (Special project, May 2022); University of Southampton"
"Predicted wind and solar energy expansion has minimal overlap with multiple conservation priorities across global regions",10.1073/pnas.2104764119,"Proceedings of the National Academy of Sciences",2022-01-31T00:00:00+00:00,7,https://doi.org/10.1073/pnas.2104764119,iucn,"International Union for Conservation of Nature","Planificación espacial para desarrollos eólicos y solares e infraestructura asociada",2025-01-01,"Third Sector",IGO,"International Body; Top-Level Authority; Professional Network, Association, Union or Cooperative; Initiative, Programme or Project; Policy Centre; Research Centre",France,https://portals.iucn.org/library/node/52544,https://app.overton.io/document.php?policy_document_id=iucn-075b1cc80ef64a5a5eb1ef0db51680d5,"Engineering and Physical Sciences Research Council; Medical Research Council; Natural Environment Research Council; RCUK | Natural Environment Research Council; Sight Research UK; UKRI (Special project, May 2022); University of Southampton"
"Predicted wind and solar energy expansion has minimal overlap with multiple conservation priorities across global regions",10.1073/pnas.2104764119,"Proceedings of the National Academy of Sciences",2022-01-31T00:00:00+00:00,7,https://doi.org/10.1073/pnas.2104764119,iucn,"International Union for Conservation of Nature","Spatial planning for wind and solar developments and associated infrastructure",2024-01-01,"Third Sector",IGO,"International Body; Top-Level Authority; Professional Network, Association, Union or Cooperative; Initiative, Programme or Project; Policy Centre; Research Centre",France,https://portals.iucn.org/library/node/52091,https://app.overton.io/document.php?policy_document_id=iucn-4517901b93b6af2036980a214c02e5d9,"Engineering and Physical Sciences Research Council; Medical Research Council; Natural Environment Research Council; RCUK | Natural Environment Research Council; Sight Research UK; UKRI (Special project, May 2022); University of Southampton"
"Predicted wind and solar energy expansion has minimal overlap with multiple conservation priorities across global regions",10.1073/pnas.2104764119,"Proceedings of the National Academy of Sciences",2022-01-31T00:00:00+00:00,7,https://doi.org/10.1073/pnas.2104764119,iucn,"International Union for Conservation of Nature","Aménagement du territoire dans les projets de développement éoliens et solaires et les infrastructures associées",2025-01-01,"Third Sector",IGO,"International Body; Top-Level Authority; Professional Network, Association, Union or Cooperative; Initiative, Programme or Project; Policy Centre; Research Centre",France,https://portals.iucn.org/library/node/52543,https://app.overton.io/document.php?policy_document_id=iucn-831e614139fad08226af13867a867c31,"Engineering and Physical Sciences Research Council; Medical Research Council; Natural Environment Research Council; RCUK | Natural Environment Research Council; Sight Research UK; UKRI (Special project, May 2022); University of Southampton"
"Predicted wind and solar energy expansion has minimal overlap with multiple conservation priorities across global regions",10.1073/pnas.2104764119,"Proceedings of the National Academy of Sciences",2022-01-31T00:00:00+00:00,7,https://doi.org/10.1073/pnas.2104764119,jointresearcheu,"Joint Research Centre","Biodiversity, climate change and energy",2024-03-20,"Public Sector",Government,"International Body; IGO Department or Agency; Research Centre; Policy Centre; Commission",EU,https://publications.jrc.ec.europa.eu/repository/handle/JRC134744,https://app.overton.io/document.php?policy_document_id=jointresearcheu-e0facc1d775d1737b32a61a973b23600,"Engineering and Physical Sciences Research Council; Medical Research Council; Natural Environment Research Council; RCUK | Natural Environment Research Council; Sight Research UK; UKRI (Special project, May 2022); University of Southampton"
"Predicted wind and solar energy expansion has minimal overlap with multiple conservation priorities across global regions",10.1073/pnas.2104764119,"Proceedings of the National Academy of Sciences",2022-01-31T00:00:00+00:00,7,https://doi.org/10.1073/pnas.2104764119,oecddiscovery,OECD,"Mainstreaming Biodiversity into Renewable Power Infrastructure",2024-01-30,"Public Sector",IGO,"International Body; IGO Department or Agency; Monitoring or Regulatory Body; Policy Centre; Research Centre",IGO,https://dx.doi.org/https://doi.org/10.1787/357ac474-en,https://app.overton.io/document.php?policy_document_id=oecddiscovery-d019b2858232cbd0a563f3a81f7d0ec3,"Engineering and Physical Sciences Research Council; Medical Research Council; Natural Environment Research Council; RCUK | Natural Environment Research Council; Sight Research UK; UKRI (Special project, May 2022); University of Southampton"
"Predicted wind and solar energy expansion has minimal overlap with multiple conservation priorities across global regions",10.1073/pnas.2104764119,"Proceedings of the National Academy of Sciences",2022-01-31T00:00:00+00:00,7,https://doi.org/10.1073/pnas.2104764119,pagov,"Commonwealth of Pennsylvania","Baseline Assessment, Development Process, and Regulatory Context of Solar Power in Rural Pennsylvania",2024-08-09,"Public Sector",Government,"Regional or State Level Body; Mixed Roles; Public Service",USA,https://www.rural.pa.gov/download.cfm?file=Resources/reports/assets/263/Baseline+Assessment+of+Solar+Power+in+Rural+Pennsylvania+Report+Web.pdf,https://app.overton.io/document.php?policy_document_id=pagov-3b98c803c366205ff64599ca61350e76,"Engineering and Physical Sciences Research Council; Medical Research Council; Natural Environment Research Council; RCUK | Natural Environment Research Council; Sight Research UK; UKRI (Special project, May 2022); University of Southampton"
"Forecasting Day-Ahead Electricity Metrics with Artificial Neural Networks",10.3390/s22031051,Sensors,2022-01-28T00:00:00+00:00,1,https://doi.org/10.3390/s22031051,europa,"Publications Office of the European Union","Cybersecurity and privacy in AI",2023-06-29,"Public Sector",Government,"International Body; Public Data Body or Statistics; Archive; Public Service",EU,https://op.europa.eu/en/publication-detail/-/publication/c3232bae-16f3-11ee-806b-01aa75ed71a1/language-en/format-PDF,https://app.overton.io/document.php?policy_document_id=europa-e63c1b8857df424070195fc2b23ed24d,
"Weather Forecasting for Renewable Energy System: A Review",10.1007/s11831-021-09695-3,"Archives of Computational Methods in Engineering",2022-01-26T00:00:00+00:00,2,https://doi.org/10.1007/s11831-021-09695-3,randcorporation,"RAND Corporation","The use of AI for improving energy security",2024-06-21,"Third Sector","Think Tank","Research Centre; Policy Centre",USA,https://www.rand.org/pubs/research_reports/RRA2907-1.html,https://app.overton.io/document.php?policy_document_id=randcorporation-e406a318fba49963ad001fd7b3c88587,
"Weather Forecasting for Renewable Energy System: A Review",10.1007/s11831-021-09695-3,"Archives of Computational Methods in Engineering",2022-01-26T00:00:00+00:00,2,https://doi.org/10.1007/s11831-021-09695-3,unitednations,"United Nations","Climate technology progress report 2024 :unleashing renewable energy for ambitious NDCs",2024-01-01,"Public Sector",IGO,"International Body; Top-Level Authority; IGO Department or Agency; Mixed Roles; Policy Centre",IGO,https://digitallibrary.un.org/record/4065169?ln=en,https://app.overton.io/document.php?policy_document_id=unitednations-fc2af588a52d54064f05b05523fd4549,
"Hydrogen Energy Demand Growth Prediction and Assessment (2021–2050) Using a System Thinking and System Dynamics Approach",10.3390/app12020781,"Applied Sciences",2022-01-13T00:00:00+00:00,2,https://doi.org/10.3390/app12020781,california_state_agencies,"State of California","Michael Colvin Comments - Hydrogen Leakage Study",2022-07-20,"Public Sector",Government,"Regional or State Level Body; Mixed Roles; Public Service",USA,https://efiling.energy.ca.gov/GetDocument.aspx?tn=245166&DocumentContentId=79252,https://app.overton.io/document.php?policy_document_id=california_state_agencies-6a11d85cd66225d55a86ec7ef40006b7,
"Hydrogen Energy Demand Growth Prediction and Assessment (2021–2050) Using a System Thinking and System Dynamics Approach",10.3390/app12020781,"Applied Sciences",2022-01-13T00:00:00+00:00,2,https://doi.org/10.3390/app12020781,california_state_agencies,"State of California","Climate consequences of hydrogen emissions",2022-07-20,"Public Sector",Government,"Regional or State Level Body; Mixed Roles; Public Service",USA,https://www.assembly.ca.gov/system/files/2024-06/edf-hydrogen-leakage-peer-reviewed-study.pdf,https://app.overton.io/document.php?policy_document_id=california_state_agencies-f0f4102342b858eb9d86d005fecb4e3b,
"Modeling and optimization of the oyster mushroom growth using artificial neural network: Economic and environmental impacts",10.3934/mbe.2022453,"Mathematical Biosciences and Engineering",2022-01-01T00:00:00+00:00,1,https://doi.org/10.3934/mbe.2022453,cgiar,CGIAR,"2024 annual trends and outlook report: Advancing the climate and bioeconomy agenda in Africa for resilient and sustainable agrifood systems",2024-09-27,"Third Sector","Think Tank","Research Centre; Initiative, Programme or Project; Policy Centre; Professional Network, Association, Union or Cooperative",France,https://hdl.handle.net/10568/152447,https://app.overton.io/document.php?policy_document_id=cgiar-63d24ef9a1770b8008b44330a9cc3988,
"A framework for dynamic life cycle sustainability assessment and policy analysis of built environment through a system dynamics approach",10.1016/j.scs.2021.103521,"Sustainable Cities and Society",2022-01-01T00:00:00+00:00,1,https://doi.org/10.1016/j.scs.2021.103521,cgiar,CGIAR,"Modelling carbon and economic dynamics in livestock systems in Tanzania",2024-02-12,"Third Sector","Think Tank","Research Centre; Initiative, Programme or Project; Policy Centre; Professional Network, Association, Union or Cooperative",France,https://hdl.handle.net/10568/139279,https://app.overton.io/document.php?policy_document_id=cgiar-1f924618c796bcf2c69675bb55ca3cba,
"Consumer preferences for local renewable electricity production in Japan: A choice experiment",10.1016/j.renene.2021.10.028,"Renewable Energy",2022-01-01T00:00:00+00:00,1,https://doi.org/10.1016/j.renene.2021.10.028,sefariscot,"Scottish Environment, Food and Agriculture Research Institutes","A literature review of the social and economic impacts of land use change",2023-11-17,"Third Sector",Government,"National Body; Regional or State Level Body; Research Centre; Policy Centre",UK,https://sefari.scot/document/a-literature-review-of-the-social-and-economic-impacts-of-land-use-change,https://app.overton.io/document.php?policy_document_id=sefariscot-bce25df003c22ae6686db0780278871d,
"Optimization of the Operation and Maintenance of renewable energy systems by Deep Reinforcement Learning",10.1016/j.renene.2021.11.052,"Renewable Energy",2022-01-01T00:00:00+00:00,1,https://doi.org/10.1016/j.renene.2021.11.052,nrelosti,"National Renewable Energy Laboratory","An Operations and Maintenance Roadmap for U.S. Offshore Wind: Enabling a Cost-Effective and Sustainable U.S. Offshore Wind Energy Industry Through Innovative Operations and Maintenance",2024-05-01,"Public Sector",Government,"National Body; Arm's Length Body; Research Centre; Policy Centre",USA,https://www.osti.gov/biblio/2361054,https://app.overton.io/document.php?policy_document_id=nrelosti-2958b9186bd2c34589eab9b1cd81f440,
"Renewable and non-renewable energy consumption in Bangladesh: The relative influencing profiles of economic factors, urbanization, physical infrastructure and institutional quality",10.1016/j.renene.2021.12.020,"Renewable Energy",2022-01-01T00:00:00+00:00,2,https://doi.org/10.1016/j.renene.2021.12.020,efdse,"Environment for Development","High-level Research Agenda for Inclusive Low-Carbon Transitions for Sustainable Development in the Global South",2023-03-31,"Third Sector","Think Tank","Research Centre; Policy Centre; International Body",Sweden,https://www.efdinitiative.org/publications/high-level-research-agenda-inclusive-low-carbon-transitions-sustainable-development,https://app.overton.io/document.php?policy_document_id=efdse-0b49984da7d27ab8c54eec33d8ee07c2,
"Renewable and non-renewable energy consumption in Bangladesh: The relative influencing profiles of economic factors, urbanization, physical infrastructure and institutional quality",10.1016/j.renene.2021.12.020,"Renewable Energy",2022-01-01T00:00:00+00:00,2,https://doi.org/10.1016/j.renene.2021.12.020,efdse,"Environment for Development","A Research Agenda for Low Carbon Transition and Gender Equity in the Global South - Enabling Policy Environment",2023-04-01,"Third Sector","Think Tank","Research Centre; Policy Centre; International Body",Sweden,https://www.efdinitiative.org/publications/research-agenda-low-carbon-transition-and-gender-equity-global-south-enabling-policy,https://app.overton.io/document.php?policy_document_id=efdse-abae8f41202c6fcf9f3949aa370b54ee,
"Modeling investment decisions from heterogeneous firms under imperfect information and risk in wholesale electricity markets",10.1016/j.apenergy.2021.117908,"Applied Energy",2022-01-01T00:00:00+00:00,1,https://doi.org/10.1016/j.apenergy.2021.117908,epagov,EPA,"Electricity Sector Emissions Impacts Of The Inflation Reduction Act",2023-09-11,"Public Sector",Government,"National Body; Government Agency; Arm's Length Body; Monitoring or Regulatory Body",USA,https://www.epa.gov/system/files/documents/2023-09/Electricity_Emissions_Impacts_Inflation_Reduction_Act_Report_EPA-FINAL.pdf,https://app.overton.io/document.php?policy_document_id=epagov-860cb68a7b63738cf72b8118ecd6cea6,"Krell Institute; Laboratory Directed Research and Development; Laboratory Directed Research and Development; National Nuclear Security Administration; National Renewable Energy Laboratory; National Renewable Energy Laboratory; Office of Energy Efficiency and Renewable Energy; Office of Energy Efficiency and Renewable Energy; Safety, Infrastructure, and Operations; U.S. Department of Energy; US Department of Energy"
"Spatio-temporal modelling of solar photovoltaic adoption: An integrated neural networks and agent-based modelling approach",10.1016/j.apenergy.2021.117949,"Applied Energy",2022-01-01T00:00:00+00:00,1,https://doi.org/10.1016/j.apenergy.2021.117949,nupi,"Norweigan Institute of International Affairs","Prosumer solar power and energy storage forecasting in countries with limited data: The case of Thailand",2024-01-30,"Third Sector","Think Tank","Research Centre",Norway,https://nupi.brage.unit.no/nupi-xmlui/handle/11250/3130313,https://app.overton.io/document.php?policy_document_id=nupi-d8f1201acec7a940e754282332c16cd3,"Engineering and Physical Sciences Research Council"
"A refined wind farm parameterization for the weather research and forecasting model",10.1016/j.apenergy.2021.118082,"Applied Energy",2022-01-01T00:00:00+00:00,1,https://doi.org/10.1016/j.apenergy.2021.118082,deltaresnl,Deltares,"First Steps to Assess How Offshore Wind Farms Affect Waves and Currents",2025-01-22,"Public Sector","Think Tank","International Body; Research Centre; Policy Centre",Netherlands,https://kennisbank.deltares.nl/pub/Details/fullCatalogue/300149710,https://app.overton.io/document.php?policy_document_id=deltaresnl-bee44131e17d1c6fde558213bca177d5,"China National Funds for Distinguished Young Scientists; China Postdoctoral Science Foundation; China Postdoctoral Science Foundation; Joint Fund of Coal; NSAF Joint Fund; National Science Fund for Distinguished Young Scholars; National Science Fund for Distinguished Young Scholars"
"The cost of day-ahead solar forecasting errors in the United States",10.1016/j.solener.2021.12.012,"Solar Energy",2022-01-01T00:00:00+00:00,3,https://doi.org/10.1016/j.solener.2021.12.012,govuk,"The UK Government","Evaluating the benefits of the UK’s investments in the European Space Agency",2025-07-16,"Public Sector",Government,"National Body; Mixed Roles; Public Service",UK,https://www.gov.uk/government/publications/evaluating-the-benefits-of-the-uks-investments-in-the-european-space-agency,https://app.overton.io/document.php?policy_document_id=govuk-8becff8a37eb756f44350d3b7b0ee7de,"Lawrence Berkeley National Laboratory; Lawrence Berkeley National Laboratory; National Nuclear Security Administration; Office of Energy Efficiency; Office of Energy Efficiency and Renewable Energy; Office of Energy Efficiency and Renewable Energy; SLAC National Accelerator Laboratory; U.S. Department of Energy; U.S. Department of Energy"
"The cost of day-ahead solar forecasting errors in the United States",10.1016/j.solener.2021.12.012,"Solar Energy",2022-01-01T00:00:00+00:00,3,https://doi.org/10.1016/j.solener.2021.12.012,randcorporation,"RAND Corporation","Evaluating the benefits of the UK’s investments in the European Space Agency",2025-07-15,"Third Sector","Think Tank","Research Centre; Policy Centre",USA,https://www.rand.org/pubs/research_reports/RRA3101-1.html,https://app.overton.io/document.php?policy_document_id=randcorporation-a74125d07889f1257aeaa0cf9f719d9a,"Lawrence Berkeley National Laboratory; Lawrence Berkeley National Laboratory; National Nuclear Security Administration; Office of Energy Efficiency; Office of Energy Efficiency and Renewable Energy; Office of Energy Efficiency and Renewable Energy; SLAC National Accelerator Laboratory; U.S. Department of Energy; U.S. Department of Energy"
"The cost of day-ahead solar forecasting errors in the United States",10.1016/j.solener.2021.12.012,"Solar Energy",2022-01-01T00:00:00+00:00,3,https://doi.org/10.1016/j.solener.2021.12.012,weforum,"World Economic Forum","Amplifying the Global Value of Earth Observation",2024-05-07,"Third Sector",NGO,"Policy Centre; Research Centre; Monitoring or Regulatory Body",IGO,https://www.weforum.org/publications/amplifying-the-global-value-of-earth-observation/,https://app.overton.io/document.php?policy_document_id=weforum-eaa551ab67d5e5c30049cc5a67e1be40,"Lawrence Berkeley National Laboratory; Lawrence Berkeley National Laboratory; National Nuclear Security Administration; Office of Energy Efficiency; Office of Energy Efficiency and Renewable Energy; Office of Energy Efficiency and Renewable Energy; SLAC National Accelerator Laboratory; U.S. Department of Energy; U.S. Department of Energy"
"Optimizing photovoltaic electric generation and roof insulation in existing residential buildings",10.1016/j.enbuild.2021.111652,"Energy and Buildings",2022-01-01T00:00:00+00:00,2,https://doi.org/10.1016/j.enbuild.2021.111652,europa,"Publications Office of the European Union","The heat pump wave",2023-06-21,"Public Sector",Government,"International Body; Public Data Body or Statistics; Archive; Public Service",EU,https://op.europa.eu/en/publication-detail/-/publication/94cf1914-10b1-11ee-b12e-01aa75ed71a1/language-en/format-PDF,https://app.overton.io/document.php?policy_document_id=europa-05156320dfcaa7b795ff8c00b486314c,"European Commission; European Commission Joint Research Centre; European Research Council; Joint Research Centre; University of Central Florida"
"Optimizing photovoltaic electric generation and roof insulation in existing residential buildings",10.1016/j.enbuild.2021.111652,"Energy and Buildings",2022-01-01T00:00:00+00:00,2,https://doi.org/10.1016/j.enbuild.2021.111652,jointresearcheu,"Joint Research Centre","The Heat Pump Wave: Opportunities and Challenges",2023-06-20,"Public Sector",Government,"International Body; IGO Department or Agency; Research Centre; Policy Centre; Commission",EU,https://publications.jrc.ec.europa.eu/repository/handle/JRC134045,https://app.overton.io/document.php?policy_document_id=jointresearcheu-cdd0e8235f1b3f917e1b321f267fdb9d,"European Commission; European Commission Joint Research Centre; European Research Council; Joint Research Centre; University of Central Florida"
"A Bayesian model for wind farm capacity factors",10.1016/j.enconman.2021.114950,"Energy Conversion and Management",2022-01-01T00:00:00+00:00,1,https://doi.org/10.1016/j.enconman.2021.114950,ipeabr,"Instituto de Pesquisa Econômica Aplicada","Avaliação da produção energética de um projeto eólico offshore no litoral fluminense",2024-01-01,"Third Sector","Think Tank","Research Centre; Policy Centre",Brazil,https://www.ipea.gov.br/portal/publicacao-item?id=ca5065a3-e0d7-430d-b9b7-e9186abfe72b,https://app.overton.io/document.php?policy_document_id=ipeabr-5e4ed3866bb0309658aa14d7e025ed42,"Engineering and Physical Sciences Research Council; Engineering and Physical Sciences Research Council; UK Research and Innovation; UKRI (Special project, May 2022); University College London; University College London"
"Systematic Analysis and Computational Intelligence Based Modeling of Photovoltaic Power Generation in Snow Conditions",10.1109/jphotov.2021.3123198,"IEEE Journal of Photovoltaics",2022-01-01T00:00:00+00:00,2,https://doi.org/10.1109/jphotov.2021.3123198,stateofvalencia,"Generalitat Valenciana","Profesional de la información vol. 33, n. 4 (2024 ):",2024-11-22,"Public Sector",Government,"Regional or State Level Body; Mixed Roles; Public Service",Spain,https://presidencia.gva.es/documents/166658342/383247054/Ejemplar%2033-04.pdf/c038c01a-437d-7026-fadd-35cda8ffeea6?t=1732278872530,https://app.overton.io/document.php?policy_document_id=stateofvalencia-210ac2ccfe25c92d53113be367721751,"Natural Sciences and Engineering Research Council of Canada"
"Systematic Analysis and Computational Intelligence Based Modeling of Photovoltaic Power Generation in Snow Conditions",10.1109/jphotov.2021.3123198,"IEEE Journal of Photovoltaics",2022-01-01T00:00:00+00:00,2,https://doi.org/10.1109/jphotov.2021.3123198,stateofvalencia,"Generalitat Valenciana","Profesional de la información vol. 33, n. 4 (2024 ):",2024-11-22,"Public Sector",Government,"Regional or State Level Body; Mixed Roles; Public Service",Spain,https://presidencia.gva.es/documents/166658342/383247054/Ejemplar+33-04.pdf/c038c01a-437d-7026-fadd-35cda8ffeea6?t=1732278872530,https://app.overton.io/document.php?policy_document_id=stateofvalencia-defeb2ab54daa362d1a5d9f1a3ec94c1,"Natural Sciences and Engineering Research Council of Canada"
"Evaluating Potential Benefits of Flexible Solar Power Generation in the Southern Company System",10.1109/jphotov.2021.3126118,"IEEE Journal of Photovoltaics",2022-01-01T00:00:00+00:00,1,https://doi.org/10.1109/jphotov.2021.3126118,nicholasinstitute,"Nicholas Institute","Beyond FERC Order 2023: Considerations on Deep Interconnection Reform",2023-08-22,"Third Sector","Think Tank","Research Centre; Policy Centre",USA,https://nicholasinstitute.duke.edu/publications/beyond-ferc-order-2023-considerations-deep-interconnection-reform,https://app.overton.io/document.php?policy_document_id=nicholasinstitute-ca61eb376c343ef64f6df43a689eb6e0,"Electric Power Research Institute; Office of Energy Efficiency; Office of Energy Efficiency and Renewable Energy; Solar Energy Technologies Office; Southern Company; U.S. Department of Energy"
"Grid Integration Challenges and Solution Strategies for Solar PV Systems: A Review",10.1109/access.2022.3174555,"IEEE Access",2022-01-01T00:00:00+00:00,1,https://doi.org/10.1109/access.2022.3174555,oecddiscovery,OECD,"Leveraging positive tipping points in the race to net zero",2025-04-18,"Public Sector",IGO,"International Body; IGO Department or Agency; Monitoring or Regulatory Body; Policy Centre; Research Centre",IGO,https://dx.doi.org/https://doi.org/10.1787/50b737f8-en,https://app.overton.io/document.php?policy_document_id=oecddiscovery-118d995dd249edd6f8e11183b4bf8be1,"King Fahd University of Petroleum and Minerals; King Fahd University of Petroleum and Minerals"
"A Multi-Stage Stochastic Risk Assessment With Markovian Representation of Renewable Power",10.1109/tste.2021.3114615,"IEEE Transactions on Sustainable Energy",2022-01-01T00:00:00+00:00,1,https://doi.org/10.1109/tste.2021.3114615,nrelosti,"National Renewable Energy Laboratory","Solar Uncertainty Management and Mitigation for Exceptional Reliability in Grid Operations (SUMMER-GO): Project Final Report",2023-04-25,"Public Sector",Government,"National Body; Arm's Length Body; Research Centre; Policy Centre",USA,https://www.osti.gov/biblio/1972009,https://app.overton.io/document.php?policy_document_id=nrelosti-302f1322f927b145f31e09ae7151bdd0,"U.S. Department of Energy; U.S. Department of Energy"
"Home Energy Management System for Price-Responsive Operation of Consumer Technologies Under an Export Rate",10.1109/access.2022.3172696,"IEEE Access",2022-01-01T00:00:00+00:00,1,https://doi.org/10.1109/access.2022.3172696,nrelosti,"National Renewable Energy Laboratory","Advanced Computing Annual Report 2022",2023-03-27,"Public Sector",Government,"National Body; Arm's Length Body; Research Centre; Policy Centre",USA,https://www.osti.gov/biblio/1967504,https://app.overton.io/document.php?policy_document_id=nrelosti-dc5cfe1eae8fb0b366002444666ab22f,"National Renewable Energy Laboratory; National Renewable Energy Laboratory, Operated by Alliance for Sustainable Energy, LLC, for the U.S. Department of Energy; U.S. Department of Energy Office of Electricity Advanced Grid Research and Development Program through the Grid Modernization Initiative; U.S. Department of Energy Office of Energy Efficiency and Renewable Energy Solar Energy Technologies Office; U.S. Department of Energy Office of Energy Efficiency and Renewable Energy, Office of Strategic Programs"
"Predicting Energy Consumption of Ground Robots on Uneven Terrains",10.1109/lra.2021.3130630,"IEEE Robotics and Automation Letters",2022-01-01T00:00:00+00:00,2,https://doi.org/10.1109/lra.2021.3130630,stateofminnesota,"State of Minnesota","M. L. 2018 Project Abstract",2022-11-28,"Public Sector",Government,"Regional or State Level Body; Mixed Roles; Public Service",USA,https://www.lccmr.mn.gov/projects/2018/finals/2018_08d.pdf,https://app.overton.io/document.php?policy_document_id=stateofminnesota-5254fa3d50e1aab148653fec671a9456,"MN State LCCMR program; NSF (Special project, May 2022); National Science Foundation; National Science Foundation"
"Predicting Energy Consumption of Ground Robots on Uneven Terrains",10.1109/lra.2021.3130630,"IEEE Robotics and Automation Letters",2022-01-01T00:00:00+00:00,2,https://doi.org/10.1109/lra.2021.3130630,stateofminnesota,"State of Minnesota","M. L. 2018 Project Abstract",2022-11-28,"Public Sector",Government,"Regional or State Level Body; Mixed Roles; Public Service",USA,https://www.lrl.mn.gov/docs/2022/mandated/221055/2018_08d.pdf,https://app.overton.io/document.php?policy_document_id=stateofminnesota-d40e0293b6a52e6ae986d82d8d4ce9a1,"MN State LCCMR program; NSF (Special project, May 2022); National Science Foundation; National Science Foundation"
"Effects of Different Surface Heat Transfer Coefficients on Predicted Heating and Cooling Loads towards Sustainable Building Design",10.3390/buildings11120609,Buildings,2021-12-03T00:00:00+00:00,1,https://doi.org/10.3390/buildings11120609,wuppertal,"Wuppertal Institut","Investigating optimum cooling set point temperature and air velocity for thermal comfort and energy conservation in mixed-mode buildings in India",2022-03-21,"Third Sector","Think Tank","Research Centre; Policy Centre",Germany,https://epub.wupperinst.org/frontdoor/index/index/searchtype/all/docId/7937,https://app.overton.io/document.php?policy_document_id=wuppertal-efc0c2403d633ad04843c6fc9bafb2dd,"National Natural Science Foundation of China"
"The cost of grid stability with 100 % clean, renewable energy for all purposes when countries are isolated versus interconnected",10.1016/j.renene.2021.07.115,"Renewable Energy",2021-12-01T00:00:00+00:00,1,https://doi.org/10.1016/j.renene.2021.07.115,governmentofchile,"Government of Chile","Exporting Renewable Energy",2021-11-11,"Public Sector",Government,"National Body; Mixed Roles; Public Service",Chile,https://minciencia.gob.cl/uploads/filer_public/c4/e1/c4e187c3-9545-481c-bc12-8a75a20b83d7/the_chilean_potential_for_exporting_renewable_energy.pdf,https://app.overton.io/document.php?policy_document_id=governmentofchile-83d65f56e2b136abbd837cf0b679c859,
"Interplay of building efficiency and households’ ventilation behaviour: Evidence of an inverse U-shaped correlation",10.1016/j.enbuild.2021.111466,"Energy and Buildings",2021-12-01T00:00:00+00:00,1,https://doi.org/10.1016/j.enbuild.2021.111466,governmentofflanders,"Government of Flanders","Het Verzamelbesluit Energie 7. Advies Minaraad",2022-03-23,"Public Sector",Government,"National Body; Mixed Roles; Public Service",Belgium,https://www.vlaanderen.be/Publication/21928,https://app.overton.io/document.php?policy_document_id=governmentofflanders-ae50b67ddf834caec42f43b3e774532b,
"Predicting winners and losers under time-of-use tariffs using smart meter data",10.1016/j.energy.2021.121438,Energy,2021-12-01T00:00:00+00:00,1,https://doi.org/10.1016/j.energy.2021.121438,uncepal,"United Nations CEPAL","Estudio sobre políticas energéticas para la promoción de las energías renovables en apoyo a la electromovilidad",2022-12-05,"Public Sector",IGO,"International Body; Arm's Length Body; Commission; Top-Level Authority",IGO,https://hdl.handle.net/11362/48540,https://app.overton.io/document.php?policy_document_id=uncepal-dd714df01b1e6b974634229e6c5554f9,
"The optimization of vertical bifacial photovoltaic farms for efficient agrivoltaic systems",10.1016/j.solener.2021.10.051,"Solar Energy",2021-12-01T00:00:00+00:00,2,https://doi.org/10.1016/j.solener.2021.10.051,congressionalresearch,"Congressional Research Service","R48197| Dual-Use Solar Photovoltaics: Emerging Applications and Issues for Congress",2024-10-03,"Public Sector","Legislative Body","National Body; Parliament, Senate or Congress; Research Centre",USA,https://crsreports.congress.gov/product/pdf/download/R/R48197/R48197.pdf/,https://app.overton.io/document.php?policy_document_id=congressionalresearch-699160fa4e5eca707653a19d2b8855e7,
"The optimization of vertical bifacial photovoltaic farms for efficient agrivoltaic systems",10.1016/j.solener.2021.10.051,"Solar Energy",2021-12-01T00:00:00+00:00,2,https://doi.org/10.1016/j.solener.2021.10.051,nrelosti,"National Renewable Energy Laboratory","The 5 Cs of Agrivoltaic Success Factors in the United States: Lessons from the InSPIRE Research Study",2022-08-16,"Public Sector",Government,"National Body; Arm's Length Body; Research Centre; Policy Centre",USA,https://www.osti.gov/biblio/1882930,https://app.overton.io/document.php?policy_document_id=nrelosti-3e63a22df061c5c3051d738bcf6c794d,
"Do information and communication technology and renewable energy use matter for carbon dioxide emissions reduction? Evidence from the Middle East and North Africa region",10.1016/j.jclepro.2021.129410,"Journal of Cleaner Production",2021-12-01T00:00:00+00:00,2,https://doi.org/10.1016/j.jclepro.2021.129410,brookings,"Brookings Institution","Challenges and opportunities of climate change: The case of East Africa",2023-02-16,"Third Sector","Think Tank","Research Centre; Policy Centre",USA,https://www.brookings.edu/research/challenges-and-opportunities-of-climate-change-the-case-of-east-africa/,https://app.overton.io/document.php?policy_document_id=brookings-126a0821fd07c121c42c32402154d0b3,"Fonds National de la Recherche Luxembourg; Qatar Foundation; Qatar Foundation; Qatar National Library; Qatar National Research Fund; Qatar National Research Fund"
"Do information and communication technology and renewable energy use matter for carbon dioxide emissions reduction? Evidence from the Middle East and North Africa region",10.1016/j.jclepro.2021.129410,"Journal of Cleaner Production",2021-12-01T00:00:00+00:00,2,https://doi.org/10.1016/j.jclepro.2021.129410,efdse,"Environment for Development","A Research Agenda for Low Carbon Transition and Gender Equity in the Global South - Infrastructure (Transport and Digital)",2023-04-01,"Third Sector","Think Tank","Research Centre; Policy Centre; International Body",Sweden,https://www.efdinitiative.org/publications/research-agenda-low-carbon-transition-and-gender-equity-global-south-infrastructure,https://app.overton.io/document.php?policy_document_id=efdse-6aa642cc81ffdb40ab06db52c57d12e4,"Fonds National de la Recherche Luxembourg; Qatar Foundation; Qatar Foundation; Qatar National Library; Qatar National Research Fund; Qatar National Research Fund"
"Diffusion forecast for grid-tied rooftop solar photovoltaic technology under store-on grid scheme model in Sub-Saharan Africa: Government role assessment",10.1016/j.renene.2021.08.122,"Renewable Energy",2021-12-01T00:00:00+00:00,1,https://doi.org/10.1016/j.renene.2021.08.122,nupi,"Norweigan Institute of International Affairs","Prosumer solar power and energy storage forecasting in countries with limited data: The case of Thailand",2024-01-30,"Third Sector","Think Tank","Research Centre",Norway,https://nupi.brage.unit.no/nupi-xmlui/handle/11250/3130313,https://app.overton.io/document.php?policy_document_id=nupi-d8f1201acec7a940e754282332c16cd3,"Ministry of Foreign Affairs and Trade, New Zealand; Ministry of Foreign Affairs and Trade, New Zealand"
"Validation of an evidence-based methodology to support regional carbon footprint assessment and decarbonisation of wastewater treatment service in Italy",10.1016/j.watres.2021.117831,"Water Research",2021-12-01T00:00:00+00:00,3,https://doi.org/10.1016/j.watres.2021.117831,govdeptsaustria,"Austrian Government Ministries","ReLaKAN: Reduktion der direkten Lachgasemissionen auf kommunalen Kläranlagen durch biologische Abluftbehandlung im Nebenstrom",2024-11-11,"Public Sector",Government,"National Body; Mixed Roles; Public Service; Government Department",Austria,https://www.bmluk.gv.at/dam/jcr:82f0ddc2-ec4d-4f03-a61f-13b1e035098f/Endbericht_ReLaKAN_TU_Wien_korrigiert_v3_14112024..pdf,https://app.overton.io/document.php?policy_document_id=govdeptsaustria-1930efcfb60b75d3c3ccc4f662a62c80,"Directorate-General for Justice; European Commission; European Commission; Fondazione Cassa di Risparmio di Verona Vicenza Belluno e Ancona; Fondazione Cassa di Risparmio di Verona Vicenza Belluno e Ancona; H2020_REST (Special project, May 2022); H2020_REST_ThirdPillar (Special project, May 2022); Horizon 2020; Horizon 2020"
"Validation of an evidence-based methodology to support regional carbon footprint assessment and decarbonisation of wastewater treatment service in Italy",10.1016/j.watres.2021.117831,"Water Research",2021-12-01T00:00:00+00:00,3,https://doi.org/10.1016/j.watres.2021.117831,ivlsweden,"IVL Svenska Miljöinstitutet","Chapter 4: Mitigation measures in drinking water and sanitation services",2022-11-08,"Public Sector","Think Tank","Research Centre; Policy Centre",Sweden,https://ivl.diva-portal.org/smash/get/diva2:1997303/FULLTEXT01.pdf,https://app.overton.io/document.php?policy_document_id=ivlsweden-87c23fa1015206e2b74ccefd4a6d76f3,"Directorate-General for Justice; European Commission; European Commission; Fondazione Cassa di Risparmio di Verona Vicenza Belluno e Ancona; Fondazione Cassa di Risparmio di Verona Vicenza Belluno e Ancona; H2020_REST (Special project, May 2022); H2020_REST_ThirdPillar (Special project, May 2022); Horizon 2020; Horizon 2020"
"Validation of an evidence-based methodology to support regional carbon footprint assessment and decarbonisation of wastewater treatment service in Italy",10.1016/j.watres.2021.117831,"Water Research",2021-12-01T00:00:00+00:00,3,https://doi.org/10.1016/j.watres.2021.117831,siwiorg,SIWI,"The essential drop to Net-Zero: Unpacking freshwater's role in climate change mitigation",2022-11-09,"Third Sector","Think Tank","Research Centre; Policy Centre",Sweden,https://siwi.org/publications/essential-drop-to-net-zero/,https://app.overton.io/document.php?policy_document_id=siwiorg-55390a20155d7077ddbaa50ddec942fe,"Directorate-General for Justice; European Commission; European Commission; Fondazione Cassa di Risparmio di Verona Vicenza Belluno e Ancona; Fondazione Cassa di Risparmio di Verona Vicenza Belluno e Ancona; H2020_REST (Special project, May 2022); H2020_REST_ThirdPillar (Special project, May 2022); Horizon 2020; Horizon 2020"
"Future CO2 emission trends and radical decarbonization path of iron and steel industry in China",10.1016/j.jclepro.2021.129354,"Journal of Cleaner Production",2021-12-01T00:00:00+00:00,2,https://doi.org/10.1016/j.jclepro.2021.129354,unenvironment,"United Nations Environment Programme","Global Resources Outlook 2024 - Bend the trend: Pathways to a Liveable Planet as Resource Use Spikes",2024-02-20,"Public Sector",IGO,"International Body; IGO Department or Agency; Policy Centre; Monitoring or Regulatory Body",IGO,https://wedocs.unep.org/handle/20.500.11822/44901,https://app.overton.io/document.php?policy_document_id=unenvironment-c2e3e036bead324f8863a6606d810d5c,"Liaoning Revitalization Talents Program; Liaoning Revitalization Talents Program; National High-tech Research and Development Program; National Key Research and Development Program of China; National Key Research and Development Program of China; National Natural Science Foundation of China; National Natural Science Foundation of China; National Science and Technology Infrastructure Program"
"Future CO2 emission trends and radical decarbonization path of iron and steel industry in China",10.1016/j.jclepro.2021.129354,"Journal of Cleaner Production",2021-12-01T00:00:00+00:00,2,https://doi.org/10.1016/j.jclepro.2021.129354,unitednations,"United Nations","Global Resources Outlook 2024 :bend the trend – pathways to a liveable planet as resource use spikes",2024-01-01,"Public Sector",IGO,"International Body; Top-Level Authority; IGO Department or Agency; Mixed Roles; Policy Centre",IGO,https://digitallibrary.un.org/record/4039177?ln=en,https://app.overton.io/document.php?policy_document_id=unitednations-0b23332c7ec2946b9b16f0b5646dfd24,"Liaoning Revitalization Talents Program; Liaoning Revitalization Talents Program; National High-tech Research and Development Program; National Key Research and Development Program of China; National Key Research and Development Program of China; National Natural Science Foundation of China; National Natural Science Foundation of China; National Science and Technology Infrastructure Program"
"Modelling of a gas-fired heating boiler unit for residential buildings based on publicly available test data",10.1016/j.enbuild.2021.111451,"Energy and Buildings",2021-12-01T00:00:00+00:00,2,https://doi.org/10.1016/j.enbuild.2021.111451,europa,"Publications Office of the European Union","Proceeding of the 11th international conference on Energy Efficiency in Domestic Appliances and Lighting (EEDAL’21).",2023-02-24,"Public Sector",Government,"International Body; Public Data Body or Statistics; Archive; Public Service",EU,https://op.europa.eu/en/publication-detail/-/publication/d38c43b6-b71e-11ed-8912-01aa75ed71a1/language-en/format-PDF,https://app.overton.io/document.php?policy_document_id=europa-198baa3d8485646c127145b740791a0b,"Fonds Wetenschappelijk Onderzoek"
"Modelling of a gas-fired heating boiler unit for residential buildings based on publicly available test data",10.1016/j.enbuild.2021.111451,"Energy and Buildings",2021-12-01T00:00:00+00:00,2,https://doi.org/10.1016/j.enbuild.2021.111451,jointresearcheu,"Joint Research Centre","Proceeding of the 11th International Conference on Energy Efficiency in Domestic Appliances and Lighting (EEDAL’22)",2023-02-17,"Public Sector",Government,"International Body; IGO Department or Agency; Research Centre; Policy Centre; Commission",EU,https://publications.jrc.ec.europa.eu/repository/handle/JRC132721,https://app.overton.io/document.php?policy_document_id=jointresearcheu-4a81fbe1e4f9454aa1afd7b9909d7c1a,"Fonds Wetenschappelijk Onderzoek"
"A Novel Decomposition and Combination Technique for Forecasting Monthly Electricity Consumption",10.3389/fenrg.2021.792358,"Frontiers in Energy Research",2021-12-01T00:00:00+00:00,1,https://doi.org/10.3389/fenrg.2021.792358,ipeabr,"Instituto de Pesquisa Econômica Aplicada","Geração de séries sintéticas de velocidade do vento por meio do modelo fatorial dinâmico",2024-01-01,"Third Sector","Think Tank","Research Centre; Policy Centre",Brazil,https://www.ipea.gov.br/portal/publicacao-item?id=d0db3667-cff7-4770-9186-84e5d8e81407,https://app.overton.io/document.php?policy_document_id=ipeabr-0c5257369a75a9a0eea9c987942cbd2d,"National Natural Science Foundation of China"
"Analyzing energy consumption patterns of an educational building through data mining",10.1016/j.jobe.2021.103385,"Journal of Building Engineering",2021-12-01T00:00:00+00:00,3,https://doi.org/10.1016/j.jobe.2021.103385,cityofhelsingborg,"Helsingborgs stad","Life Cycle Assessment of buildings and courtyards",2025-06-13,"Public Sector",Government,"Municipal Body; Public Service",Sweden,https://media.helsingborg.se/uploads/networks/4/sites/169/2024/10/life-cycle-assessment-of-buildings-and-courtyards.pdf,https://app.overton.io/document.php?policy_document_id=cityofhelsingborg-5eaf4e14c61a3a5698857b23e8575264,
"Analyzing energy consumption patterns of an educational building through data mining",10.1016/j.jobe.2021.103385,"Journal of Building Engineering",2021-12-01T00:00:00+00:00,3,https://doi.org/10.1016/j.jobe.2021.103385,unesco,UNESCO,"El surgimiento del campus verde: liderando la acción por el clima y preservando ecosistemas",2024-01-01,"Public Sector",IGO,"International Body; IGO Department or Agency; Cultural Institution; Policy Centre",IGO,https://unesdoc.unesco.org/notice?id=p::usmarcdef_0000391443,https://app.overton.io/document.php?policy_document_id=unesco-95fd77143daa62b6646aa457d96d1d0d,
"Analyzing energy consumption patterns of an educational building through data mining",10.1016/j.jobe.2021.103385,"Journal of Building Engineering",2021-12-01T00:00:00+00:00,3,https://doi.org/10.1016/j.jobe.2021.103385,unesco,UNESCO,"The emergence of the green campus: leading climate action and preserving ecosystems",2024-01-01,"Public Sector",IGO,"International Body; IGO Department or Agency; Cultural Institution; Policy Centre",IGO,https://unesdoc.unesco.org/notice?id=p::usmarcdef_0000391443_eng,https://app.overton.io/document.php?policy_document_id=unesco-c7d473d91d716ecc625539440a3f08aa,
"Inventory of Reservoirs of Key Significance for Water Management in Poland—Evaluation of Changes in Their Capacity",10.3390/en14237951,Energies,2021-11-28T00:00:00+00:00,1,https://doi.org/10.3390/en14237951,worldbank,"World Bank","Poland Country Climate and Development Report",2024-11-05,"Public Sector",IGO,"International Body; Financial Institution or Bank; Development Bank; Policy Centre",IGO,https://hdl.handle.net/10986/42286,https://app.overton.io/document.php?policy_document_id=worldbank-f1595253f9fe654eca143d3874fb1ca0,
"Applying a Model of Technology Diffusion to Quantify the Potential Benefit of Improved Energy Efficiency in Data Centres",10.3390/en14227699,Energies,2021-11-17T00:00:00+00:00,1,https://doi.org/10.3390/en14227699,climatecouncilie,"Climate Change Advisory Council","ReHeat: Review of the Irish Heat Sector - Policies, Technologies, and Best Practice",2022-04-04,"Public Sector",Government,"National Body; Arm's Length Body; Committee; Policy Centre",Ireland,https://www.climatecouncil.ie/media/climatechangeadvisorycouncil/contentassets/publications/Working%20Paper%20No.%209%20ReHeat.pdf,https://app.overton.io/document.php?policy_document_id=climatecouncilie-5a1a256ed5364c092a2c337265422f9f,"Science Foundation Ireland; Science Foundation Ireland"
"Analyzing the factors influencing the formation of the price of electricity in the deregulated markets of developing countries",10.1016/j.egyr.2021.07.046,"Energy Reports",2021-11-01T00:00:00+00:00,1,https://doi.org/10.1016/j.egyr.2021.07.046,europa,"Publications Office of the European Union","Study on energy prices and costs",2025-02-21,"Public Sector",Government,"International Body; Public Data Body or Statistics; Archive; Public Service",EU,https://op.europa.eu/en/publication-detail/-/publication/78756c15-f263-11ef-981b-01aa75ed71a1/language-en,https://app.overton.io/document.php?policy_document_id=europa-80526ec274e2ea643dc7272a8a2c900b,
"Grid balancing challenges illustrated by two European examples: Interactions of electric grids, photovoltaic power generation, energy storage and power generation forecasting",10.1016/j.egyr.2021.06.007,"Energy Reports",2021-11-01T00:00:00+00:00,1,https://doi.org/10.1016/j.egyr.2021.06.007,oecddiscovery,OECD,"OECD Economic Surveys: Hungary 2024",2024-03-06,"Public Sector",IGO,"International Body; IGO Department or Agency; Monitoring or Regulatory Body; Policy Centre; Research Centre",IGO,https://dx.doi.org/https://doi.org/10.1787/795451e5-en,https://app.overton.io/document.php?policy_document_id=oecddiscovery-d42b35f61ddab4c382c50982ddc8b6b8,
"Life cycle assessment of clean ammonia synthesis from thermo-catalytic solar cracking of liquefied natural gas",10.1016/j.ijhydene.2021.09.080,"International Journal of Hydrogen Energy",2021-11-01T00:00:00+00:00,1,https://doi.org/10.1016/j.ijhydene.2021.09.080,cgiar,CGIAR,"Reducing Emissions from Fertilizers: Opportunities and Challenges",2025-01-23,"Third Sector","Think Tank","Research Centre; Initiative, Programme or Project; Policy Centre; Professional Network, Association, Union or Cooperative",France,https://hdl.handle.net/10568/169700,https://app.overton.io/document.php?policy_document_id=cgiar-426f369995d0765128cc7e5a5356267a,
"The impact of total factor productivity on energy consumption: Theoretical framework and empirical validation",10.1016/j.esr.2021.100777,"Energy Strategy Reviews",2021-11-01T00:00:00+00:00,1,https://doi.org/10.1016/j.esr.2021.100777,apojp,"Asian Productivity Organization","APO Productivity Outlook 2026 - APO",2026-03-13,"Public Sector",IGO,"International Body; Policy Centre; Research Centre",Japan,https://www.apo-tokyo.org/publications/apo-productivity-outlook-2026/,https://app.overton.io/document.php?policy_document_id=apojp-abc6a27d929b49f6ae26fcc21fb4d9de,
"How will climate change affect the peak electricity load? Evidence from China",10.1016/j.jclepro.2021.129080,"Journal of Cleaner Production",2021-11-01T00:00:00+00:00,1,https://doi.org/10.1016/j.jclepro.2021.129080,grantham,"Grantham Institute","The macroeconomic case for investing in climate adaptation - Grantham Research Institute on climate change and the environment",2026-04-15,"Third Sector","Think Tank","Research Centre; Policy Centre",UK,https://www.lse.ac.uk/granthaminstitute/publication/the-macroeconomic-case-for-investing-in-climate-adaptation/,https://app.overton.io/document.php?policy_document_id=grantham-7e58f9f540d969ef9df75338d83bd309,
"Manipulation via endowments: Quantifying the influence of market power on the emission trading scheme",10.1016/j.eneco.2021.105533,"Energy Economics",2021-11-01T00:00:00+00:00,2,https://doi.org/10.1016/j.eneco.2021.105533,nber,NBER,"China’s Nationwide CO2 Emissions Trading System: A General Equilibrium Assessment",2023-10-30,"Third Sector","Think Tank","Research Centre",USA,https://www.nber.org/papers/w31809,https://app.overton.io/document.php?policy_document_id=nber-dd71c225c77984d9f9960694bcc1bdd1,
"Manipulation via endowments: Quantifying the influence of market power on the emission trading scheme",10.1016/j.eneco.2021.105533,"Energy Economics",2021-11-01T00:00:00+00:00,2,https://doi.org/10.1016/j.eneco.2021.105533,resourcesforthefuture,"Resources for the Future","China’s Nationwide CO2 Emissions Trading System: A General Equilibrium Assessment",2024-02-22,"Third Sector","Think Tank","Research Centre; Policy Centre",USA,https://www.rff.org/publications/working-papers/chinas-nationwide-co2-emissions-trading-system-a-general-equilibrium-assessment/,https://app.overton.io/document.php?policy_document_id=resourcesforthefuture-b5d9deeb81a64bd48583ddeebd7e6051,
"Can regional trade integration facilitate renewable energy transition to ensure energy sustainability in South Asia?",10.1016/j.egyr.2021.01.038,"Energy Reports",2021-11-01T00:00:00+00:00,2,https://doi.org/10.1016/j.egyr.2021.01.038,cgiar,CGIAR,"The Climate Security and Energy (Transition) Nexus: Winds of Change",2022-01-18,"Third Sector","Think Tank","Research Centre; Initiative, Programme or Project; Policy Centre; Professional Network, Association, Union or Cooperative",France,https://hdl.handle.net/10568/117581,https://app.overton.io/document.php?policy_document_id=cgiar-3d428380234579ef45a27998eb2f5850,
"Can regional trade integration facilitate renewable energy transition to ensure energy sustainability in South Asia?",10.1016/j.egyr.2021.01.038,"Energy Reports",2021-11-01T00:00:00+00:00,2,https://doi.org/10.1016/j.egyr.2021.01.038,efdse,"Environment for Development","A Research Agenda for Low Carbon Transition and Gender Equity in the Global South - Regional Policy Review – Asia",2023-04-01,"Third Sector","Think Tank","Research Centre; Policy Centre; International Body",Sweden,https://www.efdinitiative.org/publications/research-agenda-low-carbon-transition-and-gender-equity-global-south-regional-policy-0,https://app.overton.io/document.php?policy_document_id=efdse-08c37cde5411ac2ff50b65b5e86aa8dd,
"Predicting energy consumption for residential buildings using ANN through parametric modeling",10.1016/j.egyr.2021.04.053,"Energy Reports",2021-11-01T00:00:00+00:00,1,https://doi.org/10.1016/j.egyr.2021.04.053,bancaditalia,"Banca D'Italia","Banca d'Italia - N. 850 - Stimare la distribuzione degli attestati di prestazione energetica in Italia: un approccio basato sul machine learning",2024-05-29,"Public Sector",Government,"National Body; Financial Institution or Bank; Central Bank",Italy,https://www.bancaditalia.it/pubblicazioni/qef/2024-0850/index.html,https://app.overton.io/document.php?policy_document_id=bancaditalia-3c8dee682c32b2a1e6c6f7bdccf5237b,
"Degradation analysis of installed solar photovoltaic (PV) modules under outdoor conditions in Ghana",10.1016/j.egyr.2021.10.046,"Energy Reports",2021-11-01T00:00:00+00:00,1,https://doi.org/10.1016/j.egyr.2021.10.046,irena,"International Renewable Energy Agency","End-of-life management for a circular economy: Solar PV panels",2026-07-28,"Public Sector",IGO,"International Body; IGO Department or Agency; Policy Centre; Monitoring or Regulatory Body; Research Centre",IGO,https://www.irena.org/Publications/2026/Jul/End-of-life-management-for-a-circular-economy-Solar-PV-panels,https://app.overton.io/document.php?policy_document_id=irena-e7e64968cc737d92ca9b13581c0bec39,
"The adoption of Seawater Pump Storage Hydropower Systems increases the share of renewable energy production in Small Island Developing States",10.1016/j.renene.2021.05.151,"Renewable Energy",2021-11-01T00:00:00+00:00,1,https://doi.org/10.1016/j.renene.2021.05.151,odi,"Overseas Development Institute (ODI)","The State of SIDS Report 2026: Defending the special case",2026-06-24,"Third Sector","Think Tank","Research Centre; Policy Centre",UK,https://odi.org/en/publications/the-state-of-sids-report-2026-defending-the-special-case/,https://app.overton.io/document.php?policy_document_id=odi-fe8e072c58a607aa32ec9d948dbdca4b,
"What is the optimal robust environmental and cost-effective solution for building renovation? Not the usual one",10.1016/j.enbuild.2021.111329,"Energy and Buildings",2021-11-01T00:00:00+00:00,1,https://doi.org/10.1016/j.enbuild.2021.111329,governmentofflanders,"Government of Flanders","Met Fit for 55 naar een fit Vlaanderen. Advies SERV",2021-10-14,"Public Sector",Government,"National Body; Mixed Roles; Public Service",Belgium,https://www.vlaanderen.be/Publication/21317,https://app.overton.io/document.php?policy_document_id=governmentofflanders-37c870fe4f69d79305baf0b0c9f35dea,"National Science Foundation; Schweizerischer Nationalfonds zur Förderung der Wissenschaftlichen Forschung; Schweizerischer Nationalfonds zur Förderung der Wissenschaftlichen Forschung"
"An agent-based modeling approach combined with deep learning method in simulating household energy consumption",10.1016/j.jobe.2021.103210,"Journal of Building Engineering",2021-11-01T00:00:00+00:00,2,https://doi.org/10.1016/j.jobe.2021.103210,risesweden,"Sveriges Forskningsinstitut","Agent-Based Model for Long-Term Price Scenarios of Frequency Regulation Services",2026-04-24,"Public Sector",Government,"National Body; Arm's Length Body; Research Council; Research Centre; Policy Centre",Sweden,https://ri.diva-portal.org/smash/record.jsf?dswid=-6052&pid=diva2%3A2056115&c=2&searchType=RESEARCH&language=sv&query=&af=%5B%22hasFulltext%3Atrue%22%5D&aq=%5B%5B%5D%5D&aq2=%5B%5B%7B%22organisationId%22%3A%22882940%22%2C%22organisationId-Xtra%22%3Atrue%7D%2C%7B%22publicationTypeCode%22%3A%5B%22report%22%5D%7D%5D%5D&aqe=%5B%5D&noOfRows=250&sortOrder=dateIssued_sort_desc&sortOrder2=title_sort_asc&onlyFullText=false&sf=all,https://app.overton.io/document.php?policy_document_id=risesweden-96f87e20516c27b937d37087e900a3a4,"National Natural Science Foundation of China"
"An agent-based modeling approach combined with deep learning method in simulating household energy consumption",10.1016/j.jobe.2021.103210,"Journal of Building Engineering",2021-11-01T00:00:00+00:00,2,https://doi.org/10.1016/j.jobe.2021.103210,risesweden,"Sveriges Forskningsinstitut","Agent-Based Model for Long-Term Price Scenarios of Frequency Regulation Services",2026-04-24,"Public Sector",Government,"National Body; Arm's Length Body; Research Council; Research Centre; Policy Centre",Sweden,https://ri.diva-portal.org/smash/record.jsf?dswid=1738&pid=diva2%3A2056115&c=2&searchType=RESEARCH&language=sv&query=&af=%5B%22hasFulltext%3Atrue%22%5D&aq=%5B%5B%5D%5D&aq2=%5B%5B%7B%22organisationId%22%3A%22882940%22%2C%22organisationId-Xtra%22%3Atrue%7D%2C%7B%22publicationTypeCode%22%3A%5B%22report%22%5D%7D%5D%5D&aqe=%5B%5D&noOfRows=250&sortOrder=dateIssued_sort_desc&sortOrder2=title_sort_asc&onlyFullText=false&sf=all,https://app.overton.io/document.php?policy_document_id=risesweden-fd53a8a7b07e3cefaeddd8035d7c4bfb,"National Natural Science Foundation of China"
"Data analytics for fuel consumption management in maritime transportation: Status and perspectives",10.1016/j.tre.2021.102489,"Transportation Research Part E: Logistics and Transportation Review",2021-11-01T00:00:00+00:00,1,https://doi.org/10.1016/j.tre.2021.102489,napedu,"National Academies of Sciences, Engineering, and Medicine","Implementing and Leveraging Machine Learning at State Departments of Transportation",2024-09-04,"Public Sector",Government,"National Body; Knowledge Brokerage; Research Center; Learned Society",USA,https://www.nationalacademies.org/publications/27902,https://app.overton.io/document.php?policy_document_id=napedu-032a7d6c04d7c7437931ee46c7d190f6,"National Natural Science Foundation of China; Research Grants Council, University Grants Committee"
"Implementation of solar energy in smart cities using an integration of artificial neural network, photovoltaic system and classical Delphi methods",10.1016/j.scs.2021.103149,"Sustainable Cities and Society",2021-11-01T00:00:00+00:00,1,https://doi.org/10.1016/j.scs.2021.103149,governmentofkuwait,"Government of Kuwait","Electrical Energy Problems And Proposals For Solutions In Kuwait",2021-08-05,"Public Sector",Government,"National Body; Public Service; Mixed Roles",Kuwait,https://www.paaet.edu.kw/media/gh5jhwx4/electrical-energy-problems-and-proposals.pdf,https://app.overton.io/document.php?policy_document_id=governmentofkuwait-ded76fc1be5c752b9e25c29582075489,"Fundamental Research Funds for Central Universities of the Central South University; Fundamental Research Funds for Central Universities of the Central South University; National High-tech Research and Development Program; National Natural Science Foundation of China; National Natural Science Foundation of China; Open-End Fund for the Valuable and Precision Instruments of Central South University"
"Potential of data centers for fast frequency response services in synchronously isolated power systems",10.1016/j.rser.2021.111547,"Renewable and Sustainable Energy Reviews",2021-11-01T00:00:00+00:00,3,https://doi.org/10.1016/j.rser.2021.111547,nicholasinstitute,"Nicholas Institute","Rethinking Load Growth: Assessing the Potential for Integration of Large Flexible Loads in US Power Systems",2025-02-10,"Third Sector","Think Tank","Research Centre; Policy Centre",USA,https://nicholasinstitute.duke.edu/publications/rethinking-load-growth,https://app.overton.io/document.php?policy_document_id=nicholasinstitute-9f94d0bb9cf0017251b17a3e24804de7,
"Potential of data centers for fast frequency response services in synchronously isolated power systems",10.1016/j.rser.2021.111547,"Renewable and Sustainable Energy Reviews",2021-11-01T00:00:00+00:00,3,https://doi.org/10.1016/j.rser.2021.111547,stateofkentucky,"State of Kentucky","Case No. 2025-00113",2025-11-25,"Public Sector",Government,"Regional or State Level Body; Mixed Roles; Public Service",USA,https://psc.ky.gov/pscecf/2025-00113/byron@kyrc.org/11252025094953/2025-11-25-2025-00113-00114-JI-Staff-DR2-resp.pdf,https://app.overton.io/document.php?policy_document_id=stateofkentucky-41b7a11c686bf18ce296d60d97734d42,
"Potential of data centers for fast frequency response services in synchronously isolated power systems",10.1016/j.rser.2021.111547,"Renewable and Sustainable Energy Reviews",2021-11-01T00:00:00+00:00,3,https://doi.org/10.1016/j.rser.2021.111547,stateofkentucky,"State of Kentucky","Case No. 2025-00113",2025-11-25,"Public Sector",Government,"Regional or State Level Body; Mixed Roles; Public Service",USA,https://psc.ky.gov/pscecf/2025-00114/byron@kyrc.org/11252025095221/2025-11-25-2025-00113-00114-JI-Staff-DR2-resp.pdf,https://app.overton.io/document.php?policy_document_id=stateofkentucky-97c50b24c71589de0f404a01fd33d829,
"Removal of SARS-CoV-2 using UV+Filter in built environment",10.1016/j.scs.2021.103226,"Sustainable Cities and Society",2021-11-01T00:00:00+00:00,2,https://doi.org/10.1016/j.scs.2021.103226,adamsmithinstitute,"The Adam Smith Institute","Tipping Point: On The Edge of Superintelligence",2023-09-27,"Third Sector","Think Tank","Research Centre; Policy Centre",UK,https://www.adamsmith.org/research/tipping-point-on-the-edge-of-superintelligence-1,https://app.overton.io/document.php?policy_document_id=adamsmithinstitute-41dcb14838aa19826b5b35dfc48d8ac3,"National High-tech Research and Development Program; National Natural Science Foundation of China; National Natural Science Foundation of China"
"Removal of SARS-CoV-2 using UV+Filter in built environment",10.1016/j.scs.2021.103226,"Sustainable Cities and Society",2021-11-01T00:00:00+00:00,2,https://doi.org/10.1016/j.scs.2021.103226,dhsgov,"Department of Homeland Security","Master Question List fgor COVID-19 (caused by SARS-CoV-2)",2023-02-21,"Public Sector",Government,"National Body; Government Department",USA,https://www.dhs.gov/sites/default/files/2023-02/23_0131_st_mql_sars_cov-2.pdf,https://app.overton.io/document.php?policy_document_id=dhsgov-eeb18fe8690357c6b05b850ab4cf6b68,"National High-tech Research and Development Program; National Natural Science Foundation of China; National Natural Science Foundation of China"
"Performance improvement potential of harnessing LNG regasification for hydrogen liquefaction process: Energy and exergy perspectives",10.1016/j.apenergy.2021.117471,"Applied Energy",2021-11-01T00:00:00+00:00,2,https://doi.org/10.1016/j.apenergy.2021.117471,irena,"International Renewable Energy Agency","Global Hydrogen Trade to Meet the 1.5°C Climate Goal: Part II",2022-04-22,"Public Sector",IGO,"International Body; IGO Department or Agency; Policy Centre; Monitoring or Regulatory Body; Research Centre",IGO,https://www.irena.org/publications/2022/Apr/Global-hydrogen-trade-Part-II,https://app.overton.io/document.php?policy_document_id=irena-58c2798d3dc65e151cd8cb6f5e8b8880,"Korea Institute of Energy Technology Evaluation and Planning; Korea Institute of Energy Technology Evaluation and Planning; Ministry of Education; Ministry of Education; Ministry of Knowledge Economy; Ministry of Trade, Industry and Energy; Ministry of Trade, Industry and Energy; National Research Foundation of Korea; National Research Foundation of Korea"
"Performance improvement potential of harnessing LNG regasification for hydrogen liquefaction process: Energy and exergy perspectives",10.1016/j.apenergy.2021.117471,"Applied Energy",2021-11-01T00:00:00+00:00,2,https://doi.org/10.1016/j.apenergy.2021.117471,irena,"International Renewable Energy Agency","Global Hydrogen Trade to Meet the 1.5°C Climate Goal: Technology Review of Hydrogen Carriers",2022-04-27,"Public Sector",IGO,"International Body; IGO Department or Agency; Policy Centre; Monitoring or Regulatory Body; Research Centre",IGO,https://www.irena.org/Publications/2022/Apr/Global-hydrogen-trade-Part-II,https://app.overton.io/document.php?policy_document_id=irena-ce00ea223e0f7cb3ff19ca559d4af99e,"Korea Institute of Energy Technology Evaluation and Planning; Korea Institute of Energy Technology Evaluation and Planning; Ministry of Education; Ministry of Education; Ministry of Knowledge Economy; Ministry of Trade, Industry and Energy; Ministry of Trade, Industry and Energy; National Research Foundation of Korea; National Research Foundation of Korea"
"Analysis of Gradient Vanishing of RNNs and Performance Comparison",10.3390/info12110442,Information,2021-10-25T00:00:00+00:00,1,https://doi.org/10.3390/info12110442,governmentofcanada,"Government of Canada","Current status of modelling trajectories of lost shipping containers in the oceans / Brandon J. McNabb, Hauke C. Blanken, Leif-Matthias Herborg, Kayleigh Gillespie, Cathryn Clarke Murray, Michelle Bigg, and Anya Dunham.: Fs97-18/408E-PDF",2025-01-01,"Public Sector",Government,"National Body; Mixed Roles; Public Service",Canada,https://publications.gc.ca/site/eng/9.957682/publication.html,https://app.overton.io/document.php?policy_document_id=governmentofcanada-27c1c5262a8ebba9ae40e4a5524b7220,
"The SERL Observatory Dataset: Longitudinal Smart Meter Electricity and Gas Data, Survey, EPC and Climate Data for over 13,000 Households in Great Britain",10.3390/en14216934,Energies,2021-10-21T00:00:00+00:00,4,https://doi.org/10.3390/en14216934,govuk,"The UK Government","Green Homes Grant (GHG) SMETER project evaluation",2025-09-04,"Public Sector",Government,"National Body; Mixed Roles; Public Service",UK,https://www.gov.uk/government/publications/green-homes-grant-ghg-smeter-project-evaluation,https://app.overton.io/document.php?policy_document_id=govuk-3089ef7bbb3e22613659ddbc7d813d9a,"Cardiff University; Engineering and Physical Sciences Research Council; Leeds Beckett University; Loughborough University; UKRI (Special project, May 2022); University College London; University of Essex; University of Southampton"
"The SERL Observatory Dataset: Longitudinal Smart Meter Electricity and Gas Data, Survey, EPC and Climate Data for over 13,000 Households in Great Britain",10.3390/en14216934,Energies,2021-10-21T00:00:00+00:00,4,https://doi.org/10.3390/en14216934,govuk,"The UK Government","Homes for Net Zero research programme",2026-07-09,"Public Sector",Government,"National Body; Mixed Roles; Public Service",UK,https://www.gov.uk/government/publications/homes-for-net-zero-research-programme,https://app.overton.io/document.php?policy_document_id=govuk-9f1a8eb3ae08666ea354437824e0b5ca,"Cardiff University; Engineering and Physical Sciences Research Council; Leeds Beckett University; Loughborough University; UKRI (Special project, May 2022); University College London; University of Essex; University of Southampton"
"The SERL Observatory Dataset: Longitudinal Smart Meter Electricity and Gas Data, Survey, EPC and Climate Data for over 13,000 Households in Great Britain",10.3390/en14216934,Energies,2021-10-21T00:00:00+00:00,4,https://doi.org/10.3390/en14216934,govuk,"The UK Government","Energy Performance Certificate (EPC) accuracy research",2026-05-26,"Public Sector",Government,"National Body; Mixed Roles; Public Service",UK,https://www.gov.uk/government/publications/energy-performance-certificate-epc-accuracy-research,https://app.overton.io/document.php?policy_document_id=govuk-a370eae03c51a4f6c1575af10a5241bf,"Cardiff University; Engineering and Physical Sciences Research Council; Leeds Beckett University; Loughborough University; UKRI (Special project, May 2022); University College London; University of Essex; University of Southampton"
"The SERL Observatory Dataset: Longitudinal Smart Meter Electricity and Gas Data, Survey, EPC and Climate Data for over 13,000 Households in Great Britain",10.3390/en14216934,Energies,2021-10-21T00:00:00+00:00,4,https://doi.org/10.3390/en14216934,govuk,"The UK Government","Exploring options for improving energy bill equity for fuel poor households",2025-07-08,"Public Sector",Government,"National Body; Mixed Roles; Public Service",UK,https://www.gov.uk/government/publications/exploring-options-for-improving-energy-bill-equity-for-fuel-poor-households,https://app.overton.io/document.php?policy_document_id=govuk-e62b5733d7819e026733f3fb03f21088,"Cardiff University; Engineering and Physical Sciences Research Council; Leeds Beckett University; Loughborough University; UKRI (Special project, May 2022); University College London; University of Essex; University of Southampton"
"Modelling of Frictional Conditions in the Wheel–Rail Interface Due to Application of Top-of-Rail Products",10.3390/lubricants9100100,Lubricants,2021-10-08T00:00:00+00:00,1,https://doi.org/10.3390/lubricants9100100,governmentofcanada,"Government of Canada","An international collaborative research initiative on rolling contact fatigue and wear of rails and wheels : 3-year project review (March 2019-March 2022) : final report / prepared by Silvie Chenier and Eric Magel.: NR16-488/1-2022E-PDF Publications - Canada.ca",2022-08-18,"Public Sector",Government,"National Body; Mixed Roles; Public Service",Canada,http://publications.gc.ca/site/eng/9.953644/publication.html,https://app.overton.io/document.php?policy_document_id=governmentofcanada-b28f1eeb2de9b3603c1d2ceca9731526,
"A state-of-the-art review of greenhouse gas emissions from Indian hydropower reservoirs",10.1016/j.jclepro.2021.128806,"Journal of Cleaner Production",2021-10-01T00:00:00+00:00,1,https://doi.org/10.1016/j.jclepro.2021.128806,cgiar,CGIAR,"The greenhouse gas emissions estimates of hydropower reservoirs in Vietnam using G-res Tool: bridging climate change mitigation with sustainability frameworks",2024-02-03,"Third Sector","Think Tank","Research Centre; Initiative, Programme or Project; Policy Centre; Professional Network, Association, Union or Cooperative",France,https://hdl.handle.net/10568/138892,https://app.overton.io/document.php?policy_document_id=cgiar-009055d1dc31ce2c5936a3f387affd9e,
"Sustainability assessment framework and methodology with trans-disciplinary numerical simulation model for analytical floatovoltaic energy system planning assessments",10.1016/j.seta.2021.101515,"Sustainable Energy Technologies and Assessments",2021-10-01T00:00:00+00:00,1,https://doi.org/10.1016/j.seta.2021.101515,governmentofmauritius,"Government of Mauritius","Gef-8 Request For Fsp Child And Msp Child Ceo Endorsement / Approval",2024-12-17,"Public Sector",Government,"National Body; Public Service; Mixed Roles",Mauritius,https://industry.govmu.org/Documents/NZNPA%20Project%20Document%20%28also%20known%20as%20NZNP%20Mauritius%20CEO%20Endorsement%20Document%29.pdf,https://app.overton.io/document.php?policy_document_id=governmentofmauritius-0ad6ad36bea3919e11c1aff89c078d6e,
"Neural network predictive control for smoothing of solar power fluctuations with battery energy storage",10.1016/j.est.2021.103014,"Journal of Energy Storage",2021-10-01T00:00:00+00:00,1,https://doi.org/10.1016/j.est.2021.103014,uditsusa,"UC Davis Institute of Transportation Studies","To Charge or Not to Charge: Enhancing Electric Vehicle Charging Management with LSTM-based Prediction of Non-Critical Charging Sessions and Renewable Energy Integration",2024-06-01,"Third Sector","Think Tank","Research Centre",USA,https://escholarship.org/uc/item/77t9p8sf,https://app.overton.io/document.php?policy_document_id=uditsusa-7d66d4ad8c3bad9a950cdbea6f0a0eeb,
"Tidal stream energy as a potential continuous power producer: A case study for West Japan",10.1016/j.enconman.2021.114533,"Energy Conversion and Management",2021-10-01T00:00:00+00:00,3,https://doi.org/10.1016/j.enconman.2021.114533,governmentofcolombia,"Government of Colombia","Juez Del Circuito Constitucional De Reparto",2026-05-19,"Public Sector",Government,"National Body; Mixed Roles; Public Service",Colombia,https://www.minciencias.gov.co/sites/default/files/upload/paginas/002.escrito_tutela.pdf,https://app.overton.io/document.php?policy_document_id=governmentofcolombia-7d994ad567ed8546b88bcd48ba7fc888,
"Tidal stream energy as a potential continuous power producer: A case study for West Japan",10.1016/j.enconman.2021.114533,"Energy Conversion and Management",2021-10-01T00:00:00+00:00,3,https://doi.org/10.1016/j.enconman.2021.114533,governmentofcolombia,"Government of Colombia","Juez Del Circuito Constitucional De Reparto",2026-05-19,"Public Sector",Government,"National Body; Mixed Roles; Public Service",Colombia,https://minciencias.gov.co/sites/default/files/upload/paginas/002.escrito_tutela.pdf,https://app.overton.io/document.php?policy_document_id=governmentofcolombia-93fc35e076e18d07bca19b9a459d2964,
"Tidal stream energy as a potential continuous power producer: A case study for West Japan",10.1016/j.enconman.2021.114533,"Energy Conversion and Management",2021-10-01T00:00:00+00:00,3,https://doi.org/10.1016/j.enconman.2021.114533,governmentofcolombia,"Government of Colombia","Juez Del Circuito Constitucional De Reparto",2026-05-19,"Public Sector",Government,"National Body; Mixed Roles; Public Service",Colombia,https://www.minciencias.gov.co/sites/default/files/ckeditor_files/002.ESCRITO%20TUTELA.pdf,https://app.overton.io/document.php?policy_document_id=governmentofcolombia-f02d109796efe4227a835517dd66656c,
"The drivers of declining CO2 emissions trends in developed nations using an extended STIRPAT model: A historical and prospective analysis",10.1016/j.rser.2021.111328,"Renewable and Sustainable Energy Reviews",2021-10-01T00:00:00+00:00,17,https://doi.org/10.1016/j.rser.2021.111328,ipcc,IPCC,"AR6 Climate Change 2021: Mitigation of Climate Change",2022-03-08,"Public Sector",IGO,"International Body; Arm's Length Body; Committee; Research Centre; Policy Centre",IGO,https://www.ipcc.ch/report/sixth-assessment-report-working-group-3/,https://app.overton.io/document.php?policy_document_id=ipcc-01dbc640e8794be751c4d0fa1ae8a5d0,
"The drivers of declining CO2 emissions trends in developed nations using an extended STIRPAT model: A historical and prospective analysis",10.1016/j.rser.2021.111328,"Renewable and Sustainable Energy Reviews",2021-10-01T00:00:00+00:00,17,https://doi.org/10.1016/j.rser.2021.111328,kbwpl,"Klimatyczna Baza Wiedzy (KBW)","Arctic Report Card 2021 - Klimatyczna Baza Wiedzy",2021-12-09,"Third Sector","Think Tank","Research Centre; Policy Centre; Initiative, Programme or Project; Professional Network, Association, Union or Cooperative; International Body",Poland,https://klimatycznabazawiedzy.org/raport/arctic-report-card-2021/,https://app.overton.io/document.php?policy_document_id=kbwpl-107ecd559b05fedab76005ebe2c3251d,
"The drivers of declining CO2 emissions trends in developed nations using an extended STIRPAT model: A historical and prospective analysis",10.1016/j.rser.2021.111328,"Renewable and Sustainable Energy Reviews",2021-10-01T00:00:00+00:00,17,https://doi.org/10.1016/j.rser.2021.111328,kbwpl,"Klimatyczna Baza Wiedzy (KBW)","The Ocean and Cryosphere in a Changing Climate - Klimatyczna Baza Wiedzy",2021-11-29,"Third Sector","Think Tank","Research Centre; Policy Centre; Initiative, Programme or Project; Professional Network, Association, Union or Cooperative; International Body",Poland,https://klimatycznabazawiedzy.org/raport/the-ocean-and-cryosphere-in-a-changing-climate/,https://app.overton.io/document.php?policy_document_id=kbwpl-122a25a7a84f33ae22a18570b8895ba3,
"The drivers of declining CO2 emissions trends in developed nations using an extended STIRPAT model: A historical and prospective analysis",10.1016/j.rser.2021.111328,"Renewable and Sustainable Energy Reviews",2021-10-01T00:00:00+00:00,17,https://doi.org/10.1016/j.rser.2021.111328,kbwpl,"Klimatyczna Baza Wiedzy (KBW)","Climate Change 2022: Mitigation of Climate Change - Klimatyczna Baza Wiedzy",2022-08-11,"Third Sector","Think Tank","Research Centre; Policy Centre; Initiative, Programme or Project; Professional Network, Association, Union or Cooperative; International Body",Poland,https://klimatycznabazawiedzy.org/raport/climate-change-2022-mitigation-of-climate-change/,https://app.overton.io/document.php?policy_document_id=kbwpl-12fd2ef7db39b63756e0edae36394064,
"The drivers of declining CO2 emissions trends in developed nations using an extended STIRPAT model: A historical and prospective analysis",10.1016/j.rser.2021.111328,"Renewable and Sustainable Energy Reviews",2021-10-01T00:00:00+00:00,17,https://doi.org/10.1016/j.rser.2021.111328,kbwpl,"Klimatyczna Baza Wiedzy (KBW)","State of the Global Climate 2021 - Klimatyczna Baza Wiedzy",2022-04-22,"Third Sector","Think Tank","Research Centre; Policy Centre; Initiative, Programme or Project; Professional Network, Association, Union or Cooperative; International Body",Poland,https://klimatycznabazawiedzy.org/raport/state-of-the-global-climate-2021-2/,https://app.overton.io/document.php?policy_document_id=kbwpl-2866d4c0440ccafc591b63413bf88189,
"The drivers of declining CO2 emissions trends in developed nations using an extended STIRPAT model: A historical and prospective analysis",10.1016/j.rser.2021.111328,"Renewable and Sustainable Energy Reviews",2021-10-01T00:00:00+00:00,17,https://doi.org/10.1016/j.rser.2021.111328,kbwpl,"Klimatyczna Baza Wiedzy (KBW)","Scientific outcome of the IPBES-IPCC co-sponsored workshop on biodiversity and climate change - Klimatyczna Baza Wiedzy",2021-07-12,"Third Sector","Think Tank","Research Centre; Policy Centre; Initiative, Programme or Project; Professional Network, Association, Union or Cooperative; International Body",Poland,https://klimatycznabazawiedzy.org/raport/scientific-outcome-of-the-ipbes-ipcc-co-sponsored-workshop-on-biodiversity-and-climate-change/,https://app.overton.io/document.php?policy_document_id=kbwpl-30fed902e92b5173151447a1f608515c,
"The drivers of declining CO2 emissions trends in developed nations using an extended STIRPAT model: A historical and prospective analysis",10.1016/j.rser.2021.111328,"Renewable and Sustainable Energy Reviews",2021-10-01T00:00:00+00:00,17,https://doi.org/10.1016/j.rser.2021.111328,kbwpl,"Klimatyczna Baza Wiedzy (KBW)","Climate Change 2023: Synthesis Report - Klimatyczna Baza Wiedzy",2022-07-29,"Third Sector","Think Tank","Research Centre; Policy Centre; Initiative, Programme or Project; Professional Network, Association, Union or Cooperative; International Body",Poland,https://klimatycznabazawiedzy.org/raport/climate-change-2023-synthesis-report/,https://app.overton.io/document.php?policy_document_id=kbwpl-4b07b1e2c2be1adb7740e5fcb90f905f,
"The drivers of declining CO2 emissions trends in developed nations using an extended STIRPAT model: A historical and prospective analysis",10.1016/j.rser.2021.111328,"Renewable and Sustainable Energy Reviews",2021-10-01T00:00:00+00:00,17,https://doi.org/10.1016/j.rser.2021.111328,kbwpl,"Klimatyczna Baza Wiedzy (KBW)","Climate Change 2022: Impacts, Adaptation and Vulnerability - Klimatyczna Baza Wiedzy",2022-07-29,"Third Sector","Think Tank","Research Centre; Policy Centre; Initiative, Programme or Project; Professional Network, Association, Union or Cooperative; International Body",Poland,https://klimatycznabazawiedzy.org/raport/climate-change-2022-impacts-adaptation-and-vulnerability/,https://app.overton.io/document.php?policy_document_id=kbwpl-6442d922ff0fac7a51bc13ba64f219be,
"The drivers of declining CO2 emissions trends in developed nations using an extended STIRPAT model: A historical and prospective analysis",10.1016/j.rser.2021.111328,"Renewable and Sustainable Energy Reviews",2021-10-01T00:00:00+00:00,17,https://doi.org/10.1016/j.rser.2021.111328,kbwpl,"Klimatyczna Baza Wiedzy (KBW)","Climate Change and Land - Klimatyczna Baza Wiedzy",2021-07-14,"Third Sector","Think Tank","Research Centre; Policy Centre; Initiative, Programme or Project; Professional Network, Association, Union or Cooperative; International Body",Poland,https://klimatycznabazawiedzy.org/raport/climate-change-and-land/,https://app.overton.io/document.php?policy_document_id=kbwpl-86d52b6aab3cb47e4fb35a50e6a9d733,
"The drivers of declining CO2 emissions trends in developed nations using an extended STIRPAT model: A historical and prospective analysis",10.1016/j.rser.2021.111328,"Renewable and Sustainable Energy Reviews",2021-10-01T00:00:00+00:00,17,https://doi.org/10.1016/j.rser.2021.111328,kbwpl,"Klimatyczna Baza Wiedzy (KBW)","United In Science 2022: A multi-organization high-level compilation of the most recent science related to climate change, impacts and responses - Klimatyczna Baza Wiedzy",2022-09-14,"Third Sector","Think Tank","Research Centre; Policy Centre; Initiative, Programme or Project; Professional Network, Association, Union or Cooperative; International Body",Poland,https://klimatycznabazawiedzy.org/raport/united-in-science-2022-a-multi-organization-high-level-compilation-of-the-most-recent-science-related-to-climate-change-impacts-and-responses/,https://app.overton.io/document.php?policy_document_id=kbwpl-95343ba408ab54d29b4e45c8b049b000,
"The drivers of declining CO2 emissions trends in developed nations using an extended STIRPAT model: A historical and prospective analysis",10.1016/j.rser.2021.111328,"Renewable and Sustainable Energy Reviews",2021-10-01T00:00:00+00:00,17,https://doi.org/10.1016/j.rser.2021.111328,kbwpl,"Klimatyczna Baza Wiedzy (KBW)","Zmiana Klimatu 2022: Zagrożenia, adaptacja i wrażliwość, Podsumowanie dla Decydentów - Klimatyczna Baza Wiedzy",2022-12-22,"Third Sector","Think Tank","Research Centre; Policy Centre; Initiative, Programme or Project; Professional Network, Association, Union or Cooperative; International Body",Poland,https://klimatycznabazawiedzy.org/raport/zmiana-klimatu-2022-zagrozenia-adaptacja-i-wrazliwosc-podsumowanie-dla-decydentow/,https://app.overton.io/document.php?policy_document_id=kbwpl-9b5f3b9cd92a38ad90fbf9a8063a9f85,
"The drivers of declining CO2 emissions trends in developed nations using an extended STIRPAT model: A historical and prospective analysis",10.1016/j.rser.2021.111328,"Renewable and Sustainable Energy Reviews",2021-10-01T00:00:00+00:00,17,https://doi.org/10.1016/j.rser.2021.111328,kbwpl,"Klimatyczna Baza Wiedzy (KBW)","Klimat Polski 2021 - Klimatyczna Baza Wiedzy",2022-06-08,"Third Sector","Think Tank","Research Centre; Policy Centre; Initiative, Programme or Project; Professional Network, Association, Union or Cooperative; International Body",Poland,https://klimatycznabazawiedzy.org/raport/klimat-polski-2021/,https://app.overton.io/document.php?policy_document_id=kbwpl-b080ae66fad1a28b03dc8c181c5f37dd,
"The drivers of declining CO2 emissions trends in developed nations using an extended STIRPAT model: A historical and prospective analysis",10.1016/j.rser.2021.111328,"Renewable and Sustainable Energy Reviews",2021-10-01T00:00:00+00:00,17,https://doi.org/10.1016/j.rser.2021.111328,kbwpl,"Klimatyczna Baza Wiedzy (KBW)","Zmiana Klimatu 2021, Podstawy fizyczne, Podsumowanie dla Decydentów - Klimatyczna Baza Wiedzy",2021-11-04,"Third Sector","Think Tank","Research Centre; Policy Centre; Initiative, Programme or Project; Professional Network, Association, Union or Cooperative; International Body",Poland,https://klimatycznabazawiedzy.org/raport/zmiana-klimatu-2021-podstawy-fizyczne-podsumowanie-dla-decydentow/,https://app.overton.io/document.php?policy_document_id=kbwpl-b17f00965b6e357d661b41a2d8b0eb77,
"The drivers of declining CO2 emissions trends in developed nations using an extended STIRPAT model: A historical and prospective analysis",10.1016/j.rser.2021.111328,"Renewable and Sustainable Energy Reviews",2021-10-01T00:00:00+00:00,17,https://doi.org/10.1016/j.rser.2021.111328,kbwpl,"Klimatyczna Baza Wiedzy (KBW)","Global Warming of 1.5 ºC - Klimatyczna Baza Wiedzy",2022-06-14,"Third Sector","Think Tank","Research Centre; Policy Centre; Initiative, Programme or Project; Professional Network, Association, Union or Cooperative; International Body",Poland,https://klimatycznabazawiedzy.org/raport/global-warming-of-1-5-oc/,https://app.overton.io/document.php?policy_document_id=kbwpl-f039a6505f9d3d56a8a3121396ee5040,
"The drivers of declining CO2 emissions trends in developed nations using an extended STIRPAT model: A historical and prospective analysis",10.1016/j.rser.2021.111328,"Renewable and Sustainable Energy Reviews",2021-10-01T00:00:00+00:00,17,https://doi.org/10.1016/j.rser.2021.111328,kbwpl,"Klimatyczna Baza Wiedzy (KBW)","Komunikat 04/2021 na temat zagrożeń miast wobec kryzysu klimatycznego - Klimatyczna Baza Wiedzy",2022-08-11,"Third Sector","Think Tank","Research Centre; Policy Centre; Initiative, Programme or Project; Professional Network, Association, Union or Cooperative; International Body",Poland,https://klimatycznabazawiedzy.org/raport/komunikat-04-2021-na-temat-zagrozen-miast-wobec-kryzysu-klimatycznego/,https://app.overton.io/document.php?policy_document_id=kbwpl-fdf99c9d40ffbf36a5821a74b9481b0f,
"The drivers of declining CO2 emissions trends in developed nations using an extended STIRPAT model: A historical and prospective analysis",10.1016/j.rser.2021.111328,"Renewable and Sustainable Energy Reviews",2021-10-01T00:00:00+00:00,17,https://doi.org/10.1016/j.rser.2021.111328,unitednations,"United Nations","Climate change 2022 : mitigation of climate change",2022-01-01,"Public Sector",IGO,"International Body; Top-Level Authority; IGO Department or Agency; Mixed Roles; Policy Centre",IGO,https://digitallibrary.un.org/record/3967257?ln=en,https://app.overton.io/document.php?policy_document_id=unitednations-b55056029deb6c0c3bae6db2b291d287,
"The drivers of declining CO2 emissions trends in developed nations using an extended STIRPAT model: A historical and prospective analysis",10.1016/j.rser.2021.111328,"Renewable and Sustainable Energy Reviews",2021-10-01T00:00:00+00:00,17,https://doi.org/10.1016/j.rser.2021.111328,unitednations,"United Nations","Climate Change 2022 : mitigation of climate change : Working Group III Contribution to the Sixth Assessment Report of the Intergovernmental Panel on Climate Change",2022-01-01,"Public Sector",IGO,"International Body; Top-Level Authority; IGO Department or Agency; Mixed Roles; Policy Centre",IGO,https://digitallibrary.un.org/record/4019730?ln=en,https://app.overton.io/document.php?policy_document_id=unitednations-db2f3e94f902a8cbafb28e4972536dbd,
"Artificial intelligence application for the performance prediction of a clean energy community",10.1016/j.energy.2021.120999,Energy,2021-10-01T00:00:00+00:00,1,https://doi.org/10.1016/j.energy.2021.120999,cset,"Center for Security and Emerging Technology (CSET)","Assessing the Global Research Landscape at the Intersection of Climate and AI",2023-11-01,"Third Sector","Think Tank","Research Centre; Policy Centre",USA,https://cset.georgetown.edu/publication/assessing-the-global-research-landscape-at-the-intersection-of-climate-and-ai/,https://app.overton.io/document.php?policy_document_id=cset-695165ae62282057a0cd54fab5667fb9,
"The operation of district heating with heat pumps and thermal energy storage in a zero-emission scenario",10.1016/j.egyr.2021.08.157,"Energy Reports",2021-10-01T00:00:00+00:00,1,https://doi.org/10.1016/j.egyr.2021.08.157,ukparliament_select,"UK Parliament Select Committee Publications","NUC0033 - Nuclear energy in Wales",2022-09-07,"Public Sector","Legislative Body","National Body; Parliament, Senate or Congress; Committee",UK,https://committees.parliament.uk/writtenevidence/110492/pdf/,https://app.overton.io/document.php?policy_document_id=ukparliament_select-cd25b9bb87f2306951cd85d912938d71,
"Optimal energy management in smart sustainable buildings – A chance-constrained model predictive control approach",10.1016/j.enbuild.2021.111163,"Energy and Buildings",2021-10-01T00:00:00+00:00,1,https://doi.org/10.1016/j.enbuild.2021.111163,worldbank,"World Bank","The Economic Value of Weather Forecasts: A Quantitative Systematic Literature Review",2025-09-10,"Public Sector",IGO,"International Body; Financial Institution or Bank; Development Bank; Policy Centre",IGO,https://hdl.handle.net/10986/43709,https://app.overton.io/document.php?policy_document_id=worldbank-166063645993671adff0f4de1d9140a7,"Fonds National de la Recherche Luxembourg"
"Modeling and control of a hydrogen-based green data center",10.1016/j.epsr.2021.107374,"Electric Power Systems Research",2021-10-01T00:00:00+00:00,3,https://doi.org/10.1016/j.epsr.2021.107374,governmentofcolombia,"Government of Colombia","Juez Del Circuito Constitucional De Reparto",2026-05-19,"Public Sector",Government,"National Body; Mixed Roles; Public Service",Colombia,https://www.minciencias.gov.co/sites/default/files/upload/paginas/002.escrito_tutela.pdf,https://app.overton.io/document.php?policy_document_id=governmentofcolombia-7d994ad567ed8546b88bcd48ba7fc888,"Université Moulay Ismaïl; Université Moulay Ismaïl; Université de Caen Normandie; Université de Caen Normandie"
"Modeling and control of a hydrogen-based green data center",10.1016/j.epsr.2021.107374,"Electric Power Systems Research",2021-10-01T00:00:00+00:00,3,https://doi.org/10.1016/j.epsr.2021.107374,governmentofcolombia,"Government of Colombia","Juez Del Circuito Constitucional De Reparto",2026-05-19,"Public Sector",Government,"National Body; Mixed Roles; Public Service",Colombia,https://minciencias.gov.co/sites/default/files/upload/paginas/002.escrito_tutela.pdf,https://app.overton.io/document.php?policy_document_id=governmentofcolombia-93fc35e076e18d07bca19b9a459d2964,"Université Moulay Ismaïl; Université Moulay Ismaïl; Université de Caen Normandie; Université de Caen Normandie"
"Modeling and control of a hydrogen-based green data center",10.1016/j.epsr.2021.107374,"Electric Power Systems Research",2021-10-01T00:00:00+00:00,3,https://doi.org/10.1016/j.epsr.2021.107374,governmentofcolombia,"Government of Colombia","Juez Del Circuito Constitucional De Reparto",2026-05-19,"Public Sector",Government,"National Body; Mixed Roles; Public Service",Colombia,https://www.minciencias.gov.co/sites/default/files/ckeditor_files/002.ESCRITO%20TUTELA.pdf,https://app.overton.io/document.php?policy_document_id=governmentofcolombia-f02d109796efe4227a835517dd66656c,"Université Moulay Ismaïl; Université Moulay Ismaïl; Université de Caen Normandie; Université de Caen Normandie"
"Assessing the energy potential of modernizing the European hydropower fleet",10.1016/j.enconman.2021.114655,"Energy Conversion and Management",2021-10-01T00:00:00+00:00,15,https://doi.org/10.1016/j.enconman.2021.114655,afdb,"African Development Bank","Africa Hydropower Modernisation Programme - Continent-wide mapping of hydropower rehabilitation candidates",2023-06-21,"Public Sector",IGO,"International Body; Financial Institution or Bank; Development Bank; Policy Centre",IGO,https://www.afdb.org/en/documents/africa-hydropower-modernisation-programme-continent-wide-mapping-hydropower-rehabilitation-candidates,https://app.overton.io/document.php?policy_document_id=afdb-cfc3dde64b7aa85da12ee927e0ee3a8a,"European Commission Joint Research Centre; European Research Council; Joint Research Centre; Vattenfall"
"Assessing the energy potential of modernizing the European hydropower fleet",10.1016/j.enconman.2021.114655,"Energy Conversion and Management",2021-10-01T00:00:00+00:00,15,https://doi.org/10.1016/j.enconman.2021.114655,europa,"Publications Office of the European Union","European climate neutral industry competitiveness scoreboard (CINDECS) : annual report 2021.",2022-08-23,"Public Sector",Government,"International Body; Public Data Body or Statistics; Archive; Public Service",EU,https://op.europa.eu/en/publication-detail/-/publication/01827beb-235e-11ed-8fa0-01aa75ed71a1/language-en/format-PDF,https://app.overton.io/document.php?policy_document_id=europa-0a2a5b0e4fc5096ed3245a2d6b53ed7c,"European Commission Joint Research Centre; European Research Council; Joint Research Centre; Vattenfall"
"Assessing the energy potential of modernizing the European hydropower fleet",10.1016/j.enconman.2021.114655,"Energy Conversion and Management",2021-10-01T00:00:00+00:00,15,https://doi.org/10.1016/j.enconman.2021.114655,europa,"Publications Office of the European Union","Clean Energy Technology Observatory, Hydropower and pumped hydropower storage in the European Union : status report on technology development, trends, value chains and markets : 2022.",2022-11-15,"Public Sector",Government,"International Body; Public Data Body or Statistics; Archive; Public Service",EU,https://op.europa.eu/en/publication-detail/-/publication/afa16a1f-657a-11ed-9f85-01aa75ed71a1/language-en/format-PDF,https://app.overton.io/document.php?policy_document_id=europa-0cb223d85bcc09e894c2c61e8611d07a,"European Commission Joint Research Centre; European Research Council; Joint Research Centre; Vattenfall"
"Assessing the energy potential of modernizing the European hydropower fleet",10.1016/j.enconman.2021.114655,"Energy Conversion and Management",2021-10-01T00:00:00+00:00,15,https://doi.org/10.1016/j.enconman.2021.114655,europa,"Publications Office of the European Union","Clean Energy Technology Observatory, Hydropower and pumped hydropower storage in the European Union",2023-10-23,"Public Sector",Government,"International Body; Public Data Body or Statistics; Archive; Public Service",EU,https://op.europa.eu/en/publication-detail/-/publication/d4d72882-7229-11ee-9220-01aa75ed71a1/language-en/format-PDF,https://app.overton.io/document.php?policy_document_id=europa-665def6a4d6d3e4bc2bf899490140f02,"European Commission Joint Research Centre; European Research Council; Joint Research Centre; Vattenfall"
"Assessing the energy potential of modernizing the European hydropower fleet",10.1016/j.enconman.2021.114655,"Energy Conversion and Management",2021-10-01T00:00:00+00:00,15,https://doi.org/10.1016/j.enconman.2021.114655,europa,"Publications Office of the European Union","The EU blue economy report 2022.",2022-05-19,"Public Sector",Government,"International Body; Public Data Body or Statistics; Archive; Public Service",EU,https://op.europa.eu/en/publication-detail/-/publication/156eecbd-d7eb-11ec-a95f-01aa75ed71a1/language-en/format-PDF,https://app.overton.io/document.php?policy_document_id=europa-797438a1e5109a610e54be0eb0821480,"European Commission Joint Research Centre; European Research Council; Joint Research Centre; Vattenfall"
"Assessing the energy potential of modernizing the European hydropower fleet",10.1016/j.enconman.2021.114655,"Energy Conversion and Management",2021-10-01T00:00:00+00:00,15,https://doi.org/10.1016/j.enconman.2021.114655,europa,"Publications Office of the European Union","Research and innovation for climate neutrality by 2050",2024-03-04,"Public Sector",Government,"International Body; Public Data Body or Statistics; Archive; Public Service",EU,https://op.europa.eu/en/publication-detail/-/publication/5dee91d3-d9e8-11ee-b9d9-01aa75ed71a1/language-en,https://app.overton.io/document.php?policy_document_id=europa-a66db6dc898f7f4682b32b9f09d9062b,"European Commission Joint Research Centre; European Research Council; Joint Research Centre; Vattenfall"
"Assessing the energy potential of modernizing the European hydropower fleet",10.1016/j.enconman.2021.114655,"Energy Conversion and Management",2021-10-01T00:00:00+00:00,15,https://doi.org/10.1016/j.enconman.2021.114655,europa,"Publications Office of the European Union","European climate neutral industry competitiveness scoreboard (CINDECS)",2023-10-17,"Public Sector",Government,"International Body; Public Data Body or Statistics; Archive; Public Service",EU,https://op.europa.eu/en/publication-detail/-/publication/2130e820-6d6d-11ee-9220-01aa75ed71a1/language-en/format-PDF,https://app.overton.io/document.php?policy_document_id=europa-fb6bed526685f26e838a353367019718,"European Commission Joint Research Centre; European Research Council; Joint Research Centre; Vattenfall"
"Assessing the energy potential of modernizing the European hydropower fleet",10.1016/j.enconman.2021.114655,"Energy Conversion and Management",2021-10-01T00:00:00+00:00,15,https://doi.org/10.1016/j.enconman.2021.114655,iadb,"Inter-American Development Bank","Modernización de centrales hidroeléctricas: identificación de beneficios, barreras y recomendaciones",2022-06-27,"Public Sector",IGO,"International Body; Financial Institution or Bank; Development Bank; Policy Centre",IGO,https://publications.iadb.org/es/modernizacion-de-centrales-hidroelectricas-identificacion-de-beneficios-barreras-y-recomendaciones,https://app.overton.io/document.php?policy_document_id=iadb-a03d8709005b16e785de17584015a0b8,"European Commission Joint Research Centre; European Research Council; Joint Research Centre; Vattenfall"
"Assessing the energy potential of modernizing the European hydropower fleet",10.1016/j.enconman.2021.114655,"Energy Conversion and Management",2021-10-01T00:00:00+00:00,15,https://doi.org/10.1016/j.enconman.2021.114655,irena,"International Renewable Energy Agency","Renewable Power Generation Costs in 2024",2025-07-22,"Public Sector",IGO,"International Body; IGO Department or Agency; Policy Centre; Monitoring or Regulatory Body; Research Centre",IGO,https://www.irena.org/Publications/2025/Jun/Renewable-Power-Generation-Costs-in-2024,https://app.overton.io/document.php?policy_document_id=irena-0eccc8844bd6b17313f6547568164d2a,"European Commission Joint Research Centre; European Research Council; Joint Research Centre; Vattenfall"
"Assessing the energy potential of modernizing the European hydropower fleet",10.1016/j.enconman.2021.114655,"Energy Conversion and Management",2021-10-01T00:00:00+00:00,15,https://doi.org/10.1016/j.enconman.2021.114655,jointresearcheu,"Joint Research Centre","Clean Energy Technology Observatory: Hydropower and Pumped Hydropower Storage in the European Union - 2023 Status Report on Technology Development, Trends, Value Chains and Markets",2023-10-20,"Public Sector",Government,"International Body; IGO Department or Agency; Research Centre; Policy Centre; Commission",EU,https://publications.jrc.ec.europa.eu/repository/handle/JRC134918,https://app.overton.io/document.php?policy_document_id=jointresearcheu-3d0dd75f126922a03a663cedf9f7d2e0,"European Commission Joint Research Centre; European Research Council; Joint Research Centre; Vattenfall"
"Assessing the energy potential of modernizing the European hydropower fleet",10.1016/j.enconman.2021.114655,"Energy Conversion and Management",2021-10-01T00:00:00+00:00,15,https://doi.org/10.1016/j.enconman.2021.114655,jointresearcheu,"Joint Research Centre","Clean Energy Technology Observatory: Hydropower and pumped storage hydropower in the European Union - 2025",2025-11-28,"Public Sector",Government,"International Body; IGO Department or Agency; Research Centre; Policy Centre; Commission",EU,https://publications.jrc.ec.europa.eu/repository/handle/JRC143929,https://app.overton.io/document.php?policy_document_id=jointresearcheu-41ff35cd8db0c82610073cee81f1084a,"European Commission Joint Research Centre; European Research Council; Joint Research Centre; Vattenfall"
"Assessing the energy potential of modernizing the European hydropower fleet",10.1016/j.enconman.2021.114655,"Energy Conversion and Management",2021-10-01T00:00:00+00:00,15,https://doi.org/10.1016/j.enconman.2021.114655,jointresearcheu,"Joint Research Centre","Renewable Energy production and potential in EU Rural Areas",2024-01-22,"Public Sector",Government,"International Body; IGO Department or Agency; Research Centre; Policy Centre; Commission",EU,https://publications.jrc.ec.europa.eu/repository/handle/JRC135612,https://app.overton.io/document.php?policy_document_id=jointresearcheu-5e78182617e8d998019eae6816e6c7f7,"European Commission Joint Research Centre; European Research Council; Joint Research Centre; Vattenfall"
"Assessing the energy potential of modernizing the European hydropower fleet",10.1016/j.enconman.2021.114655,"Energy Conversion and Management",2021-10-01T00:00:00+00:00,15,https://doi.org/10.1016/j.enconman.2021.114655,jointresearcheu,"Joint Research Centre","Clean Energy Technology Observatory: Hydropower and Pumped Hydropower Storage in the European Union – 2022 Status Report on Technology Development, Trends, Value Chains and Markets",2022-11-16,"Public Sector",Government,"International Body; IGO Department or Agency; Research Centre; Policy Centre; Commission",EU,https://publications.jrc.ec.europa.eu/repository/handle/JRC130587,https://app.overton.io/document.php?policy_document_id=jointresearcheu-6c3396d15d8143c807a5177a9c690e64,"European Commission Joint Research Centre; European Research Council; Joint Research Centre; Vattenfall"
"Assessing the energy potential of modernizing the European hydropower fleet",10.1016/j.enconman.2021.114655,"Energy Conversion and Management",2021-10-01T00:00:00+00:00,15,https://doi.org/10.1016/j.enconman.2021.114655,jointresearcheu,"Joint Research Centre","European Climate Neutral Industry Competitiveness Scoreboard (CINDECS) - Annual Report 2022",2023-10-11,"Public Sector",Government,"International Body; IGO Department or Agency; Research Centre; Policy Centre; Commission",EU,https://publications.jrc.ec.europa.eu/repository/handle/JRC134499,https://app.overton.io/document.php?policy_document_id=jointresearcheu-84fa978f8588683f45b1c2e196b42524,"European Commission Joint Research Centre; European Research Council; Joint Research Centre; Vattenfall"
"Assessing the energy potential of modernizing the European hydropower fleet",10.1016/j.enconman.2021.114655,"Energy Conversion and Management",2021-10-01T00:00:00+00:00,15,https://doi.org/10.1016/j.enconman.2021.114655,jointresearcheu,"Joint Research Centre","European Climate Neutral Industry Competitiveness Scoreboard (CINDECS) - Annual Report 2021","an unknown date","Public Sector",Government,"International Body; IGO Department or Agency; Research Centre; Policy Centre; Commission",EU,https://publications.jrc.ec.europa.eu/repository/handle/JRC129336,https://app.overton.io/document.php?policy_document_id=jointresearcheu-af0c7c7643eaccc34d1d7a5c3b1c6dbe,"European Commission Joint Research Centre; European Research Council; Joint Research Centre; Vattenfall"
"Design optimization of renewable energy systems for NZEBs based on deep residual learning",10.1016/j.renene.2021.05.044,"Renewable Energy",2021-10-01T00:00:00+00:00,2,https://doi.org/10.1016/j.renene.2021.05.044,europa,"Publications Office of the European Union","Assessing the progress of Nearly Zero Energy Buildings (NZEBs) implementation in Europe",2025-04-25,"Public Sector",Government,"International Body; Public Data Body or Statistics; Archive; Public Service",EU,https://op.europa.eu/en/publication-detail/-/publication/e675bfba-23e3-11f0-ac85-01aa75ed71a1/language-en,https://app.overton.io/document.php?policy_document_id=europa-5ca4793a05b320e15ad76c790a485779,"Ministero dell’Istruzione, dell’Università e della Ricerca; Ministero dell’Istruzione, dell’Università e della Ricerca"
"Design optimization of renewable energy systems for NZEBs based on deep residual learning",10.1016/j.renene.2021.05.044,"Renewable Energy",2021-10-01T00:00:00+00:00,2,https://doi.org/10.1016/j.renene.2021.05.044,jointresearcheu,"Joint Research Centre","Assessing the progress of Nearly Zero Energy Buildings (NZEBs) implementation in Europe",2025-04-24,"Public Sector",Government,"International Body; IGO Department or Agency; Research Centre; Policy Centre; Commission",EU,https://publications.jrc.ec.europa.eu/repository/handle/JRC138771,https://app.overton.io/document.php?policy_document_id=jointresearcheu-a0e52cbeeccbbe33202183ef4f869e45,"Ministero dell’Istruzione, dell’Università e della Ricerca; Ministero dell’Istruzione, dell’Università e della Ricerca"
"Digitalisation in wind and solar power technologies",10.1016/j.rser.2021.111356,"Renewable and Sustainable Energy Reviews",2021-10-01T00:00:00+00:00,3,https://doi.org/10.1016/j.rser.2021.111356,aneelbr,"Agência Nacional de Energia Elétrica","Bibliografia temática : digitalização do setor elétrico",2022-10-20,"Public Sector",Government,"Monitoring or Regulatory Body",Brazil,https://biblioteca.aneel.gov.br/acervo/detalhe/228550,https://app.overton.io/document.php?policy_document_id=aneelbr-fe02452d805218bef1707076ae51e6cd,"Academy of Finland; Academy of Finland; Strategic Research Council; Strategic Research Council"
"Digitalisation in wind and solar power technologies",10.1016/j.rser.2021.111356,"Renewable and Sustainable Energy Reviews",2021-10-01T00:00:00+00:00,3,https://doi.org/10.1016/j.rser.2021.111356,unumerit,"UNU - Maastricht Economic and Social Research Institute on Innovation and Technology (UNU-MERIT)",2024-001,2024-02-05,"Public Sector",IGO,"Research Centre; Policy Centre; International Body; IGO Department or Agency",Netherlands,https://unu-merit.nl/publications/wppdf/2024/wp2024-001.pdf,https://app.overton.io/document.php?policy_document_id=unumerit-84aee741bbd1156f36852142a7951343,"Academy of Finland; Academy of Finland; Strategic Research Council; Strategic Research Council"
"Digitalisation in wind and solar power technologies",10.1016/j.rser.2021.111356,"Renewable and Sustainable Energy Reviews",2021-10-01T00:00:00+00:00,3,https://doi.org/10.1016/j.rser.2021.111356,wuppertal,"Wuppertal Institut","Mission-oriented innovation policies for the twin transition : a CO:DINA research report",2024-04-12,"Third Sector","Think Tank","Research Centre; Policy Centre",Germany,https://epub.wupperinst.org/frontdoor/index/index/searchtype/all/docId/8514,https://app.overton.io/document.php?policy_document_id=wuppertal-d413220e0504b686e9ef3d99c2a089c6,"Academy of Finland; Academy of Finland; Strategic Research Council; Strategic Research Council"
"Evaluation tool for the thermal performance of retrofitted buildings using an integrated approach of deep learning artificial neural networks and infrared thermography",10.1016/j.enbenv.2020.06.004,"Energy and Built Environment",2021-10-01T00:00:00+00:00,2,https://doi.org/10.1016/j.enbenv.2020.06.004,keeikr,"Korea Energy Economics Institute","에너지 부문 인공지능 활용과 과제",2021-01-01,"Public Sector","Think Tank","National Body; Research Centre; Policy Centre","South Korea",https://www.nkis.re.kr/subject_view1.do?otcCd=RO&otcNm=수시연구보고서&otpId=OTP_0000000000007622&otpSeq=0&eoSeq=306522&currentPage=4&searchSelect=&searchWord=&returnPage=newest_list.do&schLclaScsId=&pblYy=&agcNms=에너지경제연구원&listPerPage=50,https://app.overton.io/document.php?policy_document_id=keeikr-4c4eae66aa7ba009e6e8677b29cddfa8,"East Midlands Development Agency; European Regional Development Fund; European Regional Development Fund; First Framework Programme"
"Evaluation tool for the thermal performance of retrofitted buildings using an integrated approach of deep learning artificial neural networks and infrared thermography",10.1016/j.enbenv.2020.06.004,"Energy and Built Environment",2021-10-01T00:00:00+00:00,2,https://doi.org/10.1016/j.enbenv.2020.06.004,keeikr,"Korea Energy Economics Institute","에너지 부문 인공지능 활용과 과제",2021-01-01,"Public Sector","Think Tank","National Body; Research Centre; Policy Centre","South Korea",https://www.nkis.re.kr/subject_view1.do?otpId=OTP_0000000000007622,https://app.overton.io/document.php?policy_document_id=keeikr-95fc0abe2547876b920b317bf40eb04e,"East Midlands Development Agency; European Regional Development Fund; European Regional Development Fund; First Framework Programme"
"Daily operation of multi‐energy systems based on stochastic optimization considering prediction of renewable energy generation",10.1049/rpg2.12292,"IET Renewable Power Generation",2021-09-28T00:00:00+00:00,1,https://doi.org/10.1049/rpg2.12292,worldbank,"World Bank","The Economic Value of Weather Forecasts: A Quantitative Systematic Literature Review",2025-09-10,"Public Sector",IGO,"International Body; Financial Institution or Bank; Development Bank; Policy Centre",IGO,https://hdl.handle.net/10986/43709,https://app.overton.io/document.php?policy_document_id=worldbank-166063645993671adff0f4de1d9140a7,
"Smart City Management in the Context of Electricity Consumption Savings",10.3390/en14196170,Energies,2021-09-27T00:00:00+00:00,1,https://doi.org/10.3390/en14196170,europa,"Publications Office of the European Union","Digitalization in urban energy systems : outlook 2025, 2030 and 2040.",2022-06-21,"Public Sector",Government,"International Body; Public Data Body or Statistics; Archive; Public Service",EU,https://op.europa.eu/en/publication-detail/-/publication/864bbbe7-f1d9-11ec-a534-01aa75ed71a1/language-en/format-PDF,https://app.overton.io/document.php?policy_document_id=europa-23723aa095b9fce05989e2dfc4343a10,
"Can Machine Learning be Applied to Carbon Emissions Analysis: An Application to the CO2 Emissions Analysis Using Gaussian Process Regression",10.3389/fenrg.2021.756311,"Frontiers in Energy Research",2021-09-24T00:00:00+00:00,1,https://doi.org/10.3389/fenrg.2021.756311,bancoes,"Banco de España","2310. Machine Learning methods in climate finance: a systematic review",2023-02-01,"Public Sector",Government,"National Body; Financial Institution or Bank; Central Bank",Spain,https://www.bde.es/f/webbde/SES/Secciones/Publicaciones/PublicacionesSeriadas/DocumentosTrabajo/23/Files/dt2310e.pdf,https://app.overton.io/document.php?policy_document_id=bancoes-cefe486cece47082293c10bf82d2fc52,"Yunnan University; Yunnan University of Finance and Economics; Yunnan University of Finance and Economics"
"Assessing the supply for a basic urban service demand-with a focus on water-energy management in Addis Ababa city",10.1371/journal.pone.0249643,"PLOS ONE",2021-09-07T00:00:00+00:00,1,https://doi.org/10.1371/journal.pone.0249643,uneca,"United Nations Economic Commission for Africa","Building expanded and resilient urban fiscal space in Africa: Financial performance assessment report of Addis Ababa",2025-05-01,"Public Sector",IGO,"International Body; Arm's Length Body; Commission",IGO,https://repository.uneca.org/entities/publication/17e5d075-1486-4c91-810f-ca11f201b42f,https://app.overton.io/document.php?policy_document_id=uneca-58331679d7c680cbcbbf798dd3690cf6,
"Explaining the energy performance gap in buildings with a latent profile analysis",10.1016/j.enpol.2021.112480,"Energy Policy",2021-09-01T00:00:00+00:00,4,https://doi.org/10.1016/j.enpol.2021.112480,caefr,"Conseil d’Analyse Economique","Analyse socio-économique de la rénovation énergétique des logements",2024-06-19,"Public Sector",Government,"Research Centre; Government Agency",France,https://cae-eco.fr/analyse-socio-economique-de-la-renovation-energetique-des-logements,https://app.overton.io/document.php?policy_document_id=caefr-b476cc715bca7d3bb3107ad78dee958c,
"Explaining the energy performance gap in buildings with a latent profile analysis",10.1016/j.enpol.2021.112480,"Energy Policy",2021-09-01T00:00:00+00:00,4,https://doi.org/10.1016/j.enpol.2021.112480,caefr,"Conseil d’Analyse Economique","Efficacité énergétique des logements : rénover l'action publique",2024-06-19,"Public Sector",Government,"Research Centre; Government Agency",France,https://cae-eco.fr/efficacite-energetique-des-logements-renover-l-action-publique,https://app.overton.io/document.php?policy_document_id=caefr-d4dfe7b7fc4ac6d454cff38416bc3139,
"Explaining the energy performance gap in buildings with a latent profile analysis",10.1016/j.enpol.2021.112480,"Energy Policy",2021-09-01T00:00:00+00:00,4,https://doi.org/10.1016/j.enpol.2021.112480,govdeptsfrance,"French Government Ministries","Durable °",2022-01-04,"Public Sector",Government,"National Body; Mixed Roles; Public Service",France,https://www.ecologie.gouv.fr/sites/default/files/publications/CEDD_Point_de_repere_003.pdf,https://app.overton.io/document.php?policy_document_id=govdeptsfrance-49eb8c81853e54650f47c8878a3d765c,
"Explaining the energy performance gap in buildings with a latent profile analysis",10.1016/j.enpol.2021.112480,"Energy Policy",2021-09-01T00:00:00+00:00,4,https://doi.org/10.1016/j.enpol.2021.112480,govdeptsfrance,"French Government Ministries","Premier rapport annuel",2022-07-11,"Public Sector",Government,"National Body; Mixed Roles; Public Service",France,https://www.ecologie.gouv.fr/sites/default/files/CEDD_Rapport_annuel_2022.pdf,https://app.overton.io/document.php?policy_document_id=govdeptsfrance-5f7b04d90bde573447bbe124967894fd,
"Bayesian bootstrapping in real-time probabilistic photovoltaic power forecasting",10.1016/j.solener.2021.07.063,"Solar Energy",2021-09-01T00:00:00+00:00,3,https://doi.org/10.1016/j.solener.2021.07.063,europa,"Publications Office of the European Union","Flexibility for resilience : how can flexibility support power grids resilience?",2022-05-25,"Public Sector",Government,"International Body; Public Data Body or Statistics; Archive; Public Service",EU,https://op.europa.eu/en/publication-detail/-/publication/54d9c702-dc9c-11ec-a534-01aa75ed71a1/language-en/format-PDF,https://app.overton.io/document.php?policy_document_id=europa-0a04dd0308b351a27bd37c71b318705b,
"Bayesian bootstrapping in real-time probabilistic photovoltaic power forecasting",10.1016/j.solener.2021.07.063,"Solar Energy",2021-09-01T00:00:00+00:00,3,https://doi.org/10.1016/j.solener.2021.07.063,risesweden,"Sveriges Forskningsinstitut","Flexibility for Resilience : How can flexibility support power grids resilience?",2022-05-19,"Public Sector",Government,"National Body; Arm's Length Body; Research Council; Research Centre; Policy Centre",Sweden,https://ri.diva-portal.org/smash/record.jsf?dswid=1738&pid=diva2%3A1663266&c=583&searchType=RESEARCH&language=sv&query=&af=%5B%22hasFulltext%3Atrue%22%5D&aq=%5B%5B%5D%5D&aq2=%5B%5B%7B%22organisationId%22%3A%22882940%22%2C%22organisationId-Xtra%22%3Atrue%7D%2C%7B%22publicationTypeCode%22%3A%5B%22report%22%5D%7D%5D%5D&aqe=%5B%5D&noOfRows=250&sortOrder=dateIssued_sort_desc&sortOrder2=title_sort_asc&onlyFullText=false&sf=all,https://app.overton.io/document.php?policy_document_id=risesweden-41f716e5081eb7489ab78fc10917467c,
"Bayesian bootstrapping in real-time probabilistic photovoltaic power forecasting",10.1016/j.solener.2021.07.063,"Solar Energy",2021-09-01T00:00:00+00:00,3,https://doi.org/10.1016/j.solener.2021.07.063,risesweden,"Sveriges Forskningsinstitut","Flexibility for Resilience : How can flexibility support power grids resilience?",2022-05-19,"Public Sector",Government,"National Body; Arm's Length Body; Research Council; Research Centre; Policy Centre",Sweden,https://ri.diva-portal.org/smash/get/diva2:1663266/FULLTEXT01.pdf,https://app.overton.io/document.php?policy_document_id=risesweden-905edff4ccb27de9cdb6b484e418da63,
"HVAC systems and thermal comfort in buildings climate control: An experimental case study",10.1016/j.egyr.2021.06.045,"Energy Reports",2021-09-01T00:00:00+00:00,2,https://doi.org/10.1016/j.egyr.2021.06.045,europa,"Publications Office of the European Union","Proceeding of the 11th international conference on Energy Efficiency in Domestic Appliances and Lighting (EEDAL’21).",2023-02-24,"Public Sector",Government,"International Body; Public Data Body or Statistics; Archive; Public Service",EU,https://op.europa.eu/en/publication-detail/-/publication/d38c43b6-b71e-11ed-8912-01aa75ed71a1/language-en/format-PDF,https://app.overton.io/document.php?policy_document_id=europa-198baa3d8485646c127145b740791a0b,
"HVAC systems and thermal comfort in buildings climate control: An experimental case study",10.1016/j.egyr.2021.06.045,"Energy Reports",2021-09-01T00:00:00+00:00,2,https://doi.org/10.1016/j.egyr.2021.06.045,jointresearcheu,"Joint Research Centre","Proceeding of the 11th International Conference on Energy Efficiency in Domestic Appliances and Lighting (EEDAL’22)",2023-02-17,"Public Sector",Government,"International Body; IGO Department or Agency; Research Centre; Policy Centre; Commission",EU,https://publications.jrc.ec.europa.eu/repository/handle/JRC132721,https://app.overton.io/document.php?policy_document_id=jointresearcheu-4a81fbe1e4f9454aa1afd7b9909d7c1a,
"Behavioural patterns in aggregated demand response developments for communities targeting renewables",10.1016/j.scs.2021.103001,"Sustainable Cities and Society",2021-09-01T00:00:00+00:00,1,https://doi.org/10.1016/j.scs.2021.103001,csagca,"Canadian Standards Association Group (CSA)","Energy Behaviour: Considerations for Standardization",2024-03-30,"Third Sector","Think Tank","Research Centre; Monitoring or Regulatory Body; Policy Centre",Canada,https://www.csagroup.org/article/energy-behaviour-considerations-for-standardization,https://app.overton.io/document.php?policy_document_id=csagca-910dfa9e7608518e2a58299d2d9206e9,"Comunidad de Madrid; Comunidad de Madrid; Consejo Superior de Investigaciones Científicas"
"Effects of electricity demand reductions under a carbon pricing regime on emissions: lessons from COVID-19",10.1016/j.enpol.2021.112392,"Energy Policy",2021-09-01T00:00:00+00:00,1,https://doi.org/10.1016/j.enpol.2021.112392,idsssingapore,RSIS,"NTS Bulletin July 2021",2021-07-26,"Third Sector","Think Tank","Research Centre; Policy Centre",Singapore,https://www.rsis.edu.sg/rsis-publication/rsis/nts-bulletin-july-2021/,https://app.overton.io/document.php?policy_document_id=idsssingapore-581c61cab6132d93aaeedbe84d293946,"International Energy Agency"
"Exploring the complex origins of energy poverty in The Netherlands with machine learning",10.1016/j.enpol.2021.112373,"Energy Policy",2021-09-01T00:00:00+00:00,11,https://doi.org/10.1016/j.enpol.2021.112373,esridublin,ESRI,"Energy poverty prediction and effective targeting for just transitions with machine learning",2023-09-27,"Third Sector","Think Tank","Research Centre; Policy Centre",Ireland,https://www.esri.ie/publications/energy-poverty-prediction-and-effective-targeting-for-just-transitions-with-machine,https://app.overton.io/document.php?policy_document_id=esridublin-077d49311a94cdaa4c10ffbd12efc386,"Ministerie van Economische Zaken en Klimaat; Ministerie van Economische Zaken en Klimaat"
"Exploring the complex origins of energy poverty in The Netherlands with machine learning",10.1016/j.enpol.2021.112373,"Energy Policy",2021-09-01T00:00:00+00:00,11,https://doi.org/10.1016/j.enpol.2021.112373,europa,"Publications Office of the European Union","Bringing energy poverty research into local practice",2025-04-09,"Public Sector",Government,"International Body; Public Data Body or Statistics; Archive; Public Service",EU,https://op.europa.eu/en/publication-detail/-/publication/11b2c2bb-15bf-11f0-b1a3-01aa75ed71a1/language-en,https://app.overton.io/document.php?policy_document_id=europa-f783d9b4da81b845efc2ffbdd081180d,"Ministerie van Economische Zaken en Klimaat; Ministerie van Economische Zaken en Klimaat"
"Exploring the complex origins of energy poverty in The Netherlands with machine learning",10.1016/j.enpol.2021.112373,"Energy Policy",2021-09-01T00:00:00+00:00,11,https://doi.org/10.1016/j.enpol.2021.112373,izade,"Forschungsinstitut zur Zukunft der Arbeit (IZA)","Childhood Adversity and Energy Poverty",2021-11-04,"Third Sector","Think Tank","Research Centre; Policy Centre",Germany,https://www.iza.org/publications/dp/14809/childhood-adversity-and-energy-poverty,https://app.overton.io/document.php?policy_document_id=izade-1903b4c73a7ed6eba8350d53da40ceee,"Ministerie van Economische Zaken en Klimaat; Ministerie van Economische Zaken en Klimaat"
"Exploring the complex origins of energy poverty in The Netherlands with machine learning",10.1016/j.enpol.2021.112373,"Energy Policy",2021-09-01T00:00:00+00:00,11,https://doi.org/10.1016/j.enpol.2021.112373,izade,"Forschungsinstitut zur Zukunft der Arbeit (IZA)","Toward Proactive Policy Design: Identifying 'To-Be' Energy-Poor Households Using Shap for Early Intervention",2025-02-10,"Third Sector","Think Tank","Research Centre; Policy Centre",Germany,https://www.iza.org/publications/dp/17669/toward-proactive-policy-design-identifying-to-be-energy-poor-households-using-shap-for-early-intervention,https://app.overton.io/document.php?policy_document_id=izade-202ee190c13179549def115785da8414,"Ministerie van Economische Zaken en Klimaat; Ministerie van Economische Zaken en Klimaat"
"Exploring the complex origins of energy poverty in The Netherlands with machine learning",10.1016/j.enpol.2021.112373,"Energy Policy",2021-09-01T00:00:00+00:00,11,https://doi.org/10.1016/j.enpol.2021.112373,izade,"Forschungsinstitut zur Zukunft der Arbeit (IZA)","Enduring Inequalities: Analyzing Energy Poverty Inertia Across K-Means Clusters",2025-03-25,"Third Sector","Think Tank","Research Centre; Policy Centre",Germany,https://www.iza.org/publications/dp/17809/enduring-inequalities-analyzing-energy-poverty-inertia-across-k-means-clusters,https://app.overton.io/document.php?policy_document_id=izade-2d67aa89f17af74f8e4380364bd0dcf7,"Ministerie van Economische Zaken en Klimaat; Ministerie van Economische Zaken en Klimaat"
"Exploring the complex origins of energy poverty in The Netherlands with machine learning",10.1016/j.enpol.2021.112373,"Energy Policy",2021-09-01T00:00:00+00:00,11,https://doi.org/10.1016/j.enpol.2021.112373,rijksoverheid,Rijksoverheid,"Bijlage 2 Bijlage TNO-rapport De energietransitie en het risico op vervoersarmoede",2024-03-13,"Public Sector",Government,"National Body; Mixed Roles; Public Service",Netherlands,https://open.overheid.nl/documenten/dpc-689285630bbfc563009f1deabcd495a432538193,https://app.overton.io/document.php?policy_document_id=rijksoverheid-e7051d36a5edc2517fcbafc45aa1c828,"Ministerie van Economische Zaken en Klimaat; Ministerie van Economische Zaken en Klimaat"
"Exploring the complex origins of energy poverty in The Netherlands with machine learning",10.1016/j.enpol.2021.112373,"Energy Policy",2021-09-01T00:00:00+00:00,11,https://doi.org/10.1016/j.enpol.2021.112373,stateofeuskadi,"Euskal Autonomia Erkidegoa","Stat llo o nuria so ”",2025-04-15,"Public Sector",Government,"Regional or State Level Body; Mixed Roles; Public Service",Spain,https://www.euskadi.eus/contenidos/informacion/besaldi_documentos/es_def/adjuntos/Maquetado-Besaldi_Estudio_IA_Informe_vf.pdf,https://app.overton.io/document.php?policy_document_id=stateofeuskadi-4313ceca6047ed29241ae11c5a042181,"Ministerie van Economische Zaken en Klimaat; Ministerie van Economische Zaken en Klimaat"
"Exploring the complex origins of energy poverty in The Netherlands with machine learning",10.1016/j.enpol.2021.112373,"Energy Policy",2021-09-01T00:00:00+00:00,11,https://doi.org/10.1016/j.enpol.2021.112373,stateofeuskadi,"Euskal Autonomia Erkidegoa","Exploración, análisis y prospección en la aplicación de la IA en los procesos de evaluación de las políticas públicas. Casos de uso.",2025-04-15,"Public Sector",Government,"Regional or State Level Body; Mixed Roles; Public Service",Spain,https://www.euskadi.eus/contenidos/informacion/besaldi_documentos/es_def/adjuntos/Maquetado-Besaldi_Estudio_IA_Casos-de-uso_vf.pdf,https://app.overton.io/document.php?policy_document_id=stateofeuskadi-6473b481f3813fc8b0eb1be3dd81997e,"Ministerie van Economische Zaken en Klimaat; Ministerie van Economische Zaken en Klimaat"
"Exploring the complex origins of energy poverty in The Netherlands with machine learning",10.1016/j.enpol.2021.112373,"Energy Policy",2021-09-01T00:00:00+00:00,11,https://doi.org/10.1016/j.enpol.2021.112373,stateofeuskadi,"Euskal Autonomia Erkidegoa","Oleo ebaluatzeko Ao aL YA aplikatzearen azterketa, analisia eta esla lern Emaitzen txostena.",2025-06-30,"Public Sector",Government,"Regional or State Level Body; Mixed Roles; Public Service",Spain,https://www.euskadi.eus/contenidos/informacion/besaldi_documentos/eu_def/adjuntos/E-Maquetado-Besaldi_Estudio_IA_Informe_vf.pdf,https://app.overton.io/document.php?policy_document_id=stateofeuskadi-c003a8b05e28c38158250528aad21053,"Ministerie van Economische Zaken en Klimaat; Ministerie van Economische Zaken en Klimaat"
"Exploring the complex origins of energy poverty in The Netherlands with machine learning",10.1016/j.enpol.2021.112373,"Energy Policy",2021-09-01T00:00:00+00:00,11,https://doi.org/10.1016/j.enpol.2021.112373,tnonl,"Nederlandse Organisatie voor Toegepast Natuurwetenschappelijk Onderzoek","De energietransitie en het risico op vervoersarmoede. Een microdata-analyse voor huisgouden met laag inkomen en hoge brandstofkosten",2024-01-01,"Public Sector",Government,"Research Centre",Netherlands,https://repository.tno.nl/SingleDoc?docId=58348,https://app.overton.io/document.php?policy_document_id=tnonl-47dd8ceb29bd8b6fa46b1c40105d8d02,"Ministerie van Economische Zaken en Klimaat; Ministerie van Economische Zaken en Klimaat"
"Exploring the complex origins of energy poverty in The Netherlands with machine learning",10.1016/j.enpol.2021.112373,"Energy Policy",2021-09-01T00:00:00+00:00,11,https://doi.org/10.1016/j.enpol.2021.112373,tnonl,"Nederlandse Organisatie voor Toegepast Natuurwetenschappelijk Onderzoek","Unequal household vulnerability to high energy prices and the elusive quest for targeted policy support: Evidence from the Netherlands",2025-01-01,"Public Sector",Government,"Research Centre",Netherlands,https://repository.tno.nl/SingleDoc?docId=69487,https://app.overton.io/document.php?policy_document_id=tnonl-66407c178a5627da0cc3bd9918eae186,"Ministerie van Economische Zaken en Klimaat; Ministerie van Economische Zaken en Klimaat"
"Microeconomic models of electricity storage: Price Forecasting, arbitrage limits, curtailment insurance, and transmission line utilization",10.1016/j.eneco.2021.105390,"Energy Economics",2021-09-01T00:00:00+00:00,1,https://doi.org/10.1016/j.eneco.2021.105390,nber,NBER,"Spillovers from Ancillary Services to Wholesale Energy Markets",2020-11-02,"Third Sector","Think Tank","Research Centre",USA,https://www.nber.org/papers/w28027,https://app.overton.io/document.php?policy_document_id=nber-81245125654ac15a0fd84e678086d4dc,"University of British Columbia"
"A digital twin framework for improving energy efficiency and occupant comfort in public and commercial buildings",10.1186/s42162-021-00153-9,"Energy Informatics",2021-09-01T00:00:00+00:00,1,https://doi.org/10.1186/s42162-021-00153-9,atlanticcouncil,"Atlantic Council","Call for a federal digital twins strategy: Unlocking the potential for digital twins in the federal enterprise",2023-07-27,"Third Sector","Think Tank","Research Centre; Policy Centre",USA,https://www.atlanticcouncil.org/in-depth-research-reports/issue-brief/call-for-a-federal-digital-twins-strategy-unlocking-the-potential-for-digital-twins-in-the-federal-enterprise/,https://app.overton.io/document.php?policy_document_id=atlanticcouncil-674d116dd0acb6a0c08c310e1e6e9729,
"Potential Analysis of the Attention-Based LSTM Model in Ultra-Short-Term Forecasting of Building HVAC Energy Consumption",10.3389/fenrg.2021.730640,"Frontiers in Energy Research",2021-08-23T00:00:00+00:00,1,https://doi.org/10.3389/fenrg.2021.730640,bcrp,"Banco Central de Reserva del Perú","FORECASTING INFLATION WITH A FRAMEWORK FOR MODEL AND NEURAL ARCHITECTURE SEARCH WITH THREE-STRUCTURED SEARCH SPACES",2024-05-21,"Public Sector",Government,"National Body; Financial Institution or Bank; Central Bank",Peru,https://www.bcrp.gob.pe/docs/Publicaciones/Documentos-de-Trabajo/2024/documento-de-trabajo-009-2024.pdf,https://app.overton.io/document.php?policy_document_id=bcrp-7a85cf392c4b1a25ffd9482e972dd424,
"Weight of energy consumption parameters of rural residences in severe cold area",10.1016/j.csite.2021.101131,"Case Studies in Thermal Engineering",2021-08-01T00:00:00+00:00,1,https://doi.org/10.1016/j.csite.2021.101131,wuppertal,"Wuppertal Institut","A systematic assessment of low-carbon energy consumption by an integrated approach in rural China",2024-12-14,"Third Sector","Think Tank","Research Centre; Policy Centre",Germany,https://epub.wupperinst.org/frontdoor/index/index/searchtype/all/docId/8768,https://app.overton.io/document.php?policy_document_id=wuppertal-d37d3e3aa6a07a2d3850009160258e27,
"Efficient prediction of concentrating solar power plant productivity using data clustering",10.1016/j.solener.2021.06.002,"Solar Energy",2021-08-01T00:00:00+00:00,1,https://doi.org/10.1016/j.solener.2021.06.002,nrelosti,"National Renewable Energy Laboratory","Integrating Concentrating Solar Power Technologies into the Hybrid Optimization and Performance Platform (HOPP)",2022-08-24,"Public Sector",Government,"National Body; Arm's Length Body; Research Centre; Policy Centre",USA,https://www.osti.gov/biblio/1884793,https://app.overton.io/document.php?policy_document_id=nrelosti-9f80ab6234710c72a62088f652d5acd3,
"An innovative approach for the optimal sizing of mini-grids in rural areas integrating the demand, the supply, and the grid",10.1016/j.rser.2021.111117,"Renewable and Sustainable Energy Reviews",2021-08-01T00:00:00+00:00,1,https://doi.org/10.1016/j.rser.2021.111117,igcuk,"International Growth Centre","Data and technology: Challenges and opportunities for solar mini grids in fragile contexts",2024-10-25,"Third Sector","Think Tank","Research Centre; Policy Centre",UK,https://www.theigc.org/publications/data-and-technology-challenges-and-opportunities-solar-mini-grids-fragile-contexts,https://app.overton.io/document.php?policy_document_id=igcuk-e484c5516113e0d2f2a7c38add95a69d,
"IoT enabled integrated system for green energy into smart cities",10.1016/j.seta.2021.101208,"Sustainable Energy Technologies and Assessments",2021-08-01T00:00:00+00:00,1,https://doi.org/10.1016/j.seta.2021.101208,efdse,"Environment for Development","A Research Agenda for Low Carbon Transition and Gender Equity in the Global South - Infrastructure (Transport and Digital)",2023-04-01,"Third Sector","Think Tank","Research Centre; Policy Centre; International Body",Sweden,https://www.efdinitiative.org/publications/research-agenda-low-carbon-transition-and-gender-equity-global-south-infrastructure,https://app.overton.io/document.php?policy_document_id=efdse-6aa642cc81ffdb40ab06db52c57d12e4,
"Energy system requirements of fossil-free steelmaking using hydrogen direct reduction",10.1016/j.jclepro.2021.127665,"Journal of Cleaner Production",2021-08-01T00:00:00+00:00,6,https://doi.org/10.1016/j.jclepro.2021.127665,credsacuk,CREDS,"Policy options for a net-zero emissions UK steel sector",2022-03-16,"Third Sector","Think Tank","Research Centre",UK,https://www.creds.ac.uk/publications/policy-options-for-a-net-zero-emissions-uk-steel-sector/,https://app.overton.io/document.php?policy_document_id=credsacuk-14954e21951533c57b6e2af4bffd3710,"Engineering and Physical Sciences Research Council; Engineering and Physical Sciences Research Council; Lunds Universitet; Tata Steel; UK Research and Innovation; UK Research and Innovation; UKRI (Special project, May 2022)"
"Energy system requirements of fossil-free steelmaking using hydrogen direct reduction",10.1016/j.jclepro.2021.127665,"Journal of Cleaner Production",2021-08-01T00:00:00+00:00,6,https://doi.org/10.1016/j.jclepro.2021.127665,oecddiscovery,OECD,"Green Iron opportunities in Australia",2025-10-22,"Public Sector",IGO,"International Body; IGO Department or Agency; Monitoring or Regulatory Body; Policy Centre; Research Centre",IGO,https://dx.doi.org/https://doi.org/10.1787/bbd1e2b8-en,https://app.overton.io/document.php?policy_document_id=oecddiscovery-a5198e06110984bd9b72cecdb67d285d,"Engineering and Physical Sciences Research Council; Engineering and Physical Sciences Research Council; Lunds Universitet; Tata Steel; UK Research and Innovation; UK Research and Innovation; UKRI (Special project, May 2022)"
"Energy system requirements of fossil-free steelmaking using hydrogen direct reduction",10.1016/j.jclepro.2021.127665,"Journal of Cleaner Production",2021-08-01T00:00:00+00:00,6,https://doi.org/10.1016/j.jclepro.2021.127665,oficinac,"Oficina de Ciencia y Tecnología del Congreso de los Diputados","Green hydrogen as fuel. Keys for its contribution to a decarbonized economy",2024-02-10,"Public Sector","Legislative Body","National Body; Parliament, Senate or Congress; Research Centre",Spain,https://oficinac.es/sites/default/files/informes/20221114_Informe%20C%20Hidrogeno%20verde_0.pdf,https://app.overton.io/document.php?policy_document_id=oficinac-2cea76e1997643e397ca7b5f56c635c5,"Engineering and Physical Sciences Research Council; Engineering and Physical Sciences Research Council; Lunds Universitet; Tata Steel; UK Research and Innovation; UK Research and Innovation; UKRI (Special project, May 2022)"
"Energy system requirements of fossil-free steelmaking using hydrogen direct reduction",10.1016/j.jclepro.2021.127665,"Journal of Cleaner Production",2021-08-01T00:00:00+00:00,6,https://doi.org/10.1016/j.jclepro.2021.127665,oficinac,"Oficina de Ciencia y Tecnología del Congreso de los Diputados","Hidrógeno verde como combustible",2022-11-14,"Public Sector","Legislative Body","National Body; Parliament, Senate or Congress; Research Centre",Spain,https://oficinac.es/node/239,https://app.overton.io/document.php?policy_document_id=oficinac-2d477f284c5b8961a0ce8db81477edc0,"Engineering and Physical Sciences Research Council; Engineering and Physical Sciences Research Council; Lunds Universitet; Tata Steel; UK Research and Innovation; UK Research and Innovation; UKRI (Special project, May 2022)"
"Energy system requirements of fossil-free steelmaking using hydrogen direct reduction",10.1016/j.jclepro.2021.127665,"Journal of Cleaner Production",2021-08-01T00:00:00+00:00,6,https://doi.org/10.1016/j.jclepro.2021.127665,oficinac,"Oficina de Ciencia y Tecnología del Congreso de los Diputados","Green hydrogen as a fuel: Keys for its contribution to a decarbonised economy",2024-02-10,"Public Sector","Legislative Body","National Body; Parliament, Senate or Congress; Research Centre",Spain,https://oficinac.es/sites/default/files/informes/20221114_Report%20C%20green%20hydrogen.pdf,https://app.overton.io/document.php?policy_document_id=oficinac-a496448021f000d6b869ef5d64caf428,"Engineering and Physical Sciences Research Council; Engineering and Physical Sciences Research Council; Lunds Universitet; Tata Steel; UK Research and Innovation; UK Research and Innovation; UKRI (Special project, May 2022)"
"Energy system requirements of fossil-free steelmaking using hydrogen direct reduction",10.1016/j.jclepro.2021.127665,"Journal of Cleaner Production",2021-08-01T00:00:00+00:00,6,https://doi.org/10.1016/j.jclepro.2021.127665,ukparliament,"UK Parliament Research Briefings","Green steel",2022-05-23,"Public Sector","Legislative Body","National Body; Parliament, Senate or Congress; Research Centre",UK,https://post.parliament.uk/research-briefings/post-pn-0672/,https://app.overton.io/document.php?policy_document_id=ukparliament-e04826d70258a1d7c5eb4145f72b76ec,"Engineering and Physical Sciences Research Council; Engineering and Physical Sciences Research Council; Lunds Universitet; Tata Steel; UK Research and Innovation; UK Research and Innovation; UKRI (Special project, May 2022)"
"Corridor-Wise Eco-Friendly Cooperative Ramp Management System for Connected and Automated Vehicles",10.3390/su13158557,Sustainability,2021-07-31T00:00:00+00:00,2,https://doi.org/10.3390/su13158557,napedu,"National Academies of Sciences, Engineering, and Medicine","Risks Related to Emerging and Disruptive Transportation Technologies: A Guide",2024-06-03,"Public Sector",Government,"National Body; Knowledge Brokerage; Research Center; Learned Society",USA,https://www.nationalacademies.org/publications/27842,https://app.overton.io/document.php?policy_document_id=napedu-3c6ec10605de969d6fc6ec62775a2d5e,
"Corridor-Wise Eco-Friendly Cooperative Ramp Management System for Connected and Automated Vehicles",10.3390/su13158557,Sustainability,2021-07-31T00:00:00+00:00,2,https://doi.org/10.3390/su13158557,napedu,"National Academies of Sciences, Engineering, and Medicine","Using Cooperative Automated Transportation Data for Freeway Operational Strategies",2024-04-04,"Public Sector",Government,"National Body; Knowledge Brokerage; Research Center; Learned Society",USA,https://www.nationalacademies.org/publications/27748,https://app.overton.io/document.php?policy_document_id=napedu-5fb9f6689681c32cf9365b6439effb64,
"Forecasting the Energy and Economic Benefits of Photovoltaic Technology in China’s Rural Areas",10.3390/su13158408,Sustainability,2021-07-28T00:00:00+00:00,4,https://doi.org/10.3390/su13158408,governmentofchina,"Government of China","Technology and Innovation Report 2023",2023-03-02,"Public Sector",Government,"National Body; Mixed Roles; Public Service",China,http://data.mofcom.gov.cn/report/tir2023_en.pdf,https://app.overton.io/document.php?policy_document_id=governmentofchina-6da57749ecd94ab6bdc498c6238df58c,"Government of Jiangsu Province; National High-tech Research and Development Program; National Natural Science Foundation of China; National Natural Science Foundation of China; National Natural Science Foundation of Jiangsu Province; Natural Science Foundation of Jiangsu Province"
"Forecasting the Energy and Economic Benefits of Photovoltaic Technology in China’s Rural Areas",10.3390/su13158408,Sustainability,2021-07-28T00:00:00+00:00,4,https://doi.org/10.3390/su13158408,unctad,UNCTAD,"Technology and Innovation Report 2023",2023-03-02,"Public Sector",IGO,"International Body; Financial Institution or Bank; Development Bank; Policy Centre",IGO,https://unctad.org/system/files/official-document/tir2023_en.pdf,https://app.overton.io/document.php?policy_document_id=unctad-ba39d8eda364423238ed6a9b8b87811b,"Government of Jiangsu Province; National High-tech Research and Development Program; National Natural Science Foundation of China; National Natural Science Foundation of China; National Natural Science Foundation of Jiangsu Province; Natural Science Foundation of Jiangsu Province"
"Forecasting the Energy and Economic Benefits of Photovoltaic Technology in China’s Rural Areas",10.3390/su13158408,Sustainability,2021-07-28T00:00:00+00:00,4,https://doi.org/10.3390/su13158408,unitednations,"United Nations","Technology and innovation report 2023: opening green windows technological opportunities for a low-carbon world",2023-01-01,"Public Sector",IGO,"International Body; Top-Level Authority; IGO Department or Agency; Mixed Roles; Policy Centre",IGO,https://digitallibrary.un.org/record/4007851?ln=en,https://app.overton.io/document.php?policy_document_id=unitednations-44492dd92832de774578961d1880dfb2,"Government of Jiangsu Province; National High-tech Research and Development Program; National Natural Science Foundation of China; National Natural Science Foundation of China; National Natural Science Foundation of Jiangsu Province; Natural Science Foundation of Jiangsu Province"
"Forecasting the Energy and Economic Benefits of Photovoltaic Technology in China’s Rural Areas",10.3390/su13158408,Sustainability,2021-07-28T00:00:00+00:00,4,https://doi.org/10.3390/su13158408,unitednations,"United Nations","Technology and innovation report 2023 overview :opening green windows : technological opportunities for a low-carbon world",2023-01-01,"Public Sector",IGO,"International Body; Top-Level Authority; IGO Department or Agency; Mixed Roles; Policy Centre",IGO,https://digitallibrary.un.org/record/4041770?ln=en,https://app.overton.io/document.php?policy_document_id=unitednations-e6489b226a0efb6c7995e766adaa100a,"Government of Jiangsu Province; National High-tech Research and Development Program; National Natural Science Foundation of China; National Natural Science Foundation of China; National Natural Science Foundation of Jiangsu Province; Natural Science Foundation of Jiangsu Province"
"A framework for localizing global climate solutions and their carbon reduction potential",10.1073/pnas.2100008118,"Proceedings of the National Academy of Sciences",2021-07-26T00:00:00+00:00,2,https://doi.org/10.1073/pnas.2100008118,napedu,"National Academies of Sciences, Engineering, and Medicine","A Vision for Continental-Scale Biology: Research Across Multiple Scales",2024-10-24,"Public Sector",Government,"National Body; Knowledge Brokerage; Research Center; Learned Society",USA,https://www.nationalacademies.org/publications/27285,https://app.overton.io/document.php?policy_document_id=napedu-55d92629cb8677b9028c5c94381329ba,"Brook Byers Institute of Sustainable Systems; Ray C. Anderson Foundation"
"A framework for localizing global climate solutions and their carbon reduction potential",10.1073/pnas.2100008118,"Proceedings of the National Academy of Sciences",2021-07-26T00:00:00+00:00,2,https://doi.org/10.1073/pnas.2100008118,stateofgeorgia,"State of Georgia","Peach State Voluntary Emission Reduction Plan",2024-03-08,"Public Sector",Government,"Regional or State Level Body; Mixed Roles; Public Service",USA,https://epd.georgia.gov/document/document/peach-state-voluntary-emission-reduction-plan/download,https://app.overton.io/document.php?policy_document_id=stateofgeorgia-5c0957196f60d53773045d6e39518358,"Brook Byers Institute of Sustainable Systems; Ray C. Anderson Foundation"
"Prediction of energy consumption in the Industry 4.0 platform- solutions overview",10.15632/jtam-pl/140203,"Journal of Theoretical and Applied Mechanics",2021-07-14T00:00:00+00:00,1,https://doi.org/10.15632/jtam-pl/140203,cordisbe,CORDIS,"Intelligent Motion Control under Industry 4.E",2024-12-17,"Public Sector",Government,"Public Data Body or Statistics; Archive; Public Service; Mixed Roles",EU,https://ec.europa.eu/research/participants/documents/downloadPublic?documentIds=080166e50bd56c82&appId=PPGMS,https://app.overton.io/document.php?policy_document_id=cordisbe-471b00ce565c4727f9a49cfe08da41a7,
"A Novel Computational Intelligence Approach for Coal Consumption Forecasting in Iran",10.3390/su13147612,Sustainability,2021-07-07T00:00:00+00:00,1,https://doi.org/10.3390/su13147612,embrapabr,"Empresa Brasileira de Pesquisa Agropecuária (EMBRAPA)",Anais...,2023-01-01,"Public Sector","Think Tank","National Body; Policy Centre",Brazil,https://www.embrapa.br/busca-de-publicacoes/-/publicacao/1160308/anais,https://app.overton.io/document.php?policy_document_id=embrapabr-8b5182eec8b0287952bc1c67b6f8e6fe,
"Forecasting the potential and economic feasibility of power generation using biogas from food waste in Ghana: Evidence from Accra and Kumasi",10.1016/j.energy.2021.120342,Energy,2021-07-01T00:00:00+00:00,2,https://doi.org/10.1016/j.energy.2021.120342,cgiar,CGIAR,"Resource recovery from livestock waste: a compilation of business cases from the Global South",2024-11-12,"Third Sector","Think Tank","Research Centre; Initiative, Programme or Project; Policy Centre; Professional Network, Association, Union or Cooperative",France,https://hdl.handle.net/10568/159573,https://app.overton.io/document.php?policy_document_id=cgiar-6220e7f8bfc9aeedd09254b581a6ebe0,
"Forecasting the potential and economic feasibility of power generation using biogas from food waste in Ghana: Evidence from Accra and Kumasi",10.1016/j.energy.2021.120342,Energy,2021-07-01T00:00:00+00:00,2,https://doi.org/10.1016/j.energy.2021.120342,govuk,"The UK Government","CCUS Innovation 2.0 competition: Use of CO2 capture to enhance low carbon fertiliser manufacture",2026-05-13,"Public Sector",Government,"National Body; Mixed Roles; Public Service",UK,https://www.gov.uk/government/publications/ccus-innovation-20-competition-use-of-co2-capture-to-enhance-low-carbon-fertiliser-manufacture,https://app.overton.io/document.php?policy_document_id=govuk-3c52fc4705b2e840b249b3107c5bf73d,
"Strategies for microgrid operation under real-world conditions",10.1016/j.ejor.2020.10.041,"European Journal of Operational Research",2021-07-01T00:00:00+00:00,1,https://doi.org/10.1016/j.ejor.2020.10.041,governmentofkuwait,"Government of Kuwait","Design and Development of Hybrid Microgrid Control System for Renewable Energy Generation",2024-05-05,"Public Sector",Government,"National Body; Public Service; Mixed Roles",Kuwait,https://www.paaet.edu.kw/media/d2enmwku/design-and-development-of-hybrid-microgrid-control-system-for-renewable-energy-generation.pdf,https://app.overton.io/document.php?policy_document_id=governmentofkuwait-6d5a58f7fa2360acf61aa4d212fd6ba2,"Office of Electricity; U.S. Department of Defense; U.S. Department of Defense; U.S. Department of Energy; U.S. Department of Energy"
"Long-term evolution of energy and electricity demand forecasting: The case of Ethiopia",10.1016/j.esr.2021.100671,"Energy Strategy Reviews",2021-07-01T00:00:00+00:00,3,https://doi.org/10.1016/j.esr.2021.100671,efdse,"Environment for Development","The Causal Effect of Drought on Energy Poverty: Evidence from Panel Data",2025-12-31,"Third Sector","Think Tank","Research Centre; Policy Centre; International Body",Sweden,https://www.efdinitiative.org/publications/causal-effect-drought-energy-poverty-evidence-panel-data?root=/publications/ethiopia%3Fauthor%3DAll%26amp%253Bamp%253Bpage%3D5%26amp%253Bpage%3D7,https://app.overton.io/document.php?policy_document_id=efdse-30eebbb5435f5f924ab5645b754323f0,"Addis Ababa University; Styrelsen för Internationellt Utvecklingssamarbete"
"Long-term evolution of energy and electricity demand forecasting: The case of Ethiopia",10.1016/j.esr.2021.100671,"Energy Strategy Reviews",2021-07-01T00:00:00+00:00,3,https://doi.org/10.1016/j.esr.2021.100671,efdse,"Environment for Development","The Causal Effect of Drought on Energy Poverty: Evidence from Panel Data",2025-12-31,"Third Sector","Think Tank","Research Centre; Policy Centre; International Body",Sweden,https://www.efdinitiative.org/publications/causal-effect-drought-energy-poverty-evidence-panel-data?root=/publications/ethiopia,https://app.overton.io/document.php?policy_document_id=efdse-49a29d4ea8c5d6670240076dc819a1d0,"Addis Ababa University; Styrelsen för Internationellt Utvecklingssamarbete"
"Long-term evolution of energy and electricity demand forecasting: The case of Ethiopia",10.1016/j.esr.2021.100671,"Energy Strategy Reviews",2021-07-01T00:00:00+00:00,3,https://doi.org/10.1016/j.esr.2021.100671,efdse,"Environment for Development","The Causal Effect of Drought on Energy Poverty: Evidence from Panel Data",2025-12-31,"Third Sector","Think Tank","Research Centre; Policy Centre; International Body",Sweden,https://www.efdinitiative.org/publications/causal-effect-drought-energy-poverty-evidence-panel-data,https://app.overton.io/document.php?policy_document_id=efdse-ea8f637c9d470e631cfb160294e28c45,"Addis Ababa University; Styrelsen för Internationellt Utvecklingssamarbete"
"Towards a Future Scenario for Offshore Wind Energy in Chile: Breaking the Paradigm",10.3390/su13137013,Sustainability,2021-06-22T00:00:00+00:00,1,https://doi.org/10.3390/su13137013,governmentofchile,"Government of Chile","Exporting Renewable Energy",2021-11-11,"Public Sector",Government,"National Body; Mixed Roles; Public Service",Chile,https://minciencia.gob.cl/uploads/filer_public/c4/e1/c4e187c3-9545-481c-bc12-8a75a20b83d7/the_chilean_potential_for_exporting_renewable_energy.pdf,https://app.overton.io/document.php?policy_document_id=governmentofchile-83d65f56e2b136abbd837cf0b679c859,"Comisión Nacional de Investigación Científica y Tecnológica; Fondo Nacional de Desarrollo Científico, Tecnológico y de Innovación Tecnológica"
"Artificial Neural Networks to Optimize Zero Energy Building (ZEB) Projects from the Early Design Stages",10.3390/app11125377,"Applied Sciences",2021-06-10T00:00:00+00:00,2,https://doi.org/10.3390/app11125377,europa,"Publications Office of the European Union","Assessing the progress of Nearly Zero Energy Buildings (NZEBs) implementation in Europe",2025-04-25,"Public Sector",Government,"International Body; Public Data Body or Statistics; Archive; Public Service",EU,https://op.europa.eu/en/publication-detail/-/publication/e675bfba-23e3-11f0-ac85-01aa75ed71a1/language-en,https://app.overton.io/document.php?policy_document_id=europa-5ca4793a05b320e15ad76c790a485779,
"Artificial Neural Networks to Optimize Zero Energy Building (ZEB) Projects from the Early Design Stages",10.3390/app11125377,"Applied Sciences",2021-06-10T00:00:00+00:00,2,https://doi.org/10.3390/app11125377,jointresearcheu,"Joint Research Centre","Assessing the progress of Nearly Zero Energy Buildings (NZEBs) implementation in Europe",2025-04-24,"Public Sector",Government,"International Body; IGO Department or Agency; Research Centre; Policy Centre; Commission",EU,https://publications.jrc.ec.europa.eu/repository/handle/JRC138771,https://app.overton.io/document.php?policy_document_id=jointresearcheu-a0e52cbeeccbbe33202183ef4f869e45,
"An econometric model for intraday electricity trading",10.1098/rsta.2019.0624,"Philosophical Transactions of the Royal Society A: Mathematical, Physical and Engineering Sciences",2021-06-07T00:00:00+00:00,1,https://doi.org/10.1098/rsta.2019.0624,emffat,"The European Money and Finance Forum","Capital markets and renewable energy in the EU",2024-11-21,"Third Sector","Think Tank","Research Centre; Policy Centre; Professional Network, Association, Union or Cooperative; International Body",Austria,https://www.suerf.org/publications/suerf-policy-notes-and-briefs/capital-markets-and-renewable-energy-in-the-eu/,https://app.overton.io/document.php?policy_document_id=emffat-03d1b8542f46a1803f27ec13f8c26135,"Adolf Øiens Donasjonsfond; Engineering and Physical Sciences Research Council; Engineering and Physical Sciences Research Council; European Commission; Horizon 2020 Framework Programme; Horizon 2020 Framework Programme; Innosuisse - Schweizerische Agentur für Innovationsförderung; Innosuisse - Schweizerische Agentur für Innovationsförderung; UK Research and Innovation; UKRI (Special project, May 2022)"
"The Role of Temperature Variability on Seasonal Electricity Demand in the Southern US",10.3389/frsc.2021.644789,"Frontiers in Sustainable Cities",2021-06-02T00:00:00+00:00,1,https://doi.org/10.3389/frsc.2021.644789,europa,"Publications Office of the European Union","EU cybersecurity market analysis : IoT in distribution grids.",2022-05-20,"Public Sector",Government,"International Body; Public Data Body or Statistics; Archive; Public Service",EU,https://op.europa.eu/en/publication-detail/-/publication/2fec7fef-dc9c-11ec-a534-01aa75ed71a1/language-en/format-PDF,https://app.overton.io/document.php?policy_document_id=europa-9530e42e42352b826c7a3df0ad4d311b,
"Improving energy efficiency of carbon fiber manufacturing through waste heat recovery: A circular economy approach with machine learning",10.1016/j.energy.2021.120113,Energy,2021-06-01T00:00:00+00:00,1,https://doi.org/10.1016/j.energy.2021.120113,vttfi,"Teknologian tutkimuskeskus VTT","Handbook for a Data-Driven Circular Economy in Finland: Data Sources, Tools, and Governance for Circular Design",2022-02-17,"Public Sector",Government,"Research Centre",Finland,https://cris.vtt.fi/en/publications/handbook-for-a-data-driven-circular-economy-in-finland-data-sourc,https://app.overton.io/document.php?policy_document_id=vttfi-fcfe7a5c765ab3506c8fbcf042377c69,
"Green hydrogen potentials from surplus hydro energy in Nepal",10.1016/j.ijhydene.2021.04.096,"International Journal of Hydrogen Energy",2021-06-01T00:00:00+00:00,1,https://doi.org/10.1016/j.ijhydene.2021.04.096,cseaafrica,"Centre for the Study of the Economies of Africa","Renewable green hydrogen energy: performances amidst global disturbances",2023-12-07,"Third Sector","Think Tank","Research Centre; Policy Centre",Nigeria,https://cseaafrica.org/renewable-green-hydrogen-energy-performances-amidst-global-disturbances/,https://app.overton.io/document.php?policy_document_id=cseaafrica-04d0431a9b8b44acfb9209cf5c829d6c,
"Ultra-short-term exogenous forecasting of photovoltaic power production using genetically optimized non-linear auto-regressive recurrent neural networks",10.1016/j.renene.2021.02.103,"Renewable Energy",2021-06-01T00:00:00+00:00,1,https://doi.org/10.1016/j.renene.2021.02.103,governmentofkuwait,"Government of Kuwait","Student name : Student ID : Supervisor name : Date :",2024-04-18,"Public Sector",Government,"National Body; Public Service; Mixed Roles",Kuwait,https://www.paaet.edu.kw/media/e4llckmj/matlab-based-optimisation-and-control-of-distributed-energy-resources-in-electric-grid.pdf,https://app.overton.io/document.php?policy_document_id=governmentofkuwait-77573e627157e9fab2d2cac1c0e8f813,
"Usage impact on data center electricity needs: A system dynamic forecasting model",10.1016/j.apenergy.2021.116798,"Applied Energy",2021-06-01T00:00:00+00:00,24,https://doi.org/10.1016/j.apenergy.2021.116798,bundestag,"Deutscher Bundestag","WD 8 - 070/21 Energieverbrauch von Rechenzentren",2021-08-24,"Public Sector","Legislative Body","National Body; Parliament, Senate or Congress",Germany,https://www.bundestag.de/resource/blob/863850/423c11968fcb5c9995e9ef9090edf9e6/WD-8-070-21-pdf-data.pdf,https://app.overton.io/document.php?policy_document_id=bundestag-1c04028bc09761739acc891983ae66e4,
"Usage impact on data center electricity needs: A system dynamic forecasting model",10.1016/j.apenergy.2021.116798,"Applied Energy",2021-06-01T00:00:00+00:00,24,https://doi.org/10.1016/j.apenergy.2021.116798,comregionseu,"European Committee of the Regions","COMMISSION STAFF WORKING DOCUMENT IMPACT ASSESSMENT REPORT Accompanying the document Proposal for a REGULATION OF THE EUROPEAN PARLIAMENT AND OF THE COUNCIL on the protection of animals during transport and related operations, amending Council Regulation",2023-12-07,"Public Sector",Government,"International Body; Arm's Length Body; Committee; Citizen's Assembly; Professional Network, Association, Union or Cooperative",EU,https://webapi2016.cor.europa.eu/v1/documents/swd401-2023_part2_ext_en.docx/pdf,https://app.overton.io/document.php?policy_document_id=comregionseu-b8990b51d33aaf6431ae749901e38e94,
"Usage impact on data center electricity needs: A system dynamic forecasting model",10.1016/j.apenergy.2021.116798,"Applied Energy",2021-06-01T00:00:00+00:00,24,https://doi.org/10.1016/j.apenergy.2021.116798,dialogicnl,Dialogic,"The digital footprint: Emissions of the digital sector in the Netherlands in a (future) perspective",2023-09-13,"Public Sector","Think Tank","Research Centre; Policy Centre; Consultancy",Netherlands,https://dialogic.nl/en/projecten/de-digitale-voetafdruk-emissies-van-de-digitale-sector-in-nederland-in-toekomstperspectief,https://app.overton.io/document.php?policy_document_id=dialogicnl-b0b06a331f961d67b54836a2cde8b204,
"Usage impact on data center electricity needs: A system dynamic forecasting model",10.1016/j.apenergy.2021.116798,"Applied Energy",2021-06-01T00:00:00+00:00,24,https://doi.org/10.1016/j.apenergy.2021.116798,eesceu,"European Economic and Social Committee","COMMISSION STAFF WORKING DOCUMENT IMPACT ASSESSMENT REPORT Accompanying the document Proposal for a REGULATION OF THE EUROPEAN PARLIAMENT AND OF THE COUNCIL on the protection of animals during transport and related operations, amending Council Regulation",2023-12-07,"Public Sector",Government,"International Body; Arm's Length Body; Committee",EU,https://webapi2016.eesc.europa.eu/v1/documents/swd401-2023_part2_ext_en.docx/pdf,https://app.overton.io/document.php?policy_document_id=eesceu-b1f4f8a68b7cde298a42463e90ae248e,
"Usage impact on data center electricity needs: A system dynamic forecasting model",10.1016/j.apenergy.2021.116798,"Applied Energy",2021-06-01T00:00:00+00:00,24,https://doi.org/10.1016/j.apenergy.2021.116798,efdse,"Environment for Development","A Research Agenda for Low Carbon Transition and Gender Equity in the Global South - Infrastructure (Transport and Digital)",2023-04-01,"Third Sector","Think Tank","Research Centre; Policy Centre; International Body",Sweden,https://www.efdinitiative.org/publications/research-agenda-low-carbon-transition-and-gender-equity-global-south-infrastructure,https://app.overton.io/document.php?policy_document_id=efdse-6aa642cc81ffdb40ab06db52c57d12e4,
"Usage impact on data center electricity needs: A system dynamic forecasting model",10.1016/j.apenergy.2021.116798,"Applied Energy",2021-06-01T00:00:00+00:00,24,https://doi.org/10.1016/j.apenergy.2021.116798,etlafi,ETLA,"Greenhouse Gas Emissions of Finland’s Information Economy Sector: A Supply Chain Perspective",2022-01-04,"Third Sector","Think Tank","Research Centre; Policy Centre",Finland,https://www.etla.fi/en/publications/informaatiosektorin-kasvihuonekaasupaastot-toimitusketjuissa/,https://app.overton.io/document.php?policy_document_id=etlafi-73658517f10f6daa17a46e9c58a85a27,
"Usage impact on data center electricity needs: A system dynamic forecasting model",10.1016/j.apenergy.2021.116798,"Applied Energy",2021-06-01T00:00:00+00:00,24,https://doi.org/10.1016/j.apenergy.2021.116798,etlafi,ETLA,"Greenhouse Gas Emissions of Finland’s Information Economy Sector: A Supply Chain Perspective",2022-01-07,"Third Sector","Think Tank","Research Centre; Policy Centre",Finland,https://www.etla.fi/en/publications/greenhouse-gas-emissions-of-finlands-information-economy-sector-a-supply-chain-perspective/,https://app.overton.io/document.php?policy_document_id=etlafi-7ca067a0834fca3733de64a47f0a3a84,
"Usage impact on data center electricity needs: A system dynamic forecasting model",10.1016/j.apenergy.2021.116798,"Applied Energy",2021-06-01T00:00:00+00:00,24,https://doi.org/10.1016/j.apenergy.2021.116798,eurlex,EUR-Lex,"COMMISSION STAFF WORKING DOCUMENT IMPACT ASSESSMENT REPORT Accompanying the document Proposal for a REGULATION OF THE EUROPEAN PARLIAMENT AND OF THE COUNCIL on the protection of animals during transport and related operations, amending Council Regulation (EC) No 1255/97 and repealing Council Regulation (EC) No 1/2005",2023-12-08,"Public Sector",Government,"International Body; Public Data Body or Statistics; Mixed Roles; Archive; Public Service",EU,https://eur-lex.europa.eu/legal-content/EN/TXT/PDF/?uri=cellar:a97c9aa8-95ec-11ee-b164-01aa75ed71a1,https://app.overton.io/document.php?policy_document_id=eurlex-113ddeeb1939168e6ef0f322d68e549b,
"Usage impact on data center electricity needs: A system dynamic forecasting model",10.1016/j.apenergy.2021.116798,"Applied Energy",2021-06-01T00:00:00+00:00,24,https://doi.org/10.1016/j.apenergy.2021.116798,europa,"Publications Office of the European Union","European climate neutral industry competitiveness scoreboard (CINDECS) : annual report 2021.",2022-08-23,"Public Sector",Government,"International Body; Public Data Body or Statistics; Archive; Public Service",EU,https://op.europa.eu/en/publication-detail/-/publication/01827beb-235e-11ed-8fa0-01aa75ed71a1/language-en/format-PDF,https://app.overton.io/document.php?policy_document_id=europa-0a2a5b0e4fc5096ed3245a2d6b53ed7c,
"Usage impact on data center electricity needs: A system dynamic forecasting model",10.1016/j.apenergy.2021.116798,"Applied Energy",2021-06-01T00:00:00+00:00,24,https://doi.org/10.1016/j.apenergy.2021.116798,europa,"Publications Office of the European Union","European climate neutral industry competitiveness scoreboard (CINDECS)",2023-10-17,"Public Sector",Government,"International Body; Public Data Body or Statistics; Archive; Public Service",EU,https://op.europa.eu/en/publication-detail/-/publication/2130e820-6d6d-11ee-9220-01aa75ed71a1/language-en/format-PDF,https://app.overton.io/document.php?policy_document_id=europa-fb6bed526685f26e838a353367019718,
"Usage impact on data center electricity needs: A system dynamic forecasting model",10.1016/j.apenergy.2021.116798,"Applied Energy",2021-06-01T00:00:00+00:00,24,https://doi.org/10.1016/j.apenergy.2021.116798,europarl_debates,"European Parliament Plenary","COMMISSION STAFF WORKING DOCUMENT IMPACT ASSESSMENT REPORT Accompanying the document Proposal for a Regulation of the European Parliament and of the Council on the protection of animals during transport and related operations, amending Council Regulation (EC) No 1255/97 and repealing Council Regulation (EC) No 1/2005",2023-01-01,"Public Sector","Legislative Body","Parliament, Senate or Congress; Hansard or Legislative Transcripts; International Body",EU,https://www.europarl.europa.eu/RegData/docs_autres_institutions/commission_europeenne/swd/2023/0401/COM_SWD(2023)0401(PAR02)_EN.pdf,https://app.overton.io/document.php?policy_document_id=europarl_debates-7e4c5236243b29c686d66eef726436e2,
"Usage impact on data center electricity needs: A system dynamic forecasting model",10.1016/j.apenergy.2021.116798,"Applied Energy",2021-06-01T00:00:00+00:00,24,https://doi.org/10.1016/j.apenergy.2021.116798,frontiereconomics,"Frontier Economics","Data centres, energy efficiency, and energy transitions",2021-11-29,"Private Sector","Think Tank","Research Centre; Policy Centre; Consultancy",UK,https://www.frontier-economics.com/media/d2km4omj/iea-data-centres-and-data-transmission-networks-nov2021.pdf,https://app.overton.io/document.php?policy_document_id=frontiereconomics-7cfbb616889e017b2e37057eff8d682a,
"Usage impact on data center electricity needs: A system dynamic forecasting model",10.1016/j.apenergy.2021.116798,"Applied Energy",2021-06-01T00:00:00+00:00,24,https://doi.org/10.1016/j.apenergy.2021.116798,jointresearcheu,"Joint Research Centre","European Climate Neutral Industry Competitiveness Scoreboard (CINDECS) - Annual Report 2022",2023-10-11,"Public Sector",Government,"International Body; IGO Department or Agency; Research Centre; Policy Centre; Commission",EU,https://publications.jrc.ec.europa.eu/repository/handle/JRC134499,https://app.overton.io/document.php?policy_document_id=jointresearcheu-84fa978f8588683f45b1c2e196b42524,
"Usage impact on data center electricity needs: A system dynamic forecasting model",10.1016/j.apenergy.2021.116798,"Applied Energy",2021-06-01T00:00:00+00:00,24,https://doi.org/10.1016/j.apenergy.2021.116798,jointresearcheu,"Joint Research Centre","European Climate Neutral Industry Competitiveness Scoreboard (CINDECS) - Annual Report 2021","an unknown date","Public Sector",Government,"International Body; IGO Department or Agency; Research Centre; Policy Centre; Commission",EU,https://publications.jrc.ec.europa.eu/repository/handle/JRC129336,https://app.overton.io/document.php?policy_document_id=jointresearcheu-af0c7c7643eaccc34d1d7a5c3b1c6dbe,
"Usage impact on data center electricity needs: A system dynamic forecasting model",10.1016/j.apenergy.2021.116798,"Applied Energy",2021-06-01T00:00:00+00:00,24,https://doi.org/10.1016/j.apenergy.2021.116798,jointresearcheu,"Joint Research Centre","Energy Consumption in Data Centres and Broadband Communication Networks in the EU",2024-02-14,"Public Sector",Government,"International Body; IGO Department or Agency; Research Centre; Policy Centre; Commission",EU,https://publications.jrc.ec.europa.eu/repository/handle/JRC135926,https://app.overton.io/document.php?policy_document_id=jointresearcheu-fa6c55bb7bf6080da9d78e8a3b7d9333,
"Usage impact on data center electricity needs: A system dynamic forecasting model",10.1016/j.apenergy.2021.116798,"Applied Energy",2021-06-01T00:00:00+00:00,24,https://doi.org/10.1016/j.apenergy.2021.116798,parliamentofaustria,"Österreichisches Parlament","COMMISSION STAFF WORKING DOCUMENT IMPACT ASSESSMENT REPORT Accompanying the document Proposal for a REGULATION OF THE EUROPEAN PARLIAMENT AND OF THE COUNCIL on the protection of animals during transport and related operations",2023-12-08,"Public Sector","Legislative Body","National Body; Parliament, Senate or Congress",Austria,https://www.parlament.gv.at/dokument/XXVII/EU/166067/imfname_11320806.pdf,https://app.overton.io/document.php?policy_document_id=parliamentofaustria-70c5a8f4c940b4998c0ea9e260b73fdf,
"Usage impact on data center electricity needs: A system dynamic forecasting model",10.1016/j.apenergy.2021.116798,"Applied Energy",2021-06-01T00:00:00+00:00,24,https://doi.org/10.1016/j.apenergy.2021.116798,rathenau,"Rathenau Instituut","Beter beslissen over datacentra",2022-04-13,"Public Sector","Think Tank","Research Centre; Policy Centre",Netherlands,https://www.rathenau.nl/nl/klimaat/duurzame-leefomgeving/beter-beslissen-over-datacentra,https://app.overton.io/document.php?policy_document_id=rathenau-52ac516f11018e4674eacd10b7c75b0c,
"Usage impact on data center electricity needs: A system dynamic forecasting model",10.1016/j.apenergy.2021.116798,"Applied Energy",2021-06-01T00:00:00+00:00,24,https://doi.org/10.1016/j.apenergy.2021.116798,rathenau,"Rathenau Instituut","Beter beslissen over datacentra",2022-04-14,"Public Sector","Think Tank","Research Centre; Policy Centre",Netherlands,https://www.rathenau.nl/nl/digitalisering/beter-beslissen-over-datacentra,https://app.overton.io/document.php?policy_document_id=rathenau-f55d8eb4b855ea36edfd5dd6f95f0486,
"Usage impact on data center electricity needs: A system dynamic forecasting model",10.1016/j.apenergy.2021.116798,"Applied Energy",2021-06-01T00:00:00+00:00,24,https://doi.org/10.1016/j.apenergy.2021.116798,rijksoverheid,Rijksoverheid,"Beter beslissen over datacentra – De noodzaak van een breed publiek perspectief op de digitale infrastructuur",2022-04-13,"Public Sector",Government,"National Body; Mixed Roles; Public Service",Netherlands,https://open.overheid.nl/documenten/ronl-385d73b4229f5b5c105ccab496ebaffc4dd466b6,https://app.overton.io/document.php?policy_document_id=rijksoverheid-af1e039bf8c3e23c907a6c7df999a7f1,
"Usage impact on data center electricity needs: A system dynamic forecasting model",10.1016/j.apenergy.2021.116798,"Applied Energy",2021-06-01T00:00:00+00:00,24,https://doi.org/10.1016/j.apenergy.2021.116798,rijksoverheid,Rijksoverheid,"De digitale voetafdruk-Emissies van de digitale sector in Nederland in (toekomst)perspectief",2023-09-13,"Public Sector",Government,"National Body; Mixed Roles; Public Service",Netherlands,https://open.overheid.nl/documenten/4db136da-d9d5-4f0d-9140-9a0943a73784,https://app.overton.io/document.php?policy_document_id=rijksoverheid-edefb74887509450ba6a0b9941e91380,
"Usage impact on data center electricity needs: A system dynamic forecasting model",10.1016/j.apenergy.2021.116798,"Applied Energy",2021-06-01T00:00:00+00:00,24,https://doi.org/10.1016/j.apenergy.2021.116798,stepikr,"Science and Technology Policy Institute","AI 산업 성장에 대응하는 탄소중립 혁신 이슈 탐색 연구 - 데이터 센터와 에너지를 중심으로 -",2025-01-01,"Public Sector","Think Tank","National Body; Research Centre; Policy Centre","South Korea",https://www.nkis.re.kr/subject_view1.do?otpId=ACPT_000000000047956,https://app.overton.io/document.php?policy_document_id=stepikr-96902089766f44ae8359676c7a3e1a26,
"Usage impact on data center electricity needs: A system dynamic forecasting model",10.1016/j.apenergy.2021.116798,"Applied Energy",2021-06-01T00:00:00+00:00,24,https://doi.org/10.1016/j.apenergy.2021.116798,stepikr,"Science and Technology Policy Institute","AI 산업 성장에 대응하는 탄소중립 혁신 이슈 탐색 연구 - 데이터 센터와 에너지를 중심으로 -",2025-01-01,"Public Sector","Think Tank","National Body; Research Centre; Policy Centre","South Korea",https://www.nkis.re.kr/subject_view1.do?otcCd=RB&otcNm=기본연구보고서&otpId=ACPT_000000000047956&otpSeq=0&eoSeq=&currentPage=1&searchSelect=&searchWord=&returnPage=newest_list.do&schLclaScsId=&pblYy=&agcNms=과학기술정책연구원&listPerPage=50,https://app.overton.io/document.php?policy_document_id=stepikr-e87fdb08306d007812b250aa929092d3,
"Usage impact on data center electricity needs: A system dynamic forecasting model",10.1016/j.apenergy.2021.116798,"Applied Energy",2021-06-01T00:00:00+00:00,24,https://doi.org/10.1016/j.apenergy.2021.116798,ukparliament,"UK Parliament Research Briefings","Energy consumption of ICT",2022-09-01,"Public Sector","Legislative Body","National Body; Parliament, Senate or Congress; Research Centre",UK,https://post.parliament.uk/research-briefings/post-pn-0677/,https://app.overton.io/document.php?policy_document_id=ukparliament-f6befa15a70fe2bd9ee6bd543671ca1d,
"Usage impact on data center electricity needs: A system dynamic forecasting model",10.1016/j.apenergy.2021.116798,"Applied Energy",2021-06-01T00:00:00+00:00,24,https://doi.org/10.1016/j.apenergy.2021.116798,worldbank,"World Bank","Advancing Cloud and Data Infrastructure Markets",2024-05-23,"Public Sector",IGO,"International Body; Financial Institution or Bank; Development Bank; Policy Centre",IGO,https://hdl.handle.net/10986/41587,https://app.overton.io/document.php?policy_document_id=worldbank-2a903e574c75803f2cd94890911e9455,
"Predicting energy cost of public buildings by artificial neural networks, CART, and random forest",10.1016/j.neucom.2020.01.124,Neurocomputing,2021-06-01T00:00:00+00:00,1,https://doi.org/10.1016/j.neucom.2020.01.124,asiandevelopmentbank,"Asian Development Bank","Harnessing Digital Transformation for Good: Asian Development Policy Report 2025",2025-05-06,"Public Sector",IGO,"International Body; Financial Institution or Bank; Development Bank",IGO,https://www.adb.org/publications/asian-development-policy-report-2025,https://app.overton.io/document.php?policy_document_id=asiandevelopmentbank-0e4122ce4e6ee3ab064a0bb4ea4336db,"Hrvatska Zaklada za Znanost; Hrvatska Zaklada za Znanost"
"Understanding energy-efficient heating appliance behavior change: The moderating impact of the green self-identity",10.1016/j.energy.2021.120169,Energy,2021-06-01T00:00:00+00:00,1,https://doi.org/10.1016/j.energy.2021.120169,climatexuk,ClimateXChange,"Experiences of early adopters of zero emissions heating",2023-12-13,"Public Sector",Government,"Research Centre; Policy Centre",UK,https://www.climatexchange.org.uk/projects/experiences-of-early-adopters-of-zero-emissions-heating/,https://app.overton.io/document.php?policy_document_id=climatexuk-89caa00e175c2c3ea0a984aed851aadf,"European Commission; European Commission; FP7 Coherent Development of Research Policies; Horizon 2020 Framework Programme; Seventh Framework Programme"
"Battery production design using multi-output machine learning models",10.1016/j.ensm.2021.03.002,"Energy Storage Materials",2021-06-01T00:00:00+00:00,1,https://doi.org/10.1016/j.ensm.2021.03.002,ceps,CEPS,"Compliance with the EU’s carbon footprint requirements for electric vehicle batteries",2024-12-09,"Third Sector","Think Tank","Research Centre; Policy Centre",Belgium,https://www.ceps.eu/ceps-publications/compliance-with-the-eus-carbon-footprint-requirements-for-electric-vehicle-batteries/,https://app.overton.io/document.php?policy_document_id=ceps-4239273616cef7165e7b5a1f05c67244,"Bundesministerium für Wirtschaft und Energie; Bundesministerium für Wirtschaft und Energie"
"Assessment of waste heat recovery for heavy-duty vehicles during on-road operation",10.1016/j.applthermaleng.2021.116891,"Applied Thermal Engineering",2021-06-01T00:00:00+00:00,3,https://doi.org/10.1016/j.applthermaleng.2021.116891,europa,"Publications Office of the European Union","Technical support for the development of the HDV CO2 certification (remaining HDV)",2023-08-31,"Public Sector",Government,"International Body; Public Data Body or Statistics; Archive; Public Service",EU,https://op.europa.eu/en/publication-detail/-/publication/1fbb8c42-4acd-11ee-aeff-01aa75ed71a1/language-en/format-PDF,https://app.overton.io/document.php?policy_document_id=europa-684dd68088f05e0d548b31aff92b7143,"European Commission; Joint Research Centre; Joint Research Centre"
"Assessment of waste heat recovery for heavy-duty vehicles during on-road operation",10.1016/j.applthermaleng.2021.116891,"Applied Thermal Engineering",2021-06-01T00:00:00+00:00,3,https://doi.org/10.1016/j.applthermaleng.2021.116891,europa,"Publications Office of the European Union","CO2 emissions of the European heavy-duty vehicle fleet : analysis of the 2019-2020reference year data.",2022-06-28,"Public Sector",Government,"International Body; Public Data Body or Statistics; Archive; Public Service",EU,https://op.europa.eu/en/publication-detail/-/publication/2c1ba3da-f825-11ec-b94a-01aa75ed71a1/language-en/format-PDF,https://app.overton.io/document.php?policy_document_id=europa-ca7b9784c9efad9d70be8ef148a84e60,"European Commission; Joint Research Centre; Joint Research Centre"
"Assessment of waste heat recovery for heavy-duty vehicles during on-road operation",10.1016/j.applthermaleng.2021.116891,"Applied Thermal Engineering",2021-06-01T00:00:00+00:00,3,https://doi.org/10.1016/j.applthermaleng.2021.116891,jointresearcheu,"Joint Research Centre","CO2 emissions of the European heavy-duty vehicle fleet",2022-06-28,"Public Sector",Government,"International Body; IGO Department or Agency; Research Centre; Policy Centre; Commission",EU,https://publications.jrc.ec.europa.eu/repository/handle/JRC127220,https://app.overton.io/document.php?policy_document_id=jointresearcheu-a3bba949cf48062059572c9b8061bbd0,"European Commission; Joint Research Centre; Joint Research Centre"
"Modelling the Future of the Baltic Energy Systems: A Green Scenario",10.2478/lpts-2021-0016,"Latvian Journal of Physics and Technical Sciences",2021-06-01T00:00:00+00:00,2,https://doi.org/10.2478/lpts-2021-0016,ministrukabinets,"Government of Latvia","VPP“ Enerģētika ”",2023-02-01,"Public Sector",Government,"National Body; Mixed Roles; Public Service",Latvia,https://www.em.gov.lv/lv/media/16491/download,https://app.overton.io/document.php?policy_document_id=ministrukabinets-8a92bdd20b19c0b4404eb794b99d32e4,
"Modelling the Future of the Baltic Energy Systems: A Green Scenario",10.2478/lpts-2021-0016,"Latvian Journal of Physics and Technical Sciences",2021-06-01T00:00:00+00:00,2,https://doi.org/10.2478/lpts-2021-0016,ministrukabinets,"Government of Latvia",Enerģētika,2023-02-01,"Public Sector",Government,"National Body; Mixed Roles; Public Service",Latvia,https://www.em.gov.lv/lv/media/16488/download?attachment,https://app.overton.io/document.php?policy_document_id=ministrukabinets-b5183778b39f63965b966e4c143217eb,
"Heavy-duty truck electrification and the impacts of depot charging on electricity distribution systems",10.1038/s41560-021-00855-0,"Nature Energy",2021-06-01T00:00:00+00:00,35,https://doi.org/10.1038/s41560-021-00855-0,aceee,ACEEE,"Electrifying Truck Fleets: Utility Infrastructure Is Crucial",2023-09-20,"Third Sector","Think Tank","Research Centre; Policy Centre",USA,https://www.aceee.org/white-paper/2023/09/electrifying-truck-fleets-utility-infrastructure-crucial,https://app.overton.io/document.php?policy_document_id=aceee-15d14944173321734e6c4f5688b2236a,"U.S. Department of Energy; U.S. Department of Energy"
"Heavy-duty truck electrification and the impacts of depot charging on electricity distribution systems",10.1038/s41560-021-00855-0,"Nature Energy",2021-06-01T00:00:00+00:00,35,https://doi.org/10.1038/s41560-021-00855-0,california_state_agencies,"State of California","Developing a MDHD ZEV Infrastructure Blueprint for the South Coast",2026-03-04,"Public Sector",Government,"Regional or State Level Body; Mixed Roles; Public Service",USA,https://www.energy.ca.gov/sites/default/files/2026-03/CEC-600-2026-011.pdf,https://app.overton.io/document.php?policy_document_id=california_state_agencies-28e093fc0bafaa776ec60e6f845d69bb,"U.S. Department of Energy; U.S. Department of Energy"
"Heavy-duty truck electrification and the impacts of depot charging on electricity distribution systems",10.1038/s41560-021-00855-0,"Nature Energy",2021-06-01T00:00:00+00:00,35,https://doi.org/10.1038/s41560-021-00855-0,california_state_agencies,"State of California","The Plug-In Porterville Blueprint Final Report",2025-03-10,"Public Sector",Government,"Regional or State Level Body; Mixed Roles; Public Service",USA,https://www.energy.ca.gov/sites/default/files/2025-03/CEC-600-2025-011.pdf,https://app.overton.io/document.php?policy_document_id=california_state_agencies-c056168d9026684de43197c6eab20652,"U.S. Department of Energy; U.S. Department of Energy"
"Heavy-duty truck electrification and the impacts of depot charging on electricity distribution systems",10.1038/s41560-021-00855-0,"Nature Energy",2021-06-01T00:00:00+00:00,35,https://doi.org/10.1038/s41560-021-00855-0,epagov,EPA,"Multi-Pollutant Emissions Standards for Model Years 2027 and Later Light-Duty and Medium-Duty Vehicles",2023-04-07,"Public Sector",Government,"National Body; Government Agency; Arm's Length Body; Monitoring or Regulatory Body",USA,https://www.epa.gov/system/files/documents/2023-04/420d23003.pdf,https://app.overton.io/document.php?policy_document_id=epagov-616f8c406f6763dbb7a838c187689dc8,"U.S. Department of Energy; U.S. Department of Energy"
"Heavy-duty truck electrification and the impacts of depot charging on electricity distribution systems",10.1038/s41560-021-00855-0,"Nature Energy",2021-06-01T00:00:00+00:00,35,https://doi.org/10.1038/s41560-021-00855-0,epagov,EPA,"Greenhouse Gas Emissions Standards for Heavy-Duty Vehicles : Phase 3",2024-03-21,"Public Sector",Government,"National Body; Government Agency; Arm's Length Body; Monitoring or Regulatory Body",USA,https://www.epa.gov/system/files/documents/2024-03/420r24007.pdf,https://app.overton.io/document.php?policy_document_id=epagov-70ce6266c2c4b7367b0f0182e402543f,"U.S. Department of Energy; U.S. Department of Energy"
"Heavy-duty truck electrification and the impacts of depot charging on electricity distribution systems",10.1038/s41560-021-00855-0,"Nature Energy",2021-06-01T00:00:00+00:00,35,https://doi.org/10.1038/s41560-021-00855-0,europa,"Publications Office of the European Union","European research and innovation in zero-emission heavy-duty road transport",2025-05-02,"Public Sector",Government,"International Body; Public Data Body or Statistics; Archive; Public Service",EU,https://op.europa.eu/en/publication-detail/-/publication/d975f200-2960-11f0-8a44-01aa75ed71a1/language-en,https://app.overton.io/document.php?policy_document_id=europa-3bae4cac7b560aea49a74ecc2c4155ea,"U.S. Department of Energy; U.S. Department of Energy"
"Heavy-duty truck electrification and the impacts of depot charging on electricity distribution systems",10.1038/s41560-021-00855-0,"Nature Energy",2021-06-01T00:00:00+00:00,35,https://doi.org/10.1038/s41560-021-00855-0,federalregister,"Federal Register","Greenhouse Gas Emissions Standards for Heavy-Duty Vehicles-Phase 3",2023-04-27,"Public Sector",Government,"National Body; Mixed Roles; Archive",USA,https://www.federalregister.gov/documents/2023/04/27/2023-07955/greenhouse-gas-emissions-standards-for-heavy-duty-vehicles-phase-3,https://app.overton.io/document.php?policy_document_id=federalregister-39a2560d30680fd4e70d3950c8ab336b,"U.S. Department of Energy; U.S. Department of Energy"
"Heavy-duty truck electrification and the impacts of depot charging on electricity distribution systems",10.1038/s41560-021-00855-0,"Nature Energy",2021-06-01T00:00:00+00:00,35,https://doi.org/10.1038/s41560-021-00855-0,federalregister,"Federal Register","Multi-Pollutant Emissions Standards for Model Years 2027 and Later Light-Duty and Medium-Duty Vehicles",2023-05-05,"Public Sector",Government,"National Body; Mixed Roles; Archive",USA,https://www.federalregister.gov/documents/2023/05/05/2023-07974/multi-pollutant-emissions-standards-for-model-years-2027-and-later-light-duty-and-medium-duty,https://app.overton.io/document.php?policy_document_id=federalregister-58a715a2c4a2e58db1b2b8847eef0f97,"U.S. Department of Energy; U.S. Department of Energy"
"Heavy-duty truck electrification and the impacts of depot charging on electricity distribution systems",10.1038/s41560-021-00855-0,"Nature Energy",2021-06-01T00:00:00+00:00,35,https://doi.org/10.1038/s41560-021-00855-0,federalregister,"Federal Register","Greenhouse Gas Emissions Standards for Heavy-Duty Vehicles-Phase 3",2024-04-22,"Public Sector",Government,"National Body; Mixed Roles; Archive",USA,https://www.federalregister.gov/documents/2024/04/22/2024-06809/greenhouse-gas-emissions-standards-for-heavy-duty-vehicles-phase-3,https://app.overton.io/document.php?policy_document_id=federalregister-e9f66314366e74323e5fa07a20b4aee5,"U.S. Department of Energy; U.S. Department of Energy"
"Heavy-duty truck electrification and the impacts of depot charging on electricity distribution systems",10.1038/s41560-021-00855-0,"Nature Energy",2021-06-01T00:00:00+00:00,35,https://doi.org/10.1038/s41560-021-00855-0,fraunhoferiside,"Fraunhofer ISI","Optimized demand-based charging networks for long-haul trucking in Europe",2024-07-09,"Public Sector","Think Tank","Research Centre; Policy Centre",Germany,https://www.isi.fraunhofer.de/content/dam/isi/dokumente/sustainability-innovation/2024/2024-07%20Optimized%20demand-based%20charging%20networks%20for%20long-haul%20trucking%20in%20Europe%20WP06-2024.pdf,https://app.overton.io/document.php?policy_document_id=fraunhoferiside-f01e5809cb237a3d8a37d73c4ffdb192,"U.S. Department of Energy; U.S. Department of Energy"
"Heavy-duty truck electrification and the impacts of depot charging on electricity distribution systems",10.1038/s41560-021-00855-0,"Nature Energy",2021-06-01T00:00:00+00:00,35,https://doi.org/10.1038/s41560-021-00855-0,governmentofcanada,"Government of Canada","Battery technologies for electric long-haul trucks / author : Peter Kovacik.: NR16-489/2023E-PDF Publications - Canada.ca",2023-01-31,"Public Sector",Government,"National Body; Mixed Roles; Public Service",Canada,http://publications.gc.ca/site/eng/9.953853/publication.html,https://app.overton.io/document.php?policy_document_id=governmentofcanada-1965ed996e49ab118103cf18094d9282,"U.S. Department of Energy; U.S. Department of Energy"
"Heavy-duty truck electrification and the impacts of depot charging on electricity distribution systems",10.1038/s41560-021-00855-0,"Nature Energy",2021-06-01T00:00:00+00:00,35,https://doi.org/10.1038/s41560-021-00855-0,gpogov,"Government Publishing Office (GPO)","Federal Aviation Administration vertiport electrical infrastructure study /",2023-12-19,"Public Sector",Government,"National Body; Mixed Roles; Public Service",USA,https://purl.fdlp.gov/GPO/gpo223439,https://app.overton.io/document.php?policy_document_id=gpogov-c17a4a14332b9ff842c65cc77ea658a0,"U.S. Department of Energy; U.S. Department of Energy"
"Heavy-duty truck electrification and the impacts of depot charging on electricity distribution systems",10.1038/s41560-021-00855-0,"Nature Energy",2021-06-01T00:00:00+00:00,35,https://doi.org/10.1038/s41560-021-00855-0,gpogov,"Government Publishing Office (GPO)","Clean energy transition for transportation systems : modeling implications /",2022-08-15,"Public Sector",Government,"National Body; Mixed Roles; Public Service",USA,https://purl.fdlp.gov/GPO/gpo245907,https://app.overton.io/document.php?policy_document_id=gpogov-f5c41a596cc681a1adbaee3e9f4cc524,"U.S. Department of Energy; U.S. Department of Energy"
"Heavy-duty truck electrification and the impacts of depot charging on electricity distribution systems",10.1038/s41560-021-00855-0,"Nature Energy",2021-06-01T00:00:00+00:00,35,https://doi.org/10.1038/s41560-021-00855-0,icct,"The International Council of Clean Transportation","Charging solutions for battery-electric trucks",2022-12-22,"Third Sector","Think Tank","Research Centre; Policy Centre; Monitoring or Regulatory Body; Consultancy",USA,https://theicct.org/publication/charging-infrastructure-trucks-zeva-dec22/,https://app.overton.io/document.php?policy_document_id=icct-0e89e58fe0b7a0f493e34000dc27399d,"U.S. Department of Energy; U.S. Department of Energy"
"Heavy-duty truck electrification and the impacts of depot charging on electricity distribution systems",10.1038/s41560-021-00855-0,"Nature Energy",2021-06-01T00:00:00+00:00,35,https://doi.org/10.1038/s41560-021-00855-0,icct,"The International Council of Clean Transportation","Infrastructure to support a 100% zero-emission tractor-trailer fleet in the United States by 2040",2021-09-14,"Third Sector","Think Tank","Research Centre; Policy Centre; Monitoring or Regulatory Body; Consultancy",USA,https://theicct.org/publication/infrastructure-to-support-a-100-zero-emission-tractor-trailer-fleet-in-the-united-states-by-2040/,https://app.overton.io/document.php?policy_document_id=icct-8fbb829845b6a40b8540dfa76c24eac9,"U.S. Department of Energy; U.S. Department of Energy"
"Heavy-duty truck electrification and the impacts of depot charging on electricity distribution systems",10.1038/s41560-021-00855-0,"Nature Energy",2021-06-01T00:00:00+00:00,35,https://doi.org/10.1038/s41560-021-00855-0,internationalenergyagency,"International Energy Agency","Grid Integration of Electric Vehicles – Analysis",2022-12-13,"Public Sector",IGO,"International Body; IGO Department or Agency; Research Centre; Policy Centre; Monitoring or Regulatory Body",IGO,https://www.iea.org/reports/grid-integration-of-electric-vehicles,https://app.overton.io/document.php?policy_document_id=internationalenergyagency-282026dcf437f537faf973622f0b4480,"U.S. Department of Energy; U.S. Department of Energy"
"Heavy-duty truck electrification and the impacts of depot charging on electricity distribution systems",10.1038/s41560-021-00855-0,"Nature Energy",2021-06-01T00:00:00+00:00,35,https://doi.org/10.1038/s41560-021-00855-0,internationaltransportforum,"International Transport Forum (ITF)","Decarbonising Europe’s Trucks: How to Minimise Cost Uncertainty",2022-09-01,"Public Sector","Think Tank","International Body; IGO Department or Agency; Policy Centre; Monitoring or Regulatory Body; Top-Level Authority",IGO,https://www.itf-oecd.org/decarbonising-europes-trucks-minimise-cost-uncertainty,https://app.overton.io/document.php?policy_document_id=internationaltransportforum-2ed2124aab2da6e49216f2e981e1a495,"U.S. Department of Energy; U.S. Department of Energy"
"Heavy-duty truck electrification and the impacts of depot charging on electricity distribution systems",10.1038/s41560-021-00855-0,"Nature Energy",2021-06-01T00:00:00+00:00,35,https://doi.org/10.1038/s41560-021-00855-0,jointresearcheu,"Joint Research Centre","European Research and Innovation in Zero-Emission Heavy-Duty Road Transport",2025-05-02,"Public Sector",Government,"International Body; IGO Department or Agency; Research Centre; Policy Centre; Commission",EU,https://publications.jrc.ec.europa.eu/repository/handle/JRC141952,https://app.overton.io/document.php?policy_document_id=jointresearcheu-d8f2fbf08eea28b9196e4bec2db40e1b,"U.S. Department of Energy; U.S. Department of Energy"
"Heavy-duty truck electrification and the impacts of depot charging on electricity distribution systems",10.1038/s41560-021-00855-0,"Nature Energy",2021-06-01T00:00:00+00:00,35,https://doi.org/10.1038/s41560-021-00855-0,napedu,"National Academies of Sciences, Engineering, and Medicine","Risks Related to Emerging and Disruptive Transportation Technologies: A Guide",2024-06-03,"Public Sector",Government,"National Body; Knowledge Brokerage; Research Center; Learned Society",USA,https://www.nationalacademies.org/publications/27842,https://app.overton.io/document.php?policy_document_id=napedu-3c6ec10605de969d6fc6ec62775a2d5e,"U.S. Department of Energy; U.S. Department of Energy"
"Heavy-duty truck electrification and the impacts of depot charging on electricity distribution systems",10.1038/s41560-021-00855-0,"Nature Energy",2021-06-01T00:00:00+00:00,35,https://doi.org/10.1038/s41560-021-00855-0,nrelosti,"National Renewable Energy Laboratory","Decarbonizing Medium- & Heavy-Duty On-Road Vehicles: Zero-Emission Vehicles Cost Analysis",2022-03-07,"Public Sector",Government,"National Body; Arm's Length Body; Research Centre; Policy Centre",USA,https://www.osti.gov/biblio/1854583,https://app.overton.io/document.php?policy_document_id=nrelosti-26f2b94bf284ce84fb5e2dd0ecc53e2c,"U.S. Department of Energy; U.S. Department of Energy"
"Heavy-duty truck electrification and the impacts of depot charging on electricity distribution systems",10.1038/s41560-021-00855-0,"Nature Energy",2021-06-01T00:00:00+00:00,35,https://doi.org/10.1038/s41560-021-00855-0,nrelosti,"National Renewable Energy Laboratory","Considerations for Department of Defense Implementation of Zero-Emission Vehicles and Charging Infrastructure",2022-03-28,"Public Sector",Government,"National Body; Arm's Length Body; Research Centre; Policy Centre",USA,https://www.osti.gov/biblio/1861409,https://app.overton.io/document.php?policy_document_id=nrelosti-bb976775a513a4b585b406aea5714b62,"U.S. Department of Energy; U.S. Department of Energy"
"Heavy-duty truck electrification and the impacts of depot charging on electricity distribution systems",10.1038/s41560-021-00855-0,"Nature Energy",2021-06-01T00:00:00+00:00,35,https://doi.org/10.1038/s41560-021-00855-0,nrelosti,"National Renewable Energy Laboratory","Estimating the Breakeven Cost of Delivered Electricity To Charge Class 8 Electric Tractors",2022-10-19,"Public Sector",Government,"National Body; Arm's Length Body; Research Centre; Policy Centre",USA,https://www.osti.gov/biblio/1894645,https://app.overton.io/document.php?policy_document_id=nrelosti-c348930a08ecee89bce65d57ee5c1529,"U.S. Department of Energy; U.S. Department of Energy"
"Heavy-duty truck electrification and the impacts of depot charging on electricity distribution systems",10.1038/s41560-021-00855-0,"Nature Energy",2021-06-01T00:00:00+00:00,35,https://doi.org/10.1038/s41560-021-00855-0,nrelosti,"National Renewable Energy Laboratory","Vehicle and Mobility Technologies 2021 Annual Impact Report",2022-03-28,"Public Sector",Government,"National Body; Arm's Length Body; Research Centre; Policy Centre",USA,https://www.osti.gov/biblio/1860677,https://app.overton.io/document.php?policy_document_id=nrelosti-ce7a3fd9437b655d95537f0dd33b071a,"U.S. Department of Energy; U.S. Department of Energy"
"Heavy-duty truck electrification and the impacts of depot charging on electricity distribution systems",10.1038/s41560-021-00855-0,"Nature Energy",2021-06-01T00:00:00+00:00,35,https://doi.org/10.1038/s41560-021-00855-0,nygov,"New York State","Managed Charging for Electric Vehicles",2022-05-11,"Public Sector",Government,"Regional or State Level Body; Mixed Roles; Public Service",USA,https://www.nyserda.ny.gov/-/media/Project/Nyserda/Files/Publications/Research/Transportation/22-09-Electric-Vehicle-Managed-Charging-White-Paper.pdf,https://app.overton.io/document.php?policy_document_id=nygov-1598284bd0799235f671430c5b3f8c0d,"U.S. Department of Energy; U.S. Department of Energy"
"Heavy-duty truck electrification and the impacts of depot charging on electricity distribution systems",10.1038/s41560-021-00855-0,"Nature Energy",2021-06-01T00:00:00+00:00,35,https://doi.org/10.1038/s41560-021-00855-0,oecddiscovery,OECD,"Decarbonising Europe’s Trucks",2022-09-05,"Public Sector",IGO,"International Body; IGO Department or Agency; Monitoring or Regulatory Body; Policy Centre; Research Centre",IGO,https://dx.doi.org/https://doi.org/10.1787/ab17c66b-en,https://app.overton.io/document.php?policy_document_id=oecddiscovery-345dbb2c04c881b69a7d2a284eda7b5f,"U.S. Department of Energy; U.S. Department of Energy"
"Heavy-duty truck electrification and the impacts of depot charging on electricity distribution systems",10.1038/s41560-021-00855-0,"Nature Energy",2021-06-01T00:00:00+00:00,35,https://doi.org/10.1038/s41560-021-00855-0,oecddiscovery,OECD,"Grid Integration of Electric Vehicles",2022-12-18,"Public Sector",IGO,"International Body; IGO Department or Agency; Monitoring or Regulatory Body; Policy Centre; Research Centre",IGO,https://dx.doi.org/https://doi.org/10.1787/39f72d07-en,https://app.overton.io/document.php?policy_document_id=oecddiscovery-851f647c6b1c226082e10500f7871dae,"U.S. Department of Energy; U.S. Department of Energy"
"Heavy-duty truck electrification and the impacts of depot charging on electricity distribution systems",10.1038/s41560-021-00855-0,"Nature Energy",2021-06-01T00:00:00+00:00,35,https://doi.org/10.1038/s41560-021-00855-0,pollutionprobe,"Pollution Probe","Charting the Path to Zero Emissions for Class 8 Long-Haul Freight",2024-11-06,"Third Sector","Think Tank","Research Centre; Policy Centre",Canada,https://www.pollutionprobe.org/charting-the-path-to-zero-emissions-for-class-8-long-haul-freight/,https://app.overton.io/document.php?policy_document_id=pollutionprobe-8b0c7983db08c6b684d3973c939ede6d,"U.S. Department of Energy; U.S. Department of Energy"
"Heavy-duty truck electrification and the impacts of depot charging on electricity distribution systems",10.1038/s41560-021-00855-0,"Nature Energy",2021-06-01T00:00:00+00:00,35,https://doi.org/10.1038/s41560-021-00855-0,stateofmaine,"State of Maine","A. Transportation sector decarbonization should embrace all technologies fit for purpose.",2023-08-27,"Public Sector",Government,"Regional or State Level Body; Mixed Roles; Public Service",USA,https://www.maine.gov/dep/ftp/rulemaking/128/public-comment/Opposed/Valero%20comment%20in%20opposition%20to%20128.pdf,https://app.overton.io/document.php?policy_document_id=stateofmaine-220a240022bbd21caef46d7746f76527,"U.S. Department of Energy; U.S. Department of Energy"
"Heavy-duty truck electrification and the impacts of depot charging on electricity distribution systems",10.1038/s41560-021-00855-0,"Nature Energy",2021-06-01T00:00:00+00:00,35,https://doi.org/10.1038/s41560-021-00855-0,stateofmaine,"State of Maine","Maine Clean Transportation Roadmap for Medium- and Heavy-Duty Vehicles",2024-11-14,"Public Sector",Government,"Regional or State Level Body; Mixed Roles; Public Service",USA,https://www.maine.gov/energy/sites/maine.gov.energy/files/inline-files/Maine%20Clean%20Transportation%20Roadmap%20for%20MHDV%20Full%20Roadmap%20with%20Appendices%20Nov2024.pdf,https://app.overton.io/document.php?policy_document_id=stateofmaine-ca2de50de6afd5c2159f2b5d02db2bed,"U.S. Department of Energy; U.S. Department of Energy"
"Heavy-duty truck electrification and the impacts of depot charging on electricity distribution systems",10.1038/s41560-021-00855-0,"Nature Energy",2021-06-01T00:00:00+00:00,35,https://doi.org/10.1038/s41560-021-00855-0,stateofmaine,"State of Maine","Maine Clean Transportation Roadmap for Medium- and Heavy-Duty Vehicles",2024-11-14,"Public Sector",Government,"Regional or State Level Body; Mixed Roles; Public Service",USA,https://www.maine.gov/dot/sites/maine.gov.dot/files/inline-files/Clean%20Transportation%20Roadmap%20for%20MHDV_November%202024_Full%20with%20appendices.pdf,https://app.overton.io/document.php?policy_document_id=stateofmaine-da77a4d31097aeed011330e908779d9d,"U.S. Department of Energy; U.S. Department of Energy"
"Heavy-duty truck electrification and the impacts of depot charging on electricity distribution systems",10.1038/s41560-021-00855-0,"Nature Energy",2021-06-01T00:00:00+00:00,35,https://doi.org/10.1038/s41560-021-00855-0,stateofminnesota,"State of Minnesota","White Paper",2022-03-31,"Public Sector",Government,"Regional or State Level Body; Mixed Roles; Public Service",USA,https://www.house.mn.gov/comm/docs/zqFVlqmdyEunmEmIuv39QQ.pdf,https://app.overton.io/document.php?policy_document_id=stateofminnesota-9cec9dfb4bf4d6c62b45bf59350ce2c4,"U.S. Department of Energy; U.S. Department of Energy"
"Heavy-duty truck electrification and the impacts of depot charging on electricity distribution systems",10.1038/s41560-021-00855-0,"Nature Energy",2021-06-01T00:00:00+00:00,35,https://doi.org/10.1038/s41560-021-00855-0,stateofnebraska,"State of Nebraska","In The United States Court Of Appeals For The District Of Columbia Circuit",2024-05-13,"Public Sector",Government,"Regional or State Level Body; Mixed Roles; Public Service",USA,https://ago.nebraska.gov/sites/default/files/doc/Heavy-Duty%20Complaint.pdf,https://app.overton.io/document.php?policy_document_id=stateofnebraska-0998e572f12734a04ff248dc1c40b775,"U.S. Department of Energy; U.S. Department of Energy"
"Heavy-duty truck electrification and the impacts of depot charging on electricity distribution systems",10.1038/s41560-021-00855-0,"Nature Energy",2021-06-01T00:00:00+00:00,35,https://doi.org/10.1038/s41560-021-00855-0,stateofoklahoma,"State of Oklahoma","In The United States Court Of Appeals For The District Of Columbia Circuit",2024-05-13,"Public Sector",Government,"Regional or State Level Body; Mixed Roles; Public Service",USA,https://oklahoma.gov/content/dam/ok/en/oag/news-documents/2024/may/heavy-duty_complaint.pdf,https://app.overton.io/document.php?policy_document_id=stateofoklahoma-86fe373af9072143c29e914b4042a52d,"U.S. Department of Energy; U.S. Department of Energy"
"Heavy-duty truck electrification and the impacts of depot charging on electricity distribution systems",10.1038/s41560-021-00855-0,"Nature Energy",2021-06-01T00:00:00+00:00,35,https://doi.org/10.1038/s41560-021-00855-0,unescwa,"United Nations ESCWA","Land Electric Mobility in the Arab Region: Options and opportunities",2022-12-27,"Public Sector",IGO,"International Body; Arm's Length Body; Commission",IGO,https://www.unescwa.org/publications/land-electric-mobility-arab-region-options-opportunities,https://app.overton.io/document.php?policy_document_id=unescwa-d1ad4aea2690cb2f9ded55737e10067e,"U.S. Department of Energy; U.S. Department of Energy"
"Heavy-duty truck electrification and the impacts of depot charging on electricity distribution systems",10.1038/s41560-021-00855-0,"Nature Energy",2021-06-01T00:00:00+00:00,35,https://doi.org/10.1038/s41560-021-00855-0,worldresourcesinstitute,"World Resources Institute","Recommended Total Cost of Ownership Parameters for Electric School Buses: Summary of Methods and Data",2023-04-18,"Third Sector","Think Tank","Research Centre",USA,https://www.wri.org/research/recommended-total-cost-ownership-parameters-electric-school-buses-methods-data,https://app.overton.io/document.php?policy_document_id=worldresourcesinstitute-8ea68ee4df8fc1125dccb751309f37f9,"U.S. Department of Energy; U.S. Department of Energy"
"Integrated study of triboelectric nanogenerator for ocean wave energy harvesting: Performance assessment in realistic sea conditions",10.1016/j.nanoen.2021.105890,"Nano Energy",2021-06-01T00:00:00+00:00,2,https://doi.org/10.1016/j.nanoen.2021.105890,governmentofportugal,"Government of Portugal","Boletim 1 º trimestre 2021",2021-04-30,"Public Sector",Government,"National Body; Mixed Roles; Public Service",Portugal,https://inpi.justica.gov.pt/Portals/6/PDF%20INPI/Boletins%20de%20vigil%C3%A2ncia%20tecnol%C3%B3gica/BVT33%20-%201T_2021.pdf?ver=bV-y2PJvczVWxibTghkezA%3D%3D,https://app.overton.io/document.php?policy_document_id=governmentofportugal-cbe473501accbbd3adead2a58ad8be0b,"Fundacao para a Ciencia e a Tecnologia; Fundação para a Ciência e a Tecnologia; Ministério da Educação e Ciência"
"Integrated study of triboelectric nanogenerator for ocean wave energy harvesting: Performance assessment in realistic sea conditions",10.1016/j.nanoen.2021.105890,"Nano Energy",2021-06-01T00:00:00+00:00,2,https://doi.org/10.1016/j.nanoen.2021.105890,governmentofportugal,"Government of Portugal","Boletim 1 º trimestre 2021",2021-04-30,"Public Sector",Government,"National Body; Mixed Roles; Public Service",Portugal,https://inpi.justica.gov.pt/Portals/6/PDF%20INPI/Boletins%20de%20vigil%C3%A2ncia%20tecnol%C3%B3gica/BVT33%20-%201T_2021.pdf,https://app.overton.io/document.php?policy_document_id=governmentofportugal-cd0f3cbe6abab09ce89b7e364c9cb722,"Fundacao para a Ciencia e a Tecnologia; Fundação para a Ciência e a Tecnologia; Ministério da Educação e Ciência"
"Buying down the Cost of Direct Air Capture",10.1021/acs.iecr.0c04839,"Industrial & Engineering Chemistry Research",2021-05-26T00:00:00+00:00,15,https://doi.org/10.1021/acs.iecr.0c04839,europa,"Publications Office of the European Union","Research and innovation for climate neutrality by 2050",2024-03-04,"Public Sector",Government,"International Body; Public Data Body or Statistics; Archive; Public Service",EU,https://op.europa.eu/en/publication-detail/-/publication/5dee91d3-d9e8-11ee-b9d9-01aa75ed71a1/language-en,https://app.overton.io/document.php?policy_document_id=europa-a66db6dc898f7f4682b32b9f09d9062b,"Global KAITEKI Center, Arizona State University; Shell; Shell"
"Buying down the Cost of Direct Air Capture",10.1021/acs.iecr.0c04839,"Industrial & Engineering Chemistry Research",2021-05-26T00:00:00+00:00,15,https://doi.org/10.1021/acs.iecr.0c04839,kbwpl,"Klimatyczna Baza Wiedzy (KBW)","State of climate action 2022 - Klimatyczna Baza Wiedzy",2022-11-01,"Third Sector","Think Tank","Research Centre; Policy Centre; Initiative, Programme or Project; Professional Network, Association, Union or Cooperative; International Body",Poland,https://klimatycznabazawiedzy.org/raport/state-of-climate-action-2022/,https://app.overton.io/document.php?policy_document_id=kbwpl-52e0c0d6df76b25a71022cc2d588f70a,"Global KAITEKI Center, Arizona State University; Shell; Shell"
"Buying down the Cost of Direct Air Capture",10.1021/acs.iecr.0c04839,"Industrial & Engineering Chemistry Research",2021-05-26T00:00:00+00:00,15,https://doi.org/10.1021/acs.iecr.0c04839,kbwpl,"Klimatyczna Baza Wiedzy (KBW)","2023 Forest Declaration Assessment: Off track and falling behind - Klimatyczna Baza Wiedzy",2023-10-23,"Third Sector","Think Tank","Research Centre; Policy Centre; Initiative, Programme or Project; Professional Network, Association, Union or Cooperative; International Body",Poland,https://klimatycznabazawiedzy.org/raport/2023-forest-declaration-assessment-off-track-and-falling-behind/,https://app.overton.io/document.php?policy_document_id=kbwpl-597dbf96014f6ba828a536b1a14aeeec,"Global KAITEKI Center, Arizona State University; Shell; Shell"
"Buying down the Cost of Direct Air Capture",10.1021/acs.iecr.0c04839,"Industrial & Engineering Chemistry Research",2021-05-26T00:00:00+00:00,15,https://doi.org/10.1021/acs.iecr.0c04839,kbwpl,"Klimatyczna Baza Wiedzy (KBW)","State of climate action 2023 - Klimatyczna Baza Wiedzy",2023-11-13,"Third Sector","Think Tank","Research Centre; Policy Centre; Initiative, Programme or Project; Professional Network, Association, Union or Cooperative; International Body",Poland,https://klimatycznabazawiedzy.org/raport/state-of-climate-action-2023/,https://app.overton.io/document.php?policy_document_id=kbwpl-e2bb9839cbe3c1c828f30de7a017af95,"Global KAITEKI Center, Arizona State University; Shell; Shell"
"Buying down the Cost of Direct Air Capture",10.1021/acs.iecr.0c04839,"Industrial & Engineering Chemistry Research",2021-05-26T00:00:00+00:00,15,https://doi.org/10.1021/acs.iecr.0c04839,kudosno,"Kunnskapsdokumenter i offentlig sektor (KUDOS)","Direct air capture of CO2 – a review M-2501",2023-01-01,"Public Sector",Government,"National Body; Initiative, Programme or Project; Policy Centre; Archive; Public Data Body or Statistics",Norway,https://kudos.dfo.no/dokument/d60e93a8-3447-4d38-88e5-2fcbad7d53b1,https://app.overton.io/document.php?policy_document_id=kudosno-ba453e94cf3d57da03ddcc7a4ff8b4da,"Global KAITEKI Center, Arizona State University; Shell; Shell"
"Buying down the Cost of Direct Air Capture",10.1021/acs.iecr.0c04839,"Industrial & Engineering Chemistry Research",2021-05-26T00:00:00+00:00,15,https://doi.org/10.1021/acs.iecr.0c04839,stateofnsw,"State of New South Wales","Scaling atmospheric carbon dioxide removal in New South Wales",2024-02-07,"Public Sector",Government,"Regional or State Level Body; Mixed Roles; Public Service",Australia,https://www.energy.nsw.gov.au/sites/default/files/2024-02/Common_Capital_Scaling_atmospheric_CDR_in_NSW_Final.pdf,https://app.overton.io/document.php?policy_document_id=stateofnsw-42181d57354641a5c4d1c2e300aee392,"Global KAITEKI Center, Arizona State University; Shell; Shell"
"Buying down the Cost of Direct Air Capture",10.1021/acs.iecr.0c04839,"Industrial & Engineering Chemistry Research",2021-05-26T00:00:00+00:00,15,https://doi.org/10.1021/acs.iecr.0c04839,umweltbundesamt,"Umweltbundesamt (UBA)","Techno-ökonomische Analyse von CO₂-Entnahmetechnologien und Bewertung der CO₂-Speicherkapazitäten und -Projekte in Europa",2026-01-20,"Public Sector",Government,"National Body; Government Agency; Research Centre; Monitoring or Regulatory Body",Germany,https://www.umweltbundesamt.de/publikationen/techno-oekonomische-analyse-von-co2,https://app.overton.io/document.php?policy_document_id=umweltbundesamt-0b5ad9b68042ec2a9137c80182523b8a,"Global KAITEKI Center, Arizona State University; Shell; Shell"
"Buying down the Cost of Direct Air Capture",10.1021/acs.iecr.0c04839,"Industrial & Engineering Chemistry Research",2021-05-26T00:00:00+00:00,15,https://doi.org/10.1021/acs.iecr.0c04839,umweltbundesamt,"Umweltbundesamt (UBA)","Kostenanalyse für die CO₂-Abscheidung an Punktquellen und direkt aus der Atmosphäre",2026-01-20,"Public Sector",Government,"National Body; Government Agency; Research Centre; Monitoring or Regulatory Body",Germany,https://www.umweltbundesamt.de/publikationen/kostenanalyse-fuer-die-co2-abscheidung-an,https://app.overton.io/document.php?policy_document_id=umweltbundesamt-48a8c7e84686b9436065038a2f98e800,"Global KAITEKI Center, Arizona State University; Shell; Shell"
"Buying down the Cost of Direct Air Capture",10.1021/acs.iecr.0c04839,"Industrial & Engineering Chemistry Research",2021-05-26T00:00:00+00:00,15,https://doi.org/10.1021/acs.iecr.0c04839,unenvironment,"United Nations Environment Programme","Emissions Gap Report 2023: Broken Record – Temperatures Hit New Highs, yet World Fails to Cut Emissions (again)",2023-12-06,"Public Sector",IGO,"International Body; IGO Department or Agency; Policy Centre; Monitoring or Regulatory Body",IGO,https://wedocs.unep.org/items/1e99024f-4ecf-44c8-b19c-02174832ece4/full,https://app.overton.io/document.php?policy_document_id=unenvironment-063e36a3ade76af75057934d322a65bf,"Global KAITEKI Center, Arizona State University; Shell; Shell"
"Buying down the Cost of Direct Air Capture",10.1021/acs.iecr.0c04839,"Industrial & Engineering Chemistry Research",2021-05-26T00:00:00+00:00,15,https://doi.org/10.1021/acs.iecr.0c04839,unenvironment,"United Nations Environment Programme","Emissions Gap Report 2023: Broken Record – Temperatures hit new highs, yet world fails to cut emissions (again)",2023-11-01,"Public Sector",IGO,"International Body; IGO Department or Agency; Policy Centre; Monitoring or Regulatory Body",IGO,https://wedocs.unep.org/handle/20.500.11822/43922,https://app.overton.io/document.php?policy_document_id=unenvironment-9b51433ad56f6c34f5dce07a7f02cb75,"Global KAITEKI Center, Arizona State University; Shell; Shell"
"Buying down the Cost of Direct Air Capture",10.1021/acs.iecr.0c04839,"Industrial & Engineering Chemistry Research",2021-05-26T00:00:00+00:00,15,https://doi.org/10.1021/acs.iecr.0c04839,unfccc,"United Nations Framework Convention on Climate Change","Input to SB005 annotated agenda and related annexes - Center for Negative Carbon Emissions",2023-05-27,"Public Sector",IGO,"International Body; Arm's Length Body; Initiative, Programme or Project; Monitoring or Regulatory Body",IGO,https://unfccc.int/documents/628476,https://app.overton.io/document.php?policy_document_id=unfccc-a655351e5f4517523a78d5fcf900440f,"Global KAITEKI Center, Arizona State University; Shell; Shell"
"Buying down the Cost of Direct Air Capture",10.1021/acs.iecr.0c04839,"Industrial & Engineering Chemistry Research",2021-05-26T00:00:00+00:00,15,https://doi.org/10.1021/acs.iecr.0c04839,unfccc,"United Nations Framework Convention on Climate Change","he Bezos Earth Fund, ClimateWorks Foundation, Climate Action Tracker, Climate Analytics, NewClimate Institute, the United Nations Climate Change High-Level Champions, and World Resources Institute - State of Climate Action 2022 report",2023-03-07,"Public Sector",IGO,"International Body; Arm's Length Body; Initiative, Programme or Project; Monitoring or Regulatory Body",IGO,https://unfccc.int/documents/627194,https://app.overton.io/document.php?policy_document_id=unfccc-dbf41fd600b2436fd0e80ae3e3e57bf2,"Global KAITEKI Center, Arizona State University; Shell; Shell"
"Buying down the Cost of Direct Air Capture",10.1021/acs.iecr.0c04839,"Industrial & Engineering Chemistry Research",2021-05-26T00:00:00+00:00,15,https://doi.org/10.1021/acs.iecr.0c04839,unfccc,"United Nations Framework Convention on Climate Change","Input to SB005 annotated agenda and related annexes - Direct Air Capture Coalition",2023-05-27,"Public Sector",IGO,"International Body; Arm's Length Body; Initiative, Programme or Project; Monitoring or Regulatory Body",IGO,https://unfccc.int/documents/628507,https://app.overton.io/document.php?policy_document_id=unfccc-e87618e7c00a17e87d1136c07dcc1918,"Global KAITEKI Center, Arizona State University; Shell; Shell"
"Buying down the Cost of Direct Air Capture",10.1021/acs.iecr.0c04839,"Industrial & Engineering Chemistry Research",2021-05-26T00:00:00+00:00,15,https://doi.org/10.1021/acs.iecr.0c04839,unitednations,"United Nations","Emissions Gap Report 2023 :broken record: temperatures hit new highs, yet world fails to cut emissions (again)",2023-01-01,"Public Sector",IGO,"International Body; Top-Level Authority; IGO Department or Agency; Mixed Roles; Policy Centre",IGO,https://digitallibrary.un.org/record/4027834?ln=en,https://app.overton.io/document.php?policy_document_id=unitednations-8a159de86a1202e5e5fd0ef4c9835cf1,"Global KAITEKI Center, Arizona State University; Shell; Shell"
"Buying down the Cost of Direct Air Capture",10.1021/acs.iecr.0c04839,"Industrial & Engineering Chemistry Research",2021-05-26T00:00:00+00:00,15,https://doi.org/10.1021/acs.iecr.0c04839,wuppertal,"Wuppertal Institut","Analysing direct air capture for enabling negative emissions in Germany : an assessment of the resource requirements and costs of a potential rollout in 2045",2024-02-23,"Third Sector","Think Tank","Research Centre; Policy Centre",Germany,https://epub.wupperinst.org/frontdoor/index/index/searchtype/all/docId/8510,https://app.overton.io/document.php?policy_document_id=wuppertal-f99778ba79a23924dc82b0b3b741ae01,"Global KAITEKI Center, Arizona State University; Shell; Shell"
"Intelligent Street Lighting in a Smart City Concepts—A Direction to Energy Saving in Cities: An Overview and Case Study",10.3390/en14113018,Energies,2021-05-23T00:00:00+00:00,2,https://doi.org/10.3390/en14113018,cnibr,"Confederação Nacional da Indústria (CNI)","Tecnologia 5G – Impactos econômicos e barreiras à difusão no Brasil",2021-01-01,"Third Sector","Think Tank","Professional Network, Association, Union or Cooperative; Policy Centre; Research Centre; National Body",Brazil,https://www.portaldaindustria.com.br/publicacoes/2021/12/tecnologia-5g-impactos-economicos-e-barreiras-difusao-no-brasil/,https://app.overton.io/document.php?policy_document_id=cnibr-42c12410cc60e3ebbefc57c759b84dbf,
"Intelligent Street Lighting in a Smart City Concepts—A Direction to Energy Saving in Cities: An Overview and Case Study",10.3390/en14113018,Energies,2021-05-23T00:00:00+00:00,2,https://doi.org/10.3390/en14113018,jointresearcheu,"Joint Research Centre","Update on Status of Solid-State Lighting & Smart Lighting Systems",2023-12-12,"Public Sector",Government,"International Body; IGO Department or Agency; Research Centre; Policy Centre; Commission",EU,https://publications.jrc.ec.europa.eu/repository/handle/JRC135597,https://app.overton.io/document.php?policy_document_id=jointresearcheu-f5a86a413322471bde2e52f7501703d7,
"Crop Yield Estimation Using Deep Learning Based on Climate Big Data and Irrigation Scheduling",10.3390/en14113004,Energies,2021-05-22T00:00:00+00:00,1,https://doi.org/10.3390/en14113004,idrc,"International Development Research Centre","Agricultural decision system based on advanced machine learning models for yield prediction : case of East African countries",2022-05-08,"Public Sector","Think Tank","Research Centre; Policy Centre",Canada,https://idrc-crdi.ca/en/node/123292,https://app.overton.io/document.php?policy_document_id=idrc-63b51537a58fe79ac7c2f0ace6476ac1,
"Renewable energy auctions in Turkey: Auction design based on stakeholder opinions",10.1016/j.renene.2021.01.009,"Renewable Energy",2021-05-01T00:00:00+00:00,3,https://doi.org/10.1016/j.renene.2021.01.009,oecddiscovery,OECD,"Labour market and education reforms are needed to create more and better jobs in Türkiye",2023-12-12,"Public Sector",IGO,"International Body; IGO Department or Agency; Monitoring or Regulatory Body; Policy Centre; Research Centre",IGO,https://dx.doi.org/https://doi.org/10.1787/54657452-en,https://app.overton.io/document.php?policy_document_id=oecddiscovery-209c57faa4ea334c9226daa8af957c6d,
"Renewable energy auctions in Turkey: Auction design based on stakeholder opinions",10.1016/j.renene.2021.01.009,"Renewable Energy",2021-05-01T00:00:00+00:00,3,https://doi.org/10.1016/j.renene.2021.01.009,oecddiscovery,OECD,"Études économiques de l'OCDE : Türkiye 2023 (version abrégée)",2023-12-16,"Public Sector",IGO,"International Body; IGO Department or Agency; Monitoring or Regulatory Body; Policy Centre; Research Centre",IGO,https://dx.doi.org/https://doi.org/10.1787/70de9e99-fr,https://app.overton.io/document.php?policy_document_id=oecddiscovery-581d22426fe03290a04c9150ddbd009a,
"Renewable energy auctions in Turkey: Auction design based on stakeholder opinions",10.1016/j.renene.2021.01.009,"Renewable Energy",2021-05-01T00:00:00+00:00,3,https://doi.org/10.1016/j.renene.2021.01.009,oecddiscovery,OECD,"OECD Economic Surveys: Türkiye 2023",2023-02-24,"Public Sector",IGO,"International Body; IGO Department or Agency; Monitoring or Regulatory Body; Policy Centre; Research Centre",IGO,https://dx.doi.org/https://doi.org/10.1787/864ab2ba-en,https://app.overton.io/document.php?policy_document_id=oecddiscovery-c7026e745dec833ce2a98bc66bbc564d,
"Artificial intelligence to support the integration of variable renewable energy sources to the power system",10.1016/j.apenergy.2021.116754,"Applied Energy",2021-05-01T00:00:00+00:00,2,https://doi.org/10.1016/j.apenergy.2021.116754,boe,"Boletín Oficial del Estado","HispanIA 2040: how artificial intelligence will improve our future",2025-03-10,"Public Sector",Government,"National Body; Public Service; Archive",Spain,https://cpage.mpr.gob.es/producto/hispania-2040-2/,https://app.overton.io/document.php?policy_document_id=boe-1b2a2e44ba11e234248b50df9fa5bb82,
"Artificial intelligence to support the integration of variable renewable energy sources to the power system",10.1016/j.apenergy.2021.116754,"Applied Energy",2021-05-01T00:00:00+00:00,2,https://doi.org/10.1016/j.apenergy.2021.116754,boe,"Boletín Oficial del Estado","HispanIA 2040: cómo la IA mejorará nuestro bienestar futuro",2025-03-10,"Public Sector",Government,"National Body; Public Service; Archive",Spain,https://cpage.mpr.gob.es/producto/hispania-2040-3/,https://app.overton.io/document.php?policy_document_id=boe-c5d1738317aea63c2a7324b2aafc4a6e,
"Italian protocol for massive solar integration: From solar imbalance regulation to firm 24/365 solar generation",10.1016/j.renene.2021.01.023,"Renewable Energy",2021-05-01T00:00:00+00:00,4,https://doi.org/10.1016/j.renene.2021.01.023,gpogov,"Government Publishing Office (GPO)","Best practices handbook for the collection and use of solar resource data for solar energy applications /",2021-04-27,"Public Sector",Government,"National Body; Mixed Roles; Public Service",USA,https://purl.fdlp.gov/GPO/gpo159181,https://app.overton.io/document.php?policy_document_id=gpogov-3c313ec9895cd781318e1be3383c1e3a,
"Italian protocol for massive solar integration: From solar imbalance regulation to firm 24/365 solar generation",10.1016/j.renene.2021.01.023,"Renewable Energy",2021-05-01T00:00:00+00:00,4,https://doi.org/10.1016/j.renene.2021.01.023,nrelosti,"National Renewable Energy Laboratory","Best Practices Handbook for the Collection and Use of Solar Resource Data for Solar Energy Applications: Third Edition",2021-04-14,"Public Sector",Government,"National Body; Arm's Length Body; Research Centre; Policy Centre",USA,https://www.osti.gov/biblio/1778700,https://app.overton.io/document.php?policy_document_id=nrelosti-781e1d9d807aeaeb96ec69e429eec984,
"Italian protocol for massive solar integration: From solar imbalance regulation to firm 24/365 solar generation",10.1016/j.renene.2021.01.023,"Renewable Energy",2021-05-01T00:00:00+00:00,4,https://doi.org/10.1016/j.renene.2021.01.023,wmo,"World Meteorological Organization","Integrated Weather and Climate Services in Support of Net Zero Energy Transition",2023-03-16,"Public Sector",IGO,"International Body; IGO Department or Agency; Policy Centre; Research Centre; Professional Network, Association, Union or Cooperative",IGO,https://library.wmo.int/records/item/66273-integrated-weather-and-climate-services-in-support-of-net-zero-energy-transition,https://app.overton.io/document.php?policy_document_id=wmo-5adf5f16a78e32a2473043a2ea6e75ac,
"Italian protocol for massive solar integration: From solar imbalance regulation to firm 24/365 solar generation",10.1016/j.renene.2021.01.023,"Renewable Energy",2021-05-01T00:00:00+00:00,4,https://doi.org/10.1016/j.renene.2021.01.023,wmo,"World Meteorological Organization","Commission for Weather, Climate, Water and Related Environmental Services and Applications",2023-02-08,"Public Sector",IGO,"International Body; IGO Department or Agency; Policy Centre; Research Centre; Professional Network, Association, Union or Cooperative",IGO,https://library.wmo.int/records/item/39647-commission-for-weather-climate-water-and-related-environmental-services-and-applications,https://app.overton.io/document.php?policy_document_id=wmo-7973c435d2d892ae10282a1ce79eb268,
"On the power performance of a wave energy converter with a direct mechanical drive power take-off system controlled by latching",10.1016/j.renene.2021.01.004,"Renewable Energy",2021-05-01T00:00:00+00:00,1,https://doi.org/10.1016/j.renene.2021.01.004,govdeptsbrazil,"Government of Brazil","Economia Azul",2022-11-08,"Public Sector",Government,"National Body; Public Service; Mixed Roles; Government Department",Brazil,https://ciencianomar.mctic.gov.br/wp-content/uploads/2023/08/Economia-Azul_vetor-para-o-desenvolvimento-do-Brasil.pdf,https://app.overton.io/document.php?policy_document_id=govdeptsbrazil-2764b07c32f6a1f3dfbc95c49cf32ec6,
"Multi-timescale Active Distribution Network Scheduling Considering Demand Response and User Comprehensive Satisfaction",10.1109/tia.2021.3057302,"IEEE Transactions on Industry Applications",2021-05-01T00:00:00+00:00,1,https://doi.org/10.1109/tia.2021.3057302,gpogov,"Government Publishing Office (GPO)","Scalable predictive control and optimization for grid integration of large-scale distributed energy resources : preprint /",2022-01-26,"Public Sector",Government,"National Body; Mixed Roles; Public Service",USA,https://purl.fdlp.gov/GPO/gpo183812,https://app.overton.io/document.php?policy_document_id=gpogov-f6e1590c8faf3a44ad3bea67a3bb0b21,
"Evaluation of the design and performance of a micro hydropower plant in a pressurised irrigation network: Real world application at farm-level in Southern Spain",10.1016/j.renene.2021.01.084,"Renewable Energy",2021-05-01T00:00:00+00:00,1,https://doi.org/10.1016/j.renene.2021.01.084,govdeptsspain,"Government of Spain","Energías Alternativas Para Riego Pros Y Contras",2023-09-25,"Public Sector",Government,"National Body; Mixed Roles; Public Service",Spain,https://www.mapa.gob.es/images/ca/ponencia-5-nuevastec_tcm34-660731.pdf,https://app.overton.io/document.php?policy_document_id=govdeptsspain-349d4918b684e1b64472de70fd1a692d,"European Regional Development Fund; European Regional Development Fund; First Framework Programme; Interreg; Interreg"
"Prioritize effluent quality, operational costs or global warming? – Using predictive control of wastewater aeration for flexible management of objectives in WRRFs",10.1016/j.watres.2021.116960,"Water Research",2021-05-01T00:00:00+00:00,4,https://doi.org/10.1016/j.watres.2021.116960,risesweden,"Sveriges Forskningsinstitut","Operational digital twins for water resource recovery facilities – Rationale, components, and case studies",2023-10-23,"Public Sector",Government,"National Body; Arm's Length Body; Research Council; Research Centre; Policy Centre",Sweden,https://ri.diva-portal.org/smash/record.jsf?dswid=-6685&pid=diva2%3A1806668&c=445&searchType=RESEARCH&language=sv&query=&af=%5B%22hasFulltext%3Atrue%22%5D&aq=%5B%5B%5D%5D&aq2=%5B%5B%7B%22organisationId%22%3A%22882940%22%2C%22organisationId-Xtra%22%3Atrue%7D%2C%7B%22publicationTypeCode%22%3A%5B%22report%22%5D%7D%5D%5D&aqe=%5B%5D&noOfRows=250&sortOrder=dateIssued_sort_desc&sortOrder2=title_sort_asc&onlyFullText=false&sf=all,https://app.overton.io/document.php?policy_document_id=risesweden-91a104b6daa1e08ca441795e950d6132,"Innovationsfonden; Innovationsfonden"
"Prioritize effluent quality, operational costs or global warming? – Using predictive control of wastewater aeration for flexible management of objectives in WRRFs",10.1016/j.watres.2021.116960,"Water Research",2021-05-01T00:00:00+00:00,4,https://doi.org/10.1016/j.watres.2021.116960,risesweden,"Sveriges Forskningsinstitut","Operational digital twins for water resource recovery facilities – Rationale, components, and case studies",2023-10-23,"Public Sector",Government,"National Body; Arm's Length Body; Research Council; Research Centre; Policy Centre",Sweden,https://ri.diva-portal.org/smash/get/diva2:1806668/FULLTEXT01.pdf,https://app.overton.io/document.php?policy_document_id=risesweden-ccdf769fea4c5761bcb078dc16412f4b,"Innovationsfonden; Innovationsfonden"
"Prioritize effluent quality, operational costs or global warming? – Using predictive control of wastewater aeration for flexible management of objectives in WRRFs",10.1016/j.watres.2021.116960,"Water Research",2021-05-01T00:00:00+00:00,4,https://doi.org/10.1016/j.watres.2021.116960,risesweden,"Sveriges Forskningsinstitut","Operational digital twins for water resource recovery facilities – Rationale, components, and case studies",2023-10-23,"Public Sector",Government,"National Body; Arm's Length Body; Research Council; Research Centre; Policy Centre",Sweden,https://ri.diva-portal.org/smash/record.jsf?dswid=-7699&pid=diva2%3A1806668&c=416&searchType=RESEARCH&language=sv&query=&af=%5B%22hasFulltext%3Atrue%22%5D&aq=%5B%5B%5D%5D&aq2=%5B%5B%7B%22organisationId%22%3A%22882940%22%2C%22organisationId-Xtra%22%3Atrue%7D%2C%7B%22publicationTypeCode%22%3A%5B%22report%22%5D%7D%5D%5D&aqe=%5B%5D&noOfRows=250&sortOrder=dateIssued_sort_desc&sortOrder2=title_sort_asc&onlyFullText=false&sf=all,https://app.overton.io/document.php?policy_document_id=risesweden-ced0c653439d36e91e62d020de56a91a,"Innovationsfonden; Innovationsfonden"
"Prioritize effluent quality, operational costs or global warming? – Using predictive control of wastewater aeration for flexible management of objectives in WRRFs",10.1016/j.watres.2021.116960,"Water Research",2021-05-01T00:00:00+00:00,4,https://doi.org/10.1016/j.watres.2021.116960,risesweden,"Sveriges Forskningsinstitut","Operational digital twins for water resource recovery facilities – Rationale, components, and case studies",2023-10-23,"Public Sector",Government,"National Body; Arm's Length Body; Research Council; Research Centre; Policy Centre",Sweden,https://ri.diva-portal.org/smash/record.jsf?dswid=1738&pid=diva2%3A1806668&c=455&searchType=RESEARCH&language=sv&query=&af=%5B%22hasFulltext%3Atrue%22%5D&aq=%5B%5B%5D%5D&aq2=%5B%5B%7B%22organisationId%22%3A%22882940%22%2C%22organisationId-Xtra%22%3Atrue%7D%2C%7B%22publicationTypeCode%22%3A%5B%22report%22%5D%7D%5D%5D&aqe=%5B%5D&noOfRows=250&sortOrder=dateIssued_sort_desc&sortOrder2=title_sort_asc&onlyFullText=false&sf=all,https://app.overton.io/document.php?policy_document_id=risesweden-f495b72404233f025c5126fcaf8b665d,"Innovationsfonden; Innovationsfonden"
"Application of the artificial intelligence GANNATS model in forecasting crude oil demand for Saudi Arabia and China",10.1016/j.petrol.2021.108368,"Journal of Petroleum Science and Engineering",2021-05-01T00:00:00+00:00,1,https://doi.org/10.1016/j.petrol.2021.108368,ecb,"European Central Bank","Can satellites predict oil demand?",2026-02-27,"Public Sector",Government,"International Body; Central Bank; Financial Institution or Bank",EU,https://www.ecb.europa.eu/pub/pdf/scpwps/ecb.wp3198~e3858c52a3.en.pdf,https://app.overton.io/document.php?policy_document_id=ecb-7b5d186abd7c8bc10933b47afb894323,"Saudi Aramco; Saudi Aramco"
"How will heat pumps alter national half-hourly heat demands? Empirical modelling based on GB field trials",10.1016/j.enbuild.2021.110777,"Energy and Buildings",2021-05-01T00:00:00+00:00,5,https://doi.org/10.1016/j.enbuild.2021.110777,govuk,"The UK Government","Cost Optimal Domestic Electrification (CODE)",2021-09-17,"Public Sector",Government,"National Body; Mixed Roles; Public Service",UK,https://www.gov.uk/government/publications/cost-optimal-domestic-electrification-code,https://app.overton.io/document.php?policy_document_id=govuk-0390af01df58f83ab6a9ac73ebe9dc1c,"Engineering and Physical Sciences Research Council; Engineering and Physical Sciences Research Council; UK Research and Innovation; UKRI (Special project, May 2022)"
"How will heat pumps alter national half-hourly heat demands? Empirical modelling based on GB field trials",10.1016/j.enbuild.2021.110777,"Energy and Buildings",2021-05-01T00:00:00+00:00,5,https://doi.org/10.1016/j.enbuild.2021.110777,govuk,"The UK Government","Health impacts of net zero housing in England",2025-07-28,"Public Sector",Government,"National Body; Mixed Roles; Public Service",UK,https://www.gov.uk/government/publications/health-impacts-of-net-zero-housing-in-england,https://app.overton.io/document.php?policy_document_id=govuk-0847653b46f7c818055f907162181caf,"Engineering and Physical Sciences Research Council; Engineering and Physical Sciences Research Council; UK Research and Innovation; UKRI (Special project, May 2022)"
"How will heat pumps alter national half-hourly heat demands? Empirical modelling based on GB field trials",10.1016/j.enbuild.2021.110777,"Energy and Buildings",2021-05-01T00:00:00+00:00,5,https://doi.org/10.1016/j.enbuild.2021.110777,govuk,"The UK Government","Home Energy Model: Future Homes Standard assessment: technical documentation",2023-12-13,"Public Sector",Government,"National Body; Mixed Roles; Public Service",UK,https://www.gov.uk/government/publications/home-energy-model-future-homes-standard-assessment-technical-documentation,https://app.overton.io/document.php?policy_document_id=govuk-15ee7e36d566c4b5778832f3471a6020,"Engineering and Physical Sciences Research Council; Engineering and Physical Sciences Research Council; UK Research and Innovation; UKRI (Special project, May 2022)"
"How will heat pumps alter national half-hourly heat demands? Empirical modelling based on GB field trials",10.1016/j.enbuild.2021.110777,"Energy and Buildings",2021-05-01T00:00:00+00:00,5,https://doi.org/10.1016/j.enbuild.2021.110777,govuk,"The UK Government","Green Homes Grant (GHG) SMETER project evaluation",2025-09-04,"Public Sector",Government,"National Body; Mixed Roles; Public Service",UK,https://www.gov.uk/government/publications/green-homes-grant-ghg-smeter-project-evaluation,https://app.overton.io/document.php?policy_document_id=govuk-3089ef7bbb3e22613659ddbc7d813d9a,"Engineering and Physical Sciences Research Council; Engineering and Physical Sciences Research Council; UK Research and Innovation; UKRI (Special project, May 2022)"
"How will heat pumps alter national half-hourly heat demands? Empirical modelling based on GB field trials",10.1016/j.enbuild.2021.110777,"Energy and Buildings",2021-05-01T00:00:00+00:00,5,https://doi.org/10.1016/j.enbuild.2021.110777,govuk,"The UK Government","How to ensure a successful transition to heat pumps for households at risk of fuel poverty",2026-07-01,"Public Sector",Government,"National Body; Mixed Roles; Public Service",UK,https://www.gov.uk/government/publications/how-to-ensure-a-successful-transition-to-heat-pumps-for-households-at-risk-of-fuel-poverty,https://app.overton.io/document.php?policy_document_id=govuk-d09fc7d7f939cfdb4b79264ebb48370c,"Engineering and Physical Sciences Research Council; Engineering and Physical Sciences Research Council; UK Research and Innovation; UKRI (Special project, May 2022)"
"Identification of TV Channel Watching from Smart Meter Data Using Energy Disaggregation",10.3390/en14092485,Energies,2021-04-27T00:00:00+00:00,1,https://doi.org/10.3390/en14092485,carnegieendowment,"Carnegie Endowment for International Peace","Korea’s Path to Digital Leadership: How Seoul Can Lead on Standards and Standardization",2024-02-28,"Third Sector","Think Tank","Research Centre; Policy Centre",USA,https://carnegieendowment.org/2024/02/28/korea-s-path-to-digital-leadership-how-seoul-can-lead-on-standards-and-standardization-pub-91829,https://app.overton.io/document.php?policy_document_id=carnegieendowment-f0a4515551512a308f49e80d575a41e3,
"Critical Determinants of Household Electricity Consumption in a Rapidly Growing City",10.3390/su13084441,Sustainability,2021-04-15T00:00:00+00:00,2,https://doi.org/10.3390/su13084441,iisdca,"International Institute for Sustainable Development","India's Clean Cooking Shift",2026-02-16,"Third Sector","Think Tank","Research Centre; Policy Centre",Canada,https://www.iisd.org/publications/report/india-clean-cooking,https://app.overton.io/document.php?policy_document_id=iisdca-1616715908331a6767f6b92a0c864cff,"Dana Pecutan Penerbitan-LESTARI UKM; Institut Alam Sekitar dan Pembangunan, Universiti Kebangsaan Malaysia; Universiti Kebangsaan Malaysia; Universiti Kebangsaan Malaysia"
"Critical Determinants of Household Electricity Consumption in a Rapidly Growing City",10.3390/su13084441,Sustainability,2021-04-15T00:00:00+00:00,2,https://doi.org/10.3390/su13084441,krimy,"Khazanah Research Institute (KRI)","Energy, Infrastructure and Inequality: Understanding unequal impacts in urban areas",2026-08-06,"Third Sector","Think Tank","Research Centre; Policy Centre",Malaysia,https://www.krinstitute.org/publications/energy-infrastructure-and-inequality-understanding-unequal-impacts-in-urban-areas,https://app.overton.io/document.php?policy_document_id=krimy-f9e3ebebd2c6080aaf4c247fab6ffd31,"Dana Pecutan Penerbitan-LESTARI UKM; Institut Alam Sekitar dan Pembangunan, Universiti Kebangsaan Malaysia; Universiti Kebangsaan Malaysia; Universiti Kebangsaan Malaysia"
"Forecasting Energy Technology Diffusion in Space and Time: Model Design, Parameter Choice and Calibration",10.1109/tste.2020.3020426,"IEEE Transactions on Sustainable Energy",2021-04-01T00:00:00+00:00,1,https://doi.org/10.1109/tste.2020.3020426,europa,"Publications Office of the European Union","Energy Data Space policy paper",2023-12-21,"Public Sector",Government,"International Body; Public Data Body or Statistics; Archive; Public Service",EU,https://op.europa.eu/en/publication-detail/-/publication/21b0260e-a2d5-11ee-b164-01aa75ed71a1/language-en,https://app.overton.io/document.php?policy_document_id=europa-570ca295f4126fdbcca4ee5067204e02,
"Diagnosis of building energy consumption in the 2012 CBECS data using heterogeneous effect of energy variables: A recursive partitioning approach",10.1007/s12273-021-0777-8,"Building Simulation",2021-04-01T00:00:00+00:00,1,https://doi.org/10.1007/s12273-021-0777-8,climatexuk,ClimateXChange,"An evidence review of data associated with non-domestic buildings",2022-09-20,"Public Sector",Government,"Research Centre; Policy Centre",UK,https://www.climatexchange.org.uk/projects/an-evidence-review-of-data-associated-with-non-domestic-buildings/,https://app.overton.io/document.php?policy_document_id=climatexuk-62ad1603a84b42efa0f6caf35e1b9943,
"Comparative life cycle assessment of conventional, electric and hybrid passenger vehicles in Spain",10.1016/j.jclepro.2021.125883,"Journal of Cleaner Production",2021-04-01T00:00:00+00:00,5,https://doi.org/10.1016/j.jclepro.2021.125883,governmentofestonia,"Government of Estonia","Sõiduki Keskkonnamõju",2023-10-19,"Public Sector",Government,"National Body; Mixed Roles; Public Service",Estonia,https://www.kliimaministeerium.ee/sites/default/files/documents/2023-10/S%C3%B5iduki%20keskkonnam%C3%B5ju%2C%20Janika%20Laht%2018.10.2023.pdf,https://app.overton.io/document.php?policy_document_id=governmentofestonia-973886fb761bb705ae064405a6a1bd4a,
"Comparative life cycle assessment of conventional, electric and hybrid passenger vehicles in Spain",10.1016/j.jclepro.2021.125883,"Journal of Cleaner Production",2021-04-01T00:00:00+00:00,5,https://doi.org/10.1016/j.jclepro.2021.125883,governmentofestonia,"Government of Estonia","Sõiduki Keskkonnamõju",2023-10-19,"Public Sector",Government,"National Body; Mixed Roles; Public Service",Estonia,https://kliimaministeerium.ee/sites/default/files/documents/2023-10/S%C3%B5iduki%20keskkonnam%C3%B5ju%2C%20Janika%20Laht%2018.10.2023.pdf,https://app.overton.io/document.php?policy_document_id=governmentofestonia-a65fa31c0fd7cbd6a3c15d1415977a9d,
"Comparative life cycle assessment of conventional, electric and hybrid passenger vehicles in Spain",10.1016/j.jclepro.2021.125883,"Journal of Cleaner Production",2021-04-01T00:00:00+00:00,5,https://doi.org/10.1016/j.jclepro.2021.125883,manhattan,"Manhattan Institute","Electric Vehicles for Everyone? The Impossible Dream",2023-07-12,"Third Sector","Think Tank","Research Centre; Policy Centre",USA,https://manhattan.institute/article/electric-vehicles-for-everyone-the-impossible-dream,https://app.overton.io/document.php?policy_document_id=manhattan-55a7cde78d1048fb7637f52e8c981a9f,
"Comparative life cycle assessment of conventional, electric and hybrid passenger vehicles in Spain",10.1016/j.jclepro.2021.125883,"Journal of Cleaner Production",2021-04-01T00:00:00+00:00,5,https://doi.org/10.1016/j.jclepro.2021.125883,nzclimatechangecom,"He Pou a Rangi","Chapter 17 : Impacts on environment, ecology, and the ability to adapt to climate change",2021-05-30,"Public Sector",Government,"National Body; Arm's Length Body; Commission; Research Centre; Policy Centre","New Zealand",https://www.climatecommission.govt.nz/assets/Evidence-21/Evidence-CH-17-Environment-ecology-and-the-link-to-adaptation.pdf,https://app.overton.io/document.php?policy_document_id=nzclimatechangecom-689912f92166b3d075bebc4af8619649,
"Comparative life cycle assessment of conventional, electric and hybrid passenger vehicles in Spain",10.1016/j.jclepro.2021.125883,"Journal of Cleaner Production",2021-04-01T00:00:00+00:00,5,https://doi.org/10.1016/j.jclepro.2021.125883,stateofmaine,"State of Maine","Electric Vehicles for Everyone? The Impossible Dream | Manhattan Institute",2023-06-30,"Public Sector",Government,"Regional or State Level Body; Mixed Roles; Public Service",USA,https://www.maine.gov/dep/ftp/rulemaking/127A/public-comment/NFNA/Peter%20Mills%20comment%20neither%20for%20nor%20against%20127-A.pdf,https://app.overton.io/document.php?policy_document_id=stateofmaine-9924c5435075fd70ed80ea275c71c87b,
"Forecasting regional long-run energy demand: A functional coefficient panel approach",10.1016/j.eneco.2021.105117,"Energy Economics",2021-04-01T00:00:00+00:00,3,https://doi.org/10.1016/j.eneco.2021.105117,kietkr,"Korea Institute for Industrial Economics & Trade","중장기 산업전망모형 개발을 위한 기초연구 - 소재산업의 수출 전망을 중심으로",2025-01-01,"Public Sector","Think Tank","National Body; Research Centre; Policy Centre","South Korea",https://www.nkis.re.kr/subject_view1.do?otpId=OTP_0000000000016797,https://app.overton.io/document.php?policy_document_id=kietkr-63690778ecb47edf5f074a0a6335fef8,
"Forecasting regional long-run energy demand: A functional coefficient panel approach",10.1016/j.eneco.2021.105117,"Energy Economics",2021-04-01T00:00:00+00:00,3,https://doi.org/10.1016/j.eneco.2021.105117,kietkr,"Korea Institute for Industrial Economics & Trade","중장기 산업전망모형 개발을 위한 기초연구 - 소재산업의 수출 전망을 중심으로",2025-01-01,"Public Sector","Think Tank","National Body; Research Centre; Policy Centre","South Korea",https://www.nkis.re.kr/subject_view1.do?otcCd=RO&otcNm=수시연구보고서&otpId=OTP_0000000000016797&otpSeq=0&eoSeq=&currentPage=2&searchSelect=&searchWord=&returnPage=newest_list.do&schLclaScsId=&pblYy=&agcNms=산업연구원&listPerPage=50,https://app.overton.io/document.php?policy_document_id=kietkr-e6b390f85866a3d60a5a58c498a3fe11,
"Forecasting regional long-run energy demand: A functional coefficient panel approach",10.1016/j.eneco.2021.105117,"Energy Economics",2021-04-01T00:00:00+00:00,3,https://doi.org/10.1016/j.eneco.2021.105117,kietkr,"Korea Institute for Industrial Economics & Trade","중장기 산업전망모형 개발을 위한 기초연구 - 소재산업의 수출 전망을 중심으로",2025-01-01,"Public Sector","Think Tank","National Body; Research Centre; Policy Centre","South Korea",https://www.nkis.re.kr/subject_view1.do?otcCd=RO&otcNm=수시연구보고서&otpId=OTP_0000000000016797&otpSeq=0&eoSeq=&currentPage=1&searchSelect=&searchWord=&returnPage=newest_list.do&schLclaScsId=&pblYy=&agcNms=산업연구원&listPerPage=50,https://app.overton.io/document.php?policy_document_id=kietkr-f8847849a64bd099221232239921fa19,
"Energy poverty, occupant comfort, and wellbeing in internally displaced people’s residences in Sri Lanka",10.1016/j.enbuild.2021.110760,"Energy and Buildings",2021-04-01T00:00:00+00:00,2,https://doi.org/10.1016/j.enbuild.2021.110760,susanade,"Sustainable Sanitation Alliance (SuSanA)","WASH Climate Change Adaptation",2025-12-21,"Third Sector",NGO,"Foundation or Charity; Professional Network, Association, Union or Cooperative",Germany,https://www.susana.org/knowledge-hub/resources?id=5571,https://app.overton.io/document.php?policy_document_id=susanade-20ce1463e0c55f378ccad97292eadf16,
"Energy poverty, occupant comfort, and wellbeing in internally displaced people’s residences in Sri Lanka",10.1016/j.enbuild.2021.110760,"Energy and Buildings",2021-04-01T00:00:00+00:00,2,https://doi.org/10.1016/j.enbuild.2021.110760,susanade,"Sustainable Sanitation Alliance (SuSanA)","WASH Adaptation au changement climatique",2026-01-22,"Third Sector",NGO,"Foundation or Charity; Professional Network, Association, Union or Cooperative",Germany,https://www.susana.org/knowledge-hub/resources?id=5572,https://app.overton.io/document.php?policy_document_id=susanade-f0dd075260e86b9f357c64ffa6356534,
"Which factors influence large households’ decision to join a time-of-use program? The interplay between demand flexibility, personal benefits and national benefits",10.1016/j.rser.2020.110594,"Renewable and Sustainable Energy Reviews",2021-04-01T00:00:00+00:00,1,https://doi.org/10.1016/j.rser.2020.110594,esridublin,ESRI,"Efficient ways of communicating time-of-use electricity tariffs in Ireland: Plain and simple",2021-07-01,"Third Sector","Think Tank","Research Centre; Policy Centre",Ireland,https://www.esri.ie/publications/efficient-ways-of-communicating-time-of-use-electricity-tariffs-in-ireland-plain-and,https://app.overton.io/document.php?policy_document_id=esridublin-ad8584122434daa9fed98638097d77d2,"Israel Science Foundation; Israel Science Foundation"
"The impact of variable renewable energy resources on power system reliability",10.1016/j.enpol.2020.111947,"Energy Policy",2021-04-01T00:00:00+00:00,1,https://doi.org/10.1016/j.enpol.2020.111947,govdeptsbrazil,"Government of Brazil","Carta 023 / 2023",2023-03-08,"Public Sector",Government,"National Body; Public Service; Mixed Roles; Government Department",Brazil,https://antigo.mme.gov.br/c/document_library/get_file?uuid=07a82ab0-063a-127c-a226-4adce6cb05ff&groupId=239673,https://app.overton.io/document.php?policy_document_id=govdeptsbrazil-5c792bb844c6653166df9c33ba977469,"National Institute of Food and Agriculture; National Institute of Food and Agriculture; U.S. National Arboretum"
"Impacts of the COVID-19 lockdown on energy consumption in a Canadian social housing building",10.1016/j.apenergy.2021.116565,"Applied Energy",2021-04-01T00:00:00+00:00,3,https://doi.org/10.1016/j.apenergy.2021.116565,apec,"Asia-Pacific Economic Cooperation","Final Report - Building Back Better: Energy Efficiency, Renewable Energy, and Energy Resiliency in the New Normal",2023-09-01,"Public Sector",IGO,"Initiative, Programme or Project; Professional Network, Association, Union or Cooperative",Singapore,https://www.apec.org/publications/2023/09/final-report---building-back-better-energy-efficiency-renewable-energy-and-energy-resiliency-in-the-new-normal,https://app.overton.io/document.php?policy_document_id=apec-86fb0f0ea1c6f91e2f3740a4d8f8898d,"Agriculture and Agri-Food Canada; Natural Sciences and Engineering Research Council of Canada; Natural Sciences and Engineering Research Council of Canada"
"Impacts of the COVID-19 lockdown on energy consumption in a Canadian social housing building",10.1016/j.apenergy.2021.116565,"Applied Energy",2021-04-01T00:00:00+00:00,3,https://doi.org/10.1016/j.apenergy.2021.116565,asiandevelopmentbank,"Asian Development Bank","Assessing the Impact of Income Decline on Household Clean Fuel Choice: Evidence from the Kyrgyz Republic",2025-04-04,"Public Sector",IGO,"International Body; Financial Institution or Bank; Development Bank",IGO,https://www.adb.org/publications/income-decline-household-clean-fuel-choice,https://app.overton.io/document.php?policy_document_id=asiandevelopmentbank-46284a9bb4dfaaacdea1680cb133861f,"Agriculture and Agri-Food Canada; Natural Sciences and Engineering Research Council of Canada; Natural Sciences and Engineering Research Council of Canada"
"Impacts of the COVID-19 lockdown on energy consumption in a Canadian social housing building",10.1016/j.apenergy.2021.116565,"Applied Energy",2021-04-01T00:00:00+00:00,3,https://doi.org/10.1016/j.apenergy.2021.116565,asiandevelopmentbank,"Asian Development Bank","Evaluating COVID-19’s Impact on Firm Performance in the CAREC Region Using Night-Time Light Data: Azerbaijan, Georgia, Kazakhstan, and Mongolia",2022-07-28,"Public Sector",IGO,"International Body; Financial Institution or Bank; Development Bank",IGO,https://www.adb.org/publications/evaluating-covid-19-s-impact-on-firm-performance-in-the-carec-region-using-night-time-light-data-azerbaijan-georgia-kazakhstan-and-mongolia,https://app.overton.io/document.php?policy_document_id=asiandevelopmentbank-a0875b6a2dc7973fd040a26912240ec3,"Agriculture and Agri-Food Canada; Natural Sciences and Engineering Research Council of Canada; Natural Sciences and Engineering Research Council of Canada"
"The effects of wind power on electricity markets: A case study of the Swedish intraday market",10.1016/j.eneco.2021.105159,"Energy Economics",2021-04-01T00:00:00+00:00,3,https://doi.org/10.1016/j.eneco.2021.105159,ifnsweden,"Institutet för Näringslivsforskning","Konkurrensen på den nordiska elmarknaden – vad säger den senaste forskningen?",2023-12-12,"Third Sector","Think Tank","Research Centre; Policy Centre",Sweden,https://www.ifn.se/media/xuegs1e0/2023-tangerås-konkurrensen-på-den-nordiska-elmarknaden-vad-säger-den-senaste-forskningen.pdf,https://app.overton.io/document.php?policy_document_id=ifnsweden-3751249ebcae7266e9597f06a1d7240f,"Energimyndigheten; Energimyndigheten"
"The effects of wind power on electricity markets: A case study of the Swedish intraday market",10.1016/j.eneco.2021.105159,"Energy Economics",2021-04-01T00:00:00+00:00,3,https://doi.org/10.1016/j.eneco.2021.105159,ifnsweden,"Institutet för Näringslivsforskning","Konkurrensen på den nordiska elmarknaden – vad säger den senaste forskningen?",2023-12-12,"Third Sector","Think Tank","Research Centre; Policy Centre",Sweden,https://www.ifn.se/publikationer/rapporter/2023/2023-tangeras-konkurrensen-pa-den-nordiska-elmarknaden/,https://app.overton.io/document.php?policy_document_id=ifnsweden-657c46a44437ded1e9e9db5f9127223e,"Energimyndigheten; Energimyndigheten"
"The effects of wind power on electricity markets: A case study of the Swedish intraday market",10.1016/j.eneco.2021.105159,"Energy Economics",2021-04-01T00:00:00+00:00,3,https://doi.org/10.1016/j.eneco.2021.105159,konkurrensverket,Konkurrensverket,"Konkurrensen på den nordiska elmarknaden",2023-12-12,"Public Sector",Government,"National Body; Government Agency; Monitoring or Regulatory Body",Sweden,https://www.konkurrensverket.se/informationsmaterial/rapportlista/konkurrensen-pa-den-nordiska-elmarknaden/,https://app.overton.io/document.php?policy_document_id=konkurrensverket-64ebd5c525aacf8443e84a08ac9fcea7,"Energimyndigheten; Energimyndigheten"
"Planning of intensified production of solar grade silicon to yield solar panels involving behavior of population",10.1016/j.cep.2020.108241,"Chemical Engineering and Processing: Process Intensification",2021-04-01T00:00:00+00:00,1,https://doi.org/10.1016/j.cep.2020.108241,brookings,"Brookings Institution","A new framework for how firms can manage climate risks",2023-04-20,"Third Sector","Think Tank","Research Centre; Policy Centre",USA,https://www.brookings.edu/articles/a-new-framework-for-how-firms-can-manage-climate-risks/,https://app.overton.io/document.php?policy_document_id=brookings-1eafa6aa102b7c0c8bb955e8a7b177ee,"Consejo Nacional de Ciencia y Tecnología; Consejo Nacional de Ciencia y Tecnología"
"Transmission Hosting Capacity of Distributed Energy Resources",10.1109/tste.2020.3020295,"IEEE Transactions on Sustainable Energy",2021-04-01T00:00:00+00:00,1,https://doi.org/10.1109/tste.2020.3020295,aneelbr,"Agência Nacional de Energia Elétrica","Bibliografia temática : capacidade de hospedagem (hosting capacity)",2024-09-13,"Public Sector",Government,"Monitoring or Regulatory Body",Brazil,https://biblioteca.aneel.gov.br/acervo/detalhe/243530,https://app.overton.io/document.php?policy_document_id=aneelbr-52b7b3d51e48a55bad5dfc9883e83aa3,"Battelle Energy Alliance; Idaho National Laboratory; Idaho National Laboratory; Laboratory Directed Research and Development; Microgrids, Infrastructure Resilience, and Advanced Controls Launchpad; National Nuclear Security Administration; U.S. Department of Energy Wind Energy Technologies Office; Wind Energy Technologies Office"
"Hierarchical Distribution System Adaptive Restoration With Diverse Distributed Energy Resources",10.1109/tste.2020.3044895,"IEEE Transactions on Sustainable Energy",2021-04-01T00:00:00+00:00,1,https://doi.org/10.1109/tste.2020.3044895,gpogov,"Government Publishing Office (GPO)","Scalable predictive control and optimization for grid integration of large-scale distributed energy resources : preprint /",2022-01-26,"Public Sector",Government,"National Body; Mixed Roles; Public Service",USA,https://purl.fdlp.gov/GPO/gpo183812,https://app.overton.io/document.php?policy_document_id=gpogov-f6e1590c8faf3a44ad3bea67a3bb0b21,"Alliance for Sustainable Energy, LLC; Laboratory Directed Research and Development; Laboratory Directed Research and Development; National Nuclear Security Administration; National Renewable Energy Laboratory; National Renewable Energy Laboratory; U.S. Department of Energy; U.S. Department of Energy"
"Grid Parity Analysis of China’s Centralized Photovoltaic Generation under Multiple Uncertainties",10.3390/en14071814,Energies,2021-03-24T00:00:00+00:00,1,https://doi.org/10.3390/en14071814,asiasocietypolicy,"Asia Society Policy Institute","General Equilibrium Analysis of Cost-Effectiveness and Distributional Impacts of China’s Nationwide CO2 Emissions Trading System",2023-03-30,"Third Sector",NGO,"Initiative, Programme or Project; Public Service",USA,https://asiasociety.org/policy-institute/general-equilibrium-analysis-cost-effectiveness-and-distributional-impacts-chinas-nationwide-co2,https://app.overton.io/document.php?policy_document_id=asiasocietypolicy-4c867d1f6366ebe84729b322a0c3e054,"National Natural Science Foundation of China; National Natural Science Foundation of China"
"Evaluation of the Effects on Regional Production and Employment in Spain of the Renewable Energy Plan 2011–2020",10.3390/su13063587,Sustainability,2021-03-23T00:00:00+00:00,2,https://doi.org/10.3390/su13063587,ieep,"Institute for European Environmental Policy","The socio-economic impacts of renewable energy in EU regions: Strengthening local benefits",2021-11-25,"Third Sector","Think Tank","Research Centre; Policy Centre",Belgium,https://ieep.eu/publications/the-socio-economic-impacts-of-renewable-energy-in-eu-regions-strengthening-local-benefits/,https://app.overton.io/document.php?policy_document_id=ieep-45a24d5c9c2823d293eb2ac8d43820de,
"Evaluation of the Effects on Regional Production and Employment in Spain of the Renewable Energy Plan 2011–2020",10.3390/su13063587,Sustainability,2021-03-23T00:00:00+00:00,2,https://doi.org/10.3390/su13063587,ieep,"Institute for European Environmental Policy","The socio-economic impacts of renewable energy in EU regions: Strengthening local benefits",2021-08-19,"Third Sector","Think Tank","Research Centre; Policy Centre",Belgium,https://ieep.eu/publications/the-socio-economic-impacts-of-renewable-energy-in-eu-regions-strengthening-local-benefits,https://app.overton.io/document.php?policy_document_id=ieep-fad9b8d37fee79b637e9d002b44649b6,
"Smart Microgrid Energy Market: Evaluating Distributed Ledger Technologies for Remote and Constrained Microgrid Deployments",10.3390/electronics10060714,Electronics,2021-03-18T00:00:00+00:00,1,https://doi.org/10.3390/electronics10060714,csirza,"Council for Scientific and Industrial Research (CSIR)","CSIR Annual Report 2021/22",2022-10-12,"Public Sector","Think Tank","Research Centre; Policy Centre","South Africa",https://www.csir.co.za/sites/default/files/Documents/CSIR%20Annual%20Report%202021_22-%20Final.pdf,https://app.overton.io/document.php?policy_document_id=csirza-8427c96a0509fce3b4528545de58669e,"City University of Hong Kong; City University of Hong Kong; Council for Scientific and Industrial Research, South Africa; Council for Scientific and Industrial Research, South Africa"
"Identification of Environmental and Contextual Driving Factors of Air Conditioning Usage Behaviour in the Sydney Residential Buildings",10.3390/buildings11030122,Buildings,2021-03-18T00:00:00+00:00,1,https://doi.org/10.3390/buildings11030122,stateofwesternaustralia,"State of Western Australia","Health Risk Assessment and Management",2024-03-15,"Public Sector",Government,"Regional or State Level Body; Mixed Roles; Public Service",Australia,https://www.health.wa.gov.au/~/media/Corp/Documents/Health-for/Mould/Indoor-Mould--Health-Risk-Assessment-and-Management.pdf,https://app.overton.io/document.php?policy_document_id=stateofwesternaustralia-c58373abef94b2897a6767006c0902ec,"Australian Research Council; Australian Research Council; Department of Education and Training"
"A Very Short-Term Probabilistic Prediction Interval Forecaster for Reducing Load Uncertainty Level in Smart Grids",10.3390/app11062538,"Applied Sciences",2021-03-12T00:00:00+00:00,1,https://doi.org/10.3390/app11062538,bankofcolombia,"Banco de la República","Flujos de capital de portafolio en Colombia",2023-07-11,"Public Sector",Government,"National Body; Financial Institution or Bank; Central Bank",Colombia,https://repositorio.banrep.gov.co/handle/20.500.12134/10668,https://app.overton.io/document.php?policy_document_id=bankofcolombia-c2ee91e1ecbcccd25fc48ff79d518fe5,"Eusko Jaurlaritza; Eusko Jaurlaritza; Fundación Caja Navarra; Fundación Caja Navarra; Villum Fonden; Villum Fonden"
"FEEdBACk: An ICT-Based Platform to Increase Energy Efficiency through Buildings’ Consumer Engagement",10.3390/en14061524,Energies,2021-03-10T00:00:00+00:00,1,https://doi.org/10.3390/en14061524,cordisbe,CORDIS,"Fostering Energy Efficiency and BehAvioural Change through ICT",2022-01-17,"Public Sector",Government,"Public Data Body or Statistics; Archive; Public Service; Mixed Roles",EU,https://ec.europa.eu/research/participants/documents/downloadPublic?documentIds=080166e5dca0bd02&appId=PPGMS,https://app.overton.io/document.php?policy_document_id=cordisbe-c63999ee5ea0883d92d043f05759dded,"ERCEA (Special project, May 2022); European Commission; European Commission; European Research Council; European Research Council; H2020_REST (Special project, May 2022); H2020_REST_ThirdPillar (Special project, May 2022)"
"Enhancing Power System Frequency with a Novel Load Shedding Method Including Monitoring of Synchronous Condensers’ Power Injections",10.3390/en14051490,Energies,2021-03-09T00:00:00+00:00,5,https://doi.org/10.3390/en14051490,europa,"Publications Office of the European Union","Advances in modelling to improve network resilience : proceedings of the 60th ESReDA seminar.",2022-08-04,"Public Sector",Government,"International Body; Public Data Body or Statistics; Archive; Public Service",EU,https://op.europa.eu/en/publication-detail/-/publication/c81e8bc9-1469-11ed-8fa0-01aa75ed71a1/language-en/format-PDF,https://app.overton.io/document.php?policy_document_id=europa-27c7e307c8d63af2947a431120deab88,
"Enhancing Power System Frequency with a Novel Load Shedding Method Including Monitoring of Synchronous Condensers’ Power Injections",10.3390/en14051490,Energies,2021-03-09T00:00:00+00:00,5,https://doi.org/10.3390/en14051490,jointresearcheu,"Joint Research Centre","Resilience assessment: Methodological challenges and applications to critical infrastructures",2024-09-04,"Public Sector",Government,"International Body; IGO Department or Agency; Research Centre; Policy Centre; Commission",EU,https://publications.jrc.ec.europa.eu/repository/handle/JRC139101,https://app.overton.io/document.php?policy_document_id=jointresearcheu-6d0b55bd166eee5dce7e14b1fcac89df,
"Enhancing Power System Frequency with a Novel Load Shedding Method Including Monitoring of Synchronous Condensers’ Power Injections",10.3390/en14051490,Energies,2021-03-09T00:00:00+00:00,5,https://doi.org/10.3390/en14051490,jointresearcheu,"Joint Research Centre","Advances in modelling to improve network resilience: Proceedings of the 60th ESReDA seminar",2022-07-15,"Public Sector",Government,"International Body; IGO Department or Agency; Research Centre; Policy Centre; Commission",EU,https://publications.jrc.ec.europa.eu/repository/handle/JRC130275,https://app.overton.io/document.php?policy_document_id=jointresearcheu-e630623ccb1a04103515faec06bf6f5a,
"Enhancing Power System Frequency with a Novel Load Shedding Method Including Monitoring of Synchronous Condensers’ Power Injections",10.3390/en14051490,Energies,2021-03-09T00:00:00+00:00,5,https://doi.org/10.3390/en14051490,ministrukabinets,"Government of Latvia","VPP“ Enerģētika ”",2023-02-01,"Public Sector",Government,"National Body; Mixed Roles; Public Service",Latvia,https://www.em.gov.lv/lv/media/16491/download,https://app.overton.io/document.php?policy_document_id=ministrukabinets-8a92bdd20b19c0b4404eb794b99d32e4,
"Enhancing Power System Frequency with a Novel Load Shedding Method Including Monitoring of Synchronous Condensers’ Power Injections",10.3390/en14051490,Energies,2021-03-09T00:00:00+00:00,5,https://doi.org/10.3390/en14051490,ministrukabinets,"Government of Latvia",Enerģētika,2023-02-01,"Public Sector",Government,"National Body; Mixed Roles; Public Service",Latvia,https://www.em.gov.lv/lv/media/16488/download?attachment,https://app.overton.io/document.php?policy_document_id=ministrukabinets-b5183778b39f63965b966e4c143217eb,
"The economic value of unsupplied electricity: Evidence from Nepal",10.1016/j.eneco.2021.105124,"Energy Economics",2021-03-01T00:00:00+00:00,6,https://doi.org/10.1016/j.eneco.2021.105124,keeikr,"Korea Energy Economics Institute","전력시장 탄소중립에 요구되는 유연성 자원의 확보를 위한 공급지장비용(VoLL) 연구(2/3)",2023-01-01,"Public Sector","Think Tank","National Body; Research Centre; Policy Centre","South Korea",https://www.nkis.re.kr/subject_view1.do?otcCd=RG&otcNm=일반연구보고서&otpId=OTP_0000000000013558&otpSeq=0&eoSeq=383918&currentPage=2&searchSelect=&searchWord=&returnPage=newest_list.do&schLclaScsId=&pblYy=&agcNms=에너지경제연구원&listPerPage=50,https://app.overton.io/document.php?policy_document_id=keeikr-48f0981eed2e8065d7ce8632be33a521,
"The economic value of unsupplied electricity: Evidence from Nepal",10.1016/j.eneco.2021.105124,"Energy Economics",2021-03-01T00:00:00+00:00,6,https://doi.org/10.1016/j.eneco.2021.105124,keeikr,"Korea Energy Economics Institute","전력시장 탄소중립에 요구되는 유연성 자원의 확보를 위한 공급지장비용(VoLL) 연구(1/3)",2022-01-01,"Public Sector","Think Tank","National Body; Research Centre; Policy Centre","South Korea",https://www.nkis.re.kr/subject_view1.do?otpId=OTP_0000000000011559,https://app.overton.io/document.php?policy_document_id=keeikr-58c42c9a7cc5fa88584b2e45bdeb537e,
"The economic value of unsupplied electricity: Evidence from Nepal",10.1016/j.eneco.2021.105124,"Energy Economics",2021-03-01T00:00:00+00:00,6,https://doi.org/10.1016/j.eneco.2021.105124,keeikr,"Korea Energy Economics Institute","전력시장 탄소중립에 요구되는 유연성 자원의 확보를 위한 공급지장비용(VoLL) 연구(2/3)",2023-01-01,"Public Sector","Think Tank","National Body; Research Centre; Policy Centre","South Korea",https://www.nkis.re.kr/subject_view1.do?otpId=OTP_0000000000013558,https://app.overton.io/document.php?policy_document_id=keeikr-966602c44ede35deafd9d0595cc752e4,
"The economic value of unsupplied electricity: Evidence from Nepal",10.1016/j.eneco.2021.105124,"Energy Economics",2021-03-01T00:00:00+00:00,6,https://doi.org/10.1016/j.eneco.2021.105124,keeikr,"Korea Energy Economics Institute","전력시장 탄소중립에 요구되는 유연성 자원의 확보를 위한 공급지장비용(VoLL) 연구(1/3)",2022-01-01,"Public Sector","Think Tank","National Body; Research Centre; Policy Centre","South Korea",https://www.nkis.re.kr/subject_view1.do?otcCd=RG&otcNm=일반연구보고서&otpId=OTP_0000000000011559&otpSeq=0&eoSeq=371654&currentPage=2&searchSelect=&searchWord=&returnPage=newest_list.do&schLclaScsId=&pblYy=&agcNms=에너지경제연구원&listPerPage=50,https://app.overton.io/document.php?policy_document_id=keeikr-b7ed7b7afe5889f94db42fb534686951,
"The economic value of unsupplied electricity: Evidence from Nepal",10.1016/j.eneco.2021.105124,"Energy Economics",2021-03-01T00:00:00+00:00,6,https://doi.org/10.1016/j.eneco.2021.105124,odi,"Overseas Development Institute (ODI)","Opportunities and co-benefits of transitioning to a net-zero economy in Kyrgyzstan, Tajikistan and Uzbekistan",2022-12-16,"Third Sector","Think Tank","Research Centre; Policy Centre",UK,https://odi.org/en/publications/opportunities-and-co-benefits-of-transitioning-to-a-net-zero-economy-in-kyrgyzstan-tajikistan-and-uzbekistan/,https://app.overton.io/document.php?policy_document_id=odi-5332bc0a78b8e18bb47fb924cbcf42e7,
"The economic value of unsupplied electricity: Evidence from Nepal",10.1016/j.eneco.2021.105124,"Energy Economics",2021-03-01T00:00:00+00:00,6,https://doi.org/10.1016/j.eneco.2021.105124,unuwider,"United Nations University World Institute for Development Economics Research","Watts happening to work? The labour market effects of South Africa’s electricity crisis",2024-04-11,"Public Sector","Think Tank","Research Centre; Policy Centre",Finland,https://www.wider.unu.edu/publication/watts-happening-work-labour-market-effects-south-africas-electricity-crisis,https://app.overton.io/document.php?policy_document_id=unuwider-4f41b5b780662a62092f084ceee77680,
"Evaluating the effectiveness of transom window in reducing cooling energy use in high-rise residential buildings in Hong Kong",10.1016/j.jobe.2020.102007,"Journal of Building Engineering",2021-03-01T00:00:00+00:00,1,https://doi.org/10.1016/j.jobe.2020.102007,unescap,"United Nations ESCAP","Mapping Existing Solutions and Best Practices on Sustainable Cooling Scoping review",2021-09-02,"Public Sector",IGO,"International Body; Arm's Length Body; Commission",IGO,https://www.unescap.org/kp/2022/mapping-existing-solutions-and-best-practices-sustainable-cooling-scoping-review,https://app.overton.io/document.php?policy_document_id=unescap-1d6bc4101c627f7f1da8d054dd4f0bc5,
"A deep learning framework for building energy consumption forecast",10.1016/j.rser.2020.110591,"Renewable and Sustainable Energy Reviews",2021-03-01T00:00:00+00:00,2,https://doi.org/10.1016/j.rser.2020.110591,kmikr,"Korea Maritime Institute","항만 에너지 관리시스템 도입을 위한 로드맵 구축 연구 -부산항 신항 전기에너지 소비를 중심으로-",2021-01-01,"Public Sector","Think Tank","National Body; Research Centre; Policy Centre","South Korea",https://www.nkis.re.kr/subject_view1.do?otcCd=RB&otcNm=기본연구보고서&otpId=OTP_0000000000008196&otpSeq=0&eoSeq=&currentPage=4&searchSelect=&searchWord=&returnPage=newest_list.do&schLclaScsId=&pblYy=&agcNms=한국해양수산개발원&listPerPage=50,https://app.overton.io/document.php?policy_document_id=kmikr-54753501cb7638d7634a83af101c253e,"Indian Institute of Technology Bombay; Indian Institute of Technology Bombay; Ministry of Education, India; Ministry of Human Resource Development"
"A deep learning framework for building energy consumption forecast",10.1016/j.rser.2020.110591,"Renewable and Sustainable Energy Reviews",2021-03-01T00:00:00+00:00,2,https://doi.org/10.1016/j.rser.2020.110591,kmikr,"Korea Maritime Institute","항만 에너지 관리시스템 도입을 위한 로드맵 구축 연구 -부산항 신항 전기에너지 소비를 중심으로-",2021-01-01,"Public Sector","Think Tank","National Body; Research Centre; Policy Centre","South Korea",https://www.nkis.re.kr/subject_view1.do?otpId=OTP_0000000000008196,https://app.overton.io/document.php?policy_document_id=kmikr-717da4102386f368f13d0dc88008710d,"Indian Institute of Technology Bombay; Indian Institute of Technology Bombay; Ministry of Education, India; Ministry of Human Resource Development"
"Modelling heating and cooling energy demand for building stock using a hybrid approach",10.1016/j.enbuild.2021.110740,"Energy and Buildings",2021-03-01T00:00:00+00:00,1,https://doi.org/10.1016/j.enbuild.2021.110740,bancaditalia,"Banca D'Italia","Banca d'Italia - N. 850 - Stimare la distribuzione degli attestati di prestazione energetica in Italia: un approccio basato sul machine learning",2024-05-29,"Public Sector",Government,"National Body; Financial Institution or Bank; Central Bank",Italy,https://www.bancaditalia.it/pubblicazioni/qef/2024-0850/index.html,https://app.overton.io/document.php?policy_document_id=bancaditalia-3c8dee682c32b2a1e6c6f7bdccf5237b,"Engineering and Physical Sciences Research Council; Engineering and Physical Sciences Research Council; National High-tech Research and Development Program; National Natural Science Foundation of China; National Natural Science Foundation of China; UK Research and Innovation; UKRI (Special project, May 2022)"
"Evaluation of the risk and benefit of the complementary operation of the large wind-photovoltaic-hydropower system considering forecast uncertainty",10.1016/j.apenergy.2021.116442,"Applied Energy",2021-03-01T00:00:00+00:00,4,https://doi.org/10.1016/j.apenergy.2021.116442,europa,"Publications Office of the European Union","Clean Energy Technology Observatory, Hydropower and pumped hydropower storage in the European Union : status report on technology development, trends, value chains and markets : 2022.",2022-11-15,"Public Sector",Government,"International Body; Public Data Body or Statistics; Archive; Public Service",EU,https://op.europa.eu/en/publication-detail/-/publication/afa16a1f-657a-11ed-9f85-01aa75ed71a1/language-en/format-PDF,https://app.overton.io/document.php?policy_document_id=europa-0cb223d85bcc09e894c2c61e8611d07a,"Fundamental Research Funds for the Central Universities; Fundamental Research Funds for the Central Universities; Ministry of Finance; National High-tech Research and Development Program; National Natural Science Foundation of China; National Natural Science Foundation of China"
"Evaluation of the risk and benefit of the complementary operation of the large wind-photovoltaic-hydropower system considering forecast uncertainty",10.1016/j.apenergy.2021.116442,"Applied Energy",2021-03-01T00:00:00+00:00,4,https://doi.org/10.1016/j.apenergy.2021.116442,europa,"Publications Office of the European Union","Clean Energy Technology Observatory, Hydropower and pumped hydropower storage in the European Union",2023-10-23,"Public Sector",Government,"International Body; Public Data Body or Statistics; Archive; Public Service",EU,https://op.europa.eu/en/publication-detail/-/publication/d4d72882-7229-11ee-9220-01aa75ed71a1/language-en/format-PDF,https://app.overton.io/document.php?policy_document_id=europa-665def6a4d6d3e4bc2bf899490140f02,"Fundamental Research Funds for the Central Universities; Fundamental Research Funds for the Central Universities; Ministry of Finance; National High-tech Research and Development Program; National Natural Science Foundation of China; National Natural Science Foundation of China"
"Evaluation of the risk and benefit of the complementary operation of the large wind-photovoltaic-hydropower system considering forecast uncertainty",10.1016/j.apenergy.2021.116442,"Applied Energy",2021-03-01T00:00:00+00:00,4,https://doi.org/10.1016/j.apenergy.2021.116442,jointresearcheu,"Joint Research Centre","Clean Energy Technology Observatory: Hydropower and Pumped Hydropower Storage in the European Union - 2023 Status Report on Technology Development, Trends, Value Chains and Markets",2023-10-20,"Public Sector",Government,"International Body; IGO Department or Agency; Research Centre; Policy Centre; Commission",EU,https://publications.jrc.ec.europa.eu/repository/handle/JRC134918,https://app.overton.io/document.php?policy_document_id=jointresearcheu-3d0dd75f126922a03a663cedf9f7d2e0,"Fundamental Research Funds for the Central Universities; Fundamental Research Funds for the Central Universities; Ministry of Finance; National High-tech Research and Development Program; National Natural Science Foundation of China; National Natural Science Foundation of China"
"Evaluation of the risk and benefit of the complementary operation of the large wind-photovoltaic-hydropower system considering forecast uncertainty",10.1016/j.apenergy.2021.116442,"Applied Energy",2021-03-01T00:00:00+00:00,4,https://doi.org/10.1016/j.apenergy.2021.116442,jointresearcheu,"Joint Research Centre","Clean Energy Technology Observatory: Hydropower and Pumped Hydropower Storage in the European Union – 2022 Status Report on Technology Development, Trends, Value Chains and Markets",2022-11-16,"Public Sector",Government,"International Body; IGO Department or Agency; Research Centre; Policy Centre; Commission",EU,https://publications.jrc.ec.europa.eu/repository/handle/JRC130587,https://app.overton.io/document.php?policy_document_id=jointresearcheu-6c3396d15d8143c807a5177a9c690e64,"Fundamental Research Funds for the Central Universities; Fundamental Research Funds for the Central Universities; Ministry of Finance; National High-tech Research and Development Program; National Natural Science Foundation of China; National Natural Science Foundation of China"
"Sustainability, climate resiliency, and mitigation capacity of geothermal heat pump systems in cold regions",10.1016/j.geothermics.2020.101979,Geothermics,2021-03-01T00:00:00+00:00,1,https://doi.org/10.1016/j.geothermics.2020.101979,europeum,Europeum,"EU MONITOR: Geothermal energy and the Visegrad group",2021-12-03,"Third Sector","Think Tank","Research Centre; Policy Centre","Czech Republic",http://www.europeum.org/en/articles/detail/4584/eu-monitor-geothermal-energy-and-the-visegrad-group,https://app.overton.io/document.php?policy_document_id=europeum-f0fcb3b2a9bb79f17b13ff52560d73db,"Environmental Studies Research Funds; SSHRC (Special project, May 2022); Social Sciences and Humanities Research Council of Canada; Social Sciences and Humanities Research Council of Canada"
"Impedance Methods for Analyzing Stability Impacts of Inverter-Based Resources: Stability Analysis Tools for Modern Power Systems",10.1109/mele.2020.3047166,"IEEE Electrification Magazine",2021-03-01T00:00:00+00:00,7,https://doi.org/10.1109/mele.2020.3047166,esigusa,"Energy Systems Integration Group (ESIG)","Grid-Forming Technology in Energy Systems Integration",2022-03-12,"Third Sector","Think Tank","Research Centre; Policy Centre; Professional Network, Association, Union or Cooperative",USA,https://www.esig.energy/reports-briefs/grid-forming-technology-in-energy-systems-integration/,https://app.overton.io/document.php?policy_document_id=esigusa-5840fa762e84f685cfdd3b9d0615e69c,"National Renewable Energy Laboratory for the U.S. Department of Energy; U.S. Department of Energy"
"Impedance Methods for Analyzing Stability Impacts of Inverter-Based Resources: Stability Analysis Tools for Modern Power Systems",10.1109/mele.2020.3047166,"IEEE Electrification Magazine",2021-03-01T00:00:00+00:00,7,https://doi.org/10.1109/mele.2020.3047166,esigusa,"Energy Systems Integration Group (ESIG)","Integrated Planning",2025-05-06,"Third Sector","Think Tank","Research Centre; Policy Centre; Professional Network, Association, Union or Cooperative",USA,https://www.esig.energy/reports-briefs/integrated-planning/,https://app.overton.io/document.php?policy_document_id=esigusa-8bd17ff3536d9bffcdff67207ce938db,"National Renewable Energy Laboratory for the U.S. Department of Energy; U.S. Department of Energy"
"Impedance Methods for Analyzing Stability Impacts of Inverter-Based Resources: Stability Analysis Tools for Modern Power Systems",10.1109/mele.2020.3047166,"IEEE Electrification Magazine",2021-03-01T00:00:00+00:00,7,https://doi.org/10.1109/mele.2020.3047166,esigusa,"Energy Systems Integration Group (ESIG)","Diagnosis and Mitigation of Observed Oscillations in IBR-Dominant Power Systems",2024-07-17,"Third Sector","Think Tank","Research Centre; Policy Centre; Professional Network, Association, Union or Cooperative",USA,https://www.esig.energy/reports-briefs/oscillations-guide/,https://app.overton.io/document.php?policy_document_id=esigusa-98a1b3edd07450a6dc02b27ffdcb3958,"National Renewable Energy Laboratory for the U.S. Department of Energy; U.S. Department of Energy"
"Impedance Methods for Analyzing Stability Impacts of Inverter-Based Resources: Stability Analysis Tools for Modern Power Systems",10.1109/mele.2020.3047166,"IEEE Electrification Magazine",2021-03-01T00:00:00+00:00,7,https://doi.org/10.1109/mele.2020.3047166,gpogov,"Government Publishing Office (GPO)","Which IBRs are causing oscillations? : a flexible and scalable impedance scan tool to evaluate small-signal stability, control interactions, and oscillations in IBR grids /",2021-09-17,"Public Sector",Government,"National Body; Mixed Roles; Public Service",USA,https://purl.fdlp.gov/GPO/gpo177989,https://app.overton.io/document.php?policy_document_id=gpogov-058ebdcc926562330b804c75bea7ef52,"National Renewable Energy Laboratory for the U.S. Department of Energy; U.S. Department of Energy"
"Impedance Methods for Analyzing Stability Impacts of Inverter-Based Resources: Stability Analysis Tools for Modern Power Systems",10.1109/mele.2020.3047166,"IEEE Electrification Magazine",2021-03-01T00:00:00+00:00,7,https://doi.org/10.1109/mele.2020.3047166,nrelosti,"National Renewable Energy Laboratory","Accomplishments and Year-End Performance Report; Wind Energy Program: Fiscal Year 2021",2021-12-17,"Public Sector",Government,"National Body; Arm's Length Body; Research Centre; Policy Centre",USA,https://www.osti.gov/biblio/1837969,https://app.overton.io/document.php?policy_document_id=nrelosti-278b118ebc9e12f537342d5810e7cb53,"National Renewable Energy Laboratory for the U.S. Department of Energy; U.S. Department of Energy"
"Impedance Methods for Analyzing Stability Impacts of Inverter-Based Resources: Stability Analysis Tools for Modern Power Systems",10.1109/mele.2020.3047166,"IEEE Electrification Magazine",2021-03-01T00:00:00+00:00,7,https://doi.org/10.1109/mele.2020.3047166,nrelosti,"National Renewable Energy Laboratory","Design and Operation of Energy Systems with Large Amounts of Variable Generation: Final Summary Report, IEA Wind TCP Task 25",2021-10-01,"Public Sector",Government,"National Body; Arm's Length Body; Research Centre; Policy Centre",USA,https://www.osti.gov/biblio/1843208,https://app.overton.io/document.php?policy_document_id=nrelosti-e140641e71085d8e9640e547e239f671,"National Renewable Energy Laboratory for the U.S. Department of Energy; U.S. Department of Energy"
"Impedance Methods for Analyzing Stability Impacts of Inverter-Based Resources: Stability Analysis Tools for Modern Power Systems",10.1109/mele.2020.3047166,"IEEE Electrification Magazine",2021-03-01T00:00:00+00:00,7,https://doi.org/10.1109/mele.2020.3047166,stateofkentucky,"State of Kentucky","2024 RTO Membership Analysis Appendix 4",2024-05-29,"Public Sector",Government,"Regional or State Level Body; Mixed Roles; Public Service",USA,https://psc.ky.gov/pscecf/2020-00350/rick.lovekamp@lge-ku.com/10182024021530/Closed/06-2024IRP_Vol_III_RTO_Analysis_Appendix_4_-_MISO_2023_Attributes_Roadmap.pdf,https://app.overton.io/document.php?policy_document_id=stateofkentucky-88af356532e5c648b0d5cd86605b9985,"National Renewable Energy Laboratory for the U.S. Department of Energy; U.S. Department of Energy"
"Design and implementation of model predictive control for microgrid energy system with power quality improvement features",10.1080/00207217.2020.1870753,"International Journal of Electronics",2021-02-28T00:00:00+00:00,1,https://doi.org/10.1080/00207217.2020.1870753,tnonl,"Nederlandse Organisatie voor Toegepast Natuurwetenschappelijk Onderzoek","DC Grid Integration: Literature Review and Technical Focus",2026-01-01,"Public Sector",Government,"Research Centre",Netherlands,https://repository.tno.nl/SingleDoc?docId=86154,https://app.overton.io/document.php?policy_document_id=tnonl-0c14f86ba50c1c5ccb2aaf469232da60,
"Effects of the COVID-19 Pandemic on Energy Systems and Electric Power Grids—A Review of the Challenges Ahead",10.3390/en14041056,Energies,2021-02-17T00:00:00+00:00,1,https://doi.org/10.3390/en14041056,wuppertal,"Wuppertal Institut","Sustainable transformation of Israel's energy system : development of a phase model",2021-09-23,"Third Sector","Think Tank","Research Centre; Policy Centre",Germany,https://epub.wupperinst.org/frontdoor/index/index/searchtype/all/docId/7966,https://app.overton.io/document.php?policy_document_id=wuppertal-fce967b62fdec5d1821f4142ea7cf753,"Israel Science Foundation; Israel Science Foundation"
"Energy Consumption in Central and Eastern Europe (CEE) Households in the Platform Economics",10.3390/en14041002,Energies,2021-02-14T00:00:00+00:00,1,https://doi.org/10.3390/en14041002,ecologic,"Ecologic Institute","Long-Term Strategies Assessment of the Visegrád Group Countries",2022-02-24,"Third Sector","Think Tank","Research Centre",Germany,https://www.ecologic.eu/18512,https://app.overton.io/document.php?policy_document_id=ecologic-052c41a793c0b7541f119292f6a307fe,
"Building Energy Performance Assessment Using an Easily Deployable Sensor Kit: Process, Risks, and Lessons Learned",10.3389/fbuil.2020.609877,"Frontiers in Built Environment",2021-02-10T00:00:00+00:00,1,https://doi.org/10.3389/fbuil.2020.609877,worldbank,"World Bank","Conceptualizing and Measuring Energy Poverty in Bulgaria",2024-06-28,"Public Sector",IGO,"International Body; Financial Institution or Bank; Development Bank; Policy Centre",IGO,https://hdl.handle.net/10986/41800,https://app.overton.io/document.php?policy_document_id=worldbank-31efd3821a3d4d35da8168ffd579f8f2,
"An Ensemble Model based on Deep Learning and Data Preprocessing for Short-Term Electrical Load Forecasting",10.3390/su13041694,Sustainability,2021-02-04T00:00:00+00:00,2,https://doi.org/10.3390/su13041694,aceee,ACEEE,"Energy Efficiency And Demand-Response: Tools To Address Texas’ Reliability Challenges",2023-10-06,"Third Sector","Think Tank","Research Centre; Policy Centre",USA,https://www.aceee.org/white-paper/2023/08/energy-efficiency-and-demand-response-tools-address-texas-reliability,https://app.overton.io/document.php?policy_document_id=aceee-9891232ff543ca5211a859463a6d45ec,
"An Ensemble Model based on Deep Learning and Data Preprocessing for Short-Term Electrical Load Forecasting",10.3390/su13041694,Sustainability,2021-02-04T00:00:00+00:00,2,https://doi.org/10.3390/su13041694,aceee,ACEEE,"Energy Efficiency and Demand-Response: Tools to Address Texas’ Reliability Challenges",2021-10-13,"Third Sector","Think Tank","Research Centre; Policy Centre",USA,https://www.aceee.org/white-paper/2021/10/energy-efficiency-and-demand-response-tools-address-texas-reliability,https://app.overton.io/document.php?policy_document_id=aceee-e2336e6245fd48d3bf2c1d318c902628,
"Fault‐tolerant individual pitch control of floating offshore wind turbines via subspace predictive repetitive control",10.1002/we.2616,"Wind Energy",2021-02-03T00:00:00+00:00,1,https://doi.org/10.1002/we.2616,sintefno,SINTEF,"Control Challenges and Possibilities for Offshore Wind Farms",2013-01-01,"Private Sector","Think Tank","Research Centre; Policy Centre",Norway,https://nva.sikt.no/registration/0198cc447516-d6ef64d9-1c94-4167-9259-04ef157ccb13,https://app.overton.io/document.php?policy_document_id=sintefno-118b11f1d4e8b6e325af24c8a7f17b96,"European Commission; H2020 Marie Skłodowska-Curie Actions; H2020_REST (Special project, May 2022); H2020_REST_FirstPillar (Special project, May 2022); HORIZON EUROPE Marie Sklodowska-Curie Actions; Horizon 2020 Framework Programme"
"Vertical integration, recycling mechanism, and disadvantaged independent suppliers in the renewable obligation in the UK",10.1016/j.eneco.2020.105093,"Energy Economics",2021-02-01T00:00:00+00:00,1,https://doi.org/10.1016/j.eneco.2020.105093,europa,"Publications Office of the European Union","Review of different national approaches to supporting renewable energy development.",2022-04-05,"Public Sector",Government,"International Body; Public Data Body or Statistics; Archive; Public Service",EU,https://op.europa.eu/en/publication-detail/-/publication/be78fb21-b555-11ec-b6f4-01aa75ed71a1/language-en/format-PDF,https://app.overton.io/document.php?policy_document_id=europa-38007d4f9e5bbde1a421c0739b92a4c7,
"Do minimum trading capacities for the cross-zonal exchange of electricity lead to welfare losses?",10.1016/j.enpol.2020.112030,"Energy Policy",2021-02-01T00:00:00+00:00,1,https://doi.org/10.1016/j.enpol.2020.112030,rijksoverheid,Rijksoverheid,"Study on the effects of alternative German and Dutch BZ configurations on SEW and CO2 emissions",2025-01-14,"Public Sector",Government,"National Body; Mixed Roles; Public Service",Netherlands,https://open.overheid.nl/documenten/19840fa2-432a-42eb-a903-b44ecdf21396,https://app.overton.io/document.php?policy_document_id=rijksoverheid-dbda5030b2bb218c65c79c8a48d7af9d,
"Multivariate probabilistic forecasting and its performance’s impacts on long-term dispatch of hydro-wind hybrid systems",10.1016/j.apenergy.2020.116243,"Applied Energy",2021-02-01T00:00:00+00:00,1,https://doi.org/10.1016/j.apenergy.2020.116243,worldbank,"World Bank","The Economic Value of Weather Forecasts: A Quantitative Systematic Literature Review",2025-09-10,"Public Sector",IGO,"International Body; Financial Institution or Bank; Development Bank; Policy Centre",IGO,https://hdl.handle.net/10986/43709,https://app.overton.io/document.php?policy_document_id=worldbank-166063645993671adff0f4de1d9140a7,"National Natural Science Foundation of China; National Natural Science Foundation of China"
"On the movement simulations of electric vehicles: A behavioral model-based approach",10.1016/j.apenergy.2020.116356,"Applied Energy",2021-02-01T00:00:00+00:00,2,https://doi.org/10.1016/j.apenergy.2020.116356,europa,"Publications Office of the European Union","10th International Symposium on Transportation Data & Modelling (ISTDM2023)",2023-11-07,"Public Sector",Government,"International Body; Public Data Body or Statistics; Archive; Public Service",EU,https://op.europa.eu/en/publication-detail/-/publication/f183e95c-7de9-11ee-99ba-01aa75ed71a1/language-en/format-PDF,https://app.overton.io/document.php?policy_document_id=europa-e76e385f1d910e2360ff14d1b9f4b4ab,"Fundamental Research Funds for the Central Universities; Fundamental Research Funds for the Central Universities; Ministry of Education of the People's Republic of China; Ministry of Finance"
"On the movement simulations of electric vehicles: A behavioral model-based approach",10.1016/j.apenergy.2020.116356,"Applied Energy",2021-02-01T00:00:00+00:00,2,https://doi.org/10.1016/j.apenergy.2020.116356,jointresearcheu,"Joint Research Centre","10th International Symposium on Transportation Data & Modelling (ISTDM2023) Ispra, 19-22 June 2023",2023-10-30,"Public Sector",Government,"International Body; IGO Department or Agency; Research Centre; Policy Centre; Commission",EU,https://publications.jrc.ec.europa.eu/repository/handle/JRC134973,https://app.overton.io/document.php?policy_document_id=jointresearcheu-f3723565d7b320cf15fe65731c66bb1f,"Fundamental Research Funds for the Central Universities; Fundamental Research Funds for the Central Universities; Ministry of Education of the People's Republic of China; Ministry of Finance"
"Refrigerator cost trap for low-income households: Developments in measurement and verification of appliance replacements",10.1016/j.esd.2020.11.001,"Energy for Sustainable Development",2021-02-01T00:00:00+00:00,1,https://doi.org/10.1016/j.esd.2020.11.001,worldbank,"World Bank","Do Investments in Clean Technologies Reduce Production Costs? Insights from the Literature",2021-07-01,"Public Sector",IGO,"International Body; Financial Institution or Bank; Development Bank; Policy Centre",IGO,https://openknowledge.worldbank.org/handle/10986/35885,https://app.overton.io/document.php?policy_document_id=worldbank-0aea929ee4905eb3a1b24072ae647e4a,"NSW Office of Environment and Heritage; NSW Office of Environment and Heritage"
"Stepped generalized predictive control of test tank temperature based on backpropagation neural network",10.1016/j.aej.2020.08.032,"Alexandria Engineering Journal",2021-02-01T00:00:00+00:00,1,https://doi.org/10.1016/j.aej.2020.08.032,embrapabr,"Empresa Brasileira de Pesquisa Agropecuária (EMBRAPA)","ALLSENSORS 2025 The Tenth International Conference on Advances in Sensors, Actuators, Metering and Sensing.",2025-01-01,"Public Sector","Think Tank","National Body; Policy Centre",Brazil,https://www.embrapa.br/busca-de-publicacoes/-/publicacao/1179145/allsensors-2025-the-tenth-international-conference-on-advances-in-sensors-actuators-metering-and-sensing,https://app.overton.io/document.php?policy_document_id=embrapabr-331969259954117b11878c390ce7740e,"National Natural Science Foundation of China; National Natural Science Foundation of China"
"LEAP-WEAP analysis of urban energy-water dynamic nexus in Beijing (China)",10.1016/j.rser.2020.110369,"Renewable and Sustainable Energy Reviews",2021-02-01T00:00:00+00:00,1,https://doi.org/10.1016/j.rser.2020.110369,seise,"Stockholm Environment Institute","Source water protection and diversification for resilient urban water supply",2023-12-01,"Third Sector","Think Tank","Research Centre; Policy Centre",Sweden,https://www.sei.org/publications/source-water-protection-diversification-urban/,https://app.overton.io/document.php?policy_document_id=seise-88dc0a928680bbc5db14810a73eddb82,"Beijing Municipal Science and Technology Commission; Beijing Science and Technology Planning Project; Ministero degli Affari Esteri e della Cooperazione Internazionale; National Natural Science Foundation of China"
"Revisiting the impacts of economic growth on environmental degradation: new evidence from 115 countries",10.1007/s10651-020-00479-9,"Environmental and Ecological Statistics",2021-01-30T00:00:00+00:00,2,https://doi.org/10.1007/s10651-020-00479-9,umweltbundesamt,"Umweltbundesamt (UBA)","Towards a joint implementation of the 2030 Agenda / SDGs and the Paris Agreement",2022-02-01,"Public Sector",Government,"National Body; Government Agency; Research Centre; Monitoring or Regulatory Body",Germany,https://www.umweltbundesamt.de/publikationen/towards-a-joint-implementation-of-the-2030-agenda-0,https://app.overton.io/document.php?policy_document_id=umweltbundesamt-1dbf4eb407fb4edd30944c77a0fd9320,"Australian Government; Australian Government"
"Revisiting the impacts of economic growth on environmental degradation: new evidence from 115 countries",10.1007/s10651-020-00479-9,"Environmental and Ecological Statistics",2021-01-30T00:00:00+00:00,2,https://doi.org/10.1007/s10651-020-00479-9,umweltbundesamt,"Umweltbundesamt (UBA)","Towards a joint implementation of the 2030 Agenda / SDGs, the Paris Agreement and the Sendai Framework",2022-02-01,"Public Sector",Government,"National Body; Government Agency; Research Centre; Monitoring or Regulatory Body",Germany,https://www.umweltbundesamt.de/publikationen/towards-a-joint-implementation-of-the-2030-agenda,https://app.overton.io/document.php?policy_document_id=umweltbundesamt-51a9872bf3e7742340f2dd9018391649,"Australian Government; Australian Government"
"Floating platform effects on power generation in spar and semisubmersible wind turbines",10.1002/we.2608,"Wind Energy",2021-01-26T00:00:00+00:00,2,https://doi.org/10.1002/we.2608,nrelosti,"National Renewable Energy Laboratory","Accomplishments and Year-End Performance Report; Wind Energy Program: Fiscal Year 2021",2021-12-17,"Public Sector",Government,"National Body; Arm's Length Body; Research Centre; Policy Centre",USA,https://www.osti.gov/biblio/1837969,https://app.overton.io/document.php?policy_document_id=nrelosti-278b118ebc9e12f537342d5810e7cb53,"NSF (Special project, May 2022); National Renewable Energy Laboratory; National Science Foundation; National Science Foundation; University of Maine"
"Floating platform effects on power generation in spar and semisubmersible wind turbines",10.1002/we.2608,"Wind Energy",2021-01-26T00:00:00+00:00,2,https://doi.org/10.1002/we.2608,nrelosti,"National Renewable Energy Laboratory","FY21 NREL Wind Energy Accomplishments and Mid Year Performance Report",2021-06-16,"Public Sector",Government,"National Body; Arm's Length Body; Research Centre; Policy Centre",USA,https://www.osti.gov/biblio/1798080,https://app.overton.io/document.php?policy_document_id=nrelosti-e0c1b1e48bb9c474ba82f4d4b58989d6,"NSF (Special project, May 2022); National Renewable Energy Laboratory; National Science Foundation; National Science Foundation; University of Maine"
"Predicted Medium Vote Thermal Comfort Analysis Applying Energy Simulations with Phase Change Materials for Very Hot-Humid Climates in Social Housing in Ecuador",10.3390/su13031257,Sustainability,2021-01-26T00:00:00+00:00,1,https://doi.org/10.3390/su13031257,boe,"Boletín Oficial del Estado","Estrategias sostenibles para minimizar la pobreza energética y mejorar el bienestar ambiental",2025-07-30,"Public Sector",Government,"National Body; Public Service; Archive",Spain,https://cpage.mpr.gob.es/producto/estrategias-sostenibles-para-minimizar-la-pobreza-energetica-y-mejorar-el-bienestar-ambiental/,https://app.overton.io/document.php?policy_document_id=boe-2fc10c85c5120ff167f1a557bd3bb1a2,"Secretaría de Educación Superior, Ciencia, Tecnología e Innovación; Secretaría de Educación Superior, Ciencia, Tecnología e Innovación"
"A machine-learning approach to predicting Africa’s electricity mix based on planned power plants and their chances of success",10.1038/s41560-020-00755-9,"Nature Energy",2021-01-11T00:00:00+00:00,11,https://doi.org/10.1038/s41560-020-00755-9,bruegel,Bruegel,"German elections: seizing the moral and economic opportunity of global health security",2021-09-24,"Third Sector","Think Tank","Research Centre; Policy Centre",Belgium,https://www.bruegel.org/blog-post/german-elections-seizing-moral-and-economic-opportunity-global-health-security,https://app.overton.io/document.php?policy_document_id=bruegel-708da995d8003fd5933df1bd1917654b,"British Academy; British Academy"
"A machine-learning approach to predicting Africa’s electricity mix based on planned power plants and their chances of success",10.1038/s41560-020-00755-9,"Nature Energy",2021-01-11T00:00:00+00:00,11,https://doi.org/10.1038/s41560-020-00755-9,irena,"International Renewable Energy Agency","Renewable Energy Market Analysis",2022-01-14,"Public Sector",IGO,"International Body; IGO Department or Agency; Policy Centre; Monitoring or Regulatory Body; Research Centre",IGO,https://www.irena.org/publications/2022/Jan/Renewable-Energy-Market-Analysis-Africa,https://app.overton.io/document.php?policy_document_id=irena-4514186e320c4bb22a693e766bc56d89,"British Academy; British Academy"
"A machine-learning approach to predicting Africa’s electricity mix based on planned power plants and their chances of success",10.1038/s41560-020-00755-9,"Nature Energy",2021-01-11T00:00:00+00:00,11,https://doi.org/10.1038/s41560-020-00755-9,irena,"International Renewable Energy Agency","Sub-Saharan Africa: Policies and finance for renewable energy deployment",2024-07-02,"Public Sector",IGO,"International Body; IGO Department or Agency; Policy Centre; Monitoring or Regulatory Body; Research Centre",IGO,https://www.irena.org/Publications/2024/Jul/Sub-Saharan-Africa-Policies-and-finance-for-renewable-energy-deployment,https://app.overton.io/document.php?policy_document_id=irena-ab9c5eeba39a5c5abee798c287a37ce6,"British Academy; British Academy"
"A machine-learning approach to predicting Africa’s electricity mix based on planned power plants and their chances of success",10.1038/s41560-020-00755-9,"Nature Energy",2021-01-11T00:00:00+00:00,11,https://doi.org/10.1038/s41560-020-00755-9,irena,"International Renewable Energy Agency","Renewable Energy Market Analysis: Africa and its Regions",2022-01-14,"Public Sector",IGO,"International Body; IGO Department or Agency; Policy Centre; Monitoring or Regulatory Body; Research Centre",IGO,https://www.irena.org/Publications/2022/Jan/Renewable-Energy-Market-Analysis-Africa,https://app.overton.io/document.php?policy_document_id=irena-acf7fb6b9c76bf0b562efd8953d94bb7,"British Academy; British Academy"
"A machine-learning approach to predicting Africa’s electricity mix based on planned power plants and their chances of success",10.1038/s41560-020-00755-9,"Nature Energy",2021-01-11T00:00:00+00:00,11,https://doi.org/10.1038/s41560-020-00755-9,kbwpl,"Klimatyczna Baza Wiedzy (KBW)","State of climate action 2022 - Klimatyczna Baza Wiedzy",2022-11-01,"Third Sector","Think Tank","Research Centre; Policy Centre; Initiative, Programme or Project; Professional Network, Association, Union or Cooperative; International Body",Poland,https://klimatycznabazawiedzy.org/raport/state-of-climate-action-2022/,https://app.overton.io/document.php?policy_document_id=kbwpl-52e0c0d6df76b25a71022cc2d588f70a,"British Academy; British Academy"
"A machine-learning approach to predicting Africa’s electricity mix based on planned power plants and their chances of success",10.1038/s41560-020-00755-9,"Nature Energy",2021-01-11T00:00:00+00:00,11,https://doi.org/10.1038/s41560-020-00755-9,kbwpl,"Klimatyczna Baza Wiedzy (KBW)","2023 Forest Declaration Assessment: Off track and falling behind - Klimatyczna Baza Wiedzy",2023-10-23,"Third Sector","Think Tank","Research Centre; Policy Centre; Initiative, Programme or Project; Professional Network, Association, Union or Cooperative; International Body",Poland,https://klimatycznabazawiedzy.org/raport/2023-forest-declaration-assessment-off-track-and-falling-behind/,https://app.overton.io/document.php?policy_document_id=kbwpl-597dbf96014f6ba828a536b1a14aeeec,"British Academy; British Academy"
"A machine-learning approach to predicting Africa’s electricity mix based on planned power plants and their chances of success",10.1038/s41560-020-00755-9,"Nature Energy",2021-01-11T00:00:00+00:00,11,https://doi.org/10.1038/s41560-020-00755-9,kbwpl,"Klimatyczna Baza Wiedzy (KBW)","State of climate action 2023 - Klimatyczna Baza Wiedzy",2023-11-13,"Third Sector","Think Tank","Research Centre; Policy Centre; Initiative, Programme or Project; Professional Network, Association, Union or Cooperative; International Body",Poland,https://klimatycznabazawiedzy.org/raport/state-of-climate-action-2023/,https://app.overton.io/document.php?policy_document_id=kbwpl-e2bb9839cbe3c1c828f30de7a017af95,"British Academy; British Academy"
"A machine-learning approach to predicting Africa’s electricity mix based on planned power plants and their chances of success",10.1038/s41560-020-00755-9,"Nature Energy",2021-01-11T00:00:00+00:00,11,https://doi.org/10.1038/s41560-020-00755-9,napedu,"National Academies of Sciences, Engineering, and Medicine","Greenhouse Gas Emissions Information for Decision Making: A Framework Going Forward",2022-10-04,"Public Sector",Government,"National Body; Knowledge Brokerage; Research Center; Learned Society",USA,https://www.nationalacademies.org/publications/26641,https://app.overton.io/document.php?policy_document_id=napedu-fb7cb4de0b5e83f448f5111603340bb2,"British Academy; British Academy"
"A machine-learning approach to predicting Africa’s electricity mix based on planned power plants and their chances of success",10.1038/s41560-020-00755-9,"Nature Energy",2021-01-11T00:00:00+00:00,11,https://doi.org/10.1038/s41560-020-00755-9,norad,Norad,"Bistandens bidrag til å redusere klimagassutslipp: Løsninger for mennesker, klima og miljø",2021-10-25,"Public Sector",Government,"National Body; Government Agency; Initiative, Programme or Project",Norway,https://www.norad.no/en/toolspublications/publications/2021/bistandens-bidrag-til-a-redusere-klimagassutslipp/,https://app.overton.io/document.php?policy_document_id=norad-f85a5be6f532380ec178513a5bb9eb95,"British Academy; British Academy"
"A machine-learning approach to predicting Africa’s electricity mix based on planned power plants and their chances of success",10.1038/s41560-020-00755-9,"Nature Energy",2021-01-11T00:00:00+00:00,11,https://doi.org/10.1038/s41560-020-00755-9,unfccc,"United Nations Framework Convention on Climate Change","he Bezos Earth Fund, ClimateWorks Foundation, Climate Action Tracker, Climate Analytics, NewClimate Institute, the United Nations Climate Change High-Level Champions, and World Resources Institute - State of Climate Action 2022 report",2023-03-07,"Public Sector",IGO,"International Body; Arm's Length Body; Initiative, Programme or Project; Monitoring or Regulatory Body",IGO,https://unfccc.int/documents/627194,https://app.overton.io/document.php?policy_document_id=unfccc-dbf41fd600b2436fd0e80ae3e3e57bf2,"British Academy; British Academy"
"A machine-learning approach to predicting Africa’s electricity mix based on planned power plants and their chances of success",10.1038/s41560-020-00755-9,"Nature Energy",2021-01-11T00:00:00+00:00,11,https://doi.org/10.1038/s41560-020-00755-9,worldbank,"World Bank","Green, Resilient, and Inclusive Development",2021-10-01,"Public Sector",IGO,"International Body; Financial Institution or Bank; Development Bank; Policy Centre",IGO,https://openknowledge.worldbank.org/handle/10986/36322,https://app.overton.io/document.php?policy_document_id=worldbank-cc1c56ed420e05d1163cd61f49d3c618,"British Academy; British Academy"
"Mountain waves can impact wind power generation",10.5194/wes-6-45-2021,"Wind Energy Science",2021-01-07T00:00:00+00:00,4,https://doi.org/10.5194/wes-6-45-2021,esigusa,"Energy Systems Integration Group (ESIG)","Weather Data for Power System Planning",2023-09-28,"Third Sector","Think Tank","Research Centre; Policy Centre; Professional Network, Association, Union or Cooperative",USA,https://www.esig.energy/reports-briefs/weather-data-for-power-system-planning/,https://app.overton.io/document.php?policy_document_id=esigusa-8078c554a2af9ce8cfbafa2795bd5143,"Office of Energy Efficiency and Renewable Energy; Office of Energy Efficiency and Renewable Energy; U.S. Department of Energy"
"Mountain waves can impact wind power generation",10.5194/wes-6-45-2021,"Wind Energy Science",2021-01-07T00:00:00+00:00,4,https://doi.org/10.5194/wes-6-45-2021,nrelosti,"National Renewable Energy Laboratory","Accomplishments and Year-End Performance Report; Wind Energy Program: Fiscal Year 2021",2021-12-17,"Public Sector",Government,"National Body; Arm's Length Body; Research Centre; Policy Centre",USA,https://www.osti.gov/biblio/1837969,https://app.overton.io/document.php?policy_document_id=nrelosti-278b118ebc9e12f537342d5810e7cb53,"Office of Energy Efficiency and Renewable Energy; Office of Energy Efficiency and Renewable Energy; U.S. Department of Energy"
"Mountain waves can impact wind power generation",10.5194/wes-6-45-2021,"Wind Energy Science",2021-01-07T00:00:00+00:00,4,https://doi.org/10.5194/wes-6-45-2021,nrelosti,"National Renewable Energy Laboratory",ESIF2021,2022-03-30,"Public Sector",Government,"National Body; Arm's Length Body; Research Centre; Policy Centre",USA,https://www.osti.gov/biblio/1861408,https://app.overton.io/document.php?policy_document_id=nrelosti-d5475774287693d0c72e27161b6b9b1e,"Office of Energy Efficiency and Renewable Energy; Office of Energy Efficiency and Renewable Energy; U.S. Department of Energy"
"Mountain waves can impact wind power generation",10.5194/wes-6-45-2021,"Wind Energy Science",2021-01-07T00:00:00+00:00,4,https://doi.org/10.5194/wes-6-45-2021,nrelosti,"National Renewable Energy Laboratory","FY21 NREL Wind Energy Accomplishments and Mid Year Performance Report",2021-06-16,"Public Sector",Government,"National Body; Arm's Length Body; Research Centre; Policy Centre",USA,https://www.osti.gov/biblio/1798080,https://app.overton.io/document.php?policy_document_id=nrelosti-e0c1b1e48bb9c474ba82f4d4b58989d6,"Office of Energy Efficiency and Renewable Energy; Office of Energy Efficiency and Renewable Energy; U.S. Department of Energy"
"Bermed Earth-Sheltered Wall for Low-Income House: Thermal and Energy Measure to Face Climate Change in Tropical Region",10.3390/app11010420,"Applied Sciences",2021-01-04T00:00:00+00:00,1,https://doi.org/10.3390/app11010420,unescap,"United Nations ESCAP","Mapping Existing Solutions and Best Practices on Sustainable Cooling Scoping review",2021-09-02,"Public Sector",IGO,"International Body; Arm's Length Body; Commission",IGO,https://www.unescap.org/kp/2022/mapping-existing-solutions-and-best-practices-sustainable-cooling-scoping-review,https://app.overton.io/document.php?policy_document_id=unescap-1d6bc4101c627f7f1da8d054dd4f0bc5,
"Towards nearly zero-energy residential neighbourhoods in the European Union: A case study",10.1016/j.rser.2020.110198,"Renewable and Sustainable Energy Reviews",2021-01-01T00:00:00+00:00,2,https://doi.org/10.1016/j.rser.2020.110198,unhabitat,"United Nations Human Settlement Programme","World Cities Report 2022: Envisaging the Future of Cities",2022-06-27,"Public Sector",IGO,"International Body; IGO Department or Agency; Research Centre; Policy Centre",IGO,https://unhabitat.org/sites/default/files/2022/06/wcr_2022.pdf,https://app.overton.io/document.php?policy_document_id=unhabitat-5241f8bd40c703c81760d59ab67c2b25,
"Towards nearly zero-energy residential neighbourhoods in the European Union: A case study",10.1016/j.rser.2020.110198,"Renewable and Sustainable Energy Reviews",2021-01-01T00:00:00+00:00,2,https://doi.org/10.1016/j.rser.2020.110198,unitednations,"United Nations","World cities report 2022 : envisaging the future of cities",2022-01-01,"Public Sector",IGO,"International Body; Top-Level Authority; IGO Department or Agency; Mixed Roles; Policy Centre",IGO,https://digitallibrary.un.org/record/3984713?ln=en,https://app.overton.io/document.php?policy_document_id=unitednations-6626090136420c1e330aaec29957557e,
"Intelligent Electric Power Management System for Economic Maximization in a Residential Prosumer Unit",10.1109/access.2021.3068751,"IEEE Access",2021-01-01T00:00:00+00:00,1,https://doi.org/10.1109/access.2021.3068751,fgvbr,"Fundação Getulio Vargas","Artificial intelligence for sustainability: a systematic literature review in information systems",2024-05-27,"Third Sector","Think Tank","Research Centre; Policy Centre",Brazil,https://hdl.handle.net/10438/35989,https://app.overton.io/document.php?policy_document_id=fgvbr-33e4cfb161bd6178e85e6c257db834d7,"Força Forte Company and the Pontifical Catholic University of Paraná"
"Optimization of intelligent heating ventilation air conditioning system in urban building based on BIM and artificial intelligence technology",10.2298/csis200901027l,"Computer Science and Information Systems",2021-01-01T00:00:00+00:00,2,https://doi.org/10.2298/csis200901027l,governmentofestonia,"Government of Estonia",Civitta,2024-04-22,"Public Sector",Government,"National Body; Mixed Roles; Public Service",Estonia,https://www.kliimaministeerium.ee/sites/default/files/documents/2025-10/Ehitussektori-digitaliseerituse-uuring.pdf,https://app.overton.io/document.php?policy_document_id=governmentofestonia-131fc9901a95a380608b4097bb517368,
"Optimization of intelligent heating ventilation air conditioning system in urban building based on BIM and artificial intelligence technology",10.2298/csis200901027l,"Computer Science and Information Systems",2021-01-01T00:00:00+00:00,2,https://doi.org/10.2298/csis200901027l,governmentofestonia,"Government of Estonia",Civitta,2024-04-22,"Public Sector",Government,"National Body; Mixed Roles; Public Service",Estonia,https://kliimaministeerium.ee/sites/default/files/documents/2025-10/Ehitussektori-digitaliseerituse-uuring.pdf,https://app.overton.io/document.php?policy_document_id=governmentofestonia-3b73bdfc70c2e44bb281ebfd2dc9cccd,
"Impact of economic development on CO2 emission in Africa; the role of BEVs and hydrogen production in renewable energy integration",10.1016/j.ijhydene.2020.10.134,"International Journal of Hydrogen Energy",2021-01-01T00:00:00+00:00,17,https://doi.org/10.1016/j.ijhydene.2020.10.134,ipcc,IPCC,"AR6 Climate Change 2021: Mitigation of Climate Change",2022-03-08,"Public Sector",IGO,"International Body; Arm's Length Body; Committee; Research Centre; Policy Centre",IGO,https://www.ipcc.ch/report/sixth-assessment-report-working-group-3/,https://app.overton.io/document.php?policy_document_id=ipcc-01dbc640e8794be751c4d0fa1ae8a5d0,"National Natural Science Foundation of China; National Natural Science Foundation of China"
"Impact of economic development on CO2 emission in Africa; the role of BEVs and hydrogen production in renewable energy integration",10.1016/j.ijhydene.2020.10.134,"International Journal of Hydrogen Energy",2021-01-01T00:00:00+00:00,17,https://doi.org/10.1016/j.ijhydene.2020.10.134,kbwpl,"Klimatyczna Baza Wiedzy (KBW)","Arctic Report Card 2021 - Klimatyczna Baza Wiedzy",2021-12-09,"Third Sector","Think Tank","Research Centre; Policy Centre; Initiative, Programme or Project; Professional Network, Association, Union or Cooperative; International Body",Poland,https://klimatycznabazawiedzy.org/raport/arctic-report-card-2021/,https://app.overton.io/document.php?policy_document_id=kbwpl-107ecd559b05fedab76005ebe2c3251d,"National Natural Science Foundation of China; National Natural Science Foundation of China"
"Impact of economic development on CO2 emission in Africa; the role of BEVs and hydrogen production in renewable energy integration",10.1016/j.ijhydene.2020.10.134,"International Journal of Hydrogen Energy",2021-01-01T00:00:00+00:00,17,https://doi.org/10.1016/j.ijhydene.2020.10.134,kbwpl,"Klimatyczna Baza Wiedzy (KBW)","The Ocean and Cryosphere in a Changing Climate - Klimatyczna Baza Wiedzy",2021-11-29,"Third Sector","Think Tank","Research Centre; Policy Centre; Initiative, Programme or Project; Professional Network, Association, Union or Cooperative; International Body",Poland,https://klimatycznabazawiedzy.org/raport/the-ocean-and-cryosphere-in-a-changing-climate/,https://app.overton.io/document.php?policy_document_id=kbwpl-122a25a7a84f33ae22a18570b8895ba3,"National Natural Science Foundation of China; National Natural Science Foundation of China"
"Impact of economic development on CO2 emission in Africa; the role of BEVs and hydrogen production in renewable energy integration",10.1016/j.ijhydene.2020.10.134,"International Journal of Hydrogen Energy",2021-01-01T00:00:00+00:00,17,https://doi.org/10.1016/j.ijhydene.2020.10.134,kbwpl,"Klimatyczna Baza Wiedzy (KBW)","Climate Change 2022: Mitigation of Climate Change - Klimatyczna Baza Wiedzy",2022-08-11,"Third Sector","Think Tank","Research Centre; Policy Centre; Initiative, Programme or Project; Professional Network, Association, Union or Cooperative; International Body",Poland,https://klimatycznabazawiedzy.org/raport/climate-change-2022-mitigation-of-climate-change/,https://app.overton.io/document.php?policy_document_id=kbwpl-12fd2ef7db39b63756e0edae36394064,"National Natural Science Foundation of China; National Natural Science Foundation of China"
"Impact of economic development on CO2 emission in Africa; the role of BEVs and hydrogen production in renewable energy integration",10.1016/j.ijhydene.2020.10.134,"International Journal of Hydrogen Energy",2021-01-01T00:00:00+00:00,17,https://doi.org/10.1016/j.ijhydene.2020.10.134,kbwpl,"Klimatyczna Baza Wiedzy (KBW)","State of the Global Climate 2021 - Klimatyczna Baza Wiedzy",2022-04-22,"Third Sector","Think Tank","Research Centre; Policy Centre; Initiative, Programme or Project; Professional Network, Association, Union or Cooperative; International Body",Poland,https://klimatycznabazawiedzy.org/raport/state-of-the-global-climate-2021-2/,https://app.overton.io/document.php?policy_document_id=kbwpl-2866d4c0440ccafc591b63413bf88189,"National Natural Science Foundation of China; National Natural Science Foundation of China"
"Impact of economic development on CO2 emission in Africa; the role of BEVs and hydrogen production in renewable energy integration",10.1016/j.ijhydene.2020.10.134,"International Journal of Hydrogen Energy",2021-01-01T00:00:00+00:00,17,https://doi.org/10.1016/j.ijhydene.2020.10.134,kbwpl,"Klimatyczna Baza Wiedzy (KBW)","Scientific outcome of the IPBES-IPCC co-sponsored workshop on biodiversity and climate change - Klimatyczna Baza Wiedzy",2021-07-12,"Third Sector","Think Tank","Research Centre; Policy Centre; Initiative, Programme or Project; Professional Network, Association, Union or Cooperative; International Body",Poland,https://klimatycznabazawiedzy.org/raport/scientific-outcome-of-the-ipbes-ipcc-co-sponsored-workshop-on-biodiversity-and-climate-change/,https://app.overton.io/document.php?policy_document_id=kbwpl-30fed902e92b5173151447a1f608515c,"National Natural Science Foundation of China; National Natural Science Foundation of China"
"Impact of economic development on CO2 emission in Africa; the role of BEVs and hydrogen production in renewable energy integration",10.1016/j.ijhydene.2020.10.134,"International Journal of Hydrogen Energy",2021-01-01T00:00:00+00:00,17,https://doi.org/10.1016/j.ijhydene.2020.10.134,kbwpl,"Klimatyczna Baza Wiedzy (KBW)","Climate Change 2023: Synthesis Report - Klimatyczna Baza Wiedzy",2022-07-29,"Third Sector","Think Tank","Research Centre; Policy Centre; Initiative, Programme or Project; Professional Network, Association, Union or Cooperative; International Body",Poland,https://klimatycznabazawiedzy.org/raport/climate-change-2023-synthesis-report/,https://app.overton.io/document.php?policy_document_id=kbwpl-4b07b1e2c2be1adb7740e5fcb90f905f,"National Natural Science Foundation of China; National Natural Science Foundation of China"
"Impact of economic development on CO2 emission in Africa; the role of BEVs and hydrogen production in renewable energy integration",10.1016/j.ijhydene.2020.10.134,"International Journal of Hydrogen Energy",2021-01-01T00:00:00+00:00,17,https://doi.org/10.1016/j.ijhydene.2020.10.134,kbwpl,"Klimatyczna Baza Wiedzy (KBW)","Climate Change 2022: Impacts, Adaptation and Vulnerability - Klimatyczna Baza Wiedzy",2022-07-29,"Third Sector","Think Tank","Research Centre; Policy Centre; Initiative, Programme or Project; Professional Network, Association, Union or Cooperative; International Body",Poland,https://klimatycznabazawiedzy.org/raport/climate-change-2022-impacts-adaptation-and-vulnerability/,https://app.overton.io/document.php?policy_document_id=kbwpl-6442d922ff0fac7a51bc13ba64f219be,"National Natural Science Foundation of China; National Natural Science Foundation of China"
"Impact of economic development on CO2 emission in Africa; the role of BEVs and hydrogen production in renewable energy integration",10.1016/j.ijhydene.2020.10.134,"International Journal of Hydrogen Energy",2021-01-01T00:00:00+00:00,17,https://doi.org/10.1016/j.ijhydene.2020.10.134,kbwpl,"Klimatyczna Baza Wiedzy (KBW)","Climate Change and Land - Klimatyczna Baza Wiedzy",2021-07-14,"Third Sector","Think Tank","Research Centre; Policy Centre; Initiative, Programme or Project; Professional Network, Association, Union or Cooperative; International Body",Poland,https://klimatycznabazawiedzy.org/raport/climate-change-and-land/,https://app.overton.io/document.php?policy_document_id=kbwpl-86d52b6aab3cb47e4fb35a50e6a9d733,"National Natural Science Foundation of China; National Natural Science Foundation of China"
"Impact of economic development on CO2 emission in Africa; the role of BEVs and hydrogen production in renewable energy integration",10.1016/j.ijhydene.2020.10.134,"International Journal of Hydrogen Energy",2021-01-01T00:00:00+00:00,17,https://doi.org/10.1016/j.ijhydene.2020.10.134,kbwpl,"Klimatyczna Baza Wiedzy (KBW)","United In Science 2022: A multi-organization high-level compilation of the most recent science related to climate change, impacts and responses - Klimatyczna Baza Wiedzy",2022-09-14,"Third Sector","Think Tank","Research Centre; Policy Centre; Initiative, Programme or Project; Professional Network, Association, Union or Cooperative; International Body",Poland,https://klimatycznabazawiedzy.org/raport/united-in-science-2022-a-multi-organization-high-level-compilation-of-the-most-recent-science-related-to-climate-change-impacts-and-responses/,https://app.overton.io/document.php?policy_document_id=kbwpl-95343ba408ab54d29b4e45c8b049b000,"National Natural Science Foundation of China; National Natural Science Foundation of China"
"Impact of economic development on CO2 emission in Africa; the role of BEVs and hydrogen production in renewable energy integration",10.1016/j.ijhydene.2020.10.134,"International Journal of Hydrogen Energy",2021-01-01T00:00:00+00:00,17,https://doi.org/10.1016/j.ijhydene.2020.10.134,kbwpl,"Klimatyczna Baza Wiedzy (KBW)","Zmiana Klimatu 2022: Zagrożenia, adaptacja i wrażliwość, Podsumowanie dla Decydentów - Klimatyczna Baza Wiedzy",2022-12-22,"Third Sector","Think Tank","Research Centre; Policy Centre; Initiative, Programme or Project; Professional Network, Association, Union or Cooperative; International Body",Poland,https://klimatycznabazawiedzy.org/raport/zmiana-klimatu-2022-zagrozenia-adaptacja-i-wrazliwosc-podsumowanie-dla-decydentow/,https://app.overton.io/document.php?policy_document_id=kbwpl-9b5f3b9cd92a38ad90fbf9a8063a9f85,"National Natural Science Foundation of China; National Natural Science Foundation of China"
"Impact of economic development on CO2 emission in Africa; the role of BEVs and hydrogen production in renewable energy integration",10.1016/j.ijhydene.2020.10.134,"International Journal of Hydrogen Energy",2021-01-01T00:00:00+00:00,17,https://doi.org/10.1016/j.ijhydene.2020.10.134,kbwpl,"Klimatyczna Baza Wiedzy (KBW)","Klimat Polski 2021 - Klimatyczna Baza Wiedzy",2022-06-08,"Third Sector","Think Tank","Research Centre; Policy Centre; Initiative, Programme or Project; Professional Network, Association, Union or Cooperative; International Body",Poland,https://klimatycznabazawiedzy.org/raport/klimat-polski-2021/,https://app.overton.io/document.php?policy_document_id=kbwpl-b080ae66fad1a28b03dc8c181c5f37dd,"National Natural Science Foundation of China; National Natural Science Foundation of China"
"Impact of economic development on CO2 emission in Africa; the role of BEVs and hydrogen production in renewable energy integration",10.1016/j.ijhydene.2020.10.134,"International Journal of Hydrogen Energy",2021-01-01T00:00:00+00:00,17,https://doi.org/10.1016/j.ijhydene.2020.10.134,kbwpl,"Klimatyczna Baza Wiedzy (KBW)","Zmiana Klimatu 2021, Podstawy fizyczne, Podsumowanie dla Decydentów - Klimatyczna Baza Wiedzy",2021-11-04,"Third Sector","Think Tank","Research Centre; Policy Centre; Initiative, Programme or Project; Professional Network, Association, Union or Cooperative; International Body",Poland,https://klimatycznabazawiedzy.org/raport/zmiana-klimatu-2021-podstawy-fizyczne-podsumowanie-dla-decydentow/,https://app.overton.io/document.php?policy_document_id=kbwpl-b17f00965b6e357d661b41a2d8b0eb77,"National Natural Science Foundation of China; National Natural Science Foundation of China"
"Impact of economic development on CO2 emission in Africa; the role of BEVs and hydrogen production in renewable energy integration",10.1016/j.ijhydene.2020.10.134,"International Journal of Hydrogen Energy",2021-01-01T00:00:00+00:00,17,https://doi.org/10.1016/j.ijhydene.2020.10.134,kbwpl,"Klimatyczna Baza Wiedzy (KBW)","Global Warming of 1.5 ºC - Klimatyczna Baza Wiedzy",2022-06-14,"Third Sector","Think Tank","Research Centre; Policy Centre; Initiative, Programme or Project; Professional Network, Association, Union or Cooperative; International Body",Poland,https://klimatycznabazawiedzy.org/raport/global-warming-of-1-5-oc/,https://app.overton.io/document.php?policy_document_id=kbwpl-f039a6505f9d3d56a8a3121396ee5040,"National Natural Science Foundation of China; National Natural Science Foundation of China"
"Impact of economic development on CO2 emission in Africa; the role of BEVs and hydrogen production in renewable energy integration",10.1016/j.ijhydene.2020.10.134,"International Journal of Hydrogen Energy",2021-01-01T00:00:00+00:00,17,https://doi.org/10.1016/j.ijhydene.2020.10.134,kbwpl,"Klimatyczna Baza Wiedzy (KBW)","Komunikat 04/2021 na temat zagrożeń miast wobec kryzysu klimatycznego - Klimatyczna Baza Wiedzy",2022-08-11,"Third Sector","Think Tank","Research Centre; Policy Centre; Initiative, Programme or Project; Professional Network, Association, Union or Cooperative; International Body",Poland,https://klimatycznabazawiedzy.org/raport/komunikat-04-2021-na-temat-zagrozen-miast-wobec-kryzysu-klimatycznego/,https://app.overton.io/document.php?policy_document_id=kbwpl-fdf99c9d40ffbf36a5821a74b9481b0f,"National Natural Science Foundation of China; National Natural Science Foundation of China"
"Impact of economic development on CO2 emission in Africa; the role of BEVs and hydrogen production in renewable energy integration",10.1016/j.ijhydene.2020.10.134,"International Journal of Hydrogen Energy",2021-01-01T00:00:00+00:00,17,https://doi.org/10.1016/j.ijhydene.2020.10.134,unitednations,"United Nations","Climate change 2022 : mitigation of climate change",2022-01-01,"Public Sector",IGO,"International Body; Top-Level Authority; IGO Department or Agency; Mixed Roles; Policy Centre",IGO,https://digitallibrary.un.org/record/3967257?ln=en,https://app.overton.io/document.php?policy_document_id=unitednations-b55056029deb6c0c3bae6db2b291d287,"National Natural Science Foundation of China; National Natural Science Foundation of China"
"Impact of economic development on CO2 emission in Africa; the role of BEVs and hydrogen production in renewable energy integration",10.1016/j.ijhydene.2020.10.134,"International Journal of Hydrogen Energy",2021-01-01T00:00:00+00:00,17,https://doi.org/10.1016/j.ijhydene.2020.10.134,unitednations,"United Nations","Climate Change 2022 : mitigation of climate change : Working Group III Contribution to the Sixth Assessment Report of the Intergovernmental Panel on Climate Change",2022-01-01,"Public Sector",IGO,"International Body; Top-Level Authority; IGO Department or Agency; Mixed Roles; Policy Centre",IGO,https://digitallibrary.un.org/record/4019730?ln=en,https://app.overton.io/document.php?policy_document_id=unitednations-db2f3e94f902a8cbafb28e4972536dbd,"National Natural Science Foundation of China; National Natural Science Foundation of China"
"Validating simulated mountain wave impacts on hub-height wind speed using SoDAR observations",10.1016/j.renene.2020.10.127,"Renewable Energy",2021-01-01T00:00:00+00:00,2,https://doi.org/10.1016/j.renene.2020.10.127,nrelosti,"National Renewable Energy Laboratory","Accomplishments and Year-End Performance Report; Wind Energy Program: Fiscal Year 2021",2021-12-17,"Public Sector",Government,"National Body; Arm's Length Body; Research Centre; Policy Centre",USA,https://www.osti.gov/biblio/1837969,https://app.overton.io/document.php?policy_document_id=nrelosti-278b118ebc9e12f537342d5810e7cb53,"NSF (Special project, May 2022); National Science Foundation; National Science Foundation; U.S. Department of Energy; U.S. Department of Energy"
"Validating simulated mountain wave impacts on hub-height wind speed using SoDAR observations",10.1016/j.renene.2020.10.127,"Renewable Energy",2021-01-01T00:00:00+00:00,2,https://doi.org/10.1016/j.renene.2020.10.127,nrelosti,"National Renewable Energy Laboratory","FY21 NREL Wind Energy Accomplishments and Mid Year Performance Report",2021-06-16,"Public Sector",Government,"National Body; Arm's Length Body; Research Centre; Policy Centre",USA,https://www.osti.gov/biblio/1798080,https://app.overton.io/document.php?policy_document_id=nrelosti-e0c1b1e48bb9c474ba82f4d4b58989d6,"NSF (Special project, May 2022); National Science Foundation; National Science Foundation; U.S. Department of Energy; U.S. Department of Energy"
"Ammonia to power: Forecasting the levelized cost of electricity from green ammonia in large-scale power plants",10.1016/j.apenergy.2020.116009,"Applied Energy",2021-01-01T00:00:00+00:00,15,https://doi.org/10.1016/j.apenergy.2020.116009,climatexuk,ClimateXChange,"Review of demand for hydrogen derivatives and products",2025-05-28,"Public Sector",Government,"Research Centre; Policy Centre",UK,https://www.climatexchange.org.uk/projects/review-of-demand-for-hydrogen-derivatives-and-products/,https://app.overton.io/document.php?policy_document_id=climatexuk-24c0c75f461f8957131d9e7c7a0f53df,"Balliol College, University of Oxford; Children's Investment Fund Foundation; Children's Investment Fund Foundation; Department for Business, Energy and Industrial Strategy, UK Government; Department for Business, Energy and Industrial Strategy, UK Government; Oxford Martin School, University of Oxford; Oxford Martin School, University of Oxford"
"Ammonia to power: Forecasting the levelized cost of electricity from green ammonia in large-scale power plants",10.1016/j.apenergy.2020.116009,"Applied Energy",2021-01-01T00:00:00+00:00,15,https://doi.org/10.1016/j.apenergy.2020.116009,europa,"Publications Office of the European Union","Assessment of hydrogen delivery options : feasibility of transport of green hydrogen within Europe.",2022-10-24,"Public Sector",Government,"International Body; Public Data Body or Statistics; Archive; Public Service",EU,https://op.europa.eu/en/publication-detail/-/publication/4e0bfe1d-540d-11ed-92ed-01aa75ed71a1/language-en/format-PDF,https://app.overton.io/document.php?policy_document_id=europa-f3a9e7c52d18bea4ca858d3f8dbc338e,"Balliol College, University of Oxford; Children's Investment Fund Foundation; Children's Investment Fund Foundation; Department for Business, Energy and Industrial Strategy, UK Government; Department for Business, Energy and Industrial Strategy, UK Government; Oxford Martin School, University of Oxford; Oxford Martin School, University of Oxford"
"Ammonia to power: Forecasting the levelized cost of electricity from green ammonia in large-scale power plants",10.1016/j.apenergy.2020.116009,"Applied Energy",2021-01-01T00:00:00+00:00,15,https://doi.org/10.1016/j.apenergy.2020.116009,frontiereconomics,"Frontier Economics","Komparative Analyse Der Importkosten Von Synthetischem Methan Nach Deutschland",2024-09-30,"Private Sector","Think Tank","Research Centre; Policy Centre; Consultancy",UK,https://www.frontier-economics.com/media/w2wkpmh4/komparative-analyse-der-importkosten-von-synthetischem-methan-nach-deutschland.pdf,https://app.overton.io/document.php?policy_document_id=frontiereconomics-77c4462577a3601c8d655997bde56a4d,"Balliol College, University of Oxford; Children's Investment Fund Foundation; Children's Investment Fund Foundation; Department for Business, Energy and Industrial Strategy, UK Government; Department for Business, Energy and Industrial Strategy, UK Government; Oxford Martin School, University of Oxford; Oxford Martin School, University of Oxford"
"Ammonia to power: Forecasting the levelized cost of electricity from green ammonia in large-scale power plants",10.1016/j.apenergy.2020.116009,"Applied Energy",2021-01-01T00:00:00+00:00,15,https://doi.org/10.1016/j.apenergy.2020.116009,governmentofindia,"Government of India","Innovation Outlook: Renewable Ammonia",2022-05-18,"Public Sector",Government,"National Body; Mixed Roles; Public Service",India,https://nghm.mnre.gov.in/admin/uploads/resources/166963338798745IRENA_Innovation_Outlook_Ammonia_2022.pdf,https://app.overton.io/document.php?policy_document_id=governmentofindia-65ef411b72ed74161d0d767d9a47d16e,"Balliol College, University of Oxford; Children's Investment Fund Foundation; Children's Investment Fund Foundation; Department for Business, Energy and Industrial Strategy, UK Government; Department for Business, Energy and Industrial Strategy, UK Government; Oxford Martin School, University of Oxford; Oxford Martin School, University of Oxford"
"Ammonia to power: Forecasting the levelized cost of electricity from green ammonia in large-scale power plants",10.1016/j.apenergy.2020.116009,"Applied Energy",2021-01-01T00:00:00+00:00,15,https://doi.org/10.1016/j.apenergy.2020.116009,govuk,"The UK Government","Energy Innovation Needs Assessments 2025",2025-12-19,"Public Sector",Government,"National Body; Mixed Roles; Public Service",UK,https://www.gov.uk/government/publications/energy-innovation-needs-assessments-2025,https://app.overton.io/document.php?policy_document_id=govuk-d9a8d77a1037435fc94b4ea12d52ed26,"Balliol College, University of Oxford; Children's Investment Fund Foundation; Children's Investment Fund Foundation; Department for Business, Energy and Industrial Strategy, UK Government; Department for Business, Energy and Industrial Strategy, UK Government; Oxford Martin School, University of Oxford; Oxford Martin School, University of Oxford"
"Ammonia to power: Forecasting the levelized cost of electricity from green ammonia in large-scale power plants",10.1016/j.apenergy.2020.116009,"Applied Energy",2021-01-01T00:00:00+00:00,15,https://doi.org/10.1016/j.apenergy.2020.116009,iadb,"Inter-American Development Bank","Cero emisiones netas en los Andes: descarbonización de los sectores del plástico, textil, automotriz y pesquero en Colombia, Ecuador y Perú",2023-09-01,"Public Sector",IGO,"International Body; Financial Institution or Bank; Development Bank; Policy Centre",IGO,https://publications.iadb.org/es/cero-emisiones-netas-en-los-andes-descarbonizacion-de-los-sectores-del-plastico-textil-automotriz-y,https://app.overton.io/document.php?policy_document_id=iadb-152b6f5ec2fae9b17599d361a5813af2,"Balliol College, University of Oxford; Children's Investment Fund Foundation; Children's Investment Fund Foundation; Department for Business, Energy and Industrial Strategy, UK Government; Department for Business, Energy and Industrial Strategy, UK Government; Oxford Martin School, University of Oxford; Oxford Martin School, University of Oxford"
"Ammonia to power: Forecasting the levelized cost of electricity from green ammonia in large-scale power plants",10.1016/j.apenergy.2020.116009,"Applied Energy",2021-01-01T00:00:00+00:00,15,https://doi.org/10.1016/j.apenergy.2020.116009,iadb,"Inter-American Development Bank","Net-Zero Industry: Options for Plastics, Textiles, Automobiles, and Fisheries in Colombia, Ecuador, and Peru",2023-09-01,"Public Sector",IGO,"International Body; Financial Institution or Bank; Development Bank; Policy Centre",IGO,https://publications.iadb.org/en/net-zero-industry-options-plastics-textiles-automobiles-and-fisheries-colombia-ecuador-and-peru,https://app.overton.io/document.php?policy_document_id=iadb-2cc7f1789ecb5021ce8194a3330225a6,"Balliol College, University of Oxford; Children's Investment Fund Foundation; Children's Investment Fund Foundation; Department for Business, Energy and Industrial Strategy, UK Government; Department for Business, Energy and Industrial Strategy, UK Government; Oxford Martin School, University of Oxford; Oxford Martin School, University of Oxford"
"Ammonia to power: Forecasting the levelized cost of electricity from green ammonia in large-scale power plants",10.1016/j.apenergy.2020.116009,"Applied Energy",2021-01-01T00:00:00+00:00,15,https://doi.org/10.1016/j.apenergy.2020.116009,irena,"International Renewable Energy Agency","Global Hydrogen Trade to Meet the 1.5°C Climate Goal: Part II",2022-04-22,"Public Sector",IGO,"International Body; IGO Department or Agency; Policy Centre; Monitoring or Regulatory Body; Research Centre",IGO,https://www.irena.org/publications/2022/Apr/Global-hydrogen-trade-Part-II,https://app.overton.io/document.php?policy_document_id=irena-58c2798d3dc65e151cd8cb6f5e8b8880,"Balliol College, University of Oxford; Children's Investment Fund Foundation; Children's Investment Fund Foundation; Department for Business, Energy and Industrial Strategy, UK Government; Department for Business, Energy and Industrial Strategy, UK Government; Oxford Martin School, University of Oxford; Oxford Martin School, University of Oxford"
"Ammonia to power: Forecasting the levelized cost of electricity from green ammonia in large-scale power plants",10.1016/j.apenergy.2020.116009,"Applied Energy",2021-01-01T00:00:00+00:00,15,https://doi.org/10.1016/j.apenergy.2020.116009,irena,"International Renewable Energy Agency","Innovation Outlook: Renewable Ammonia",2022-05-18,"Public Sector",IGO,"International Body; IGO Department or Agency; Policy Centre; Monitoring or Regulatory Body; Research Centre",IGO,https://www.irena.org/publications/2022/May/Innovation-Outlook-Renewable-Ammonia,https://app.overton.io/document.php?policy_document_id=irena-9cca80a228cf3a2ecbd303a293fe21cc,"Balliol College, University of Oxford; Children's Investment Fund Foundation; Children's Investment Fund Foundation; Department for Business, Energy and Industrial Strategy, UK Government; Department for Business, Energy and Industrial Strategy, UK Government; Oxford Martin School, University of Oxford; Oxford Martin School, University of Oxford"
"Ammonia to power: Forecasting the levelized cost of electricity from green ammonia in large-scale power plants",10.1016/j.apenergy.2020.116009,"Applied Energy",2021-01-01T00:00:00+00:00,15,https://doi.org/10.1016/j.apenergy.2020.116009,irena,"International Renewable Energy Agency","Global Hydrogen Trade to Meet the 1.5°C Climate Goal: Technology Review of Hydrogen Carriers",2022-04-27,"Public Sector",IGO,"International Body; IGO Department or Agency; Policy Centre; Monitoring or Regulatory Body; Research Centre",IGO,https://www.irena.org/Publications/2022/Apr/Global-hydrogen-trade-Part-II,https://app.overton.io/document.php?policy_document_id=irena-ce00ea223e0f7cb3ff19ca559d4af99e,"Balliol College, University of Oxford; Children's Investment Fund Foundation; Children's Investment Fund Foundation; Department for Business, Energy and Industrial Strategy, UK Government; Department for Business, Energy and Industrial Strategy, UK Government; Oxford Martin School, University of Oxford; Oxford Martin School, University of Oxford"
"Ammonia to power: Forecasting the levelized cost of electricity from green ammonia in large-scale power plants",10.1016/j.apenergy.2020.116009,"Applied Energy",2021-01-01T00:00:00+00:00,15,https://doi.org/10.1016/j.apenergy.2020.116009,jointresearcheu,"Joint Research Centre","Assessment of hydrogen delivery options",2022-10-19,"Public Sector",Government,"International Body; IGO Department or Agency; Research Centre; Policy Centre; Commission",EU,https://publications.jrc.ec.europa.eu/repository/handle/JRC130442,https://app.overton.io/document.php?policy_document_id=jointresearcheu-b3914bf10ba997c36c5ae7ee7a2437a1,"Balliol College, University of Oxford; Children's Investment Fund Foundation; Children's Investment Fund Foundation; Department for Business, Energy and Industrial Strategy, UK Government; Department for Business, Energy and Industrial Strategy, UK Government; Oxford Martin School, University of Oxford; Oxford Martin School, University of Oxford"
"Ammonia to power: Forecasting the levelized cost of electricity from green ammonia in large-scale power plants",10.1016/j.apenergy.2020.116009,"Applied Energy",2021-01-01T00:00:00+00:00,15,https://doi.org/10.1016/j.apenergy.2020.116009,risesweden,"Sveriges Forskningsinstitut","Future hydrogen supply in Stenungsund : Pre-study of a SOEC pilot plant and analysis of large-scale integration of SOEC and ammonia cracking plants",2024-11-21,"Public Sector",Government,"National Body; Arm's Length Body; Research Council; Research Centre; Policy Centre",Sweden,https://ri.diva-portal.org/smash/record.jsf?dswid=-6052&pid=diva2%3A1915159&c=242&searchType=RESEARCH&language=sv&query=&af=%5B%22hasFulltext%3Atrue%22%5D&aq=%5B%5B%5D%5D&aq2=%5B%5B%7B%22organisationId%22%3A%22882940%22%2C%22organisationId-Xtra%22%3Atrue%7D%2C%7B%22publicationTypeCode%22%3A%5B%22report%22%5D%7D%5D%5D&aqe=%5B%5D&noOfRows=250&sortOrder=dateIssued_sort_desc&sortOrder2=title_sort_asc&onlyFullText=false&sf=all,https://app.overton.io/document.php?policy_document_id=risesweden-09c949ae3f91a4cfef2c6c5277f49cbd,"Balliol College, University of Oxford; Children's Investment Fund Foundation; Children's Investment Fund Foundation; Department for Business, Energy and Industrial Strategy, UK Government; Department for Business, Energy and Industrial Strategy, UK Government; Oxford Martin School, University of Oxford; Oxford Martin School, University of Oxford"
"Ammonia to power: Forecasting the levelized cost of electricity from green ammonia in large-scale power plants",10.1016/j.apenergy.2020.116009,"Applied Energy",2021-01-01T00:00:00+00:00,15,https://doi.org/10.1016/j.apenergy.2020.116009,risesweden,"Sveriges Forskningsinstitut","Future hydrogen supply in Stenungsund : Pre-study of a SOEC pilot plant and analysis of large-scale integration of SOEC and ammonia cracking plants",2024-11-21,"Public Sector",Government,"National Body; Arm's Length Body; Research Council; Research Centre; Policy Centre",Sweden,https://ri.diva-portal.org/smash/record.jsf?dswid=-4439&pid=diva2%3A1915159&c=210&searchType=RESEARCH&language=sv&query=&af=%5B%22hasFulltext%3Atrue%22%5D&aq=%5B%5B%5D%5D&aq2=%5B%5B%7B%22organisationId%22%3A%22882940%22%2C%22organisationId-Xtra%22%3Atrue%7D%2C%7B%22publicationTypeCode%22%3A%5B%22report%22%5D%7D%5D%5D&aqe=%5B%5D&noOfRows=250&sortOrder=dateIssued_sort_desc&sortOrder2=title_sort_asc&onlyFullText=false&sf=all,https://app.overton.io/document.php?policy_document_id=risesweden-563eb09a65216dea352ea2198cef49f4,"Balliol College, University of Oxford; Children's Investment Fund Foundation; Children's Investment Fund Foundation; Department for Business, Energy and Industrial Strategy, UK Government; Department for Business, Energy and Industrial Strategy, UK Government; Oxford Martin School, University of Oxford; Oxford Martin School, University of Oxford"
"Ammonia to power: Forecasting the levelized cost of electricity from green ammonia in large-scale power plants",10.1016/j.apenergy.2020.116009,"Applied Energy",2021-01-01T00:00:00+00:00,15,https://doi.org/10.1016/j.apenergy.2020.116009,risesweden,"Sveriges Forskningsinstitut","Future hydrogen supply in Stenungsund : Pre-study of a SOEC pilot plant and analysis of large-scale integration of SOEC and ammonia cracking plants",2024-11-21,"Public Sector",Government,"National Body; Arm's Length Body; Research Council; Research Centre; Policy Centre",Sweden,https://ri.diva-portal.org/smash/record.jsf?dswid=9380&pid=diva2%3A1915159&c=213&searchType=RESEARCH&language=sv&query=&af=%5B%22hasFulltext%3Atrue%22%5D&aq=%5B%5B%5D%5D&aq2=%5B%5B%7B%22organisationId%22%3A%22882940%22%2C%22organisationId-Xtra%22%3Atrue%7D%2C%7B%22publicationTypeCode%22%3A%5B%22report%22%5D%7D%5D%5D&aqe=%5B%5D&noOfRows=250&sortOrder=dateIssued_sort_desc&sortOrder2=title_sort_asc&onlyFullText=false&sf=all,https://app.overton.io/document.php?policy_document_id=risesweden-71fb59736003a0bb065a7df6d9eee6f4,"Balliol College, University of Oxford; Children's Investment Fund Foundation; Children's Investment Fund Foundation; Department for Business, Energy and Industrial Strategy, UK Government; Department for Business, Energy and Industrial Strategy, UK Government; Oxford Martin School, University of Oxford; Oxford Martin School, University of Oxford"
"Ammonia to power: Forecasting the levelized cost of electricity from green ammonia in large-scale power plants",10.1016/j.apenergy.2020.116009,"Applied Energy",2021-01-01T00:00:00+00:00,15,https://doi.org/10.1016/j.apenergy.2020.116009,risesweden,"Sveriges Forskningsinstitut","Future hydrogen supply in Stenungsund : Pre-study of a SOEC pilot plant and analysis of large-scale integration of SOEC and ammonia cracking plants",2024-11-21,"Public Sector",Government,"National Body; Arm's Length Body; Research Council; Research Centre; Policy Centre",Sweden,https://ri.diva-portal.org/smash/record.jsf?dswid=1738&pid=diva2%3A1915159&c=252&searchType=RESEARCH&language=sv&query=&af=%5B%22hasFulltext%3Atrue%22%5D&aq=%5B%5B%5D%5D&aq2=%5B%5B%7B%22organisationId%22%3A%22882940%22%2C%22organisationId-Xtra%22%3Atrue%7D%2C%7B%22publicationTypeCode%22%3A%5B%22report%22%5D%7D%5D%5D&aqe=%5B%5D&noOfRows=250&sortOrder=dateIssued_sort_desc&sortOrder2=title_sort_asc&onlyFullText=false&sf=all,https://app.overton.io/document.php?policy_document_id=risesweden-e05cfabd089ac60608f2d4f157286efc,"Balliol College, University of Oxford; Children's Investment Fund Foundation; Children's Investment Fund Foundation; Department for Business, Energy and Industrial Strategy, UK Government; Department for Business, Energy and Industrial Strategy, UK Government; Oxford Martin School, University of Oxford; Oxford Martin School, University of Oxford"
"An Artificial Intelligence based scheduling algorithm for demand-side energy management in Smart Homes",10.1016/j.apenergy.2020.116145,"Applied Energy",2021-01-01T00:00:00+00:00,1,https://doi.org/10.1016/j.apenergy.2020.116145,randcorporation,"RAND Corporation","The use of AI for improving energy security",2024-06-21,"Third Sector","Think Tank","Research Centre; Policy Centre",USA,https://www.rand.org/pubs/research_reports/RRA2907-2.html,https://app.overton.io/document.php?policy_document_id=randcorporation-0377f5286771c9a52d24b4cd869ffbea,"Conselho Nacional de Desenvolvimento Científico e Tecnológico; Conselho Nacional de Desenvolvimento Científico e Tecnológico; Ministério da Ciência, Tecnologia e Inovação"
"Data-driven framework for large-scale prediction of charging energy in electric vehicles",10.1016/j.apenergy.2020.116175,"Applied Energy",2021-01-01T00:00:00+00:00,1,https://doi.org/10.1016/j.apenergy.2020.116175,uditsusa,"UC Davis Institute of Transportation Studies","To Charge or Not to Charge: Enhancing Electric Vehicle Charging Management with LSTM-based Prediction of Non-Critical Charging Sessions and Renewable Energy Integration",2024-06-01,"Third Sector","Think Tank","Research Centre",USA,https://escholarship.org/uc/item/77t9p8sf,https://app.overton.io/document.php?policy_document_id=uditsusa-7d66d4ad8c3bad9a950cdbea6f0a0eeb,"Ministry of Science and Technology of the People's Republic of China; National Key Research and Development Program of China; National Key Research and Development Program of China; National Science and Technology Major Project"
"Bayesian calibration of building energy models for uncertainty analysis through test cells monitoring",10.1016/j.apenergy.2020.116118,"Applied Energy",2021-01-01T00:00:00+00:00,1,https://doi.org/10.1016/j.apenergy.2020.116118,stateofextremadura,"Junta de Extremadura","Monitorización y evaluación de la habitabilidad, calidad del aire y eficiencia energética de los edificios",2020-11-18,"Public Sector",Government,"Regional or State Level Body; Mixed Roles; Public Service",Spain,http://www.edeacice.juntaex.es/wp-content/uploads/2021/03/RED_MONITOR-2.pdf,https://app.overton.io/document.php?policy_document_id=stateofextremadura-fc657f7150522663ee4c9d8ca4df4163,"EPSRC June 2021; European Regional Development Fund; Ministerio de Economía y Competitividad; Ministerio de Educación, Cultura y Deporte"
"Use-stage life cycle greenhouse gas emissions of the transition to an autonomous vehicle fleet: A System Dynamics approach",10.1016/j.jclepro.2020.123447,"Journal of Cleaner Production",2021-01-01T00:00:00+00:00,1,https://doi.org/10.1016/j.jclepro.2020.123447,govdeptsfrance,"French Government Ministries","Annexe au rapport acceptabilité des véhicules automatisés par les usagers",2022-10-06,"Public Sector",Government,"National Body; Mixed Roles; Public Service",France,https://www.ecologie.gouv.fr/sites/default/files/documents/DGITM_7eme_seminaire_acceptabilite_13_octobre_2022_revue_bibliographique_enjeux_environnementaux.pdf,https://app.overton.io/document.php?policy_document_id=govdeptsfrance-e02545180efbb4a526f2e8519da76f2c,"Department of Industry, Innovation and Science, Australian Government; Department of Industry, Innovation and Science, Australian Government"
"Electricity demand during pandemic times: The case of the COVID-19 in Spain",10.1016/j.enpol.2020.111964,"Energy Policy",2021-01-01T00:00:00+00:00,7,https://doi.org/10.1016/j.enpol.2020.111964,iadb,"Inter-American Development Bank","Economic Impacts of a Supporting Scheme on Domestic Energy Consumption in Bolivia: A Quasi-experimental Approach",2023-05-05,"Public Sector",IGO,"International Body; Financial Institution or Bank; Development Bank; Policy Centre",IGO,https://publications.iadb.org/en/economic-impacts-supporting-scheme-domestic-energy-consumption-bolivia-quasi-experimental-approach,https://app.overton.io/document.php?policy_document_id=iadb-546c1422fb263a98ab25b32c49cad98c,"Centro de Investigaciones Energéticas, Medioambientales y Tecnológicas; European Regional Development Fund; Interreg; Interreg; Spanish National Plan for Scientific and Technical Research and Innovation; Spanish National Plan for Scientific and Technical Research and Innovation"
"Electricity demand during pandemic times: The case of the COVID-19 in Spain",10.1016/j.enpol.2020.111964,"Energy Policy",2021-01-01T00:00:00+00:00,7,https://doi.org/10.1016/j.enpol.2020.111964,internationalenergyagency,"International Energy Agency","Energy Efficiency 2021 – Analysis",2021-11-16,"Public Sector",IGO,"International Body; IGO Department or Agency; Research Centre; Policy Centre; Monitoring or Regulatory Body",IGO,https://www.iea.org/reports/energy-efficiency-2021,https://app.overton.io/document.php?policy_document_id=internationalenergyagency-968569dcaaa1e0018f04b6beaeb8f8dc,"Centro de Investigaciones Energéticas, Medioambientales y Tecnológicas; European Regional Development Fund; Interreg; Interreg; Spanish National Plan for Scientific and Technical Research and Innovation; Spanish National Plan for Scientific and Technical Research and Innovation"
"Electricity demand during pandemic times: The case of the COVID-19 in Spain",10.1016/j.enpol.2020.111964,"Energy Policy",2021-01-01T00:00:00+00:00,7,https://doi.org/10.1016/j.enpol.2020.111964,keeikr,"Korea Energy Economics Institute","코로나19가 한국의 전력 수급에 미친 영향 분석",2021-01-01,"Public Sector","Think Tank","National Body; Research Centre; Policy Centre","South Korea",https://www.nkis.re.kr/subject_view1.do?otpId=OTP_0000000000007492,https://app.overton.io/document.php?policy_document_id=keeikr-a193cca67788e936b70c975f08d13562,"Centro de Investigaciones Energéticas, Medioambientales y Tecnológicas; European Regional Development Fund; Interreg; Interreg; Spanish National Plan for Scientific and Technical Research and Innovation; Spanish National Plan for Scientific and Technical Research and Innovation"
"Electricity demand during pandemic times: The case of the COVID-19 in Spain",10.1016/j.enpol.2020.111964,"Energy Policy",2021-01-01T00:00:00+00:00,7,https://doi.org/10.1016/j.enpol.2020.111964,keeikr,"Korea Energy Economics Institute","코로나19가 한국의 전력 수급에 미친 영향 분석",2021-01-01,"Public Sector","Think Tank","National Body; Research Centre; Policy Centre","South Korea",https://www.nkis.re.kr/subject_view1.do?otcCd=RO&otcNm=수시연구보고서&otpId=OTP_0000000000007492&otpSeq=0&eoSeq=297651&currentPage=4&searchSelect=&searchWord=&returnPage=newest_list.do&schLclaScsId=&pblYy=&agcNms=에너지경제연구원&listPerPage=50,https://app.overton.io/document.php?policy_document_id=keeikr-c28f42a0a66d875376964158a8a83a52,"Centro de Investigaciones Energéticas, Medioambientales y Tecnológicas; European Regional Development Fund; Interreg; Interreg; Spanish National Plan for Scientific and Technical Research and Innovation; Spanish National Plan for Scientific and Technical Research and Innovation"
"Electricity demand during pandemic times: The case of the COVID-19 in Spain",10.1016/j.enpol.2020.111964,"Energy Policy",2021-01-01T00:00:00+00:00,7,https://doi.org/10.1016/j.enpol.2020.111964,keikr,"Korea Environment Institute","환경 분야 팬데믹 시기별 대응체계 구축방안 마련 연구 : 건강, 에너지, 폐기물 분야를 중심으로",2022-01-01,"Public Sector","Think Tank","National Body; Research Centre; Policy Centre","South Korea",https://www.nkis.re.kr/subject_view1.do?otcCd=RG&otcNm=일반연구보고서&otpId=OTP_0000000000011797&otpSeq=0&eoSeq=&currentPage=4&searchSelect=&searchWord=&returnPage=newest_list.do&schLclaScsId=&pblYy=&agcNms=한국환경연구원&listPerPage=50,https://app.overton.io/document.php?policy_document_id=keikr-15b9691318648e9a09414abbf517aea3,"Centro de Investigaciones Energéticas, Medioambientales y Tecnológicas; European Regional Development Fund; Interreg; Interreg; Spanish National Plan for Scientific and Technical Research and Innovation; Spanish National Plan for Scientific and Technical Research and Innovation"
"Electricity demand during pandemic times: The case of the COVID-19 in Spain",10.1016/j.enpol.2020.111964,"Energy Policy",2021-01-01T00:00:00+00:00,7,https://doi.org/10.1016/j.enpol.2020.111964,keikr,"Korea Environment Institute","환경 분야 팬데믹 시기별 대응체계 구축방안 마련 연구 : 건강, 에너지, 폐기물 분야를 중심으로",2022-01-01,"Public Sector","Think Tank","National Body; Research Centre; Policy Centre","South Korea",https://www.nkis.re.kr/subject_view1.do?otpId=OTP_0000000000011797,https://app.overton.io/document.php?policy_document_id=keikr-e6cc60ef1830f593d2289f61929aeb3a,"Centro de Investigaciones Energéticas, Medioambientales y Tecnológicas; European Regional Development Fund; Interreg; Interreg; Spanish National Plan for Scientific and Technical Research and Innovation; Spanish National Plan for Scientific and Technical Research and Innovation"
"Electricity demand during pandemic times: The case of the COVID-19 in Spain",10.1016/j.enpol.2020.111964,"Energy Policy",2021-01-01T00:00:00+00:00,7,https://doi.org/10.1016/j.enpol.2020.111964,oecddiscovery,OECD,"Energy Efficiency 2021",2021-12-07,"Public Sector",IGO,"International Body; IGO Department or Agency; Monitoring or Regulatory Body; Policy Centre; Research Centre",IGO,https://dx.doi.org/10.1787/cfb80e1e-en,https://app.overton.io/document.php?policy_document_id=oecddiscovery-dbb216c66b5ba7dd184026903acd0d38,"Centro de Investigaciones Energéticas, Medioambientales y Tecnológicas; European Regional Development Fund; Interreg; Interreg; Spanish National Plan for Scientific and Technical Research and Innovation; Spanish National Plan for Scientific and Technical Research and Innovation"
"Analyzing the effects of economic development on the transition to cleaner production of China’s energy system under uncertainty",10.1016/j.jclepro.2020.123725,"Journal of Cleaner Production",2021-01-01T00:00:00+00:00,1,https://doi.org/10.1016/j.jclepro.2020.123725,seise,"Stockholm Environment Institute","Air pollution and the world of work: policies, initiatives and the current situation – a scoping and evidence review for Southeast and East Asia",2022-10-06,"Third Sector","Think Tank","Research Centre; Policy Centre",Sweden,https://www.sei.org/publications/air-pollution-work-asia/,https://app.overton.io/document.php?policy_document_id=seise-6813d13f1d5dbd8dde9f92d01c06f74e,"National Key Research and Development Program of China; National Key Research and Development Program of China; National Science and Technology Infrastructure Program"
"Economic competitiveness and environmental implications of hydrogen energy and fuel cell electric vehicles in ASEAN countries: The current and future scenarios",10.1016/j.enpol.2020.111980,"Energy Policy",2021-01-01T00:00:00+00:00,1,https://doi.org/10.1016/j.enpol.2020.111980,worldbank,"World Bank","Do Investments in Clean Technologies Reduce Production Costs? Insights from the Literature",2021-07-01,"Public Sector",IGO,"International Body; Financial Institution or Bank; Development Bank; Policy Centre",IGO,https://openknowledge.worldbank.org/handle/10986/35885,https://app.overton.io/document.php?policy_document_id=worldbank-0aea929ee4905eb3a1b24072ae647e4a,"National Office for Philosophy and Social Sciences; National Office for Philosophy and Social Sciences"
"Speed Control of a Six-Phase IM Fed by a Multi-Modular Matrix Converter Using an Inner PTC With Reduced Computational Burden",10.1109/access.2021.3130786,"IEEE Access",2021-01-01T00:00:00+00:00,5,https://doi.org/10.1109/access.2021.3130786,governmentofparaguay,"Government of Paraguay","Speed Control of a Six-Phase IM Fed by a Multi-Modular Matrix Converter Using an Inner PTC With Reduced Computational Burden",2021-12-09,"Public Sector",Government,"National Body; Public Service; Mixed Roles",Paraguay,https://repositorio.conacyt.gov.py/bitstream/handle/20.500.14066/4523/Speed%20control%20of%20a%20six-phase%20IM%20fed%20by%20a%20multi-modular%20matrix%20converter%20using%20an%20inner%20PTC%20with%20reduced%20computational%20burden.pdf?sequence=1&isAllowed=y,https://app.overton.io/document.php?policy_document_id=governmentofparaguay-4528906c2aa363a77b8745776fad682b,
"Speed Control of a Six-Phase IM Fed by a Multi-Modular Matrix Converter Using an Inner PTC With Reduced Computational Burden",10.1109/access.2021.3130786,"IEEE Access",2021-01-01T00:00:00+00:00,5,https://doi.org/10.1109/access.2021.3130786,governmentofparaguay,"Government of Paraguay","Predictive Voltage Control in Multi-Modular Matrix Converters under Load Variation and Fault Scenario",2024-09-19,"Public Sector",Government,"National Body; Public Service; Mixed Roles",Paraguay,https://repositorio.conacyt.gov.py/bitstream/handle/20.500.14066/4474/Predictive%20voltage%20control%20in%20multi-modular%20matrix%20converters.pdf?sequence=1&isAllowed=y,https://app.overton.io/document.php?policy_document_id=governmentofparaguay-669d6a800e650bfa84ae95281dda597e,
"Speed Control of a Six-Phase IM Fed by a Multi-Modular Matrix Converter Using an Inner PTC With Reduced Computational Burden",10.1109/access.2021.3130786,"IEEE Access",2021-01-01T00:00:00+00:00,5,https://doi.org/10.1109/access.2021.3130786,governmentofparaguay,"Government of Paraguay","Magno Elias Ayala Silva",2026-06-14,"Public Sector",Government,"National Body; Public Service; Mixed Roles",Paraguay,https://cv.conacyt.gov.py/publicar/cv?id=ec17133fc33bc1238b0bd404bdf11349,https://app.overton.io/document.php?policy_document_id=governmentofparaguay-a58d0450b11ba558bd99714bd30feacd,
"Speed Control of a Six-Phase IM Fed by a Multi-Modular Matrix Converter Using an Inner PTC With Reduced Computational Burden",10.1109/access.2021.3130786,"IEEE Access",2021-01-01T00:00:00+00:00,5,https://doi.org/10.1109/access.2021.3130786,governmentofparaguay,"Government of Paraguay","Speed Control of a Six-Phase IM Fed by a Multi-Modular Matrix Converter Using an Inner PTC With Reduced Computational Burden",2021-12-09,"Public Sector",Government,"National Body; Public Service; Mixed Roles",Paraguay,https://repositorio.conacyt.gov.py/bitstream/handle/20.500.14066/4523/Speed%20control%20of%20a%20six-phase%20IM%20fed%20by%20a%20multi-modular%20matrix%20converter%20using%20an%20inner%20PTC%20with%20reduced%20computational%20burden.pdf,https://app.overton.io/document.php?policy_document_id=governmentofparaguay-ab234e94b91092cb41519d46cdf0978e,
"Speed Control of a Six-Phase IM Fed by a Multi-Modular Matrix Converter Using an Inner PTC With Reduced Computational Burden",10.1109/access.2021.3130786,"IEEE Access",2021-01-01T00:00:00+00:00,5,https://doi.org/10.1109/access.2021.3130786,governmentofparaguay,"Government of Paraguay","Predictive Voltage Control in Multi-Modular Matrix Converters under Load Variation and Fault Scenario",2024-09-19,"Public Sector",Government,"National Body; Public Service; Mixed Roles",Paraguay,https://repositorio.conacyt.gov.py/bitstream/handle/20.500.14066/4474/Predictive%20voltage%20control%20in%20multi-modular%20matrix%20converters.pdf;sequence=1,https://app.overton.io/document.php?policy_document_id=governmentofparaguay-f1021a87d11ea61133ec58c68fec2f9d,
"Real-Time Implementation of Smart Wireless Charging of On-Demand Shuttle Service for Demand Charge Mitigation",10.1109/tvt.2020.3045833,"IEEE Transactions on Vehicular Technology",2021-01-01T00:00:00+00:00,1,https://doi.org/10.1109/tvt.2020.3045833,nrelosti,"National Renewable Energy Laboratory","Vehicle and Mobility Technologies 2021 Annual Impact Report",2022-03-28,"Public Sector",Government,"National Body; Arm's Length Body; Research Centre; Policy Centre",USA,https://www.osti.gov/biblio/1860677,https://app.overton.io/document.php?policy_document_id=nrelosti-ce7a3fd9437b655d95537f0dd33b071a,"Laboratory Directed Research and Development; National Nuclear Security Administration; National Renewable Energy Laboratory; National Renewable Energy Laboratory; Operated by Alliance for Sustainable Energy, LLC; U.S. Department of Energy; U.S. Department of Energy; U.S. Department of Energy Office of Energy Efficiency and Renewable Energy Vehicles Technologies Office"
"Enhanced Deep Belief Network Based on Ensemble Learning and Tree-Structured of Parzen Estimators: An Optimal Photovoltaic Power Forecasting Method",10.1109/access.2021.3125895,"IEEE Access",2021-01-01T00:00:00+00:00,1,https://doi.org/10.1109/access.2021.3125895,bcrp,"Banco Central de Reserva del Perú","FORECASTING INFLATION WITH A FRAMEWORK FOR MODEL AND NEURAL ARCHITECTURE SEARCH WITH THREE-STRUCTURED SEARCH SPACES",2024-05-21,"Public Sector",Government,"National Body; Financial Institution or Bank; Central Bank",Peru,https://www.bcrp.gob.pe/docs/Publicaciones/Documentos-de-Trabajo/2024/documento-de-trabajo-009-2024.pdf,https://app.overton.io/document.php?policy_document_id=bcrp-7a85cf392c4b1a25ffd9482e972dd424,"National Priorities Research Program (NPRP) from the Qatar National Research Fund; Qatar Foundation; Qatar National Library; Qatar National Research Fund"
"A PARAMETRIC STUDY OF THE ENERGY EFFICIENCY OF EXISTING AIR-CONDITIONED BUILDINGS IN KUWAIT",10.3992/jgb.16.1.163,"Journal of Green Building",2021-01-01T00:00:00+00:00,2,https://doi.org/10.3992/jgb.16.1.163,governmentofkuwait,"Government of Kuwait","Curriculum Vitae of Dr",2026-07-25,"Public Sector",Government,"National Body; Public Service; Mixed Roles",Kuwait,https://www.paaet.edu.kw/media/u4ohfpvq/yousuf_-alhendal_cv.pdf,https://app.overton.io/document.php?policy_document_id=governmentofkuwait-22bf0fddc8f7435bf7a6ffabda47b86e,
"A PARAMETRIC STUDY OF THE ENERGY EFFICIENCY OF EXISTING AIR-CONDITIONED BUILDINGS IN KUWAIT",10.3992/jgb.16.1.163,"Journal of Green Building",2021-01-01T00:00:00+00:00,2,https://doi.org/10.3992/jgb.16.1.163,governmentofkuwait,"Government of Kuwait","Curriculum Vitae of Dr",2026-06-12,"Public Sector",Government,"National Body; Public Service; Mixed Roles",Kuwait,https://www.paaet.edu.kw/media/k4yevl1c/yousuf_-alhendal_cv-updated.pdf,https://app.overton.io/document.php?policy_document_id=governmentofkuwait-e31d145a7c03ff6d9df1a4f5590a5d2f,
"Prediction of EV Charging Behavior Using Machine Learning",10.1109/access.2021.3103119,"IEEE Access",2021-01-01T00:00:00+00:00,1,https://doi.org/10.1109/access.2021.3103119,uditsusa,"UC Davis Institute of Transportation Studies","To Charge or Not to Charge: Enhancing Electric Vehicle Charging Management with LSTM-based Prediction of Non-Critical Charging Sessions and Renewable Energy Integration",2024-06-01,"Third Sector","Think Tank","Research Centre",USA,https://escholarship.org/uc/item/77t9p8sf,https://app.overton.io/document.php?policy_document_id=uditsusa-7d66d4ad8c3bad9a950cdbea6f0a0eeb,"American University of Sharjah; Computer Science and Engineering Department and the Open Access Program from the American University of Sharjah, United Arab Emirates"
"Temporal Solar Photovoltaic Generation Capacity Reduction From Wildfire Smoke",10.1109/access.2021.3084528,"IEEE Access",2021-01-01T00:00:00+00:00,1,https://doi.org/10.1109/access.2021.3084528,ifode,"ifo Institut","Air Pollution and Solar Energy: Evidence from Wildfires",2024-02-12,"Third Sector","Think Tank","Research Centre",Germany,https://www.cesifo.org/en/publications/2024/working-paper/air-pollution-and-solar-energy-evidence-wildfires,https://app.overton.io/document.php?policy_document_id=ifode-044671eea8c0fd9f409c17dcfe6f5e9f,"National Oceanic and Atmospheric Administration; University of Birmingham"
"DECA: A Dynamic Energy Cost and Carbon Emission-Efficient Application Placement Method for Edge Clouds",10.1109/access.2021.3075973,"IEEE Access",2021-01-01T00:00:00+00:00,3,https://doi.org/10.1109/access.2021.3075973,oficinac,"Oficina de Ciencia y Tecnología del Congreso de los Diputados","Cybersecurity Spain in a technological and social ecosystem in constant evolution",2024-02-10,"Public Sector","Legislative Body","National Body; Parliament, Senate or Congress; Research Centre",Spain,https://oficinac.es/sites/default/files/informes/20221114_Informe%20C%20Ciberseguridad.pdf,https://app.overton.io/document.php?policy_document_id=oficinac-8bdf9e4b2bdb22bf4e59a1a8b1aa9c24,
"DECA: A Dynamic Energy Cost and Carbon Emission-Efficient Application Placement Method for Edge Clouds",10.1109/access.2021.3075973,"IEEE Access",2021-01-01T00:00:00+00:00,3,https://doi.org/10.1109/access.2021.3075973,oficinac,"Oficina de Ciencia y Tecnología del Congreso de los Diputados","Cybersecurity: Spain in a constantly evolving technological and social ecosystem",2024-02-10,"Public Sector","Legislative Body","National Body; Parliament, Senate or Congress; Research Centre",Spain,https://oficinac.es/sites/default/files/informes/20221114_Report%20C%20cibersecurity.pdf,https://app.overton.io/document.php?policy_document_id=oficinac-c91294cbc2242d406363673378bfafa0,
"DECA: A Dynamic Energy Cost and Carbon Emission-Efficient Application Placement Method for Edge Clouds",10.1109/access.2021.3075973,"IEEE Access",2021-01-01T00:00:00+00:00,3,https://doi.org/10.1109/access.2021.3075973,oficinac,"Oficina de Ciencia y Tecnología del Congreso de los Diputados",Ciberseguridad,2022-11-14,"Public Sector","Legislative Body","National Body; Parliament, Senate or Congress; Research Centre",Spain,https://oficinac.es/node/262,https://app.overton.io/document.php?policy_document_id=oficinac-fb2b17ef5c7d67c94d19c0c8ae7e46ff,
"A New Project for a Much More Diverse Moroccan Strategic Version: The Generalization of Solar Water Heater",10.3390/inventions6010002,Inventions,2020-12-24T00:00:00+00:00,1,https://doi.org/10.3390/inventions6010002,who,"World Health Organization","Build back fairer: achieving health equity in the Eastern Mediterranean Region: report of the commission on social determinants of health in the Eastern Mediterranean Region",2021-11-07,"Public Sector",IGO,"International Body; Top-Level Authority; Healthcare Service, Body or Agency; Research Centre; Policy Centre",IGO,https://apps.who.int/iris/handle/10665/348185,https://app.overton.io/document.php?policy_document_id=who-e46c1f9cd3359dba24dbc1ec3fcdb6f7,
"IPCC baseline scenarios have over-projected CO2 emissions and economic growth",10.1088/1748-9326/abcdd2,"Environmental Research Letters",2020-12-23T00:00:00+00:00,34,https://doi.org/10.1088/1748-9326/abcdd2,americanenterpriseinstitute,"American Enterprise Institute","No, RCP8.5 Did Not Become Implausible Because of Climate Policy",2026-05-18,"Third Sector","Think Tank","Research Centre; Policy Centre",USA,https://www.aei.org/articles/no-rcp8-5-did-not-become-implausible-because-of-climate-policy/,https://app.overton.io/document.php?policy_document_id=americanenterpriseinstitute-15a993bf17b00184da5917db0ce8fbb4,"Canada Research Chairs; Climate and Energy Decision Making Center, Carnegie Mellon University; International Institute for Applied Systems Analysis; National Science Foundation; Princeton University; University of British Columbia; University of British Columbia; University of Colorado; University of Colorado Boulder; University of Colorado Boulder"
"IPCC baseline scenarios have over-projected CO2 emissions and economic growth",10.1088/1748-9326/abcdd2,"Environmental Research Letters",2020-12-23T00:00:00+00:00,34,https://doi.org/10.1088/1748-9326/abcdd2,americanenterpriseinstitute,"American Enterprise Institute","Reassessing the World’s Climate Victories: The Paris Delusion",2025-11-20,"Third Sector","Think Tank","Research Centre; Policy Centre",USA,https://www.aei.org/articles/reassessing-the-worlds-climate-victories-the-paris-delusion/,https://app.overton.io/document.php?policy_document_id=americanenterpriseinstitute-15ca09d99f579f8c8fcc62b4c385083c,"Canada Research Chairs; Climate and Energy Decision Making Center, Carnegie Mellon University; International Institute for Applied Systems Analysis; National Science Foundation; Princeton University; University of British Columbia; University of British Columbia; University of Colorado; University of Colorado Boulder; University of Colorado Boulder"
"IPCC baseline scenarios have over-projected CO2 emissions and economic growth",10.1088/1748-9326/abcdd2,"Environmental Research Letters",2020-12-23T00:00:00+00:00,34,https://doi.org/10.1088/1748-9326/abcdd2,americanenterpriseinstitute,"American Enterprise Institute","Well Cited",2025-08-05,"Third Sector","Think Tank","Research Centre; Policy Centre",USA,https://www.aei.org/articles/well-cited/,https://app.overton.io/document.php?policy_document_id=americanenterpriseinstitute-215e5074793debc17144381eadcc46b6,"Canada Research Chairs; Climate and Energy Decision Making Center, Carnegie Mellon University; International Institute for Applied Systems Analysis; National Science Foundation; Princeton University; University of British Columbia; University of British Columbia; University of Colorado; University of Colorado Boulder; University of Colorado Boulder"
"IPCC baseline scenarios have over-projected CO2 emissions and economic growth",10.1088/1748-9326/abcdd2,"Environmental Research Letters",2020-12-23T00:00:00+00:00,34,https://doi.org/10.1088/1748-9326/abcdd2,americanenterpriseinstitute,"American Enterprise Institute","Watch Those Assumptions!",2026-01-22,"Third Sector","Think Tank","Research Centre; Policy Centre",USA,https://www.aei.org/articles/watch-those-assumptions/,https://app.overton.io/document.php?policy_document_id=americanenterpriseinstitute-4aa07b807d81908788e318e1a03446f9,"Canada Research Chairs; Climate and Energy Decision Making Center, Carnegie Mellon University; International Institute for Applied Systems Analysis; National Science Foundation; Princeton University; University of British Columbia; University of British Columbia; University of Colorado; University of Colorado Boulder; University of Colorado Boulder"
"IPCC baseline scenarios have over-projected CO2 emissions and economic growth",10.1088/1748-9326/abcdd2,"Environmental Research Letters",2020-12-23T00:00:00+00:00,34,https://doi.org/10.1088/1748-9326/abcdd2,americanenterpriseinstitute,"American Enterprise Institute","The Unstoppable Momentum of Outdated Science: 2024 Update",2024-02-20,"Third Sector","Think Tank","Research Centre; Policy Centre",USA,https://www.aei.org/articles/the-unstoppable-momentum-of-outdated-science-2024-update/,https://app.overton.io/document.php?policy_document_id=americanenterpriseinstitute-71c27ebac9eca590af00a242100c80bc,"Canada Research Chairs; Climate and Energy Decision Making Center, Carnegie Mellon University; International Institute for Applied Systems Analysis; National Science Foundation; Princeton University; University of British Columbia; University of British Columbia; University of Colorado; University of Colorado Boulder; University of Colorado Boulder"
"IPCC baseline scenarios have over-projected CO2 emissions and economic growth",10.1088/1748-9326/abcdd2,"Environmental Research Letters",2020-12-23T00:00:00+00:00,34,https://doi.org/10.1088/1748-9326/abcdd2,americanenterpriseinstitute,"American Enterprise Institute","The Battle for Climate Science and Policy Past—And Why It Matters",2025-11-24,"Third Sector","Think Tank","Research Centre; Policy Centre",USA,https://www.aei.org/articles/the-battle-for-climate-science-and-policy-past-and-why-it-matters/,https://app.overton.io/document.php?policy_document_id=americanenterpriseinstitute-9ab2f3c0d671fc8ca459e003695ddaeb,"Canada Research Chairs; Climate and Energy Decision Making Center, Carnegie Mellon University; International Institute for Applied Systems Analysis; National Science Foundation; Princeton University; University of British Columbia; University of British Columbia; University of Colorado; University of Colorado Boulder; University of Colorado Boulder"
"IPCC baseline scenarios have over-projected CO2 emissions and economic growth",10.1088/1748-9326/abcdd2,"Environmental Research Letters",2020-12-23T00:00:00+00:00,34,https://doi.org/10.1088/1748-9326/abcdd2,americanenterpriseinstitute,"American Enterprise Institute","What Is a ""Worst Case"" Climate Scenario?",2025-06-04,"Third Sector","Think Tank","Research Centre; Policy Centre",USA,https://www.aei.org/articles/what-is-a-worst-case-climate-scenario/,https://app.overton.io/document.php?policy_document_id=americanenterpriseinstitute-ab62671ecc3a18867de855b767f2881a,"Canada Research Chairs; Climate and Energy Decision Making Center, Carnegie Mellon University; International Institute for Applied Systems Analysis; National Science Foundation; Princeton University; University of British Columbia; University of British Columbia; University of Colorado; University of Colorado Boulder; University of Colorado Boulder"
"IPCC baseline scenarios have over-projected CO2 emissions and economic growth",10.1088/1748-9326/abcdd2,"Environmental Research Letters",2020-12-23T00:00:00+00:00,34,https://doi.org/10.1088/1748-9326/abcdd2,federalregister,"Federal Register","Reconsideration of 2009 Endangerment Finding and Greenhouse Gas Vehicle Standards",2025-08-01,"Public Sector",Government,"National Body; Mixed Roles; Archive",USA,https://www.federalregister.gov/documents/2025/08/01/2025-14572/reconsideration-of-2009-endangerment-finding-and-greenhouse-gas-vehicle-standards,https://app.overton.io/document.php?policy_document_id=federalregister-646b0eff2cae3a7268541ae844d93fd0,"Canada Research Chairs; Climate and Energy Decision Making Center, Carnegie Mellon University; International Institute for Applied Systems Analysis; National Science Foundation; Princeton University; University of British Columbia; University of British Columbia; University of Colorado; University of Colorado Boulder; University of Colorado Boulder"
"IPCC baseline scenarios have over-projected CO2 emissions and economic growth",10.1088/1748-9326/abcdd2,"Environmental Research Letters",2020-12-23T00:00:00+00:00,34,https://doi.org/10.1088/1748-9326/abcdd2,fraserinstitute,"Fraser Institute","Off Target: The Economics Literature Does Not Support the 1.5°C Climate Ceiling",2021-07-26,"Third Sector","Think Tank","Research Centre; Policy Centre",Canada,https://www.fraserinstitute.org/studies/off-target-the-economics-literature-does-not-support-the-1.5c-climate-ceiling,https://app.overton.io/document.php?policy_document_id=fraserinstitute-0bb96018bfcfc2b3e66ee0fef05b89b8,"Canada Research Chairs; Climate and Energy Decision Making Center, Carnegie Mellon University; International Institute for Applied Systems Analysis; National Science Foundation; Princeton University; University of British Columbia; University of British Columbia; University of Colorado; University of Colorado Boulder; University of Colorado Boulder"
"IPCC baseline scenarios have over-projected CO2 emissions and economic growth",10.1088/1748-9326/abcdd2,"Environmental Research Letters",2020-12-23T00:00:00+00:00,34,https://doi.org/10.1088/1748-9326/abcdd2,fraserinstitute,"Fraser Institute","Models or Measures of Climate Change: Why Does It Matter?",2023-06-21,"Third Sector","Think Tank","Research Centre; Policy Centre",Canada,https://www.fraserinstitute.org/studies/models-or-measures-of-climate-change-why-does-it-matter,https://app.overton.io/document.php?policy_document_id=fraserinstitute-fbfb9aad780ffcb58c3e1506ab07561d,"Canada Research Chairs; Climate and Energy Decision Making Center, Carnegie Mellon University; International Institute for Applied Systems Analysis; National Science Foundation; Princeton University; University of British Columbia; University of British Columbia; University of Colorado; University of Colorado Boulder; University of Colorado Boulder"
"IPCC baseline scenarios have over-projected CO2 emissions and economic growth",10.1088/1748-9326/abcdd2,"Environmental Research Letters",2020-12-23T00:00:00+00:00,34,https://doi.org/10.1088/1748-9326/abcdd2,govwales,"The Welsh Government","Resilience of buildings to challenges associated with climate change: report",2022-06-20,"Public Sector",Government,"Regional or State Level Body; National Body; Mixed Roles; Public Service",UK,https://www.gov.wales/resilience-buildings-challenges-associated-climate-change-report,https://app.overton.io/document.php?policy_document_id=govwales-5059b4183a80d3c21bb762b67e9c8907,"Canada Research Chairs; Climate and Energy Decision Making Center, Carnegie Mellon University; International Institute for Applied Systems Analysis; National Science Foundation; Princeton University; University of British Columbia; University of British Columbia; University of Colorado; University of Colorado Boulder; University of Colorado Boulder"
"IPCC baseline scenarios have over-projected CO2 emissions and economic growth",10.1088/1748-9326/abcdd2,"Environmental Research Letters",2020-12-23T00:00:00+00:00,34,https://doi.org/10.1088/1748-9326/abcdd2,heritagefoundation,"Heritage Foundation","Resilient Wilds: Unmasking the Surprising Adaptability of U.S. Ecosystems to Climate Change",2024-10-01,"Third Sector","Think Tank","Research Centre; Foundation or Charity; Policy Centre",USA,https://www.heritage.org/environment/report/resilient-wilds-unmasking-the-surprising-adaptability-us-ecosystems-climate,https://app.overton.io/document.php?policy_document_id=heritagefoundation-4455b35880d943622041c69771af4751,"Canada Research Chairs; Climate and Energy Decision Making Center, Carnegie Mellon University; International Institute for Applied Systems Analysis; National Science Foundation; Princeton University; University of British Columbia; University of British Columbia; University of Colorado; University of Colorado Boulder; University of Colorado Boulder"
"IPCC baseline scenarios have over-projected CO2 emissions and economic growth",10.1088/1748-9326/abcdd2,"Environmental Research Letters",2020-12-23T00:00:00+00:00,34,https://doi.org/10.1088/1748-9326/abcdd2,ipcc,IPCC,"AR6 Climate Change 2021: Mitigation of Climate Change",2022-03-08,"Public Sector",IGO,"International Body; Arm's Length Body; Committee; Research Centre; Policy Centre",IGO,https://www.ipcc.ch/report/sixth-assessment-report-working-group-3/,https://app.overton.io/document.php?policy_document_id=ipcc-01dbc640e8794be751c4d0fa1ae8a5d0,"Canada Research Chairs; Climate and Energy Decision Making Center, Carnegie Mellon University; International Institute for Applied Systems Analysis; National Science Foundation; Princeton University; University of British Columbia; University of British Columbia; University of Colorado; University of Colorado Boulder; University of Colorado Boulder"
"IPCC baseline scenarios have over-projected CO2 emissions and economic growth",10.1088/1748-9326/abcdd2,"Environmental Research Letters",2020-12-23T00:00:00+00:00,34,https://doi.org/10.1088/1748-9326/abcdd2,kbwpl,"Klimatyczna Baza Wiedzy (KBW)","Arctic Report Card 2021 - Klimatyczna Baza Wiedzy",2021-12-09,"Third Sector","Think Tank","Research Centre; Policy Centre; Initiative, Programme or Project; Professional Network, Association, Union or Cooperative; International Body",Poland,https://klimatycznabazawiedzy.org/raport/arctic-report-card-2021/,https://app.overton.io/document.php?policy_document_id=kbwpl-107ecd559b05fedab76005ebe2c3251d,"Canada Research Chairs; Climate and Energy Decision Making Center, Carnegie Mellon University; International Institute for Applied Systems Analysis; National Science Foundation; Princeton University; University of British Columbia; University of British Columbia; University of Colorado; University of Colorado Boulder; University of Colorado Boulder"
"IPCC baseline scenarios have over-projected CO2 emissions and economic growth",10.1088/1748-9326/abcdd2,"Environmental Research Letters",2020-12-23T00:00:00+00:00,34,https://doi.org/10.1088/1748-9326/abcdd2,kbwpl,"Klimatyczna Baza Wiedzy (KBW)","The Ocean and Cryosphere in a Changing Climate - Klimatyczna Baza Wiedzy",2021-11-29,"Third Sector","Think Tank","Research Centre; Policy Centre; Initiative, Programme or Project; Professional Network, Association, Union or Cooperative; International Body",Poland,https://klimatycznabazawiedzy.org/raport/the-ocean-and-cryosphere-in-a-changing-climate/,https://app.overton.io/document.php?policy_document_id=kbwpl-122a25a7a84f33ae22a18570b8895ba3,"Canada Research Chairs; Climate and Energy Decision Making Center, Carnegie Mellon University; International Institute for Applied Systems Analysis; National Science Foundation; Princeton University; University of British Columbia; University of British Columbia; University of Colorado; University of Colorado Boulder; University of Colorado Boulder"
"IPCC baseline scenarios have over-projected CO2 emissions and economic growth",10.1088/1748-9326/abcdd2,"Environmental Research Letters",2020-12-23T00:00:00+00:00,34,https://doi.org/10.1088/1748-9326/abcdd2,kbwpl,"Klimatyczna Baza Wiedzy (KBW)","Climate Change 2022: Mitigation of Climate Change - Klimatyczna Baza Wiedzy",2022-08-11,"Third Sector","Think Tank","Research Centre; Policy Centre; Initiative, Programme or Project; Professional Network, Association, Union or Cooperative; International Body",Poland,https://klimatycznabazawiedzy.org/raport/climate-change-2022-mitigation-of-climate-change/,https://app.overton.io/document.php?policy_document_id=kbwpl-12fd2ef7db39b63756e0edae36394064,"Canada Research Chairs; Climate and Energy Decision Making Center, Carnegie Mellon University; International Institute for Applied Systems Analysis; National Science Foundation; Princeton University; University of British Columbia; University of British Columbia; University of Colorado; University of Colorado Boulder; University of Colorado Boulder"
"IPCC baseline scenarios have over-projected CO2 emissions and economic growth",10.1088/1748-9326/abcdd2,"Environmental Research Letters",2020-12-23T00:00:00+00:00,34,https://doi.org/10.1088/1748-9326/abcdd2,kbwpl,"Klimatyczna Baza Wiedzy (KBW)","State of the Global Climate 2021 - Klimatyczna Baza Wiedzy",2022-04-22,"Third Sector","Think Tank","Research Centre; Policy Centre; Initiative, Programme or Project; Professional Network, Association, Union or Cooperative; International Body",Poland,https://klimatycznabazawiedzy.org/raport/state-of-the-global-climate-2021-2/,https://app.overton.io/document.php?policy_document_id=kbwpl-2866d4c0440ccafc591b63413bf88189,"Canada Research Chairs; Climate and Energy Decision Making Center, Carnegie Mellon University; International Institute for Applied Systems Analysis; National Science Foundation; Princeton University; University of British Columbia; University of British Columbia; University of Colorado; University of Colorado Boulder; University of Colorado Boulder"
"IPCC baseline scenarios have over-projected CO2 emissions and economic growth",10.1088/1748-9326/abcdd2,"Environmental Research Letters",2020-12-23T00:00:00+00:00,34,https://doi.org/10.1088/1748-9326/abcdd2,kbwpl,"Klimatyczna Baza Wiedzy (KBW)","Scientific outcome of the IPBES-IPCC co-sponsored workshop on biodiversity and climate change - Klimatyczna Baza Wiedzy",2021-07-12,"Third Sector","Think Tank","Research Centre; Policy Centre; Initiative, Programme or Project; Professional Network, Association, Union or Cooperative; International Body",Poland,https://klimatycznabazawiedzy.org/raport/scientific-outcome-of-the-ipbes-ipcc-co-sponsored-workshop-on-biodiversity-and-climate-change/,https://app.overton.io/document.php?policy_document_id=kbwpl-30fed902e92b5173151447a1f608515c,"Canada Research Chairs; Climate and Energy Decision Making Center, Carnegie Mellon University; International Institute for Applied Systems Analysis; National Science Foundation; Princeton University; University of British Columbia; University of British Columbia; University of Colorado; University of Colorado Boulder; University of Colorado Boulder"
"IPCC baseline scenarios have over-projected CO2 emissions and economic growth",10.1088/1748-9326/abcdd2,"Environmental Research Letters",2020-12-23T00:00:00+00:00,34,https://doi.org/10.1088/1748-9326/abcdd2,kbwpl,"Klimatyczna Baza Wiedzy (KBW)","Climate Change 2023: Synthesis Report - Klimatyczna Baza Wiedzy",2022-07-29,"Third Sector","Think Tank","Research Centre; Policy Centre; Initiative, Programme or Project; Professional Network, Association, Union or Cooperative; International Body",Poland,https://klimatycznabazawiedzy.org/raport/climate-change-2023-synthesis-report/,https://app.overton.io/document.php?policy_document_id=kbwpl-4b07b1e2c2be1adb7740e5fcb90f905f,"Canada Research Chairs; Climate and Energy Decision Making Center, Carnegie Mellon University; International Institute for Applied Systems Analysis; National Science Foundation; Princeton University; University of British Columbia; University of British Columbia; University of Colorado; University of Colorado Boulder; University of Colorado Boulder"
"IPCC baseline scenarios have over-projected CO2 emissions and economic growth",10.1088/1748-9326/abcdd2,"Environmental Research Letters",2020-12-23T00:00:00+00:00,34,https://doi.org/10.1088/1748-9326/abcdd2,kbwpl,"Klimatyczna Baza Wiedzy (KBW)","Climate Change 2022: Impacts, Adaptation and Vulnerability - Klimatyczna Baza Wiedzy",2022-07-29,"Third Sector","Think Tank","Research Centre; Policy Centre; Initiative, Programme or Project; Professional Network, Association, Union or Cooperative; International Body",Poland,https://klimatycznabazawiedzy.org/raport/climate-change-2022-impacts-adaptation-and-vulnerability/,https://app.overton.io/document.php?policy_document_id=kbwpl-6442d922ff0fac7a51bc13ba64f219be,"Canada Research Chairs; Climate and Energy Decision Making Center, Carnegie Mellon University; International Institute for Applied Systems Analysis; National Science Foundation; Princeton University; University of British Columbia; University of British Columbia; University of Colorado; University of Colorado Boulder; University of Colorado Boulder"
"IPCC baseline scenarios have over-projected CO2 emissions and economic growth",10.1088/1748-9326/abcdd2,"Environmental Research Letters",2020-12-23T00:00:00+00:00,34,https://doi.org/10.1088/1748-9326/abcdd2,kbwpl,"Klimatyczna Baza Wiedzy (KBW)","Climate Change and Land - Klimatyczna Baza Wiedzy",2021-07-14,"Third Sector","Think Tank","Research Centre; Policy Centre; Initiative, Programme or Project; Professional Network, Association, Union or Cooperative; International Body",Poland,https://klimatycznabazawiedzy.org/raport/climate-change-and-land/,https://app.overton.io/document.php?policy_document_id=kbwpl-86d52b6aab3cb47e4fb35a50e6a9d733,"Canada Research Chairs; Climate and Energy Decision Making Center, Carnegie Mellon University; International Institute for Applied Systems Analysis; National Science Foundation; Princeton University; University of British Columbia; University of British Columbia; University of Colorado; University of Colorado Boulder; University of Colorado Boulder"
"IPCC baseline scenarios have over-projected CO2 emissions and economic growth",10.1088/1748-9326/abcdd2,"Environmental Research Letters",2020-12-23T00:00:00+00:00,34,https://doi.org/10.1088/1748-9326/abcdd2,kbwpl,"Klimatyczna Baza Wiedzy (KBW)","United In Science 2022: A multi-organization high-level compilation of the most recent science related to climate change, impacts and responses - Klimatyczna Baza Wiedzy",2022-09-14,"Third Sector","Think Tank","Research Centre; Policy Centre; Initiative, Programme or Project; Professional Network, Association, Union or Cooperative; International Body",Poland,https://klimatycznabazawiedzy.org/raport/united-in-science-2022-a-multi-organization-high-level-compilation-of-the-most-recent-science-related-to-climate-change-impacts-and-responses/,https://app.overton.io/document.php?policy_document_id=kbwpl-95343ba408ab54d29b4e45c8b049b000,"Canada Research Chairs; Climate and Energy Decision Making Center, Carnegie Mellon University; International Institute for Applied Systems Analysis; National Science Foundation; Princeton University; University of British Columbia; University of British Columbia; University of Colorado; University of Colorado Boulder; University of Colorado Boulder"
"IPCC baseline scenarios have over-projected CO2 emissions and economic growth",10.1088/1748-9326/abcdd2,"Environmental Research Letters",2020-12-23T00:00:00+00:00,34,https://doi.org/10.1088/1748-9326/abcdd2,kbwpl,"Klimatyczna Baza Wiedzy (KBW)","Zmiana Klimatu 2022: Zagrożenia, adaptacja i wrażliwość, Podsumowanie dla Decydentów - Klimatyczna Baza Wiedzy",2022-12-22,"Third Sector","Think Tank","Research Centre; Policy Centre; Initiative, Programme or Project; Professional Network, Association, Union or Cooperative; International Body",Poland,https://klimatycznabazawiedzy.org/raport/zmiana-klimatu-2022-zagrozenia-adaptacja-i-wrazliwosc-podsumowanie-dla-decydentow/,https://app.overton.io/document.php?policy_document_id=kbwpl-9b5f3b9cd92a38ad90fbf9a8063a9f85,"Canada Research Chairs; Climate and Energy Decision Making Center, Carnegie Mellon University; International Institute for Applied Systems Analysis; National Science Foundation; Princeton University; University of British Columbia; University of British Columbia; University of Colorado; University of Colorado Boulder; University of Colorado Boulder"
"IPCC baseline scenarios have over-projected CO2 emissions and economic growth",10.1088/1748-9326/abcdd2,"Environmental Research Letters",2020-12-23T00:00:00+00:00,34,https://doi.org/10.1088/1748-9326/abcdd2,kbwpl,"Klimatyczna Baza Wiedzy (KBW)","Klimat Polski 2021 - Klimatyczna Baza Wiedzy",2022-06-08,"Third Sector","Think Tank","Research Centre; Policy Centre; Initiative, Programme or Project; Professional Network, Association, Union or Cooperative; International Body",Poland,https://klimatycznabazawiedzy.org/raport/klimat-polski-2021/,https://app.overton.io/document.php?policy_document_id=kbwpl-b080ae66fad1a28b03dc8c181c5f37dd,"Canada Research Chairs; Climate and Energy Decision Making Center, Carnegie Mellon University; International Institute for Applied Systems Analysis; National Science Foundation; Princeton University; University of British Columbia; University of British Columbia; University of Colorado; University of Colorado Boulder; University of Colorado Boulder"
"IPCC baseline scenarios have over-projected CO2 emissions and economic growth",10.1088/1748-9326/abcdd2,"Environmental Research Letters",2020-12-23T00:00:00+00:00,34,https://doi.org/10.1088/1748-9326/abcdd2,kbwpl,"Klimatyczna Baza Wiedzy (KBW)","Zmiana Klimatu 2021, Podstawy fizyczne, Podsumowanie dla Decydentów - Klimatyczna Baza Wiedzy",2021-11-04,"Third Sector","Think Tank","Research Centre; Policy Centre; Initiative, Programme or Project; Professional Network, Association, Union or Cooperative; International Body",Poland,https://klimatycznabazawiedzy.org/raport/zmiana-klimatu-2021-podstawy-fizyczne-podsumowanie-dla-decydentow/,https://app.overton.io/document.php?policy_document_id=kbwpl-b17f00965b6e357d661b41a2d8b0eb77,"Canada Research Chairs; Climate and Energy Decision Making Center, Carnegie Mellon University; International Institute for Applied Systems Analysis; National Science Foundation; Princeton University; University of British Columbia; University of British Columbia; University of Colorado; University of Colorado Boulder; University of Colorado Boulder"
"IPCC baseline scenarios have over-projected CO2 emissions and economic growth",10.1088/1748-9326/abcdd2,"Environmental Research Letters",2020-12-23T00:00:00+00:00,34,https://doi.org/10.1088/1748-9326/abcdd2,kbwpl,"Klimatyczna Baza Wiedzy (KBW)","Global Warming of 1.5 ºC - Klimatyczna Baza Wiedzy",2022-06-14,"Third Sector","Think Tank","Research Centre; Policy Centre; Initiative, Programme or Project; Professional Network, Association, Union or Cooperative; International Body",Poland,https://klimatycznabazawiedzy.org/raport/global-warming-of-1-5-oc/,https://app.overton.io/document.php?policy_document_id=kbwpl-f039a6505f9d3d56a8a3121396ee5040,"Canada Research Chairs; Climate and Energy Decision Making Center, Carnegie Mellon University; International Institute for Applied Systems Analysis; National Science Foundation; Princeton University; University of British Columbia; University of British Columbia; University of Colorado; University of Colorado Boulder; University of Colorado Boulder"
"IPCC baseline scenarios have over-projected CO2 emissions and economic growth",10.1088/1748-9326/abcdd2,"Environmental Research Letters",2020-12-23T00:00:00+00:00,34,https://doi.org/10.1088/1748-9326/abcdd2,kbwpl,"Klimatyczna Baza Wiedzy (KBW)","Komunikat 04/2021 na temat zagrożeń miast wobec kryzysu klimatycznego - Klimatyczna Baza Wiedzy",2022-08-11,"Third Sector","Think Tank","Research Centre; Policy Centre; Initiative, Programme or Project; Professional Network, Association, Union or Cooperative; International Body",Poland,https://klimatycznabazawiedzy.org/raport/komunikat-04-2021-na-temat-zagrozen-miast-wobec-kryzysu-klimatycznego/,https://app.overton.io/document.php?policy_document_id=kbwpl-fdf99c9d40ffbf36a5821a74b9481b0f,"Canada Research Chairs; Climate and Energy Decision Making Center, Carnegie Mellon University; International Institute for Applied Systems Analysis; National Science Foundation; Princeton University; University of British Columbia; University of British Columbia; University of Colorado; University of Colorado Boulder; University of Colorado Boulder"
"IPCC baseline scenarios have over-projected CO2 emissions and economic growth",10.1088/1748-9326/abcdd2,"Environmental Research Letters",2020-12-23T00:00:00+00:00,34,https://doi.org/10.1088/1748-9326/abcdd2,nzclimatechangecom,"He Pou a Rangi","The Public Interest Law and Science Initiative inc is a not-for-profit incorporated society set up to ensure that robust science is used for policy making.",2025-03-17,"Public Sector",Government,"National Body; Arm's Length Body; Commission; Research Centre; Policy Centre","New Zealand",https://haveyoursay.climatecommission.govt.nz/comms-and-engagement/call-for-evidence-nccra2026/consultation/download_public_attachment?sqId=question-2024-11-05-1700211279-publishablefilesubquestion-1730779287-08&uuId=668982391,https://app.overton.io/document.php?policy_document_id=nzclimatechangecom-6bc34a9486bf2868cb017fb969901cff,"Canada Research Chairs; Climate and Energy Decision Making Center, Carnegie Mellon University; International Institute for Applied Systems Analysis; National Science Foundation; Princeton University; University of British Columbia; University of British Columbia; University of Colorado; University of Colorado Boulder; University of Colorado Boulder"
"IPCC baseline scenarios have over-projected CO2 emissions and economic growth",10.1088/1748-9326/abcdd2,"Environmental Research Letters",2020-12-23T00:00:00+00:00,34,https://doi.org/10.1088/1748-9326/abcdd2,provinceofbc,"Province of British Columbia","Consideration of Climate Change in Mine Reclamation Planning",2025-01-13,"Public Sector",Government,"Regional or State Level Body; Mixed Roles; Public Service",Canada,https://www2.gov.bc.ca/assets/gov/farming-natural-resources-and-industry/mineral-exploration-mining/documents/reclamation-and-closure/consideration_of_climate_change_in_reclamation_planning_guidance.pdf,https://app.overton.io/document.php?policy_document_id=provinceofbc-04a90015532a0a836a3519ac98f2c71b,"Canada Research Chairs; Climate and Energy Decision Making Center, Carnegie Mellon University; International Institute for Applied Systems Analysis; National Science Foundation; Princeton University; University of British Columbia; University of British Columbia; University of Colorado; University of Colorado Boulder; University of Colorado Boulder"
"IPCC baseline scenarios have over-projected CO2 emissions and economic growth",10.1088/1748-9326/abcdd2,"Environmental Research Letters",2020-12-23T00:00:00+00:00,34,https://doi.org/10.1088/1748-9326/abcdd2,stateofnewjersey,"State of New Jersey","Guidance For New Jersey",2021-06-10,"Public Sector",Government,"Regional or State Level Body; Mixed Roles; Public Service",USA,https://www.nj.gov/dep/bcrp/resilientnj/docs/dep-guidance-on-sea-level-rise-2021.pdf,https://app.overton.io/document.php?policy_document_id=stateofnewjersey-4dd5f776f578ebe436c251c1ef5926f7,"Canada Research Chairs; Climate and Energy Decision Making Center, Carnegie Mellon University; International Institute for Applied Systems Analysis; National Science Foundation; Princeton University; University of British Columbia; University of British Columbia; University of Colorado; University of Colorado Boulder; University of Colorado Boulder"
"IPCC baseline scenarios have over-projected CO2 emissions and economic growth",10.1088/1748-9326/abcdd2,"Environmental Research Letters",2020-12-23T00:00:00+00:00,34,https://doi.org/10.1088/1748-9326/abcdd2,undesa,"UN Department of Economic and Social Affairs","Global Population Growth and Sustainable Development",2022-02-21,"Public Sector",IGO,"International Body; IGO Department or Agency; Policy Centre",IGO,https://desapublications.un.org/publications/global-population-growth-and-sustainable-development,https://app.overton.io/document.php?policy_document_id=undesa-219f6b2d983e650148a2fddfb2e64f39,"Canada Research Chairs; Climate and Energy Decision Making Center, Carnegie Mellon University; International Institute for Applied Systems Analysis; National Science Foundation; Princeton University; University of British Columbia; University of British Columbia; University of Colorado; University of Colorado Boulder; University of Colorado Boulder"
"IPCC baseline scenarios have over-projected CO2 emissions and economic growth",10.1088/1748-9326/abcdd2,"Environmental Research Letters",2020-12-23T00:00:00+00:00,34,https://doi.org/10.1088/1748-9326/abcdd2,unitednations,"United Nations","Global population growth and sustainable development",2021-01-01,"Public Sector",IGO,"International Body; Top-Level Authority; IGO Department or Agency; Mixed Roles; Policy Centre",IGO,https://digitallibrary.un.org/record/3963909?ln=en,https://app.overton.io/document.php?policy_document_id=unitednations-0732740e0b0a86ff586f7abdde562ea1,"Canada Research Chairs; Climate and Energy Decision Making Center, Carnegie Mellon University; International Institute for Applied Systems Analysis; National Science Foundation; Princeton University; University of British Columbia; University of British Columbia; University of Colorado; University of Colorado Boulder; University of Colorado Boulder"
"IPCC baseline scenarios have over-projected CO2 emissions and economic growth",10.1088/1748-9326/abcdd2,"Environmental Research Letters",2020-12-23T00:00:00+00:00,34,https://doi.org/10.1088/1748-9326/abcdd2,unitednations,"United Nations","Climate change 2022 : mitigation of climate change",2022-01-01,"Public Sector",IGO,"International Body; Top-Level Authority; IGO Department or Agency; Mixed Roles; Policy Centre",IGO,https://digitallibrary.un.org/record/3967257?ln=en,https://app.overton.io/document.php?policy_document_id=unitednations-b55056029deb6c0c3bae6db2b291d287,"Canada Research Chairs; Climate and Energy Decision Making Center, Carnegie Mellon University; International Institute for Applied Systems Analysis; National Science Foundation; Princeton University; University of British Columbia; University of British Columbia; University of Colorado; University of Colorado Boulder; University of Colorado Boulder"
"IPCC baseline scenarios have over-projected CO2 emissions and economic growth",10.1088/1748-9326/abcdd2,"Environmental Research Letters",2020-12-23T00:00:00+00:00,34,https://doi.org/10.1088/1748-9326/abcdd2,unitednations,"United Nations","Climate Change 2022 : mitigation of climate change : Working Group III Contribution to the Sixth Assessment Report of the Intergovernmental Panel on Climate Change",2022-01-01,"Public Sector",IGO,"International Body; Top-Level Authority; IGO Department or Agency; Mixed Roles; Policy Centre",IGO,https://digitallibrary.un.org/record/4019730?ln=en,https://app.overton.io/document.php?policy_document_id=unitednations-db2f3e94f902a8cbafb28e4972536dbd,"Canada Research Chairs; Climate and Energy Decision Making Center, Carnegie Mellon University; International Institute for Applied Systems Analysis; National Science Foundation; Princeton University; University of British Columbia; University of British Columbia; University of Colorado; University of Colorado Boulder; University of Colorado Boulder"
"Renewable Energy and Economic Performance in the Context of the European Green Deal",10.3390/en13236440,Energies,2020-12-06T00:00:00+00:00,1,https://doi.org/10.3390/en13236440,wuppertal,"Wuppertal Institut","Getting municipal energy management systems ISO 50001 certified : a study with 28 European municipalities",2021-03-31,"Third Sector","Think Tank","Research Centre; Policy Centre",Germany,https://epub.wupperinst.org/frontdoor/index/index/searchtype/all/docId/7717,https://app.overton.io/document.php?policy_document_id=wuppertal-cc7affc1f0747bcf648165c6df6b7895,
"Estimating fuel consumption in maritime transport",10.1016/j.jclepro.2020.124142,"Journal of Cleaner Production",2020-12-01T00:00:00+00:00,2,https://doi.org/10.1016/j.jclepro.2020.124142,kmikr,"Korea Maritime Institute","항만 에너지 관리시스템 도입을 위한 로드맵 구축 연구 -부산항 신항 전기에너지 소비를 중심으로-",2021-01-01,"Public Sector","Think Tank","National Body; Research Centre; Policy Centre","South Korea",https://www.nkis.re.kr/subject_view1.do?otcCd=RB&otcNm=기본연구보고서&otpId=OTP_0000000000008196&otpSeq=0&eoSeq=&currentPage=4&searchSelect=&searchWord=&returnPage=newest_list.do&schLclaScsId=&pblYy=&agcNms=한국해양수산개발원&listPerPage=50,https://app.overton.io/document.php?policy_document_id=kmikr-54753501cb7638d7634a83af101c253e,
"Estimating fuel consumption in maritime transport",10.1016/j.jclepro.2020.124142,"Journal of Cleaner Production",2020-12-01T00:00:00+00:00,2,https://doi.org/10.1016/j.jclepro.2020.124142,kmikr,"Korea Maritime Institute","항만 에너지 관리시스템 도입을 위한 로드맵 구축 연구 -부산항 신항 전기에너지 소비를 중심으로-",2021-01-01,"Public Sector","Think Tank","National Body; Research Centre; Policy Centre","South Korea",https://www.nkis.re.kr/subject_view1.do?otpId=OTP_0000000000008196,https://app.overton.io/document.php?policy_document_id=kmikr-717da4102386f368f13d0dc88008710d,
"Practical real-time optimization for energy efficient water distribution systems operation",10.1016/j.jclepro.2020.124148,"Journal of Cleaner Production",2020-12-01T00:00:00+00:00,2,https://doi.org/10.1016/j.jclepro.2020.124148,bundestag,"Deutscher Bundestag","Technikfolgenabschätzung (TA) Chancen und Risiken der Digitalisierung kritischer kommunaler Infrastrukturen an den Beispielen der Wasser- und Abfallwirtschaft",2023-10-23,"Public Sector","Legislative Body","National Body; Parliament, Senate or Congress",Germany,https://dserver.bundestag.de/btd/20/088/2008888.pdf,https://app.overton.io/document.php?policy_document_id=bundestag-bd19c09b3c6a94a52c41ccaa465eee66,
"Practical real-time optimization for energy efficient water distribution systems operation",10.1016/j.jclepro.2020.124148,"Journal of Cleaner Production",2020-12-01T00:00:00+00:00,2,https://doi.org/10.1016/j.jclepro.2020.124148,tabde,"Büro für Technikfolgen-Abschätzung beim Deutschen Bundestag (TAB)","Chancen und Risiken der Digitalisierung kritischer kommunaler Infrastrukturen an den Beispielen der Wasser- und Abfallwirtschaft. Endbericht zum TA-Projekt",2023-01-01,"Public Sector",Government,"National Body; Government Department; Research Centre; Policy Centre",Germany,https://publikationen.bibliothek.kit.edu/1000163177,https://app.overton.io/document.php?policy_document_id=tabde-715057807d319c95e7c79083a775d4eb,
"Life cycle methods to analyze the environmental sustainability of electricity generation in Ecuador: Is decarbonization the right path?",10.1016/j.rser.2020.110373,"Renewable and Sustainable Energy Reviews",2020-12-01T00:00:00+00:00,6,https://doi.org/10.1016/j.rser.2020.110373,efdse,"Environment for Development","High-level Research Agenda for Inclusive Low-Carbon Transitions for Sustainable Development in the Global South",2023-03-31,"Third Sector","Think Tank","Research Centre; Policy Centre; International Body",Sweden,https://www.efdinitiative.org/publications/high-level-research-agenda-inclusive-low-carbon-transitions-sustainable-development,https://app.overton.io/document.php?policy_document_id=efdse-0b49984da7d27ab8c54eec33d8ee07c2,
"Life cycle methods to analyze the environmental sustainability of electricity generation in Ecuador: Is decarbonization the right path?",10.1016/j.rser.2020.110373,"Renewable and Sustainable Energy Reviews",2020-12-01T00:00:00+00:00,6,https://doi.org/10.1016/j.rser.2020.110373,efdse,"Environment for Development","A Research Agenda for Low Carbon Transition and Gender Equity in the Global South - Enabling Policy Environment",2023-04-01,"Third Sector","Think Tank","Research Centre; Policy Centre; International Body",Sweden,https://www.efdinitiative.org/publications/research-agenda-low-carbon-transition-and-gender-equity-global-south-enabling-policy,https://app.overton.io/document.php?policy_document_id=efdse-abae8f41202c6fcf9f3949aa370b54ee,
"Life cycle methods to analyze the environmental sustainability of electricity generation in Ecuador: Is decarbonization the right path?",10.1016/j.rser.2020.110373,"Renewable and Sustainable Energy Reviews",2020-12-01T00:00:00+00:00,6,https://doi.org/10.1016/j.rser.2020.110373,iadb,"Inter-American Development Bank","Cero emisiones netas en los Andes: descarbonización de los sectores del plástico, textil, automotriz y pesquero en Colombia, Ecuador y Perú",2023-09-01,"Public Sector",IGO,"International Body; Financial Institution or Bank; Development Bank; Policy Centre",IGO,https://publications.iadb.org/es/cero-emisiones-netas-en-los-andes-descarbonizacion-de-los-sectores-del-plastico-textil-automotriz-y,https://app.overton.io/document.php?policy_document_id=iadb-152b6f5ec2fae9b17599d361a5813af2,
"Life cycle methods to analyze the environmental sustainability of electricity generation in Ecuador: Is decarbonization the right path?",10.1016/j.rser.2020.110373,"Renewable and Sustainable Energy Reviews",2020-12-01T00:00:00+00:00,6,https://doi.org/10.1016/j.rser.2020.110373,iadb,"Inter-American Development Bank","Is Energy Planning Consistent with Climate Goals? Assessing Future Emissions from Power Plants in Latin America and the Caribbean",2023-10-01,"Public Sector",IGO,"International Body; Financial Institution or Bank; Development Bank; Policy Centre",IGO,https://publications.iadb.org/en/energy-planning-consistent-climate-goals-assessing-future-emissions-power-plants-latin-america-and,https://app.overton.io/document.php?policy_document_id=iadb-208cf11d859f818be2b279f7c588af15,
"Life cycle methods to analyze the environmental sustainability of electricity generation in Ecuador: Is decarbonization the right path?",10.1016/j.rser.2020.110373,"Renewable and Sustainable Energy Reviews",2020-12-01T00:00:00+00:00,6,https://doi.org/10.1016/j.rser.2020.110373,iadb,"Inter-American Development Bank","Net-Zero Industry: Options for Plastics, Textiles, Automobiles, and Fisheries in Colombia, Ecuador, and Peru",2023-09-01,"Public Sector",IGO,"International Body; Financial Institution or Bank; Development Bank; Policy Centre",IGO,https://publications.iadb.org/en/net-zero-industry-options-plastics-textiles-automobiles-and-fisheries-colombia-ecuador-and-peru,https://app.overton.io/document.php?policy_document_id=iadb-2cc7f1789ecb5021ce8194a3330225a6,
"Life cycle methods to analyze the environmental sustainability of electricity generation in Ecuador: Is decarbonization the right path?",10.1016/j.rser.2020.110373,"Renewable and Sustainable Energy Reviews",2020-12-01T00:00:00+00:00,6,https://doi.org/10.1016/j.rser.2020.110373,iadb,"Inter-American Development Bank","¿Es la planificación energética consistente con los objetivos climáticos?: Evaluando emisiones futuras de las centrales eléctricas en América Latina y el Caribe",2023-10-01,"Public Sector",IGO,"International Body; Financial Institution or Bank; Development Bank; Policy Centre",IGO,https://publications.iadb.org/es/es-la-planificacion-energetica-consistente-con-los-objetivos-climaticos-evaluando-emisiones-futuras,https://app.overton.io/document.php?policy_document_id=iadb-7fc462a08b0db240e666b1d6c9b01e90,
"Estimating residential building energy consumption using overhead imagery",10.1016/j.apenergy.2020.116018,"Applied Energy",2020-12-01T00:00:00+00:00,1,https://doi.org/10.1016/j.apenergy.2020.116018,nber,NBER,"The Environmental Cost of Easy Credit: The Housing Channel",2023-10-09,"Third Sector","Think Tank","Research Centre",USA,https://www.nber.org/papers/w31769,https://app.overton.io/document.php?policy_document_id=nber-1d9b3ace50f043b45a5c3ebed2bbe477,"NSF (Special project, May 2022); National Science Foundation; National Science Foundation"
"The global energy footprint of information and communication technology electronics in connected Internet-of-Things devices",10.1016/j.segan.2020.100408,"Sustainable Energy, Grids and Networks",2020-12-01T00:00:00+00:00,6,https://doi.org/10.1016/j.segan.2020.100408,bundesregierung,"Deutsche Bundesregierung","Vierter Gleichstellungsbericht-sozial-ökologisch | Bundesregierung",2025-03-12,"Public Sector",Government,"National Body; Public Service; Mixed Roles",Germany,https://www.publikationen-bundesregierung.de/pp-de/publikationssuche/gleichstellungsbericht-2337620,https://app.overton.io/document.php?policy_document_id=bundesregierung-b0168b47d260aedd200b986b750fd831,"U.S. Department of Energy; U.S. Department of Energy"
"The global energy footprint of information and communication technology electronics in connected Internet-of-Things devices",10.1016/j.segan.2020.100408,"Sustainable Energy, Grids and Networks",2020-12-01T00:00:00+00:00,6,https://doi.org/10.1016/j.segan.2020.100408,bundestag,"Deutscher Bundestag","Vierter Gleichstellungsbericht der Bundesregierung",2025-03-12,"Public Sector","Legislative Body","National Body; Parliament, Senate or Congress",Germany,https://dserver.bundestag.de/btd/20/151/2015105.pdf,https://app.overton.io/document.php?policy_document_id=bundestag-5c15962db7e3d3ea7197a5c631b9aff1,"U.S. Department of Energy; U.S. Department of Energy"
"The global energy footprint of information and communication technology electronics in connected Internet-of-Things devices",10.1016/j.segan.2020.100408,"Sustainable Energy, Grids and Networks",2020-12-01T00:00:00+00:00,6,https://doi.org/10.1016/j.segan.2020.100408,europa,"Publications Office of the European Union","ICT task force study",2023-06-28,"Public Sector",Government,"International Body; Public Data Body or Statistics; Archive; Public Service",EU,https://op.europa.eu/en/publication-detail/-/publication/6d2b8bb5-1627-11ee-806b-01aa75ed71a1/language-en/format-PDF,https://app.overton.io/document.php?policy_document_id=europa-bb27bfe3d2676cfd04e4506c3233e9c3,"U.S. Department of Energy; U.S. Department of Energy"
"The global energy footprint of information and communication technology electronics in connected Internet-of-Things devices",10.1016/j.segan.2020.100408,"Sustainable Energy, Grids and Networks",2020-12-01T00:00:00+00:00,6,https://doi.org/10.1016/j.segan.2020.100408,govdeptsfrance,"French Government Ministries","De l'internet des objets : des dynamiques à Mmaltriser",2022-02-17,"Public Sector",Government,"National Body; Mixed Roles; Public Service",France,https://www.strategie-plan.gouv.fr/files/files/Publications/2021%20SP/2022-02-17%20-%20Le%20monde%20de%20l'internet%20des%20objets/fs-2022-rapport-iot-fevrier.pdf,https://app.overton.io/document.php?policy_document_id=govdeptsfrance-2162acb459b6988561bd48100b66093c,"U.S. Department of Energy; U.S. Department of Energy"
"The global energy footprint of information and communication technology electronics in connected Internet-of-Things devices",10.1016/j.segan.2020.100408,"Sustainable Energy, Grids and Networks",2020-12-01T00:00:00+00:00,6,https://doi.org/10.1016/j.segan.2020.100408,jointresearcheu,"Joint Research Centre","ICT Task Force study: Final Report",2023-06-26,"Public Sector",Government,"International Body; IGO Department or Agency; Research Centre; Policy Centre; Commission",EU,https://publications.jrc.ec.europa.eu/repository/handle/JRC133092,https://app.overton.io/document.php?policy_document_id=jointresearcheu-685cd28f4f304372e1b8fc6c3243874a,"U.S. Department of Energy; U.S. Department of Energy"
"The global energy footprint of information and communication technology electronics in connected Internet-of-Things devices",10.1016/j.segan.2020.100408,"Sustainable Energy, Grids and Networks",2020-12-01T00:00:00+00:00,6,https://doi.org/10.1016/j.segan.2020.100408,ladocumentationfrancaise,"La Documentation Française","Le monde de l Internet des objets des dynamiques à maîtriser.fr",2022-02-18,"Public Sector",Government,"National Body; Government Agency; Archive; Research Centre; Policy Centre",France,https://www.vie-publique.fr/rapport/283889-le-monde-de-l-internet-des-objets-des-dynamiques-maitriser,https://app.overton.io/document.php?policy_document_id=ladocumentationfrancaise-dd09e844225451a658ed21ab1c984c62,"U.S. Department of Energy; U.S. Department of Energy"
"A data-driven approach for multi-scale GIS-based building energy modeling for analysis, planning and support decision making",10.1016/j.apenergy.2020.115834,"Applied Energy",2020-12-01T00:00:00+00:00,3,https://doi.org/10.1016/j.apenergy.2020.115834,departmenteconomyuk,"Department for the Economy (Northern Ireland)","Spatial National Heat Study for District Heating Potential in Northern Ireland",2025-06-19,"Public Sector",Government,"National Body; Government Department",UK,https://www.economy-ni.gov.uk/publications/spatial-national-heat-study-district-heating-potential-northern-ireland,https://app.overton.io/document.php?policy_document_id=departmenteconomyuk-055d3c1ccf242ecda342debe6219e137,"Science Foundation Ireland; Sustainable Energy Authority of Ireland; University College Dublin; University College Dublin"
"A data-driven approach for multi-scale GIS-based building energy modeling for analysis, planning and support decision making",10.1016/j.apenergy.2020.115834,"Applied Energy",2020-12-01T00:00:00+00:00,3,https://doi.org/10.1016/j.apenergy.2020.115834,northernirelandgovuk,"Northern Ireland Executive","Spatial National Heat Study for District Heating Potential in Northern Ireland",2025-05-30,"Public Sector",Government,"National Body; Mixed Roles; Public Service; Regional or State Level Body",UK,https://www.economy-ni.gov.uk/publications/spatial-national-heat-study-district-heating-potential-northern-ireland,https://app.overton.io/document.php?policy_document_id=northernirelandgovuk-055d3c1ccf242ecda342debe6219e137,"Science Foundation Ireland; Sustainable Energy Authority of Ireland; University College Dublin; University College Dublin"
"A data-driven approach for multi-scale GIS-based building energy modeling for analysis, planning and support decision making",10.1016/j.apenergy.2020.115834,"Applied Energy",2020-12-01T00:00:00+00:00,3,https://doi.org/10.1016/j.apenergy.2020.115834,tnonl,"Nederlandse Organisatie voor Toegepast Natuurwetenschappelijk Onderzoek","Knelpunten bij het data gedreven werken aan de energietransitie in de gebouwde omgeving",2021-01-01,"Public Sector",Government,"Research Centre",Netherlands,https://repository.tno.nl/SingleDoc?docId=52419,https://app.overton.io/document.php?policy_document_id=tnonl-b5283ae73342e63d1cf3a4b1668fecb7,"Science Foundation Ireland; Sustainable Energy Authority of Ireland; University College Dublin; University College Dublin"
"On some economic principles of the energy transition",10.1016/j.enpol.2020.111807,"Energy Policy",2020-12-01T00:00:00+00:00,5,https://doi.org/10.1016/j.enpol.2020.111807,esridublin,ESRI,"Future market design options for electricity markets with high RES-E: Lessons from the Irish Single Electricity Market",2021-05-26,"Third Sector","Think Tank","Research Centre; Policy Centre",Ireland,https://www.esri.ie/publications/future-market-design-options-for-electricity-markets-with-high-res-e-lessons-from-the,https://app.overton.io/document.php?policy_document_id=esridublin-23907a930b8c4116dc251f374895228d,"Federación Española de Enfermedades Raras; Federación Española de Enfermedades Raras; Spanish Government"
"On some economic principles of the energy transition",10.1016/j.enpol.2020.111807,"Energy Policy",2020-12-01T00:00:00+00:00,5,https://doi.org/10.1016/j.enpol.2020.111807,govdeptsspain,"Government of Spain",Vicente%20Oliva,2021-07-27,"Public Sector",Government,"National Body; Mixed Roles; Public Service",Spain,https://www.mintur.gob.es/Publicaciones/Publicacionesperiodicas/EconomiaIndustrial/RevistaEconomiaIndustrial/420/Vicente%20Oliva.pdf,https://app.overton.io/document.php?policy_document_id=govdeptsspain-658b2b07390f96523d4f9e28c8560f76,"Federación Española de Enfermedades Raras; Federación Española de Enfermedades Raras; Spanish Government"
"On some economic principles of the energy transition",10.1016/j.enpol.2020.111807,"Energy Policy",2020-12-01T00:00:00+00:00,5,https://doi.org/10.1016/j.enpol.2020.111807,izade,"Forschungsinstitut zur Zukunft der Arbeit (IZA)","Air Pollution and Agricultural Productivity in a Developing Country",2023-07-25,"Third Sector","Think Tank","Research Centre; Policy Centre",Germany,https://www.iza.org/publications/dp/16316/air-pollution-and-agricultural-productivity-in-a-developing-country,https://app.overton.io/document.php?policy_document_id=izade-8242019ee7422b172ed30583c92283eb,"Federación Española de Enfermedades Raras; Federación Española de Enfermedades Raras; Spanish Government"
"On some economic principles of the energy transition",10.1016/j.enpol.2020.111807,"Energy Policy",2020-12-01T00:00:00+00:00,5,https://doi.org/10.1016/j.enpol.2020.111807,rijksoverheid,Rijksoverheid,"Evalueren verdelende rechtvaardigheid klimaatbeleid - Ontwerp voor ex-post-evaluatiekader",2026-05-13,"Public Sector",Government,"National Body; Mixed Roles; Public Service",Netherlands,https://open.overheid.nl/documenten/d51aecec-a51d-40e2-9334-0df74495af26,https://app.overton.io/document.php?policy_document_id=rijksoverheid-0c7999d8e9a0a2718771c916db281bf8,"Federación Española de Enfermedades Raras; Federación Española de Enfermedades Raras; Spanish Government"
"On some economic principles of the energy transition",10.1016/j.enpol.2020.111807,"Energy Policy",2020-12-01T00:00:00+00:00,5,https://doi.org/10.1016/j.enpol.2020.111807,stateofvalencia,"Generalitat Valenciana","Hacia Una Economía Descarbonizada: Transición Energética En La Unión Europea",2023-09-28,"Public Sector",Government,"Regional or State Level Body; Mixed Roles; Public Service",Spain,https://presidencia.gva.es/documents/166658342/371005179/Ejemplar%20932.pdf/7b2f205b-cf43-c840-7226-f15b7772fbea?t=1696250657027,https://app.overton.io/document.php?policy_document_id=stateofvalencia-a4d7da7318f7801fad8b47ebe16253d6,"Federación Española de Enfermedades Raras; Federación Española de Enfermedades Raras; Spanish Government"
"Velocity and energy trajectory prediction of electrified powertrain for look ahead control",10.1016/j.apenergy.2020.115903,"Applied Energy",2020-12-01T00:00:00+00:00,1,https://doi.org/10.1016/j.apenergy.2020.115903,gpogov,"Government Publishing Office (GPO)","Real-world driving features for identifying intelligent driver model parameters : preprint /",2021-02-11,"Public Sector",Government,"National Body; Mixed Roles; Public Service",USA,https://purl.fdlp.gov/GPO/gpo159211,https://app.overton.io/document.php?policy_document_id=gpogov-a97d1454ee3309744358fe654b4b5fb8,"Cummins Incorporated; Cummins Incorporated"
"Sustainable cooling system for Kuwait hot climate combining diurnal radiative cooling and indirect evaporative cooling system",10.1016/j.energy.2020.119045,Energy,2020-12-01T00:00:00+00:00,1,https://doi.org/10.1016/j.energy.2020.119045,kfas,"Kuwait Foundation for the Advancement of Sciences","Research Annual Report 2020",2022-11-17,"Third Sector","Think Tank","Research Centre; Policy Centre",Kuwait,https://www.kfas.org/Publications/research-annual-report-2020,https://app.overton.io/document.php?policy_document_id=kfas-68ea7b26aa0b6ab95c7a9d8e20a91b80,"Kuwait Foundation for the Advancement of Sciences; Kuwait Foundation for the Advancement of Sciences"
"Decomposition of the US CO2 emissions and its mitigation potential: An aggregate and sectoral analysis",10.1016/j.enpol.2020.111925,"Energy Policy",2020-12-01T00:00:00+00:00,17,https://doi.org/10.1016/j.enpol.2020.111925,ipcc,IPCC,"AR6 Climate Change 2021: Mitigation of Climate Change",2022-03-08,"Public Sector",IGO,"International Body; Arm's Length Body; Committee; Research Centre; Policy Centre",IGO,https://www.ipcc.ch/report/sixth-assessment-report-working-group-3/,https://app.overton.io/document.php?policy_document_id=ipcc-01dbc640e8794be751c4d0fa1ae8a5d0,"Fundamental Research Funds for the Central Universities; Fundamental Research Funds for the Central Universities; Ministry of Education of the People's Republic of China; Ministry of Finance; Ministry of Science and Technology of the People's Republic of China; Ministry of Science and Technology of the People's Republic of China; National Natural Science Foundation of China; National Natural Science Foundation of China; National Office for Philosophy and Social Sciences; National Office for Philosophy and Social Sciences; National Science and Technology Major Project"
"Decomposition of the US CO2 emissions and its mitigation potential: An aggregate and sectoral analysis",10.1016/j.enpol.2020.111925,"Energy Policy",2020-12-01T00:00:00+00:00,17,https://doi.org/10.1016/j.enpol.2020.111925,kbwpl,"Klimatyczna Baza Wiedzy (KBW)","Arctic Report Card 2021 - Klimatyczna Baza Wiedzy",2021-12-09,"Third Sector","Think Tank","Research Centre; Policy Centre; Initiative, Programme or Project; Professional Network, Association, Union or Cooperative; International Body",Poland,https://klimatycznabazawiedzy.org/raport/arctic-report-card-2021/,https://app.overton.io/document.php?policy_document_id=kbwpl-107ecd559b05fedab76005ebe2c3251d,"Fundamental Research Funds for the Central Universities; Fundamental Research Funds for the Central Universities; Ministry of Education of the People's Republic of China; Ministry of Finance; Ministry of Science and Technology of the People's Republic of China; Ministry of Science and Technology of the People's Republic of China; National Natural Science Foundation of China; National Natural Science Foundation of China; National Office for Philosophy and Social Sciences; National Office for Philosophy and Social Sciences; National Science and Technology Major Project"
"Decomposition of the US CO2 emissions and its mitigation potential: An aggregate and sectoral analysis",10.1016/j.enpol.2020.111925,"Energy Policy",2020-12-01T00:00:00+00:00,17,https://doi.org/10.1016/j.enpol.2020.111925,kbwpl,"Klimatyczna Baza Wiedzy (KBW)","The Ocean and Cryosphere in a Changing Climate - Klimatyczna Baza Wiedzy",2021-11-29,"Third Sector","Think Tank","Research Centre; Policy Centre; Initiative, Programme or Project; Professional Network, Association, Union or Cooperative; International Body",Poland,https://klimatycznabazawiedzy.org/raport/the-ocean-and-cryosphere-in-a-changing-climate/,https://app.overton.io/document.php?policy_document_id=kbwpl-122a25a7a84f33ae22a18570b8895ba3,"Fundamental Research Funds for the Central Universities; Fundamental Research Funds for the Central Universities; Ministry of Education of the People's Republic of China; Ministry of Finance; Ministry of Science and Technology of the People's Republic of China; Ministry of Science and Technology of the People's Republic of China; National Natural Science Foundation of China; National Natural Science Foundation of China; National Office for Philosophy and Social Sciences; National Office for Philosophy and Social Sciences; National Science and Technology Major Project"
"Decomposition of the US CO2 emissions and its mitigation potential: An aggregate and sectoral analysis",10.1016/j.enpol.2020.111925,"Energy Policy",2020-12-01T00:00:00+00:00,17,https://doi.org/10.1016/j.enpol.2020.111925,kbwpl,"Klimatyczna Baza Wiedzy (KBW)","Climate Change 2022: Mitigation of Climate Change - Klimatyczna Baza Wiedzy",2022-08-11,"Third Sector","Think Tank","Research Centre; Policy Centre; Initiative, Programme or Project; Professional Network, Association, Union or Cooperative; International Body",Poland,https://klimatycznabazawiedzy.org/raport/climate-change-2022-mitigation-of-climate-change/,https://app.overton.io/document.php?policy_document_id=kbwpl-12fd2ef7db39b63756e0edae36394064,"Fundamental Research Funds for the Central Universities; Fundamental Research Funds for the Central Universities; Ministry of Education of the People's Republic of China; Ministry of Finance; Ministry of Science and Technology of the People's Republic of China; Ministry of Science and Technology of the People's Republic of China; National Natural Science Foundation of China; National Natural Science Foundation of China; National Office for Philosophy and Social Sciences; National Office for Philosophy and Social Sciences; National Science and Technology Major Project"
"Decomposition of the US CO2 emissions and its mitigation potential: An aggregate and sectoral analysis",10.1016/j.enpol.2020.111925,"Energy Policy",2020-12-01T00:00:00+00:00,17,https://doi.org/10.1016/j.enpol.2020.111925,kbwpl,"Klimatyczna Baza Wiedzy (KBW)","State of the Global Climate 2021 - Klimatyczna Baza Wiedzy",2022-04-22,"Third Sector","Think Tank","Research Centre; Policy Centre; Initiative, Programme or Project; Professional Network, Association, Union or Cooperative; International Body",Poland,https://klimatycznabazawiedzy.org/raport/state-of-the-global-climate-2021-2/,https://app.overton.io/document.php?policy_document_id=kbwpl-2866d4c0440ccafc591b63413bf88189,"Fundamental Research Funds for the Central Universities; Fundamental Research Funds for the Central Universities; Ministry of Education of the People's Republic of China; Ministry of Finance; Ministry of Science and Technology of the People's Republic of China; Ministry of Science and Technology of the People's Republic of China; National Natural Science Foundation of China; National Natural Science Foundation of China; National Office for Philosophy and Social Sciences; National Office for Philosophy and Social Sciences; National Science and Technology Major Project"
"Decomposition of the US CO2 emissions and its mitigation potential: An aggregate and sectoral analysis",10.1016/j.enpol.2020.111925,"Energy Policy",2020-12-01T00:00:00+00:00,17,https://doi.org/10.1016/j.enpol.2020.111925,kbwpl,"Klimatyczna Baza Wiedzy (KBW)","Scientific outcome of the IPBES-IPCC co-sponsored workshop on biodiversity and climate change - Klimatyczna Baza Wiedzy",2021-07-12,"Third Sector","Think Tank","Research Centre; Policy Centre; Initiative, Programme or Project; Professional Network, Association, Union or Cooperative; International Body",Poland,https://klimatycznabazawiedzy.org/raport/scientific-outcome-of-the-ipbes-ipcc-co-sponsored-workshop-on-biodiversity-and-climate-change/,https://app.overton.io/document.php?policy_document_id=kbwpl-30fed902e92b5173151447a1f608515c,"Fundamental Research Funds for the Central Universities; Fundamental Research Funds for the Central Universities; Ministry of Education of the People's Republic of China; Ministry of Finance; Ministry of Science and Technology of the People's Republic of China; Ministry of Science and Technology of the People's Republic of China; National Natural Science Foundation of China; National Natural Science Foundation of China; National Office for Philosophy and Social Sciences; National Office for Philosophy and Social Sciences; National Science and Technology Major Project"
"Decomposition of the US CO2 emissions and its mitigation potential: An aggregate and sectoral analysis",10.1016/j.enpol.2020.111925,"Energy Policy",2020-12-01T00:00:00+00:00,17,https://doi.org/10.1016/j.enpol.2020.111925,kbwpl,"Klimatyczna Baza Wiedzy (KBW)","Climate Change 2023: Synthesis Report - Klimatyczna Baza Wiedzy",2022-07-29,"Third Sector","Think Tank","Research Centre; Policy Centre; Initiative, Programme or Project; Professional Network, Association, Union or Cooperative; International Body",Poland,https://klimatycznabazawiedzy.org/raport/climate-change-2023-synthesis-report/,https://app.overton.io/document.php?policy_document_id=kbwpl-4b07b1e2c2be1adb7740e5fcb90f905f,"Fundamental Research Funds for the Central Universities; Fundamental Research Funds for the Central Universities; Ministry of Education of the People's Republic of China; Ministry of Finance; Ministry of Science and Technology of the People's Republic of China; Ministry of Science and Technology of the People's Republic of China; National Natural Science Foundation of China; National Natural Science Foundation of China; National Office for Philosophy and Social Sciences; National Office for Philosophy and Social Sciences; National Science and Technology Major Project"
"Decomposition of the US CO2 emissions and its mitigation potential: An aggregate and sectoral analysis",10.1016/j.enpol.2020.111925,"Energy Policy",2020-12-01T00:00:00+00:00,17,https://doi.org/10.1016/j.enpol.2020.111925,kbwpl,"Klimatyczna Baza Wiedzy (KBW)","Climate Change 2022: Impacts, Adaptation and Vulnerability - Klimatyczna Baza Wiedzy",2022-07-29,"Third Sector","Think Tank","Research Centre; Policy Centre; Initiative, Programme or Project; Professional Network, Association, Union or Cooperative; International Body",Poland,https://klimatycznabazawiedzy.org/raport/climate-change-2022-impacts-adaptation-and-vulnerability/,https://app.overton.io/document.php?policy_document_id=kbwpl-6442d922ff0fac7a51bc13ba64f219be,"Fundamental Research Funds for the Central Universities; Fundamental Research Funds for the Central Universities; Ministry of Education of the People's Republic of China; Ministry of Finance; Ministry of Science and Technology of the People's Republic of China; Ministry of Science and Technology of the People's Republic of China; National Natural Science Foundation of China; National Natural Science Foundation of China; National Office for Philosophy and Social Sciences; National Office for Philosophy and Social Sciences; National Science and Technology Major Project"
"Decomposition of the US CO2 emissions and its mitigation potential: An aggregate and sectoral analysis",10.1016/j.enpol.2020.111925,"Energy Policy",2020-12-01T00:00:00+00:00,17,https://doi.org/10.1016/j.enpol.2020.111925,kbwpl,"Klimatyczna Baza Wiedzy (KBW)","Climate Change and Land - Klimatyczna Baza Wiedzy",2021-07-14,"Third Sector","Think Tank","Research Centre; Policy Centre; Initiative, Programme or Project; Professional Network, Association, Union or Cooperative; International Body",Poland,https://klimatycznabazawiedzy.org/raport/climate-change-and-land/,https://app.overton.io/document.php?policy_document_id=kbwpl-86d52b6aab3cb47e4fb35a50e6a9d733,"Fundamental Research Funds for the Central Universities; Fundamental Research Funds for the Central Universities; Ministry of Education of the People's Republic of China; Ministry of Finance; Ministry of Science and Technology of the People's Republic of China; Ministry of Science and Technology of the People's Republic of China; National Natural Science Foundation of China; National Natural Science Foundation of China; National Office for Philosophy and Social Sciences; National Office for Philosophy and Social Sciences; National Science and Technology Major Project"
"Decomposition of the US CO2 emissions and its mitigation potential: An aggregate and sectoral analysis",10.1016/j.enpol.2020.111925,"Energy Policy",2020-12-01T00:00:00+00:00,17,https://doi.org/10.1016/j.enpol.2020.111925,kbwpl,"Klimatyczna Baza Wiedzy (KBW)","United In Science 2022: A multi-organization high-level compilation of the most recent science related to climate change, impacts and responses - Klimatyczna Baza Wiedzy",2022-09-14,"Third Sector","Think Tank","Research Centre; Policy Centre; Initiative, Programme or Project; Professional Network, Association, Union or Cooperative; International Body",Poland,https://klimatycznabazawiedzy.org/raport/united-in-science-2022-a-multi-organization-high-level-compilation-of-the-most-recent-science-related-to-climate-change-impacts-and-responses/,https://app.overton.io/document.php?policy_document_id=kbwpl-95343ba408ab54d29b4e45c8b049b000,"Fundamental Research Funds for the Central Universities; Fundamental Research Funds for the Central Universities; Ministry of Education of the People's Republic of China; Ministry of Finance; Ministry of Science and Technology of the People's Republic of China; Ministry of Science and Technology of the People's Republic of China; National Natural Science Foundation of China; National Natural Science Foundation of China; National Office for Philosophy and Social Sciences; National Office for Philosophy and Social Sciences; National Science and Technology Major Project"
"Decomposition of the US CO2 emissions and its mitigation potential: An aggregate and sectoral analysis",10.1016/j.enpol.2020.111925,"Energy Policy",2020-12-01T00:00:00+00:00,17,https://doi.org/10.1016/j.enpol.2020.111925,kbwpl,"Klimatyczna Baza Wiedzy (KBW)","Zmiana Klimatu 2022: Zagrożenia, adaptacja i wrażliwość, Podsumowanie dla Decydentów - Klimatyczna Baza Wiedzy",2022-12-22,"Third Sector","Think Tank","Research Centre; Policy Centre; Initiative, Programme or Project; Professional Network, Association, Union or Cooperative; International Body",Poland,https://klimatycznabazawiedzy.org/raport/zmiana-klimatu-2022-zagrozenia-adaptacja-i-wrazliwosc-podsumowanie-dla-decydentow/,https://app.overton.io/document.php?policy_document_id=kbwpl-9b5f3b9cd92a38ad90fbf9a8063a9f85,"Fundamental Research Funds for the Central Universities; Fundamental Research Funds for the Central Universities; Ministry of Education of the People's Republic of China; Ministry of Finance; Ministry of Science and Technology of the People's Republic of China; Ministry of Science and Technology of the People's Republic of China; National Natural Science Foundation of China; National Natural Science Foundation of China; National Office for Philosophy and Social Sciences; National Office for Philosophy and Social Sciences; National Science and Technology Major Project"
"Decomposition of the US CO2 emissions and its mitigation potential: An aggregate and sectoral analysis",10.1016/j.enpol.2020.111925,"Energy Policy",2020-12-01T00:00:00+00:00,17,https://doi.org/10.1016/j.enpol.2020.111925,kbwpl,"Klimatyczna Baza Wiedzy (KBW)","Klimat Polski 2021 - Klimatyczna Baza Wiedzy",2022-06-08,"Third Sector","Think Tank","Research Centre; Policy Centre; Initiative, Programme or Project; Professional Network, Association, Union or Cooperative; International Body",Poland,https://klimatycznabazawiedzy.org/raport/klimat-polski-2021/,https://app.overton.io/document.php?policy_document_id=kbwpl-b080ae66fad1a28b03dc8c181c5f37dd,"Fundamental Research Funds for the Central Universities; Fundamental Research Funds for the Central Universities; Ministry of Education of the People's Republic of China; Ministry of Finance; Ministry of Science and Technology of the People's Republic of China; Ministry of Science and Technology of the People's Republic of China; National Natural Science Foundation of China; National Natural Science Foundation of China; National Office for Philosophy and Social Sciences; National Office for Philosophy and Social Sciences; National Science and Technology Major Project"
"Decomposition of the US CO2 emissions and its mitigation potential: An aggregate and sectoral analysis",10.1016/j.enpol.2020.111925,"Energy Policy",2020-12-01T00:00:00+00:00,17,https://doi.org/10.1016/j.enpol.2020.111925,kbwpl,"Klimatyczna Baza Wiedzy (KBW)","Zmiana Klimatu 2021, Podstawy fizyczne, Podsumowanie dla Decydentów - Klimatyczna Baza Wiedzy",2021-11-04,"Third Sector","Think Tank","Research Centre; Policy Centre; Initiative, Programme or Project; Professional Network, Association, Union or Cooperative; International Body",Poland,https://klimatycznabazawiedzy.org/raport/zmiana-klimatu-2021-podstawy-fizyczne-podsumowanie-dla-decydentow/,https://app.overton.io/document.php?policy_document_id=kbwpl-b17f00965b6e357d661b41a2d8b0eb77,"Fundamental Research Funds for the Central Universities; Fundamental Research Funds for the Central Universities; Ministry of Education of the People's Republic of China; Ministry of Finance; Ministry of Science and Technology of the People's Republic of China; Ministry of Science and Technology of the People's Republic of China; National Natural Science Foundation of China; National Natural Science Foundation of China; National Office for Philosophy and Social Sciences; National Office for Philosophy and Social Sciences; National Science and Technology Major Project"
"Decomposition of the US CO2 emissions and its mitigation potential: An aggregate and sectoral analysis",10.1016/j.enpol.2020.111925,"Energy Policy",2020-12-01T00:00:00+00:00,17,https://doi.org/10.1016/j.enpol.2020.111925,kbwpl,"Klimatyczna Baza Wiedzy (KBW)","Global Warming of 1.5 ºC - Klimatyczna Baza Wiedzy",2022-06-14,"Third Sector","Think Tank","Research Centre; Policy Centre; Initiative, Programme or Project; Professional Network, Association, Union or Cooperative; International Body",Poland,https://klimatycznabazawiedzy.org/raport/global-warming-of-1-5-oc/,https://app.overton.io/document.php?policy_document_id=kbwpl-f039a6505f9d3d56a8a3121396ee5040,"Fundamental Research Funds for the Central Universities; Fundamental Research Funds for the Central Universities; Ministry of Education of the People's Republic of China; Ministry of Finance; Ministry of Science and Technology of the People's Republic of China; Ministry of Science and Technology of the People's Republic of China; National Natural Science Foundation of China; National Natural Science Foundation of China; National Office for Philosophy and Social Sciences; National Office for Philosophy and Social Sciences; National Science and Technology Major Project"
"Decomposition of the US CO2 emissions and its mitigation potential: An aggregate and sectoral analysis",10.1016/j.enpol.2020.111925,"Energy Policy",2020-12-01T00:00:00+00:00,17,https://doi.org/10.1016/j.enpol.2020.111925,kbwpl,"Klimatyczna Baza Wiedzy (KBW)","Komunikat 04/2021 na temat zagrożeń miast wobec kryzysu klimatycznego - Klimatyczna Baza Wiedzy",2022-08-11,"Third Sector","Think Tank","Research Centre; Policy Centre; Initiative, Programme or Project; Professional Network, Association, Union or Cooperative; International Body",Poland,https://klimatycznabazawiedzy.org/raport/komunikat-04-2021-na-temat-zagrozen-miast-wobec-kryzysu-klimatycznego/,https://app.overton.io/document.php?policy_document_id=kbwpl-fdf99c9d40ffbf36a5821a74b9481b0f,"Fundamental Research Funds for the Central Universities; Fundamental Research Funds for the Central Universities; Ministry of Education of the People's Republic of China; Ministry of Finance; Ministry of Science and Technology of the People's Republic of China; Ministry of Science and Technology of the People's Republic of China; National Natural Science Foundation of China; National Natural Science Foundation of China; National Office for Philosophy and Social Sciences; National Office for Philosophy and Social Sciences; National Science and Technology Major Project"
"Decomposition of the US CO2 emissions and its mitigation potential: An aggregate and sectoral analysis",10.1016/j.enpol.2020.111925,"Energy Policy",2020-12-01T00:00:00+00:00,17,https://doi.org/10.1016/j.enpol.2020.111925,unitednations,"United Nations","Climate change 2022 : mitigation of climate change",2022-01-01,"Public Sector",IGO,"International Body; Top-Level Authority; IGO Department or Agency; Mixed Roles; Policy Centre",IGO,https://digitallibrary.un.org/record/3967257?ln=en,https://app.overton.io/document.php?policy_document_id=unitednations-b55056029deb6c0c3bae6db2b291d287,"Fundamental Research Funds for the Central Universities; Fundamental Research Funds for the Central Universities; Ministry of Education of the People's Republic of China; Ministry of Finance; Ministry of Science and Technology of the People's Republic of China; Ministry of Science and Technology of the People's Republic of China; National Natural Science Foundation of China; National Natural Science Foundation of China; National Office for Philosophy and Social Sciences; National Office for Philosophy and Social Sciences; National Science and Technology Major Project"
"Decomposition of the US CO2 emissions and its mitigation potential: An aggregate and sectoral analysis",10.1016/j.enpol.2020.111925,"Energy Policy",2020-12-01T00:00:00+00:00,17,https://doi.org/10.1016/j.enpol.2020.111925,unitednations,"United Nations","Climate Change 2022 : mitigation of climate change : Working Group III Contribution to the Sixth Assessment Report of the Intergovernmental Panel on Climate Change",2022-01-01,"Public Sector",IGO,"International Body; Top-Level Authority; IGO Department or Agency; Mixed Roles; Policy Centre",IGO,https://digitallibrary.un.org/record/4019730?ln=en,https://app.overton.io/document.php?policy_document_id=unitednations-db2f3e94f902a8cbafb28e4972536dbd,"Fundamental Research Funds for the Central Universities; Fundamental Research Funds for the Central Universities; Ministry of Education of the People's Republic of China; Ministry of Finance; Ministry of Science and Technology of the People's Republic of China; Ministry of Science and Technology of the People's Republic of China; National Natural Science Foundation of China; National Natural Science Foundation of China; National Office for Philosophy and Social Sciences; National Office for Philosophy and Social Sciences; National Science and Technology Major Project"
"Understanding the Energy Consumption of Battery Electric Buses in Urban Public Transport Systems",10.3390/su122310007,Sustainability,2020-11-30T00:00:00+00:00,2,https://doi.org/10.3390/su122310007,icct,"The International Council of Clean Transportation","Operational analysis of battery electric buses in São Paulo",2023-02-28,"Third Sector","Think Tank","Research Centre; Policy Centre; Monitoring or Regulatory Body; Consultancy",USA,https://theicct.org/publication/brazil-hvs-zebra-operational-analysis-electric-bus-sao-paulo-feb23/,https://app.overton.io/document.php?policy_document_id=icct-7529d301f38a44182460ab8721d1012b,"Joint Programming Initiative Urban Europe; National Natural Science Foundation of China; Norges Forskningsråd"
"Understanding the Energy Consumption of Battery Electric Buses in Urban Public Transport Systems",10.3390/su122310007,Sustainability,2020-11-30T00:00:00+00:00,2,https://doi.org/10.3390/su122310007,icct,"The International Council of Clean Transportation","Análise operacional de ônibus elétricos a bateria em São Paulo",2022-11-08,"Third Sector","Think Tank","Research Centre; Policy Centre; Monitoring or Regulatory Body; Consultancy",USA,https://theicct.org/publication/brazil-hvs-zebra-analise-operacion-onibus-eletricos-sao-paulo-nov22/,https://app.overton.io/document.php?policy_document_id=icct-8717f40608e8aa0f264aeda65376aaea,"Joint Programming Initiative Urban Europe; National Natural Science Foundation of China; Norges Forskningsråd"
"Investigation of the Multi-Point Injection of Green Hydrogen from Curtailed Renewable Power into a Gas Network",10.3390/en13226047,Energies,2020-11-19T00:00:00+00:00,7,https://doi.org/10.3390/en13226047,cityofclujnapocaro,"Primăria Municipiului Cluj-Napoca","A CONSUMATORILOR DIN MUNICIPIUL CLUJ-NAPOCA în perioada 2022",2023-08-31,"Public Sector",Government,"Municipal Body; Public Service",Romania,https://files.primariaclujnapoca.ro/2023/09/01/43-Anexa.pdf,https://app.overton.io/document.php?policy_document_id=cityofclujnapocaro-574fc38de8da664c7c20ff58c9dc7c02,"Science Foundation Ireland"
"Investigation of the Multi-Point Injection of Green Hydrogen from Curtailed Renewable Power into a Gas Network",10.3390/en13226047,Energies,2020-11-19T00:00:00+00:00,7,https://doi.org/10.3390/en13226047,cityofclujnapocaro,"Primăria Municipiului Cluj-Napoca","Cluj-Napoca : 2021",2021-11-04,"Public Sector",Government,"Municipal Body; Public Service",Romania,https://files.primariaclujnapoca.ro/2021/11/04/01_Strategia.pdf,https://app.overton.io/document.php?policy_document_id=cityofclujnapocaro-e1b440f6708ffdf45d68206c9b42d6e9,"Science Foundation Ireland"
"Investigation of the Multi-Point Injection of Green Hydrogen from Curtailed Renewable Power into a Gas Network",10.3390/en13226047,Energies,2020-11-19T00:00:00+00:00,7,https://doi.org/10.3390/en13226047,epaireland,"Irish Environmental Protection Agency","Report No.",2026-01-19,"Public Sector",Government,"National Body; Government Agency; Research Centre; Policy Centre; Monitoring or Regulatory Body",Ireland,https://www.epa.ie/publications/research/reports/Research-Report_506.pdf,https://app.overton.io/document.php?policy_document_id=epaireland-6350e7913ad99f07a707c964058f3595,"Science Foundation Ireland"
"Investigation of the Multi-Point Injection of Green Hydrogen from Curtailed Renewable Power into a Gas Network",10.3390/en13226047,Energies,2020-11-19T00:00:00+00:00,7,https://doi.org/10.3390/en13226047,epaireland,"Irish Environmental Protection Agency","Report No.",2026-01-19,"Public Sector",Government,"National Body; Government Agency; Research Centre; Policy Centre; Monitoring or Regulatory Body",Ireland,https://www.epa.ie/publications/research/circular-economy/Research-Report_506.pdf,https://app.overton.io/document.php?policy_document_id=epaireland-c62694298043f172f143da5a61dc2034,"Science Foundation Ireland"
"Investigation of the Multi-Point Injection of Green Hydrogen from Curtailed Renewable Power into a Gas Network",10.3390/en13226047,Energies,2020-11-19T00:00:00+00:00,7,https://doi.org/10.3390/en13226047,epaireland,"Irish Environmental Protection Agency","Report No.",2026-01-19,"Public Sector",Government,"National Body; Government Agency; Research Centre; Policy Centre; Monitoring or Regulatory Body",Ireland,https://www.epa.ie/publications/research/epa-research-2030-reports/Research-Report_506.pdf,https://app.overton.io/document.php?policy_document_id=epaireland-ddc3dcabe68e3238c0b199a44b92336f,"Science Foundation Ireland"
"Investigation of the Multi-Point Injection of Green Hydrogen from Curtailed Renewable Power into a Gas Network",10.3390/en13226047,Energies,2020-11-19T00:00:00+00:00,7,https://doi.org/10.3390/en13226047,gpogov,"Government Publishing Office (GPO)","Hydrogen blending into natural gas pipeline infrastructure: review of the state of technology.",2022-09-28,"Public Sector",Government,"National Body; Mixed Roles; Public Service",USA,https://purl.fdlp.gov/GPO/gpo194680,https://app.overton.io/document.php?policy_document_id=gpogov-4bd7c97ed97b9ad879b958b679b31fc5,"Science Foundation Ireland"
"Investigation of the Multi-Point Injection of Green Hydrogen from Curtailed Renewable Power into a Gas Network",10.3390/en13226047,Energies,2020-11-19T00:00:00+00:00,7,https://doi.org/10.3390/en13226047,nrelosti,"National Renewable Energy Laboratory","Hydrogen Blending into Natural Gas Pipeline Infrastructure: Review of the State of Technology",2022-10-10,"Public Sector",Government,"National Body; Arm's Length Body; Research Centre; Policy Centre",USA,https://www.osti.gov/biblio/1893355,https://app.overton.io/document.php?policy_document_id=nrelosti-b993be7229efa8e57861728c4ac353af,"Science Foundation Ireland"
"Economic Energy Efficiency of Food Production Systems",10.3390/en13215826,Energies,2020-11-08T00:00:00+00:00,2,https://doi.org/10.3390/en13215826,fao,"Food and Agriculture Organization of the United Nations","Renewable energy for agri-food systems: Towards the Sustainable Development Goals and the Paris Agreement",2021-01-01,"Public Sector",IGO,"International Body; IGO Department or Agency; Food and Drug Safety; Healthcare Service, Body or Agency",IGO,https://openknowledge.fao.org/handle/20.500.14283/cb7433en,https://app.overton.io/document.php?policy_document_id=fao-818506fa88be6c38ebb120690ff10c69,"Narodowe Centrum Nauki; Narodowym Centrum Nauki"
"Economic Energy Efficiency of Food Production Systems",10.3390/en13215826,Energies,2020-11-08T00:00:00+00:00,2,https://doi.org/10.3390/en13215826,irena,"International Renewable Energy Agency","Renewable Energy for Agri-food Systems: Towards the Sustainable Development Goals and the Paris Agreement",2021-11-03,"Public Sector",IGO,"International Body; IGO Department or Agency; Policy Centre; Monitoring or Regulatory Body; Research Centre",IGO,https://www.irena.org/publications/2021/Nov/Renewable-Energy-for-Agri-food-Systems,https://app.overton.io/document.php?policy_document_id=irena-fca7a210809255894c34429c7735e4f4,"Narodowe Centrum Nauki; Narodowym Centrum Nauki"
"Early adopters and their motives: Differences between earlier and later adopters of residential solar photovoltaics",10.1016/j.rser.2020.110142,"Renewable and Sustainable Energy Reviews",2020-11-01T00:00:00+00:00,4,https://doi.org/10.1016/j.rser.2020.110142,apo,"Australian Policy Online","Rooftop solar: paradise lost",2025-03-24,"Third Sector",NGO,"Public Data Body or Statistics; Archive; Policy Centre",Australia,https://apo.org.au/node/330096,https://app.overton.io/document.php?policy_document_id=apo-5405493a83f9f1a139dabb7ace364c7c,
"Early adopters and their motives: Differences between earlier and later adopters of residential solar photovoltaics",10.1016/j.rser.2020.110142,"Renewable and Sustainable Energy Reviews",2020-11-01T00:00:00+00:00,4,https://doi.org/10.1016/j.rser.2020.110142,cisorgau,"The Centre for Independent Studies","Rooftop solar: paradise lost",2025-03-25,"Third Sector","Think Tank","Research Centre; Policy Centre",Australia,https://www.cis.org.au/publication/rooftop-solar-paradise-lost/,https://app.overton.io/document.php?policy_document_id=cisorgau-5dc4a102ee28683631dc7f9240e0ceef,
"Early adopters and their motives: Differences between earlier and later adopters of residential solar photovoltaics",10.1016/j.rser.2020.110142,"Renewable and Sustainable Energy Reviews",2020-11-01T00:00:00+00:00,4,https://doi.org/10.1016/j.rser.2020.110142,climatexuk,ClimateXChange,"Experiences of early adopters of zero emissions heating",2023-12-13,"Public Sector",Government,"Research Centre; Policy Centre",UK,https://www.climatexchange.org.uk/projects/experiences-of-early-adopters-of-zero-emissions-heating/,https://app.overton.io/document.php?policy_document_id=climatexuk-89caa00e175c2c3ea0a984aed851aadf,
"Early adopters and their motives: Differences between earlier and later adopters of residential solar photovoltaics",10.1016/j.rser.2020.110142,"Renewable and Sustainable Energy Reviews",2020-11-01T00:00:00+00:00,4,https://doi.org/10.1016/j.rser.2020.110142,unctad,UNCTAD,"Technology foresight and technology assessment for sustainable development",2025-10-16,"Public Sector",IGO,"International Body; Financial Institution or Bank; Development Bank; Policy Centre",IGO,https://unctad.org/system/files/official-document/dtltikd2025d1_en.pdf,https://app.overton.io/document.php?policy_document_id=unctad-78392f510da97e41dbd6ae5f0b27b892,
"Countdown Slack: A Run-Time Library to Reduce Energy Footprint in Large-Scale MPI Applications",10.1109/tpds.2020.3000418,"IEEE Transactions on Parallel and Distributed Systems",2020-11-01T00:00:00+00:00,2,https://doi.org/10.1109/tpds.2020.3000418,cordisbe,CORDIS,"PRACE 6th Implementation Phase Project",2023-04-16,"Public Sector",Government,"Public Data Body or Statistics; Archive; Public Service; Mixed Roles",EU,https://ec.europa.eu/research/participants/documents/downloadPublic?documentIds=080166e5f58b6139&appId=PPGMS,https://app.overton.io/document.php?policy_document_id=cordisbe-ac3cf7d5bbf8ade16853928c0a8900fc,"European Commission; H2020 Industrial Leadership; H2020 Leadership in Enabling and Industrial Technologies; H2020 Leadership in Enabling and Industrial Technologies; Horizon 2020 Framework Programme; Horizon 2020 Framework Programme"
"Countdown Slack: A Run-Time Library to Reduce Energy Footprint in Large-Scale MPI Applications",10.1109/tpds.2020.3000418,"IEEE Transactions on Parallel and Distributed Systems",2020-11-01T00:00:00+00:00,2,https://doi.org/10.1109/tpds.2020.3000418,cordisbe,CORDIS,"MAterials design at the eXascale. European Centre of Excellence in materials modelling, simulations, and design",2023-02-26,"Public Sector",Government,"Public Data Body or Statistics; Archive; Public Service; Mixed Roles",EU,https://ec.europa.eu/research/participants/documents/downloadPublic?documentIds=080166e5e58db6f2&appId=PPGMS,https://app.overton.io/document.php?policy_document_id=cordisbe-e3bb63dd108353f08a543130e4038b7e,"European Commission; H2020 Industrial Leadership; H2020 Leadership in Enabling and Industrial Technologies; H2020 Leadership in Enabling and Industrial Technologies; Horizon 2020 Framework Programme; Horizon 2020 Framework Programme"
"Solar power forecast for a residential smart microgrid based on numerical weather predictions using artificial intelligence methods",10.1016/j.jobe.2020.101629,"Journal of Building Engineering",2020-11-01T00:00:00+00:00,3,https://doi.org/10.1016/j.jobe.2020.101629,governmentofrussia,"Government of Russia","People and possibilities in the age of AI",2025-05-15,"Public Sector",Government,"National Body; Mixed Roles; Public Service",Russia,https://repository.ach.gov.ru/upload/cards/d36/hdr2025reporten.pdf,https://app.overton.io/document.php?policy_document_id=governmentofrussia-1a8304674ad4a2a457b0e7155493c9f6,
"Solar power forecast for a residential smart microgrid based on numerical weather predictions using artificial intelligence methods",10.1016/j.jobe.2020.101629,"Journal of Building Engineering",2020-11-01T00:00:00+00:00,3,https://doi.org/10.1016/j.jobe.2020.101629,undp,"United Nations Development Programme","Human Development Report 2025",2025-05-06,"Public Sector",IGO,"International Body; IGO Department or Agency; Initiative, Programme or Project; Professional Network, Association, Union or Cooperative",IGO,https://hdr.undp.org/content/human-development-report-2025,https://app.overton.io/document.php?policy_document_id=undp-ddf9d6b05339d857a7abd3cfc7e73460,
"Solar power forecast for a residential smart microgrid based on numerical weather predictions using artificial intelligence methods",10.1016/j.jobe.2020.101629,"Journal of Building Engineering",2020-11-01T00:00:00+00:00,3,https://doi.org/10.1016/j.jobe.2020.101629,unitednations,"United Nations","Human development report 2025 :a matter of choice : people and possibilities in the age of AI",2025-01-01,"Public Sector",IGO,"International Body; Top-Level Authority; IGO Department or Agency; Mixed Roles; Policy Centre",IGO,https://digitallibrary.un.org/record/4082930?ln=en,https://app.overton.io/document.php?policy_document_id=unitednations-9eb9fbb0e4e21e261c660272458f4caa,
"Adaptive model predictive climate control of multi-unit buildings using weather forecast data",10.1016/j.jobe.2020.101449,"Journal of Building Engineering",2020-11-01T00:00:00+00:00,1,https://doi.org/10.1016/j.jobe.2020.101449,csagca,"Canadian Standards Association Group (CSA)","Intelligent Buildings: Layout and Relevant Standards",2021-12-09,"Third Sector","Think Tank","Research Centre; Monitoring or Regulatory Body; Policy Centre",Canada,https://www.csagroup.org/article/intelligent-buildings-layout-and-relevant-standards,https://app.overton.io/document.php?policy_document_id=csagca-b4983753df501528f419b6b730254d9f,
"A vision-based deep learning approach for the detection and prediction of occupancy heat emissions for demand-driven control solutions",10.1016/j.enbuild.2020.110386,"Energy and Buildings",2020-11-01T00:00:00+00:00,2,https://doi.org/10.1016/j.enbuild.2020.110386,keeikr,"Korea Energy Economics Institute","에너지 부문 인공지능 활용과 과제",2021-01-01,"Public Sector","Think Tank","National Body; Research Centre; Policy Centre","South Korea",https://www.nkis.re.kr/subject_view1.do?otcCd=RO&otcNm=수시연구보고서&otpId=OTP_0000000000007622&otpSeq=0&eoSeq=306522&currentPage=4&searchSelect=&searchWord=&returnPage=newest_list.do&schLclaScsId=&pblYy=&agcNms=에너지경제연구원&listPerPage=50,https://app.overton.io/document.php?policy_document_id=keeikr-4c4eae66aa7ba009e6e8677b29cddfa8,"Engineering and Physical Sciences Research Council; Engineering and Physical Sciences Research Council; UK Research and Innovation; UKRI (Special project, May 2022); University of Nottingham; University of Nottingham"
"A vision-based deep learning approach for the detection and prediction of occupancy heat emissions for demand-driven control solutions",10.1016/j.enbuild.2020.110386,"Energy and Buildings",2020-11-01T00:00:00+00:00,2,https://doi.org/10.1016/j.enbuild.2020.110386,keeikr,"Korea Energy Economics Institute","에너지 부문 인공지능 활용과 과제",2021-01-01,"Public Sector","Think Tank","National Body; Research Centre; Policy Centre","South Korea",https://www.nkis.re.kr/subject_view1.do?otpId=OTP_0000000000007622,https://app.overton.io/document.php?policy_document_id=keeikr-95fc0abe2547876b920b317bf40eb04e,"Engineering and Physical Sciences Research Council; Engineering and Physical Sciences Research Council; UK Research and Innovation; UKRI (Special project, May 2022); University of Nottingham; University of Nottingham"
"Review of power system impacts at high PV penetration Part II: Potential solutions and the way forward",10.1016/j.solener.2020.08.047,"Solar Energy",2020-11-01T00:00:00+00:00,1,https://doi.org/10.1016/j.solener.2020.08.047,irena,"International Renewable Energy Agency","Renewable Energy and Electricity Interconnections for a Sustainable Northeast Asia",2021-05-30,"Public Sector",IGO,"International Body; IGO Department or Agency; Policy Centre; Monitoring or Regulatory Body; Research Centre",IGO,https://www.irena.org/publications/2021/May/Renewable-Energy-and-Electricity-Interconnections-for-a-Sustainable-Northeast-Asia,https://app.overton.io/document.php?policy_document_id=irena-acc00af615063307890e55ae84d0bd07,"National Research Foundation Singapore; National Research Foundation, Prime Minister’s Office, Singapore"
"Energy Yield Advantages of Three-Terminal Perovskite-Silicon Tandem Photovoltaics",10.1016/j.joule.2020.08.021,Joule,2020-11-01T00:00:00+00:00,1,https://doi.org/10.1016/j.joule.2020.08.021,nrelosti,"National Renewable Energy Laboratory","Hybrid Tandem Photovoltaics",2023-03-17,"Public Sector",Government,"National Body; Arm's Length Body; Research Centre; Policy Centre",USA,https://www.osti.gov/biblio/1963068,https://app.overton.io/document.php?policy_document_id=nrelosti-db319a44adad3cab31d8102fb7d46597,"Bundesministerium für Bildung und Forschung; Bundesministerium für Wirtschaft und Energie; Federal Ministry for Economic Affairs and Energy; Federal Ministry of Education and Research; Helmholtz Association; Helmholtz Association; Helmholtz Energy Materials Foundry; Helmholtz Energy Materials Foundry; Karlsruhe School of Optics & Photonics"
"Features of the petroleum products pricing in Russia, in the USA, and Saudi Arabia",10.1016/j.egyr.2020.09.029,"Energy Reports",2020-11-01T00:00:00+00:00,1,https://doi.org/10.1016/j.egyr.2020.09.029,california_state_agencies,"State of California","Western States Petroleum Association Comments - literature review on Energy Price Controls",2023-11-27,"Public Sector",Government,"Regional or State Level Body; Mixed Roles; Public Service",USA,https://efiling.energy.ca.gov/GetDocument.aspx?tn=253336&DocumentContentId=88551,https://app.overton.io/document.php?policy_document_id=california_state_agencies-71efd0e34a7fa4f16b0fb9f5e75a2a7e,"Council on grants of the President of the Russian Federation; Council on grants of the President of the Russian Federation; Federal State Budget Scientific Institution Research Institute - Republican Research and Consulting Center of Expertise; Russian Foundation for Basic Research; Russian Foundation for Basic Research"
"A Cross-Domain Approach to Analyzing the Short-Run Impact of COVID-19 on the US Electricity Sector",10.1016/j.joule.2020.08.017,Joule,2020-11-01T00:00:00+00:00,1,https://doi.org/10.1016/j.joule.2020.08.017,bancoes,"Banco de España","FIRMS AND HOUSEHOLDS DURING THE PANDEMIC: WHAT DO WE LEARN FROM THEIR ELECTRICITY CONSUMPTION?",2020-12-22,"Public Sector",Government,"National Body; Financial Institution or Bank; Central Bank",Spain,https://www.bde.es/f/webbde/SES/Secciones/Publicaciones/PublicacionesSeriadas/DocumentosOcasionales/20/Files/do2031e.pdf,https://app.overton.io/document.php?policy_document_id=bancoes-fb6d3288866a5dd5ab2374b1d937f400,"NSF (Special project, May 2022); National Science Foundation; National Science Foundation; Tsinghua University; Tsinghua University"
"Domestic sector energy demand and prediction models for Punjab Pakistan",10.1016/j.jobe.2020.101790,"Journal of Building Engineering",2020-11-01T00:00:00+00:00,2,https://doi.org/10.1016/j.jobe.2020.101790,sdpipakistan,"Sustainable Development Policy Institute","Prospects of Coal Investments and Potential of Renewable Energy Transition in Thar Region of Pakistan",2021-06-28,"Third Sector","Think Tank","Research Centre; Policy Centre",Pakistan,https://sdpi.org/prospects-of-coal-investments-and-potential-of-renewable-energy-transition-in-thar-region-of-pakistan/publication_detail,https://app.overton.io/document.php?policy_document_id=sdpipakistan-94b94a6e417e7d3da3a004b86bcd5871,"Cardiff University; Cardiff University; University of Engineering and Technology, Lahore; University of Engineering and Technology, Lahore"
"Domestic sector energy demand and prediction models for Punjab Pakistan",10.1016/j.jobe.2020.101790,"Journal of Building Engineering",2020-11-01T00:00:00+00:00,2,https://doi.org/10.1016/j.jobe.2020.101790,sdpipakistan,"Sustainable Development Policy Institute","Prospects of Coal Investments and Potential of Renewable Energy Transition in Thar Region of Pakistan – sdpi.org",2021-06-30,"Third Sector","Think Tank","Research Centre; Policy Centre",Pakistan,https://sdpi.org/publications/prospects-of-coal-investments-and-potential-of-renewable-energy-transition-in-thar-region-of-pakistan-2/,https://app.overton.io/document.php?policy_document_id=sdpipakistan-cf372f6c82dcae5d3032a66e0abd7231,"Cardiff University; Cardiff University; University of Engineering and Technology, Lahore; University of Engineering and Technology, Lahore"
"Short-Term Firm-Level Energy-Consumption Forecasting for Energy-Intensive Manufacturing: A Comparison of Machine Learning and Deep Learning Models",10.3390/a13110274,Algorithms,2020-10-30T00:00:00+00:00,2,https://doi.org/10.3390/a13110274,cacca,"Council of Canadian Academies","Navigating Collaborative Futures",2024-02-12,"Third Sector","Think Tank","Research Centre; Policy Centre; Professional Network, Association, Union or Cooperative; Initiative, Programme or Project",Canada,https://cca-reports.ca/reports/international-science-and-technology-partnerships/,https://app.overton.io/document.php?policy_document_id=cacca-999e8b24d12f11b6945bd5e9c9f35cba,
"Short-Term Firm-Level Energy-Consumption Forecasting for Energy-Intensive Manufacturing: A Comparison of Machine Learning and Deep Learning Models",10.3390/a13110274,Algorithms,2020-10-30T00:00:00+00:00,2,https://doi.org/10.3390/a13110274,cacca,"Council of Canadian Academies","Évoluer dans des futurs collaboratifs",2024-02-12,"Third Sector","Think Tank","Research Centre; Policy Centre; Professional Network, Association, Union or Cooperative; Initiative, Programme or Project",Canada,https://www.rapports-cac.ca/reports/les-occasions-de-partenariats-scientifiques-et-technologiques-internationaux/,https://app.overton.io/document.php?policy_document_id=cacca-d45a10db11c90de27e7c5b595fd13989,
"The Energy Trade-Offs of Transitioning to a Locally Sourced Water Supply Portfolio in the City of Los Angeles",10.3390/en13215589,Energies,2020-10-26T00:00:00+00:00,1,https://doi.org/10.3390/en13215589,pacificinstitut,"Pacific Institute","The Future of California’s Water-Energy-Climate Nexus",2021-09-07,"Third Sector","Think Tank","Research Centre; Policy Centre",USA,https://pacinst.org/publication/the-future-of-californias-water-energy-climate-nexus/,https://app.overton.io/document.php?policy_document_id=pacificinstitut-803db2095d8e8006d51538b1a8f576f6,
"Building Energy-Cost Maps From Aerial Images and Ground Robot Measurements With Semi-Supervised Deep Learning",10.1109/lra.2020.3006797,"IEEE Robotics and Automation Letters",2020-10-01T00:00:00+00:00,2,https://doi.org/10.1109/lra.2020.3006797,stateofminnesota,"State of Minnesota","M. L. 2018 Project Abstract",2022-11-28,"Public Sector",Government,"Regional or State Level Body; Mixed Roles; Public Service",USA,https://www.lccmr.mn.gov/projects/2018/finals/2018_08d.pdf,https://app.overton.io/document.php?policy_document_id=stateofminnesota-5254fa3d50e1aab148653fec671a9456,
"Building Energy-Cost Maps From Aerial Images and Ground Robot Measurements With Semi-Supervised Deep Learning",10.1109/lra.2020.3006797,"IEEE Robotics and Automation Letters",2020-10-01T00:00:00+00:00,2,https://doi.org/10.1109/lra.2020.3006797,stateofminnesota,"State of Minnesota","M. L. 2018 Project Abstract",2022-11-28,"Public Sector",Government,"Regional or State Level Body; Mixed Roles; Public Service",USA,https://www.lrl.mn.gov/docs/2022/mandated/221055/2018_08d.pdf,https://app.overton.io/document.php?policy_document_id=stateofminnesota-d40e0293b6a52e6ae986d82d8d4ce9a1,
"Performance characteristics of an integrated power generation system combining gas turbine combined cycle, carbon capture and methanation",10.1007/s12206-020-0923-8,"Journal of Mechanical Science and Technology",2020-10-01T00:00:00+00:00,1,https://doi.org/10.1007/s12206-020-0923-8,govdeptsspain,"Government of Spain",Vicente%20Oliva,2021-07-27,"Public Sector",Government,"National Body; Mixed Roles; Public Service",Spain,https://www.mintur.gob.es/Publicaciones/Publicacionesperiodicas/EconomiaIndustrial/RevistaEconomiaIndustrial/420/Vicente%20Oliva.pdf,https://app.overton.io/document.php?policy_document_id=govdeptsspain-658b2b07390f96523d4f9e28c8560f76,
"Effects of combined central air conditioning diffusers and window-integrated ventilation system on indoor air quality and thermal comfort in an office",10.1016/j.scs.2020.102292,"Sustainable Cities and Society",2020-10-01T00:00:00+00:00,1,https://doi.org/10.1016/j.scs.2020.102292,jointresearcheu,"Joint Research Centre","Background report for the revision of EU Green Public Procurement criteria for Buildings",2024-10-25,"Public Sector",Government,"International Body; IGO Department or Agency; Research Centre; Policy Centre; Commission",EU,https://publications.jrc.ec.europa.eu/repository/handle/JRC138891,https://app.overton.io/document.php?policy_document_id=jointresearcheu-133ee5b2cb16a7a23fc69965bd7b0e37,
"Forecasting urban residential stock turnover dynamics using system dynamics and Bayesian model averaging",10.1016/j.apenergy.2020.115388,"Applied Energy",2020-10-01T00:00:00+00:00,1,https://doi.org/10.1016/j.apenergy.2020.115388,wcpp,"Wales Centre for Public Policy","Housing stock energy modelling: Towards a model for Wales",2023-01-13,"Third Sector","Think Tank","Research Centre; Policy Centre",UK,https://wcpp.org.uk/publication/housing-stock-energy-modelling-towards-a-model-for-wales/,https://app.overton.io/document.php?policy_document_id=wcpp-046aa2a536d1d3506ca8efb554e1d007,
"Modelling energy retrofit using household archetypes",10.1016/j.enbuild.2020.110224,"Energy and Buildings",2020-10-01T00:00:00+00:00,2,https://doi.org/10.1016/j.enbuild.2020.110224,europa,"Publications Office of the European Union","Proceeding of the 11th international conference on Energy Efficiency in Domestic Appliances and Lighting (EEDAL’21).",2023-02-24,"Public Sector",Government,"International Body; Public Data Body or Statistics; Archive; Public Service",EU,https://op.europa.eu/en/publication-detail/-/publication/d38c43b6-b71e-11ed-8912-01aa75ed71a1/language-en/format-PDF,https://app.overton.io/document.php?policy_document_id=europa-198baa3d8485646c127145b740791a0b,
"Modelling energy retrofit using household archetypes",10.1016/j.enbuild.2020.110224,"Energy and Buildings",2020-10-01T00:00:00+00:00,2,https://doi.org/10.1016/j.enbuild.2020.110224,jointresearcheu,"Joint Research Centre","Proceeding of the 11th International Conference on Energy Efficiency in Domestic Appliances and Lighting (EEDAL’22)",2023-02-17,"Public Sector",Government,"International Body; IGO Department or Agency; Research Centre; Policy Centre; Commission",EU,https://publications.jrc.ec.europa.eu/repository/handle/JRC132721,https://app.overton.io/document.php?policy_document_id=jointresearcheu-4a81fbe1e4f9454aa1afd7b9909d7c1a,
"Economic evaluation of a hybrid heating system in different climate zones based on model predictive control",10.1016/j.enconman.2020.113205,"Energy Conversion and Management",2020-10-01T00:00:00+00:00,1,https://doi.org/10.1016/j.enconman.2020.113205,worldbank,"World Bank","The Economic Value of Weather Forecasts: A Quantitative Systematic Literature Review",2025-09-10,"Public Sector",IGO,"International Body; Financial Institution or Bank; Development Bank; Policy Centre",IGO,https://hdl.handle.net/10986/43709,https://app.overton.io/document.php?policy_document_id=worldbank-166063645993671adff0f4de1d9140a7,"Agencia Estatal de Investigación; Agencia Estatal de Investigación; Generalitat de Catalunya; Institució Catalana de Recerca i Estudis Avançats; Ministerio de Ciencia, Innovación y Universidades; Ministerio de Ciencia, Innovación y Universidades; Ministerio de Economía y Competitividad"
"Closing the building energy performance gap through component level analysis and stakeholder collaborations",10.1016/j.enbuild.2020.110276,"Energy and Buildings",2020-10-01T00:00:00+00:00,1,https://doi.org/10.1016/j.enbuild.2020.110276,sintefno,SINTEF,"Ensuring ambitious goals: Barrier and good practices in the planning and building process",2024-01-01,"Private Sector","Think Tank","Research Centre; Policy Centre",Norway,https://nva.sikt.no/registration/0198cc5773de-231b4f9d-dcd9-4cc7-92b0-1e396cb0dd6b,https://app.overton.io/document.php?policy_document_id=sintefno-d345b69f2f4b171313d587b9bbb1b28b,"Australian Research Council; Australian Research Council; Department of Education and Training; National Research Centre; National Research Centre; Queensland Government; Queensland Government; Tianjin Municipal Education Commission; Tianjin Municipal Education Commission; Tianjin Science and Technology Committee; Tianjin Science and Technology Committee; Western University; Western University"
"Energy efficiency in the industrial sector in the EU, Slovenia, and Spain",10.1016/j.energy.2020.118398,Energy,2020-10-01T00:00:00+00:00,2,https://doi.org/10.1016/j.energy.2020.118398,efdse,"Environment for Development","The role of environmental policy and public innovation – Subsidies in promoting green patenting in Sweden",2024-05-01,"Third Sector","Think Tank","Research Centre; Policy Centre; International Body",Sweden,https://www.efdinitiative.org/publications/role-environmental-policy-and-public-innovation-subsidies-promoting-green-patenting,https://app.overton.io/document.php?policy_document_id=efdse-b3ef9aeae3379ccd8a7cfc6432b178c9,"Directorate-General for Communications Networks, Content and Technology; H2020_REST (Special project, May 2022); H2020_REST_ThirdPillar (Special project, May 2022); INEA, European Commission; Innovation and Networks Executive Agency; Innovation and Networks Executive Agency"
"Energy efficiency in the industrial sector in the EU, Slovenia, and Spain",10.1016/j.energy.2020.118398,Energy,2020-10-01T00:00:00+00:00,2,https://doi.org/10.1016/j.energy.2020.118398,europa,"Publications Office of the European Union","CORDIS results pack on waste heat valorisation.",2022-02-10,"Public Sector",Government,"International Body; Public Data Body or Statistics; Archive; Public Service",EU,https://op.europa.eu/en/publication-detail/-/publication/688097a1-8aee-11ec-8c40-01aa75ed71a1/language-en/format-PDF,https://app.overton.io/document.php?policy_document_id=europa-d72ea5ee5b6cf0f229f9b2d253231b72,"Directorate-General for Communications Networks, Content and Technology; H2020_REST (Special project, May 2022); H2020_REST_ThirdPillar (Special project, May 2022); INEA, European Commission; Innovation and Networks Executive Agency; Innovation and Networks Executive Agency"
"Effects of future climate change on the preservation of artworks, thermal comfort and energy consumption in historic buildings",10.1016/j.apenergy.2020.115483,"Applied Energy",2020-10-01T00:00:00+00:00,2,https://doi.org/10.1016/j.apenergy.2020.115483,odi,"Overseas Development Institute (ODI)","Heritage adaption to climate change: reducing risk and harnessing opportunities",2024-11-01,"Third Sector","Think Tank","Research Centre; Policy Centre",UK,https://odi.org/en/publications/heritage-adaption-to-climate-change-reducing-risk-and-harnessing-opportunities/,https://app.overton.io/document.php?policy_document_id=odi-35085d302ef8ee758f48f2a182ff1683,"Universidad de Málaga; Universidad de Málaga"
"Effects of future climate change on the preservation of artworks, thermal comfort and energy consumption in historic buildings",10.1016/j.apenergy.2020.115483,"Applied Energy",2020-10-01T00:00:00+00:00,2,https://doi.org/10.1016/j.apenergy.2020.115483,stateofvalencia,"Generalitat Valenciana","Implemented by",2022-12-12,"Public Sector",Government,"Regional or State Level Body; Mixed Roles; Public Service",Spain,https://habitatge.gva.es/documents/20051105/373382117/BEEP_Guide.pdf/bd8e5cba-9a9b-ca88-63db-b7dc3afc5bf6?t=1691059828257,https://app.overton.io/document.php?policy_document_id=stateofvalencia-216f2340d2c9b4eded06d63d7bde9bd3,"Universidad de Málaga; Universidad de Málaga"
"Prioritizing driving factors of household carbon emissions: An application of the LASSO model with survey data",10.1016/j.eneco.2020.104942,"Energy Economics",2020-10-01T00:00:00+00:00,1,https://doi.org/10.1016/j.eneco.2020.104942,bancoes,"Banco de España","2310. Machine Learning methods in climate finance: a systematic review",2023-02-01,"Public Sector",Government,"National Body; Financial Institution or Bank; Central Bank",Spain,https://www.bde.es/f/webbde/SES/Secciones/Publicaciones/PublicacionesSeriadas/DocumentosTrabajo/23/Files/dt2310e.pdf,https://app.overton.io/document.php?policy_document_id=bancoes-cefe486cece47082293c10bf82d2fc52,"China Postdoctoral Science Foundation; China Postdoctoral Science Foundation; Humanity and Social Science Foundation of the Ministry of Education of Chin; Major project of National Social Science Foundation of China; Ministry of Education of the People's Republic of China; National High-tech Research and Development Program; National Natural Science Foundation of China; National Natural Science Foundation of China; National Social Science Foundation of China; National Social Science Fund of China"
"How can the integration of renewable energy and power-to-gas benefit industrial facilities? From techno-economic, policy, and environmental assessment",10.1016/j.ijhydene.2020.07.040,"International Journal of Hydrogen Energy",2020-10-01T00:00:00+00:00,1,https://doi.org/10.1016/j.ijhydene.2020.07.040,ccica,"Canadian Climate Institute","Enabling broader decarbonization through Energy Systems Integration",2021-10-13,"Third Sector","Think Tank","Research Centre; Policy Centre",Canada,https://climateinstitute.ca/wp-content/uploads/2021/10/CICC-Enabling-broader-decarbonization-through-electricity-system-integration-by-Madeleine-McPherson-FINAL.pdf,https://app.overton.io/document.php?policy_document_id=ccica-3ce72b8fc157f75ce9dafb4dd6490d79,"Air Liquide; Hydrogen Education Foundation; Hydrogen Education Foundation; Hydrogenics; SoCalGas"
"Do energy performance certificates allow reliable predictions of actual energy consumption and savings? Learning from the Swiss national database",10.1016/j.enbuild.2020.110235,"Energy and Buildings",2020-10-01T00:00:00+00:00,5,https://doi.org/10.1016/j.enbuild.2020.110235,climatexuk,ClimateXChange,"Using metered energy consumption data on Scottish EPCs",2025-01-21,"Public Sector",Government,"Research Centre; Policy Centre",UK,https://www.climatexchange.org.uk/projects/using-metered-energy-consumption-data-on-scottish-epcs/,https://app.overton.io/document.php?policy_document_id=climatexuk-bbee4897ba0e4a370efd6765d7ee2dd1,"Bundesamt für Energie; Bundesamt für Energie; Eidgenössisches Departement für Umwelt, Verkehr, Energie und Kommunikation; Innosuisse - Schweizerische Agentur für Innovationsförderung; Innosuisse - Schweizerische Agentur für Innovationsförderung; Université de Genève; Université de Genève"
"Do energy performance certificates allow reliable predictions of actual energy consumption and savings? Learning from the Swiss national database",10.1016/j.enbuild.2020.110235,"Energy and Buildings",2020-10-01T00:00:00+00:00,5,https://doi.org/10.1016/j.enbuild.2020.110235,esridublin,ESRI,"Quarterly Economic Commentary, Spring 2026",2026-03-25,"Third Sector","Think Tank","Research Centre; Policy Centre",Ireland,https://www.esri.ie/publications/quarterly-economic-commentary-spring-2026,https://app.overton.io/document.php?policy_document_id=esridublin-391fb9341a2da27685d1391f1d901983,"Bundesamt für Energie; Bundesamt für Energie; Eidgenössisches Departement für Umwelt, Verkehr, Energie und Kommunikation; Innosuisse - Schweizerische Agentur für Innovationsförderung; Innosuisse - Schweizerische Agentur für Innovationsförderung; Université de Genève; Université de Genève"
"Do energy performance certificates allow reliable predictions of actual energy consumption and savings? Learning from the Swiss national database",10.1016/j.enbuild.2020.110235,"Energy and Buildings",2020-10-01T00:00:00+00:00,5,https://doi.org/10.1016/j.enbuild.2020.110235,esridublin,ESRI,"A review of residential heat decarbonisation in Ireland",2026-03-10,"Third Sector","Think Tank","Research Centre; Policy Centre",Ireland,https://www.esri.ie/publications/a-review-of-residential-heat-decarbonisation-in-ireland,https://app.overton.io/document.php?policy_document_id=esridublin-af57a50d47bd63a439e5dddd222c4d6d,"Bundesamt für Energie; Bundesamt für Energie; Eidgenössisches Departement für Umwelt, Verkehr, Energie und Kommunikation; Innosuisse - Schweizerische Agentur für Innovationsförderung; Innosuisse - Schweizerische Agentur für Innovationsförderung; Université de Genève; Université de Genève"
"Do energy performance certificates allow reliable predictions of actual energy consumption and savings? Learning from the Swiss national database",10.1016/j.enbuild.2020.110235,"Energy and Buildings",2020-10-01T00:00:00+00:00,5,https://doi.org/10.1016/j.enbuild.2020.110235,govuk,"The UK Government","Energy Performance Certificate (EPC) accuracy research",2026-05-26,"Public Sector",Government,"National Body; Mixed Roles; Public Service",UK,https://www.gov.uk/government/publications/energy-performance-certificate-epc-accuracy-research,https://app.overton.io/document.php?policy_document_id=govuk-a370eae03c51a4f6c1575af10a5241bf,"Bundesamt für Energie; Bundesamt für Energie; Eidgenössisches Departement für Umwelt, Verkehr, Energie und Kommunikation; Innosuisse - Schweizerische Agentur für Innovationsförderung; Innosuisse - Schweizerische Agentur für Innovationsförderung; Université de Genève; Université de Genève"
"Do energy performance certificates allow reliable predictions of actual energy consumption and savings? Learning from the Swiss national database",10.1016/j.enbuild.2020.110235,"Energy and Buildings",2020-10-01T00:00:00+00:00,5,https://doi.org/10.1016/j.enbuild.2020.110235,ifode,"ifo Institut","Regulatory Barriers to Climate Action: Evidence from Conservation Areas in England",2023-03-06,"Third Sector","Think Tank","Research Centre",Germany,https://www.cesifo.org/en/publications/2023/working-paper/regulatory-barriers-climate-action-evidence-conservation-areas,https://app.overton.io/document.php?policy_document_id=ifode-b8cb05e93f39c55c28c7da145e7967d1,"Bundesamt für Energie; Bundesamt für Energie; Eidgenössisches Departement für Umwelt, Verkehr, Energie und Kommunikation; Innosuisse - Schweizerische Agentur für Innovationsförderung; Innosuisse - Schweizerische Agentur für Innovationsförderung; Université de Genève; Université de Genève"
"Isothermal and non-isothermal flow in street canyons: A review from theoretical, experimental and numerical perspectives",10.1016/j.buildenv.2020.107163,"Building and Environment",2020-10-01T00:00:00+00:00,1,https://doi.org/10.1016/j.buildenv.2020.107163,govdeptsfrance,"French Government Ministries","Modélisation des impacts des arbres sur la qualité de l’air de l’échelle de la rue à la ville",2023-12-06,"Public Sector",Government,"National Body; Mixed Roles; Public Service",France,https://www.ecologie.gouv.fr/sites/default/files/documents/prix_these_2024_manuscrit_these_Alice_Maison.pdf,https://app.overton.io/document.php?policy_document_id=govdeptsfrance-44f934eaa6656cb24fd3e95f94064742,"Eidgenössische Technische Hochschule Zürich; National Science Foundation; Schweizerischer Nationalfonds zur F&#x00F6;rderung der Wissenschaftlichen Forschung; Schweizerischer Nationalfonds zur Förderung der Wissenschaftlichen Forschung"
"Machine learning algorithm for activity‐aware demand response considering energy savings and comfort requirements",10.1049/iet-stg.2019.0249,"IET Smart Grid",2020-10-01T00:00:00+00:00,1,https://doi.org/10.1049/iet-stg.2019.0249,fgvbr,"Fundação Getulio Vargas","Artificial intelligence for sustainability: a systematic literature review in information systems",2024-05-27,"Third Sector","Think Tank","Research Centre; Policy Centre",Brazil,https://hdl.handle.net/10438/35989,https://app.overton.io/document.php?policy_document_id=fgvbr-33e4cfb161bd6178e85e6c257db834d7,"NSF (Special project, May 2022); National Science Foundation; National Science Foundation"
"Bayesian bootstrap quantile regression for probabilistic photovoltaic power forecasting",10.1186/s41601-020-00167-7,"Protection and Control of Modern Power Systems",2020-09-30T00:00:00+00:00,3,https://doi.org/10.1186/s41601-020-00167-7,europa,"Publications Office of the European Union","Flexibility for resilience : how can flexibility support power grids resilience?",2022-05-25,"Public Sector",Government,"International Body; Public Data Body or Statistics; Archive; Public Service",EU,https://op.europa.eu/en/publication-detail/-/publication/54d9c702-dc9c-11ec-a534-01aa75ed71a1/language-en/format-PDF,https://app.overton.io/document.php?policy_document_id=europa-0a04dd0308b351a27bd37c71b318705b,
"Bayesian bootstrap quantile regression for probabilistic photovoltaic power forecasting",10.1186/s41601-020-00167-7,"Protection and Control of Modern Power Systems",2020-09-30T00:00:00+00:00,3,https://doi.org/10.1186/s41601-020-00167-7,risesweden,"Sveriges Forskningsinstitut","Flexibility for Resilience : How can flexibility support power grids resilience?",2022-05-19,"Public Sector",Government,"National Body; Arm's Length Body; Research Council; Research Centre; Policy Centre",Sweden,https://ri.diva-portal.org/smash/record.jsf?dswid=1738&pid=diva2%3A1663266&c=583&searchType=RESEARCH&language=sv&query=&af=%5B%22hasFulltext%3Atrue%22%5D&aq=%5B%5B%5D%5D&aq2=%5B%5B%7B%22organisationId%22%3A%22882940%22%2C%22organisationId-Xtra%22%3Atrue%7D%2C%7B%22publicationTypeCode%22%3A%5B%22report%22%5D%7D%5D%5D&aqe=%5B%5D&noOfRows=250&sortOrder=dateIssued_sort_desc&sortOrder2=title_sort_asc&onlyFullText=false&sf=all,https://app.overton.io/document.php?policy_document_id=risesweden-41f716e5081eb7489ab78fc10917467c,
"Bayesian bootstrap quantile regression for probabilistic photovoltaic power forecasting",10.1186/s41601-020-00167-7,"Protection and Control of Modern Power Systems",2020-09-30T00:00:00+00:00,3,https://doi.org/10.1186/s41601-020-00167-7,risesweden,"Sveriges Forskningsinstitut","Flexibility for Resilience : How can flexibility support power grids resilience?",2022-05-19,"Public Sector",Government,"National Body; Arm's Length Body; Research Council; Research Centre; Policy Centre",Sweden,https://ri.diva-portal.org/smash/get/diva2:1663266/FULLTEXT01.pdf,https://app.overton.io/document.php?policy_document_id=risesweden-905edff4ccb27de9cdb6b484e418da63,
"Study of Energy Saving Analysis for Different Industries",10.1115/1.4048249,"Journal of Energy Resources Technology",2020-09-28T00:00:00+00:00,2,https://doi.org/10.1115/1.4048249,epagov,EPA,"Priority Climate Action Plan",2024-03-01,"Public Sector",Government,"National Body; Government Agency; Arm's Length Body; Monitoring or Regulatory Body",USA,https://www.epa.gov/system/files/documents/2024-03/nebraska-pcap.pdf,https://app.overton.io/document.php?policy_document_id=epagov-a1f136bfb0e0c6e1778c7a91c197c117,"U.S. Department of Energy; U.S. Department of Energy; US Department of Energy"
"Study of Energy Saving Analysis for Different Industries",10.1115/1.4048249,"Journal of Energy Resources Technology",2020-09-28T00:00:00+00:00,2,https://doi.org/10.1115/1.4048249,stateofnebraska,"State of Nebraska","Priority Climate Action Plan",2024-03-18,"Public Sector",Government,"Regional or State Level Body; Mixed Roles; Public Service",USA,https://dee.nebraska.gov/sites/default/files/publications/Nebraska%20Priority%20Climate%20Action%20Plan.pdf,https://app.overton.io/document.php?policy_document_id=stateofnebraska-d9c3b2f7d9a79dd677ace9a86cef884c,"U.S. Department of Energy; U.S. Department of Energy; US Department of Energy"
"Data-Driven Digital Twins for Technical Building Services Operation in Factories: A Cooling Tower Case Study",10.3390/jmmp4040097,"Journal of Manufacturing and Materials Processing",2020-09-23T00:00:00+00:00,1,https://doi.org/10.3390/jmmp4040097,govuk,"The UK Government","Digital Innovation in Product Safety – a Scoping Study",2026-07-02,"Public Sector",Government,"National Body; Mixed Roles; Public Service",UK,https://www.gov.uk/government/publications/digital-innovation-in-product-safety-a-scoping-study,https://app.overton.io/document.php?policy_document_id=govuk-ff5b7d0ba80ac0d5aea37a5bd9a16581,
"Identifying Risk Indicators for Natural Hazard-Related Power Outages as a Component of Risk Assessment: An Analysis Using Power Outage Data from Hurricane Irma",10.3390/su12187702,Sustainability,2020-09-17T00:00:00+00:00,1,https://doi.org/10.3390/su12187702,randcorporation,"RAND Corporation","Ovens and Tinderboxes in the Golden State",2022-07-21,"Third Sector","Think Tank","Research Centre; Policy Centre",USA,https://www.rand.org/pubs/rgs_dissertations/RGSDA2159-1.html,https://app.overton.io/document.php?policy_document_id=randcorporation-f9b8a606929f9e7f100be07cd8a55558,
"How wind speed shear and directional veer affect the power production of a megawatt-scale operational wind turbine",10.5194/wes-5-1169-2020,"Wind Energy Science",2020-09-11T00:00:00+00:00,5,https://doi.org/10.5194/wes-5-1169-2020,nrelosti,"National Renewable Energy Laboratory","Accomplishments and Mid-Year Performance Report: Wind Energy Program Fiscal Year 2020",2020-06-18,"Public Sector",Government,"National Body; Arm's Length Body; Research Centre; Policy Centre",USA,https://www.osti.gov/biblio/1665790,https://app.overton.io/document.php?policy_document_id=nrelosti-27e00f7bfaf49151904b3462fc9055d2,
"How wind speed shear and directional veer affect the power production of a megawatt-scale operational wind turbine",10.5194/wes-5-1169-2020,"Wind Energy Science",2020-09-11T00:00:00+00:00,5,https://doi.org/10.5194/wes-5-1169-2020,nrelosti,"National Renewable Energy Laboratory","American WAKE experimeNt (AWAKEN)",2020-05-01,"Public Sector",Government,"National Body; Arm's Length Body; Research Centre; Policy Centre",USA,https://www.osti.gov/biblio/1806419,https://app.overton.io/document.php?policy_document_id=nrelosti-3be4a8591642cad7fa5842c0e47c03e3,
"How wind speed shear and directional veer affect the power production of a megawatt-scale operational wind turbine",10.5194/wes-5-1169-2020,"Wind Energy Science",2020-09-11T00:00:00+00:00,5,https://doi.org/10.5194/wes-5-1169-2020,nrelosti,"National Renewable Energy Laboratory","Accomplishments and Year-End Performance Report: Wind Energy Program, Fiscal Year 2020",2020-11-09,"Public Sector",Government,"National Body; Arm's Length Body; Research Centre; Policy Centre",USA,https://www.osti.gov/biblio/1721739,https://app.overton.io/document.php?policy_document_id=nrelosti-607169ea5d47c62d841c57cfca6b6462,
"How wind speed shear and directional veer affect the power production of a megawatt-scale operational wind turbine",10.5194/wes-5-1169-2020,"Wind Energy Science",2020-09-11T00:00:00+00:00,5,https://doi.org/10.5194/wes-5-1169-2020,nrelosti,"National Renewable Energy Laboratory","Demonstration of Wake Steering Through Yaw Control in a Wind Plant Field Experiment: Cooperative Research and Development Final Report, CRADA Number CRD-16-00629",2021-07-15,"Public Sector",Government,"National Body; Arm's Length Body; Research Centre; Policy Centre",USA,https://www.osti.gov/biblio/1809032,https://app.overton.io/document.php?policy_document_id=nrelosti-6905c99b26d69d6139bb915bf9e6ebd9,
"How wind speed shear and directional veer affect the power production of a megawatt-scale operational wind turbine",10.5194/wes-5-1169-2020,"Wind Energy Science",2020-09-11T00:00:00+00:00,5,https://doi.org/10.5194/wes-5-1169-2020,nrelosti,"National Renewable Energy Laboratory","American WAKE experimeNt (AWAKEN)",2020-05-01,"Public Sector",Government,"National Body; Arm's Length Body; Research Centre; Policy Centre",USA,https://www.osti.gov/biblio/1659798,https://app.overton.io/document.php?policy_document_id=nrelosti-a5e61d358e188314591adfac0808ead1,
"Hybrid Ship Unit Commitment with Demand Prediction and Model Predictive Control",10.3390/en13184748,Energies,2020-09-11T00:00:00+00:00,1,https://doi.org/10.3390/en13184748,vttfi,"Teknologian tutkimuskeskus VTT","Integrated Energy Solutions to Smart and Green Shipping: 2021 Edition",2021-06-14,"Public Sector",Government,"Research Centre",Finland,https://cris.vtt.fi/en/publications/integrated-energy-solutions-to-smart-and-green-shipping-2021-edit,https://app.overton.io/document.php?policy_document_id=vttfi-23bd7a637e288d0b89eaf9680e2af1da,"Aalto-Yliopisto; Business Finland; Business Finland"
"Prognostics and Health Management for the Optimization of Marine Hybrid Energy Systems",10.3390/en13184676,Energies,2020-09-08T00:00:00+00:00,1,https://doi.org/10.3390/en13184676,clingendael,Clingendael,"Climate Security and the Military: Concepts, Strategies, and Partnerships",2024-05-29,"Third Sector","Think Tank","Research Centre; Policy Centre",Netherlands,https://www.clingendael.org/publication/climate-security-and-military-concepts-strategies-and-partnerships,https://app.overton.io/document.php?policy_document_id=clingendael-97fcf77cac6e288648a418b911e7c8c4,"Innovate UK; Innovate UK; UK Research and Innovation; UKRI (Special project, May 2022)"
"Fossil energy price and outdoor air pollution: predictions from a QUAIDS model",10.18331/brj2020.7.3.4,"Biofuel Research Journal",2020-09-01T00:00:00+00:00,2,https://doi.org/10.18331/brj2020.7.3.4,worldbank,"World Bank","Blue Skies, Blue Seas : Air Pollution, Marine Plastics, and Coastal Erosion in the Middle East and North Africa",2022-02-02,"Public Sector",IGO,"International Body; Financial Institution or Bank; Development Bank; Policy Centre",IGO,https://openknowledge.worldbank.org/handle/10986/36912,https://app.overton.io/document.php?policy_document_id=worldbank-187910f9e3ea53b2464f4c18e882bf5d,
"Fossil energy price and outdoor air pollution: predictions from a QUAIDS model",10.18331/brj2020.7.3.4,"Biofuel Research Journal",2020-09-01T00:00:00+00:00,2,https://doi.org/10.18331/brj2020.7.3.4,worldbank,"World Bank","Blue Skies, Blue Seas",2022-02-07,"Public Sector",IGO,"International Body; Financial Institution or Bank; Development Bank; Policy Centre",IGO,https://hdl.handle.net/10986/36912,https://app.overton.io/document.php?policy_document_id=worldbank-e79cea351b495fbc053b8708f98eece8,
"Behavioral Anomalies and Energy-related Individual Choices: The Role of Status-quo Bias",10.5547/01956574.41.6.jbla,"The Energy Journal",2020-09-01T00:00:00+00:00,5,https://doi.org/10.5547/01956574.41.6.jbla,europa,"Publications Office of the European Union","Mobilising citizens to invest in energy efficiency : an overview of concepts and approaches for encouraging decisions to invest in energy efficiency.",2021-12-01,"Public Sector",Government,"International Body; Public Data Body or Statistics; Archive; Public Service",EU,https://op.europa.eu/en/publication-detail/-/publication/b27bcfaa-5320-11ec-91ac-01aa75ed71a1/language-en/format-PDF,https://app.overton.io/document.php?policy_document_id=europa-57b5aaa2bc2ac38b40f10e39983787c0,
"Behavioral Anomalies and Energy-related Individual Choices: The Role of Status-quo Bias",10.5547/01956574.41.6.jbla,"The Energy Journal",2020-09-01T00:00:00+00:00,5,https://doi.org/10.5547/01956574.41.6.jbla,jointresearcheu,"Joint Research Centre","Mobilizing citizens to invest in energy efficiency",2021-11-22,"Public Sector",Government,"International Body; IGO Department or Agency; Research Centre; Policy Centre; Commission",EU,https://publications.jrc.ec.europa.eu/repository/handle/JRC124667,https://app.overton.io/document.php?policy_document_id=jointresearcheu-8274ac9b88ffa7e264431a83298e2db5,
"Behavioral Anomalies and Energy-related Individual Choices: The Role of Status-quo Bias",10.5547/01956574.41.6.jbla,"The Energy Journal",2020-09-01T00:00:00+00:00,5,https://doi.org/10.5547/01956574.41.6.jbla,stateofvictoria,"State of Victoria","Building Electrification",2024-12-13,"Public Sector",Government,"Regional or State Level Body; Mixed Roles; Public Service",Australia,https://www.vic.gov.au/sites/default/files/2025-03/building-electrification-regulatory-impact-statement_3785-%281%29.pdf,https://app.overton.io/document.php?policy_document_id=stateofvictoria-2ca492f6706e83f56592f6ba5a1914bb,
"Behavioral Anomalies and Energy-related Individual Choices: The Role of Status-quo Bias",10.5547/01956574.41.6.jbla,"The Energy Journal",2020-09-01T00:00:00+00:00,5,https://doi.org/10.5547/01956574.41.6.jbla,stateofvictoria,"State of Victoria","Victorian Energy Upgrades 2026-27 Targets Regulatory Impact Statement",2024-12-02,"Public Sector",Government,"Regional or State Level Body; Mixed Roles; Public Service",Australia,https://www.vic.gov.au/sites/default/files/2025-05/Victorian-Energy-Efficiency-Target-Amendment-%28Targets%29-Regulations-2025-Regulatory-Impact-Statement.pdf,https://app.overton.io/document.php?policy_document_id=stateofvictoria-d554544d6be84ae10d38ab2596670b1c,
"Behavioral Anomalies and Energy-related Individual Choices: The Role of Status-quo Bias",10.5547/01956574.41.6.jbla,"The Energy Journal",2020-09-01T00:00:00+00:00,5,https://doi.org/10.5547/01956574.41.6.jbla,umweltbundesamt,"Umweltbundesamt (UBA)","Die Lenkungswirkung von Endenergiepreisen zur Erreichung der Klimaschutzziele",2025-03-31,"Public Sector",Government,"National Body; Government Agency; Research Centre; Monitoring or Regulatory Body",Germany,https://www.umweltbundesamt.de/publikationen/die-lenkungswirkung-von-endenergiepreisen-zur,https://app.overton.io/document.php?policy_document_id=umweltbundesamt-3a10c924d74d745f4a4142f774f0db80,
"The role of the occupant behavior in affecting the feasibility of energy refurbishment of residential buildings: Typical effective retrofits compromised by typical wrong habits",10.1016/j.enbuild.2020.110217,"Energy and Buildings",2020-09-01T00:00:00+00:00,1,https://doi.org/10.1016/j.enbuild.2020.110217,govuk,"The UK Government","Heat vulnerability assessment and adaptation of urban buildings: a Manchester case study",2025-07-28,"Public Sector",Government,"National Body; Mixed Roles; Public Service",UK,https://www.gov.uk/government/publications/heat-vulnerability-assessment-and-adaptation-of-urban-buildings-a-manchester-case-study,https://app.overton.io/document.php?policy_document_id=govuk-571b0c68784b4499bc06bdc532ec8de8,
"Influence of electricity prices on energy flexibility of integrated hybrid heat pump and thermal storage systems in a residential building",10.1016/j.enbuild.2020.110142,"Energy and Buildings",2020-09-01T00:00:00+00:00,1,https://doi.org/10.1016/j.enbuild.2020.110142,nber,NBER,"Decarbonizing Heat: The Impact of Heat Pumps and a Time-of-Use Heat Pump Tariff on Energy Demand",2024-10-07,"Third Sector","Think Tank","Research Centre",USA,https://www.nber.org/papers/w33036,https://app.overton.io/document.php?policy_document_id=nber-4e873e3a3d284a3870ab22d328e62bca,"H2020_REST (Special project, May 2022); H2020_REST_ThirdPillar (Special project, May 2022)"
"Modeling the determinants of renewable energy consumption: Evidence from the five most populous nations in Africa",10.1016/j.energy.2020.117992,Energy,2020-09-01T00:00:00+00:00,1,https://doi.org/10.1016/j.energy.2020.117992,idrc,"International Development Research Centre","Analyse des déterminants de l’utilisation des combustibles de cuisson par les ménages en milieu rural au Bénin",2024-04-18,"Public Sector","Think Tank","Research Centre; Policy Centre",Canada,https://idrc-crdi.ca/en/node/125369,https://app.overton.io/document.php?policy_document_id=idrc-4045027b0369804e996c4d5fecb3818c,
"Daily electric vehicle charging load profiles considering demographics of vehicle users",10.1016/j.apenergy.2020.115063,"Applied Energy",2020-09-01T00:00:00+00:00,5,https://doi.org/10.1016/j.apenergy.2020.115063,nrelosti,"National Renewable Energy Laboratory","Electrification Futures Study: Operational Analysis of U.S. Power Systems with Increased Electrification and Demand-Side Flexibility",2021-05-01,"Public Sector",Government,"National Body; Arm's Length Body; Research Centre; Policy Centre",USA,https://www.osti.gov/biblio/1785329,https://app.overton.io/document.php?policy_document_id=nrelosti-fa5d725ae084327dc0e86cff6efaac30,"National High-tech Research and Development Program; National Natural Science Foundation of China; National Natural Science Foundation of China; State Grid Jiangxi Electric Power Research Institute"
"Daily electric vehicle charging load profiles considering demographics of vehicle users",10.1016/j.apenergy.2020.115063,"Applied Energy",2020-09-01T00:00:00+00:00,5,https://doi.org/10.1016/j.apenergy.2020.115063,provinceofquebec,"Province of Québec","Donnant le pouvoir aux communautés pour la transition énergétique du Québec",2023-09-05,"Public Sector",Government,"Regional or State Level Body; Mixed Roles; Public Service",Canada,https://cdn-contenu.quebec.ca/cdn-contenu/adm/org/comite-consultatif-changements-climatiques/autres-documents/bourse/osman-mohamed.pdf,https://app.overton.io/document.php?policy_document_id=provinceofquebec-af450037947d69ec1eafe13b4be7fefa,"National High-tech Research and Development Program; National Natural Science Foundation of China; National Natural Science Foundation of China; State Grid Jiangxi Electric Power Research Institute"
"Daily electric vehicle charging load profiles considering demographics of vehicle users",10.1016/j.apenergy.2020.115063,"Applied Energy",2020-09-01T00:00:00+00:00,5,https://doi.org/10.1016/j.apenergy.2020.115063,worldbank,"World Bank","The Economics of Electric Vehicles for Passenger Transportation (Draft)",2022-10-31,"Public Sector",IGO,"International Body; Financial Institution or Bank; Development Bank; Policy Centre",IGO,https://hdl.handle.net/10986/38265,https://app.overton.io/document.php?policy_document_id=worldbank-1880f8047e2bdbfaf72ef0c718bea122,"National High-tech Research and Development Program; National Natural Science Foundation of China; National Natural Science Foundation of China; State Grid Jiangxi Electric Power Research Institute"
"Daily electric vehicle charging load profiles considering demographics of vehicle users",10.1016/j.apenergy.2020.115063,"Applied Energy",2020-09-01T00:00:00+00:00,5,https://doi.org/10.1016/j.apenergy.2020.115063,worldbank,"World Bank","Electric Mobility and Power Systems: Impacts and Mitigation Strategies in Developing Countries",2023-04-24,"Public Sector",IGO,"International Body; Financial Institution or Bank; Development Bank; Policy Centre",IGO,https://openknowledge.worldbank.org/handle/10986/39853,https://app.overton.io/document.php?policy_document_id=worldbank-a1a0891dd87aef08a57647384ca98283,"National High-tech Research and Development Program; National Natural Science Foundation of China; National Natural Science Foundation of China; State Grid Jiangxi Electric Power Research Institute"
"Daily electric vehicle charging load profiles considering demographics of vehicle users",10.1016/j.apenergy.2020.115063,"Applied Energy",2020-09-01T00:00:00+00:00,5,https://doi.org/10.1016/j.apenergy.2020.115063,worldbank,"World Bank","The Economics of Electric Vehicles for Passenger Transportation",2022-11-04,"Public Sector",IGO,"International Body; Financial Institution or Bank; Development Bank; Policy Centre",IGO,https://openknowledge.worldbank.org/handle/10986/38265,https://app.overton.io/document.php?policy_document_id=worldbank-a413879b80c4ea497ee73fe68692fd1a,"National High-tech Research and Development Program; National Natural Science Foundation of China; National Natural Science Foundation of China; State Grid Jiangxi Electric Power Research Institute"
"Blockchain and AI amalgamation for energy cloud management: Challenges, solutions, and future directions",10.1016/j.jpdc.2020.05.004,"Journal of Parallel and Distributed Computing",2020-09-01T00:00:00+00:00,2,https://doi.org/10.1016/j.jpdc.2020.05.004,europa,"Publications Office of the European Union","Research and innovation for climate neutrality by 2050",2024-03-04,"Public Sector",Government,"International Body; Public Data Body or Statistics; Archive; Public Service",EU,https://op.europa.eu/en/publication-detail/-/publication/5dee91d3-d9e8-11ee-b9d9-01aa75ed71a1/language-en,https://app.overton.io/document.php?policy_document_id=europa-a66db6dc898f7f4682b32b9f09d9062b,"Department of Electronics and Information Technology (DeiTY), India; Department of Electronics and Information Technology, Ministry of Communications and Information Technology"
"Blockchain and AI amalgamation for energy cloud management: Challenges, solutions, and future directions",10.1016/j.jpdc.2020.05.004,"Journal of Parallel and Distributed Computing",2020-09-01T00:00:00+00:00,2,https://doi.org/10.1016/j.jpdc.2020.05.004,ministrukabinets,"Government of Latvia","Pētījums mākslīgā intelekta sistēmas un diskriminācijas aspekti",2026-02-04,"Public Sector",Government,"National Body; Mixed Roles; Public Service",Latvia,https://ppdb.mk.gov.lv/wp-content/uploads/2026/04/maksliga_intelekta_sistemas_un_diskriminacija_2_dala.pdf,https://app.overton.io/document.php?policy_document_id=ministrukabinets-174d783ad29183923952c9cad8cab60d,"Department of Electronics and Information Technology (DeiTY), India; Department of Electronics and Information Technology, Ministry of Communications and Information Technology"
"Comparison of energy scenario alternatives for Chile: Towards low-carbon energy transition by 2030",10.1016/j.energy.2020.118021,Energy,2020-09-01T00:00:00+00:00,4,https://doi.org/10.1016/j.energy.2020.118021,oecddiscovery,OECD,"Legal frameworks for nuclear energy in non-nuclear countries",2023-06-03,"Public Sector",IGO,"International Body; IGO Department or Agency; Monitoring or Regulatory Body; Policy Centre; Research Centre",IGO,https://dx.doi.org/https://doi.org/10.1787/7e163ae4-en,https://app.overton.io/document.php?policy_document_id=oecddiscovery-f70ddab62b3005a90ac6eedd3cd2d308,"Comisión Nacional de Investigación Científica y Tecnológica; Comisión Nacional de Investigación Científica y Tecnológica; Ministerio de Educación, Gobierno de Chile"
"Comparison of energy scenario alternatives for Chile: Towards low-carbon energy transition by 2030",10.1016/j.energy.2020.118021,Energy,2020-09-01T00:00:00+00:00,4,https://doi.org/10.1016/j.energy.2020.118021,sipri,SIPRI,"Environment of Peace: Security in a New Era of Risk",2022-05-01,"Third Sector","Think Tank","Research Centre",Sweden,https://www.sipri.org/publications/2022/policy-reports/environment-peace-security-new-era-risk,https://app.overton.io/document.php?policy_document_id=sipri-f8300ac76f4bd492d17291c7e4084c83,"Comisión Nacional de Investigación Científica y Tecnológica; Comisión Nacional de Investigación Científica y Tecnológica; Ministerio de Educación, Gobierno de Chile"
"Comparison of energy scenario alternatives for Chile: Towards low-carbon energy transition by 2030",10.1016/j.energy.2020.118021,Energy,2020-09-01T00:00:00+00:00,4,https://doi.org/10.1016/j.energy.2020.118021,smeru,"SMERU Research Institute","Towards Inclusive Energy Transition in Indonesia: Simulating the Impact of Energy Sector Decarbonization on the Welfare of Vulnerable Groups",2024-10-11,"Third Sector","Think Tank","Research Centre; Policy Centre",Indonesia,https://smeru.or.id/en/publication/towards-inclusive-energy-transition-indonesia-simulating-impact-energy-sector,https://app.overton.io/document.php?policy_document_id=smeru-00d76add7671c6edd9d717440c327393,"Comisión Nacional de Investigación Científica y Tecnológica; Comisión Nacional de Investigación Científica y Tecnológica; Ministerio de Educación, Gobierno de Chile"
"Comparison of energy scenario alternatives for Chile: Towards low-carbon energy transition by 2030",10.1016/j.energy.2020.118021,Energy,2020-09-01T00:00:00+00:00,4,https://doi.org/10.1016/j.energy.2020.118021,smeru,"SMERU Research Institute","Towards Inclusive Energy Transition in Indonesia",2024-10-16,"Third Sector","Think Tank","Research Centre; Policy Centre",Indonesia,https://smeru.or.id/en/publication/towards-inclusive-energy-transition-indonesia,https://app.overton.io/document.php?policy_document_id=smeru-fe68091722adb5d7c5cc0e87d8949612,"Comisión Nacional de Investigación Científica y Tecnológica; Comisión Nacional de Investigación Científica y Tecnológica; Ministerio de Educación, Gobierno de Chile"
"Two-stage stochastic framework for energy hubs planning considering demand response programs",10.1016/j.energy.2020.118124,Energy,2020-09-01T00:00:00+00:00,2,https://doi.org/10.1016/j.energy.2020.118124,europa,"Publications Office of the European Union","MODECO, modelling study on the role of energy communities in the energy transition.",2023-05-04,"Public Sector",Government,"International Body; Public Data Body or Statistics; Archive; Public Service",EU,https://op.europa.eu/en/publication-detail/-/publication/5cfb350a-eaf4-11ed-a05c-01aa75ed71a1/language-en/format-PDF,https://app.overton.io/document.php?policy_document_id=europa-49754c87ebecba8410924378703fdfe2,"COMPETE; FCT; FEDER; Federación Española de Enfermedades Raras; Fundação para a Ciência e a Tecnologia; Ministério da Educação e Ciência; Programa Operacional Temático Factores de Competitividade"
"Two-stage stochastic framework for energy hubs planning considering demand response programs",10.1016/j.energy.2020.118124,Energy,2020-09-01T00:00:00+00:00,2,https://doi.org/10.1016/j.energy.2020.118124,jointresearcheu,"Joint Research Centre","MODECO - Modelling study on the role of Energy Communities in the energy transition",2023-04-26,"Public Sector",Government,"International Body; IGO Department or Agency; Research Centre; Policy Centre; Commission",EU,https://publications.jrc.ec.europa.eu/repository/handle/JRC132896,https://app.overton.io/document.php?policy_document_id=jointresearcheu-9c1aebffbd44f9e176ef946a850d7f9c,"COMPETE; FCT; FEDER; Federación Española de Enfermedades Raras; Fundação para a Ciência e a Tecnologia; Ministério da Educação e Ciência; Programa Operacional Temático Factores de Competitividade"
"Past world economic production constrains current energy demands: Persistent scaling with implications for economic growth and climate change mitigation",10.1371/journal.pone.0237672,"PLOS ONE",2020-08-27T00:00:00+00:00,17,https://doi.org/10.1371/journal.pone.0237672,ipcc,IPCC,"AR6 Climate Change 2021: Mitigation of Climate Change",2022-03-08,"Public Sector",IGO,"International Body; Arm's Length Body; Committee; Research Centre; Policy Centre",IGO,https://www.ipcc.ch/report/sixth-assessment-report-working-group-3/,https://app.overton.io/document.php?policy_document_id=ipcc-01dbc640e8794be751c4d0fa1ae8a5d0,"Economic and Social Research Council; Economic and Social Research Council; UK Research and Innovation; UKRI (Special project, May 2022)"
"Past world economic production constrains current energy demands: Persistent scaling with implications for economic growth and climate change mitigation",10.1371/journal.pone.0237672,"PLOS ONE",2020-08-27T00:00:00+00:00,17,https://doi.org/10.1371/journal.pone.0237672,kbwpl,"Klimatyczna Baza Wiedzy (KBW)","Arctic Report Card 2021 - Klimatyczna Baza Wiedzy",2021-12-09,"Third Sector","Think Tank","Research Centre; Policy Centre; Initiative, Programme or Project; Professional Network, Association, Union or Cooperative; International Body",Poland,https://klimatycznabazawiedzy.org/raport/arctic-report-card-2021/,https://app.overton.io/document.php?policy_document_id=kbwpl-107ecd559b05fedab76005ebe2c3251d,"Economic and Social Research Council; Economic and Social Research Council; UK Research and Innovation; UKRI (Special project, May 2022)"
"Past world economic production constrains current energy demands: Persistent scaling with implications for economic growth and climate change mitigation",10.1371/journal.pone.0237672,"PLOS ONE",2020-08-27T00:00:00+00:00,17,https://doi.org/10.1371/journal.pone.0237672,kbwpl,"Klimatyczna Baza Wiedzy (KBW)","The Ocean and Cryosphere in a Changing Climate - Klimatyczna Baza Wiedzy",2021-11-29,"Third Sector","Think Tank","Research Centre; Policy Centre; Initiative, Programme or Project; Professional Network, Association, Union or Cooperative; International Body",Poland,https://klimatycznabazawiedzy.org/raport/the-ocean-and-cryosphere-in-a-changing-climate/,https://app.overton.io/document.php?policy_document_id=kbwpl-122a25a7a84f33ae22a18570b8895ba3,"Economic and Social Research Council; Economic and Social Research Council; UK Research and Innovation; UKRI (Special project, May 2022)"
"Past world economic production constrains current energy demands: Persistent scaling with implications for economic growth and climate change mitigation",10.1371/journal.pone.0237672,"PLOS ONE",2020-08-27T00:00:00+00:00,17,https://doi.org/10.1371/journal.pone.0237672,kbwpl,"Klimatyczna Baza Wiedzy (KBW)","Climate Change 2022: Mitigation of Climate Change - Klimatyczna Baza Wiedzy",2022-08-11,"Third Sector","Think Tank","Research Centre; Policy Centre; Initiative, Programme or Project; Professional Network, Association, Union or Cooperative; International Body",Poland,https://klimatycznabazawiedzy.org/raport/climate-change-2022-mitigation-of-climate-change/,https://app.overton.io/document.php?policy_document_id=kbwpl-12fd2ef7db39b63756e0edae36394064,"Economic and Social Research Council; Economic and Social Research Council; UK Research and Innovation; UKRI (Special project, May 2022)"
"Past world economic production constrains current energy demands: Persistent scaling with implications for economic growth and climate change mitigation",10.1371/journal.pone.0237672,"PLOS ONE",2020-08-27T00:00:00+00:00,17,https://doi.org/10.1371/journal.pone.0237672,kbwpl,"Klimatyczna Baza Wiedzy (KBW)","State of the Global Climate 2021 - Klimatyczna Baza Wiedzy",2022-04-22,"Third Sector","Think Tank","Research Centre; Policy Centre; Initiative, Programme or Project; Professional Network, Association, Union or Cooperative; International Body",Poland,https://klimatycznabazawiedzy.org/raport/state-of-the-global-climate-2021-2/,https://app.overton.io/document.php?policy_document_id=kbwpl-2866d4c0440ccafc591b63413bf88189,"Economic and Social Research Council; Economic and Social Research Council; UK Research and Innovation; UKRI (Special project, May 2022)"
"Past world economic production constrains current energy demands: Persistent scaling with implications for economic growth and climate change mitigation",10.1371/journal.pone.0237672,"PLOS ONE",2020-08-27T00:00:00+00:00,17,https://doi.org/10.1371/journal.pone.0237672,kbwpl,"Klimatyczna Baza Wiedzy (KBW)","Scientific outcome of the IPBES-IPCC co-sponsored workshop on biodiversity and climate change - Klimatyczna Baza Wiedzy",2021-07-12,"Third Sector","Think Tank","Research Centre; Policy Centre; Initiative, Programme or Project; Professional Network, Association, Union or Cooperative; International Body",Poland,https://klimatycznabazawiedzy.org/raport/scientific-outcome-of-the-ipbes-ipcc-co-sponsored-workshop-on-biodiversity-and-climate-change/,https://app.overton.io/document.php?policy_document_id=kbwpl-30fed902e92b5173151447a1f608515c,"Economic and Social Research Council; Economic and Social Research Council; UK Research and Innovation; UKRI (Special project, May 2022)"
"Past world economic production constrains current energy demands: Persistent scaling with implications for economic growth and climate change mitigation",10.1371/journal.pone.0237672,"PLOS ONE",2020-08-27T00:00:00+00:00,17,https://doi.org/10.1371/journal.pone.0237672,kbwpl,"Klimatyczna Baza Wiedzy (KBW)","Climate Change 2023: Synthesis Report - Klimatyczna Baza Wiedzy",2022-07-29,"Third Sector","Think Tank","Research Centre; Policy Centre; Initiative, Programme or Project; Professional Network, Association, Union or Cooperative; International Body",Poland,https://klimatycznabazawiedzy.org/raport/climate-change-2023-synthesis-report/,https://app.overton.io/document.php?policy_document_id=kbwpl-4b07b1e2c2be1adb7740e5fcb90f905f,"Economic and Social Research Council; Economic and Social Research Council; UK Research and Innovation; UKRI (Special project, May 2022)"
"Past world economic production constrains current energy demands: Persistent scaling with implications for economic growth and climate change mitigation",10.1371/journal.pone.0237672,"PLOS ONE",2020-08-27T00:00:00+00:00,17,https://doi.org/10.1371/journal.pone.0237672,kbwpl,"Klimatyczna Baza Wiedzy (KBW)","Climate Change 2022: Impacts, Adaptation and Vulnerability - Klimatyczna Baza Wiedzy",2022-07-29,"Third Sector","Think Tank","Research Centre; Policy Centre; Initiative, Programme or Project; Professional Network, Association, Union or Cooperative; International Body",Poland,https://klimatycznabazawiedzy.org/raport/climate-change-2022-impacts-adaptation-and-vulnerability/,https://app.overton.io/document.php?policy_document_id=kbwpl-6442d922ff0fac7a51bc13ba64f219be,"Economic and Social Research Council; Economic and Social Research Council; UK Research and Innovation; UKRI (Special project, May 2022)"
"Past world economic production constrains current energy demands: Persistent scaling with implications for economic growth and climate change mitigation",10.1371/journal.pone.0237672,"PLOS ONE",2020-08-27T00:00:00+00:00,17,https://doi.org/10.1371/journal.pone.0237672,kbwpl,"Klimatyczna Baza Wiedzy (KBW)","Climate Change and Land - Klimatyczna Baza Wiedzy",2021-07-14,"Third Sector","Think Tank","Research Centre; Policy Centre; Initiative, Programme or Project; Professional Network, Association, Union or Cooperative; International Body",Poland,https://klimatycznabazawiedzy.org/raport/climate-change-and-land/,https://app.overton.io/document.php?policy_document_id=kbwpl-86d52b6aab3cb47e4fb35a50e6a9d733,"Economic and Social Research Council; Economic and Social Research Council; UK Research and Innovation; UKRI (Special project, May 2022)"
"Past world economic production constrains current energy demands: Persistent scaling with implications for economic growth and climate change mitigation",10.1371/journal.pone.0237672,"PLOS ONE",2020-08-27T00:00:00+00:00,17,https://doi.org/10.1371/journal.pone.0237672,kbwpl,"Klimatyczna Baza Wiedzy (KBW)","United In Science 2022: A multi-organization high-level compilation of the most recent science related to climate change, impacts and responses - Klimatyczna Baza Wiedzy",2022-09-14,"Third Sector","Think Tank","Research Centre; Policy Centre; Initiative, Programme or Project; Professional Network, Association, Union or Cooperative; International Body",Poland,https://klimatycznabazawiedzy.org/raport/united-in-science-2022-a-multi-organization-high-level-compilation-of-the-most-recent-science-related-to-climate-change-impacts-and-responses/,https://app.overton.io/document.php?policy_document_id=kbwpl-95343ba408ab54d29b4e45c8b049b000,"Economic and Social Research Council; Economic and Social Research Council; UK Research and Innovation; UKRI (Special project, May 2022)"
"Past world economic production constrains current energy demands: Persistent scaling with implications for economic growth and climate change mitigation",10.1371/journal.pone.0237672,"PLOS ONE",2020-08-27T00:00:00+00:00,17,https://doi.org/10.1371/journal.pone.0237672,kbwpl,"Klimatyczna Baza Wiedzy (KBW)","Zmiana Klimatu 2022: Zagrożenia, adaptacja i wrażliwość, Podsumowanie dla Decydentów - Klimatyczna Baza Wiedzy",2022-12-22,"Third Sector","Think Tank","Research Centre; Policy Centre; Initiative, Programme or Project; Professional Network, Association, Union or Cooperative; International Body",Poland,https://klimatycznabazawiedzy.org/raport/zmiana-klimatu-2022-zagrozenia-adaptacja-i-wrazliwosc-podsumowanie-dla-decydentow/,https://app.overton.io/document.php?policy_document_id=kbwpl-9b5f3b9cd92a38ad90fbf9a8063a9f85,"Economic and Social Research Council; Economic and Social Research Council; UK Research and Innovation; UKRI (Special project, May 2022)"
"Past world economic production constrains current energy demands: Persistent scaling with implications for economic growth and climate change mitigation",10.1371/journal.pone.0237672,"PLOS ONE",2020-08-27T00:00:00+00:00,17,https://doi.org/10.1371/journal.pone.0237672,kbwpl,"Klimatyczna Baza Wiedzy (KBW)","Klimat Polski 2021 - Klimatyczna Baza Wiedzy",2022-06-08,"Third Sector","Think Tank","Research Centre; Policy Centre; Initiative, Programme or Project; Professional Network, Association, Union or Cooperative; International Body",Poland,https://klimatycznabazawiedzy.org/raport/klimat-polski-2021/,https://app.overton.io/document.php?policy_document_id=kbwpl-b080ae66fad1a28b03dc8c181c5f37dd,"Economic and Social Research Council; Economic and Social Research Council; UK Research and Innovation; UKRI (Special project, May 2022)"
"Past world economic production constrains current energy demands: Persistent scaling with implications for economic growth and climate change mitigation",10.1371/journal.pone.0237672,"PLOS ONE",2020-08-27T00:00:00+00:00,17,https://doi.org/10.1371/journal.pone.0237672,kbwpl,"Klimatyczna Baza Wiedzy (KBW)","Zmiana Klimatu 2021, Podstawy fizyczne, Podsumowanie dla Decydentów - Klimatyczna Baza Wiedzy",2021-11-04,"Third Sector","Think Tank","Research Centre; Policy Centre; Initiative, Programme or Project; Professional Network, Association, Union or Cooperative; International Body",Poland,https://klimatycznabazawiedzy.org/raport/zmiana-klimatu-2021-podstawy-fizyczne-podsumowanie-dla-decydentow/,https://app.overton.io/document.php?policy_document_id=kbwpl-b17f00965b6e357d661b41a2d8b0eb77,"Economic and Social Research Council; Economic and Social Research Council; UK Research and Innovation; UKRI (Special project, May 2022)"
"Past world economic production constrains current energy demands: Persistent scaling with implications for economic growth and climate change mitigation",10.1371/journal.pone.0237672,"PLOS ONE",2020-08-27T00:00:00+00:00,17,https://doi.org/10.1371/journal.pone.0237672,kbwpl,"Klimatyczna Baza Wiedzy (KBW)","Global Warming of 1.5 ºC - Klimatyczna Baza Wiedzy",2022-06-14,"Third Sector","Think Tank","Research Centre; Policy Centre; Initiative, Programme or Project; Professional Network, Association, Union or Cooperative; International Body",Poland,https://klimatycznabazawiedzy.org/raport/global-warming-of-1-5-oc/,https://app.overton.io/document.php?policy_document_id=kbwpl-f039a6505f9d3d56a8a3121396ee5040,"Economic and Social Research Council; Economic and Social Research Council; UK Research and Innovation; UKRI (Special project, May 2022)"
"Past world economic production constrains current energy demands: Persistent scaling with implications for economic growth and climate change mitigation",10.1371/journal.pone.0237672,"PLOS ONE",2020-08-27T00:00:00+00:00,17,https://doi.org/10.1371/journal.pone.0237672,kbwpl,"Klimatyczna Baza Wiedzy (KBW)","Komunikat 04/2021 na temat zagrożeń miast wobec kryzysu klimatycznego - Klimatyczna Baza Wiedzy",2022-08-11,"Third Sector","Think Tank","Research Centre; Policy Centre; Initiative, Programme or Project; Professional Network, Association, Union or Cooperative; International Body",Poland,https://klimatycznabazawiedzy.org/raport/komunikat-04-2021-na-temat-zagrozen-miast-wobec-kryzysu-klimatycznego/,https://app.overton.io/document.php?policy_document_id=kbwpl-fdf99c9d40ffbf36a5821a74b9481b0f,"Economic and Social Research Council; Economic and Social Research Council; UK Research and Innovation; UKRI (Special project, May 2022)"
"Past world economic production constrains current energy demands: Persistent scaling with implications for economic growth and climate change mitigation",10.1371/journal.pone.0237672,"PLOS ONE",2020-08-27T00:00:00+00:00,17,https://doi.org/10.1371/journal.pone.0237672,unitednations,"United Nations","Climate change 2022 : mitigation of climate change",2022-01-01,"Public Sector",IGO,"International Body; Top-Level Authority; IGO Department or Agency; Mixed Roles; Policy Centre",IGO,https://digitallibrary.un.org/record/3967257?ln=en,https://app.overton.io/document.php?policy_document_id=unitednations-b55056029deb6c0c3bae6db2b291d287,"Economic and Social Research Council; Economic and Social Research Council; UK Research and Innovation; UKRI (Special project, May 2022)"
"Past world economic production constrains current energy demands: Persistent scaling with implications for economic growth and climate change mitigation",10.1371/journal.pone.0237672,"PLOS ONE",2020-08-27T00:00:00+00:00,17,https://doi.org/10.1371/journal.pone.0237672,unitednations,"United Nations","Climate Change 2022 : mitigation of climate change : Working Group III Contribution to the Sixth Assessment Report of the Intergovernmental Panel on Climate Change",2022-01-01,"Public Sector",IGO,"International Body; Top-Level Authority; IGO Department or Agency; Mixed Roles; Policy Centre",IGO,https://digitallibrary.un.org/record/4019730?ln=en,https://app.overton.io/document.php?policy_document_id=unitednations-db2f3e94f902a8cbafb28e4972536dbd,"Economic and Social Research Council; Economic and Social Research Council; UK Research and Innovation; UKRI (Special project, May 2022)"
"Energy Demand in the State of Kuwait During the Covid-19 Pandemic: Technical, Economic, and Environmental Perspectives",10.3390/en13174370,Energies,2020-08-24T00:00:00+00:00,2,https://doi.org/10.3390/en13174370,texasgov,"State of Texas","HAP Speciation Profiles for Natural Gas-Fired Turbines and Reciprocating Engines, Final",2022-07-18,"Public Sector",Government,"Regional or State Level Body; Mixed Roles; Public Service",USA,https://www.tceq.texas.gov/downloads/air-quality/research/reports/emissions-inventory/5822231574007-20220720-erg-ng-ic-hap-speciation-update.pdf,https://app.overton.io/document.php?policy_document_id=texasgov-3a8143176f17bd9d45c2a63fa08ba5af,
"Energy Demand in the State of Kuwait During the Covid-19 Pandemic: Technical, Economic, and Environmental Perspectives",10.3390/en13174370,Energies,2020-08-24T00:00:00+00:00,2,https://doi.org/10.3390/en13174370,texasgov,"State of Texas","HAP Speciation Profiles for Natural Gas-Fired Turbines and Reciprocating Engines, Final",2022-07-18,"Public Sector",Government,"Regional or State Level Body; Mixed Roles; Public Service",USA,https://www.tceq.texas.gov/downloads/air-quality/research/reports/emissions-inventory/5822231574007-20220720-erg-ng-ic-hap-speciation-update.pdf/@@download/file/5822231574007-20220720-erg-ng-ic-hap-speciation-update.pdf,https://app.overton.io/document.php?policy_document_id=texasgov-dd1e02d2e76954fead850ac5b3ad6f92,
"Data-Driven Charging Demand Prediction at Public Charging Stations Using Supervised Machine Learning Regression Methods",10.3390/en13164231,Energies,2020-08-16T00:00:00+00:00,1,https://doi.org/10.3390/en13164231,uditsusa,"UC Davis Institute of Transportation Studies","To Charge or Not to Charge: Enhancing Electric Vehicle Charging Management with LSTM-based Prediction of Non-Critical Charging Sessions and Renewable Energy Integration",2024-06-01,"Third Sector","Think Tank","Research Centre",USA,https://escholarship.org/uc/item/77t9p8sf,https://app.overton.io/document.php?policy_document_id=uditsusa-7d66d4ad8c3bad9a950cdbea6f0a0eeb,
"Ecological and Economic Evaluation of Hydrogen Production by Different Water Electrolysis Technologies",10.1002/cite.202000090,"Chemie Ingenieur Technik",2020-08-12T00:00:00+00:00,12,https://doi.org/10.1002/cite.202000090,cnibr,"Confederação Nacional da Indústria (CNI)","Hidrogênio Sustentável - Perspectivas para o desenvolvimento e potencial para a indústria brasileira",2024-01-01,"Third Sector","Think Tank","Professional Network, Association, Union or Cooperative; Policy Centre; Research Centre; National Body",Brazil,https://www.portaldaindustria.com.br/publicacoes/2024/8/hidrogenio-sustentavel-perspectivas-para-o-desenvolvimento-e-potencial-para-industria-brasileira/,https://app.overton.io/document.php?policy_document_id=cnibr-841f4614dd70548055c3a3ff4cd2e0a2,"Bundesministerium für Bildung und Forschung; Bundesministerium für Bildung und Forschung"
"Ecological and Economic Evaluation of Hydrogen Production by Different Water Electrolysis Technologies",10.1002/cite.202000090,"Chemie Ingenieur Technik",2020-08-12T00:00:00+00:00,12,https://doi.org/10.1002/cite.202000090,cnibr,"Confederação Nacional da Indústria (CNI)","CNI aponta caminhos para Brasil adotar hidrogênio sustentável como nova fronteira energética",2022-08-15,"Third Sector","Think Tank","Professional Network, Association, Union or Cooperative; Policy Centre; Research Centre; National Body",Brazil,https://noticias.portaldaindustria.com.br/noticias/sustentabilidade/cni-aponta-caminhos-para-brasil-adotar-hidrogenio-sustentavel-como-nova-fronteira-energetica/,https://app.overton.io/document.php?policy_document_id=cnibr-a73260080a9ce90f0f0b69ce5b939be7,"Bundesministerium für Bildung und Forschung; Bundesministerium für Bildung und Forschung"
"Ecological and Economic Evaluation of Hydrogen Production by Different Water Electrolysis Technologies",10.1002/cite.202000090,"Chemie Ingenieur Technik",2020-08-12T00:00:00+00:00,12,https://doi.org/10.1002/cite.202000090,cnibr,"Confederação Nacional da Indústria (CNI)","Hidrogênio Sustentável: perspectivas e potencial para a indústria brasileira",2022-01-01,"Third Sector","Think Tank","Professional Network, Association, Union or Cooperative; Policy Centre; Research Centre; National Body",Brazil,https://www.portaldaindustria.com.br/publicacoes/2022/8/hidrogenio-sustentavel-perspectivas-e-potencial-para-industria-brasileira/,https://app.overton.io/document.php?policy_document_id=cnibr-d9f12440957e3d3de58dfcdf41b0e44a,"Bundesministerium für Bildung und Forschung; Bundesministerium für Bildung und Forschung"
"Ecological and Economic Evaluation of Hydrogen Production by Different Water Electrolysis Technologies",10.1002/cite.202000090,"Chemie Ingenieur Technik",2020-08-12T00:00:00+00:00,12,https://doi.org/10.1002/cite.202000090,epebr,"Empresa de Pesquisa Energética","Hidrogênio Natural: Conceitos básicos e estado da arte sobre uma das potenciais fontes de energia renovável para descarbonização",2025-04-03,"Public Sector",Government,"Research Centre",Brazil,https://www.epe.gov.br/pt/publicacoes-dados-abertos/publicacoes/hidrogenio-natural-conceitos-basicos-e-estado-da-arte-sobre-uma-das-potenciais-fontes-de-energia-renovavel-para-descarbonizacao,https://app.overton.io/document.php?policy_document_id=epebr-1594dc31df07d85cf0a1c218bc7ba19f,"Bundesministerium für Bildung und Forschung; Bundesministerium für Bildung und Forschung"
"Ecological and Economic Evaluation of Hydrogen Production by Different Water Electrolysis Technologies",10.1002/cite.202000090,"Chemie Ingenieur Technik",2020-08-12T00:00:00+00:00,12,https://doi.org/10.1002/cite.202000090,epebr,"Empresa de Pesquisa Energética","Plano Decenal de Expansão de Energia 2031",2022-08-22,"Public Sector",Government,"Research Centre",Brazil,https://www.epe.gov.br/pt/publicacoes-dados-abertos/publicacoes/plano-decenal-de-expansao-de-energia-2031,https://app.overton.io/document.php?policy_document_id=epebr-3dc05d2c4cd53a00bd4bdc6e05d50b33,"Bundesministerium für Bildung und Forschung; Bundesministerium für Bildung und Forschung"
"Ecological and Economic Evaluation of Hydrogen Production by Different Water Electrolysis Technologies",10.1002/cite.202000090,"Chemie Ingenieur Technik",2020-08-12T00:00:00+00:00,12,https://doi.org/10.1002/cite.202000090,govdeptsbrazil,"Government of Brazil","ArXek 5 mee",2022-01-21,"Public Sector",Government,"National Body; Public Service; Mixed Roles; Government Department",Brazil,https://www.epe.gov.br/sites-pt/publicacoes-dados-abertos/publicacoes/PublicacoesArquivos/publicacao-607/topico-609/Relatorio_PDE2031_ConsultaPublica.pdf,https://app.overton.io/document.php?policy_document_id=govdeptsbrazil-08289a80b5ab4d4da06ae90b014d9017,"Bundesministerium für Bildung und Forschung; Bundesministerium für Bildung und Forschung"
"Ecological and Economic Evaluation of Hydrogen Production by Different Water Electrolysis Technologies",10.1002/cite.202000090,"Chemie Ingenieur Technik",2020-08-12T00:00:00+00:00,12,https://doi.org/10.1002/cite.202000090,govdeptsbrazil,"Government of Brazil","‘ Plano Decenal",2022-08-22,"Public Sector",Government,"National Body; Public Service; Mixed Roles; Government Department",Brazil,https://www.epe.gov.br/sites-pt/publicacoes-dados-abertos/publicacoes/Documents/PDE%202031_RevisaoPosCP_rvFinal_v2.pdf?utm_source=chatgpt.com,https://app.overton.io/document.php?policy_document_id=govdeptsbrazil-13692400d92048f81a7f74f259eb9e02,"Bundesministerium für Bildung und Forschung; Bundesministerium für Bildung und Forschung"
"Ecological and Economic Evaluation of Hydrogen Production by Different Water Electrolysis Technologies",10.1002/cite.202000090,"Chemie Ingenieur Technik",2020-08-12T00:00:00+00:00,12,https://doi.org/10.1002/cite.202000090,govdeptsbrazil,"Government of Brazil","2031 DECENNIAL PLAN FOR ENERGY EXPANSION",2022-01-21,"Public Sector",Government,"National Body; Public Service; Mixed Roles; Government Department",Brazil,https://antigo.mme.gov.br/c/document_library/get_file?uuid=4a436146-bf03-c294-aa80-2eb13ea6d3cb&groupId=36208,https://app.overton.io/document.php?policy_document_id=govdeptsbrazil-2a1d4b55808cfb28e32b1145c1dcb50a,"Bundesministerium für Bildung und Forschung; Bundesministerium für Bildung und Forschung"
"Ecological and Economic Evaluation of Hydrogen Production by Different Water Electrolysis Technologies",10.1002/cite.202000090,"Chemie Ingenieur Technik",2020-08-12T00:00:00+00:00,12,https://doi.org/10.1002/cite.202000090,govdeptsbrazil,"Government of Brazil","‘ Plano Decenal",2022-08-22,"Public Sector",Government,"National Body; Public Service; Mixed Roles; Government Department",Brazil,https://www.epe.gov.br/sites-pt/publicacoes-dados-abertos/publicacoes/Documents/PDE%202031_RevisaoPosCP_rvFinal_v2.pdf,https://app.overton.io/document.php?policy_document_id=govdeptsbrazil-465947c5ec76c99119767df2a2534552,"Bundesministerium für Bildung und Forschung; Bundesministerium für Bildung und Forschung"
"Ecological and Economic Evaluation of Hydrogen Production by Different Water Electrolysis Technologies",10.1002/cite.202000090,"Chemie Ingenieur Technik",2020-08-12T00:00:00+00:00,12,https://doi.org/10.1002/cite.202000090,govdeptsbrazil,"Government of Brazil","2031 oL",2022-08-22,"Public Sector",Government,"National Body; Public Service; Mixed Roles; Government Department",Brazil,https://www.epe.gov.br/sites-pt/publicacoes-dados-abertos/publicacoes/PublicacoesArquivos/publicacao-607/topico-637/PDE%202031_RevisaoPosCP_rvFinal_v2.pdf,https://app.overton.io/document.php?policy_document_id=govdeptsbrazil-878983c141e16c337158db0beb7d8411,"Bundesministerium für Bildung und Forschung; Bundesministerium für Bildung und Forschung"
"Ecological and Economic Evaluation of Hydrogen Production by Different Water Electrolysis Technologies",10.1002/cite.202000090,"Chemie Ingenieur Technik",2020-08-12T00:00:00+00:00,12,https://doi.org/10.1002/cite.202000090,govdeptsbrazil,"Government of Brazil","‘ Plano Decenal",2022-08-22,"Public Sector",Government,"National Body; Public Service; Mixed Roles; Government Department",Brazil,https://www.gov.br/mme/pt-br/assuntos/secretarias/sntep/publicacoes/plano-decenal-de-expansao-de-energia/pde-2031/documento-final/pde-2031_revisaoposcp_rvfinal_v2.pdf,https://app.overton.io/document.php?policy_document_id=govdeptsbrazil-f57e0921f64a0e0d0f114b1d7085afab,"Bundesministerium für Bildung und Forschung; Bundesministerium für Bildung und Forschung"
"Ecological and Economic Evaluation of Hydrogen Production by Different Water Electrolysis Technologies",10.1002/cite.202000090,"Chemie Ingenieur Technik",2020-08-12T00:00:00+00:00,12,https://doi.org/10.1002/cite.202000090,napedu,"National Academies of Sciences, Engineering, and Medicine","Carbon Dioxide Utilization Markets and Infrastructure: Status and Opportunities: A First Report",2022-12-01,"Public Sector",Government,"National Body; Knowledge Brokerage; Research Center; Learned Society",USA,https://www.nationalacademies.org/publications/26703,https://app.overton.io/document.php?policy_document_id=napedu-b2a357f88e3cbcb005c2af5c3000e3c9,"Bundesministerium für Bildung und Forschung; Bundesministerium für Bildung und Forschung"
"Mesoscale modeling of a “Dunkelflaute” event",10.1002/we.2554,"Wind Energy",2020-08-10T00:00:00+00:00,7,https://doi.org/10.1002/we.2554,climatexuk,ClimateXChange,"Security of Scottish electricity supply - gauging the perceptions of industry stakeholders",2022-01-07,"Public Sector",Government,"Research Centre; Policy Centre",UK,https://www.climatexchange.org.uk/projects/security-of-scottish-electricity-supply-gauging-the-perceptions-of-industry-stakeholders/,https://app.overton.io/document.php?policy_document_id=climatexuk-38e4010066fcb8d0b1dd35c4f34c765b,
"Mesoscale modeling of a “Dunkelflaute” event",10.1002/we.2554,"Wind Energy",2020-08-10T00:00:00+00:00,7,https://doi.org/10.1002/we.2554,jointresearcheu,"Joint Research Centre","Resilience assessment: Methodological challenges and applications to critical infrastructures",2024-09-04,"Public Sector",Government,"International Body; IGO Department or Agency; Research Centre; Policy Centre; Commission",EU,https://publications.jrc.ec.europa.eu/repository/handle/JRC139101,https://app.overton.io/document.php?policy_document_id=jointresearcheu-6d0b55bd166eee5dce7e14b1fcac89df,
"Mesoscale modeling of a “Dunkelflaute” event",10.1002/we.2554,"Wind Energy",2020-08-10T00:00:00+00:00,7,https://doi.org/10.1002/we.2554,nrelosti,"National Renewable Energy Laboratory","The Evolving Role of Extreme Weather Events in the U.S. Power System with High Levels of Variable Renewable Energy",2021-12-22,"Public Sector",Government,"National Body; Arm's Length Body; Research Centre; Policy Centre",USA,https://www.osti.gov/biblio/1837959,https://app.overton.io/document.php?policy_document_id=nrelosti-7a2a0b9d55fcc196d3db78c17c933ada,
"Mesoscale modeling of a “Dunkelflaute” event",10.1002/we.2554,"Wind Energy",2020-08-10T00:00:00+00:00,7,https://doi.org/10.1002/we.2554,nrelosti,"National Renewable Energy Laboratory","Design and Operation of Energy Systems with Large Amounts of Variable Generation: Final Summary Report, IEA Wind TCP Task 25",2021-10-01,"Public Sector",Government,"National Body; Arm's Length Body; Research Centre; Policy Centre",USA,https://www.osti.gov/biblio/1843208,https://app.overton.io/document.php?policy_document_id=nrelosti-e140641e71085d8e9640e547e239f671,
"Mesoscale modeling of a “Dunkelflaute” event",10.1002/we.2554,"Wind Energy",2020-08-10T00:00:00+00:00,7,https://doi.org/10.1002/we.2554,rijksoverheid,Rijksoverheid,"Stroom uit water",2021-03-30,"Public Sector",Government,"National Body; Mixed Roles; Public Service",Netherlands,https://www.rijksoverheid.nl/documenten/kamerstukken/2021/03/30/stroom-uit-water,https://app.overton.io/document.php?policy_document_id=rijksoverheid-55ebc52e2804bff009143449e0b51bd0,
"Mesoscale modeling of a “Dunkelflaute” event",10.1002/we.2554,"Wind Energy",2020-08-10T00:00:00+00:00,7,https://doi.org/10.1002/we.2554,rijksoverheid,Rijksoverheid,"Wetenschappelijk Memo TU Delft - Energieopbrengst windmolenparken",2026-01-20,"Public Sector",Government,"National Body; Mixed Roles; Public Service",Netherlands,https://www.rijksoverheid.nl/documenten/rapporten/2026/01/20/wetenschappelijk-memo-tu-delft-energieopbrengst-windmolenparken,https://app.overton.io/document.php?policy_document_id=rijksoverheid-979f4c0634b002b92066b3cc22b92306,
"Mesoscale modeling of a “Dunkelflaute” event",10.1002/we.2554,"Wind Energy",2020-08-10T00:00:00+00:00,7,https://doi.org/10.1002/we.2554,tnonl,"Nederlandse Organisatie voor Toegepast Natuurwetenschappelijk Onderzoek","Stroom uit water Onderzoek potentieel elektriciteitsopwekking uit water ten behoeve van de Verkenning Elektriciteit uit Water",2021-01-01,"Public Sector",Government,"Research Centre",Netherlands,https://repository.tno.nl/SingleDoc?docId=51972,https://app.overton.io/document.php?policy_document_id=tnonl-e80f8ee407e8eb04e9ab745c4a2b2c2b,
"Hybridizing Deep Learning and Neuroevolution: Application to the Spanish Short-Term Electric Energy Consumption Forecasting",10.3390/app10165487,"Applied Sciences",2020-08-07T00:00:00+00:00,1,https://doi.org/10.3390/app10165487,stateofvalencia,"Generalitat Valenciana","Digitalización Y Electrificación",2024-06-10,"Public Sector",Government,"Regional or State Level Body; Mixed Roles; Public Service",Spain,https://presidencia.gva.es/documents/166658342/383778612/Ejemplar%20431.pdf/5c411733-5e85-5597-cac0-9d4b97d85b09?t=1718020098559,https://app.overton.io/document.php?policy_document_id=stateofvalencia-c60ac35e588ff9131ac7db9a72331957,"Consejo Nacional de Ciencia y Tecnología, Paraguay; Ministerio de Economía y Competitividad"
"Foreign direct investment and renewable energy in climate change mitigation: Does governance matter?",10.1016/j.jclepro.2020.121262,"Journal of Cleaner Production",2020-08-01T00:00:00+00:00,5,https://doi.org/10.1016/j.jclepro.2020.121262,bankofcolombia,"Banco de la República","Connecting the Dots: Renewable Energy, Economic Growth, Reforestation, and Greenhouse Gas Emissions in Colombia",2023-10-11,"Public Sector",Government,"National Body; Financial Institution or Bank; Central Bank",Colombia,https://repositorio.banrep.gov.co/handle/20.500.12134/10701,https://app.overton.io/document.php?policy_document_id=bankofcolombia-e6c14a48d6eff975dc3dace7386139ff,"Nord University Business School"
"Foreign direct investment and renewable energy in climate change mitigation: Does governance matter?",10.1016/j.jclepro.2020.121262,"Journal of Cleaner Production",2020-08-01T00:00:00+00:00,5,https://doi.org/10.1016/j.jclepro.2020.121262,izade,"Forschungsinstitut zur Zukunft der Arbeit (IZA)","The Green Path: FDI’s Influence on Asia’s Sustainable Economic Growth",2025-05-11,"Third Sector","Think Tank","Research Centre; Policy Centre",Germany,https://www.iza.org/publications/dp/17900/the-green-path-fdis-influence-on-asias-sustainable-economic-growth,https://app.overton.io/document.php?policy_document_id=izade-e62e3a6bb0d7126e88f009bf0fef99b6,"Nord University Business School"
"Foreign direct investment and renewable energy in climate change mitigation: Does governance matter?",10.1016/j.jclepro.2020.121262,"Journal of Cleaner Production",2020-08-01T00:00:00+00:00,5,https://doi.org/10.1016/j.jclepro.2020.121262,unctad,UNCTAD,"International Investment in Climate Change Adaptation and Mitigation",2022-11-08,"Public Sector",IGO,"International Body; Financial Institution or Bank; Development Bank; Policy Centre",IGO,https://unctad.org/system/files/official-document/diaeinf2022d2_en.pdf,https://app.overton.io/document.php?policy_document_id=unctad-0d38151109fbdb76f295647e01a0f7c7,"Nord University Business School"
"Foreign direct investment and renewable energy in climate change mitigation: Does governance matter?",10.1016/j.jclepro.2020.121262,"Journal of Cleaner Production",2020-08-01T00:00:00+00:00,5,https://doi.org/10.1016/j.jclepro.2020.121262,unescap,"United Nations ESCAP","Asia-Pacific trade and investment report 2021: accelerating climate-smart trade and investment for sustainable development",2021-10-11,"Public Sector",IGO,"International Body; Arm's Length Body; Commission",IGO,https://repository.unescap.org/handle/20.500.12870/3893,https://app.overton.io/document.php?policy_document_id=unescap-85ade1ce38070337d7db347188dfd0a3,"Nord University Business School"
"Foreign direct investment and renewable energy in climate change mitigation: Does governance matter?",10.1016/j.jclepro.2020.121262,"Journal of Cleaner Production",2020-08-01T00:00:00+00:00,5,https://doi.org/10.1016/j.jclepro.2020.121262,unescap,"United Nations ESCAP","Asia-Pacific Trade and Investment Report 2021: Accelerating Climate-smart Trade and Investment for Sustainable Development",2021-10-11,"Public Sector",IGO,"International Body; Arm's Length Body; Commission",IGO,https://www.unescap.org/kp/APTIR2021,https://app.overton.io/document.php?policy_document_id=unescap-a037cce7b514f01aa165770f1b3ae478,"Nord University Business School"
"Wind source potential assessment using Sentinel 1 satellite and a new forecasting model based on machine learning: A case study Sardinia islands",10.1016/j.renene.2020.03.148,"Renewable Energy",2020-08-01T00:00:00+00:00,1,https://doi.org/10.1016/j.renene.2020.03.148,europa,"Publications Office of the European Union","Copernicus high-cadence monitoring for the EU Green Deal",2024-12-16,"Public Sector",Government,"International Body; Public Data Body or Statistics; Archive; Public Service",EU,https://op.europa.eu/en/publication-detail/-/publication/ca2933a1-bc2e-11ef-91ed-01aa75ed71a1/language-en,https://app.overton.io/document.php?policy_document_id=europa-4be7bb651ac9dd64beeea2d7f4416ed7,
"Site selection framework for mini-grids in developing countries: An overview",10.1016/j.tej.2020.106803,"The Electricity Journal",2020-08-01T00:00:00+00:00,1,https://doi.org/10.1016/j.tej.2020.106803,ukparliament_select,"UK Parliament Select Committee Publications","Charles Bauman (Research Analyst at London Politica) (ESE0006)",2023-06-20,"Public Sector","Legislative Body","National Body; Parliament, Senate or Congress; Committee",UK,https://committees.parliament.uk/writtenevidence/121611/pdf/,https://app.overton.io/document.php?policy_document_id=ukparliament_select-46574e49c0d84a1f20a22a00abd706b4,
"Analysis of blue energy production using natural gas infrastructure: Case study for the Northern Adriatic",10.1016/j.renene.2020.04.082,"Renewable Energy",2020-08-01T00:00:00+00:00,1,https://doi.org/10.1016/j.renene.2020.04.082,govdeptsbrazil,"Government of Brazil","Economia Azul",2022-11-08,"Public Sector",Government,"National Body; Public Service; Mixed Roles; Government Department",Brazil,https://ciencianomar.mctic.gov.br/wp-content/uploads/2023/08/Economia-Azul_vetor-para-o-desenvolvimento-do-Brasil.pdf,https://app.overton.io/document.php?policy_document_id=govdeptsbrazil-2764b07c32f6a1f3dfbc95c49cf32ec6,
"Compaction of chopped material in a mini silo",10.1016/j.biombioe.2020.105631,"Biomass and Bioenergy",2020-08-01T00:00:00+00:00,1,https://doi.org/10.1016/j.biombioe.2020.105631,kudosno,"Kunnskapsdokumenter i offentlig sektor (KUDOS)","A review of the effects of density and silo type on silage fermentation, nutritive quality and losses during storage",2024-04-22,"Public Sector",Government,"National Body; Initiative, Programme or Project; Policy Centre; Archive; Public Data Body or Statistics",Norway,https://kudos.dfo.no/dokument/f69ea230-4c24-443d-ab65-402fc6b8930d,https://app.overton.io/document.php?policy_document_id=kudosno-929b1958f55cdebe3695d94b2c8fe079,"Ministerstwo Edukacji i Nauki; Ministerstwo Nauki i Szkolnictwa Wyższego"
"Machine learning method for energy consumption prediction of ships in port considering green ports",10.1016/j.jclepro.2020.121564,"Journal of Cleaner Production",2020-08-01T00:00:00+00:00,2,https://doi.org/10.1016/j.jclepro.2020.121564,kmikr,"Korea Maritime Institute","항만 에너지 관리시스템 도입을 위한 로드맵 구축 연구 -부산항 신항 전기에너지 소비를 중심으로-",2021-01-01,"Public Sector","Think Tank","National Body; Research Centre; Policy Centre","South Korea",https://www.nkis.re.kr/subject_view1.do?otcCd=RB&otcNm=기본연구보고서&otpId=OTP_0000000000008196&otpSeq=0&eoSeq=&currentPage=4&searchSelect=&searchWord=&returnPage=newest_list.do&schLclaScsId=&pblYy=&agcNms=한국해양수산개발원&listPerPage=50,https://app.overton.io/document.php?policy_document_id=kmikr-54753501cb7638d7634a83af101c253e,"Doctoral Research Initial Funding in Liaoning province; Fundamental Research Funds for the Central Universities; Fundamental Research Funds for the Central Universities; Ministry of Finance; National High-tech Research and Development Program; National Natural Science Foundation of China; National Natural Science Foundation of China"
"Machine learning method for energy consumption prediction of ships in port considering green ports",10.1016/j.jclepro.2020.121564,"Journal of Cleaner Production",2020-08-01T00:00:00+00:00,2,https://doi.org/10.1016/j.jclepro.2020.121564,kmikr,"Korea Maritime Institute","항만 에너지 관리시스템 도입을 위한 로드맵 구축 연구 -부산항 신항 전기에너지 소비를 중심으로-",2021-01-01,"Public Sector","Think Tank","National Body; Research Centre; Policy Centre","South Korea",https://www.nkis.re.kr/subject_view1.do?otpId=OTP_0000000000008196,https://app.overton.io/document.php?policy_document_id=kmikr-717da4102386f368f13d0dc88008710d,"Doctoral Research Initial Funding in Liaoning province; Fundamental Research Funds for the Central Universities; Fundamental Research Funds for the Central Universities; Ministry of Finance; National High-tech Research and Development Program; National Natural Science Foundation of China; National Natural Science Foundation of China"
"Lightweight in Automotive Components by Forming Technology",10.1007/s42154-020-00103-3,"Automotive Innovation",2020-07-31T00:00:00+00:00,1,https://doi.org/10.1007/s42154-020-00103-3,governmentofargentina,"Government of Argentina","Documento N °",2022-08-02,"Public Sector",Government,"National Body; Public Service; Mixed Roles",Argentina,https://www.argentina.gob.ar/sites/default/files/2021/03/32_-_cadena_automotriz_-_arg._productiva_0.pdf,https://app.overton.io/document.php?policy_document_id=governmentofargentina-be60c447833d9eaba18d5868cc19fbd3,"DFG (Special project, May 2022); Deutsche Forschungsgemeinschaft; Deutsche Forschungsgemeinschaft"
"Enhanced EnHub: dynamic simulation of housing stock energy systems",10.1080/19401493.2020.1788641,"Journal of Building Performance Simulation",2020-07-31T00:00:00+00:00,1,https://doi.org/10.1080/19401493.2020.1788641,wcpp,"Wales Centre for Public Policy","Housing stock energy modelling: Towards a model for Wales",2023-01-13,"Third Sector","Think Tank","Research Centre; Policy Centre",UK,https://wcpp.org.uk/publication/housing-stock-energy-modelling-towards-a-model-for-wales/,https://app.overton.io/document.php?policy_document_id=wcpp-046aa2a536d1d3506ca8efb554e1d007,"ESRC; ESRC January 2022; Economic and Social Research Council"
"Machine Learning Application in Reservoir Water Level Forecasting for Sustainable Hydropower Generation Strategy",10.3390/su12156121,Sustainability,2020-07-30T00:00:00+00:00,1,https://doi.org/10.3390/su12156121,internationalenergyagency,"International Energy Agency","Energy and AI – Analysis",2025-04-09,"Public Sector",IGO,"International Body; IGO Department or Agency; Research Centre; Policy Centre; Monitoring or Regulatory Body",IGO,https://www.iea.org/reports/energy-and-ai,https://app.overton.io/document.php?policy_document_id=internationalenergyagency-a9dcc0b6b84cace022a40826f04807bb,
"Application of Life Cycle Assessment and Machine Learning for High-Throughput Screening of Green Chemical Substitutes",10.1021/acssuschemeng.0c02211,"ACS Sustainable Chemistry & Engineering",2020-07-23T00:00:00+00:00,2,https://doi.org/10.1021/acssuschemeng.0c02211,rivmnl,"Rijksinstituut voor Volksgezondheid en Milieu","The impact of Dutch healthcare on the environment. Environmental footprint method, and examples for a health-promoting healthcare environment",2022-12-12,"Public Sector",Government,"National Body; Arm's Length Body; Research Centre; Policy Centre; Healthcare Service, Body or Agency",Netherlands,https://www.rivm.nl/publicaties/impact-of-dutch-healthcare-on-environment-environmental-footprint-method-and-examples,https://app.overton.io/document.php?policy_document_id=rivmnl-72e51515b746b45676008666432cd3b8,"Ministry of Education - Singapore; Ministry of Education - Singapore"
"Application of Life Cycle Assessment and Machine Learning for High-Throughput Screening of Green Chemical Substitutes",10.1021/acssuschemeng.0c02211,"ACS Sustainable Chemistry & Engineering",2020-07-23T00:00:00+00:00,2,https://doi.org/10.1021/acssuschemeng.0c02211,rivmnl,"Rijksinstituut voor Volksgezondheid en Milieu","Het effect van de Nederlandse zorg op het milieu. Methode voor milieuvoetafdruk en voorbeelden voor een goede zorgomgeving",2022-10-03,"Public Sector",Government,"National Body; Arm's Length Body; Research Centre; Policy Centre; Healthcare Service, Body or Agency",Netherlands,https://www.rivm.nl/publicaties/effect-van-nederlandse-zorg-op-milieu-methode-voor-milieuvoetafdruk-en-voorbeelden-voor,https://app.overton.io/document.php?policy_document_id=rivmnl-f793691e476bd45bf48ae4d687dfb1e1,"Ministry of Education - Singapore; Ministry of Education - Singapore"
"Performance Gap and Occupant Behavior in Building Retrofit: Focus on Dynamics of Change and Continuity in the Practice of Indoor Heating",10.3390/su12145820,Sustainability,2020-07-20T00:00:00+00:00,1,https://doi.org/10.3390/su12145820,wuppertal,"Wuppertal Institut","Scaling-up energy sufficiency on a European level through a bottom-up modelling approach : lessons and perspectives",2021-11-08,"Third Sector","Think Tank","Research Centre; Policy Centre",Germany,https://epub.wupperinst.org/frontdoor/index/index/searchtype/all/docId/7853,https://app.overton.io/document.php?policy_document_id=wuppertal-cb7ad180853c7845d0da989574a6508c,
"Climate Change Effects on Hydropower in Mozambique",10.3390/app10144842,"Applied Sciences",2020-07-14T00:00:00+00:00,6,https://doi.org/10.3390/app10144842,cgiar,CGIAR,"Towards a common vision of climate, peace, security and migration in Mozambique",2024-06-12,"Third Sector","Think Tank","Research Centre; Initiative, Programme or Project; Policy Centre; Professional Network, Association, Union or Cooperative",France,https://hdl.handle.net/10568/145168,https://app.overton.io/document.php?policy_document_id=cgiar-a8ef325024e2dbf2ae38a0c1bf6b607c,
"Climate Change Effects on Hydropower in Mozambique",10.3390/app10144842,"Applied Sciences",2020-07-14T00:00:00+00:00,6,https://doi.org/10.3390/app10144842,cgiar,CGIAR,"From climate risk to resilience: Unpacking the economic impacts of climate change in Mozambique",2023-11-06,"Third Sector","Think Tank","Research Centre; Initiative, Programme or Project; Policy Centre; Professional Network, Association, Union or Cooperative",France,https://hdl.handle.net/10568/132774,https://app.overton.io/document.php?policy_document_id=cgiar-fa2312069ffae9d76c979c6c26ad01bf,
"Climate Change Effects on Hydropower in Mozambique",10.3390/app10144842,"Applied Sciences",2020-07-14T00:00:00+00:00,6,https://doi.org/10.3390/app10144842,instituteofdevelopmentstudies,"Institute of Development Studies","Struggles for Justice in the Energy Transition: Voices from the Front Lines",2025-11-10,"Third Sector","Think Tank","Research Centre; Policy Centre",UK,https://opendocs.ids.ac.uk/articles/journal_contribution/Struggles_for_Justice_in_the_Energy_Transition_Voices_from_the_Front_Lines/30518450,https://app.overton.io/document.php?policy_document_id=instituteofdevelopmentstudies-9275273cf2e53ee7755bd4c496a82adb,
"Climate Change Effects on Hydropower in Mozambique",10.3390/app10144842,"Applied Sciences",2020-07-14T00:00:00+00:00,6,https://doi.org/10.3390/app10144842,instituteofdevelopmentstudies,"Institute of Development Studies","Engajamento cívico e transição energética justa em Moçambique: perspectivas das comunidades locais",2025-11-10,"Third Sector","Think Tank","Research Centre; Policy Centre",UK,https://opendocs.ids.ac.uk/articles/journal_contribution/Engajamento_c_vico_e_transi_o_energ_tica_justa_em_Mo_ambique_perspectivas_das_comunidades_locais/30489323,https://app.overton.io/document.php?policy_document_id=instituteofdevelopmentstudies-9ba2960f9740d6facb2962eaa7fec09c,
"Climate Change Effects on Hydropower in Mozambique",10.3390/app10144842,"Applied Sciences",2020-07-14T00:00:00+00:00,6,https://doi.org/10.3390/app10144842,instituteofdevelopmentstudies,"Institute of Development Studies","Civic Engagement and Just Energy Transition in Mozambique: Grass‑Roots Perspectives",2025-11-10,"Third Sector","Think Tank","Research Centre; Policy Centre",UK,https://opendocs.ids.ac.uk/articles/journal_contribution/Civic_Engagement_and_Just_Energy_Transition_in_Mozambique_Grass_Roots_Perspectives/30489635,https://app.overton.io/document.php?policy_document_id=instituteofdevelopmentstudies-a3c7386861807db82ecfba76e2b07c88,
"Climate Change Effects on Hydropower in Mozambique",10.3390/app10144842,"Applied Sciences",2020-07-14T00:00:00+00:00,6,https://doi.org/10.3390/app10144842,unfccc,"United Nations Framework Convention on Climate Change","Mozambique. National Communication (NC). NC 2.",2022-12-20,"Public Sector",IGO,"International Body; Arm's Length Body; Initiative, Programme or Project; Monitoring or Regulatory Body",IGO,https://unfccc.int/documents/624697,https://app.overton.io/document.php?policy_document_id=unfccc-6a21a7fec8434337036978d74e6bfd6c,
"Factors Driving Consumer Involvement in Energy Consumption and Energy-Efficient Purchasing Behavior: Evidence from Korean Residential Buildings",10.3390/su12145573,Sustainability,2020-07-10T00:00:00+00:00,1,https://doi.org/10.3390/su12145573,unescap,"United Nations ESCAP","Digitalization and Artificial Intelligence for Achieving SDG 7 and the Energy Transition in Asia and the Pacific",2024-12-31,"Public Sector",IGO,"International Body; Arm's Length Body; Commission",IGO,https://repository.unescap.org/handle/20.500.12870/7719,https://app.overton.io/document.php?policy_document_id=unescap-4589689bdbf3491bf126820ad2319984,"Ministry of Environment; Ministry of Science, ICT and Future Planning; National Research Foundation; National Research Foundation of Korea; National Research Foundation of Korea"
"Predicting energy consumption in multiple buildings using machine learning for improving energy efficiency and sustainability",10.1016/j.jclepro.2020.121082,"Journal of Cleaner Production",2020-07-01T00:00:00+00:00,3,https://doi.org/10.1016/j.jclepro.2020.121082,governmentofrussia,"Government of Russia","People and possibilities in the age of AI",2025-05-15,"Public Sector",Government,"National Body; Mixed Roles; Public Service",Russia,https://repository.ach.gov.ru/upload/cards/d36/hdr2025reporten.pdf,https://app.overton.io/document.php?policy_document_id=governmentofrussia-1a8304674ad4a2a457b0e7155493c9f6,"Vingroup Innovation Foundation"
"Predicting energy consumption in multiple buildings using machine learning for improving energy efficiency and sustainability",10.1016/j.jclepro.2020.121082,"Journal of Cleaner Production",2020-07-01T00:00:00+00:00,3,https://doi.org/10.1016/j.jclepro.2020.121082,undp,"United Nations Development Programme","Human Development Report 2025",2025-05-06,"Public Sector",IGO,"International Body; IGO Department or Agency; Initiative, Programme or Project; Professional Network, Association, Union or Cooperative",IGO,https://hdr.undp.org/content/human-development-report-2025,https://app.overton.io/document.php?policy_document_id=undp-ddf9d6b05339d857a7abd3cfc7e73460,"Vingroup Innovation Foundation"
"Predicting energy consumption in multiple buildings using machine learning for improving energy efficiency and sustainability",10.1016/j.jclepro.2020.121082,"Journal of Cleaner Production",2020-07-01T00:00:00+00:00,3,https://doi.org/10.1016/j.jclepro.2020.121082,unitednations,"United Nations","Human development report 2025 :a matter of choice : people and possibilities in the age of AI",2025-01-01,"Public Sector",IGO,"International Body; Top-Level Authority; IGO Department or Agency; Mixed Roles; Policy Centre",IGO,https://digitallibrary.un.org/record/4082930?ln=en,https://app.overton.io/document.php?policy_document_id=unitednations-9eb9fbb0e4e21e261c660272458f4caa,"Vingroup Innovation Foundation"
"Accounting for reserve capacity activation when scheduling a hydropower dominated system",10.1016/j.ijepes.2020.105864,"International Journal of Electrical Power & Energy Systems",2020-07-01T00:00:00+00:00,1,https://doi.org/10.1016/j.ijepes.2020.105864,sintefno,SINTEF,"Primod – A fundamental short-term model for power system analyses and multimarket price forecasting",2021-01-01,"Private Sector","Think Tank","Research Centre; Policy Centre",Norway,https://nva.sikt.no/registration/0198cc5049be-73f51232-5903-4d96-97db-179b2d648eaf,https://app.overton.io/document.php?policy_document_id=sintefno-41c23ee3a1816d6d7a1b52b8dc6faa5d,
"Simulation of eutectic plates in medium refrigerated transport",10.1108/jedt-02-2020-0065,"Journal of Engineering, Design and Technology",2020-07-01T00:00:00+00:00,1,https://doi.org/10.1108/jedt-02-2020-0065,csirza,"Council for Scientific and Industrial Research (CSIR)","Annual Report 2020/21",2021-10-04,"Public Sector","Think Tank","Research Centre; Policy Centre","South Africa",https://www.csir.co.za/sites/default/files/Documents/CSIR_Annual%20Report%202021_Final.pdf,https://app.overton.io/document.php?policy_document_id=csirza-50a6e43e265bb88eb0c8bf1fffc77bca,
"Quantifying the benefits of electric vehicles on the future electricity grid in the midwestern United States",10.1016/j.apenergy.2020.115174,"Applied Energy",2020-07-01T00:00:00+00:00,6,https://doi.org/10.1016/j.apenergy.2020.115174,california_state_agencies,"State of California","DEVINE: Demonstration of Vehicle-Grid Integration in Non-Residential Environments",2023-06-22,"Public Sector",Government,"Regional or State Level Body; Mixed Roles; Public Service",USA,https://www.energy.ca.gov/sites/default/files/2023-06/CEC-500-2023-044_0.pdf,https://app.overton.io/document.php?policy_document_id=california_state_agencies-d260bce2552e6b08fffc15490eb8cce8,
"Quantifying the benefits of electric vehicles on the future electricity grid in the midwestern United States",10.1016/j.apenergy.2020.115174,"Applied Energy",2020-07-01T00:00:00+00:00,6,https://doi.org/10.1016/j.apenergy.2020.115174,nrelosti,"National Renewable Energy Laboratory","Electric Vehicle Managed Charging: Forward-Looking Estimates of Bulk Power System Value",2022-09-23,"Public Sector",Government,"National Body; Arm's Length Body; Research Centre; Policy Centre",USA,https://www.osti.gov/biblio/1890139,https://app.overton.io/document.php?policy_document_id=nrelosti-f812c8270cc277918fca31a5ec5d4aaa,
"Quantifying the benefits of electric vehicles on the future electricity grid in the midwestern United States",10.1016/j.apenergy.2020.115174,"Applied Energy",2020-07-01T00:00:00+00:00,6,https://doi.org/10.1016/j.apenergy.2020.115174,nycgov,"City of New York","Comments of the Attorneys General of Massachusetts, New York, California, Connecticut, Arizona, Colorado, Delaware, Hawai ‘ i, Illinois, Maine, Maryland, Michigan, Minnesota, Nevada, New Jersey, New Mexico, North Carolina, Oregon, Rhode Island, Vermont, Washington, Wisconsin, and the District of Columbia, and the Chief Legal Officers of the City of Chicago, Illinois ; the City of New York, New York ; the City of Oakl",2025-09-22,"Public Sector",Government,"Municipal Body; Public Service",USA,https://www.nyc.gov/content/dam/nycgov/mayors-office/downloads/pdf/press-releases/2025/EPA-Comment-Letters.pdf,https://app.overton.io/document.php?policy_document_id=nycgov-2487f7b59e5c5c04f3c4531ad4984d68,
"Quantifying the benefits of electric vehicles on the future electricity grid in the midwestern United States",10.1016/j.apenergy.2020.115174,"Applied Energy",2020-07-01T00:00:00+00:00,6,https://doi.org/10.1016/j.apenergy.2020.115174,stateofnewjersey,"State of New Jersey","Aida Camacho-Welch, Secretary New Jersey Board of Public Utilities Post Office Box 350 Trenton, New Jersey 08625",2020-06-17,"Public Sector",Government,"Regional or State Level Body; Mixed Roles; Public Service",USA,https://nj.gov/bpu/pdf/publicnotice/stakeholder/EV%202020/Environmental%20Defense%20Fund.pdf,https://app.overton.io/document.php?policy_document_id=stateofnewjersey-cfcc8ed8bd891de79209d3300ed41c6f,
"Quantifying the benefits of electric vehicles on the future electricity grid in the midwestern United States",10.1016/j.apenergy.2020.115174,"Applied Energy",2020-07-01T00:00:00+00:00,6,https://doi.org/10.1016/j.apenergy.2020.115174,uditsusa,"UC Davis Institute of Transportation Studies","Green Charging of Electric Vehicles Under a Net-Zero Emissions Policy Transition in California",2021-08-01,"Third Sector","Think Tank","Research Centre",USA,https://escholarship.org/uc/item/2rv3h345,https://app.overton.io/document.php?policy_document_id=uditsusa-f03ed56e8133d995312e9c9537228120,
"Quantifying the benefits of electric vehicles on the future electricity grid in the midwestern United States",10.1016/j.apenergy.2020.115174,"Applied Energy",2020-07-01T00:00:00+00:00,6,https://doi.org/10.1016/j.apenergy.2020.115174,worldresourcesinstitute,"World Resources Institute","Smart Charging and Consumer Behavior in the United States",2022-11-21,"Third Sector","Think Tank","Research Centre",USA,https://www.wri.org/research/smart-charging-consumer-behavior-united-states,https://app.overton.io/document.php?policy_document_id=worldresourcesinstitute-90f30ff2997338d11a858753673518e0,
"PV power output prediction from sky images using convolutional neural network: The comparison of sky-condition-specific sub-models and an end-to-end model",10.1063/5.0014016,"Journal of Renewable and Sustainable Energy",2020-07-01T00:00:00+00:00,6,https://doi.org/10.1063/5.0014016,govdeptsjapan,"Government of Japan","【資料3-2】AI for Scienceの動向2026 -AIトランスフォーメーションに伴う科学技術・イノベーションの変容- 本文（未定稿）_情報委員会（第45回）",2026-01-26,"Public Sector",Government,"National Body; Public Service; Mixed Roles",Japan,https://www.mext.go.jp/content/20260114-mxt_jyohoka01-000046711_4.pdf,https://app.overton.io/document.php?policy_document_id=govdeptsjapan-4f13dafa2ff4c06dc077b3e1f2388903,
"PV power output prediction from sky images using convolutional neural network: The comparison of sky-condition-specific sub-models and an end-to-end model",10.1063/5.0014016,"Journal of Renewable and Sustainable Energy",2020-07-01T00:00:00+00:00,6,https://doi.org/10.1063/5.0014016,govdeptsjapan,"Government of Japan","【参考資料5】AI for Scienceの動向2026　―AIトランスフォーメーションに伴う科学技術・イノベーションの変容―",2026-02-20,"Public Sector",Government,"National Body; Public Service; Mixed Roles",Japan,https://www.mext.go.jp/content/20260224-mxt_sinkou01-000047519_10.pdf,https://app.overton.io/document.php?policy_document_id=govdeptsjapan-ac90d8a9c5a8c4b6162316f67ee0854d,
"PV power output prediction from sky images using convolutional neural network: The comparison of sky-condition-specific sub-models and an end-to-end model",10.1063/5.0014016,"Journal of Renewable and Sustainable Energy",2020-07-01T00:00:00+00:00,6,https://doi.org/10.1063/5.0014016,govdeptsjapan,"Government of Japan","【資料1-2】AI for Science・概念と方向性_情報委員会（第44回）",2025-10-31,"Public Sector",Government,"National Body; Public Service; Mixed Roles",Japan,https://www.mext.go.jp/content/20251006-mxt_jyohoka01-000045188_01.pdf,https://app.overton.io/document.php?policy_document_id=govdeptsjapan-ca18e088d6e2a3593c33dc8cb3322a19,
"PV power output prediction from sky images using convolutional neural network: The comparison of sky-condition-specific sub-models and an end-to-end model",10.1063/5.0014016,"Journal of Renewable and Sustainable Energy",2020-07-01T00:00:00+00:00,6,https://doi.org/10.1063/5.0014016,govdeptsjapan,"Government of Japan","【参考資料5】AI for Scienceの動向2026 -AIトランスフォーメーションに伴う科学技術・イノベーションの変容- 概要",2026-02-09,"Public Sector",Government,"National Body; Public Service; Mixed Roles",Japan,https://www.mext.go.jp/content/20260209-mxt_jyohoka01-000047243_9.pdf,https://app.overton.io/document.php?policy_document_id=govdeptsjapan-e6bf94653d7060b2bcdf9a3b258a82fd,
"PV power output prediction from sky images using convolutional neural network: The comparison of sky-condition-specific sub-models and an end-to-end model",10.1063/5.0014016,"Journal of Renewable and Sustainable Energy",2020-07-01T00:00:00+00:00,6,https://doi.org/10.1063/5.0014016,govdeptsjapan,"Government of Japan","14_【参考資料4】AI for Science -概念と方向性-（情報委員会第44回CRDS資料）",2026-01-16,"Public Sector",Government,"National Body; Public Service; Mixed Roles",Japan,https://www.mext.go.jp/content/20260221-mxt_nanozai-000046621_8.pdf,https://app.overton.io/document.php?policy_document_id=govdeptsjapan-eafeebe4769a727fe16b190712706c64,
"PV power output prediction from sky images using convolutional neural network: The comparison of sky-condition-specific sub-models and an end-to-end model",10.1063/5.0014016,"Journal of Renewable and Sustainable Energy",2020-07-01T00:00:00+00:00,6,https://doi.org/10.1063/5.0014016,jstjp,"Japan Science and Technology Agency (JST)","AI for Scienceの動向2026 ─ AIトランスフォーメーションに伴う科学技術・イノベーションの変容（—The Beyond Disciplines Collection—）",2026-02-24,"Public Sector",Government,"Government Agency; National Body",Japan,https://www.jst.go.jp/crds/report/CRDS-FY2025-RR-05.html,https://app.overton.io/document.php?policy_document_id=jstjp-7487de9f2b540782923789e32afaf40f,
"A knowledge discovery framework to predict the N2O emissions in the wastewater sector",10.1016/j.watres.2020.115799,"Water Research",2020-07-01T00:00:00+00:00,2,https://doi.org/10.1016/j.watres.2020.115799,europa,"Publications Office of the European Union","ICT4WATER cluster : vision and showcases.",2021-03-16,"Public Sector",Government,"International Body; Public Data Body or Statistics; Archive; Public Service",EU,https://op.europa.eu/en/publication-detail/-/publication/3ff7b5db-91c7-11eb-b85c-01aa75ed71a1/language-en/format-PDF,https://app.overton.io/document.php?policy_document_id=europa-440ccbefaea73faf23c7205df20d87ea,"Directorate-General for Justice; H2020_REST (Special project, May 2022); H2020_REST_ThirdPillar (Special project, May 2022); Horizon 2020; Horizon 2020"
"A knowledge discovery framework to predict the N2O emissions in the wastewater sector",10.1016/j.watres.2020.115799,"Water Research",2020-07-01T00:00:00+00:00,2,https://doi.org/10.1016/j.watres.2020.115799,europa,"Publications Office of the European Union","ICT4WATER cluster",2021-03-16,"Public Sector",Government,"International Body; Public Data Body or Statistics; Archive; Public Service",EU,https://op.europa.eu/en/publication-detail/-/publication/3ff7b5db-91c7-11eb-b85c-01aa75ed71a1/language-en,https://app.overton.io/document.php?policy_document_id=europa-78fd6d539593002819fb98390bd8990d,"Directorate-General for Justice; H2020_REST (Special project, May 2022); H2020_REST_ThirdPillar (Special project, May 2022); Horizon 2020; Horizon 2020"
"A methodology for reliability assessment and prognosis of bearing axial cracking in wind turbine gearboxes",10.1016/j.rser.2020.109888,"Renewable and Sustainable Energy Reviews",2020-07-01T00:00:00+00:00,8,https://doi.org/10.1016/j.rser.2020.109888,gpogov,"Government Publishing Office (GPO)","Investigation of multiple data streams for gearbox bearing fault prediction through machine-learning models /",2022-02-14,"Public Sector",Government,"National Body; Mixed Roles; Public Service",USA,https://purl.fdlp.gov/GPO/gpo184274,https://app.overton.io/document.php?policy_document_id=gpogov-1a08196151d186d4c0b93a93159f38b0,"U.S. Department of Energy; U.S. Department of Energy"
"A methodology for reliability assessment and prognosis of bearing axial cracking in wind turbine gearboxes",10.1016/j.rser.2020.109888,"Renewable and Sustainable Energy Reviews",2020-07-01T00:00:00+00:00,8,https://doi.org/10.1016/j.rser.2020.109888,gpogov,"Government Publishing Office (GPO)","Wind turbine drivetrain reliability and wind plant operations and maintenance research and development opportunities /",2021-09-21,"Public Sector",Government,"National Body; Mixed Roles; Public Service",USA,https://purl.fdlp.gov/GPO/gpo177924,https://app.overton.io/document.php?policy_document_id=gpogov-b29d55503d77cb872b164a59a8f41639,"U.S. Department of Energy; U.S. Department of Energy"
"A methodology for reliability assessment and prognosis of bearing axial cracking in wind turbine gearboxes",10.1016/j.rser.2020.109888,"Renewable and Sustainable Energy Reviews",2020-07-01T00:00:00+00:00,8,https://doi.org/10.1016/j.rser.2020.109888,gpogov,"Government Publishing Office (GPO)","Gearbox reliability collaborative 1.5 (GRC1.5) project : joint industry megawatt scale gearbox field tests /",2021-09-23,"Public Sector",Government,"National Body; Mixed Roles; Public Service",USA,https://purl.fdlp.gov/GPO/gpo175440,https://app.overton.io/document.php?policy_document_id=gpogov-e6d7ce7e3a194951a3eff26ef0ea7d0b,"U.S. Department of Energy; U.S. Department of Energy"
"A methodology for reliability assessment and prognosis of bearing axial cracking in wind turbine gearboxes",10.1016/j.rser.2020.109888,"Renewable and Sustainable Energy Reviews",2020-07-01T00:00:00+00:00,8,https://doi.org/10.1016/j.rser.2020.109888,nrelosti,"National Renewable Energy Laboratory","Accomplishments and Year-End Performance Report; Wind Energy Program: Fiscal Year 2021",2021-12-17,"Public Sector",Government,"National Body; Arm's Length Body; Research Centre; Policy Centre",USA,https://www.osti.gov/biblio/1837969,https://app.overton.io/document.php?policy_document_id=nrelosti-278b118ebc9e12f537342d5810e7cb53,"U.S. Department of Energy; U.S. Department of Energy"
"A methodology for reliability assessment and prognosis of bearing axial cracking in wind turbine gearboxes",10.1016/j.rser.2020.109888,"Renewable and Sustainable Energy Reviews",2020-07-01T00:00:00+00:00,8,https://doi.org/10.1016/j.rser.2020.109888,nrelosti,"National Renewable Energy Laboratory","Gearbox Reliability Collaborative 1.5 (GRC1.5) Project: Joint Industry Megawatt Scale Gearbox Field Tests: Cooperative Research and Development Final Report, CRADA Number CRD-16-00608",2021-09-23,"Public Sector",Government,"National Body; Arm's Length Body; Research Centre; Policy Centre",USA,https://www.osti.gov/biblio/1822382,https://app.overton.io/document.php?policy_document_id=nrelosti-295db37508bd58c00f2b6c5ae010e544,"U.S. Department of Energy; U.S. Department of Energy"
"A methodology for reliability assessment and prognosis of bearing axial cracking in wind turbine gearboxes",10.1016/j.rser.2020.109888,"Renewable and Sustainable Energy Reviews",2020-07-01T00:00:00+00:00,8,https://doi.org/10.1016/j.rser.2020.109888,nrelosti,"National Renewable Energy Laboratory","Wind Turbine Drivetrain Reliability and Wind Plant Operations and Maintenance Research and Development Opportunities",2021-09-22,"Public Sector",Government,"National Body; Arm's Length Body; Research Centre; Policy Centre",USA,https://www.osti.gov/biblio/1822823,https://app.overton.io/document.php?policy_document_id=nrelosti-3c064d9c87a41a870abd76f43955d867,"U.S. Department of Energy; U.S. Department of Energy"
"A methodology for reliability assessment and prognosis of bearing axial cracking in wind turbine gearboxes",10.1016/j.rser.2020.109888,"Renewable and Sustainable Energy Reviews",2020-07-01T00:00:00+00:00,8,https://doi.org/10.1016/j.rser.2020.109888,nrelosti,"National Renewable Energy Laboratory","Accomplishments and Year-End Performance Report: Wind Energy Program, Fiscal Year 2020",2020-11-09,"Public Sector",Government,"National Body; Arm's Length Body; Research Centre; Policy Centre",USA,https://www.osti.gov/biblio/1721739,https://app.overton.io/document.php?policy_document_id=nrelosti-607169ea5d47c62d841c57cfca6b6462,"U.S. Department of Energy; U.S. Department of Energy"
"A methodology for reliability assessment and prognosis of bearing axial cracking in wind turbine gearboxes",10.1016/j.rser.2020.109888,"Renewable and Sustainable Energy Reviews",2020-07-01T00:00:00+00:00,8,https://doi.org/10.1016/j.rser.2020.109888,nrelosti,"National Renewable Energy Laboratory","WhiteWind: White Etching Crack (WEC) Bearing Failures in Wind Turbine: Cooperative Research and Development Final Report, CRADA Number CRD-18-00758",2021-10-13,"Public Sector",Government,"National Body; Arm's Length Body; Research Centre; Policy Centre",USA,https://www.osti.gov/biblio/1826533,https://app.overton.io/document.php?policy_document_id=nrelosti-e864f922a724de3f4f1267aad963d3d3,"U.S. Department of Energy; U.S. Department of Energy"
"Prediction of household electricity consumption and effectiveness of concerted intervention strategies based on occupant behaviour and personality traits",10.1016/j.rser.2020.109839,"Renewable and Sustainable Energy Reviews",2020-07-01T00:00:00+00:00,1,https://doi.org/10.1016/j.rser.2020.109839,cordisbe,CORDIS,"Sustainable energy Positive & zero cARbon CommunitieS",2024-02-19,"Public Sector",Government,"Public Data Body or Statistics; Archive; Public Service; Mixed Roles",EU,https://ec.europa.eu/research/participants/documents/downloadPublic?documentIds=080166e5f9f2f258&appId=PPGMS,https://app.overton.io/document.php?policy_document_id=cordisbe-83dcca4d0780abb2331fd071c0fea387,"Beijing Institute of Technology; Fundamental Research Funds for the Central Universities; Fundamental Research Funds for the Central Universities; Ministry of Finance; National High-tech Research and Development Program; National Natural Science Foundation of China; National Research Foundation Singapore; National Social Science Foundation of China; National University of Singapore; Science and Technology Commission of Shanghai Municipality; Shanghai Municipal Science and Technology Commission"
"A Multi-Agent Reinforcement Learning-Based Data-Driven Method for Home Energy Management",10.1109/tsg.2020.2971427,"IEEE Transactions on Smart Grid",2020-07-01T00:00:00+00:00,1,https://doi.org/10.1109/tsg.2020.2971427,sintefno,SINTEF,"Modelling Approaches for Local Energy Community",2021-01-01,"Private Sector","Think Tank","Research Centre; Policy Centre",Norway,https://nva.sikt.no/registration/0198cc90dd1f-87fe01ac-4931-4ef1-890d-1a6d904a0f3e,https://app.overton.io/document.php?policy_document_id=sintefno-2df677f7f492f01485a2343fb3c03e9e,"Department of Education of Guangdong Province; Nanyang Assistant Professorship from Nanyang Technological University, Singapore; Nanyang Technological University; SUSTech Faculty Startup Funding; Young Talent Program"
"Metrics for energy performance in operation: the fallacy of single indicators",10.5334/bc.35,"Buildings and Cities",2020-06-30T00:00:00+00:00,2,https://doi.org/10.5334/bc.35,climatexuk,ClimateXChange,"An evidence review of data associated with non-domestic buildings",2022-09-20,"Public Sector",Government,"Research Centre; Policy Centre",UK,https://www.climatexchange.org.uk/projects/an-evidence-review-of-data-associated-with-non-domestic-buildings/,https://app.overton.io/document.php?policy_document_id=climatexuk-62ad1603a84b42efa0f6caf35e1b9943,
"Metrics for energy performance in operation: the fallacy of single indicators",10.5334/bc.35,"Buildings and Cities",2020-06-30T00:00:00+00:00,2,https://doi.org/10.5334/bc.35,climatexuk,ClimateXChange,"Using metered energy consumption data on Scottish EPCs",2025-01-21,"Public Sector",Government,"Research Centre; Policy Centre",UK,https://www.climatexchange.org.uk/projects/using-metered-energy-consumption-data-on-scottish-epcs/,https://app.overton.io/document.php?policy_document_id=climatexuk-bbee4897ba0e4a370efd6765d7ee2dd1,
"Critical Infrastructure: the probability and duration of national and regional power outages",10.24411/1932-2321-2020-12006,Unknown,2020-06-17T00:00:00+00:00,1,https://doi.org/10.24411/1932-2321-2020-12006,hudsoninstitute,"Hudson Institute","Risking Apocalypse? Quantum Computers and the US Power Grid - by Arthur Herman Alexander Butler",2021-12-08,"Third Sector","Think Tank","Research Centre; Policy Centre",USA,https://www.hudson.org/research/17439-risking-apocalypse-quantum-computers-and-the-us-power-grid,https://app.overton.io/document.php?policy_document_id=hudsoninstitute-aec0f7aea414fa6147e9f9f891da12fc,
"Solar+ Optimizer: A Model Predictive Control Optimization Platform for Grid Responsive Building Microgrids",10.3390/en13123093,Energies,2020-06-15T00:00:00+00:00,1,https://doi.org/10.3390/en13123093,california_state_agencies,"State of California","Scaling Solar+ for Small and Medium Commercial Buildings Final Project Report",2024-04-22,"Public Sector",Government,"Regional or State Level Body; Mixed Roles; Public Service",USA,https://www.energy.ca.gov/sites/default/files/2024-04/CEC-500-2024-031.pdf,https://app.overton.io/document.php?policy_document_id=california_state_agencies-cd2db5e7d5a70770ef62c5281e90a922,"California Energy Commission; California Energy Commission; Canada Excellence Research Chairs, Government of Canada; Lawrence Berkeley National Laboratory; Office of Science; Savannah River Operations Office, U.S. Department of Energy; U.S. Department of Energy"
"Forecasting residential electricity consumption: a bottom-up approach for Brazil by region",10.1007/s12053-020-09860-w,"Energy Efficiency",2020-06-01T00:00:00+00:00,2,https://doi.org/10.1007/s12053-020-09860-w,umweltbundesamt,"Umweltbundesamt (UBA)","Qualitative und quantitative Modellierungen der Wirksamkeit von Politikinstrumenten",2023-09-11,"Public Sector",Government,"National Body; Government Agency; Research Centre; Monitoring or Regulatory Body",Germany,https://www.umweltbundesamt.de/publikationen/qualitative-quantitative-modellierungen-der,https://app.overton.io/document.php?policy_document_id=umweltbundesamt-93fb67e4f7e27e3cef826fea8e0ef884,
"Forecasting residential electricity consumption: a bottom-up approach for Brazil by region",10.1007/s12053-020-09860-w,"Energy Efficiency",2020-06-01T00:00:00+00:00,2,https://doi.org/10.1007/s12053-020-09860-w,umweltbundesamt,"Umweltbundesamt (UBA)","Qualitative and quantitative modelling of the efficacy of policy instruments",2023-09-11,"Public Sector",Government,"National Body; Government Agency; Research Centre; Monitoring or Regulatory Body",Germany,https://www.umweltbundesamt.de/publikationen/qualitative-quantitative-modelling-of-the-efficacy,https://app.overton.io/document.php?policy_document_id=umweltbundesamt-af14fbeee988ec678022505e76fdbb66,
"Electricity load dynamics, temperature and seasonality Nexus in Algeria",10.1016/j.energy.2020.117513,Energy,2020-06-01T00:00:00+00:00,2,https://doi.org/10.1016/j.energy.2020.117513,krihskr,"Korea Research Institute for Human Settlements","탄소중립사회 정책 지원을 위한 탄소지도 구축 및 활용 방향",2022-01-01,"Public Sector","Think Tank","National Body; Research Centre; Policy Centre","South Korea",https://www.nkis.re.kr/subject_view1.do?otpId=OTP_0000000000010368,https://app.overton.io/document.php?policy_document_id=krihskr-52ba77140a78c4b6405b590e7fa75dec,
"Electricity load dynamics, temperature and seasonality Nexus in Algeria",10.1016/j.energy.2020.117513,Energy,2020-06-01T00:00:00+00:00,2,https://doi.org/10.1016/j.energy.2020.117513,krihskr,"Korea Research Institute for Human Settlements","탄소중립사회 정책 지원을 위한 탄소지도 구축 및 활용 방향",2022-01-01,"Public Sector","Think Tank","National Body; Research Centre; Policy Centre","South Korea",https://www.nkis.re.kr/subject_view1.do?otcCd=RO&otcNm=수시연구보고서&otpId=OTP_0000000000010368&otpSeq=0&eoSeq=349422&currentPage=4&searchSelect=&searchWord=&returnPage=newest_list.do&schLclaScsId=&pblYy=&agcNms=국토연구원&listPerPage=50,https://app.overton.io/document.php?policy_document_id=krihskr-5bd273eb04d8bb24da4bf6f842024e28,
"Multitask Bayesian Spatiotemporal Gaussian Processes for Short-Term Load Forecasting",10.1109/tie.2019.2928275,"IEEE Transactions on Industrial Electronics",2020-06-01T00:00:00+00:00,1,https://doi.org/10.1109/tie.2019.2928275,uditsusa,"UC Davis Institute of Transportation Studies","To Charge or Not to Charge: Enhancing Electric Vehicle Charging Management with LSTM-based Prediction of Non-Critical Charging Sessions and Renewable Energy Integration",2024-06-01,"Third Sector","Think Tank","Research Centre",USA,https://escholarship.org/uc/item/77t9p8sf,https://app.overton.io/document.php?policy_document_id=uditsusa-7d66d4ad8c3bad9a950cdbea6f0a0eeb,
"Photovoltaic power forecast using empirical models and artificial intelligence approaches for water pumping systems",10.1016/j.renene.2020.02.065,"Renewable Energy",2020-06-01T00:00:00+00:00,22,https://doi.org/10.1016/j.renene.2020.02.065,governmentofsouthafrica,"Government of South Africa","Climate Change 2022 : Impacts, Adaptation and Vulnerability",2022-07-29,"Public Sector",Government,"National Body; Mixed Roles; Public Service","South Africa",https://soer.environment.gov.za/soer/UploadLibraryImages/UploadDocuments/180123124621_IPPC%20working%20group%20ii.pdf,https://app.overton.io/document.php?policy_document_id=governmentofsouthafrica-21c168cd7edc829916de6bbe914a2cd2,
"Photovoltaic power forecast using empirical models and artificial intelligence approaches for water pumping systems",10.1016/j.renene.2020.02.065,"Renewable Energy",2020-06-01T00:00:00+00:00,22,https://doi.org/10.1016/j.renene.2020.02.065,ipcc,IPCC,"AR6 Climate Change 2022: Impacts, Adaptation and Vulnerability",2022-02-01,"Public Sector",IGO,"International Body; Arm's Length Body; Committee; Research Centre; Policy Centre",IGO,https://www.ipcc.ch/report/sixth-assessment-report-working-group-ii/,https://app.overton.io/document.php?policy_document_id=ipcc-959214f74a911cd6004e4833b4646f58,
"Photovoltaic power forecast using empirical models and artificial intelligence approaches for water pumping systems",10.1016/j.renene.2020.02.065,"Renewable Energy",2020-06-01T00:00:00+00:00,22,https://doi.org/10.1016/j.renene.2020.02.065,kbwpl,"Klimatyczna Baza Wiedzy (KBW)","Zmiany temperatury i opadu na obszarze Polski w warunkach przyszłego klimatu do roku 2100 - Klimatyczna Baza Wiedzy",2021-01-28,"Third Sector","Think Tank","Research Centre; Policy Centre; Initiative, Programme or Project; Professional Network, Association, Union or Cooperative; International Body",Poland,https://klimatycznabazawiedzy.org/raport/zmiany-temperatury-i-opadu-na-obszarze-polski-w-warunkach-przyszlego-klimatu-do-roku-2100/,https://app.overton.io/document.php?policy_document_id=kbwpl-00be9356742e836cadf40e003dd7b18d,
"Photovoltaic power forecast using empirical models and artificial intelligence approaches for water pumping systems",10.1016/j.renene.2020.02.065,"Renewable Energy",2020-06-01T00:00:00+00:00,22,https://doi.org/10.1016/j.renene.2020.02.065,kbwpl,"Klimatyczna Baza Wiedzy (KBW)","Arctic Report Card 2021 - Klimatyczna Baza Wiedzy",2021-12-09,"Third Sector","Think Tank","Research Centre; Policy Centre; Initiative, Programme or Project; Professional Network, Association, Union or Cooperative; International Body",Poland,https://klimatycznabazawiedzy.org/raport/arctic-report-card-2021/,https://app.overton.io/document.php?policy_document_id=kbwpl-107ecd559b05fedab76005ebe2c3251d,
"Photovoltaic power forecast using empirical models and artificial intelligence approaches for water pumping systems",10.1016/j.renene.2020.02.065,"Renewable Energy",2020-06-01T00:00:00+00:00,22,https://doi.org/10.1016/j.renene.2020.02.065,kbwpl,"Klimatyczna Baza Wiedzy (KBW)","The Ocean and Cryosphere in a Changing Climate - Klimatyczna Baza Wiedzy",2021-11-29,"Third Sector","Think Tank","Research Centre; Policy Centre; Initiative, Programme or Project; Professional Network, Association, Union or Cooperative; International Body",Poland,https://klimatycznabazawiedzy.org/raport/the-ocean-and-cryosphere-in-a-changing-climate/,https://app.overton.io/document.php?policy_document_id=kbwpl-122a25a7a84f33ae22a18570b8895ba3,
"Photovoltaic power forecast using empirical models and artificial intelligence approaches for water pumping systems",10.1016/j.renene.2020.02.065,"Renewable Energy",2020-06-01T00:00:00+00:00,22,https://doi.org/10.1016/j.renene.2020.02.065,kbwpl,"Klimatyczna Baza Wiedzy (KBW)","Climate Change 2022: Mitigation of Climate Change - Klimatyczna Baza Wiedzy",2022-08-11,"Third Sector","Think Tank","Research Centre; Policy Centre; Initiative, Programme or Project; Professional Network, Association, Union or Cooperative; International Body",Poland,https://klimatycznabazawiedzy.org/raport/climate-change-2022-mitigation-of-climate-change/,https://app.overton.io/document.php?policy_document_id=kbwpl-12fd2ef7db39b63756e0edae36394064,
"Photovoltaic power forecast using empirical models and artificial intelligence approaches for water pumping systems",10.1016/j.renene.2020.02.065,"Renewable Energy",2020-06-01T00:00:00+00:00,22,https://doi.org/10.1016/j.renene.2020.02.065,kbwpl,"Klimatyczna Baza Wiedzy (KBW)","Global Carbon Budget 2023 - Klimatyczna Baza Wiedzy",2023-12-06,"Third Sector","Think Tank","Research Centre; Policy Centre; Initiative, Programme or Project; Professional Network, Association, Union or Cooperative; International Body",Poland,https://klimatycznabazawiedzy.org/raport/global-carbon-budget-2023/,https://app.overton.io/document.php?policy_document_id=kbwpl-274cf4426b7e5e19001375a51fb1dc53,
"Photovoltaic power forecast using empirical models and artificial intelligence approaches for water pumping systems",10.1016/j.renene.2020.02.065,"Renewable Energy",2020-06-01T00:00:00+00:00,22,https://doi.org/10.1016/j.renene.2020.02.065,kbwpl,"Klimatyczna Baza Wiedzy (KBW)","State of the Global Climate 2021 - Klimatyczna Baza Wiedzy",2022-04-22,"Third Sector","Think Tank","Research Centre; Policy Centre; Initiative, Programme or Project; Professional Network, Association, Union or Cooperative; International Body",Poland,https://klimatycznabazawiedzy.org/raport/state-of-the-global-climate-2021-2/,https://app.overton.io/document.php?policy_document_id=kbwpl-2866d4c0440ccafc591b63413bf88189,
"Photovoltaic power forecast using empirical models and artificial intelligence approaches for water pumping systems",10.1016/j.renene.2020.02.065,"Renewable Energy",2020-06-01T00:00:00+00:00,22,https://doi.org/10.1016/j.renene.2020.02.065,kbwpl,"Klimatyczna Baza Wiedzy (KBW)","Scientific outcome of the IPBES-IPCC co-sponsored workshop on biodiversity and climate change - Klimatyczna Baza Wiedzy",2021-07-12,"Third Sector","Think Tank","Research Centre; Policy Centre; Initiative, Programme or Project; Professional Network, Association, Union or Cooperative; International Body",Poland,https://klimatycznabazawiedzy.org/raport/scientific-outcome-of-the-ipbes-ipcc-co-sponsored-workshop-on-biodiversity-and-climate-change/,https://app.overton.io/document.php?policy_document_id=kbwpl-30fed902e92b5173151447a1f608515c,
"Photovoltaic power forecast using empirical models and artificial intelligence approaches for water pumping systems",10.1016/j.renene.2020.02.065,"Renewable Energy",2020-06-01T00:00:00+00:00,22,https://doi.org/10.1016/j.renene.2020.02.065,kbwpl,"Klimatyczna Baza Wiedzy (KBW)","Skutki zmiany klimatu - Klimatyczna Baza Wiedzy",2021-11-04,"Third Sector","Think Tank","Research Centre; Policy Centre; Initiative, Programme or Project; Professional Network, Association, Union or Cooperative; International Body",Poland,https://klimatycznabazawiedzy.org/raport/skutki-zmiany-klimatu/,https://app.overton.io/document.php?policy_document_id=kbwpl-35041d2ff95ac3c66e651e8479ecee01,
"Photovoltaic power forecast using empirical models and artificial intelligence approaches for water pumping systems",10.1016/j.renene.2020.02.065,"Renewable Energy",2020-06-01T00:00:00+00:00,22,https://doi.org/10.1016/j.renene.2020.02.065,kbwpl,"Klimatyczna Baza Wiedzy (KBW)","Climate Change 2023: Synthesis Report - Klimatyczna Baza Wiedzy",2022-07-29,"Third Sector","Think Tank","Research Centre; Policy Centre; Initiative, Programme or Project; Professional Network, Association, Union or Cooperative; International Body",Poland,https://klimatycznabazawiedzy.org/raport/climate-change-2023-synthesis-report/,https://app.overton.io/document.php?policy_document_id=kbwpl-4b07b1e2c2be1adb7740e5fcb90f905f,
"Photovoltaic power forecast using empirical models and artificial intelligence approaches for water pumping systems",10.1016/j.renene.2020.02.065,"Renewable Energy",2020-06-01T00:00:00+00:00,22,https://doi.org/10.1016/j.renene.2020.02.065,kbwpl,"Klimatyczna Baza Wiedzy (KBW)","Climate Change 2022: Impacts, Adaptation and Vulnerability - Klimatyczna Baza Wiedzy",2022-07-29,"Third Sector","Think Tank","Research Centre; Policy Centre; Initiative, Programme or Project; Professional Network, Association, Union or Cooperative; International Body",Poland,https://klimatycznabazawiedzy.org/raport/climate-change-2022-impacts-adaptation-and-vulnerability/,https://app.overton.io/document.php?policy_document_id=kbwpl-6442d922ff0fac7a51bc13ba64f219be,
"Photovoltaic power forecast using empirical models and artificial intelligence approaches for water pumping systems",10.1016/j.renene.2020.02.065,"Renewable Energy",2020-06-01T00:00:00+00:00,22,https://doi.org/10.1016/j.renene.2020.02.065,kbwpl,"Klimatyczna Baza Wiedzy (KBW)","Climate Change and Land - Klimatyczna Baza Wiedzy",2021-07-14,"Third Sector","Think Tank","Research Centre; Policy Centre; Initiative, Programme or Project; Professional Network, Association, Union or Cooperative; International Body",Poland,https://klimatycznabazawiedzy.org/raport/climate-change-and-land/,https://app.overton.io/document.php?policy_document_id=kbwpl-86d52b6aab3cb47e4fb35a50e6a9d733,
"Photovoltaic power forecast using empirical models and artificial intelligence approaches for water pumping systems",10.1016/j.renene.2020.02.065,"Renewable Energy",2020-06-01T00:00:00+00:00,22,https://doi.org/10.1016/j.renene.2020.02.065,kbwpl,"Klimatyczna Baza Wiedzy (KBW)","Atlas skutków zjawisk ekstremalnych w Polsce - Klimatyczna Baza Wiedzy",2022-12-19,"Third Sector","Think Tank","Research Centre; Policy Centre; Initiative, Programme or Project; Professional Network, Association, Union or Cooperative; International Body",Poland,https://klimatycznabazawiedzy.org/raport/atlas-skutkow-zjawisk-ekstremalnych-w-polsce/,https://app.overton.io/document.php?policy_document_id=kbwpl-90a176027376e73b1765a32bd4f6e8a5,
"Photovoltaic power forecast using empirical models and artificial intelligence approaches for water pumping systems",10.1016/j.renene.2020.02.065,"Renewable Energy",2020-06-01T00:00:00+00:00,22,https://doi.org/10.1016/j.renene.2020.02.065,kbwpl,"Klimatyczna Baza Wiedzy (KBW)","United In Science 2022: A multi-organization high-level compilation of the most recent science related to climate change, impacts and responses - Klimatyczna Baza Wiedzy",2022-09-14,"Third Sector","Think Tank","Research Centre; Policy Centre; Initiative, Programme or Project; Professional Network, Association, Union or Cooperative; International Body",Poland,https://klimatycznabazawiedzy.org/raport/united-in-science-2022-a-multi-organization-high-level-compilation-of-the-most-recent-science-related-to-climate-change-impacts-and-responses/,https://app.overton.io/document.php?policy_document_id=kbwpl-95343ba408ab54d29b4e45c8b049b000,
"Photovoltaic power forecast using empirical models and artificial intelligence approaches for water pumping systems",10.1016/j.renene.2020.02.065,"Renewable Energy",2020-06-01T00:00:00+00:00,22,https://doi.org/10.1016/j.renene.2020.02.065,kbwpl,"Klimatyczna Baza Wiedzy (KBW)","Zmiana Klimatu 2022: Zagrożenia, adaptacja i wrażliwość, Podsumowanie dla Decydentów - Klimatyczna Baza Wiedzy",2022-12-22,"Third Sector","Think Tank","Research Centre; Policy Centre; Initiative, Programme or Project; Professional Network, Association, Union or Cooperative; International Body",Poland,https://klimatycznabazawiedzy.org/raport/zmiana-klimatu-2022-zagrozenia-adaptacja-i-wrazliwosc-podsumowanie-dla-decydentow/,https://app.overton.io/document.php?policy_document_id=kbwpl-9b5f3b9cd92a38ad90fbf9a8063a9f85,
"Photovoltaic power forecast using empirical models and artificial intelligence approaches for water pumping systems",10.1016/j.renene.2020.02.065,"Renewable Energy",2020-06-01T00:00:00+00:00,22,https://doi.org/10.1016/j.renene.2020.02.065,kbwpl,"Klimatyczna Baza Wiedzy (KBW)","Seven Transformations for More Equitable and Sustainable Cities - Klimatyczna Baza Wiedzy",2022-03-11,"Third Sector","Think Tank","Research Centre; Policy Centre; Initiative, Programme or Project; Professional Network, Association, Union or Cooperative; International Body",Poland,https://klimatycznabazawiedzy.org/raport/seven-transformations-for-more-equitable-and-sustainable-cities/,https://app.overton.io/document.php?policy_document_id=kbwpl-aecfb57a1a2e9f18000f0977db4fb30c,
"Photovoltaic power forecast using empirical models and artificial intelligence approaches for water pumping systems",10.1016/j.renene.2020.02.065,"Renewable Energy",2020-06-01T00:00:00+00:00,22,https://doi.org/10.1016/j.renene.2020.02.065,kbwpl,"Klimatyczna Baza Wiedzy (KBW)","The United Nations world water development report 2020: water and climate change - Klimatyczna Baza Wiedzy",2020-04-20,"Third Sector","Think Tank","Research Centre; Policy Centre; Initiative, Programme or Project; Professional Network, Association, Union or Cooperative; International Body",Poland,https://klimatycznabazawiedzy.org/raport/the-united-nations-world-water-development-report-2020-water-and-climate-change/,https://app.overton.io/document.php?policy_document_id=kbwpl-afcbb93f3b588640d585b3123d2e2902,
"Photovoltaic power forecast using empirical models and artificial intelligence approaches for water pumping systems",10.1016/j.renene.2020.02.065,"Renewable Energy",2020-06-01T00:00:00+00:00,22,https://doi.org/10.1016/j.renene.2020.02.065,kbwpl,"Klimatyczna Baza Wiedzy (KBW)","Klimat Polski 2021 - Klimatyczna Baza Wiedzy",2022-06-08,"Third Sector","Think Tank","Research Centre; Policy Centre; Initiative, Programme or Project; Professional Network, Association, Union or Cooperative; International Body",Poland,https://klimatycznabazawiedzy.org/raport/klimat-polski-2021/,https://app.overton.io/document.php?policy_document_id=kbwpl-b080ae66fad1a28b03dc8c181c5f37dd,
"Photovoltaic power forecast using empirical models and artificial intelligence approaches for water pumping systems",10.1016/j.renene.2020.02.065,"Renewable Energy",2020-06-01T00:00:00+00:00,22,https://doi.org/10.1016/j.renene.2020.02.065,kbwpl,"Klimatyczna Baza Wiedzy (KBW)","Zmiana Klimatu 2021, Podstawy fizyczne, Podsumowanie dla Decydentów - Klimatyczna Baza Wiedzy",2021-11-04,"Third Sector","Think Tank","Research Centre; Policy Centre; Initiative, Programme or Project; Professional Network, Association, Union or Cooperative; International Body",Poland,https://klimatycznabazawiedzy.org/raport/zmiana-klimatu-2021-podstawy-fizyczne-podsumowanie-dla-decydentow/,https://app.overton.io/document.php?policy_document_id=kbwpl-b17f00965b6e357d661b41a2d8b0eb77,
"Photovoltaic power forecast using empirical models and artificial intelligence approaches for water pumping systems",10.1016/j.renene.2020.02.065,"Renewable Energy",2020-06-01T00:00:00+00:00,22,https://doi.org/10.1016/j.renene.2020.02.065,kbwpl,"Klimatyczna Baza Wiedzy (KBW)","Global Warming of 1.5 ºC - Klimatyczna Baza Wiedzy",2022-06-14,"Third Sector","Think Tank","Research Centre; Policy Centre; Initiative, Programme or Project; Professional Network, Association, Union or Cooperative; International Body",Poland,https://klimatycznabazawiedzy.org/raport/global-warming-of-1-5-oc/,https://app.overton.io/document.php?policy_document_id=kbwpl-f039a6505f9d3d56a8a3121396ee5040,
"Photovoltaic power forecast using empirical models and artificial intelligence approaches for water pumping systems",10.1016/j.renene.2020.02.065,"Renewable Energy",2020-06-01T00:00:00+00:00,22,https://doi.org/10.1016/j.renene.2020.02.065,kbwpl,"Klimatyczna Baza Wiedzy (KBW)","Zwiększone ryzyko dla ludzi wynikające z ekstremalnie wysokich temperatur - Klimatyczna Baza Wiedzy",2022-07-29,"Third Sector","Think Tank","Research Centre; Policy Centre; Initiative, Programme or Project; Professional Network, Association, Union or Cooperative; International Body",Poland,https://klimatycznabazawiedzy.org/raport/zwiekszone-ryzyko-dla-ludzi-wynikajace-z-ekstremalnie-wysokich-temperatur/,https://app.overton.io/document.php?policy_document_id=kbwpl-f97e3ff8d8117afcb8df90dd7758daf5,
"Energy consumption and emission mitigation prediction based on data center traffic and PUE for global data centers",10.1016/j.gloei.2020.07.008,"Global Energy Interconnection",2020-06-01T00:00:00+00:00,23,https://doi.org/10.1016/j.gloei.2020.07.008,europa,"Publications Office of the European Union","ICT task force study",2023-06-28,"Public Sector",Government,"International Body; Public Data Body or Statistics; Archive; Public Service",EU,https://op.europa.eu/en/publication-detail/-/publication/6d2b8bb5-1627-11ee-806b-01aa75ed71a1/language-en/format-PDF,https://app.overton.io/document.php?policy_document_id=europa-bb27bfe3d2676cfd04e4506c3233e9c3,
"Energy consumption and emission mitigation prediction based on data center traffic and PUE for global data centers",10.1016/j.gloei.2020.07.008,"Global Energy Interconnection",2020-06-01T00:00:00+00:00,23,https://doi.org/10.1016/j.gloei.2020.07.008,governmentofcanada,"Government of Canada","The future of generative AI : what could we see five years following the launch of ChatGPT?: PH4-196/2023E-PDF Publications - Canada.ca",2023-05-01,"Public Sector",Government,"National Body; Mixed Roles; Public Service",Canada,http://publications.gc.ca/site/eng/9.922655/publication.html,https://app.overton.io/document.php?policy_document_id=governmentofcanada-c3f7743cac0b4ab9c649402341ef0ff5,
"Energy consumption and emission mitigation prediction based on data center traffic and PUE for global data centers",10.1016/j.gloei.2020.07.008,"Global Energy Interconnection",2020-06-01T00:00:00+00:00,23,https://doi.org/10.1016/j.gloei.2020.07.008,ipcc,IPCC,"AR6 Climate Change 2021: Mitigation of Climate Change",2022-03-08,"Public Sector",IGO,"International Body; Arm's Length Body; Committee; Research Centre; Policy Centre",IGO,https://www.ipcc.ch/report/sixth-assessment-report-working-group-3/,https://app.overton.io/document.php?policy_document_id=ipcc-01dbc640e8794be751c4d0fa1ae8a5d0,
"Energy consumption and emission mitigation prediction based on data center traffic and PUE for global data centers",10.1016/j.gloei.2020.07.008,"Global Energy Interconnection",2020-06-01T00:00:00+00:00,23,https://doi.org/10.1016/j.gloei.2020.07.008,jointresearcheu,"Joint Research Centre","ICT Task Force study: Final Report",2023-06-26,"Public Sector",Government,"International Body; IGO Department or Agency; Research Centre; Policy Centre; Commission",EU,https://publications.jrc.ec.europa.eu/repository/handle/JRC133092,https://app.overton.io/document.php?policy_document_id=jointresearcheu-685cd28f4f304372e1b8fc6c3243874a,
"Energy consumption and emission mitigation prediction based on data center traffic and PUE for global data centers",10.1016/j.gloei.2020.07.008,"Global Energy Interconnection",2020-06-01T00:00:00+00:00,23,https://doi.org/10.1016/j.gloei.2020.07.008,kbwpl,"Klimatyczna Baza Wiedzy (KBW)","Arctic Report Card 2021 - Klimatyczna Baza Wiedzy",2021-12-09,"Third Sector","Think Tank","Research Centre; Policy Centre; Initiative, Programme or Project; Professional Network, Association, Union or Cooperative; International Body",Poland,https://klimatycznabazawiedzy.org/raport/arctic-report-card-2021/,https://app.overton.io/document.php?policy_document_id=kbwpl-107ecd559b05fedab76005ebe2c3251d,
"Energy consumption and emission mitigation prediction based on data center traffic and PUE for global data centers",10.1016/j.gloei.2020.07.008,"Global Energy Interconnection",2020-06-01T00:00:00+00:00,23,https://doi.org/10.1016/j.gloei.2020.07.008,kbwpl,"Klimatyczna Baza Wiedzy (KBW)","The Ocean and Cryosphere in a Changing Climate - Klimatyczna Baza Wiedzy",2021-11-29,"Third Sector","Think Tank","Research Centre; Policy Centre; Initiative, Programme or Project; Professional Network, Association, Union or Cooperative; International Body",Poland,https://klimatycznabazawiedzy.org/raport/the-ocean-and-cryosphere-in-a-changing-climate/,https://app.overton.io/document.php?policy_document_id=kbwpl-122a25a7a84f33ae22a18570b8895ba3,
"Energy consumption and emission mitigation prediction based on data center traffic and PUE for global data centers",10.1016/j.gloei.2020.07.008,"Global Energy Interconnection",2020-06-01T00:00:00+00:00,23,https://doi.org/10.1016/j.gloei.2020.07.008,kbwpl,"Klimatyczna Baza Wiedzy (KBW)","Climate Change 2022: Mitigation of Climate Change - Klimatyczna Baza Wiedzy",2022-08-11,"Third Sector","Think Tank","Research Centre; Policy Centre; Initiative, Programme or Project; Professional Network, Association, Union or Cooperative; International Body",Poland,https://klimatycznabazawiedzy.org/raport/climate-change-2022-mitigation-of-climate-change/,https://app.overton.io/document.php?policy_document_id=kbwpl-12fd2ef7db39b63756e0edae36394064,
"Energy consumption and emission mitigation prediction based on data center traffic and PUE for global data centers",10.1016/j.gloei.2020.07.008,"Global Energy Interconnection",2020-06-01T00:00:00+00:00,23,https://doi.org/10.1016/j.gloei.2020.07.008,kbwpl,"Klimatyczna Baza Wiedzy (KBW)","State of the Global Climate 2021 - Klimatyczna Baza Wiedzy",2022-04-22,"Third Sector","Think Tank","Research Centre; Policy Centre; Initiative, Programme or Project; Professional Network, Association, Union or Cooperative; International Body",Poland,https://klimatycznabazawiedzy.org/raport/state-of-the-global-climate-2021-2/,https://app.overton.io/document.php?policy_document_id=kbwpl-2866d4c0440ccafc591b63413bf88189,
"Energy consumption and emission mitigation prediction based on data center traffic and PUE for global data centers",10.1016/j.gloei.2020.07.008,"Global Energy Interconnection",2020-06-01T00:00:00+00:00,23,https://doi.org/10.1016/j.gloei.2020.07.008,kbwpl,"Klimatyczna Baza Wiedzy (KBW)","Scientific outcome of the IPBES-IPCC co-sponsored workshop on biodiversity and climate change - Klimatyczna Baza Wiedzy",2021-07-12,"Third Sector","Think Tank","Research Centre; Policy Centre; Initiative, Programme or Project; Professional Network, Association, Union or Cooperative; International Body",Poland,https://klimatycznabazawiedzy.org/raport/scientific-outcome-of-the-ipbes-ipcc-co-sponsored-workshop-on-biodiversity-and-climate-change/,https://app.overton.io/document.php?policy_document_id=kbwpl-30fed902e92b5173151447a1f608515c,
"Energy consumption and emission mitigation prediction based on data center traffic and PUE for global data centers",10.1016/j.gloei.2020.07.008,"Global Energy Interconnection",2020-06-01T00:00:00+00:00,23,https://doi.org/10.1016/j.gloei.2020.07.008,kbwpl,"Klimatyczna Baza Wiedzy (KBW)","Climate Change 2023: Synthesis Report - Klimatyczna Baza Wiedzy",2022-07-29,"Third Sector","Think Tank","Research Centre; Policy Centre; Initiative, Programme or Project; Professional Network, Association, Union or Cooperative; International Body",Poland,https://klimatycznabazawiedzy.org/raport/climate-change-2023-synthesis-report/,https://app.overton.io/document.php?policy_document_id=kbwpl-4b07b1e2c2be1adb7740e5fcb90f905f,
"Energy consumption and emission mitigation prediction based on data center traffic and PUE for global data centers",10.1016/j.gloei.2020.07.008,"Global Energy Interconnection",2020-06-01T00:00:00+00:00,23,https://doi.org/10.1016/j.gloei.2020.07.008,kbwpl,"Klimatyczna Baza Wiedzy (KBW)","Climate Change 2022: Impacts, Adaptation and Vulnerability - Klimatyczna Baza Wiedzy",2022-07-29,"Third Sector","Think Tank","Research Centre; Policy Centre; Initiative, Programme or Project; Professional Network, Association, Union or Cooperative; International Body",Poland,https://klimatycznabazawiedzy.org/raport/climate-change-2022-impacts-adaptation-and-vulnerability/,https://app.overton.io/document.php?policy_document_id=kbwpl-6442d922ff0fac7a51bc13ba64f219be,
"Energy consumption and emission mitigation prediction based on data center traffic and PUE for global data centers",10.1016/j.gloei.2020.07.008,"Global Energy Interconnection",2020-06-01T00:00:00+00:00,23,https://doi.org/10.1016/j.gloei.2020.07.008,kbwpl,"Klimatyczna Baza Wiedzy (KBW)","Climate Change and Land - Klimatyczna Baza Wiedzy",2021-07-14,"Third Sector","Think Tank","Research Centre; Policy Centre; Initiative, Programme or Project; Professional Network, Association, Union or Cooperative; International Body",Poland,https://klimatycznabazawiedzy.org/raport/climate-change-and-land/,https://app.overton.io/document.php?policy_document_id=kbwpl-86d52b6aab3cb47e4fb35a50e6a9d733,
"Energy consumption and emission mitigation prediction based on data center traffic and PUE for global data centers",10.1016/j.gloei.2020.07.008,"Global Energy Interconnection",2020-06-01T00:00:00+00:00,23,https://doi.org/10.1016/j.gloei.2020.07.008,kbwpl,"Klimatyczna Baza Wiedzy (KBW)","United In Science 2022: A multi-organization high-level compilation of the most recent science related to climate change, impacts and responses - Klimatyczna Baza Wiedzy",2022-09-14,"Third Sector","Think Tank","Research Centre; Policy Centre; Initiative, Programme or Project; Professional Network, Association, Union or Cooperative; International Body",Poland,https://klimatycznabazawiedzy.org/raport/united-in-science-2022-a-multi-organization-high-level-compilation-of-the-most-recent-science-related-to-climate-change-impacts-and-responses/,https://app.overton.io/document.php?policy_document_id=kbwpl-95343ba408ab54d29b4e45c8b049b000,
"Energy consumption and emission mitigation prediction based on data center traffic and PUE for global data centers",10.1016/j.gloei.2020.07.008,"Global Energy Interconnection",2020-06-01T00:00:00+00:00,23,https://doi.org/10.1016/j.gloei.2020.07.008,kbwpl,"Klimatyczna Baza Wiedzy (KBW)","Zmiana Klimatu 2022: Zagrożenia, adaptacja i wrażliwość, Podsumowanie dla Decydentów - Klimatyczna Baza Wiedzy",2022-12-22,"Third Sector","Think Tank","Research Centre; Policy Centre; Initiative, Programme or Project; Professional Network, Association, Union or Cooperative; International Body",Poland,https://klimatycznabazawiedzy.org/raport/zmiana-klimatu-2022-zagrozenia-adaptacja-i-wrazliwosc-podsumowanie-dla-decydentow/,https://app.overton.io/document.php?policy_document_id=kbwpl-9b5f3b9cd92a38ad90fbf9a8063a9f85,
"Energy consumption and emission mitigation prediction based on data center traffic and PUE for global data centers",10.1016/j.gloei.2020.07.008,"Global Energy Interconnection",2020-06-01T00:00:00+00:00,23,https://doi.org/10.1016/j.gloei.2020.07.008,kbwpl,"Klimatyczna Baza Wiedzy (KBW)","Klimat Polski 2021 - Klimatyczna Baza Wiedzy",2022-06-08,"Third Sector","Think Tank","Research Centre; Policy Centre; Initiative, Programme or Project; Professional Network, Association, Union or Cooperative; International Body",Poland,https://klimatycznabazawiedzy.org/raport/klimat-polski-2021/,https://app.overton.io/document.php?policy_document_id=kbwpl-b080ae66fad1a28b03dc8c181c5f37dd,
"Energy consumption and emission mitigation prediction based on data center traffic and PUE for global data centers",10.1016/j.gloei.2020.07.008,"Global Energy Interconnection",2020-06-01T00:00:00+00:00,23,https://doi.org/10.1016/j.gloei.2020.07.008,kbwpl,"Klimatyczna Baza Wiedzy (KBW)","Zmiana Klimatu 2021, Podstawy fizyczne, Podsumowanie dla Decydentów - Klimatyczna Baza Wiedzy",2021-11-04,"Third Sector","Think Tank","Research Centre; Policy Centre; Initiative, Programme or Project; Professional Network, Association, Union or Cooperative; International Body",Poland,https://klimatycznabazawiedzy.org/raport/zmiana-klimatu-2021-podstawy-fizyczne-podsumowanie-dla-decydentow/,https://app.overton.io/document.php?policy_document_id=kbwpl-b17f00965b6e357d661b41a2d8b0eb77,
"Energy consumption and emission mitigation prediction based on data center traffic and PUE for global data centers",10.1016/j.gloei.2020.07.008,"Global Energy Interconnection",2020-06-01T00:00:00+00:00,23,https://doi.org/10.1016/j.gloei.2020.07.008,kbwpl,"Klimatyczna Baza Wiedzy (KBW)","Global Warming of 1.5 ºC - Klimatyczna Baza Wiedzy",2022-06-14,"Third Sector","Think Tank","Research Centre; Policy Centre; Initiative, Programme or Project; Professional Network, Association, Union or Cooperative; International Body",Poland,https://klimatycznabazawiedzy.org/raport/global-warming-of-1-5-oc/,https://app.overton.io/document.php?policy_document_id=kbwpl-f039a6505f9d3d56a8a3121396ee5040,
"Energy consumption and emission mitigation prediction based on data center traffic and PUE for global data centers",10.1016/j.gloei.2020.07.008,"Global Energy Interconnection",2020-06-01T00:00:00+00:00,23,https://doi.org/10.1016/j.gloei.2020.07.008,kbwpl,"Klimatyczna Baza Wiedzy (KBW)","Komunikat 04/2021 na temat zagrożeń miast wobec kryzysu klimatycznego - Klimatyczna Baza Wiedzy",2022-08-11,"Third Sector","Think Tank","Research Centre; Policy Centre; Initiative, Programme or Project; Professional Network, Association, Union or Cooperative; International Body",Poland,https://klimatycznabazawiedzy.org/raport/komunikat-04-2021-na-temat-zagrozen-miast-wobec-kryzysu-klimatycznego/,https://app.overton.io/document.php?policy_document_id=kbwpl-fdf99c9d40ffbf36a5821a74b9481b0f,
"Energy consumption and emission mitigation prediction based on data center traffic and PUE for global data centers",10.1016/j.gloei.2020.07.008,"Global Energy Interconnection",2020-06-01T00:00:00+00:00,23,https://doi.org/10.1016/j.gloei.2020.07.008,unctad,UNCTAD,"Digital Economy Report 2024",2024-07-09,"Public Sector",IGO,"International Body; Financial Institution or Bank; Development Bank; Policy Centre",IGO,https://unctad.org/system/files/official-document/der2024_en.pdf,https://app.overton.io/document.php?policy_document_id=unctad-ecc6cb58396ce7e918d7fe9875d57179,
"Energy consumption and emission mitigation prediction based on data center traffic and PUE for global data centers",10.1016/j.gloei.2020.07.008,"Global Energy Interconnection",2020-06-01T00:00:00+00:00,23,https://doi.org/10.1016/j.gloei.2020.07.008,uneca,"United Nations Economic Commission for Africa","Digital Economy Report 2024: Shaping an environmentally sustainable and inclusive digital future",2024-01-01,"Public Sector",IGO,"International Body; Arm's Length Body; Commission",IGO,https://repository.uneca.org/handle/10855/50190,https://app.overton.io/document.php?policy_document_id=uneca-04c3f8d065286b8540c3b208e3a3538d,
"Energy consumption and emission mitigation prediction based on data center traffic and PUE for global data centers",10.1016/j.gloei.2020.07.008,"Global Energy Interconnection",2020-06-01T00:00:00+00:00,23,https://doi.org/10.1016/j.gloei.2020.07.008,unitednations,"United Nations","Digital economy report 2024 :shaping an environmentally sustainable and inclusive digital future",2024-07-10,"Public Sector",IGO,"International Body; Top-Level Authority; IGO Department or Agency; Mixed Roles; Policy Centre",IGO,https://digitallibrary.un.org/record/4053817?ln=en,https://app.overton.io/document.php?policy_document_id=unitednations-235bb0fc2c59a9b1067b3810899efa7f,
"Energy consumption and emission mitigation prediction based on data center traffic and PUE for global data centers",10.1016/j.gloei.2020.07.008,"Global Energy Interconnection",2020-06-01T00:00:00+00:00,23,https://doi.org/10.1016/j.gloei.2020.07.008,unitednations,"United Nations","Climate change 2022 : mitigation of climate change",2022-01-01,"Public Sector",IGO,"International Body; Top-Level Authority; IGO Department or Agency; Mixed Roles; Policy Centre",IGO,https://digitallibrary.un.org/record/3967257?ln=en,https://app.overton.io/document.php?policy_document_id=unitednations-b55056029deb6c0c3bae6db2b291d287,
"Energy consumption and emission mitigation prediction based on data center traffic and PUE for global data centers",10.1016/j.gloei.2020.07.008,"Global Energy Interconnection",2020-06-01T00:00:00+00:00,23,https://doi.org/10.1016/j.gloei.2020.07.008,unitednations,"United Nations","Climate Change 2022 : mitigation of climate change : Working Group III Contribution to the Sixth Assessment Report of the Intergovernmental Panel on Climate Change",2022-01-01,"Public Sector",IGO,"International Body; Top-Level Authority; IGO Department or Agency; Mixed Roles; Policy Centre",IGO,https://digitallibrary.un.org/record/4019730?ln=en,https://app.overton.io/document.php?policy_document_id=unitednations-db2f3e94f902a8cbafb28e4972536dbd,
"Cost of Valued Energy for design of renewable energy systems",10.1016/j.renene.2020.01.131,"Renewable Energy",2020-06-01T00:00:00+00:00,3,https://doi.org/10.1016/j.renene.2020.01.131,europa,"Publications Office of the European Union","Study on circular approaches for a sustainable and affordable clean energy transition. Deliverable D8, Assessment methodology",2026-02-03,"Public Sector",Government,"International Body; Public Data Body or Statistics; Archive; Public Service",EU,https://op.europa.eu/en/publication-detail/-/publication/dd2e0fa6-0179-11f1-825d-01aa75ed71a1/language-en,https://app.overton.io/document.php?policy_document_id=europa-7bdbb182a5bb7c6c1172dbfccd83d742,"Advanced Research Projects Agency - Energy; Advanced Research Projects Agency - Energy; Office of Environmental Management; U.S. Department of Energy; U.S. Department of Energy"
"Cost of Valued Energy for design of renewable energy systems",10.1016/j.renene.2020.01.131,"Renewable Energy",2020-06-01T00:00:00+00:00,3,https://doi.org/10.1016/j.renene.2020.01.131,sachverstandigenrat,"Sachverständigenrat zur Begutachtung der gesamtwirtschaftlichen Entwicklung","VERSÄUMNISSE ANGEHEN, ENTSCHLOSSEN MODERNISIEREN",2024-11-11,"Third Sector",Government,"Research Centre; National Body; Arm's Length Body; Committee; Commission",Germany,https://www.sachverstaendigenrat-wirtschaft.de/fileadmin/dateiablage/gutachten/jg202425/JG202425_Gesamtausgabe.pdf,https://app.overton.io/document.php?policy_document_id=sachverstandigenrat-048b07c5566f3f73ab28d302811b4bcc,"Advanced Research Projects Agency - Energy; Advanced Research Projects Agency - Energy; Office of Environmental Management; U.S. Department of Energy; U.S. Department of Energy"
"Cost of Valued Energy for design of renewable energy systems",10.1016/j.renene.2020.01.131,"Renewable Energy",2020-06-01T00:00:00+00:00,3,https://doi.org/10.1016/j.renene.2020.01.131,sachverstandigenrat,"Sachverständigenrat zur Begutachtung der gesamtwirtschaftlichen Entwicklung","Frühjahrsgutachten 2024",2024-05-14,"Third Sector",Government,"Research Centre; National Body; Arm's Length Body; Committee; Commission",Germany,https://www.sachverstaendigenrat-wirtschaft.de/fileadmin/dateiablage/gutachten/fg2024/FG2024_Gesamtausgabe.pdf,https://app.overton.io/document.php?policy_document_id=sachverstandigenrat-2c5360aa1b0688ae095c0f69d31f4c43,"Advanced Research Projects Agency - Energy; Advanced Research Projects Agency - Energy; Office of Environmental Management; U.S. Department of Energy; U.S. Department of Energy"
"Reliability of emergency and standby diesel generators: Impact on energy resiliency solutions",10.1016/j.apenergy.2020.114918,"Applied Energy",2020-06-01T00:00:00+00:00,7,https://doi.org/10.1016/j.apenergy.2020.114918,california_state_agencies,"State of California",Docketed,2021-07-02,"Public Sector",Government,"Regional or State Level Body; Mixed Roles; Public Service",USA,https://efiling.energy.ca.gov/GetDocument.aspx?tn=238659&DocumentContentId=72039,https://app.overton.io/document.php?policy_document_id=california_state_agencies-4976a126392b02f25d2faa7e176d5f7a,"Environmental Security Technology Certification Program; Environmental Security Technology Certification Program; Office of Economic Adjustment"
"Reliability of emergency and standby diesel generators: Impact on energy resiliency solutions",10.1016/j.apenergy.2020.114918,"Applied Energy",2020-06-01T00:00:00+00:00,7,https://doi.org/10.1016/j.apenergy.2020.114918,gpogov,"Government Publishing Office (GPO)","Emergency diesel generator backup power systems for military bases.",2020-05-12,"Public Sector",Government,"National Body; Mixed Roles; Public Service",USA,https://purl.fdlp.gov/GPO/gpo145909,https://app.overton.io/document.php?policy_document_id=gpogov-7dc0eb16e7d50dc0aaae38d673cd8bd5,"Environmental Security Technology Certification Program; Environmental Security Technology Certification Program; Office of Economic Adjustment"
"Reliability of emergency and standby diesel generators: Impact on energy resiliency solutions",10.1016/j.apenergy.2020.114918,"Applied Energy",2020-06-01T00:00:00+00:00,7,https://doi.org/10.1016/j.apenergy.2020.114918,gpogov,"Government Publishing Office (GPO)","Battery storage for resilience.",2021-06-02,"Public Sector",Government,"National Body; Mixed Roles; Public Service",USA,https://purl.fdlp.gov/GPO/gpo171322,https://app.overton.io/document.php?policy_document_id=gpogov-9fe461814690b01298b0f01899602bdd,"Environmental Security Technology Certification Program; Environmental Security Technology Certification Program; Office of Economic Adjustment"
"Reliability of emergency and standby diesel generators: Impact on energy resiliency solutions",10.1016/j.apenergy.2020.114918,"Applied Energy",2020-06-01T00:00:00+00:00,7,https://doi.org/10.1016/j.apenergy.2020.114918,nrelosti,"National Renewable Energy Laboratory","Emergency Diesel Generator Backup Power Systems for Military Bases",2020-05-26,"Public Sector",Government,"National Body; Arm's Length Body; Research Centre; Policy Centre",USA,https://www.osti.gov/biblio/1659898,https://app.overton.io/document.php?policy_document_id=nrelosti-0de4b2ec34a439295372d0f686de4430,"Environmental Security Technology Certification Program; Environmental Security Technology Certification Program; Office of Economic Adjustment"
"Reliability of emergency and standby diesel generators: Impact on energy resiliency solutions",10.1016/j.apenergy.2020.114918,"Applied Energy",2020-06-01T00:00:00+00:00,7,https://doi.org/10.1016/j.apenergy.2020.114918,nrelosti,"National Renewable Energy Laboratory","Battery Storage for Resilience",2021-06-01,"Public Sector",Government,"National Body; Arm's Length Body; Research Centre; Policy Centre",USA,https://www.osti.gov/biblio/1788427,https://app.overton.io/document.php?policy_document_id=nrelosti-a2c7be72bf8d3c3387c3578c3d203066,"Environmental Security Technology Certification Program; Environmental Security Technology Certification Program; Office of Economic Adjustment"
"Reliability of emergency and standby diesel generators: Impact on energy resiliency solutions",10.1016/j.apenergy.2020.114918,"Applied Energy",2020-06-01T00:00:00+00:00,7,https://doi.org/10.1016/j.apenergy.2020.114918,nrelosti,"National Renewable Energy Laboratory","Emergency Diesel Generator Reliability and Installation Energy Security",2020-04-01,"Public Sector",Government,"National Body; Arm's Length Body; Research Centre; Policy Centre",USA,https://www.osti.gov/biblio/1659892,https://app.overton.io/document.php?policy_document_id=nrelosti-c52e48428e3c7616c1d2a2dcc07359c2,"Environmental Security Technology Certification Program; Environmental Security Technology Certification Program; Office of Economic Adjustment"
"Reliability of emergency and standby diesel generators: Impact on energy resiliency solutions",10.1016/j.apenergy.2020.114918,"Applied Energy",2020-06-01T00:00:00+00:00,7,https://doi.org/10.1016/j.apenergy.2020.114918,nrelosti,"National Renewable Energy Laboratory","Distributed Energy Resource (DER) Reliability for Backup Electric Power Systems",2023-03-24,"Public Sector",Government,"National Body; Arm's Length Body; Research Centre; Policy Centre",USA,https://www.osti.gov/biblio/1964053,https://app.overton.io/document.php?policy_document_id=nrelosti-d84d3c04a343562e624ec3cf517428ee,"Environmental Security Technology Certification Program; Environmental Security Technology Certification Program; Office of Economic Adjustment"
"Valuing intra-day coordination of electric power and natural gas system operations",10.1016/j.enpol.2020.111470,"Energy Policy",2020-06-01T00:00:00+00:00,4,https://doi.org/10.1016/j.enpol.2020.111470,nrelosti,"National Renewable Energy Laboratory","ESIF 2020",2021-03-01,"Public Sector",Government,"National Body; Arm's Length Body; Research Centre; Policy Centre",USA,https://www.osti.gov/biblio/1769878,https://app.overton.io/document.php?policy_document_id=nrelosti-4216cde4c8a7dd04caaca672650a921a,"JISEA; U.S. Department of Energy; U.S. Department of Energy"
"Valuing intra-day coordination of electric power and natural gas system operations",10.1016/j.enpol.2020.111470,"Energy Policy",2020-06-01T00:00:00+00:00,4,https://doi.org/10.1016/j.enpol.2020.111470,nrelosti,"National Renewable Energy Laboratory","Engage: Accelerating the Transformation of the Global Energy Economy; JISEA 2021 Annual Report",2021-04-08,"Public Sector",Government,"National Body; Arm's Length Body; Research Centre; Policy Centre",USA,https://www.osti.gov/biblio/1777155,https://app.overton.io/document.php?policy_document_id=nrelosti-9632125146c258ef86210777f39c8f2e,"JISEA; U.S. Department of Energy; U.S. Department of Energy"
"Valuing intra-day coordination of electric power and natural gas system operations",10.1016/j.enpol.2020.111470,"Energy Policy",2020-06-01T00:00:00+00:00,4,https://doi.org/10.1016/j.enpol.2020.111470,nrelosti,"National Renewable Energy Laboratory","Electric Power Grid and Natural Gas Network Operations and Coordination",2020-09-21,"Public Sector",Government,"National Body; Arm's Length Body; Research Centre; Policy Centre",USA,https://www.osti.gov/biblio/1665862-electric-power-grid-natural-gas-network-operations-coordination,https://app.overton.io/document.php?policy_document_id=nrelosti-c6e50dd3b3a0587034207d59c78c3598,"JISEA; U.S. Department of Energy; U.S. Department of Energy"
"Valuing intra-day coordination of electric power and natural gas system operations",10.1016/j.enpol.2020.111470,"Energy Policy",2020-06-01T00:00:00+00:00,4,https://doi.org/10.1016/j.enpol.2020.111470,nrelosti,"National Renewable Energy Laboratory","Natural Gas - Electric Interface Study",2020-08-19,"Public Sector",Government,"National Body; Arm's Length Body; Research Centre; Policy Centre",USA,https://www.osti.gov/biblio/1710142,https://app.overton.io/document.php?policy_document_id=nrelosti-c896a97f81ba86f1bb8ddbc13eec0867,"JISEA; U.S. Department of Energy; U.S. Department of Energy"
"Study on model uncertainty of water source heat pump and impact on decision making",10.1016/j.enbuild.2020.109950,"Energy and Buildings",2020-06-01T00:00:00+00:00,1,https://doi.org/10.1016/j.enbuild.2020.109950,govdeptsitaly,"Government of Italy","Le città a impatto climatico zero : strategie e politiche",2022-10-19,"Public Sector",Government,"National Body; Mixed Roles; Public Service",Italy,https://www.mit.gov.it/nfsmitgov/files/media/notizia/2022-10/STEMI_Le%20citta%CC%80%20a%20impatto%20climatico%20zero_ITA_v1.pdf,https://app.overton.io/document.php?policy_document_id=govdeptsitaly-6c9837ed6908ca34e4e72ea87386bee3,"Early Career Research Scheme of Huazhong University of Science and Technology; National High-tech Research and Development Program; National Natural Science Foundation of China; National Natural Science Foundation of China"
"Improved Predictive Control in Multi-Modular Matrix Converter for Six-Phase Generation Systems",10.3390/en13102660,Unknown,2020-05-26T00:00:00+00:00,5,https://doi.org/10.3390/en13102660,governmentofparaguay,"Government of Paraguay","Estudio De Técnicas De Modulación De Convertidores Matriciales Directo E Indirecto.",2020-11-27,"Public Sector",Government,"National Body; Public Service; Mixed Roles",Paraguay,https://www.conacyt.gov.py/sites/default/files/TFM___Marcos_Alberto_G_mez_Redondo1.pdf,https://app.overton.io/document.php?policy_document_id=governmentofparaguay-302a267e8dfe289c4262594676b8a0fa,
"Improved Predictive Control in Multi-Modular Matrix Converter for Six-Phase Generation Systems",10.3390/en13102660,Unknown,2020-05-26T00:00:00+00:00,5,https://doi.org/10.3390/en13102660,governmentofparaguay,"Government of Paraguay","Speed Control of a Six-Phase IM Fed by a Multi-Modular Matrix Converter Using an Inner PTC With Reduced Computational Burden",2021-12-09,"Public Sector",Government,"National Body; Public Service; Mixed Roles",Paraguay,https://repositorio.conacyt.gov.py/bitstream/handle/20.500.14066/4523/Speed%20control%20of%20a%20six-phase%20IM%20fed%20by%20a%20multi-modular%20matrix%20converter%20using%20an%20inner%20PTC%20with%20reduced%20computational%20burden.pdf?sequence=1&isAllowed=y,https://app.overton.io/document.php?policy_document_id=governmentofparaguay-4528906c2aa363a77b8745776fad682b,
"Improved Predictive Control in Multi-Modular Matrix Converter for Six-Phase Generation Systems",10.3390/en13102660,Unknown,2020-05-26T00:00:00+00:00,5,https://doi.org/10.3390/en13102660,governmentofparaguay,"Government of Paraguay","Predictive Voltage Control in Multi-Modular Matrix Converters under Load Variation and Fault Scenario",2024-09-19,"Public Sector",Government,"National Body; Public Service; Mixed Roles",Paraguay,https://repositorio.conacyt.gov.py/bitstream/handle/20.500.14066/4474/Predictive%20voltage%20control%20in%20multi-modular%20matrix%20converters.pdf?sequence=1&isAllowed=y,https://app.overton.io/document.php?policy_document_id=governmentofparaguay-669d6a800e650bfa84ae95281dda597e,
"Improved Predictive Control in Multi-Modular Matrix Converter for Six-Phase Generation Systems",10.3390/en13102660,Unknown,2020-05-26T00:00:00+00:00,5,https://doi.org/10.3390/en13102660,governmentofparaguay,"Government of Paraguay","Speed Control of a Six-Phase IM Fed by a Multi-Modular Matrix Converter Using an Inner PTC With Reduced Computational Burden",2021-12-09,"Public Sector",Government,"National Body; Public Service; Mixed Roles",Paraguay,https://repositorio.conacyt.gov.py/bitstream/handle/20.500.14066/4523/Speed%20control%20of%20a%20six-phase%20IM%20fed%20by%20a%20multi-modular%20matrix%20converter%20using%20an%20inner%20PTC%20with%20reduced%20computational%20burden.pdf,https://app.overton.io/document.php?policy_document_id=governmentofparaguay-ab234e94b91092cb41519d46cdf0978e,
"Improved Predictive Control in Multi-Modular Matrix Converter for Six-Phase Generation Systems",10.3390/en13102660,Unknown,2020-05-26T00:00:00+00:00,5,https://doi.org/10.3390/en13102660,governmentofparaguay,"Government of Paraguay","Predictive Voltage Control in Multi-Modular Matrix Converters under Load Variation and Fault Scenario",2024-09-19,"Public Sector",Government,"National Body; Public Service; Mixed Roles",Paraguay,https://repositorio.conacyt.gov.py/bitstream/handle/20.500.14066/4474/Predictive%20voltage%20control%20in%20multi-modular%20matrix%20converters.pdf;sequence=1,https://app.overton.io/document.php?policy_document_id=governmentofparaguay-f1021a87d11ea61133ec58c68fec2f9d,
"The Schaake Shuffle Technique to Combine Solar and Wind Power Probabilistic Forecasting",10.3390/en13102503,Energies,2020-05-15T00:00:00+00:00,1,https://doi.org/10.3390/en13102503,esigusa,"Energy Systems Integration Group (ESIG)","Weather Data for Power System Planning",2023-09-28,"Third Sector","Think Tank","Research Centre; Policy Centre; Professional Network, Association, Union or Cooperative",USA,https://www.esig.energy/reports-briefs/weather-data-for-power-system-planning/,https://app.overton.io/document.php?policy_document_id=esigusa-8078c554a2af9ce8cfbafa2795bd5143,"Kuwait Institute for Scientific Research; Kuwait Institute for Scientific Research"
"Photovoltaic panel cooling by atmospheric water sorption–evaporation cycle",10.1038/s41893-020-0535-4,"Nature Sustainability",2020-05-11T00:00:00+00:00,2,https://doi.org/10.1038/s41893-020-0535-4,iadb,"Inter-American Development Bank","Environmental, Health, Safety, and Social Management of Green Hydrogen in Latin America and the Caribbean",2023-05-05,"Public Sector",IGO,"International Body; Financial Institution or Bank; Development Bank; Policy Centre",IGO,https://publications.iadb.org/en/environmental-health-safety-and-social-management-green-hydrogen-latin-america-and-caribbean,https://app.overton.io/document.php?policy_document_id=iadb-36b0a55e45eab64f65eb734908466293,
"Photovoltaic panel cooling by atmospheric water sorption–evaporation cycle",10.1038/s41893-020-0535-4,"Nature Sustainability",2020-05-11T00:00:00+00:00,2,https://doi.org/10.1038/s41893-020-0535-4,unfccc,"United Nations Framework Convention on Climate Change","Saudi Arabia. National Communication (NC). NC 4.",2022-03-30,"Public Sector",IGO,"International Body; Arm's Length Body; Initiative, Programme or Project; Monitoring or Regulatory Body",IGO,https://unfccc.int/documents/461529,https://app.overton.io/document.php?policy_document_id=unfccc-9b35dd48f6d6538e09d865dd8970f14a,
"Computational Intelligent Approaches for Non-Technical Losses Management of Electricity",10.3390/en13092393,Energies,2020-05-11T00:00:00+00:00,1,https://doi.org/10.3390/en13092393,aneelbr,"Agência Nacional de Energia Elétrica","Bibliografia temática : perdas não técnicas de energia elétrica",2024-06-10,"Public Sector",Government,"Monitoring or Regulatory Body",Brazil,https://biblioteca.aneel.gov.br/acervo/detalhe/242598,https://app.overton.io/document.php?policy_document_id=aneelbr-eaccbea9edaec5fb3c0423c9a41ebb73,
"Energy Demand Forecasting Using Deep Learning: Applications for the French Grid",10.3390/en13092242,Energies,2020-05-03T00:00:00+00:00,2,https://doi.org/10.3390/en13092242,iadb,"Inter-American Development Bank","Lia dans les infrastructures: défis et opportunités dans le contexte de lAmérique Latine et des Caraïbes",2024-01-01,"Public Sector",IGO,"International Body; Financial Institution or Bank; Development Bank; Policy Centre",IGO,https://publications.iadb.org/fr/lia-dans-les-infrastructures-defis-et-opportunites-dans-le-contexte-de-lamerique-latine-et-des,https://app.overton.io/document.php?policy_document_id=iadb-69223ad18d8043a83263209bec33bae0,
"Energy Demand Forecasting Using Deep Learning: Applications for the French Grid",10.3390/en13092242,Energies,2020-05-03T00:00:00+00:00,2,https://doi.org/10.3390/en13092242,iadb,"Inter-American Development Bank","IA desde los cimientos: desafíos y oportunidades en el contexto de América Latina y el Caribe",2024-12-01,"Public Sector",IGO,"International Body; Financial Institution or Bank; Development Bank; Policy Centre",IGO,https://publications.iadb.org/es/ia-desde-los-cimientos-desafios-y-oportunidades-en-el-contexto-de-america-latina-y-el-caribe,https://app.overton.io/document.php?policy_document_id=iadb-75ee0cd2fc332c4418d1f8f1e80591a3,
"Bidding strategy for trading wind energy and purchasing reserve of wind power producer – A DRL based approach",10.1016/j.ijepes.2019.105648,"International Journal of Electrical Power & Energy Systems",2020-05-01T00:00:00+00:00,1,https://doi.org/10.1016/j.ijepes.2019.105648,theratioinstitute,"The Ratio Institute","Ratio Working Paper No. 346: Does published research influence policy outcomes? The case of regulated electricity networks in western Europe",2021-04-07,"Third Sector","Think Tank","Research Centre",Sweden,https://cms.ratio.se/app/uploads/2021/04/ratio-working-paper-no-346.pdf,https://app.overton.io/document.php?policy_document_id=theratioinstitute-51a23d103920d2b3fd3ba01c4d44337a,
"The restoration of severely damaged churches – Implications and opportunities on cultural heritage conservation, thermal comfort and energy efficiency",10.1016/j.culher.2019.11.008,"Journal of Cultural Heritage",2020-05-01T00:00:00+00:00,1,https://doi.org/10.1016/j.culher.2019.11.008,stateofvalencia,"Generalitat Valenciana","Implemented by",2022-12-12,"Public Sector",Government,"Regional or State Level Body; Mixed Roles; Public Service",Spain,https://habitatge.gva.es/documents/20051105/373382117/BEEP_Guide.pdf/bd8e5cba-9a9b-ca88-63db-b7dc3afc5bf6?t=1691059828257,https://app.overton.io/document.php?policy_document_id=stateofvalencia-216f2340d2c9b4eded06d63d7bde9bd3,
"Performance-aware predictive-model-based on-chip body-bias regulation strategy for an ULP multi-core cluster in 28 nm UTBB FD-SOI",10.1016/j.vlsi.2019.12.006,Integration,2020-05-01T00:00:00+00:00,1,https://doi.org/10.1016/j.vlsi.2019.12.006,cordisbe,CORDIS,"Open transPREcision COMPuting",2021-03-19,"Public Sector",Government,"Public Data Body or Statistics; Archive; Public Service; Mixed Roles",EU,https://ec.europa.eu/research/participants/documents/downloadPublic?documentIds=080166e5d794f64c&appId=PPGMS,https://app.overton.io/document.php?policy_document_id=cordisbe-f2079e8737ac6ec939cd866427029604,
"Groundwater irrigation and farm power policies in Punjab and West Bengal: Challenges and opportunities",10.1016/j.enpol.2020.111437,"Energy Policy",2020-05-01T00:00:00+00:00,1,https://doi.org/10.1016/j.enpol.2020.111437,cgiar,CGIAR,"Governing Groundwater Irrigation in Bangladesh: Reviewing the Past and Looking Ahead for the Future",2024-12-26,"Third Sector","Think Tank","Research Centre; Initiative, Programme or Project; Policy Centre; Professional Network, Association, Union or Cooperative",France,https://hdl.handle.net/10568/168345,https://app.overton.io/document.php?policy_document_id=cgiar-5a7b510788957b9002c3e43a1ab76db8,
"U.S. DOE/NETL large pilot-scale testing of advanced carbon capture technologies",10.1016/j.fuel.2020.117169,Fuel,2020-05-01T00:00:00+00:00,1,https://doi.org/10.1016/j.fuel.2020.117169,nedojp,"New Energy and Industrial Technology Development Organization (NEDO)","『TSC Foresight』　TSC 技術戦略策定分野",2025-01-01,"Public Sector",Government,"Government Agency; National Body; Research Centre",Japan,https://www.nedo.go.jp/library/foresight.html,https://app.overton.io/document.php?policy_document_id=nedojp-1307af18698ad2300dc48273b7f3d791,
"The ethical smart grid: Enabling a fruitful and long-lasting relationship between utilities and customers",10.1016/j.enpol.2020.111258,"Energy Policy",2020-05-01T00:00:00+00:00,2,https://doi.org/10.1016/j.enpol.2020.111258,iadb,"Inter-American Development Bank","Updating Infrastructure Regulation for The 21st Century in Latin America and the Caribbean",2020-01-24,"Public Sector",IGO,"International Body; Financial Institution or Bank; Development Bank; Policy Centre",IGO,https://publications.iadb.org/en/updating-infrastructure-regulation-21st-century-latin-america-and-caribbean,https://app.overton.io/document.php?policy_document_id=iadb-2a5f30ce94f6cb1b6cb3e71d0ba225f6,
"The ethical smart grid: Enabling a fruitful and long-lasting relationship between utilities and customers",10.1016/j.enpol.2020.111258,"Energy Policy",2020-05-01T00:00:00+00:00,2,https://doi.org/10.1016/j.enpol.2020.111258,unepccc,"UNEP Copenhagen Climate Centre","A Transition Perspective on Demand-Side Flexibility in the Integrated Energy System. Insights from the Danish ISGAN Annex 7 Project 2017-2021",2021-09-16,"Third Sector","Think Tank","Research Centre; Policy Centre",Denmark,https://backend.orbit.dtu.dk/ws/files/257239815/A_Transition_Perspective_on_Demand_Side_Flexibility_in_the_Integrated_Energy_System.pdf,https://app.overton.io/document.php?policy_document_id=unepccc-828ac5d83973aa0cbf0e9d811736997b,
"A proposed intelligent short-term load forecasting hybrid models of ANN, WNN and KF based on clustering techniques for smart grid",10.1016/j.epsr.2019.106191,"Electric Power Systems Research",2020-05-01T00:00:00+00:00,2,https://doi.org/10.1016/j.epsr.2019.106191,wmo,"World Meteorological Organization","Integrated Weather and Climate Services in Support of Net Zero Energy Transition",2023-03-16,"Public Sector",IGO,"International Body; IGO Department or Agency; Policy Centre; Research Centre; Professional Network, Association, Union or Cooperative",IGO,https://library.wmo.int/records/item/66273-integrated-weather-and-climate-services-in-support-of-net-zero-energy-transition,https://app.overton.io/document.php?policy_document_id=wmo-5adf5f16a78e32a2473043a2ea6e75ac,
"A proposed intelligent short-term load forecasting hybrid models of ANN, WNN and KF based on clustering techniques for smart grid",10.1016/j.epsr.2019.106191,"Electric Power Systems Research",2020-05-01T00:00:00+00:00,2,https://doi.org/10.1016/j.epsr.2019.106191,wmo,"World Meteorological Organization","Commission for Weather, Climate, Water and Related Environmental Services and Applications",2023-02-08,"Public Sector",IGO,"International Body; IGO Department or Agency; Policy Centre; Research Centre; Professional Network, Association, Union or Cooperative",IGO,https://library.wmo.int/records/item/39647-commission-for-weather-climate-water-and-related-environmental-services-and-applications,https://app.overton.io/document.php?policy_document_id=wmo-7973c435d2d892ae10282a1ce79eb268,
"Factors influencing intention to invest in a community owned renewable energy initiative in Queensland, Australia",10.1016/j.enpol.2020.111441,"Energy Policy",2020-05-01T00:00:00+00:00,2,https://doi.org/10.1016/j.enpol.2020.111441,acola,"Australian Council of Learned Academies","Social Engagement Dynamics Reports",2022-02-15,"Public Sector","Think Tank","Research Centre; Policy Centre; Initiative, Programme or Project; Professional Network, Association, Union or Cooperative; Learned Society",Australia,https://acola.org/research-and-policy/reports/social-engagement-dynamics-reports,https://app.overton.io/document.php?policy_document_id=acola-0140163aa051954c14cfe7d96bccb7b9,
"Factors influencing intention to invest in a community owned renewable energy initiative in Queensland, Australia",10.1016/j.enpol.2020.111441,"Energy Policy",2020-05-01T00:00:00+00:00,2,https://doi.org/10.1016/j.enpol.2020.111441,tascblog,"Think-tank for Action on Social Change","TASC People's Transition Enniscorthy",2023-06-13,"Third Sector","Think Tank","Research Centre; Policy Centre",Ireland,http://www.tasc.ie/publications/tasc-peoples-transition-enniscorthy/,https://app.overton.io/document.php?policy_document_id=tascblog-07e0afeaf9e40bde5f69d22f68b825fb,
"Estimating the economy-wide impacts of energy policies in Cyprus",10.1016/j.esr.2020.100495,"Energy Strategy Reviews",2020-05-01T00:00:00+00:00,7,https://doi.org/10.1016/j.esr.2020.100495,eucommission,"EU Commission","Cyprus - Final updated NECP 2021-2030 (submitted in 2024)",2024-12-20,"Public Sector",IGO,"International Body; Arm's Length Body; Commission",EU,https://commission.europa.eu/publications/cyprus-final-updated-necp-2021-2030-submitted-2024_en,https://app.overton.io/document.php?policy_document_id=eucommission-9609c0f13880f3fbeb04955979ccdc0a,"European Commission; European Commission; Horizon 2020; Horizon 2020"
"Estimating the economy-wide impacts of energy policies in Cyprus",10.1016/j.esr.2020.100495,"Energy Strategy Reviews",2020-05-01T00:00:00+00:00,7,https://doi.org/10.1016/j.esr.2020.100495,europa,"Publications Office of the European Union","Thematic review 2023",2023-10-20,"Public Sector",Government,"International Body; Public Data Body or Statistics; Archive; Public Service",EU,https://op.europa.eu/en/publication-detail/-/publication/b2e9f260-7151-11ee-9220-01aa75ed71a1/language-en/format-PDF,https://app.overton.io/document.php?policy_document_id=europa-86870039f90aff613f114a6905b0e274,"European Commission; European Commission; Horizon 2020; Horizon 2020"
"Estimating the economy-wide impacts of energy policies in Cyprus",10.1016/j.esr.2020.100495,"Energy Strategy Reviews",2020-05-01T00:00:00+00:00,7,https://doi.org/10.1016/j.esr.2020.100495,governmentofcyprus,"Government of Cyprus","ενοποιημενου εθνικου σχεδιου τησ κυπρου για την ενεργεια και το κλιμα",2023-07-21,"Public Sector",Government,"National Body; Mixed Roles; Public Service",Cyprus,https://www.moa.gov.cy/moa/environment/environmentnew.nsf/all/8D6EF81F38772607C225829400343871/$file/%CE%A0%CF%81%CE%BF%CF%83%CF%87%CE%AD%CE%B4%CE%B9%CE%BF%20%CE%95%CF%80%CE%B9%CE%BA%CE%B1%CE%B9%CF%81%CE%BF%CF%80%CE%BF%CE%B9%CE%B7%CF%83%CE%B7%CF%82%20%CF%84%CE%BF%CF%85%20%CE%95%CE%B8%CE%BD%CE%B9%CE%BA%CE%BF%CF%8D%20%CE%A3%CF%87%CE%B5%CE%B4%CE%AF%CE%BF%CF%85%20%CE%B3%CE%B9%CE%B1%20%CF%84%CE%B7%CE%BD%20%CE%95%CE%BD%CE%AD%CF%81%CE%B3%CE%B5%CE%B9%CE%B1%20%CE%BA%CE%B1%CE%B9%20%CF%84%CE%BF%20%CE%9A%CE%BB%CE%AF%CE%BC%CE%B1%202021-2030.pdf?openelement,https://app.overton.io/document.php?policy_document_id=governmentofcyprus-a6c4a4316191f5bd0aba1b4068a3f4d4,"European Commission; European Commission; Horizon 2020; Horizon 2020"
"Estimating the economy-wide impacts of energy policies in Cyprus",10.1016/j.esr.2020.100495,"Energy Strategy Reviews",2020-05-01T00:00:00+00:00,7,https://doi.org/10.1016/j.esr.2020.100495,unfccc,"United Nations Framework Convention on Climate Change","Cyprus. National Communication (NC). NC 8. Biennial Reports (BR). BR 5.",2023-06-07,"Public Sector",IGO,"International Body; Arm's Length Body; Initiative, Programme or Project; Monitoring or Regulatory Body",IGO,https://unfccc.int/documents/629351,https://app.overton.io/document.php?policy_document_id=unfccc-b561154b93d5b089f4efa7b1965704d1,"European Commission; European Commission; Horizon 2020; Horizon 2020"
"Estimating the economy-wide impacts of energy policies in Cyprus",10.1016/j.esr.2020.100495,"Energy Strategy Reviews",2020-05-01T00:00:00+00:00,7,https://doi.org/10.1016/j.esr.2020.100495,unfccc,"United Nations Framework Convention on Climate Change","Cyprus. 2024 Biennial Transparency Report (BTR). BTR1.",2025-09-18,"Public Sector",IGO,"International Body; Arm's Length Body; Initiative, Programme or Project; Monitoring or Regulatory Body",IGO,https://unfccc.int/documents/649868,https://app.overton.io/document.php?policy_document_id=unfccc-b5e95bb6e1b338855a0fb4c1f38cb3fe,"European Commission; European Commission; Horizon 2020; Horizon 2020"
"Estimating the economy-wide impacts of energy policies in Cyprus",10.1016/j.esr.2020.100495,"Energy Strategy Reviews",2020-05-01T00:00:00+00:00,7,https://doi.org/10.1016/j.esr.2020.100495,unuwider,"United Nations University World Institute for Development Economics Research","An economy-wide perspective on aspects of electricity supply in Myanmar",2021-04-01,"Public Sector","Think Tank","Research Centre; Policy Centre",Finland,https://www.wider.unu.edu/publication/economy-wide-perspective-aspects-electricity-supply-myanmar,https://app.overton.io/document.php?policy_document_id=unuwider-3d17bb12b02d6ff9fa760788cbcd60f8,"European Commission; European Commission; Horizon 2020; Horizon 2020"
"Estimating the economy-wide impacts of energy policies in Cyprus",10.1016/j.esr.2020.100495,"Energy Strategy Reviews",2020-05-01T00:00:00+00:00,7,https://doi.org/10.1016/j.esr.2020.100495,worldbank,"World Bank","'Building Back Better' in Practice : A Science-Policy Framework for a Green Economic Recovery after COVID-19",2021-02-04,"Public Sector",IGO,"International Body; Financial Institution or Bank; Development Bank; Policy Centre",IGO,https://openknowledge.worldbank.org/handle/10986/35101,https://app.overton.io/document.php?policy_document_id=worldbank-30b2996683ab20898581a4d7da9d1d53,"European Commission; European Commission; Horizon 2020; Horizon 2020"
"Concentrating photovoltaic retrofit for existing parabolic trough solar collectors: Design, experiments, and levelized cost of electricity",10.1016/j.apenergy.2020.114751,"Applied Energy",2020-05-01T00:00:00+00:00,2,https://doi.org/10.1016/j.apenergy.2020.114751,stateofidaho,"State of Idaho","Instruction, Research And Student Affairs February 27, 2024",2024-02-19,"Public Sector",Government,"Regional or State Level Body; Mixed Roles; Public Service",USA,https://boardofed.idaho.gov/meetings/board/archive/2024/022724/04%20IRSA.pdf,https://app.overton.io/document.php?policy_document_id=stateofidaho-12e9ac5067067d6a12c8b1dc8bc6fc82,"Advanced Research Projects Agency - Energy; Advanced Research Projects Agency - Energy; U.S. Department of Energy"
"Concentrating photovoltaic retrofit for existing parabolic trough solar collectors: Design, experiments, and levelized cost of electricity",10.1016/j.apenergy.2020.114751,"Applied Energy",2020-05-01T00:00:00+00:00,2,https://doi.org/10.1016/j.apenergy.2020.114751,stateofidaho,"State of Idaho","Public Streaming",2024-02-22,"Public Sector",Government,"Regional or State Level Body; Mixed Roles; Public Service",USA,https://boardofed.idaho.gov/meetings/board/archive/2024/022724/AGENDA%20ALL.pdf,https://app.overton.io/document.php?policy_document_id=stateofidaho-4b98e777bdbe1ff2f1842b5563e27f2f,"Advanced Research Projects Agency - Energy; Advanced Research Projects Agency - Energy; U.S. Department of Energy"
"Ecosystem-specific growth responses to climate pattern by a temperate freshwater fish",10.1016/j.ecolind.2020.106130,"Ecological Indicators",2020-05-01T00:00:00+00:00,1,https://doi.org/10.1016/j.ecolind.2020.106130,stateofnebraska,"State of Nebraska",Agenda,2020-10-21,"Public Sector",Government,"Regional or State Level Body; Mixed Roles; Public Service",USA,https://dee.nebraska.gov/sites/default/files/aid/NGWMAC-NSWMC-2020-Minutes_10-20-2020.pdf,https://app.overton.io/document.php?policy_document_id=stateofnebraska-8cb109e9968cb6702f15d34c6d5c7fca,"Institute of Agriculture and Natural Resources; Institute of Agriculture and Natural Resources; MAP; National Institute of Food and Agriculture; National Institute of Food and Agriculture; U.S. Department of Agriculture; U.S. Department of Agriculture; U.S. Department of the Interior; U.S. Fish and Wildlife Service; U.S. Fish and Wildlife Service; U.S. Geological Survey; U.S. Geological Survey; University of Nebraska-Lincoln; University of Nebraska-Lincoln"
"Greenhouse gas emissions of conventional and alternative vehicles: Predictions based on energy policy analysis in South Korea",10.1016/j.apenergy.2020.114754,"Applied Energy",2020-05-01T00:00:00+00:00,4,https://doi.org/10.1016/j.apenergy.2020.114754,civicexchangehk,"Civic Exchange","A White Paper Outlining the Hydrogen Strategy of Hong Kong",2024-05-13,"Third Sector","Think Tank","Research Centre; Policy Centre",China,https://civic-exchange.org/report/a-white-paper-outlining-the-hydrogen-strategy-of-hong-kong/,https://app.overton.io/document.php?policy_document_id=civicexchangehk-bac575d09c0c300ed2000c6b200962a5,"National Research Foundation of Korea; National Research Foundation of Korea"
"Greenhouse gas emissions of conventional and alternative vehicles: Predictions based on energy policy analysis in South Korea",10.1016/j.apenergy.2020.114754,"Applied Energy",2020-05-01T00:00:00+00:00,4,https://doi.org/10.1016/j.apenergy.2020.114754,keeikr,"Korea Energy Economics Institute","E-Mobility 성장에 따른 석유·전력·신재생에너지 산업 대응 전략 연구(석유) (3/4)",2021-01-01,"Public Sector","Think Tank","National Body; Research Centre; Policy Centre","South Korea",https://www.nkis.re.kr/subject_view1.do?otpId=OTP_0000000000008986,https://app.overton.io/document.php?policy_document_id=keeikr-2b3799449e4a1da865b0c458717b68b4,"National Research Foundation of Korea; National Research Foundation of Korea"
"Greenhouse gas emissions of conventional and alternative vehicles: Predictions based on energy policy analysis in South Korea",10.1016/j.apenergy.2020.114754,"Applied Energy",2020-05-01T00:00:00+00:00,4,https://doi.org/10.1016/j.apenergy.2020.114754,keeikr,"Korea Energy Economics Institute","E-Mobility 성장에 따른 석유·전력·신재생에너지 산업 대응 전략 연구(석유) (3/4)",2021-01-01,"Public Sector","Think Tank","National Body; Research Centre; Policy Centre","South Korea",https://www.nkis.re.kr/subject_view1.do?otcCd=RG&otcNm=일반연구보고서&otpId=OTP_0000000000008986&otpSeq=0&eoSeq=&currentPage=3&searchSelect=&searchWord=&returnPage=newest_list.do&schLclaScsId=&pblYy=&agcNms=에너지경제연구원&listPerPage=50,https://app.overton.io/document.php?policy_document_id=keeikr-492c6c557abdfcced97efa721916d6fa,"National Research Foundation of Korea; National Research Foundation of Korea"
"Greenhouse gas emissions of conventional and alternative vehicles: Predictions based on energy policy analysis in South Korea",10.1016/j.apenergy.2020.114754,"Applied Energy",2020-05-01T00:00:00+00:00,4,https://doi.org/10.1016/j.apenergy.2020.114754,keeikr,"Korea Energy Economics Institute","E-Mobility 성장에 따른 석유·전력·신재생에너지 산업 대응 전략 연구(석유) (3/4)",2021-01-01,"Public Sector","Think Tank","National Body; Research Centre; Policy Centre","South Korea",https://www.nkis.re.kr/subject_view1.do?otcCd=RG&otcNm=일반연구보고서&otpId=OTP_0000000000008986&otpSeq=0&eoSeq=327240&currentPage=3&searchSelect=&searchWord=&returnPage=newest_list.do&schLclaScsId=&pblYy=&agcNms=에너지경제연구원&listPerPage=50,https://app.overton.io/document.php?policy_document_id=keeikr-8c521230d4a9b862212767b3e982a833,"National Research Foundation of Korea; National Research Foundation of Korea"
"AHEAD: Automatic Holistic Energy-Aware Design Methodology for MLP Neural Network Hardware Generation in Proactive BMI Edge Devices",10.3390/en13092180,Energies,2020-05-01T00:00:00+00:00,2,https://doi.org/10.3390/en13092180,cordisbe,CORDIS,"Predictive Neural Information for Proactive Actions: From Monkey Brain to Smart House Control",2021-09-16,"Public Sector",Government,"Public Data Body or Statistics; Archive; Public Service; Mixed Roles",EU,https://ec.europa.eu/research/participants/documents/downloadPublic?documentIds=080166e5dcd6678b&appId=PPGMS,https://app.overton.io/document.php?policy_document_id=cordisbe-ed1c438f17b959ddb097b3445e10d08f,"Deutsches Primatenzentrum; European Commission; Horizon 2020 Framework Programme; Horizon 2020 Framework Programme; Universidad Politécnica de Madrid"
"AHEAD: Automatic Holistic Energy-Aware Design Methodology for MLP Neural Network Hardware Generation in Proactive BMI Edge Devices",10.3390/en13092180,Energies,2020-05-01T00:00:00+00:00,2,https://doi.org/10.3390/en13092180,cordisbe,CORDIS,"Predictive Neural Information for Proactive Actions: From Monkey Brain to Smart House Control",2021-09-16,"Public Sector",Government,"Public Data Body or Statistics; Archive; Public Service; Mixed Roles",EU,https://ec.europa.eu/research/participants/documents/downloadPublic?documentIds=080166e5da058c02&appId=PPGMS,https://app.overton.io/document.php?policy_document_id=cordisbe-f26fb54977834311b459d62465b53d24,"Deutsches Primatenzentrum; European Commission; Horizon 2020 Framework Programme; Horizon 2020 Framework Programme; Universidad Politécnica de Madrid"
"Determinants of Environmental Perceptions and Attitudes in a Socio-Demographically Diverse Urban Setup: The Case of Gauteng Province, South Africa",10.3390/su12093613,Sustainability,2020-04-30T00:00:00+00:00,1,https://doi.org/10.3390/su12093613,iadb,"Inter-American Development Bank","De la educación a la acción: ciudadanía verde en América Latina",2025-10-01,"Public Sector",IGO,"International Body; Financial Institution or Bank; Development Bank; Policy Centre",IGO,https://publications.iadb.org/es/de-la-educacion-la-accion-ciudadania-verde-en-america-latina,https://app.overton.io/document.php?policy_document_id=iadb-7071a79e092d7532c7df7eafeb186e68,
"A novel method for forecasting electricity prices in a system with variable renewables and grid storage",10.5278/ijsepm.3497,Unknown,2020-04-21T00:00:00+00:00,2,https://doi.org/10.5278/ijsepm.3497,credsacuk,CREDS,"Green light: Net zero emission energy system designs for the UK",2023-12-06,"Third Sector","Think Tank","Research Centre",UK,https://www.creds.ac.uk/publications/green-light-net-zero-emission-energy-system-designs-for-the-uk/,https://app.overton.io/document.php?policy_document_id=credsacuk-fe6a009417d3f26f0ae809524f58873a,
"A novel method for forecasting electricity prices in a system with variable renewables and grid storage",10.5278/ijsepm.3497,Unknown,2020-04-21T00:00:00+00:00,2,https://doi.org/10.5278/ijsepm.3497,ukparliament_select,"UK Parliament Select Committee Publications","NUC0033 - Nuclear energy in Wales",2022-09-07,"Public Sector","Legislative Body","National Body; Parliament, Senate or Congress; Committee",UK,https://committees.parliament.uk/writtenevidence/110492/pdf/,https://app.overton.io/document.php?policy_document_id=ukparliament_select-cd25b9bb87f2306951cd85d912938d71,
"Modeling and Forecasting End-Use Energy Consumption for Residential Buildings in Kuwait Using a Bottom-Up Approach",10.3390/en13081981,Energies,2020-04-17T00:00:00+00:00,1,https://doi.org/10.3390/en13081981,lseblogs,blogs.lse.ac.uk,"The Unsustainability of Kuwait’s Energy System – Examining Kuwait’s Energy Problem",2021-02-11,"Third Sector","Think Tank","Research Centre; Policy Centre",UK,https://blogs.lse.ac.uk/mec/2021/02/11/the-unsustainability-of-kuwaits-energy-system-examining-kuwaits-energy-problem/,https://app.overton.io/document.php?policy_document_id=lseblogs-575d00067c287e90c85187ed581c5f8e,
"Combining Artificial Intelligence with Physics-Based Methods for Probabilistic Renewable Energy Forecasting",10.3390/en13081979,Energies,2020-04-16T00:00:00+00:00,1,https://doi.org/10.3390/en13081979,wmo,"World Meteorological Organization","Integrated Weather and Climate Services in Support of Net Zero Energy Transition",2023-03-16,"Public Sector",IGO,"International Body; IGO Department or Agency; Policy Centre; Research Centre; Professional Network, Association, Union or Cooperative",IGO,https://library.wmo.int/records/item/66273-integrated-weather-and-climate-services-in-support-of-net-zero-energy-transition,https://app.overton.io/document.php?policy_document_id=wmo-5adf5f16a78e32a2473043a2ea6e75ac,"Kuwait Institute for Scientific Research; Kuwait Institute for Scientific Research; National Center for Atmospheric Research; National Science Foundation"
"Public Preferences in a Shifting Energy Future: Comparing Public Views of Eight Energy Sources in North America’s Pacific Northwest",10.3390/en13081940,Energies,2020-04-15T00:00:00+00:00,3,https://doi.org/10.3390/en13081940,ipcc,IPCC,"AR6 Climate Change 2021: Mitigation of Climate Change",2022-03-08,"Public Sector",IGO,"International Body; Arm's Length Body; Committee; Research Centre; Policy Centre",IGO,https://www.ipcc.ch/report/sixth-assessment-report-working-group-3/,https://app.overton.io/document.php?policy_document_id=ipcc-01dbc640e8794be751c4d0fa1ae8a5d0,"Oregon Sea Grant, Oregon State University; Oregon Sea Grant, Oregon State University; Oregon State University"
"Public Preferences in a Shifting Energy Future: Comparing Public Views of Eight Energy Sources in North America’s Pacific Northwest",10.3390/en13081940,Energies,2020-04-15T00:00:00+00:00,3,https://doi.org/10.3390/en13081940,unitednations,"United Nations","Climate Change 2022 : mitigation of climate change : Working Group III Contribution to the Sixth Assessment Report of the Intergovernmental Panel on Climate Change",2022-01-01,"Public Sector",IGO,"International Body; Top-Level Authority; IGO Department or Agency; Mixed Roles; Policy Centre",IGO,https://digitallibrary.un.org/record/4019730?ln=en,https://app.overton.io/document.php?policy_document_id=unitednations-db2f3e94f902a8cbafb28e4972536dbd,"Oregon Sea Grant, Oregon State University; Oregon Sea Grant, Oregon State University; Oregon State University"
"Public Preferences in a Shifting Energy Future: Comparing Public Views of Eight Energy Sources in North America’s Pacific Northwest",10.3390/en13081940,Energies,2020-04-15T00:00:00+00:00,3,https://doi.org/10.3390/en13081940,unitednations,"United Nations","Climate technology progress report 2024 :unleashing renewable energy for ambitious NDCs",2024-01-01,"Public Sector",IGO,"International Body; Top-Level Authority; IGO Department or Agency; Mixed Roles; Policy Centre",IGO,https://digitallibrary.un.org/record/4065169?ln=en,https://app.overton.io/document.php?policy_document_id=unitednations-fc2af588a52d54064f05b05523fd4549,"Oregon Sea Grant, Oregon State University; Oregon Sea Grant, Oregon State University; Oregon State University"
"Dynamics of energy consumption, real sector value added and growth in energy deficient economies",10.1108/ijesm-09-2019-0012,"International Journal of Energy Sector Management",2020-04-09T00:00:00+00:00,2,https://doi.org/10.1108/ijesm-09-2019-0012,aerckenya,"African Economic Research Consortium","Développement Sectoriel : Évaluation les Conditions qui Favorisent l'Emploi des Jeunes dans les Secteurs Clés de l'Économie Nigériane",2023-01-01,"Third Sector","Think Tank","Research Centre; Policy Centre",Kenya,https://publication.aercafricalibrary.org/items/a8086b32-d97b-41a9-8614-c050c2ee6031,https://app.overton.io/document.php?policy_document_id=aerckenya-33166370a8a0e47766ca8a1656fd8761,
"Dynamics of energy consumption, real sector value added and growth in energy deficient economies",10.1108/ijesm-09-2019-0012,"International Journal of Energy Sector Management",2020-04-09T00:00:00+00:00,2,https://doi.org/10.1108/ijesm-09-2019-0012,aerckenya,"African Economic Research Consortium","Sectoral Development: Assessing the Conditions that Drive Youth Employment in Key Sectors of the Nigerian Economy",2022-08-01,"Third Sector","Think Tank","Research Centre; Policy Centre",Kenya,https://publication.aercafricalibrary.org/items/369da8bb-5492-4e42-9eba-e8f0336ea5b0,https://app.overton.io/document.php?policy_document_id=aerckenya-a5f3333748797ded9e071b6e920c2662,
"Optimal Placement and Sizing of Wind Generators in AC Grids Considering Reactive Power Capability and Wind Speed Curves",10.3390/su12072983,Sustainability,2020-04-08T00:00:00+00:00,2,https://doi.org/10.3390/su12072983,europa,"Publications Office of the European Union","Global temporal power data collection : electricity load and power generation from solar and wind.",2022-12-22,"Public Sector",Government,"International Body; Public Data Body or Statistics; Archive; Public Service",EU,https://op.europa.eu/en/publication-detail/-/publication/0c3f977d-8be1-11ed-999b-01aa75ed71a1/language-en/format-PDF,https://app.overton.io/document.php?policy_document_id=europa-2ef180561db9d2c4e543320a71b8cf7a,
"Optimal Placement and Sizing of Wind Generators in AC Grids Considering Reactive Power Capability and Wind Speed Curves",10.3390/su12072983,Sustainability,2020-04-08T00:00:00+00:00,2,https://doi.org/10.3390/su12072983,jointresearcheu,"Joint Research Centre","Global temporal power data collection: electricity load and power generation from solar and wind",2022-12-21,"Public Sector",Government,"International Body; IGO Department or Agency; Research Centre; Policy Centre; Commission",EU,https://publications.jrc.ec.europa.eu/repository/handle/JRC129563,https://app.overton.io/document.php?policy_document_id=jointresearcheu-02249b09f8ccee065c6e9369a554242a,
"MFHS: A modular scheduling framework for heterogeneous system",10.1002/spe.2827,"Software: Practice and Experience",2020-04-07T00:00:00+00:00,1,https://doi.org/10.1002/spe.2827,governmentofalgeria,"Government of Algeria","Research Interest",2020-12-14,"Public Sector",Government,"National Body; Mixed Roles; Public Service",Algeria,https://services.mesrs.dz/nominations-new-site/ESTI-Bejaia-TARI.pdf,https://app.overton.io/document.php?policy_document_id=governmentofalgeria-2ff1d95556b3ec789264f5ba49229051,
"Energy-Saving Hot Open Die Forging Process of Heavy Steel Forgings on an Industrial Hydraulic Forging Press",10.3390/en13071620,Energies,2020-04-02T00:00:00+00:00,2,https://doi.org/10.3390/en13071620,europa,"Publications Office of the European Union","Greenhouse gas emission intensities of the steel, fertilisers, aluminium and cement industries in the EU and its main trading partners",2023-09-29,"Public Sector",Government,"International Body; Public Data Body or Statistics; Archive; Public Service",EU,https://op.europa.eu/en/publication-detail/-/publication/85cb6b79-60d7-11ee-9220-01aa75ed71a1/language-en/format-PDF,https://app.overton.io/document.php?policy_document_id=europa-e5ab139c3701b7bb0fd574f7fa30d3b8,
"Energy-Saving Hot Open Die Forging Process of Heavy Steel Forgings on an Industrial Hydraulic Forging Press",10.3390/en13071620,Energies,2020-04-02T00:00:00+00:00,2,https://doi.org/10.3390/en13071620,jointresearcheu,"Joint Research Centre","Greenhouse gas emission intensities of the steel, fertilisers, aluminium and cement industries in the EU and its main trading partners",2023-09-14,"Public Sector",Government,"International Body; IGO Department or Agency; Research Centre; Policy Centre; Commission",EU,https://publications.jrc.ec.europa.eu/repository/handle/JRC134682,https://app.overton.io/document.php?policy_document_id=jointresearcheu-bf42141d089dba0a2d51b33786ad655a,
"Impact of nuclear phase-out policy and energy balance in 2029 based on the 8th Basic Plan for long-term electricity supply and demand in South Korea",10.1016/j.rser.2020.109723,"Renewable and Sustainable Energy Reviews",2020-04-01T00:00:00+00:00,1,https://doi.org/10.1016/j.rser.2020.109723,sipri,SIPRI,"Navigating a Just and Peaceful Transition: Environment of Peace (Part 3)",2022-12-01,"Third Sector","Think Tank","Research Centre",Sweden,https://www.sipri.org/publications/2022/policy-reports/navigating-just-and-peaceful-transition-environment-peace-part-3,https://app.overton.io/document.php?policy_document_id=sipri-b6a7fa47d9ac7692367533efa7eda7ea,
"Utilizing the flexibility of distributed thermal storage in solar power forecast error cost minimization",10.1016/j.est.2020.101202,"Journal of Energy Storage",2020-04-01T00:00:00+00:00,2,https://doi.org/10.1016/j.est.2020.101202,strategisentutkimuksenneuvosto,"Strategisen tutkimuksen neuvosto","Investoinneilla kestävää kasvua ja hyvinvointia teknologiamurroksista",2021-10-05,"Public Sector",Government,"National Body; Arm's Length Body; Research Council; Policy Centre; Monitoring or Regulatory Body",Finland,https://www.aka.fi/globalassets/3-stn/1-strateginen-tutkimus/tiedon-kayttajalle/politiikkasuositukset/politiikkasuositukset/21_10_investoinneilla_kestavaa_kasvua_ja_hyvinvointia_teknologiamurroksista.pdf,https://app.overton.io/document.php?policy_document_id=strategisentutkimuksenneuvosto-418c1a9aa468f03580216f467dccc616,"Academy of Finland; Academy of Finland; Academy of Finland Strategic Research Council; Yrjö Jahnssonin Säätiö; Yrjö Jahnssonin Säätiö"
"Utilizing the flexibility of distributed thermal storage in solar power forecast error cost minimization",10.1016/j.est.2020.101202,"Journal of Energy Storage",2020-04-01T00:00:00+00:00,2,https://doi.org/10.1016/j.est.2020.101202,strategisentutkimuksenneuvosto,"Strategisen tutkimuksen neuvosto","Hiilineutraalisuuden toteutuminen edellyttää uusiutuvaan energiaan yhdistyvää joustavuutta",2020-11-27,"Public Sector",Government,"National Body; Arm's Length Body; Research Council; Policy Centre; Monitoring or Regulatory Body",Finland,https://www.aka.fi/globalassets/3-stn/1-strateginen-tutkimus/tiedon-kayttajalle/politiikkasuositukset/politiikkasuositukset/20_12_hiilineutraalisuuden_toteutuminen_edellyttaa_joustavuutta.pdf,https://app.overton.io/document.php?policy_document_id=strategisentutkimuksenneuvosto-f1cd59acf26d5fc25b034acb79f5380c,"Academy of Finland; Academy of Finland; Academy of Finland Strategic Research Council; Yrjö Jahnssonin Säätiö; Yrjö Jahnssonin Säätiö"
"A transdisciplinary modeling framework for the participatory design of dynamic adaptive policy pathways",10.1016/j.enpol.2020.111350,"Energy Policy",2020-04-01T00:00:00+00:00,3,https://doi.org/10.1016/j.enpol.2020.111350,bruegel,Bruegel,"Perspective of comprehensive and comprehensible multi-model energy and climate science in Europe",2020-11-05,"Third Sector","Think Tank","Research Centre; Policy Centre",Belgium,https://www.bruegel.org/2020/11/perspective-of-comprehensive-and-comprehensible-multi-model-energy-and-climate-science-in-europe/,https://app.overton.io/document.php?policy_document_id=bruegel-8b3ab12c4b585a501b968d6e3f41d0bd,"European Institute of Innovation and Technology; Horizon 2020 Framework Programme; Horizon 2020 Framework Programme for Research and Innovation"
"A transdisciplinary modeling framework for the participatory design of dynamic adaptive policy pathways",10.1016/j.enpol.2020.111350,"Energy Policy",2020-04-01T00:00:00+00:00,3,https://doi.org/10.1016/j.enpol.2020.111350,nzclimatechangecom,"He Pou a Rangi","Contents lists available at",2026-03-23,"Public Sector",Government,"National Body; Arm's Length Body; Commission; Research Centre; Policy Centre","New Zealand",https://haveyoursay.climatecommission.govt.nz/comms-and-engagement/call-for-evidence-nccra2026/consultation/download_public_attachment?sqId=question-2024-11-05-1700211279-publishablefilesubquestion-1730779287-08&uuId=73364503,https://app.overton.io/document.php?policy_document_id=nzclimatechangecom-ae67584f4fc9b68d84e71839714e886f,"European Institute of Innovation and Technology; Horizon 2020 Framework Programme; Horizon 2020 Framework Programme for Research and Innovation"
"A transdisciplinary modeling framework for the participatory design of dynamic adaptive policy pathways",10.1016/j.enpol.2020.111350,"Energy Policy",2020-04-01T00:00:00+00:00,3,https://doi.org/10.1016/j.enpol.2020.111350,primarynz,"New Zealand Ministry for Primary Industries","Participatory Pathways for Primary Industries: Climate-change adaptation to reduce risk and realise opportunities",2026-01-06,"Public Sector",Government,"National Body; Government Department","New Zealand",https://www.mpi.govt.nz/dmsdocument/71046-Participatory-Pathways-for-Primary-Industries-Climate-change-adaptation-to-reduce-risk-and-realise-opportunities,https://app.overton.io/document.php?policy_document_id=primarynz-9d04dff261aa7fc9584ab58a83130942,"European Institute of Innovation and Technology; Horizon 2020 Framework Programme; Horizon 2020 Framework Programme for Research and Innovation"
"Assessing the impact of climate change on building heating and cooling energy demand in Canada",10.1016/j.rser.2019.109681,"Renewable and Sustainable Energy Reviews",2020-04-01T00:00:00+00:00,1,https://doi.org/10.1016/j.rser.2019.109681,ministrukabinets,"Government of Latvia","Pielāgošanās un klimata pārmaiņu negatīvo seku mazināšanas prakse un iespējas ēku energoefektivitātes un renovācijas jomā Latvijā",2021-06-11,"Public Sector",Government,"National Body; Mixed Roles; Public Service",Latvia,https://ppdb.mk.gov.lv/wp-content/uploads/2021/05/Eku_energoefektivitate_PETIJUMS2.pdf,https://app.overton.io/document.php?policy_document_id=ministrukabinets-14fc3ce64e97c7c44c6cf99f13eb9f6c,"Agriculture and Agri-Food Canada; MRIS; Natural Sciences and Engineering Research Council of Canada; Natural Sciences and Engineering Research Council of Canada; Ontario Ministry of Research, Innovation and Science"
"Residual load probabilistic forecast for reserve assessment: A real case study",10.1016/j.renene.2019.12.056,"Renewable Energy",2020-04-01T00:00:00+00:00,2,https://doi.org/10.1016/j.renene.2019.12.056,gpogov,"Government Publishing Office (GPO)","Best practices handbook for the collection and use of solar resource data for solar energy applications /",2021-04-27,"Public Sector",Government,"National Body; Mixed Roles; Public Service",USA,https://purl.fdlp.gov/GPO/gpo159181,https://app.overton.io/document.php?policy_document_id=gpogov-3c313ec9895cd781318e1be3383c1e3a,"ERDF); European Regional Development Fund; First Framework Programme"
"Residual load probabilistic forecast for reserve assessment: A real case study",10.1016/j.renene.2019.12.056,"Renewable Energy",2020-04-01T00:00:00+00:00,2,https://doi.org/10.1016/j.renene.2019.12.056,nrelosti,"National Renewable Energy Laboratory","Best Practices Handbook for the Collection and Use of Solar Resource Data for Solar Energy Applications: Third Edition",2021-04-14,"Public Sector",Government,"National Body; Arm's Length Body; Research Centre; Policy Centre",USA,https://www.osti.gov/biblio/1778700,https://app.overton.io/document.php?policy_document_id=nrelosti-781e1d9d807aeaeb96ec69e429eec984,"ERDF); European Regional Development Fund; First Framework Programme"
"Building as a virtual power plant, magnitude and persistence of deferrable loads and human comfort implications",10.1016/j.enbuild.2020.109794,"Energy and Buildings",2020-04-01T00:00:00+00:00,2,https://doi.org/10.1016/j.enbuild.2020.109794,ukparliament_select,"UK Parliament Select Committee Publications","OSE0021 - Technological innovations and climate change: onshore solar energy",2022-12-15,"Public Sector","Legislative Body","National Body; Parliament, Senate or Congress; Committee",UK,https://committees.parliament.uk/writtenevidence/113975/pdf/,https://app.overton.io/document.php?policy_document_id=ukparliament_select-aabfa5a29a0b3069d3d2b8d619285f5f,"EPSRC; EPSRC June 2021; Engineering and Physical Sciences Research Council"
"Building as a virtual power plant, magnitude and persistence of deferrable loads and human comfort implications",10.1016/j.enbuild.2020.109794,"Energy and Buildings",2020-04-01T00:00:00+00:00,2,https://doi.org/10.1016/j.enbuild.2020.109794,ukparliament_select,"UK Parliament Select Committee Publications","DHH0016 - Decarbonising heat in homes",2021-02-05,"Public Sector","Legislative Body","National Body; Parliament, Senate or Congress; Committee",UK,https://committees.parliament.uk/writtenevidence/14968/pdf/,https://app.overton.io/document.php?policy_document_id=ukparliament_select-e3ac5941c947bdc4425c458dfe1a365b,"EPSRC; EPSRC June 2021; Engineering and Physical Sciences Research Council"
"Temporal Convolutional Networks Applied to Energy-Related Time Series Forecasting",10.3390/app10072322,"Applied Sciences",2020-03-28T00:00:00+00:00,1,https://doi.org/10.3390/app10072322,boe,"Boletín Oficial del Estado","Comparativa de arquitecturas de redes neuronales para modelización de variables económicas",2022-03-21,"Public Sector",Government,"National Body; Public Service; Archive",Spain,https://cpage.mpr.gob.es/producto/comparativa-de-arquitecturas-de-redes-neuronales-para-modelizacion-de-variables-economicas/,https://app.overton.io/document.php?policy_document_id=boe-441cbad142ed4e7baa27f2f87d3bee32,"Junta de Andalucía; Ministerio de Economía y Competitividad"
"Demand Response in District Heating Market—Results of the Field Tests in Student Apartment Buildings",10.3390/smartcities3020009,"Smart Cities",2020-03-25T00:00:00+00:00,1,https://doi.org/10.3390/smartcities3020009,cordisbe,CORDIS,"HOLISTIC AND INTEGRATED URBAN MODEL FOR SMART CITIES",2024-10-16,"Public Sector",Government,"Public Data Body or Statistics; Archive; Public Service; Mixed Roles",EU,https://ec.europa.eu/research/participants/documents/downloadPublic?documentIds=080166e50ac9bec5&appId=PPGMS,https://app.overton.io/document.php?policy_document_id=cordisbe-1c4b21748fb87efbb9f0ab230959d5d1,"European Commission; European Commission; H2020_REST (Special project, May 2022); H2020_REST_ThirdPillar (Special project, May 2022); Horizon 2020 Framework Programme; Horizon 2020 Framework Programme"
"Vehicle Fuel Consumption Prediction Method Based on Driving Behavior Data Collected from Smartphones",10.1155/2020/9263605,"Journal of Advanced Transportation",2020-03-23T00:00:00+00:00,1,https://doi.org/10.1155/2020/9263605,govdeptsspain,"Government of Spain","Boletín De Documentación Del Transporte",2020-05-30,"Public Sector",Government,"National Body; Mixed Roles; Public Service",Spain,https://cvp.mitma.gob.es/downloadcustom/sample/1259,https://app.overton.io/document.php?policy_document_id=govdeptsspain-ca4342a6fcb70797cca5f42b07b4bc17,"Beijing University of Technology; National High-tech Research and Development Program; National Key R&D Program of China; National Natural Science Foundation of China; Natural Science Foundation of Beijing Municipality"
"Are the energy savings of the passive house standard reliable? A review of the as-built thermal and space heating performance of passive house dwellings from 1990 to 2018",10.1007/s12053-020-09855-7,"Energy Efficiency",2020-03-18T00:00:00+00:00,4,https://doi.org/10.1007/s12053-020-09855-7,climatexuk,ClimateXChange,"Whole building assessment in multi-owner and mixed-use buildings",2023-09-13,"Public Sector",Government,"Research Centre; Policy Centre",UK,https://www.climatexchange.org.uk/projects/whole-building-assessment-in-multi-owner-and-mixed-use-buildings/,https://app.overton.io/document.php?policy_document_id=climatexuk-7202dae406bca25cf0dd40b1917890a7,
"Are the energy savings of the passive house standard reliable? A review of the as-built thermal and space heating performance of passive house dwellings from 1990 to 2018",10.1007/s12053-020-09855-7,"Energy Efficiency",2020-03-18T00:00:00+00:00,4,https://doi.org/10.1007/s12053-020-09855-7,govuk,"The UK Government","Green Homes Grant (GHG) SMETER project evaluation",2025-09-04,"Public Sector",Government,"National Body; Mixed Roles; Public Service",UK,https://www.gov.uk/government/publications/green-homes-grant-ghg-smeter-project-evaluation,https://app.overton.io/document.php?policy_document_id=govuk-3089ef7bbb3e22613659ddbc7d813d9a,
"Are the energy savings of the passive house standard reliable? A review of the as-built thermal and space heating performance of passive house dwellings from 1990 to 2018",10.1007/s12053-020-09855-7,"Energy Efficiency",2020-03-18T00:00:00+00:00,4,https://doi.org/10.1007/s12053-020-09855-7,govuk,"The UK Government","Smart meter enabled thermal efficiency ratings (SMETER) technologies project: technical evaluation",2022-01-27,"Public Sector",Government,"National Body; Mixed Roles; Public Service",UK,https://www.gov.uk/government/publications/smart-meter-enabled-thermal-efficiency-ratings-smeter-technologies-project-technical-evaluation,https://app.overton.io/document.php?policy_document_id=govuk-9d3348f994d375b24e715ffce792de6c,
"Are the energy savings of the passive house standard reliable? A review of the as-built thermal and space heating performance of passive house dwellings from 1990 to 2018",10.1007/s12053-020-09855-7,"Energy Efficiency",2020-03-18T00:00:00+00:00,4,https://doi.org/10.1007/s12053-020-09855-7,unitednations,"United Nations","Long-term future trends and scenarios : impacts in the economic, social and environmental areas on the realization of the Sustainable Development Goals : report of the Secretary-General",2021-05-05,"Public Sector",IGO,"International Body; Top-Level Authority; IGO Department or Agency; Mixed Roles; Policy Centre",IGO,https://digitallibrary.un.org/record/3927759?ln=en,https://app.overton.io/document.php?policy_document_id=unitednations-d9c8bdd632e7475a79a618efbb3c8d80,
"Fast Calibrated Additive Quantile Regression",10.1080/01621459.2020.1725521,"Journal of the American Statistical Association",2020-03-11T00:00:00+00:00,3,https://doi.org/10.1080/01621459.2020.1725521,europa,"Publications Office of the European Union","Indicators to support the soil perspectives of the Common Agricultural Policy (CAP).",2023-02-08,"Public Sector",Government,"International Body; Public Data Body or Statistics; Archive; Public Service",EU,https://op.europa.eu/en/publication-detail/-/publication/68473e88-ab56-11ed-b508-01aa75ed71a1/language-en/format-PDF,https://app.overton.io/document.php?policy_document_id=europa-ad21cba1f43b952e2294d851229731ae,"EPSRC; EPSRC June 2021; Engineering and Physical Sciences Research Council; UKRI (Special project, May 2022)"
"Fast Calibrated Additive Quantile Regression",10.1080/01621459.2020.1725521,"Journal of the American Statistical Association",2020-03-11T00:00:00+00:00,3,https://doi.org/10.1080/01621459.2020.1725521,imf,"International Monetary Fund","Modeling the Reserve Demand to Facilitate Central Bank Operations",2023-09-01,"Public Sector",IGO,"International Body; Financial Institution or Bank; Development Bank; Policy Centre",IGO,https://elibrary.imf.org/view/journals/001/2023/179/001.2023.issue-179-en.xml,https://app.overton.io/document.php?policy_document_id=imf-f083499145ec4b9a6b8c81627ba0a8a3,"EPSRC; EPSRC June 2021; Engineering and Physical Sciences Research Council; UKRI (Special project, May 2022)"
"Fast Calibrated Additive Quantile Regression",10.1080/01621459.2020.1725521,"Journal of the American Statistical Association",2020-03-11T00:00:00+00:00,3,https://doi.org/10.1080/01621459.2020.1725521,jointresearcheu,"Joint Research Centre","Indicators to support the soil perspectives of the Common Agricultural Policy (CAP)",2023-02-07,"Public Sector",Government,"International Body; IGO Department or Agency; Research Centre; Policy Centre; Commission",EU,https://publications.jrc.ec.europa.eu/repository/handle/JRC132234,https://app.overton.io/document.php?policy_document_id=jointresearcheu-e5d04298f3cbe3132e133135bbf9d635,"EPSRC; EPSRC June 2021; Engineering and Physical Sciences Research Council; UKRI (Special project, May 2022)"
"Economic Complexity and the Mediating Effects of Income Inequality: Reaching Sustainable Development in Developing Countries",10.3390/su12052089,Sustainability,2020-03-09T00:00:00+00:00,1,https://doi.org/10.3390/su12052089,unuwider,"United Nations University World Institute for Development Economics Research","Inequality and productive structure",2023-01-24,"Public Sector","Think Tank","Research Centre; Policy Centre",Finland,https://www.wider.unu.edu/publication/inequality-and-productive-structure,https://app.overton.io/document.php?policy_document_id=unuwider-d1c38114febe461ff1ec8ead81edad65,
"The effect of switching renewable energy support systems on grid parity for photovoltaics: Analysis using a learning curve model",10.1016/j.enpol.2019.111233,"Energy Policy",2020-03-01T00:00:00+00:00,2,https://doi.org/10.1016/j.enpol.2019.111233,keikr,"Korea Environment Institute","기후위기 대응을 위한 적응 및 감축 중장기 연구방향",2023-01-01,"Public Sector","Think Tank","National Body; Research Centre; Policy Centre","South Korea",https://www.nkis.re.kr/subject_view1.do?otcCd=RO&otcNm=수시연구보고서&otpId=OTP_0000000000012262&otpSeq=0&eoSeq=&currentPage=3&searchSelect=&searchWord=&returnPage=newest_list.do&schLclaScsId=&pblYy=&agcNms=한국환경연구원&listPerPage=50,https://app.overton.io/document.php?policy_document_id=keikr-5b75fc8c7328fda1f7771701f8d50e3f,
"The effect of switching renewable energy support systems on grid parity for photovoltaics: Analysis using a learning curve model",10.1016/j.enpol.2019.111233,"Energy Policy",2020-03-01T00:00:00+00:00,2,https://doi.org/10.1016/j.enpol.2019.111233,keikr,"Korea Environment Institute","기후위기 대응을 위한 적응 및 감축 중장기 연구방향",2023-01-01,"Public Sector","Think Tank","National Body; Research Centre; Policy Centre","South Korea",https://www.nkis.re.kr/subject_view1.do?otpId=OTP_0000000000012262,https://app.overton.io/document.php?policy_document_id=keikr-ab08ebea91fc8f9222178b63f661fa87,
"Internal Model Based Smooth Transition of a Three-Phase Inverter Between Islanded and Grid-Connected Modes",10.1109/tec.2019.2936479,"IEEE Transactions on Energy Conversion",2020-03-01T00:00:00+00:00,1,https://doi.org/10.1109/tec.2019.2936479,gpogov,"Government Publishing Office (GPO)","Internal model-based active damping strategy for a back-to-back modular multilevel converter system for advanced grid support /",2022-03-25,"Public Sector",Government,"National Body; Mixed Roles; Public Service",USA,https://purl.fdlp.gov/GPO/gpo244845,https://app.overton.io/document.php?policy_document_id=gpogov-3708414579df64eb9113c3c5a31eec17,
"Statistical proxy modeling for life cycle assessment and energetic analysis",10.1016/j.energy.2019.116882,Energy,2020-03-01T00:00:00+00:00,5,https://doi.org/10.1016/j.energy.2019.116882,california_state_agencies,"State of California","Oil Production Greenhouse Gas Emissions Estimator User Guide and Documentation",2021-07-16,"Public Sector",Government,"Regional or State Level Body; Mixed Roles; Public Service",USA,https://ww2.arb.ca.gov/sites/default/files/2021-08/OPGEE_v3.0_documentation_interim_8-13-21.pdf,https://app.overton.io/document.php?policy_document_id=california_state_agencies-75431bbe9bf6cefb2c1c98fc6ed7fc8f,
"Statistical proxy modeling for life cycle assessment and energetic analysis",10.1016/j.energy.2019.116882,Energy,2020-03-01T00:00:00+00:00,5,https://doi.org/10.1016/j.energy.2019.116882,california_state_agencies,"State of California","Global Climate Impacts of Crude Oil Production: Snapshot and Dynamic Analysis",2020-10-13,"Public Sector",Government,"Regional or State Level Body; Mixed Roles; Public Service",USA,https://ww2.arb.ca.gov/sites/default/files/2020-10/101420presentation_stanford_opgee.pdf,https://app.overton.io/document.php?policy_document_id=california_state_agencies-d3a255559131342a37f04c200601bea6,
"Statistical proxy modeling for life cycle assessment and energetic analysis",10.1016/j.energy.2019.116882,Energy,2020-03-01T00:00:00+00:00,5,https://doi.org/10.1016/j.energy.2019.116882,california_state_agencies,"State of California","Oil Production Greenhouse Gas Emissions Estimator OPGEE v3.0b",2022-04-20,"Public Sector",Government,"Regional or State Level Body; Mixed Roles; Public Service",USA,https://ww2.arb.ca.gov/sites/default/files/classic/fuels/lcfs/lcfs_meetings/opgee-3-model-documents.pdf,https://app.overton.io/document.php?policy_document_id=california_state_agencies-efd4895dd55bac4bedbb372f71a25443,
"Statistical proxy modeling for life cycle assessment and energetic analysis",10.1016/j.energy.2019.116882,Energy,2020-03-01T00:00:00+00:00,5,https://doi.org/10.1016/j.energy.2019.116882,california_state_agencies,"State of California","OPGEE v3.0b",2022-06-15,"Public Sector",Government,"Regional or State Level Body; Mixed Roles; Public Service",USA,https://ww2.arb.ca.gov/sites/default/files/classic/fuels/lcfs/crude-oil/opgee_v3.0b_methodology.pdf,https://app.overton.io/document.php?policy_document_id=california_state_agencies-fdf7582ca64921ca4ca8bf919592906c,
"Statistical proxy modeling for life cycle assessment and energetic analysis",10.1016/j.energy.2019.116882,Energy,2020-03-01T00:00:00+00:00,5,https://doi.org/10.1016/j.energy.2019.116882,california_state_agencies,"State of California","OPGEE v3.0a candidate model versus OPGEE v2.0c",2021-08-06,"Public Sector",Government,"Regional or State Level Body; Mixed Roles; Public Service",USA,http://ww2.arb.ca.gov/sites/default/files/2021-08/Brandt_OPGEE_Workshop_2021_Aug_10.pdf,https://app.overton.io/document.php?policy_document_id=california_state_agencies-fe3c0d356a57791c4c2fe7f9e4cb890f,
"Enhanced Power Capability of Generator Units for Increased Operational Security Using NMPC",10.1109/tpwrs.2019.2944673,"IEEE Transactions on Power Systems",2020-03-01T00:00:00+00:00,1,https://doi.org/10.1109/tpwrs.2019.2944673,kudosno,"Kunnskapsdokumenter i offentlig sektor (KUDOS)","Evaluation of mathematics, ICT and technology 2023-2025, March 2025",2025-03-01,"Public Sector",Government,"National Body; Initiative, Programme or Project; Policy Centre; Archive; Public Data Body or Statistics",Norway,https://kudos.dfo.no/dokument/e0f47d30-ee1f-4b9a-afa9-1261f14f67f9,https://app.overton.io/document.php?policy_document_id=kudosno-387b99e58c3f02593b65ef74319b5c31,
"Modeling Electrical Grid Resilience Under Hurricane Wind Conditions With Increased Solar and Wind Power Generation",10.1109/tpwrs.2019.2942279,"IEEE Transactions on Power Systems",2020-03-01T00:00:00+00:00,1,https://doi.org/10.1109/tpwrs.2019.2942279,gpogov,"Government Publishing Office (GPO)","Simulating impacts of extreme events on grids with high penetrations of wind power resources : preprint /",2021-08-13,"Public Sector",Government,"National Body; Mixed Roles; Public Service",USA,https://purl.fdlp.gov/GPO/gpo247091,https://app.overton.io/document.php?policy_document_id=gpogov-49ff4600a01c5fa232edfd3e7c835561,
"Techno-economic analysis of low impact solar brackish water desalination system in the Brazilian Semiarid region",10.1016/j.jclepro.2019.119255,"Journal of Cleaner Production",2020-03-01T00:00:00+00:00,1,https://doi.org/10.1016/j.jclepro.2019.119255,finnishgovernment,"Government of Finland","Valto: The Role of Geospatial Data in Data Economy",2023-09-01,"Public Sector",Government,"National Body; Mixed Roles",Finland,http://julkaisut.valtioneuvosto.fi/handle/10024/165129,https://app.overton.io/document.php?policy_document_id=finnishgovernment-c5bb80cd67a8c37529f08ae51fd42a9a,"Global Affairs Canada; Global Affairs Canada; University of Guelph; University of Guelph"
"Saskatchewan’s energy future: Risk and pathways analysis",10.1016/j.eist.2020.01.010,"Environmental Innovation and Societal Transitions",2020-03-01T00:00:00+00:00,1,https://doi.org/10.1016/j.eist.2020.01.010,spica,"Smart Prosperity Institute","Governing through electric vehicle uncertainty",2022-01-19,"Third Sector","Think Tank","Research Centre",Canada,https://institute.smartprosperity.ca/publications/electric-vehicle,https://app.overton.io/document.php?policy_document_id=spica-c6525f463328c5c2a46dfac4f93de4f0,"Environmental Studies Research Funds; SSHRC (Special project, May 2022); Social Sciences and Humanities Research Council of Canada"
"Exploring the potential of carbon capture and storage-enhanced oil recovery as a mitigation strategy in the Colombian oil industry",10.1016/j.ijggc.2019.102938,"International Journal of Greenhouse Gas Control",2020-03-01T00:00:00+00:00,4,https://doi.org/10.1016/j.ijggc.2019.102938,adelphi,Adelphi,"Australian e-SAF for the German Aviation Sector",2025-09-10,"Third Sector","Think Tank","Research Centre; Policy Centre",Germany,https://adelphi.de/en/publications/australian-e-saf-for-the-german-aviation-sector,https://app.overton.io/document.php?policy_document_id=adelphi-015c9b19a79df82c24b48a84b3fa7391,Ecopetrol
"Exploring the potential of carbon capture and storage-enhanced oil recovery as a mitigation strategy in the Colombian oil industry",10.1016/j.ijggc.2019.102938,"International Journal of Greenhouse Gas Control",2020-03-01T00:00:00+00:00,4,https://doi.org/10.1016/j.ijggc.2019.102938,governmentofcolombia,"Government of Colombia","CONVENIO DE COOPERACION INTERNACIONAL GGC No. 632 de 2021 CELEBRADO ENTRE EL MINISTERIO DE MINAS Y ENERGIA Y CENTRO INTERNACIONAL DE AGRICULTURA TROPICAL (CIAT)",2022-08-12,"Public Sector",Government,"National Body; Mixed Roles; Public Service",Colombia,https://pigccme.minenergia.gov.co/public/uploads/web_documentos/62f6ae2bd4740.pdf,https://app.overton.io/document.php?policy_document_id=governmentofcolombia-6fcce74f73d8b8a8d971d54e70509e1d,Ecopetrol
"Exploring the potential of carbon capture and storage-enhanced oil recovery as a mitigation strategy in the Colombian oil industry",10.1016/j.ijggc.2019.102938,"International Journal of Greenhouse Gas Control",2020-03-01T00:00:00+00:00,4,https://doi.org/10.1016/j.ijggc.2019.102938,iadb,"Inter-American Development Bank","Cero emisiones netas en los Andes: descarbonización de los sectores del plástico, textil, automotriz y pesquero en Colombia, Ecuador y Perú",2023-09-01,"Public Sector",IGO,"International Body; Financial Institution or Bank; Development Bank; Policy Centre",IGO,https://publications.iadb.org/es/cero-emisiones-netas-en-los-andes-descarbonizacion-de-los-sectores-del-plastico-textil-automotriz-y,https://app.overton.io/document.php?policy_document_id=iadb-152b6f5ec2fae9b17599d361a5813af2,Ecopetrol
"Exploring the potential of carbon capture and storage-enhanced oil recovery as a mitigation strategy in the Colombian oil industry",10.1016/j.ijggc.2019.102938,"International Journal of Greenhouse Gas Control",2020-03-01T00:00:00+00:00,4,https://doi.org/10.1016/j.ijggc.2019.102938,iadb,"Inter-American Development Bank","Net-Zero Industry: Options for Plastics, Textiles, Automobiles, and Fisheries in Colombia, Ecuador, and Peru",2023-09-01,"Public Sector",IGO,"International Body; Financial Institution or Bank; Development Bank; Policy Centre",IGO,https://publications.iadb.org/en/net-zero-industry-options-plastics-textiles-automobiles-and-fisheries-colombia-ecuador-and-peru,https://app.overton.io/document.php?policy_document_id=iadb-2cc7f1789ecb5021ce8194a3330225a6,Ecopetrol
"Avoiding snow and ice accretion on building integrated photovoltaics – challenges, strategies, and opportunities",10.1016/j.solmat.2019.110306,"Solar Energy Materials and Solar Cells",2020-03-01T00:00:00+00:00,1,https://doi.org/10.1016/j.solmat.2019.110306,sintefno,SINTEF,"Bruk av bygningsintegrerte solceller (BIPV) i Norge. Kunnskapsstatus",2021-01-01,"Private Sector","Think Tank","Research Centre; Policy Centre",Norway,https://nva.sikt.no/registration/0198cc69dfb3-7672fa24-9042-4113-b8e0-28eca086ffd7,https://app.overton.io/document.php?policy_document_id=sintefno-9ccd824b462b4a0c2acfe152deb95446,"Norges Forskningsråd; Research Council of Norway; “Building Integrated Photovoltaics for Norway”"
"The effect of complementarity between solar, wind and tidal energy in isolated hybrid microgrids",10.1016/j.renene.2019.08.134,"Renewable Energy",2020-03-01T00:00:00+00:00,1,https://doi.org/10.1016/j.renene.2019.08.134,europa,"Publications Office of the European Union","Support study for the evaluation of the development of ocean energy policies : final report.",2021-08-31,"Public Sector",Government,"International Body; Public Data Body or Statistics; Archive; Public Service",EU,https://op.europa.eu/en/publication-detail/-/publication/5bb8a1f6-0ace-11ec-adb1-01aa75ed71a1/language-en/format-PDF,https://app.overton.io/document.php?policy_document_id=europa-c684eb0f415049253081876f06dd21d6,"Conselho Nacional de Desenvolvimento Científico e Tecnológico; Coordenação de Aperfeiçoamento de Pessoal de Nível Superior; Coordination for the Improvement of Higher Education Personnel – Brasil; Foundation for Research and Scientific and Technological Development of Maranhão; Fundação de Amparo à Pesquisa e ao Desenvolvimento Científico e Tecnológico do Maranhão; National Council for Scientific and Technological Development; National Institute of Science & Technology in Ocean and Fluvial Energies"
"Improved day ahead heating demand forecasting by online correction methods",10.1016/j.enbuild.2020.109821,"Energy and Buildings",2020-03-01T00:00:00+00:00,2,https://doi.org/10.1016/j.enbuild.2020.109821,irena,"International Renewable Energy Agency","Innovation landscape for smart electrification",2023-06-20,"Public Sector",IGO,"International Body; IGO Department or Agency; Policy Centre; Monitoring or Regulatory Body; Research Centre",IGO,https://www.irena.org/Publications/2023/Jun/Innovation-landscape-for-smart-electrification,https://app.overton.io/document.php?policy_document_id=irena-0aa3c488c6381d771287fb7a20ecc696,"Innosuisse - Schweizerische Agentur für Innovationsförderung; Innosuisse - Schweizerische Agentur für Innovationsförderung"
"Improved day ahead heating demand forecasting by online correction methods",10.1016/j.enbuild.2020.109821,"Energy and Buildings",2020-03-01T00:00:00+00:00,2,https://doi.org/10.1016/j.enbuild.2020.109821,irena,"International Renewable Energy Agency",面向智能电气化的创新全景：利用可再生能源实现终端用能部门低碳化,2023-06-20,"Public Sector",IGO,"International Body; IGO Department or Agency; Policy Centre; Monitoring or Regulatory Body; Research Centre",IGO,https://www.irena.org/Publications/2023/Jun/Innovation-landscape-for-smart-electrification-ZH,https://app.overton.io/document.php?policy_document_id=irena-d689889ee62ed5e87c9a01ade7584e4c,"Innosuisse - Schweizerische Agentur für Innovationsförderung; Innosuisse - Schweizerische Agentur für Innovationsförderung"
"US natural gas consumption prediction using an improved kernel-based nonlinear extension of the Arps decline model",10.1016/j.energy.2020.116905,Energy,2020-03-01T00:00:00+00:00,1,https://doi.org/10.1016/j.energy.2020.116905,illinoisgov,"State of Illinois","Carbon dioxide transport via pipelines: A systematic review",2020-06-15,"Public Sector",Government,"Regional or State Level Body; Mixed Roles; Public Service",USA,https://www.icc.illinois.gov/docket/P2023-0708/documents/349859/files/611621.pdf,https://app.overton.io/document.php?policy_document_id=illinoisgov-6a85fd56254125ecbc65d00a9fa598c5,"China Scholarship Council; China Scholarship Council; Humanities and Social Science Fund of Ministry of Education of China; Ministry of Education of the People's Republic of China; Ministry of Education of the People's Republic of China; National Natural Science Foundation of China; National Natural Science Foundation of China; Southwest Petroleum University; Southwest Petroleum University; State Key Laboratory of Oil and Gas Reservoir Geology and Exploitation; State Key Laboratory of Oil and Gas Reservoir Geology and Exploitation"
"A systematic review of motivations, enablers and barriers for consumer engagement with residential demand response",10.1016/j.enpol.2019.111221,"Energy Policy",2020-03-01T00:00:00+00:00,8,https://doi.org/10.1016/j.enpol.2019.111221,csagca,"Canadian Standards Association Group (CSA)","Energy Behaviour Programs: Analysis and Strategic Recommendations",2025-01-20,"Third Sector","Think Tank","Research Centre; Monitoring or Regulatory Body; Policy Centre",Canada,https://www.csagroup.org/article/energy-behaviour-programs-analysis-and-strategic-recommendations,https://app.overton.io/document.php?policy_document_id=csagca-fad22895abfad529e9775c0788fe4406,"Biotechnology and Biological Sciences Research Council; Department for Business, Energy and Industrial Strategy, UK Government; Economic and Social Research Council; Government of the United Kingdom; UK Economic and Social Research Council (ESRC); UK Government Department for Business, Energy and Industrial Strategy; UKRI (Special project, May 2022)"
"A systematic review of motivations, enablers and barriers for consumer engagement with residential demand response",10.1016/j.enpol.2019.111221,"Energy Policy",2020-03-01T00:00:00+00:00,8,https://doi.org/10.1016/j.enpol.2019.111221,epaireland,"Irish Environmental Protection Agency","Gap Analysis on Behavioural Research Related to Climate Policy and Interventions",2025-07-08,"Public Sector",Government,"National Body; Government Agency; Research Centre; Policy Centre; Monitoring or Regulatory Body",Ireland,https://www.epa.ie/publications/monitoring--assessment/climate-change/EPA-BI-Series-No-2-(2024)-Gap-Analysis-on-Behavioural-Research-Related-to-Climate-Policy-and-Interventions-(V2).pdf,https://app.overton.io/document.php?policy_document_id=epaireland-c545c20970ccfb90438c651540301334,"Biotechnology and Biological Sciences Research Council; Department for Business, Energy and Industrial Strategy, UK Government; Economic and Social Research Council; Government of the United Kingdom; UK Economic and Social Research Council (ESRC); UK Government Department for Business, Energy and Industrial Strategy; UKRI (Special project, May 2022)"
"A systematic review of motivations, enablers and barriers for consumer engagement with residential demand response",10.1016/j.enpol.2019.111221,"Energy Policy",2020-03-01T00:00:00+00:00,8,https://doi.org/10.1016/j.enpol.2019.111221,grantham,"Grantham Institute","Consumer-driven virtual power plants: A field experiment on the adoption and use of prosocial technology - Grantham Research Institute on climate change and the environment",2020-09-14,"Third Sector","Think Tank","Research Centre; Policy Centre",UK,https://www.lse.ac.uk/granthaminstitute/publication/consumer-driven-virtual-power-plants-a-field-experiment-on-the-adoption-and-use-of-prosocial-technology/,https://app.overton.io/document.php?policy_document_id=grantham-c2ed6d7549af013a69e7ad5f26ec26d4,"Biotechnology and Biological Sciences Research Council; Department for Business, Energy and Industrial Strategy, UK Government; Economic and Social Research Council; Government of the United Kingdom; UK Economic and Social Research Council (ESRC); UK Government Department for Business, Energy and Industrial Strategy; UKRI (Special project, May 2022)"
"A systematic review of motivations, enablers and barriers for consumer engagement with residential demand response",10.1016/j.enpol.2019.111221,"Energy Policy",2020-03-01T00:00:00+00:00,8,https://doi.org/10.1016/j.enpol.2019.111221,igcuk,"International Growth Centre","Shifting household power demand across time: Incentives and automation",2025-03-03,"Third Sector","Think Tank","Research Centre; Policy Centre",UK,https://www.theigc.org/publications/shifting-household-power-demand-across-time-incentives-and-automation,https://app.overton.io/document.php?policy_document_id=igcuk-301d99ed1d35fad37c5cac6d6557eb6b,"Biotechnology and Biological Sciences Research Council; Department for Business, Energy and Industrial Strategy, UK Government; Economic and Social Research Council; Government of the United Kingdom; UK Economic and Social Research Council (ESRC); UK Government Department for Business, Energy and Industrial Strategy; UKRI (Special project, May 2022)"
"A systematic review of motivations, enablers and barriers for consumer engagement with residential demand response",10.1016/j.enpol.2019.111221,"Energy Policy",2020-03-01T00:00:00+00:00,8,https://doi.org/10.1016/j.enpol.2019.111221,igcuk,"International Growth Centre","Leveraging automated demand response for the clean energy transition: Evidence from urban India",2024-10-01,"Third Sector","Think Tank","Research Centre; Policy Centre",UK,https://www.theigc.org/publications/leveraging-automated-demand-response-clean-energy-transition-evidence-urban-india,https://app.overton.io/document.php?policy_document_id=igcuk-db186a60be2796ad7bcac1b9e7117121,"Biotechnology and Biological Sciences Research Council; Department for Business, Energy and Industrial Strategy, UK Government; Economic and Social Research Council; Government of the United Kingdom; UK Economic and Social Research Council (ESRC); UK Government Department for Business, Energy and Industrial Strategy; UKRI (Special project, May 2022)"
"A systematic review of motivations, enablers and barriers for consumer engagement with residential demand response",10.1016/j.enpol.2019.111221,"Energy Policy",2020-03-01T00:00:00+00:00,8,https://doi.org/10.1016/j.enpol.2019.111221,imf,"International Monetary Fund","The Economics of Decarbonizing Electricity Production",2024-10-04,"Public Sector",IGO,"International Body; Financial Institution or Bank; Development Bank; Policy Centre",IGO,https://elibrary.imf.org/view/journals/001/2024/213/001.2024.issue-213-en.xml,https://app.overton.io/document.php?policy_document_id=imf-83987fda403a36ef43e9a44186acaccc,"Biotechnology and Biological Sciences Research Council; Department for Business, Energy and Industrial Strategy, UK Government; Economic and Social Research Council; Government of the United Kingdom; UK Economic and Social Research Council (ESRC); UK Government Department for Business, Energy and Industrial Strategy; UKRI (Special project, May 2022)"
"A systematic review of motivations, enablers and barriers for consumer engagement with residential demand response",10.1016/j.enpol.2019.111221,"Energy Policy",2020-03-01T00:00:00+00:00,8,https://doi.org/10.1016/j.enpol.2019.111221,provinceofquebec,"Province of Québec","Donnant le pouvoir aux communautés pour la transition énergétique du Québec",2023-09-05,"Public Sector",Government,"Regional or State Level Body; Mixed Roles; Public Service",Canada,https://cdn-contenu.quebec.ca/cdn-contenu/adm/org/comite-consultatif-changements-climatiques/autres-documents/bourse/osman-mohamed.pdf,https://app.overton.io/document.php?policy_document_id=provinceofquebec-af450037947d69ec1eafe13b4be7fefa,"Biotechnology and Biological Sciences Research Council; Department for Business, Energy and Industrial Strategy, UK Government; Economic and Social Research Council; Government of the United Kingdom; UK Economic and Social Research Council (ESRC); UK Government Department for Business, Energy and Industrial Strategy; UKRI (Special project, May 2022)"
"A systematic review of motivations, enablers and barriers for consumer engagement with residential demand response",10.1016/j.enpol.2019.111221,"Energy Policy",2020-03-01T00:00:00+00:00,8,https://doi.org/10.1016/j.enpol.2019.111221,ukparliament,"UK Parliament Research Briefings","Energy sector digitalisation","an unknown date","Public Sector","Legislative Body","National Body; Parliament, Senate or Congress; Research Centre",UK,https://post.parliament.uk/research-briefings/post-pn-0655/,https://app.overton.io/document.php?policy_document_id=ukparliament-23e28518c701e9af4761b66eea24ea53,"Biotechnology and Biological Sciences Research Council; Department for Business, Energy and Industrial Strategy, UK Government; Economic and Social Research Council; Government of the United Kingdom; UK Economic and Social Research Council (ESRC); UK Government Department for Business, Energy and Industrial Strategy; UKRI (Special project, May 2022)"
"Differences in CO2 emissions of solar PV production among technologies and regions: Application to China, EU and USA",10.1016/j.enpol.2019.111234,"Energy Policy",2020-03-01T00:00:00+00:00,8,https://doi.org/10.1016/j.enpol.2019.111234,europa,"Publications Office of the European Union","European climate neutral industry competitiveness scoreboard (CINDECS) : annual report 2021.",2022-08-23,"Public Sector",Government,"International Body; Public Data Body or Statistics; Archive; Public Service",EU,https://op.europa.eu/en/publication-detail/-/publication/01827beb-235e-11ed-8fa0-01aa75ed71a1/language-en/format-PDF,https://app.overton.io/document.php?policy_document_id=europa-0a2a5b0e4fc5096ed3245a2d6b53ed7c,"ERC Advanced Grant; EU's Horizon 2020 programme; European Institute of Innovation and Technology; H2020_ERC (Special project, May 2022); Horizon 2020 Framework Programme; Ministerio de Ciencia, Innovación y Universidades; Spanish Ministry of Science, Innovation and Universities; “María de Maeztu” program for Units of Excellence"
"Differences in CO2 emissions of solar PV production among technologies and regions: Application to China, EU and USA",10.1016/j.enpol.2019.111234,"Energy Policy",2020-03-01T00:00:00+00:00,8,https://doi.org/10.1016/j.enpol.2019.111234,europa,"Publications Office of the European Union","Clean Energy Technology Observatory, photovoltaics in the European Union : status report on technology development, trends, value chains and markets : 2022.",2022-11-14,"Public Sector",Government,"International Body; Public Data Body or Statistics; Archive; Public Service",EU,https://op.europa.eu/en/publication-detail/-/publication/f5adf03f-64a2-11ed-92ed-01aa75ed71a1/language-en/format-PDF,https://app.overton.io/document.php?policy_document_id=europa-47d740f64b481b22169196f8f50f11a7,"ERC Advanced Grant; EU's Horizon 2020 programme; European Institute of Innovation and Technology; H2020_ERC (Special project, May 2022); Horizon 2020 Framework Programme; Ministerio de Ciencia, Innovación y Universidades; Spanish Ministry of Science, Innovation and Universities; “María de Maeztu” program for Units of Excellence"
"Differences in CO2 emissions of solar PV production among technologies and regions: Application to China, EU and USA",10.1016/j.enpol.2019.111234,"Energy Policy",2020-03-01T00:00:00+00:00,8,https://doi.org/10.1016/j.enpol.2019.111234,europa,"Publications Office of the European Union","European climate neutral industry competitiveness scoreboard (CINDECS)",2023-10-17,"Public Sector",Government,"International Body; Public Data Body or Statistics; Archive; Public Service",EU,https://op.europa.eu/en/publication-detail/-/publication/2130e820-6d6d-11ee-9220-01aa75ed71a1/language-en/format-PDF,https://app.overton.io/document.php?policy_document_id=europa-fb6bed526685f26e838a353367019718,"ERC Advanced Grant; EU's Horizon 2020 programme; European Institute of Innovation and Technology; H2020_ERC (Special project, May 2022); Horizon 2020 Framework Programme; Ministerio de Ciencia, Innovación y Universidades; Spanish Ministry of Science, Innovation and Universities; “María de Maeztu” program for Units of Excellence"
"Differences in CO2 emissions of solar PV production among technologies and regions: Application to China, EU and USA",10.1016/j.enpol.2019.111234,"Energy Policy",2020-03-01T00:00:00+00:00,8,https://doi.org/10.1016/j.enpol.2019.111234,jointresearcheu,"Joint Research Centre","European Climate Neutral Industry Competitiveness Scoreboard (CINDECS) - Annual Report 2022",2023-10-11,"Public Sector",Government,"International Body; IGO Department or Agency; Research Centre; Policy Centre; Commission",EU,https://publications.jrc.ec.europa.eu/repository/handle/JRC134499,https://app.overton.io/document.php?policy_document_id=jointresearcheu-84fa978f8588683f45b1c2e196b42524,"ERC Advanced Grant; EU's Horizon 2020 programme; European Institute of Innovation and Technology; H2020_ERC (Special project, May 2022); Horizon 2020 Framework Programme; Ministerio de Ciencia, Innovación y Universidades; Spanish Ministry of Science, Innovation and Universities; “María de Maeztu” program for Units of Excellence"
"Differences in CO2 emissions of solar PV production among technologies and regions: Application to China, EU and USA",10.1016/j.enpol.2019.111234,"Energy Policy",2020-03-01T00:00:00+00:00,8,https://doi.org/10.1016/j.enpol.2019.111234,jointresearcheu,"Joint Research Centre","European Climate Neutral Industry Competitiveness Scoreboard (CINDECS) - Annual Report 2021","an unknown date","Public Sector",Government,"International Body; IGO Department or Agency; Research Centre; Policy Centre; Commission",EU,https://publications.jrc.ec.europa.eu/repository/handle/JRC129336,https://app.overton.io/document.php?policy_document_id=jointresearcheu-af0c7c7643eaccc34d1d7a5c3b1c6dbe,"ERC Advanced Grant; EU's Horizon 2020 programme; European Institute of Innovation and Technology; H2020_ERC (Special project, May 2022); Horizon 2020 Framework Programme; Ministerio de Ciencia, Innovación y Universidades; Spanish Ministry of Science, Innovation and Universities; “María de Maeztu” program for Units of Excellence"
"Differences in CO2 emissions of solar PV production among technologies and regions: Application to China, EU and USA",10.1016/j.enpol.2019.111234,"Energy Policy",2020-03-01T00:00:00+00:00,8,https://doi.org/10.1016/j.enpol.2019.111234,jointresearcheu,"Joint Research Centre","Clean Energy Technology Observatory: Photovoltaics in the European Union – 2022 Status Report on Technology Development, Trends, Value Chains and Markets",2022-10-19,"Public Sector",Government,"International Body; IGO Department or Agency; Research Centre; Policy Centre; Commission",EU,https://publications.jrc.ec.europa.eu/repository/handle/JRC130720,https://app.overton.io/document.php?policy_document_id=jointresearcheu-c97da980dd1f005814d540d4b6a88034,"ERC Advanced Grant; EU's Horizon 2020 programme; European Institute of Innovation and Technology; H2020_ERC (Special project, May 2022); Horizon 2020 Framework Programme; Ministerio de Ciencia, Innovación y Universidades; Spanish Ministry of Science, Innovation and Universities; “María de Maeztu” program for Units of Excellence"
"Differences in CO2 emissions of solar PV production among technologies and regions: Application to China, EU and USA",10.1016/j.enpol.2019.111234,"Energy Policy",2020-03-01T00:00:00+00:00,8,https://doi.org/10.1016/j.enpol.2019.111234,pblnl,"PBL Netherlands Environmental Assessment Agency","On the science of carbon debt",2024-10-25,"Public Sector",Government,"National Body; Government Agency; Research Centre; Policy Centre; Public Data Body or Statistics",Netherlands,https://www.pbl.nl/en/publications/on-the-science-of-carbon-debt,https://app.overton.io/document.php?policy_document_id=pblnl-9ef188e5cfab8a65636c430d4af2d682,"ERC Advanced Grant; EU's Horizon 2020 programme; European Institute of Innovation and Technology; H2020_ERC (Special project, May 2022); Horizon 2020 Framework Programme; Ministerio de Ciencia, Innovación y Universidades; Spanish Ministry of Science, Innovation and Universities; “María de Maeztu” program for Units of Excellence"
"Differences in CO2 emissions of solar PV production among technologies and regions: Application to China, EU and USA",10.1016/j.enpol.2019.111234,"Energy Policy",2020-03-01T00:00:00+00:00,8,https://doi.org/10.1016/j.enpol.2019.111234,rijksoverheid,Rijksoverheid,"On the Science of Carbon Debt",2024-12-20,"Public Sector",Government,"National Body; Mixed Roles; Public Service",Netherlands,https://open.overheid.nl/documenten/dpc-2ed073029908463b4c802c7336415a31aae1e36b,https://app.overton.io/document.php?policy_document_id=rijksoverheid-d6fb13a254db014367df93e67c9c19fd,"ERC Advanced Grant; EU's Horizon 2020 programme; European Institute of Innovation and Technology; H2020_ERC (Special project, May 2022); Horizon 2020 Framework Programme; Ministerio de Ciencia, Innovación y Universidades; Spanish Ministry of Science, Innovation and Universities; “María de Maeztu” program for Units of Excellence"
"Seasonal effects on electric vehicle energy consumption and driving range: A case study on personal, taxi, and ridesharing vehicles",10.1016/j.jclepro.2019.119403,"Journal of Cleaner Production",2020-03-01T00:00:00+00:00,6,https://doi.org/10.1016/j.jclepro.2019.119403,oecddiscovery,OECD,"Transforming Catalonia’s Mobility System for Net Zero",2025-01-28,"Public Sector",IGO,"International Body; IGO Department or Agency; Monitoring or Regulatory Body; Policy Centre; Research Centre",IGO,https://dx.doi.org/https://doi.org/10.1787/1cac3681-en,https://app.overton.io/document.php?policy_document_id=oecddiscovery-f838c55566d3bd9f291fb0326ad9be59,"Ministry of Science and Technology of the People's Republic of China; Ministry of Science and Technology of the People's Republic of China; Saudi Aramco; Saudi Aramco; U.S. Department of Energy; U.S. Department of Energy"
"Seasonal effects on electric vehicle energy consumption and driving range: A case study on personal, taxi, and ridesharing vehicles",10.1016/j.jclepro.2019.119403,"Journal of Cleaner Production",2020-03-01T00:00:00+00:00,6,https://doi.org/10.1016/j.jclepro.2019.119403,risesweden,"Sveriges Forskningsinstitut","LCA of battery electric vehicle – normal and minimal battery sizes compared, including battery swapping",2025-06-04,"Public Sector",Government,"National Body; Arm's Length Body; Research Council; Research Centre; Policy Centre",Sweden,https://ri.diva-portal.org/smash/record.jsf?dswid=9380&pid=diva2%3A1964448&c=93&searchType=RESEARCH&language=sv&query=&af=%5B%22hasFulltext%3Atrue%22%5D&aq=%5B%5B%5D%5D&aq2=%5B%5B%7B%22organisationId%22%3A%22882940%22%2C%22organisationId-Xtra%22%3Atrue%7D%2C%7B%22publicationTypeCode%22%3A%5B%22report%22%5D%7D%5D%5D&aqe=%5B%5D&noOfRows=250&sortOrder=dateIssued_sort_desc&sortOrder2=title_sort_asc&onlyFullText=false&sf=all,https://app.overton.io/document.php?policy_document_id=risesweden-134e0ba64fe1772507f2927f9004a9c4,"Ministry of Science and Technology of the People's Republic of China; Ministry of Science and Technology of the People's Republic of China; Saudi Aramco; Saudi Aramco; U.S. Department of Energy; U.S. Department of Energy"
"Seasonal effects on electric vehicle energy consumption and driving range: A case study on personal, taxi, and ridesharing vehicles",10.1016/j.jclepro.2019.119403,"Journal of Cleaner Production",2020-03-01T00:00:00+00:00,6,https://doi.org/10.1016/j.jclepro.2019.119403,risesweden,"Sveriges Forskningsinstitut","LCA of battery electric vehicle – normal and minimal battery sizes compared, including battery swapping",2025-06-04,"Public Sector",Government,"National Body; Arm's Length Body; Research Council; Research Centre; Policy Centre",Sweden,https://ri.diva-portal.org/smash/record.jsf?dswid=5187&pid=diva2%3A1964448&c=97&searchType=RESEARCH&language=sv&query=&af=%5B%22hasFulltext%3Atrue%22%5D&aq=%5B%5B%5D%5D&aq2=%5B%5B%7B%22organisationId%22%3A%22882940%22%2C%22organisationId-Xtra%22%3Atrue%7D%2C%7B%22publicationTypeCode%22%3A%5B%22report%22%5D%7D%5D%5D&aqe=%5B%5D&noOfRows=250&sortOrder=dateIssued_sort_desc&sortOrder2=title_sort_asc&onlyFullText=false&sf=all,https://app.overton.io/document.php?policy_document_id=risesweden-309af926d74c688e3ef2f3f5ca07d274,"Ministry of Science and Technology of the People's Republic of China; Ministry of Science and Technology of the People's Republic of China; Saudi Aramco; Saudi Aramco; U.S. Department of Energy; U.S. Department of Energy"
"Seasonal effects on electric vehicle energy consumption and driving range: A case study on personal, taxi, and ridesharing vehicles",10.1016/j.jclepro.2019.119403,"Journal of Cleaner Production",2020-03-01T00:00:00+00:00,6,https://doi.org/10.1016/j.jclepro.2019.119403,risesweden,"Sveriges Forskningsinstitut","LCA of battery electric vehicle – normal and minimal battery sizes compared, including battery swapping",2025-06-04,"Public Sector",Government,"National Body; Arm's Length Body; Research Council; Research Centre; Policy Centre",Sweden,https://ri.diva-portal.org/smash/record.jsf?dswid=1738&pid=diva2%3A1964448&c=130&searchType=RESEARCH&language=sv&query=&af=%5B%22hasFulltext%3Atrue%22%5D&aq=%5B%5B%5D%5D&aq2=%5B%5B%7B%22organisationId%22%3A%22882940%22%2C%22organisationId-Xtra%22%3Atrue%7D%2C%7B%22publicationTypeCode%22%3A%5B%22report%22%5D%7D%5D%5D&aqe=%5B%5D&noOfRows=250&sortOrder=dateIssued_sort_desc&sortOrder2=title_sort_asc&onlyFullText=false&sf=all,https://app.overton.io/document.php?policy_document_id=risesweden-34333e4d4d19c26843b0aeddf6b307ae,"Ministry of Science and Technology of the People's Republic of China; Ministry of Science and Technology of the People's Republic of China; Saudi Aramco; Saudi Aramco; U.S. Department of Energy; U.S. Department of Energy"
"Seasonal effects on electric vehicle energy consumption and driving range: A case study on personal, taxi, and ridesharing vehicles",10.1016/j.jclepro.2019.119403,"Journal of Cleaner Production",2020-03-01T00:00:00+00:00,6,https://doi.org/10.1016/j.jclepro.2019.119403,risesweden,"Sveriges Forskningsinstitut","LCA of battery electric vehicle – normal and minimal battery sizes compared, including battery swapping",2025-06-04,"Public Sector",Government,"National Body; Arm's Length Body; Research Council; Research Centre; Policy Centre",Sweden,https://ri.diva-portal.org/smash/record.jsf?dswid=-6052&pid=diva2%3A1964448&c=120&searchType=RESEARCH&language=sv&query=&af=%5B%22hasFulltext%3Atrue%22%5D&aq=%5B%5B%5D%5D&aq2=%5B%5B%7B%22organisationId%22%3A%22882940%22%2C%22organisationId-Xtra%22%3Atrue%7D%2C%7B%22publicationTypeCode%22%3A%5B%22report%22%5D%7D%5D%5D&aqe=%5B%5D&noOfRows=250&sortOrder=dateIssued_sort_desc&sortOrder2=title_sort_asc&onlyFullText=false&sf=all,https://app.overton.io/document.php?policy_document_id=risesweden-642cb531ae31adb2294c42ea35be18cb,"Ministry of Science and Technology of the People's Republic of China; Ministry of Science and Technology of the People's Republic of China; Saudi Aramco; Saudi Aramco; U.S. Department of Energy; U.S. Department of Energy"
"Seasonal effects on electric vehicle energy consumption and driving range: A case study on personal, taxi, and ridesharing vehicles",10.1016/j.jclepro.2019.119403,"Journal of Cleaner Production",2020-03-01T00:00:00+00:00,6,https://doi.org/10.1016/j.jclepro.2019.119403,umweltbundesamt,"Umweltbundesamt (UBA)","Energieverbrauch von Elektroautos",2022-12-23,"Public Sector",Government,"National Body; Government Agency; Research Centre; Monitoring or Regulatory Body",Germany,https://www.umweltbundesamt.de/publikationen/energieverbrauch-von-elektroautos,https://app.overton.io/document.php?policy_document_id=umweltbundesamt-7145eadecea080c5741b3c5bef91d10d,"Ministry of Science and Technology of the People's Republic of China; Ministry of Science and Technology of the People's Republic of China; Saudi Aramco; Saudi Aramco; U.S. Department of Energy; U.S. Department of Energy"
"A Learning-Based Power Management Method for Networked Microgrids Under Incomplete Information",10.1109/tsg.2019.2933502,"IEEE Transactions on Smart Grid",2020-03-01T00:00:00+00:00,1,https://doi.org/10.1109/tsg.2019.2933502,tnonl,"Nederlandse Organisatie voor Toegepast Natuurwetenschappelijk Onderzoek","DC Grid Integration: Literature Review and Technical Focus",2026-01-01,"Public Sector",Government,"Research Centre",Netherlands,https://repository.tno.nl/SingleDoc?docId=86154,https://app.overton.io/document.php?policy_document_id=tnonl-0c14f86ba50c1c5ccb2aaf469232da60,"Ministry of Science,Technology and Research; National Science Foundation; National Science Foundation of Sri Lanka; U.S. Department of Energy; U.S. Department of Energy"
"Correlated power time series of individual wind turbines: A data driven model approach",10.1063/1.5139039,"Journal of Renewable and Sustainable Energy",2020-03-01T00:00:00+00:00,1,https://doi.org/10.1063/1.5139039,potsdaminstitute,"Potsdam-Institut für Klimafolgenforschung (PIK)",PIK_Sachbericht2020_web.pdf,2021-05-10,"Third Sector","Think Tank","Research Centre",Germany,https://www.pik-potsdam.de/de/produkte/publikationen/sachberichte/test/resolveuid/e0d8064a35d547c38d48abccfdd0c019,https://app.overton.io/document.php?policy_document_id=potsdaminstitute-0a8c98ad1897140410cf1bcc435ba0d2,
"Electricity Market Challenges of Photovoltaic and Energy Storage Technologies in the European Union: Regulatory Challenges and Responses",10.3390/app10041472,"Applied Sciences",2020-02-21T00:00:00+00:00,2,https://doi.org/10.3390/app10041472,europa,"Publications Office of the European Union","Techno-economic analysis for the energy transition of the EU fisheries and aquaculture sector",2024-05-23,"Public Sector",Government,"International Body; Public Data Body or Statistics; Archive; Public Service",EU,https://op.europa.eu/en/publication-detail/-/publication/92af2ddd-198a-11ef-a251-01aa75ed71a1/language-en/format-PDF,https://app.overton.io/document.php?policy_document_id=europa-62d1978b36dbdd1f9ea9b87f1fee1785,
"Electricity Market Challenges of Photovoltaic and Energy Storage Technologies in the European Union: Regulatory Challenges and Responses",10.3390/app10041472,"Applied Sciences",2020-02-21T00:00:00+00:00,2,https://doi.org/10.3390/app10041472,europa,"Publications Office of the European Union","Techno-economic analysis for the energy transition of the EU fisheries and aquaculture sector",2024-07-03,"Public Sector",Government,"International Body; Public Data Body or Statistics; Archive; Public Service",EU,https://op.europa.eu/en/publication-detail/-/publication/a8d20a8c-39eb-11ef-87a1-01aa75ed71a1/language-en,https://app.overton.io/document.php?policy_document_id=europa-72c18a90f907f5da95c85690616aefc2,
"Energy Flexibility Prediction for Data Center Engagement in Demand Response Programs",10.3390/su12041417,Sustainability,2020-02-14T00:00:00+00:00,1,https://doi.org/10.3390/su12041417,cordisbe,CORDIS,"eDREAM - enabling new Demand REsponse Advanced, Market oriented and Secure technologies, solutions and business models",2021-12-10,"Public Sector",Government,"Public Data Body or Statistics; Archive; Public Service; Mixed Roles",EU,https://ec.europa.eu/research/participants/documents/downloadPublic?documentIds=080166e5df2ad90f&appId=PPGMS,https://app.overton.io/document.php?policy_document_id=cordisbe-fe93d0928582e2681babc72cea56d7cd,"European Commission; European Commission; H2020_REST (Special project, May 2022); H2020_REST_ThirdPillar (Special project, May 2022); Horizon 2020 Framework Programme; Horizon 2020 Framework Programme; Universitatea Tehnică din Cluj-Napoca"
"Evaluation of Solar Radiation Transposition Models for Passive Energy Management and Building Integrated Photovoltaics",10.3390/en13030702,Energies,2020-02-06T00:00:00+00:00,2,https://doi.org/10.3390/en13030702,europa,"Publications Office of the European Union","State-of-the-art for assessment of solar energy technologies : summary of the European Solar Test Installation’s contribution to the energy transition in 2020 and 2021.",2022-08-24,"Public Sector",Government,"International Body; Public Data Body or Statistics; Archive; Public Service",EU,https://op.europa.eu/en/publication-detail/-/publication/e7cdc636-241c-11ed-8fa0-01aa75ed71a1/language-en/format-PDF,https://app.overton.io/document.php?policy_document_id=europa-abeff98a2617ffe825809e4a16d2bb63,"Fundación Séneca; Ministerio de Asuntos Económicos y Transformación Digital, Gobierno de España"
"Evaluation of Solar Radiation Transposition Models for Passive Energy Management and Building Integrated Photovoltaics",10.3390/en13030702,Energies,2020-02-06T00:00:00+00:00,2,https://doi.org/10.3390/en13030702,jointresearcheu,"Joint Research Centre","State-of-the-art assessment of solar energy technologies","an unknown date","Public Sector",Government,"International Body; IGO Department or Agency; Research Centre; Policy Centre; Commission",EU,https://publications.jrc.ec.europa.eu/repository/handle/JRC130086,https://app.overton.io/document.php?policy_document_id=jointresearcheu-c3c7f0bbf285359c3e164c0ab3532d7a,"Fundación Séneca; Ministerio de Asuntos Económicos y Transformación Digital, Gobierno de España"
"Consumption-based and territory-based carbon emissions intensity: Determinants and forecasting using club convergence across countries",10.1016/j.eneco.2019.104632,"Energy Economics",2020-02-01T00:00:00+00:00,5,https://doi.org/10.1016/j.eneco.2019.104632,feemit,"Fondazione Eni Enrico Mattei","Energy Intensity and Structural Changes: Does Offshoring Matter?",2024-11-14,"Third Sector","Think Tank","Research Centre; Policy Centre",Italy,https://www.feem.it/publications/energy-intensity-and-structural-changes-does-offshoring-matter/,https://app.overton.io/document.php?policy_document_id=feemit-c47468e8359d1388cc1ec2989281e0bc,
"Consumption-based and territory-based carbon emissions intensity: Determinants and forecasting using club convergence across countries",10.1016/j.eneco.2019.104632,"Energy Economics",2020-02-01T00:00:00+00:00,5,https://doi.org/10.1016/j.eneco.2019.104632,krimy,"Khazanah Research Institute (KRI)","What Is To Be Done? Confronting Climate Crisis in Malaysia",2024-11-22,"Third Sector","Think Tank","Research Centre; Policy Centre",Malaysia,https://www.krinstitute.org/publications/What_Is_To_Be_Done_Confronting_Climate_Crisis_in_Malaysia,https://app.overton.io/document.php?policy_document_id=krimy-0118a75170660142d96d59193643a641,
"Consumption-based and territory-based carbon emissions intensity: Determinants and forecasting using club convergence across countries",10.1016/j.eneco.2019.104632,"Energy Economics",2020-02-01T00:00:00+00:00,5,https://doi.org/10.1016/j.eneco.2019.104632,stateofvictoria,"State of Victoria","A region-based examination of electric vehicle take-up rates in Australia",2023-10-11,"Public Sector",Government,"Regional or State Level Body; Mixed Roles; Public Service",Australia,https://www.dtf.vic.gov.au/sites/default/files/2024-09/Victoria%E2%80%99s-Economic-Bulletin%2C-Volume-7%2C-Number-1.pdf,https://app.overton.io/document.php?policy_document_id=stateofvictoria-5fa6dcfad2f562b5966e68f2786025f7,
"Consumption-based and territory-based carbon emissions intensity: Determinants and forecasting using club convergence across countries",10.1016/j.eneco.2019.104632,"Energy Economics",2020-02-01T00:00:00+00:00,5,https://doi.org/10.1016/j.eneco.2019.104632,stateofvictoria,"State of Victoria","A region-based examination of electric vehicle take-up rates in Australia",2023-10-11,"Public Sector",Government,"Regional or State Level Body; Mixed Roles; Public Service",Australia,https://www.dtf.vic.gov.au/sites/default/files/document/Victorian%20Economic%20Bulletin%20-%20A%20region-based%20examination%20of%20electric%20vehicle%20take-up%20rates%20in%20Australia.pdf,https://app.overton.io/document.php?policy_document_id=stateofvictoria-b43337bf4f221087a07f64dab86963f1,
"Consumption-based and territory-based carbon emissions intensity: Determinants and forecasting using club convergence across countries",10.1016/j.eneco.2019.104632,"Energy Economics",2020-02-01T00:00:00+00:00,5,https://doi.org/10.1016/j.eneco.2019.104632,wifoaustria,"Österreichisches Institut für Wirtschaftsforschung","Kumulierte Treibhausgasemissionen ausgewählter Sektoren in Österreich",2024-12-20,"Private Sector","Think Tank","Policy Centre; Research Centre",Austria,https://www.wifo.ac.at/wp-content/uploads/upload-9412/s_2024_treibhausgasemissionen_55877042.pdf,https://app.overton.io/document.php?policy_document_id=wifoaustria-8b0692c2eb7fe21b6217c07bf38de13c,
"Long-term electric vehicles outlook and their potential impact on electric grid",10.1016/j.enpol.2019.111103,"Energy Policy",2020-02-01T00:00:00+00:00,15,https://doi.org/10.1016/j.enpol.2019.111103,actlaau,"Australian Capital Territory Legislative Assembly","Legislative Assembly",2022-08-24,"Public Sector",Government,"Municipal Body; Public Service",Australia,https://www.parliament.act.gov.au/__data/assets/pdf_file/0008/2072654/39.-Rod-Pitcher.pdf,https://app.overton.io/document.php?policy_document_id=actlaau-8562e680957581799de7d2de07a76a71,
"Long-term electric vehicles outlook and their potential impact on electric grid",10.1016/j.enpol.2019.111103,"Energy Policy",2020-02-01T00:00:00+00:00,15,https://doi.org/10.1016/j.enpol.2019.111103,climatecouncilie,"Climate Change Advisory Council","Climate Change Advisory Council Annual Review 2020",2020-09-28,"Public Sector",Government,"National Body; Arm's Length Body; Committee; Policy Centre",Ireland,https://www.climatecouncil.ie/media/climatechangeadvisorycouncil/contentassets/publications/CCAC_AnnualReview2020FINAL.pdf,https://app.overton.io/document.php?policy_document_id=climatecouncilie-2b9a7d5b0fa6d80e8476db38b3cff95b,
"Long-term electric vehicles outlook and their potential impact on electric grid",10.1016/j.enpol.2019.111103,"Energy Policy",2020-02-01T00:00:00+00:00,15,https://doi.org/10.1016/j.enpol.2019.111103,climatecouncilie,"Climate Change Advisory Council","Transitioning to low carbon and sustainable mobility",2020-09-29,"Public Sector",Government,"National Body; Arm's Length Body; Committee; Policy Centre",Ireland,https://www.climatecouncil.ie/media/climatechangeadvisorycouncil/contentassets/publications/Working%20Paper%20No.%208.pdf,https://app.overton.io/document.php?policy_document_id=climatecouncilie-cb645fec1b9be4e2f7bbb86ce51508da,
"Long-term electric vehicles outlook and their potential impact on electric grid",10.1016/j.enpol.2019.111103,"Energy Policy",2020-02-01T00:00:00+00:00,15,https://doi.org/10.1016/j.enpol.2019.111103,csagca,"Canadian Standards Association Group (CSA)","Considerations for the Electrification of Paramedic Emergency Vehicles in Canada",2024-01-29,"Third Sector","Think Tank","Research Centre; Monitoring or Regulatory Body; Policy Centre",Canada,https://www.csagroup.org/article/considerations-for-the-electrification-of-paramedic-emergency-vehicles-in-canada,https://app.overton.io/document.php?policy_document_id=csagca-b60249afe548b795b53eab3333050e8d,
"Long-term electric vehicles outlook and their potential impact on electric grid",10.1016/j.enpol.2019.111103,"Energy Policy",2020-02-01T00:00:00+00:00,15,https://doi.org/10.1016/j.enpol.2019.111103,iadb,"Inter-American Development Bank","Cero emisiones netas en los Andes: descarbonización de los sectores del plástico, textil, automotriz y pesquero en Colombia, Ecuador y Perú",2023-09-01,"Public Sector",IGO,"International Body; Financial Institution or Bank; Development Bank; Policy Centre",IGO,https://publications.iadb.org/es/cero-emisiones-netas-en-los-andes-descarbonizacion-de-los-sectores-del-plastico-textil-automotriz-y,https://app.overton.io/document.php?policy_document_id=iadb-152b6f5ec2fae9b17599d361a5813af2,
"Long-term electric vehicles outlook and their potential impact on electric grid",10.1016/j.enpol.2019.111103,"Energy Policy",2020-02-01T00:00:00+00:00,15,https://doi.org/10.1016/j.enpol.2019.111103,iadb,"Inter-American Development Bank","Net-Zero Industry: Options for Plastics, Textiles, Automobiles, and Fisheries in Colombia, Ecuador, and Peru",2023-09-01,"Public Sector",IGO,"International Body; Financial Institution or Bank; Development Bank; Policy Centre",IGO,https://publications.iadb.org/en/net-zero-industry-options-plastics-textiles-automobiles-and-fisheries-colombia-ecuador-and-peru,https://app.overton.io/document.php?policy_document_id=iadb-2cc7f1789ecb5021ce8194a3330225a6,
"Long-term electric vehicles outlook and their potential impact on electric grid",10.1016/j.enpol.2019.111103,"Energy Policy",2020-02-01T00:00:00+00:00,15,https://doi.org/10.1016/j.enpol.2019.111103,ipeabr,"Instituto de Pesquisa Econômica Aplicada","Eficiência produtiva : análise e proposições para aumentar a produtividade no Brasil",2022-11-01,"Third Sector","Think Tank","Research Centre; Policy Centre",Brazil,https://www.ipea.gov.br/portal/publicacao-item?id=aaa35c6b-a75f-49ce-a7b3-9e2e0b83fe06,https://app.overton.io/document.php?policy_document_id=ipeabr-223b24ed6415a05431902aec78b22649,
"Long-term electric vehicles outlook and their potential impact on electric grid",10.1016/j.enpol.2019.111103,"Energy Policy",2020-02-01T00:00:00+00:00,15,https://doi.org/10.1016/j.enpol.2019.111103,ipeabr,"Instituto de Pesquisa Econômica Aplicada","Infraestrutura e produtividade no Brasil : análise e recomendação de políticas",2023-11-01,"Third Sector","Think Tank","Research Centre; Policy Centre",Brazil,https://www.ipea.gov.br/portal/publicacao-item?id=2c7c25ef-d2ab-4664-9996-6c74aa148e5e,https://app.overton.io/document.php?policy_document_id=ipeabr-ec35a60b6b3db730b75c40a1d70a9abc,
"Long-term electric vehicles outlook and their potential impact on electric grid",10.1016/j.enpol.2019.111103,"Energy Policy",2020-02-01T00:00:00+00:00,15,https://doi.org/10.1016/j.enpol.2019.111103,napedu,"National Academies of Sciences, Engineering, and Medicine","Risks Related to Emerging and Disruptive Transportation Technologies: A Guide",2024-06-03,"Public Sector",Government,"National Body; Knowledge Brokerage; Research Center; Learned Society",USA,https://www.nationalacademies.org/publications/27842,https://app.overton.io/document.php?policy_document_id=napedu-3c6ec10605de969d6fc6ec62775a2d5e,
"Long-term electric vehicles outlook and their potential impact on electric grid",10.1016/j.enpol.2019.111103,"Energy Policy",2020-02-01T00:00:00+00:00,15,https://doi.org/10.1016/j.enpol.2019.111103,nrelosti,"National Renewable Energy Laboratory","Load Forecasting for the Moroccan Electricity Sector",2021-08-30,"Public Sector",Government,"National Body; Arm's Length Body; Research Centre; Policy Centre",USA,https://www.osti.gov/biblio/1818879,https://app.overton.io/document.php?policy_document_id=nrelosti-2e7a54307a3ccf7c2d347738554c8ba7,
"Long-term electric vehicles outlook and their potential impact on electric grid",10.1016/j.enpol.2019.111103,"Energy Policy",2020-02-01T00:00:00+00:00,15,https://doi.org/10.1016/j.enpol.2019.111103,uditsusa,"UC Davis Institute of Transportation Studies","Green Charging of Electric Vehicles Under a Net-Zero Emissions Policy Transition in California",2021-08-01,"Third Sector","Think Tank","Research Centre",USA,https://escholarship.org/uc/item/2rv3h345,https://app.overton.io/document.php?policy_document_id=uditsusa-f03ed56e8133d995312e9c9537228120,
"Long-term electric vehicles outlook and their potential impact on electric grid",10.1016/j.enpol.2019.111103,"Energy Policy",2020-02-01T00:00:00+00:00,15,https://doi.org/10.1016/j.enpol.2019.111103,uncepal,"United Nations CEPAL","Eficiência produtiva: análise e proposições para aumentar a produtividade no Brasil",2024-01-17,"Public Sector",IGO,"International Body; Arm's Length Body; Commission; Top-Level Authority",IGO,https://hdl.handle.net/11362/68824,https://app.overton.io/document.php?policy_document_id=uncepal-78265e52fb4f8edead5165f6d204359e,
"Long-term electric vehicles outlook and their potential impact on electric grid",10.1016/j.enpol.2019.111103,"Energy Policy",2020-02-01T00:00:00+00:00,15,https://doi.org/10.1016/j.enpol.2019.111103,worldbank,"World Bank","The Economics of Electric Vehicles for Passenger Transportation (Draft)",2022-10-31,"Public Sector",IGO,"International Body; Financial Institution or Bank; Development Bank; Policy Centre",IGO,https://hdl.handle.net/10986/38265,https://app.overton.io/document.php?policy_document_id=worldbank-1880f8047e2bdbfaf72ef0c718bea122,
"Long-term electric vehicles outlook and their potential impact on electric grid",10.1016/j.enpol.2019.111103,"Energy Policy",2020-02-01T00:00:00+00:00,15,https://doi.org/10.1016/j.enpol.2019.111103,worldbank,"World Bank","Electric Mobility and Power Systems: Impacts and Mitigation Strategies in Developing Countries",2023-04-24,"Public Sector",IGO,"International Body; Financial Institution or Bank; Development Bank; Policy Centre",IGO,https://openknowledge.worldbank.org/handle/10986/39853,https://app.overton.io/document.php?policy_document_id=worldbank-a1a0891dd87aef08a57647384ca98283,
"Long-term electric vehicles outlook and their potential impact on electric grid",10.1016/j.enpol.2019.111103,"Energy Policy",2020-02-01T00:00:00+00:00,15,https://doi.org/10.1016/j.enpol.2019.111103,worldbank,"World Bank","The Economics of Electric Vehicles for Passenger Transportation",2022-11-04,"Public Sector",IGO,"International Body; Financial Institution or Bank; Development Bank; Policy Centre",IGO,https://openknowledge.worldbank.org/handle/10986/38265,https://app.overton.io/document.php?policy_document_id=worldbank-a413879b80c4ea497ee73fe68692fd1a,
"Optimum design of hybrid renewable energy system through load forecasting and different operating strategies for rural electrification",10.1016/j.seta.2019.100613,"Sustainable Energy Technologies and Assessments",2020-02-01T00:00:00+00:00,1,https://doi.org/10.1016/j.seta.2019.100613,unitednations,"United Nations","Why it matters : 1st international academic conference on the sustainable development goals v. 1",2022-01-01,"Public Sector",IGO,"International Body; Top-Level Authority; IGO Department or Agency; Mixed Roles; Policy Centre",IGO,https://digitallibrary.un.org/record/4023628?ln=en,https://app.overton.io/document.php?policy_document_id=unitednations-2485f0ead4b1dedb97993e3e59898280,
"Inter-regional carbon flows embodied in electricity transmission: network simulation for energy-carbon nexus",10.1016/j.rser.2019.109511,"Renewable and Sustainable Energy Reviews",2020-02-01T00:00:00+00:00,2,https://doi.org/10.1016/j.rser.2019.109511,iiasaat,IIASA,"Ecological network analysis of urban land resource use within China",2022-01-01,"Third Sector","Think Tank","Research Centre; Policy Centre",Austria,https://pure.iiasa.ac.at/id/eprint/18728/?template=default_internal,https://app.overton.io/document.php?policy_document_id=iiasaat-62f1e36f02a3e15e4c6a580e8e5e9888,"111 Program; Agriculture and Agri-Food Canada; Higher Education Discipline Innovation Project; National High-tech Research and Development Program; National Key Research and Development Plan; National Key Research and Development Program of China; National Natural Science Foundation of China; National Science and Technology Infrastructure Program; Natural Science and Engineering Research Council of Canada; Natural Sciences Foundation; Natural Sciences and Engineering Research Council of Canada"
"Inter-regional carbon flows embodied in electricity transmission: network simulation for energy-carbon nexus",10.1016/j.rser.2019.109511,"Renewable and Sustainable Energy Reviews",2020-02-01T00:00:00+00:00,2,https://doi.org/10.1016/j.rser.2019.109511,oecddiscovery,OECD,"The carbon capacity nexus",2025-04-22,"Public Sector",IGO,"International Body; IGO Department or Agency; Monitoring or Regulatory Body; Policy Centre; Research Centre",IGO,https://dx.doi.org/https://doi.org/10.1787/5983c5f1-en,https://app.overton.io/document.php?policy_document_id=oecddiscovery-76634c76a2a5f78650d4b599827b82f9,"111 Program; Agriculture and Agri-Food Canada; Higher Education Discipline Innovation Project; National High-tech Research and Development Program; National Key Research and Development Plan; National Key Research and Development Program of China; National Natural Science Foundation of China; National Science and Technology Infrastructure Program; Natural Science and Engineering Research Council of Canada; Natural Sciences Foundation; Natural Sciences and Engineering Research Council of Canada"
"Errors in PV power modelling due to the lack of spectral and angular details of solar irradiance inputs",10.1016/j.solener.2019.12.042,"Solar Energy",2020-02-01T00:00:00+00:00,2,https://doi.org/10.1016/j.solener.2019.12.042,gpogov,"Government Publishing Office (GPO)","Best practices handbook for the collection and use of solar resource data for solar energy applications /",2021-04-27,"Public Sector",Government,"National Body; Mixed Roles; Public Service",USA,https://purl.fdlp.gov/GPO/gpo159181,https://app.overton.io/document.php?policy_document_id=gpogov-3c313ec9895cd781318e1be3383c1e3a,"Institut National des Sciences de l'Univers, Centre National de la Recherche Scientifique; Institut des sciences de l'ingénierie et des systèmes; Institut national des sciences de l'Univers; Université Paris-Saclay; École Polytechnique, Université Paris-Saclay; École Polytechnique, Université Paris-Saclay"
"Errors in PV power modelling due to the lack of spectral and angular details of solar irradiance inputs",10.1016/j.solener.2019.12.042,"Solar Energy",2020-02-01T00:00:00+00:00,2,https://doi.org/10.1016/j.solener.2019.12.042,nrelosti,"National Renewable Energy Laboratory","Best Practices Handbook for the Collection and Use of Solar Resource Data for Solar Energy Applications: Third Edition",2021-04-14,"Public Sector",Government,"National Body; Arm's Length Body; Research Centre; Policy Centre",USA,https://www.osti.gov/biblio/1778700,https://app.overton.io/document.php?policy_document_id=nrelosti-781e1d9d807aeaeb96ec69e429eec984,"Institut National des Sciences de l'Univers, Centre National de la Recherche Scientifique; Institut des sciences de l'ingénierie et des systèmes; Institut national des sciences de l'Univers; Université Paris-Saclay; École Polytechnique, Université Paris-Saclay; École Polytechnique, Université Paris-Saclay"
"Becoming prosumer: Revealing trading preferences and decision-making strategies in peer-to-peer energy communities",10.1016/j.enpol.2019.111098,"Energy Policy",2020-02-01T00:00:00+00:00,4,https://doi.org/10.1016/j.enpol.2019.111098,cordisbe,CORDIS,"Developing Energy Communities through Informative anD collEctive actions",2024-06-10,"Public Sector",Government,"Public Data Body or Statistics; Archive; Public Service; Mixed Roles",EU,https://ec.europa.eu/research/participants/documents/downloadPublic?documentIds=080166e5fcabdbfb&appId=PPGMS,https://app.overton.io/document.php?policy_document_id=cordisbe-bcf51433672f030cdf79f7066f398cec,"Innosuisse - Schweizerische Agentur für Innovationsförderung; Swiss Innovation Agency – Innosuisse; Swiss National Research Foundation"
"Becoming prosumer: Revealing trading preferences and decision-making strategies in peer-to-peer energy communities",10.1016/j.enpol.2019.111098,"Energy Policy",2020-02-01T00:00:00+00:00,4,https://doi.org/10.1016/j.enpol.2019.111098,esrc,"ESRC Centre for Climate Change Economics and Policy","Peer-to-peer solar and social rewards: evidence from a field experiment – Centre for Climate Change Economics and Policy",2022-10-29,"Third Sector","Think Tank","Research Centre; Policy Centre",UK,https://www.cccep.ac.uk/publication/peer-to-peer-solar-and-social-rewards-evidence-from-a-field-experiment/,https://app.overton.io/document.php?policy_document_id=esrc-e7c073372e5d8c96c473d6b79a65f080,"Innosuisse - Schweizerische Agentur für Innovationsförderung; Swiss Innovation Agency – Innosuisse; Swiss National Research Foundation"
"Becoming prosumer: Revealing trading preferences and decision-making strategies in peer-to-peer energy communities",10.1016/j.enpol.2019.111098,"Energy Policy",2020-02-01T00:00:00+00:00,4,https://doi.org/10.1016/j.enpol.2019.111098,feemit,"Fondazione Eni Enrico Mattei","Energy exchange among heterogeneous prosumers under price uncertainty",2017-07-28,"Third Sector","Think Tank","Research Centre; Policy Centre",Italy,https://www.feem.it/en/publications/feem-working-papers-note-di-lavoro-series/energy-exchange-among-heterogeneous-prosumers-under-price-uncertainty/,https://app.overton.io/document.php?policy_document_id=feemit-f66f6cc85fe18893f480ac20d5a30229,"Innosuisse - Schweizerische Agentur für Innovationsförderung; Swiss Innovation Agency – Innosuisse; Swiss National Research Foundation"
"Becoming prosumer: Revealing trading preferences and decision-making strategies in peer-to-peer energy communities",10.1016/j.enpol.2019.111098,"Energy Policy",2020-02-01T00:00:00+00:00,4,https://doi.org/10.1016/j.enpol.2019.111098,ifode,"ifo Institut","Peer-to-Peer Solar and Social Rewards: Evidence from a Field Experiment",2022-12-26,"Third Sector","Think Tank","Research Centre",Germany,https://www.cesifo.org/en/publications/2022/working-paper/peer-peer-solar-and-social-rewards-evidence-field-experiment,https://app.overton.io/document.php?policy_document_id=ifode-674efd3442a8d18e68157dafeef233e1,"Innosuisse - Schweizerische Agentur für Innovationsförderung; Swiss Innovation Agency – Innosuisse; Swiss National Research Foundation"
"Impact of 15-day energy forecasts on the hydro-thermal scheduling of a future Nordic power system",10.1016/j.energy.2019.116668,Energy,2020-02-01T00:00:00+00:00,1,https://doi.org/10.1016/j.energy.2019.116668,finnishgovernment,"Government of Finland","Valto: ICT:n rooli kasvihuonekaasupäästöjen vähentämisessä energia-alalla",2020-07-21,"Public Sector",Government,"National Body; Mixed Roles",Finland,http://julkaisut.valtioneuvosto.fi/handle/10024/162376,https://app.overton.io/document.php?policy_document_id=finnishgovernment-af5005d0a03862bd842529978d083e8d,"Academy of Finland; Academy of Finland; Strategic Research Council; Strategic Research Council"
"Study on deep reinforcement learning techniques for building energy consumption forecasting",10.1016/j.enbuild.2019.109675,"Energy and Buildings",2020-02-01T00:00:00+00:00,1,https://doi.org/10.1016/j.enbuild.2019.109675,imf,"International Monetary Fund","Deep Reinforcement Learning: Emerging Trends in Macroeconomics and Future Prospects",2022-12-16,"Public Sector",IGO,"International Body; Financial Institution or Bank; Development Bank; Policy Centre",IGO,https://elibrary.imf.org/view/journals/001/2022/259/001.2022.issue-259-en.xml,https://app.overton.io/document.php?policy_document_id=imf-98dd1559fe93b6b5ded70a1d97a0b7a2,"National High-tech Research and Development Program; National Natural Science Foundation of China; National Natural Science Foundation of China"
"Analysis of air quality and health co-benefits regarding electric vehicle promotion coupled with power plant emissions",10.1016/j.jclepro.2019.119152,"Journal of Cleaner Production",2020-02-01T00:00:00+00:00,4,https://doi.org/10.1016/j.jclepro.2019.119152,instituteofdevelopmentstudies,"Institute of Development Studies","Climate Change and Air Pollution",2021-01-31,"Third Sector","Think Tank","Research Centre; Policy Centre",UK,https://opendocs.ids.ac.uk/articles/report/Climate_Change_and_Air_Pollution/26434036,https://app.overton.io/document.php?policy_document_id=instituteofdevelopmentstudies-9e297eb259fc1ea3c1f37071f836c17d,"Environmental Protection Administration, Executive Yuan, R.O.C. Taiwan; Environmental Protection Administration, Executive Yuan, R.O.C. Taiwan"
"Analysis of air quality and health co-benefits regarding electric vehicle promotion coupled with power plant emissions",10.1016/j.jclepro.2019.119152,"Journal of Cleaner Production",2020-02-01T00:00:00+00:00,4,https://doi.org/10.1016/j.jclepro.2019.119152,instituteofdevelopmentstudies,"Institute of Development Studies","Climate Change and Air Pollution",2021-01-01,"Third Sector","Think Tank","Research Centre; Policy Centre",UK,https://opendocs.ids.ac.uk/opendocs/handle/20.500.12413/16600,https://app.overton.io/document.php?policy_document_id=instituteofdevelopmentstudies-a7025e066e6f90060a354589af07ece0,"Environmental Protection Administration, Executive Yuan, R.O.C. Taiwan; Environmental Protection Administration, Executive Yuan, R.O.C. Taiwan"
"Analysis of air quality and health co-benefits regarding electric vehicle promotion coupled with power plant emissions",10.1016/j.jclepro.2019.119152,"Journal of Cleaner Production",2020-02-01T00:00:00+00:00,4,https://doi.org/10.1016/j.jclepro.2019.119152,nycgov,"City of New York","Chief Climate Officer and Commissioner New York City Department of Environmental Protection before the",2025-03-10,"Public Sector",Government,"Municipal Body; Public Service",USA,https://legistar.council.nyc.gov/View.ashx?M=F&ID=13917460&GUID=BD620223-524A-45DE-AB55-966B8E2C2C15,https://app.overton.io/document.php?policy_document_id=nycgov-0fcb5736e19e2c081a2e19eebf485633,"Environmental Protection Administration, Executive Yuan, R.O.C. Taiwan; Environmental Protection Administration, Executive Yuan, R.O.C. Taiwan"
"Analysis of air quality and health co-benefits regarding electric vehicle promotion coupled with power plant emissions",10.1016/j.jclepro.2019.119152,"Journal of Cleaner Production",2020-02-01T00:00:00+00:00,4,https://doi.org/10.1016/j.jclepro.2019.119152,nycgov,"City of New York","Chief Climate Officer and Commissioner New York City Department of Environmental Protection before the",2025-03-10,"Public Sector",Government,"Municipal Body; Public Service",USA,https://legistar.council.nyc.gov/View.ashx?M=F&ID=13917464&GUID=AF2BEE37-52C5-4EA0-8233-0F284EA7C503,https://app.overton.io/document.php?policy_document_id=nycgov-e8983517bad425f01feb75ed673cf35b,"Environmental Protection Administration, Executive Yuan, R.O.C. Taiwan; Environmental Protection Administration, Executive Yuan, R.O.C. Taiwan"
"A novel bi-level distributed dynamic optimization method of ship fleets energy consumption",10.1016/j.oceaneng.2019.106802,"Ocean Engineering",2020-02-01T00:00:00+00:00,2,https://doi.org/10.1016/j.oceaneng.2019.106802,trafikverket,Trafikverket,"Emission reductions and costs of abatement measures for air pollutants and greenhouse gases from shipping: selected measures with importance for the Swedish Environmental Quality Objectives",2020-04-06,"Public Sector",Government,"National Body; Government Agency; Public Service; Monitoring or Regulatory Body",Sweden,http://trafikverket.diva-portal.org/smash/get/diva2:1705589/FULLTEXT01.pdf,https://app.overton.io/document.php?policy_document_id=trafikverket-9565ca48755556fcaa45643db6802993,"Fundamental Research Funds for the Central Universities; Fundamental Research Funds for the Central Universities; Ministry of Education of the People's Republic of China; Ministry of Finance; National Natural Science Foundation of China; National Natural Science Foundation of China; Natural Science Foundation of Liaoning Province; Natural Science Foundation of Liaoning Province; Science and Technology Project of Changjiang Waterway Bureau"
"A novel bi-level distributed dynamic optimization method of ship fleets energy consumption",10.1016/j.oceaneng.2019.106802,"Ocean Engineering",2020-02-01T00:00:00+00:00,2,https://doi.org/10.1016/j.oceaneng.2019.106802,vtise,VTI,"Emission reductions and costs of abatement measures for air pollutants and greenhouse gases from shipping : selected measures with importance for the Swedish Environmental Quality Objectives",2020-04-06,"Public Sector",Government,"National Body; Arm's Length Body; Research Centre; Policy Centre",Sweden,https://vti.diva-portal.org/smash/record.jsf?pid=diva2%3A1420961,https://app.overton.io/document.php?policy_document_id=vtise-2d3d4938d85225c903f43f322f636c40,"Fundamental Research Funds for the Central Universities; Fundamental Research Funds for the Central Universities; Ministry of Education of the People's Republic of China; Ministry of Finance; National Natural Science Foundation of China; National Natural Science Foundation of China; Natural Science Foundation of Liaoning Province; Natural Science Foundation of Liaoning Province; Science and Technology Project of Changjiang Waterway Bureau"
"Bottom-up energy supply optimization of a national building stock",10.1016/j.enbuild.2019.109667,"Energy and Buildings",2020-02-01T00:00:00+00:00,1,https://doi.org/10.1016/j.enbuild.2019.109667,sintefno,SINTEF,"Energy efficiency and conservation - Nordic Energy Outlooks - Final report WP3",2023-01-01,"Private Sector","Think Tank","Research Centre; Policy Centre",Norway,https://nva.sikt.no/registration/0198cc7bc7a0-b09b0b6b-1592-4ebd-99ca-4c50aedb614d,https://app.overton.io/document.php?policy_document_id=sintefno-095da65bfcf7dc21bf72b756ba9453de,"Helmholtz Association; Helmholtz Association"
"Simulation and performance analysis of reverse osmosis water desalination system operated by a high concentrated photovoltaic system",10.5004/dwt.2020.24895,"Desalination and Water Treatment",2020-02-01T00:00:00+00:00,2,https://doi.org/10.5004/dwt.2020.24895,governmentofkuwait,"Government of Kuwait","Faculty Name",2026-05-24,"Public Sector",Government,"National Body; Public Service; Mixed Roles",Kuwait,https://www.paaet.edu.kw/media/3zpjx0qy/adel-a-ghoneim.pdf,https://app.overton.io/document.php?policy_document_id=governmentofkuwait-787f486964a89e89748331def6e99ed1,
"Simulation and performance analysis of reverse osmosis water desalination system operated by a high concentrated photovoltaic system",10.5004/dwt.2020.24895,"Desalination and Water Treatment",2020-02-01T00:00:00+00:00,2,https://doi.org/10.5004/dwt.2020.24895,governmentofkuwait,"Government of Kuwait","Faculty Name",2026-05-24,"Public Sector",Government,"National Body; Public Service; Mixed Roles",Kuwait,https://www.paaet.edu.kw/media/sy5ggs0v/haitham-a-alabdulali.pdf,https://app.overton.io/document.php?policy_document_id=governmentofkuwait-e591fcecc8266f4073074ccb6ede9960,
"Climate change implications for environmental performance of residential building energy use: The case of Qatar",10.1016/j.egyr.2019.09.030,"Energy Reports",2020-02-01T00:00:00+00:00,3,https://doi.org/10.1016/j.egyr.2019.09.030,gisrqa,"Global Institute for Strategic Research (GISR)","التغير المناخي في البيئة العربية وأثره على السياسة والأمن",2026-08-24,"Public Sector","Think Tank","Research Centre; Policy Centre",Qatar,https://globalinstitute.org/en/altghyr-almnakhy-fy-albyyt-alrbyt-wathrh-ly-alsyast-walamn,https://app.overton.io/document.php?policy_document_id=gisrqa-71f79650dfe819fc77452141b58cb4b0,
"Climate change implications for environmental performance of residential building energy use: The case of Qatar",10.1016/j.egyr.2019.09.030,"Energy Reports",2020-02-01T00:00:00+00:00,3,https://doi.org/10.1016/j.egyr.2019.09.030,governmentofqatar,"Government of Qatar","7 V3 Nhrc",2026-05-23,"Public Sector",Government,"National Body; Mixed Roles; Public Service",Qatar,https://www.nhrc-qa.org/storage/publications/file_6a7044116f094_1785742353.pdf,https://app.overton.io/document.php?policy_document_id=governmentofqatar-25b8ef7fe6d7bc197a729c05bf0178b8,
"Climate change implications for environmental performance of residential building energy use: The case of Qatar",10.1016/j.egyr.2019.09.030,"Energy Reports",2020-02-01T00:00:00+00:00,3,https://doi.org/10.1016/j.egyr.2019.09.030,governmentofqatar,"Government of Qatar","7 V3 Nhrc",2026-05-23,"Public Sector",Government,"National Body; Mixed Roles; Public Service",Qatar,https://www.nhrc-qa.org/storage/publications/file_6a12d2071aa8a_1779618311.pdf,https://app.overton.io/document.php?policy_document_id=governmentofqatar-bb06d31400a47b4a145946b6eff2da09,
"Geothermal resource assessment of remote sedimentary basins with sparse data: lessons learned from Anticosti Island, Canada",10.1186/s40517-020-0156-1,"Geothermal Energy",2020-01-27T00:00:00+00:00,1,https://doi.org/10.1186/s40517-020-0156-1,provinceofnovascotia,"Province of Nova Scotia","Setting the Stage, Demonstrating Value, and Identifying Next Steps",2021-06-28,"Public Sector",Government,"Regional or State Level Body; Mixed Roles; Public Service",Canada,https://novascotia.ca/natr/meb/data/ofr/ofr_me_2021-003.pdf,https://app.overton.io/document.php?policy_document_id=provinceofnovascotia-d183eb78acc9455e6e0bc3f60b217d31,
"Psychological and Demographic Factors Affecting Household Energy-Saving Intentions: A TPB-Based Study in Northwest China",10.3390/su12030836,Sustainability,2020-01-22T00:00:00+00:00,1,https://doi.org/10.3390/su12030836,econrsa,"Economic Research Southern Africa","Relationship between education and households’ electricity-saving behaviour in South Africa: A multilevel logistic analysis",2021-01-13,"Third Sector","Think Tank","Research Centre; Policy Centre","South Africa",https://econrsa.org/publications/relationship-between-education-and-households-electricity-saving-behaviour-in-south-africa-a-multilevel-logistic-analysis/,https://app.overton.io/document.php?policy_document_id=econrsa-d00106263b1937f322596aba0ddd587c,
"The Impact of Purchase Restriction Policy on Car Ownership in China’s Four Major Cities",10.1155/2020/7454307,"Journal of Advanced Transportation",2020-01-22T00:00:00+00:00,4,https://doi.org/10.1155/2020/7454307,bancoes,"Banco de España","2024/T4 Artículo 03. El auge del coche eléctrico en China y su impacto en la Unión Europea",2024-10-15,"Public Sector",Government,"National Body; Financial Institution or Bank; Central Bank",Spain,https://www.bde.es/f/webbe/SES/Secciones/Publicaciones/InformesBoletinesRevistas/BoletinEconomico/24/T4/Fich/be2404-art03.pdf,https://app.overton.io/document.php?policy_document_id=bancoes-c88b72a96bd51daea4986f26c09c6e58,"National Natural Science Foundation of China; National Natural Science Foundation of China"
"The Impact of Purchase Restriction Policy on Car Ownership in China’s Four Major Cities",10.1155/2020/7454307,"Journal of Advanced Transportation",2020-01-22T00:00:00+00:00,4,https://doi.org/10.1155/2020/7454307,icct,"The International Council of Clean Transportation",中国电动汽车成本收益评估（2020-2035),2021-04-14,"Third Sector","Think Tank","Research Centre; Policy Centre; Monitoring or Regulatory Body; Consultancy",USA,https://theicct.org/publication/%e4%b8%ad%e5%9b%bd%e7%94%b5%e5%8a%a8%e6%b1%bd%e8%bd%a6%e6%88%90%e6%9c%ac%e6%94%b6%e7%9b%8a%e8%af%84%e4%bc%b0%ef%bc%882020-2035/,https://app.overton.io/document.php?policy_document_id=icct-2fbfb074144dcd64ce255eb8e41e78a1,"National Natural Science Foundation of China; National Natural Science Foundation of China"
"The Impact of Purchase Restriction Policy on Car Ownership in China’s Four Major Cities",10.1155/2020/7454307,"Journal of Advanced Transportation",2020-01-22T00:00:00+00:00,4,https://doi.org/10.1155/2020/7454307,icct,"The International Council of Clean Transportation","Evaluating electric vehicle costs and benefits in China in the 2020–2035 time frame",2021-04-14,"Third Sector","Think Tank","Research Centre; Policy Centre; Monitoring or Regulatory Body; Consultancy",USA,https://theicct.org/publication/evaluating-electric-vehicle-costs-and-benefits-in-china-in-the-2020-2035-time-frame/,https://app.overton.io/document.php?policy_document_id=icct-336c25be8ca7550530f255f04e9fbf4f,"National Natural Science Foundation of China; National Natural Science Foundation of China"
"The Impact of Purchase Restriction Policy on Car Ownership in China’s Four Major Cities",10.1155/2020/7454307,"Journal of Advanced Transportation",2020-01-22T00:00:00+00:00,4,https://doi.org/10.1155/2020/7454307,icct,"The International Council of Clean Transportation","Assessment of light-duty electric vehicle costs and consumer benefits in the United States in the 2022–2035 time frame",2022-10-18,"Third Sector","Think Tank","Research Centre; Policy Centre; Monitoring or Regulatory Body; Consultancy",USA,https://theicct.org/publication/ev-cost-benefits-2035-oct22/,https://app.overton.io/document.php?policy_document_id=icct-707c9e88e47fb70cc126b26b496fd6b1,"National Natural Science Foundation of China; National Natural Science Foundation of China"
"Status, barriers and perspectives of building integrated photovoltaic systems",10.1016/j.energy.2019.116471,Energy,2020-01-01T00:00:00+00:00,2,https://doi.org/10.1016/j.energy.2019.116471,sintefno,SINTEF,"Bruk av bygningsintegrerte solceller (BIPV) i Norge. Kunnskapsstatus",2021-01-01,"Private Sector","Think Tank","Research Centre; Policy Centre",Norway,https://nva.sikt.no/registration/0198cc69dfb3-7672fa24-9042-4113-b8e0-28eca086ffd7,https://app.overton.io/document.php?policy_document_id=sintefno-9ccd824b462b4a0c2acfe152deb95446,
"Status, barriers and perspectives of building integrated photovoltaic systems",10.1016/j.energy.2019.116471,Energy,2020-01-01T00:00:00+00:00,2,https://doi.org/10.1016/j.energy.2019.116471,ukparliament_select,"UK Parliament Select Committee Publications","OSE0021 - Technological innovations and climate change: onshore solar energy",2022-12-15,"Public Sector","Legislative Body","National Body; Parliament, Senate or Congress; Committee",UK,https://committees.parliament.uk/writtenevidence/113975/pdf/,https://app.overton.io/document.php?policy_document_id=ukparliament_select-aabfa5a29a0b3069d3d2b8d619285f5f,
"One-Month-Ahead Wind Speed Forecasting Using Hybrid AI Model for Coastal Locations",10.1109/access.2020.3028259,"IEEE Access",2020-01-01T00:00:00+00:00,1,https://doi.org/10.1109/access.2020.3028259,governmentofkuwait,"Government of Kuwait",Education,2023-03-22,"Public Sector",Government,"National Body; Public Service; Mixed Roles",Kuwait,https://www.paaet.edu.kw/media/5qxbread/د-محمد-بوربيع-cv.pdf,https://app.overton.io/document.php?policy_document_id=governmentofkuwait-18dfe9860eb04675e6896c445228f96e,
"Impact of the COVID-19 Pandemic on the U.S. Electricity Demand and Supply: An Early View From Data",10.1109/access.2020.3016912,"IEEE Access",2020-01-01T00:00:00+00:00,1,https://doi.org/10.1109/access.2020.3016912,worldbank,"World Bank","The Impact of COVID-19 on Electricity Generation : An Empirical Investigation",2022-07-06,"Public Sector",IGO,"International Body; Financial Institution or Bank; Development Bank; Policy Centre",IGO,https://openknowledge.worldbank.org/handle/10986/37648,https://app.overton.io/document.php?policy_document_id=worldbank-ef012761dcb324db3b0fe488bbaf98ba,
"A Qualitative Study on the United States Internet of Energy: A Step Towards Computational Sustainability",10.1109/access.2020.2986317,"IEEE Access",2020-01-01T00:00:00+00:00,1,https://doi.org/10.1109/access.2020.2986317,fgvbr,"Fundação Getulio Vargas","Artificial intelligence for sustainability: a systematic literature review in information systems",2024-05-27,"Third Sector","Think Tank","Research Centre; Policy Centre",Brazil,https://hdl.handle.net/10438/35989,https://app.overton.io/document.php?policy_document_id=fgvbr-33e4cfb161bd6178e85e6c257db834d7,
"Internet of Things Technology in Ecological Security Assessment System of Intelligent Land",10.1109/access.2020.2995259,"IEEE Access",2020-01-01T00:00:00+00:00,1,https://doi.org/10.1109/access.2020.2995259,fgvbr,"Fundação Getulio Vargas","Artificial intelligence for sustainability: a systematic literature review in information systems",2024-05-27,"Third Sector","Think Tank","Research Centre; Policy Centre",Brazil,https://hdl.handle.net/10438/35989,https://app.overton.io/document.php?policy_document_id=fgvbr-33e4cfb161bd6178e85e6c257db834d7,
"Indonesian electricity load forecasting using singular spectrum analysis, fuzzy systems and neural networks",10.1016/j.energy.2019.116408,Energy,2020-01-01T00:00:00+00:00,1,https://doi.org/10.1016/j.energy.2019.116408,cpdbd,"Centre for Policy Dialogue","Proposed Power and Energy System Master Plan (PESMP)",2021-08-20,"Third Sector","Think Tank","Research Centre; Policy Centre",Bangladesh,https://cpd.org.bd/proposed-power-and-energy-system-master-plan-pesmp/,https://app.overton.io/document.php?policy_document_id=cpdbd-870788ffbefe8d3e87eb1bb13dfce777,
"Novel stochastic methods to predict short-term solar radiation and photovoltaic power",10.1016/j.renene.2019.05.073,"Renewable Energy",2020-01-01T00:00:00+00:00,1,https://doi.org/10.1016/j.renene.2019.05.073,cordisbe,CORDIS,"Integrated energy solutions and new market mechanisms for an eXtended FLEXibility of the European grid",2023-12-19,"Public Sector",Government,"Public Data Body or Statistics; Archive; Public Service; Mixed Roles",EU,https://ec.europa.eu/research/participants/documents/downloadPublic?documentIds=080166e5021e7ac3&appId=PPGMS,https://app.overton.io/document.php?policy_document_id=cordisbe-effa0380d5b76531055e327f4da6b7f0,"National Nuclear Security Administration; Office of Energy Efficiency; Office of Energy Efficiency and Renewable Energy; U.S. Department of En-ergy, Office of Energy Efficiency and Renewable Energy; U.S. Department of Energy"
"Impacts of climate change on hydropower generation in China",10.1016/j.matcom.2018.01.002,"Mathematics and Computers in Simulation",2020-01-01T00:00:00+00:00,2,https://doi.org/10.1016/j.matcom.2018.01.002,ipcc,IPCC,"AR6 Climate Change 2021: Mitigation of Climate Change",2022-03-08,"Public Sector",IGO,"International Body; Arm's Length Body; Committee; Research Centre; Policy Centre",IGO,https://www.ipcc.ch/report/sixth-assessment-report-working-group-3/,https://app.overton.io/document.php?policy_document_id=ipcc-01dbc640e8794be751c4d0fa1ae8a5d0,"Beijing Excellent Talent Program; National High-tech Research and Development Program; National Natural Science Foundation of China; National Natural Science Foundation of China; Open Research Project of State Key Laboratory of Coal Resources and Safe Mining"
"Impacts of climate change on hydropower generation in China",10.1016/j.matcom.2018.01.002,"Mathematics and Computers in Simulation",2020-01-01T00:00:00+00:00,2,https://doi.org/10.1016/j.matcom.2018.01.002,unitednations,"United Nations","Climate Change 2022 : mitigation of climate change : Working Group III Contribution to the Sixth Assessment Report of the Intergovernmental Panel on Climate Change",2022-01-01,"Public Sector",IGO,"International Body; Top-Level Authority; IGO Department or Agency; Mixed Roles; Policy Centre",IGO,https://digitallibrary.un.org/record/4019730?ln=en,https://app.overton.io/document.php?policy_document_id=unitednations-db2f3e94f902a8cbafb28e4972536dbd,"Beijing Excellent Talent Program; National High-tech Research and Development Program; National Natural Science Foundation of China; National Natural Science Foundation of China; Open Research Project of State Key Laboratory of Coal Resources and Safe Mining"
"Socio-technical discourses of European electricity decarbonization: Contesting narrative credibility and legitimacy with quantitative story-telling",10.1016/j.erss.2019.101279,"Energy Research & Social Science",2020-01-01T00:00:00+00:00,3,https://doi.org/10.1016/j.erss.2019.101279,europa,"Publications Office of the European Union","Exploring new visions for a sustainable bioeconomy.",2023-03-03,"Public Sector",Government,"International Body; Public Data Body or Statistics; Archive; Public Service",EU,https://op.europa.eu/en/publication-detail/-/publication/09cb4e78-bc14-11ed-8912-01aa75ed71a1/language-en/format-PDF,https://app.overton.io/document.php?policy_document_id=europa-9e2b745298678f07a24763f7a13a2959,"European Commission; European Commission; H2020_REST (Special project, May 2022); H2020_REST_ThirdPillar (Special project, May 2022); Horizon 2020; Horizon 2020; Ministerio de Ciencia, Innovación y Universidades; Ministerio de Ciencia, Innovación y Universidades; Ministerio de Educación, Cultura y Deporte; Ministerio de Educación, Cultura y Deporte"
"Socio-technical discourses of European electricity decarbonization: Contesting narrative credibility and legitimacy with quantitative story-telling",10.1016/j.erss.2019.101279,"Energy Research & Social Science",2020-01-01T00:00:00+00:00,3,https://doi.org/10.1016/j.erss.2019.101279,inesc,"National Economic and Social Council","Ireland’s Future Power System and Economic Resilience",2025-04-01,"Public Sector",Government,"National Body; Arm's Length Body; Policy Centre; Research Centre",Ireland,https://www.nesc.ie/publications/council_report_167_econ_resil/,https://app.overton.io/document.php?policy_document_id=inesc-3daf6100c4d804928e49395e979d9925,"European Commission; European Commission; H2020_REST (Special project, May 2022); H2020_REST_ThirdPillar (Special project, May 2022); Horizon 2020; Horizon 2020; Ministerio de Ciencia, Innovación y Universidades; Ministerio de Ciencia, Innovación y Universidades; Ministerio de Educación, Cultura y Deporte; Ministerio de Educación, Cultura y Deporte"
"Socio-technical discourses of European electricity decarbonization: Contesting narrative credibility and legitimacy with quantitative story-telling",10.1016/j.erss.2019.101279,"Energy Research & Social Science",2020-01-01T00:00:00+00:00,3,https://doi.org/10.1016/j.erss.2019.101279,jointresearcheu,"Joint Research Centre","Exploring new visions for a sustainable bioeconomy",2023-03-02,"Public Sector",Government,"International Body; IGO Department or Agency; Research Centre; Policy Centre; Commission",EU,https://publications.jrc.ec.europa.eu/repository/handle/JRC132650,https://app.overton.io/document.php?policy_document_id=jointresearcheu-7bc271ea8116a41cf918289ce76c1e23,"European Commission; European Commission; H2020_REST (Special project, May 2022); H2020_REST_ThirdPillar (Special project, May 2022); Horizon 2020; Horizon 2020; Ministerio de Ciencia, Innovación y Universidades; Ministerio de Ciencia, Innovación y Universidades; Ministerio de Educación, Cultura y Deporte; Ministerio de Educación, Cultura y Deporte"
"Comparison of methodologies for generation of future weather data for building thermal energy simulation",10.1016/j.enbuild.2019.109556,"Energy and Buildings",2020-01-01T00:00:00+00:00,1,https://doi.org/10.1016/j.enbuild.2019.109556,nygov,"New York State","Assessment of Future Typical Meterological Year Data Files",2021-12-06,"Public Sector",Government,"Regional or State Level Body; Mixed Roles; Public Service",USA,https://www.nyserda.ny.gov/-/media/Project/Nyserda/Files/Publications/Research/Environmental/21-01-Assessment-of-Future-Typical-Meterological-Year-Data-Files.pdf,https://app.overton.io/document.php?policy_document_id=nygov-57a04392a85a372c6759d7d39033c287,"Fundação para a Ciência e a Tecnologia; Fundação para a Ciência e a Tecnologia; Instituto Dom Luiz, Universidade de Lisboa; Instituto Dom Luiz, Universidade de Lisboa; Ministério da Educação e Ciência; Universidade de Lisboa"
"National-scale development and calibration of empirical models for predicting daily global solar radiation in China",10.1016/j.enconman.2019.112236,"Energy Conversion and Management",2020-01-01T00:00:00+00:00,1,https://doi.org/10.1016/j.enconman.2019.112236,wuppertal,"Wuppertal Institut","An in-depth review of key technologies and pathways to carbon neutrality : classification and assessment of decarbonization technologies",2025-06-04,"Third Sector","Think Tank","Research Centre; Policy Centre",Germany,https://epub.wupperinst.org/frontdoor/index/index/searchtype/all/docId/8869,https://app.overton.io/document.php?policy_document_id=wuppertal-9d6707a1d43e13ea93906c2c7bebc9d6,"National High-tech Research and Development Program; National Key Research and Development Program of China; National Key Research and Development Program of China; National Natural Science Foundation of China; National Natural Science Foundation of China; National Science and Technology Infrastructure Program"
"Analysis of the cooling effects of higher albedo surfaces during heat waves coupling the Weather Research and Forecasting model with building energy models",10.1016/j.enbuild.2019.109627,"Energy and Buildings",2020-01-01T00:00:00+00:00,2,https://doi.org/10.1016/j.enbuild.2019.109627,governmentofcanada,"Government of Canada","Mitigating UHI effects in Canadian communities using nature based solutions / authors: A. Hayes, Z. Jandaghian, M.A. Lacasse, T.V. Moore.: NR24-121/2023E-PDF Publications - Canada.ca",2023-01-01,"Public Sector",Government,"National Body; Mixed Roles; Public Service",Canada,http://publications.gc.ca/site/eng/9.923806/publication.html,https://app.overton.io/document.php?policy_document_id=governmentofcanada-4300144212616fc7e78cc6aefeb4b17c,"Agriculture and Agri-Food Canada; NSERC; Natural Sciences and Engineering Research Council of Canada; Ontario Ministry of Research Innovation and Science; Ontario Ministry of Research, Innovation and Science"
"Analysis of the cooling effects of higher albedo surfaces during heat waves coupling the Weather Research and Forecasting model with building energy models",10.1016/j.enbuild.2019.109627,"Energy and Buildings",2020-01-01T00:00:00+00:00,2,https://doi.org/10.1016/j.enbuild.2019.109627,governmentofcanada,"Government of Canada","Nature based solutions to mitigate urban heat island effects in Canadian cities : literature review / author(s): A. Hayes, Z. Jandaghian, M.A. Lacasse, A. Gaur, H. Lu, A. Laouadi.: NR24-119/2023E-PDF Publications - Canada.ca",2023-01-01,"Public Sector",Government,"National Body; Mixed Roles; Public Service",Canada,http://publications.gc.ca/site/eng/9.922309/publication.html,https://app.overton.io/document.php?policy_document_id=governmentofcanada-470a1ac1903dae441e3aff98881f90df,"Agriculture and Agri-Food Canada; NSERC; Natural Sciences and Engineering Research Council of Canada; Ontario Ministry of Research Innovation and Science; Ontario Ministry of Research, Innovation and Science"
"Techno-economic viability of islanded green ammonia as a carbon-free energy vector and as a substitute for conventional production",10.1039/d0ee01707h,"Energy Environ. Sci.",2020-01-01T00:00:00+00:00,9,https://doi.org/10.1039/d0ee01707h,cgiar,CGIAR,"Reducing Emissions from Fertilizers: Opportunities and Challenges",2025-01-23,"Third Sector","Think Tank","Research Centre; Initiative, Programme or Project; Policy Centre; Professional Network, Association, Union or Cooperative",France,https://hdl.handle.net/10568/169700,https://app.overton.io/document.php?policy_document_id=cgiar-426f369995d0765128cc7e5a5356267a,"Engineering and Physical Sciences Research Council; Engineering and Physical Sciences Research Council; UK Research and Innovation; UKRI (Special project, May 2022)"
"Techno-economic viability of islanded green ammonia as a carbon-free energy vector and as a substitute for conventional production",10.1039/d0ee01707h,"Energy Environ. Sci.",2020-01-01T00:00:00+00:00,9,https://doi.org/10.1039/d0ee01707h,governmentofindia,"Government of India","Greening Steel",2021-09-20,"Public Sector",Government,"National Body; Mixed Roles; Public Service",India,https://nghm.mnre.gov.in/admin/uploads/resources/166963465817085ceew-study-on-clean-and-carbon-neutral-hydrogen-based-steel-production.pdf,https://app.overton.io/document.php?policy_document_id=governmentofindia-1ee7a10f9ede352548a2842232b79332,"Engineering and Physical Sciences Research Council; Engineering and Physical Sciences Research Council; UK Research and Innovation; UKRI (Special project, May 2022)"
"Techno-economic viability of islanded green ammonia as a carbon-free energy vector and as a substitute for conventional production",10.1039/d0ee01707h,"Energy Environ. Sci.",2020-01-01T00:00:00+00:00,9,https://doi.org/10.1039/d0ee01707h,governmentofindia,"Government of India","Innovation Outlook: Renewable Ammonia",2022-05-18,"Public Sector",Government,"National Body; Mixed Roles; Public Service",India,https://nghm.mnre.gov.in/admin/uploads/resources/166963338798745IRENA_Innovation_Outlook_Ammonia_2022.pdf,https://app.overton.io/document.php?policy_document_id=governmentofindia-65ef411b72ed74161d0d767d9a47d16e,"Engineering and Physical Sciences Research Council; Engineering and Physical Sciences Research Council; UK Research and Innovation; UKRI (Special project, May 2022)"
"Techno-economic viability of islanded green ammonia as a carbon-free energy vector and as a substitute for conventional production",10.1039/d0ee01707h,"Energy Environ. Sci.",2020-01-01T00:00:00+00:00,9,https://doi.org/10.1039/d0ee01707h,icct,"The International Council of Clean Transportation","The economics and greenhouse gas emissions of renewable hydrogen and e-fuels imported in the European Union",2025-06-18,"Third Sector","Think Tank","Research Centre; Policy Centre; Monitoring or Regulatory Body; Consultancy",USA,https://theicct.org/publication/economics-and-ghg-emissions-of-renewable-hydrogen-and-efuels-imported-eu-jun25-2/,https://app.overton.io/document.php?policy_document_id=icct-b5f50f2b0c7250db043460bbd3071b0a,"Engineering and Physical Sciences Research Council; Engineering and Physical Sciences Research Council; UK Research and Innovation; UKRI (Special project, May 2022)"
"Techno-economic viability of islanded green ammonia as a carbon-free energy vector and as a substitute for conventional production",10.1039/d0ee01707h,"Energy Environ. Sci.",2020-01-01T00:00:00+00:00,9,https://doi.org/10.1039/d0ee01707h,irena,"International Renewable Energy Agency","Global Hydrogen Trade to Meet the 1.5°C Climate Goal: Part II",2022-04-22,"Public Sector",IGO,"International Body; IGO Department or Agency; Policy Centre; Monitoring or Regulatory Body; Research Centre",IGO,https://www.irena.org/publications/2022/Apr/Global-hydrogen-trade-Part-II,https://app.overton.io/document.php?policy_document_id=irena-58c2798d3dc65e151cd8cb6f5e8b8880,"Engineering and Physical Sciences Research Council; Engineering and Physical Sciences Research Council; UK Research and Innovation; UKRI (Special project, May 2022)"
"Techno-economic viability of islanded green ammonia as a carbon-free energy vector and as a substitute for conventional production",10.1039/d0ee01707h,"Energy Environ. Sci.",2020-01-01T00:00:00+00:00,9,https://doi.org/10.1039/d0ee01707h,irena,"International Renewable Energy Agency","Innovation Outlook: Renewable Ammonia",2022-05-18,"Public Sector",IGO,"International Body; IGO Department or Agency; Policy Centre; Monitoring or Regulatory Body; Research Centre",IGO,https://www.irena.org/publications/2022/May/Innovation-Outlook-Renewable-Ammonia,https://app.overton.io/document.php?policy_document_id=irena-9cca80a228cf3a2ecbd303a293fe21cc,"Engineering and Physical Sciences Research Council; Engineering and Physical Sciences Research Council; UK Research and Innovation; UKRI (Special project, May 2022)"
"Techno-economic viability of islanded green ammonia as a carbon-free energy vector and as a substitute for conventional production",10.1039/d0ee01707h,"Energy Environ. Sci.",2020-01-01T00:00:00+00:00,9,https://doi.org/10.1039/d0ee01707h,irena,"International Renewable Energy Agency","Global Hydrogen Trade to Meet the 1.5°C Climate Goal: Technology Review of Hydrogen Carriers",2022-04-27,"Public Sector",IGO,"International Body; IGO Department or Agency; Policy Centre; Monitoring or Regulatory Body; Research Centre",IGO,https://www.irena.org/Publications/2022/Apr/Global-hydrogen-trade-Part-II,https://app.overton.io/document.php?policy_document_id=irena-ce00ea223e0f7cb3ff19ca559d4af99e,"Engineering and Physical Sciences Research Council; Engineering and Physical Sciences Research Council; UK Research and Innovation; UKRI (Special project, May 2022)"
"Techno-economic viability of islanded green ammonia as a carbon-free energy vector and as a substitute for conventional production",10.1039/d0ee01707h,"Energy Environ. Sci.",2020-01-01T00:00:00+00:00,9,https://doi.org/10.1039/d0ee01707h,jointresearcheu,"Joint Research Centre","Decarbonising the Haber-Bosch ammonia industry: from technical barriers to market deployment",2026-07-23,"Public Sector",Government,"International Body; IGO Department or Agency; Research Centre; Policy Centre; Commission",EU,https://publications.jrc.ec.europa.eu/repository/handle/JRC147467,https://app.overton.io/document.php?policy_document_id=jointresearcheu-b62901a8a1f2f24a6252828a8b49725e,"Engineering and Physical Sciences Research Council; Engineering and Physical Sciences Research Council; UK Research and Innovation; UKRI (Special project, May 2022)"
"Techno-economic viability of islanded green ammonia as a carbon-free energy vector and as a substitute for conventional production",10.1039/d0ee01707h,"Energy Environ. Sci.",2020-01-01T00:00:00+00:00,9,https://doi.org/10.1039/d0ee01707h,umweltbundesamt,"Umweltbundesamt (UBA)","Überblick zur Kostenentwicklung von strombasierten erneuerbaren Energieträgern",2025-08-06,"Public Sector",Government,"National Body; Government Agency; Research Centre; Monitoring or Regulatory Body",Germany,https://www.umweltbundesamt.de/publikationen/ueberblick-zur-kostenentwicklung-von-strombasierten,https://app.overton.io/document.php?policy_document_id=umweltbundesamt-870c1dbb75e8a2b3d3360df55ca24028,"Engineering and Physical Sciences Research Council; Engineering and Physical Sciences Research Council; UK Research and Innovation; UKRI (Special project, May 2022)"
"The IEEE Reliability Test System: A Proposed 2019 Update",10.1109/tpwrs.2019.2925557,"IEEE Transactions on Power Systems",2020-01-01T00:00:00+00:00,8,https://doi.org/10.1109/tpwrs.2019.2925557,gpogov,"Government Publishing Office (GPO)","Scalable stochastic transmission expansion : a use case for ExaSGD /",2020-04-29,"Public Sector",Government,"National Body; Mixed Roles; Public Service",USA,https://purl.fdlp.gov/GPO/gpo193741,https://app.overton.io/document.php?policy_document_id=gpogov-330392a49d8d8254cd090650e4d8f0de,
"The IEEE Reliability Test System: A Proposed 2019 Update",10.1109/tpwrs.2019.2925557,"IEEE Transactions on Power Systems",2020-01-01T00:00:00+00:00,8,https://doi.org/10.1109/tpwrs.2019.2925557,gpogov,"Government Publishing Office (GPO)","Impacts of price formation efforts considering high renewable penetration levels and system resource adequacy targets /",2020-05-29,"Public Sector",Government,"National Body; Mixed Roles; Public Service",USA,https://purl.fdlp.gov/GPO/gpo145915,https://app.overton.io/document.php?policy_document_id=gpogov-3323fca70830da9f5ae930a10b2a5349,
"The IEEE Reliability Test System: A Proposed 2019 Update",10.1109/tpwrs.2019.2925557,"IEEE Transactions on Power Systems",2020-01-01T00:00:00+00:00,8,https://doi.org/10.1109/tpwrs.2019.2925557,gpogov,"Government Publishing Office (GPO)","Adapting existing energy planning, simulation, and operational models for resilience analysis /",2020-02-25,"Public Sector",Government,"National Body; Mixed Roles; Public Service",USA,https://purl.fdlp.gov/GPO/gpo143452,https://app.overton.io/document.php?policy_document_id=gpogov-cefcc4dc3c5aa7d821a9bc9f9edea1d0,
"The IEEE Reliability Test System: A Proposed 2019 Update",10.1109/tpwrs.2019.2925557,"IEEE Transactions on Power Systems",2020-01-01T00:00:00+00:00,8,https://doi.org/10.1109/tpwrs.2019.2925557,nrelosti,"National Renewable Energy Laboratory","Adapting Existing Energy Planning, Simulation, and Operational Models for Resilience Analysis",2020-02-25,"Public Sector",Government,"National Body; Arm's Length Body; Research Centre; Policy Centre",USA,https://www.osti.gov/biblio/1602705,https://app.overton.io/document.php?policy_document_id=nrelosti-068e67aee4d25b9da56d46f2847c45d9,
"The IEEE Reliability Test System: A Proposed 2019 Update",10.1109/tpwrs.2019.2925557,"IEEE Transactions on Power Systems",2020-01-01T00:00:00+00:00,8,https://doi.org/10.1109/tpwrs.2019.2925557,nrelosti,"National Renewable Energy Laboratory","The Value of Increased HVDC Capacity Between Eastern and Western U.S. Grids: The Interconnections Seam Study",2020-10-01,"Public Sector",Government,"National Body; Arm's Length Body; Research Centre; Policy Centre",USA,https://www.osti.gov/biblio/1696787,https://app.overton.io/document.php?policy_document_id=nrelosti-2c88960a9bc0d924cb236824c1ea878b,
"The IEEE Reliability Test System: A Proposed 2019 Update",10.1109/tpwrs.2019.2925557,"IEEE Transactions on Power Systems",2020-01-01T00:00:00+00:00,8,https://doi.org/10.1109/tpwrs.2019.2925557,nrelosti,"National Renewable Energy Laboratory","Simultaneous Design and Operation of a Coal-Fired Hybrid Energy System with Integrated Thermal Energy Storage",2023-11-29,"Public Sector",Government,"National Body; Arm's Length Body; Research Centre; Policy Centre",USA,https://www.osti.gov/biblio/2350830,https://app.overton.io/document.php?policy_document_id=nrelosti-58ddcb932226830ad353336652fd0bc2,
"The IEEE Reliability Test System: A Proposed 2019 Update",10.1109/tpwrs.2019.2925557,"IEEE Transactions on Power Systems",2020-01-01T00:00:00+00:00,8,https://doi.org/10.1109/tpwrs.2019.2925557,nrelosti,"National Renewable Energy Laboratory","Impacts of Price Formation Efforts Considering High Renewable Penetration Levels and System Resource Adequacy Targets",2020-05-01,"Public Sector",Government,"National Body; Arm's Length Body; Research Centre; Policy Centre",USA,https://www.osti.gov/biblio/1659808,https://app.overton.io/document.php?policy_document_id=nrelosti-61581e16c4cf2bf0b43b736252731b07,
"The IEEE Reliability Test System: A Proposed 2019 Update",10.1109/tpwrs.2019.2925557,"IEEE Transactions on Power Systems",2020-01-01T00:00:00+00:00,8,https://doi.org/10.1109/tpwrs.2019.2925557,nrelosti,"National Renewable Energy Laboratory","Multi-Fidelity Stochastic Economic Dispatch for Operating Low Carbon Power Grids",2022-07-28,"Public Sector",Government,"National Body; Arm's Length Body; Research Centre; Policy Centre",USA,https://www.osti.gov/biblio/1879646,https://app.overton.io/document.php?policy_document_id=nrelosti-b9718b02ec57eec9f64b6f4479d8711f,
"A Novel CNN-GRU-Based Hybrid Approach for Short-Term Residential Load Forecasting",10.1109/access.2020.3009537,"IEEE Access",2020-01-01T00:00:00+00:00,1,https://doi.org/10.1109/access.2020.3009537,boe,"Boletín Oficial del Estado","Comparativa de arquitecturas de redes neuronales para modelización de variables económicas",2022-03-21,"Public Sector",Government,"National Body; Public Service; Archive",Spain,https://cpage.mpr.gob.es/producto/comparativa-de-arquitecturas-de-redes-neuronales-para-modelizacion-de-variables-economicas/,https://app.overton.io/document.php?policy_document_id=boe-441cbad142ed4e7baa27f2f87d3bee32,"Ministry of Science and ICT, South Korea; National Research Foundation; National Research Foundation of Korea; National Research Foundation of Korea (NRF) funded by the Ministry of Science and ICT (MSIT), Korea Government"
"Degradation Cost Analysis of Li-Ion Batteries in the Capacity Market with Different Degradation Models",10.3390/electronics9010090,Electronics,2020-01-01T00:00:00+00:00,2,https://doi.org/10.3390/electronics9010090,nrelosti,"National Renewable Energy Laboratory","FY19-FY21 Final Technical Report: Foundational Open Source Solar System Modeling Through Improvement and Validation of the System Advisor Model and PVWatts",2022-05-26,"Public Sector",Government,"National Body; Arm's Length Body; Research Centre; Policy Centre",USA,https://www.osti.gov/biblio/1870820,https://app.overton.io/document.php?policy_document_id=nrelosti-141cda56ad572060bcd166904b02758d,
"Degradation Cost Analysis of Li-Ion Batteries in the Capacity Market with Different Degradation Models",10.3390/electronics9010090,Electronics,2020-01-01T00:00:00+00:00,2,https://doi.org/10.3390/electronics9010090,ukparliament_select,"UK Parliament Select Committee Publications","BAT0015 - Role of batteries and fuel cells in achieving Net Zero",2021-04-15,"Public Sector","Legislative Body","National Body; Parliament, Senate or Congress; Committee",UK,https://committees.parliament.uk/writtenevidence/25285/pdf/,https://app.overton.io/document.php?policy_document_id=ukparliament_select-b817f507d01ff15774a2d93000be19dd,
"Health and financial impacts of demand-side response measures differ across sociodemographic groups",10.1038/s41560-019-0507-y,"Nature Energy",2019-12-16T00:00:00+00:00,12,https://doi.org/10.1038/s41560-019-0507-y,cafbank,"CAF - Banco de Desarrollo de América Latina y el Caribe","IDEAL 2021: Reducing service gaps: how digitalization can improve the use of infrastructure",2021-07-23,"Third Sector",IGO,"International Body; Financial Institution or Bank; Development Bank",Venezuela,https://scioteca.caf.com/handle/123456789/1763,https://app.overton.io/document.php?policy_document_id=cafbank-1364a2f00232bf775714c379f5217cbc,
"Health and financial impacts of demand-side response measures differ across sociodemographic groups",10.1038/s41560-019-0507-y,"Nature Energy",2019-12-16T00:00:00+00:00,12,https://doi.org/10.1038/s41560-019-0507-y,cafbank,"CAF - Banco de Desarrollo de América Latina y el Caribe","IDEAL 2021: O impacto da digitalização para reduzir lacunas e melhorar os serviços de infraestrutura",2021-07-23,"Third Sector",IGO,"International Body; Financial Institution or Bank; Development Bank",Venezuela,https://scioteca.caf.com/handle/123456789/1764,https://app.overton.io/document.php?policy_document_id=cafbank-30b8d0ddb4ef20ad781259631367315a,
"Health and financial impacts of demand-side response measures differ across sociodemographic groups",10.1038/s41560-019-0507-y,"Nature Energy",2019-12-16T00:00:00+00:00,12,https://doi.org/10.1038/s41560-019-0507-y,cafbank,"CAF - Banco de Desarrollo de América Latina y el Caribe","IDEAL 2021: El impacto de la digitalización para reducir brechas y mejorar los servicios de infraestructura",2021-07-23,"Third Sector",IGO,"International Body; Financial Institution or Bank; Development Bank",Venezuela,https://scioteca.caf.com/handle/123456789/1762,https://app.overton.io/document.php?policy_document_id=cafbank-6087a6a61d674c19cad12b742ffc30e9,
"Health and financial impacts of demand-side response measures differ across sociodemographic groups",10.1038/s41560-019-0507-y,"Nature Energy",2019-12-16T00:00:00+00:00,12,https://doi.org/10.1038/s41560-019-0507-y,esridublin,ESRI,"Efficient ways of communicating time-of-use electricity tariffs in Ireland: Plain and simple",2021-07-01,"Third Sector","Think Tank","Research Centre; Policy Centre",Ireland,https://www.esri.ie/publications/efficient-ways-of-communicating-time-of-use-electricity-tariffs-in-ireland-plain-and,https://app.overton.io/document.php?policy_document_id=esridublin-ad8584122434daa9fed98638097d77d2,
"Health and financial impacts of demand-side response measures differ across sociodemographic groups",10.1038/s41560-019-0507-y,"Nature Energy",2019-12-16T00:00:00+00:00,12,https://doi.org/10.1038/s41560-019-0507-y,govuk,"The UK Government","Participation of low income and vulnerable consumers in a smart energy system",2021-06-18,"Public Sector",Government,"National Body; Mixed Roles; Public Service",UK,https://www.gov.uk/government/publications/participation-of-low-income-and-vulnerable-consumers-in-a-smart-energy-system,https://app.overton.io/document.php?policy_document_id=govuk-6d6c6fd33cd97dc2765f9d29cc95af8c,
"Health and financial impacts of demand-side response measures differ across sociodemographic groups",10.1038/s41560-019-0507-y,"Nature Energy",2019-12-16T00:00:00+00:00,12,https://doi.org/10.1038/s41560-019-0507-y,gpogov,"Government Publishing Office (GPO)","The demand-side opportunity: the roles of distributed solar and building energy systems in a decarbonized grid /",2021-09-03,"Public Sector",Government,"National Body; Mixed Roles; Public Service",USA,https://purl.fdlp.gov/GPO/gpo176082,https://app.overton.io/document.php?policy_document_id=gpogov-2d06c7a1485e7eadfb744e8176f3da24,
"Health and financial impacts of demand-side response measures differ across sociodemographic groups",10.1038/s41560-019-0507-y,"Nature Energy",2019-12-16T00:00:00+00:00,12,https://doi.org/10.1038/s41560-019-0507-y,napedu,"National Academies of Sciences, Engineering, and Medicine","The Role of Net Metering in the Evolving Electricity System",2023-05-11,"Public Sector",Government,"National Body; Knowledge Brokerage; Research Center; Learned Society",USA,https://www.nationalacademies.org/publications/26704,https://app.overton.io/document.php?policy_document_id=napedu-dbe1d92e0da2b619ef608299951eb82f,
"Health and financial impacts of demand-side response measures differ across sociodemographic groups",10.1038/s41560-019-0507-y,"Nature Energy",2019-12-16T00:00:00+00:00,12,https://doi.org/10.1038/s41560-019-0507-y,nrelosti,"National Renewable Energy Laboratory","The Demand-Side Opportunity: The Roles of Distributed Solar and Building Energy Systems in a Decarbonized Grid",2021-09-01,"Public Sector",Government,"National Body; Arm's Length Body; Research Centre; Policy Centre",USA,https://www.osti.gov/biblio/1820102,https://app.overton.io/document.php?policy_document_id=nrelosti-8394be481bbbf137b4620401f93727c5,
"Health and financial impacts of demand-side response measures differ across sociodemographic groups",10.1038/s41560-019-0507-y,"Nature Energy",2019-12-16T00:00:00+00:00,12,https://doi.org/10.1038/s41560-019-0507-y,stateofmichigan,"State of Michigan","Low-Income Energy Affordability : Conclusions from a Literature Review",2020-03-25,"Public Sector",Government,"Regional or State Level Body; Mixed Roles; Public Service",USA,https://www.michigan.gov/mpsc/-/media/Project/Websites/mpsc/workgroups/eaac/low-income_energy_affordability_literature_review_march_2020.pdf?rev=0c8e6e8dfe1b49fba789f3194ff8abbf&hash=120F80BFC36F5437E2D51087AEA02732,https://app.overton.io/document.php?policy_document_id=stateofmichigan-c05a6cf4d5d01422ed4a24ece6cd9cd4,
"Health and financial impacts of demand-side response measures differ across sociodemographic groups",10.1038/s41560-019-0507-y,"Nature Energy",2019-12-16T00:00:00+00:00,12,https://doi.org/10.1038/s41560-019-0507-y,stateofwashington,"State of Washington","Washington State 2021 Energy Strategy Bibliography",2020-12-28,"Public Sector",Government,"Regional or State Level Body; Mixed Roles; Public Service",USA,https://www.commerce.wa.gov/wp-content/uploads/2020/12/Appendix-J.-Bibliography-Final.pdf,https://app.overton.io/document.php?policy_document_id=stateofwashington-02d9078026155d6e8a13c2a99af9c308,
"Health and financial impacts of demand-side response measures differ across sociodemographic groups",10.1038/s41560-019-0507-y,"Nature Energy",2019-12-16T00:00:00+00:00,12,https://doi.org/10.1038/s41560-019-0507-y,stateofwesternaustralia,"State of Western Australia","Encourage the taking of measures to manage the amount of electricity used and when it is used.",2023-03-10,"Public Sector",Government,"Regional or State Level Body; Mixed Roles; Public Service",Australia,https://www.wa.gov.au/system/files/2023-06/wa-council-of-social-service-submission-on-consultation-on-the-state-electricity-objective.pdf,https://app.overton.io/document.php?policy_document_id=stateofwesternaustralia-0149c7a7141ba922f4d4958236a4c368,
"Health and financial impacts of demand-side response measures differ across sociodemographic groups",10.1038/s41560-019-0507-y,"Nature Energy",2019-12-16T00:00:00+00:00,12,https://doi.org/10.1038/s41560-019-0507-y,uncepal,"United Nations CEPAL","Seguridad hídrica y energética en América Latina y el Caribe: definición y aproximación territorial para el análisis de brechas y riesgos de la población",2020-11-20,"Public Sector",IGO,"International Body; Arm's Length Body; Commission; Top-Level Authority",IGO,https://hdl.handle.net/11362/46408,https://app.overton.io/document.php?policy_document_id=uncepal-5821b0f600e2501497a8b7d4af71b10a,
"A survey and classification of the workload forecasting methods in cloud computing",10.1007/s10586-019-03010-3,"Cluster Computing",2019-12-05T00:00:00+00:00,1,https://doi.org/10.1007/s10586-019-03010-3,cset,"Center for Security and Emerging Technology (CSET)","Operationalizing AI Guidance: A Reference Guide for Translating High-Level Goals into Practical Implementation | Center for Security and Emerging Technology",2026-04-01,"Third Sector","Think Tank","Research Centre; Policy Centre",USA,https://cset.georgetown.edu/publication/operationalizing-ai-guidance-a-reference-guide-for-translating-high-level-goals-into-practical-implementation/,https://app.overton.io/document.php?policy_document_id=cset-5019bd350c6fc643e74f1a4b586e9547,
"Bioenergetic potential assessment of the agricultural sector of the Ukrainian economy",10.1108/ijesm-04-2019-0015,"International Journal of Energy Sector Management",2019-11-18T00:00:00+00:00,1,https://doi.org/10.1108/ijesm-04-2019-0015,seise,"Stockholm Environment Institute","Air pollution and the world of work: policies, initiatives and the current situation – a scoping and evidence review for Southeast and East Asia",2022-10-06,"Third Sector","Think Tank","Research Centre; Policy Centre",Sweden,https://www.sei.org/publications/air-pollution-work-asia/,https://app.overton.io/document.php?policy_document_id=seise-6813d13f1d5dbd8dde9f92d01c06f74e,
"High‐frequency standard deviation of the capacity factor of renewable energy facilities: Part 1—Solar photovoltaic",10.1002/est2.101,"Energy Storage",2019-11-10T00:00:00+00:00,1,https://doi.org/10.1002/est2.101,ipaau,"Institute of Public Affairs","The hidden green energy tax forcing Australians to prop up foreign owned renewables",2025-05-22,"Private Sector","Think Tank","Policy Centre; Research Centre",Australia,https://ipa.org.au/publications-ipa/research-note/the-hidden-green-energy-tax-forcing-australians-to-prop-up-foreign-owned-renewables,https://app.overton.io/document.php?policy_document_id=ipaau-6906b3f55509003128a1ac716fd38e38,
"Scalable Visualization Methods for Modern Generalized Additive Models",10.1080/10618600.2019.1629942,"Journal of Computational and Graphical Statistics",2019-07-19T00:00:00+00:00,3,https://doi.org/10.1080/10618600.2019.1629942,governmentofcanada,"Government of Canada","Southern Gulf of St. Lawrence Rock Crab (Cancer irroratus) stock review to 2023 / Andrew Harbicht, Natalie C. Asselin, Éliane Aubry, Fabiola Akaishi.: Fs70-5/2025-062E-PDF",2025-10-01,"Public Sector",Government,"National Body; Mixed Roles; Public Service",Canada,https://publications.gc.ca/site/eng/9.954692/publication.html,https://app.overton.io/document.php?policy_document_id=governmentofcanada-6f62b1b4dfe1434f62290f2d1c683be5,"EDF; EPSRC; EPSRC; EPSRC June 2021; Engineering and Physical Sciences Research Council; UK Research and Innovation; UKRI (Special project, May 2022)"
"Scalable Visualization Methods for Modern Generalized Additive Models",10.1080/10618600.2019.1629942,"Journal of Computational and Graphical Statistics",2019-07-19T00:00:00+00:00,3,https://doi.org/10.1080/10618600.2019.1629942,governmentofcanada,"Government of Canada","Southern Gulf of St. Lawrence Rock Crab (Cancer irroratus) stock review to 2023 / Andrew Harbicht, Natalie C. Asselin, Éliane Aubry, Fabiola Akaishi.: Fs70-5/2025-062E-PDF Publications - Canada.ca",2025-10-01,"Public Sector",Government,"National Body; Mixed Roles; Public Service",Canada,http://publications.gc.ca/site/eng/9.954692/publication.html,https://app.overton.io/document.php?policy_document_id=governmentofcanada-d9feaefc5a08fec8519e38f91ce02063,"EDF; EPSRC; EPSRC; EPSRC June 2021; Engineering and Physical Sciences Research Council; UK Research and Innovation; UKRI (Special project, May 2022)"
"Scalable Visualization Methods for Modern Generalized Additive Models",10.1080/10618600.2019.1629942,"Journal of Computational and Graphical Statistics",2019-07-19T00:00:00+00:00,3,https://doi.org/10.1080/10618600.2019.1629942,primarynz,"New Zealand Ministry for Primary Industries","FAR 2020/35 Investigation of potential CPUE model improvements for the primary index of Southern Bluefin Tuna abundance.",2020-10-29,"Public Sector",Government,"National Body; Government Department","New Zealand",https://www.mpi.govt.nz/dmsdocument/42718-FAR-202035-Investigation-of-potential-CPUE-model-improvements-for-the-primary-index-of-Southern-Bluefin-Tuna-abundance.,https://app.overton.io/document.php?policy_document_id=primarynz-ae0bb995e67a5c7c50479ae29b993f9f,"EDF; EPSRC; EPSRC; EPSRC June 2021; Engineering and Physical Sciences Research Council; UK Research and Innovation; UKRI (Special project, May 2022)"
"Advanced Numerical Methodology to Analyze High-Temperature Wire-Net Compact Heat Exchangers For a Micro-Combined Heat and Power System Application",10.1080/01457632.2019.1589984,"Heat Transfer Engineering",2019-07-15T00:00:00+00:00,1,https://doi.org/10.1080/01457632.2019.1589984,cordisbe,CORDIS,"Research and training network on MIniaturized Gas flow for Applications with enhanced Thermal Effects",2020-04-24,"Public Sector",Government,"Public Data Body or Statistics; Archive; Public Service; Mixed Roles",EU,https://ec.europa.eu/research/participants/documents/downloadPublic?documentIds=080166e5cb300098&appId=PPGMS,https://app.overton.io/document.php?policy_document_id=cordisbe-e8dc12d19c410f95b2b8f0baeb2770aa,"H2020_REST (Special project, May 2022); H2020_REST_FirstPillar (Special project, May 2022)"
"Fischer-Tropsch products from biomass-derived syngas and renewable hydrogen",10.1007/s13399-019-00459-5,"Biomass Conversion and Biorefinery",2019-06-22T00:00:00+00:00,2,https://doi.org/10.1007/s13399-019-00459-5,europa,"Publications Office of the European Union","Clean Energy Technology Observatory, Renewable fuels of non-biological origin in the European Union : status report on technology development, trends, value chains and markets : 2022.",2022-11-16,"Public Sector",Government,"International Body; Public Data Body or Statistics; Archive; Public Service",EU,https://op.europa.eu/en/publication-detail/-/publication/4d6fb76e-662a-11ed-9f85-01aa75ed71a1/language-en/format-PDF,https://app.overton.io/document.php?policy_document_id=europa-de615f87b7d59e8d9337407dcfb3e448,"Klima- und Energiefonds; Klima- und Energiefonds; Technische Universität Wien"
"Fischer-Tropsch products from biomass-derived syngas and renewable hydrogen",10.1007/s13399-019-00459-5,"Biomass Conversion and Biorefinery",2019-06-22T00:00:00+00:00,2,https://doi.org/10.1007/s13399-019-00459-5,jointresearcheu,"Joint Research Centre","Clean Energy Technology Observatory: Renewable Fuels of Non-Biological Origin in the European Union – 2022 Status Report on Technology Development, Trends, Value Chains and Markets",2022-11-11,"Public Sector",Government,"International Body; IGO Department or Agency; Research Centre; Policy Centre; Commission",EU,https://publications.jrc.ec.europa.eu/repository/handle/JRC130729,https://app.overton.io/document.php?policy_document_id=jointresearcheu-65644538582894953eec0ff4ff4c1384,"Klima- und Energiefonds; Klima- und Energiefonds; Technische Universität Wien"
"Machine learning applied to wind turbine blades impact detection",10.1177/0309524x19849859,"Wind Engineering",2019-05-29T00:00:00+00:00,1,https://doi.org/10.1177/0309524x19849859,govwales,"The Welsh Government","Monitoring interactions between animals and tidal energy devices: report",2021-07-15,"Public Sector",Government,"Regional or State Level Body; National Body; Mixed Roles; Public Service",UK,https://www.gov.wales/monitoring-interactions-between-animals-and-tidal-energy-devices-report,https://app.overton.io/document.php?policy_document_id=govwales-f51873eab68fd8b7713541b583a33f87,
"Optimal greenhouse lighting scheduling using canopy light distribution model: A simulation study on tomatoes",10.1177/1477153519825995,"Lighting Research & Technology",2019-03-01T00:00:00+00:00,1,https://doi.org/10.1177/1477153519825995,cdc,"Centers for Disease Control and Prevention (CDC)","Non-Ionizing Radiation Modeling to Predict Ambient Irradiance in Work Areas at an Indoor Cannabis Farm",2023-01-01,"Public Sector",Government,"National Body; Government Agency; Healthcare Service, Body or Agency; Monitoring or Regulatory Body",USA,https://stacks.cdc.gov/view/cdc/230577,https://app.overton.io/document.php?policy_document_id=cdc-92051ded16e338286e40bff4894c0239,
