Title,DOI,Journal,"Published on","Policy citation count",URL,"Cited by source ID","Cited by source","Cited by title","Cited by date","Cited by organisation sector","Cited by organisation type","Cited by organisation function","Cited by country","Cited by URL","Document page","Article funder(s)"
"Flexibility through thermal energy storage: cost-effective electrification of European district heating networks",10.1016/j.energy.2026.141177,Energy,2026-08-01T00:00:00+00:00,1,https://doi.org/10.1016/j.energy.2026.141177,potsdaminstitute,"Potsdam-Institut für Klimafolgenforschung (PIK)","Was sind eigentlich Wärmespeicher und wofür brauchen wir sie in der Energiewende?",2026-05-07,"Third Sector","Think Tank","Research Centre",Germany,https://publications.pik-potsdam.de/pubman/item/item_34419_1,https://app.overton.io/document.php?policy_document_id=potsdaminstitute-23707ebcb53f4c64562b13f3a8106ce8,
"A global, proxy-based assessment of building climatization vulnerability",10.1038/s41598-026-58888-y,"Scientific Reports",2026-07-28T00:00:00+00:00,1,https://doi.org/10.1038/s41598-026-58888-y,jointresearcheu,"Joint Research Centre","Earth Observation in Support of Compliance Assurance across EU Policies",2026-09-01,"Public Sector",Government,"International Body; IGO Department or Agency; Research Centre; Policy Centre; Commission",EU,https://publications.jrc.ec.europa.eu/repository/handle/JRC147232,https://app.overton.io/document.php?policy_document_id=jointresearcheu-3f98a924e722c1b30bb66afed3d4b5ca,
"Behavioral insights into vehicle-to-grid (V2G) adoption: Beyond economic perspectives",10.1016/j.rser.2025.116603,"Renewable and Sustainable Energy Reviews",2026-03-01T00:00:00+00:00,2,https://doi.org/10.1016/j.rser.2025.116603,risesweden,"Sveriges Forskningsinstitut","Nulägesanalys V2X",2026-04-17,"Public Sector",Government,"National Body; Arm's Length Body; Research Council; Research Centre; Policy Centre",Sweden,https://ri.diva-portal.org/smash/record.jsf?dswid=-6052&pid=diva2%3A2056127&c=25&searchType=RESEARCH&language=sv&query=&af=%5B%22hasFulltext%3Atrue%22%5D&aq=%5B%5B%5D%5D&aq2=%5B%5B%7B%22organisationId%22%3A%22882940%22%2C%22organisationId-Xtra%22%3Atrue%7D%2C%7B%22publicationTypeCode%22%3A%5B%22report%22%5D%7D%5D%5D&aqe=%5B%5D&noOfRows=250&sortOrder=dateIssued_sort_desc&sortOrder2=title_sort_asc&onlyFullText=false&sf=all,https://app.overton.io/document.php?policy_document_id=risesweden-71717cf7b80893d9489c845c9002fcf2,
"Behavioral insights into vehicle-to-grid (V2G) adoption: Beyond economic perspectives",10.1016/j.rser.2025.116603,"Renewable and Sustainable Energy Reviews",2026-03-01T00:00:00+00:00,2,https://doi.org/10.1016/j.rser.2025.116603,risesweden,"Sveriges Forskningsinstitut","Nulägesanalys V2X",2026-04-17,"Public Sector",Government,"National Body; Arm's Length Body; Research Council; Research Centre; Policy Centre",Sweden,https://ri.diva-portal.org/smash/record.jsf?dswid=1738&pid=diva2%3A2056127&c=32&searchType=RESEARCH&language=sv&query=&af=%5B%22hasFulltext%3Atrue%22%5D&aq=%5B%5B%5D%5D&aq2=%5B%5B%7B%22organisationId%22%3A%22882940%22%2C%22organisationId-Xtra%22%3Atrue%7D%2C%7B%22publicationTypeCode%22%3A%5B%22report%22%5D%7D%5D%5D&aqe=%5B%5D&noOfRows=250&sortOrder=dateIssued_sort_desc&sortOrder2=title_sort_asc&onlyFullText=false&sf=all,https://app.overton.io/document.php?policy_document_id=risesweden-bdabaccac55a885669d0417992d5a5a4,
"Achieving renewable energy capacity targets through multi-technology auctions: An Indian perspective",10.1016/j.enpol.2025.114948,"Energy Policy",2026-02-01T00:00:00+00:00,1,https://doi.org/10.1016/j.enpol.2025.114948,diwde,"Deutsches Institut für Wirtschaftsforschung (DIW)","Non-Price Criteria in Renewable Energy Auctions and Consequences for the European Solar PV Industry : Non-Price Criteria in Renewable Energy Auctions and Consequences for the European Solar PV Industry",2026-01-27,"Third Sector","Think Tank","Research Centre; Policy Centre",Germany,https://www.diw.de/de/diw_01.c.997094.de/publikationen/diskussionspapiere/2026_2153/non-price_criteria_in_renewable_energy_auctions_and_consequences_for_the_european_solar_pv_industry.html,https://app.overton.io/document.php?policy_document_id=diwde-29ff583f3ad089795e46e27deaccb729,
"Socio-Demographic insights on urban building energy consumption",10.1016/j.enbuild.2025.116793,"Energy and Buildings",2026-02-01T00:00:00+00:00,1,https://doi.org/10.1016/j.enbuild.2025.116793,provinceofquebec,"Province of Québec","Un parc immobilier sobre en carbone et en énergie, résilient et abordable",2026-06-03,"Public Sector",Government,"Regional or State Level Body; Mixed Roles; Public Service",Canada,https://cdn-contenu.quebec.ca/cdn-contenu/adm/org/comite-consultatif-changements-climatiques/avis/avis-parc-immobilier-sobre-carbone-energie-resilient-abordable.pdf,https://app.overton.io/document.php?policy_document_id=provinceofquebec-c40997fc3bc2fff4fc41f114092de16f,
"Solar-driven direct air capture to produce sustainable aviation fuel",10.1038/s41467-025-67977-x,"Nature Communications",2026-01-08T00:00:00+00:00,1,https://doi.org/10.1038/s41467-025-67977-x,bipartisan,"Bipartisan Policy Center","Beyond Storage: How Captured Carbon Can Be Utilized",2026-07-10,"Third Sector","Think Tank","Research Centre; Policy Centre",USA,https://bipartisanpolicy.org/explainer/beyond-storage-how-captured-carbon-can-be-utilized/,https://app.overton.io/document.php?policy_document_id=bipartisan-640998b033476e12c4d569e07ef6addb,
"Optimal Energy Management in Indoor Farming Using Lighting Flexibility and Intelligent Model Predictive Control",10.1109/tase.2026.3680042,"IEEE Transactions on Automation Science and Engineering",2026-01-01T00:00:00+00:00,1,https://doi.org/10.1109/tase.2026.3680042,california_state_agencies,"State of California","Controlled Environment Horticulture",2026-06-12,"Public Sector",Government,"Regional or State Level Body; Mixed Roles; Public Service",USA,https://efiling.energy.ca.gov/GetDocument.aspx?tn=270765&DocumentContentId=108310,https://app.overton.io/document.php?policy_document_id=california_state_agencies-eb4d18c8ae3bc1824a826552725a97d9,
"Nonlinear predictive regulation of an integrated green hydrogen and ammonia production system under time-varying renewable energy supply",10.1016/j.compchemeng.2025.109376,"Computers & Chemical Engineering",2026-01-01T00:00:00+00:00,1,https://doi.org/10.1016/j.compchemeng.2025.109376,jointresearcheu,"Joint Research Centre","Decarbonising the Haber-Bosch ammonia industry: from technical barriers to market deployment",2026-07-23,"Public Sector",Government,"International Body; IGO Department or Agency; Research Centre; Policy Centre; Commission",EU,https://publications.jrc.ec.europa.eu/repository/handle/JRC147467,https://app.overton.io/document.php?policy_document_id=jointresearcheu-b62901a8a1f2f24a6252828a8b49725e,
"Navigating the electric storm: Assessing policy responses to Europe’s energy shock",10.1016/j.tej.2025.107474,"The Electricity Journal",2025-12-01T00:00:00+00:00,2,https://doi.org/10.1016/j.tej.2025.107474,bancaditalia,"Banca D'Italia","Banca d'Italia - Relazione annuale sul 2025",2026-01-01,"Public Sector",Government,"National Body; Financial Institution or Bank; Central Bank",Italy,https://www.bancaditalia.it/pubblicazioni/relazione-annuale/2025/index.html,https://app.overton.io/document.php?policy_document_id=bancaditalia-6b30dbcd87e437bc707385765434f0ee,
"Navigating the electric storm: Assessing policy responses to Europe’s energy shock",10.1016/j.tej.2025.107474,"The Electricity Journal",2025-12-01T00:00:00+00:00,2,https://doi.org/10.1016/j.tej.2025.107474,california_state_agencies,"State of California",Docketed,2026-07-31,"Public Sector",Government,"Regional or State Level Body; Mixed Roles; Public Service",USA,https://efiling.energy.ca.gov/GetDocument.aspx?tn=271808&DocumentContentId=109459,https://app.overton.io/document.php?policy_document_id=california_state_agencies-ec280ad750cbfcb63ff6f165ea822661,
"Estimating the heating energy demand of residential buildings in Switzerland using only public data",10.1016/j.enbuild.2025.116371,"Energy and Buildings",2025-11-01T00:00:00+00:00,1,https://doi.org/10.1016/j.enbuild.2025.116371,adminch,"Government of Switzerland","Bedarf von Energiespeichern in der Schweiz",2025-10-20,"Public Sector",Government,"National Body; Public Service; Mixed Roles; Committee",Switzerland,https://pubdb.bfe.admin.ch/de/publication/download/12392,https://app.overton.io/document.php?policy_document_id=adminch-60b3a5e05b3add50eb5f374d5bb39fc6,"Bundesamt für Energie"
"Leveraging artificial intelligence to enable sustainable urban development through the creation of smart and environmentally friendly carbon-free cities",10.1038/s41598-025-16801-z,"Scientific Reports",2025-10-14T00:00:00+00:00,3,https://doi.org/10.1038/s41598-025-16801-z,governmentofegypt,"Government of Egypt","The Promise of Artificial Intelligence",2026-08-03,"Public Sector",Government,"National Body; Mixed Roles; Public Service",Egypt,https://mcit.gov.eg/Upcont/Documents/Reports%20and%20Documents_1092026000_World_Development_Report-2026_The_Promise_of_Artificial_Intelligence_10092026.pdf,https://app.overton.io/document.php?policy_document_id=governmentofegypt-d114417c1da2e1d7809e9f1d53bb3f72,
"Leveraging artificial intelligence to enable sustainable urban development through the creation of smart and environmentally friendly carbon-free cities",10.1038/s41598-025-16801-z,"Scientific Reports",2025-10-14T00:00:00+00:00,3,https://doi.org/10.1038/s41598-025-16801-z,governmentofegypt,"Government of Egypt","The Promise of Artificial Intelligence",2026-08-03,"Public Sector",Government,"National Body; Mixed Roles; Public Service",Egypt,https://mcit.gov.eg/Upcont/Documents/Reports%20and%20Documents_1092026000_ar_World_Development_Report-2026_The_Promise_of_Artificial_Intelligence_10092026.pdf,https://app.overton.io/document.php?policy_document_id=governmentofegypt-ec7357ee28863f5266392344eea4bb5c,
"Leveraging artificial intelligence to enable sustainable urban development through the creation of smart and environmentally friendly carbon-free cities",10.1038/s41598-025-16801-z,"Scientific Reports",2025-10-14T00:00:00+00:00,3,https://doi.org/10.1038/s41598-025-16801-z,worldbank,"World Bank","World Development Report 2026: The Promise of Artificial Intelligence",2026-08-04,"Public Sector",IGO,"International Body; Financial Institution or Bank; Development Bank; Policy Centre",IGO,https://hdl.handle.net/10986/45296,https://app.overton.io/document.php?policy_document_id=worldbank-acb7b35703596795beda571ee85af866,
"The role of artificial intelligence in accelerating renewable energy adoption for global energy transformation",10.1016/j.uncres.2025.100229,"Unconventional Resources",2025-10-01T00:00:00+00:00,1,https://doi.org/10.1016/j.uncres.2025.100229,unitednations,"United Nations","Climatetech in focus :Artificial Intelligence for sustainability",2026-01-01,"Public Sector",IGO,"International Body; Top-Level Authority; IGO Department or Agency; Mixed Roles; Policy Centre",IGO,https://digitallibrary.un.org/record/4106269?ln=en,https://app.overton.io/document.php?policy_document_id=unitednations-74812332bfa4a97da025dc4c8da3cc5a,
"Modeling and Forecasting the Dynamics of BRICS Socioeconomic Integration in Context of Global Economic Fragmentation",10.28991/esj-2025-09-05-029,"Emerging Science Journal",2025-10-01T00:00:00+00:00,2,https://doi.org/10.28991/esj-2025-09-05-029,emffat,"The European Money and Finance Forum","Bank resilience is not system resilience: Market plumbing and macro-financial blind spots in emerging markets",2026-06-18,"Third Sector","Think Tank","Research Centre; Policy Centre; Professional Network, Association, Union or Cooperative; International Body",Austria,https://www.suerf.org/publications/suerf-policy-notes-and-briefs/bank-resilience-is-not-system-resilience-market-plumbing-and-macro-financial-blind-spots-in-emerging-markets/,https://app.overton.io/document.php?policy_document_id=emffat-6b99ef3a5b3dd6e605783993d1c120be,
"Modeling and Forecasting the Dynamics of BRICS Socioeconomic Integration in Context of Global Economic Fragmentation",10.28991/esj-2025-09-05-029,"Emerging Science Journal",2025-10-01T00:00:00+00:00,2,https://doi.org/10.28991/esj-2025-09-05-029,lseblogs,blogs.lse.ac.uk,"Strong banks do not guarantee financial stability - LSE Business Review",2026-07-21,"Third Sector","Think Tank","Research Centre; Policy Centre",UK,https://blogs.lse.ac.uk/businessreview/2026/07/21/strong-banks-do-not-guarantee-financial-stability/,https://app.overton.io/document.php?policy_document_id=lseblogs-3caee0f9a4a9dc75106525f6ba747ae0,
"Transitioning towards sustainable heating: A mixed-methods study of heat pump acceptance among Flemish homeowners",10.1016/j.erss.2025.104137,"Energy Research & Social Science",2025-08-01T00:00:00+00:00,1,https://doi.org/10.1016/j.erss.2025.104137,rijksoverheid,Rijksoverheid,"Gedragsonderzoek naar vertrouwen en weerstand bij aanschafbereidheid van een (hybride) warmtepomp",2026-02-11,"Public Sector",Government,"National Body; Mixed Roles; Public Service",Netherlands,https://open.overheid.nl/documenten/baa69576-3f94-4df3-a461-17e6fbfafdc6,https://app.overton.io/document.php?policy_document_id=rijksoverheid-796cdbb6773a92c6b209620c77a93ee2,"Horizon 2020"
"Global wood fuel production estimates and implications",10.1038/s41467-025-59733-y,"Nature Communications",2025-07-15T00:00:00+00:00,13,https://doi.org/10.1038/s41467-025-59733-y,fao,"Food and Agriculture Organization of the United Nations","Implementation of the recommendations of the 27th Session of the Committee - COFO/2026/INF/5",2026-01-01,"Public Sector",IGO,"International Body; IGO Department or Agency; Food and Drug Safety; Healthcare Service, Body or Agency",IGO,https://openknowledge.fao.org/handle/20.500.14283/nu774en,https://app.overton.io/document.php?policy_document_id=fao-1f42acf1fea3adcf8036c4d93c8643f9,
"Global wood fuel production estimates and implications",10.1038/s41467-025-59733-y,"Nature Communications",2025-07-15T00:00:00+00:00,13,https://doi.org/10.1038/s41467-025-59733-y,fao,"Food and Agriculture Organization of the United Nations","Innovations in Forest Product Statistics (Agenda Item 11.4)",2025-01-01,"Public Sector",IGO,"International Body; IGO Department or Agency; Food and Drug Safety; Healthcare Service, Body or Agency",IGO,https://openknowledge.fao.org/handle/20.500.14283/cd7401en,https://app.overton.io/document.php?policy_document_id=fao-1fa4ce0da25d54cd10910dc673caaa39,
"Global wood fuel production estimates and implications",10.1038/s41467-025-59733-y,"Nature Communications",2025-07-15T00:00:00+00:00,13,https://doi.org/10.1038/s41467-025-59733-y,fao,"Food and Agriculture Organization of the United Nations","Доклад о выполнении рекомендаций 27-й сессии Комитета - COFO/2026/INF/5",2026-01-01,"Public Sector",IGO,"International Body; IGO Department or Agency; Food and Drug Safety; Healthcare Service, Body or Agency",IGO,https://openknowledge.fao.org/handle/20.500.14283/nu774ru,https://app.overton.io/document.php?policy_document_id=fao-2cb3ae2b749cd1b7d248490fa2518ac4,
"Global wood fuel production estimates and implications",10.1038/s41467-025-59733-y,"Nature Communications",2025-07-15T00:00:00+00:00,13,https://doi.org/10.1038/s41467-025-59733-y,fao,"Food and Agriculture Organization of the United Nations","تنفيذ توصيات الدورة السابعة والعشرين للجنة - COFO/2026/INF/5",2026-01-01,"Public Sector",IGO,"International Body; IGO Department or Agency; Food and Drug Safety; Healthcare Service, Body or Agency",IGO,https://openknowledge.fao.org/handle/20.500.14283/nu774ar,https://app.overton.io/document.php?policy_document_id=fao-2cbf116966df10e1deaf08fd22096bf5,
"Global wood fuel production estimates and implications",10.1038/s41467-025-59733-y,"Nature Communications",2025-07-15T00:00:00+00:00,13,https://doi.org/10.1038/s41467-025-59733-y,fao,"Food and Agriculture Organization of the United Nations","FAO Library Newsletter, September 2025",2025-01-01,"Public Sector",IGO,"International Body; IGO Department or Agency; Food and Drug Safety; Healthcare Service, Body or Agency",IGO,https://openknowledge.fao.org/handle/20.500.14283/cd6782en,https://app.overton.io/document.php?policy_document_id=fao-4b23bce52f8f25dce2873fe524622983,
"Global wood fuel production estimates and implications",10.1038/s41467-025-59733-y,"Nature Communications",2025-07-15T00:00:00+00:00,13,https://doi.org/10.1038/s41467-025-59733-y,fao,"Food and Agriculture Organization of the United Nations","Mise en œuvre des recommandations issues de la 27e session du Comité - COFO/2026/INF/5",2026-01-01,"Public Sector",IGO,"International Body; IGO Department or Agency; Food and Drug Safety; Healthcare Service, Body or Agency",IGO,https://openknowledge.fao.org/handle/20.500.14283/nu774fr,https://app.overton.io/document.php?policy_document_id=fao-5cb2ee30fc78b98a39512a9091cc8194,
"Global wood fuel production estimates and implications",10.1038/s41467-025-59733-y,"Nature Communications",2025-07-15T00:00:00+00:00,13,https://doi.org/10.1038/s41467-025-59733-y,fao,"Food and Agriculture Organization of the United Nations","Aplicación de las recomendaciones formuladas por el Comité en su 27.º período de sesiones - COFO/2026/INF/5",2026-01-01,"Public Sector",IGO,"International Body; IGO Department or Agency; Food and Drug Safety; Healthcare Service, Body or Agency",IGO,https://openknowledge.fao.org/handle/20.500.14283/nu774es,https://app.overton.io/document.php?policy_document_id=fao-8da143bf414c719fe45eff5ac3ed6fde,
"Global wood fuel production estimates and implications",10.1038/s41467-025-59733-y,"Nature Communications",2025-07-15T00:00:00+00:00,13,https://doi.org/10.1038/s41467-025-59733-y,fao,"Food and Agriculture Organization of the United Nations","Innovations dans les statistiques des produits forestiers (Point de l'ordre du jour 11.4)",2025-01-01,"Public Sector",IGO,"International Body; IGO Department or Agency; Food and Drug Safety; Healthcare Service, Body or Agency",IGO,https://openknowledge.fao.org/handle/20.500.14283/cd7401fr,https://app.overton.io/document.php?policy_document_id=fao-8e620c5db349a4fc9b89c374f0314d41,
"Global wood fuel production estimates and implications",10.1038/s41467-025-59733-y,"Nature Communications",2025-07-15T00:00:00+00:00,13,https://doi.org/10.1038/s41467-025-59733-y,fao,"Food and Agriculture Organization of the United Nations","Asia-Pacific Forestry Commission meeting - Session Theme: Healthy Forests Feed the Future - APFC/2025/2",2025-01-01,"Public Sector",IGO,"International Body; IGO Department or Agency; Food and Drug Safety; Healthcare Service, Body or Agency",IGO,https://openknowledge.fao.org/handle/20.500.14283/cd6779en,https://app.overton.io/document.php?policy_document_id=fao-934e598186cfadae6a0e20aa85bbea53,
"Global wood fuel production estimates and implications",10.1038/s41467-025-59733-y,"Nature Communications",2025-07-15T00:00:00+00:00,13,https://doi.org/10.1038/s41467-025-59733-y,fao,"Food and Agriculture Organization of the United Nations","林委第二十七届会议各项建议的落实情况 - COFO/2026/INF/5",2026-01-01,"Public Sector",IGO,"International Body; IGO Department or Agency; Food and Drug Safety; Healthcare Service, Body or Agency",IGO,https://openknowledge.fao.org/handle/20.500.14283/nu774zh,https://app.overton.io/document.php?policy_document_id=fao-bdd19261b600ad9fc6049d0822dc5648,
"Global wood fuel production estimates and implications",10.1038/s41467-025-59733-y,"Nature Communications",2025-07-15T00:00:00+00:00,13,https://doi.org/10.1038/s41467-025-59733-y,jointresearcheu,"Joint Research Centre","GHG emissions of all world countries",2025-09-08,"Public Sector",Government,"International Body; IGO Department or Agency; Research Centre; Policy Centre; Commission",EU,https://publications.jrc.ec.europa.eu/repository/handle/JRC143227,https://app.overton.io/document.php?policy_document_id=jointresearcheu-5ecd38430c6b63c106a20b00d9514062,
"Global wood fuel production estimates and implications",10.1038/s41467-025-59733-y,"Nature Communications",2025-07-15T00:00:00+00:00,13,https://doi.org/10.1038/s41467-025-59733-y,jointresearcheu,"Joint Research Centre","GHG emissions of all world countries",2026-09-07,"Public Sector",Government,"International Body; IGO Department or Agency; Research Centre; Policy Centre; Commission",EU,https://publications.jrc.ec.europa.eu/repository/handle/JRC147815,https://app.overton.io/document.php?policy_document_id=jointresearcheu-9362a142c351931df82356e1b935137a,
"Global wood fuel production estimates and implications",10.1038/s41467-025-59733-y,"Nature Communications",2025-07-15T00:00:00+00:00,13,https://doi.org/10.1038/s41467-025-59733-y,jointresearcheu,"Joint Research Centre","Sankey diagrams of woody biomass flows in the EU and its Member States 2012-2021: how they were made",2026-07-30,"Public Sector",Government,"International Body; IGO Department or Agency; Research Centre; Policy Centre; Commission",EU,https://publications.jrc.ec.europa.eu/repository/handle/JRC146673,https://app.overton.io/document.php?policy_document_id=jointresearcheu-b0c56b40fe524669b802874ac31f8bf6,
"Machine learning based prediction of long-term energy consumption and overheating under climate change impacts using urban building energy modeling",10.1016/j.scs.2025.106500,"Sustainable Cities and Society",2025-07-01T00:00:00+00:00,1,https://doi.org/10.1016/j.scs.2025.106500,cityofistanbul,"Istanbul Metropolitan Municipality",Istanbul,2025-12-22,"Public Sector",Government,"Municipal Body; Public Service",Turkey,https://cevre.ibb.istanbul/wp-content/uploads/2026/02/UP2030_Kitapcik_2030_final_renkcalisma_dican.pdf,https://app.overton.io/document.php?policy_document_id=cityofistanbul-62f3266f389e8a58e22c88591f6d655a,
"Distributed Charging Coordination for Electric Trucks Under Limited Facilities and Travel Uncertainties",10.1109/tits.2025.3550035,"IEEE Transactions on Intelligent Transportation Systems",2025-07-01T00:00:00+00:00,1,https://doi.org/10.1109/tits.2025.3550035,weforum,"World Economic Forum","Turning Challenge into Opportunity: Supplier Voices from Heavy-Emitting Sectors",2025-12-12,"Third Sector",NGO,"Policy Centre; Research Centre; Monitoring or Regulatory Body",IGO,https://www.weforum.org/publications/turning-challenge-into-opportunity-supplier-voices-from-heavy-emitting-sectors/,https://app.overton.io/document.php?policy_document_id=weforum-af9c500e0fe66c000fdbc0b85cf8b112,
"Exploring the evolution of long-term electricity demand and load curves in emerging economies: A case study of Indonesia's energy transition",10.1016/j.esr.2025.101805,"Energy Strategy Reviews",2025-07-01T00:00:00+00:00,1,https://doi.org/10.1016/j.esr.2025.101805,potsdaminstitute,"Potsdam-Institut für Klimafolgenforschung (PIK)","Climate-Economic Country Risk Profile: Indonesia",2026-09-21,"Third Sector","Think Tank","Research Centre",Germany,https://publications.pik-potsdam.de/pubman/item/item_35028_2,https://app.overton.io/document.php?policy_document_id=potsdaminstitute-fcaecf103a53d11f6cd982279b2daddb,
"Where to build renewables in Europe? The benefits of locational auction design",10.1016/j.eneco.2025.108579,"Energy Economics",2025-06-01T00:00:00+00:00,2,https://doi.org/10.1016/j.eneco.2025.108579,diwde,"Deutsches Institut für Wirtschaftsforschung (DIW)","Non-Price Criteria in Renewable Energy Auctions and Consequences for the European Solar PV Industry : Non-Price Criteria in Renewable Energy Auctions and Consequences for the European Solar PV Industry",2026-01-27,"Third Sector","Think Tank","Research Centre; Policy Centre",Germany,https://www.diw.de/de/diw_01.c.997094.de/publikationen/diskussionspapiere/2026_2153/non-price_criteria_in_renewable_energy_auctions_and_consequences_for_the_european_solar_pv_industry.html,https://app.overton.io/document.php?policy_document_id=diwde-29ff583f3ad089795e46e27deaccb729,
"Where to build renewables in Europe? The benefits of locational auction design",10.1016/j.eneco.2025.108579,"Energy Economics",2025-06-01T00:00:00+00:00,2,https://doi.org/10.1016/j.eneco.2025.108579,jointresearcheu,"Joint Research Centre","How to implement locational criteria in renewable auctions",2025-07-03,"Public Sector",Government,"International Body; IGO Department or Agency; Research Centre; Policy Centre; Commission",EU,https://publications.jrc.ec.europa.eu/repository/handle/JRC141683,https://app.overton.io/document.php?policy_document_id=jointresearcheu-d0d7a615b069aba2c8a4cabff079d676,
"Dynamically predicting nitrous oxide emissions in a full-scale industrial activated sludge reactor under multiple aeration patterns and COD/N ratios",10.1016/j.watres.2025.123379,"Water Research",2025-06-01T00:00:00+00:00,1,https://doi.org/10.1016/j.watres.2025.123379,danishepa,"Miljøstyrelsen Danmark","MUDP - NACAT - N2O Abatement by Catalytic Treatment",2025-11-25,"Public Sector",Government,"National Body; Government Agency",Denmark,https://mst.dk/publikationer/2025/november/mudp-nacat-n2o-abatement-by-catalytic-treatment,https://app.overton.io/document.php?policy_document_id=danishepa-b7378583711313597a0716b84adbbc99,
"Synergistic Integration of Edge Computing and 6G Networks for Real-Time IoT Applications",10.3390/math13091540,Mathematics,2025-05-07T00:00:00+00:00,1,https://doi.org/10.3390/math13091540,arupgroup,Arup,"New Horizons, Common Ground: Arup’s Global Horizon Scan",2025-10-01,"Private Sector",NGO,Consultancy,UK,https://www.arup.com/insights/new-horizons-common-ground-arups-global-horizon-scan/,https://app.overton.io/document.php?policy_document_id=arupgroup-88ba14291040aa65c3a813ab6729130a,
"Application of artificial intelligence models for assessing the performance of closed vertical refrigerated display cabinet - A comparative study of different operating scenarios",10.1016/j.engappai.2025.110332,"Engineering Applications of Artificial Intelligence",2025-05-01T00:00:00+00:00,1,https://doi.org/10.1016/j.engappai.2025.110332,inraefr,"National Research Institute for Agriculture, Food and the Environment (INRAE)","Le rapport Recherche et Innovation TRANSFORM édition 2026 est disponible !",2026-07-13,"Public Sector","Think Tank","Research Centre; Policy Centre",France,https://www.inrae.fr/actualites/rapport-recherche-innovation-transform-edition-2026-est-disponible,https://app.overton.io/document.php?policy_document_id=inraefr-4ddae8b3da4aa2e1d905b35fbdc0305c,
"Methodology for assessment of coastal fishing electrification and Grid Implications",10.1016/j.seta.2025.104292,"Sustainable Energy Technologies and Assessments",2025-05-01T00:00:00+00:00,2,https://doi.org/10.1016/j.seta.2025.104292,europa,"Publications Office of the European Union","Study on greenhouse gas emission (GHG) reduction costs, scenarios and pathways for EU fisheries to achieve net zero by 2050",2026-02-24,"Public Sector",Government,"International Body; Public Data Body or Statistics; Archive; Public Service",EU,https://op.europa.eu/en/publication-detail/-/publication/5b930b14-12c0-11f1-8870-01aa75ed71a1/language-en,https://app.overton.io/document.php?policy_document_id=europa-f2db4ae5a97362b9801904d69b19f509,
"Methodology for assessment of coastal fishing electrification and Grid Implications",10.1016/j.seta.2025.104292,"Sustainable Energy Technologies and Assessments",2025-05-01T00:00:00+00:00,2,https://doi.org/10.1016/j.seta.2025.104292,sintefno,SINTEF,"Outlook for decarbonization of the coastal fishing in Lofoten",2025-11-11,"Private Sector","Think Tank","Research Centre; Policy Centre",Norway,https://nva.sikt.no/registration/019a9b126190-1a1697f1-73b7-47d7-9a35-416422e66ea2,https://app.overton.io/document.php?policy_document_id=sintefno-6c0908a4260c351c2e01fffe811e00ba,
"Performance enhancement of transcritical CO2 compression cycles: Techno-environmental analysis and machine learning optimization",10.1016/j.applthermaleng.2025.125591,"Applied Thermal Engineering",2025-05-01T00:00:00+00:00,2,https://doi.org/10.1016/j.applthermaleng.2025.125591,unenvironment,"United Nations Environment Programme","Global Cooling Watch 2025: The Free Degrees",2025-11-11,"Public Sector",IGO,"International Body; IGO Department or Agency; Policy Centre; Monitoring or Regulatory Body",IGO,https://wedocs.unep.org/handle/20.500.11822/48926,https://app.overton.io/document.php?policy_document_id=unenvironment-3d0c339832e7df5815e5ce8c3cfa6908,"Silesian University of Technology"
"Performance enhancement of transcritical CO2 compression cycles: Techno-environmental analysis and machine learning optimization",10.1016/j.applthermaleng.2025.125591,"Applied Thermal Engineering",2025-05-01T00:00:00+00:00,2,https://doi.org/10.1016/j.applthermaleng.2025.125591,unenvironment,"United Nations Environment Programme","Global Cooling Watch 2025: The Free Degrees",2025-11-11,"Public Sector",IGO,"International Body; IGO Department or Agency; Policy Centre; Monitoring or Regulatory Body",IGO,https://wedocs.unep.org/items/507e8c47-db6c-424a-9b76-7805a6e1d669/full,https://app.overton.io/document.php?policy_document_id=unenvironment-ede019c72ee1e658ea2671fe1d3c005e,"Silesian University of Technology"
"Burning Up the Carbon Sink: How the <scp>EU</scp>'s Forest Biomass Policy Undermines Climate Mitigation",10.1111/gcbb.70035,"GCB Bioenergy",2025-04-19T00:00:00+00:00,3,https://doi.org/10.1111/gcbb.70035,jointresearcheu,"Joint Research Centre","Parameterized what-if assessment of bioeconomy-related trade-offs",2026-08-17,"Public Sector",Government,"International Body; IGO Department or Agency; Research Centre; Policy Centre; Commission",EU,https://publications.jrc.ec.europa.eu/repository/handle/JRC147263,https://app.overton.io/document.php?policy_document_id=jointresearcheu-8d61b87c6c0841977efab7731d1e2ce6,
"Burning Up the Carbon Sink: How the <scp>EU</scp>'s Forest Biomass Policy Undermines Climate Mitigation",10.1111/gcbb.70035,"GCB Bioenergy",2025-04-19T00:00:00+00:00,3,https://doi.org/10.1111/gcbb.70035,lukefi,Luke,"EU:n ympäristö-, ilmasto- ja energiapolitiikkojen vaikutukset metsäbiotalouteen",2025-09-17,"Public Sector",Government,"National Body; Arm's Length Body; Research Centre; Policy Centre; Professional Network, Association, Union or Cooperative; Initiative, Programme or Project",Finland,https://jukuri.luke.fi/handle/11111/99913,https://app.overton.io/document.php?policy_document_id=lukefi-308d8b1aeb53b4e001b4941f743e6757,
"Burning Up the Carbon Sink: How the <scp>EU</scp>'s Forest Biomass Policy Undermines Climate Mitigation",10.1111/gcbb.70035,"GCB Bioenergy",2025-04-19T00:00:00+00:00,3,https://doi.org/10.1111/gcbb.70035,unfccc,"United Nations Framework Convention on Climate Change","Sustainable forestry degrades forest",2026-04-13,"Public Sector",IGO,"International Body; Arm's Length Body; Initiative, Programme or Project; Monitoring or Regulatory Body",IGO,https://unfccc.int/documents/656726,https://app.overton.io/document.php?policy_document_id=unfccc-1b26df3af08e6c34977b5144ece1a0d3,
"Capacity planning of renewable energy systems using stochastic dual dynamic programming",10.1016/j.ejor.2024.12.031,"European Journal of Operational Research",2025-04-01T00:00:00+00:00,1,https://doi.org/10.1016/j.ejor.2024.12.031,kudosno,"Kunnskapsdokumenter i offentlig sektor (KUDOS)","CINELDI sluttrapport 2016–2024",2024-11-01,"Public Sector",Government,"National Body; Initiative, Programme or Project; Policy Centre; Archive; Public Data Body or Statistics",Norway,https://kudos.dfo.no/dokument/a14550d7-09e7-4159-b6dc-85bda8a7ffbc,https://app.overton.io/document.php?policy_document_id=kudosno-5e13b5e8eb7e338409c952c12bea20c4,
"Reducing inference energy consumption using dual complementary CNNs",10.1016/j.future.2024.107606,"Future Generation Computer Systems",2025-04-01T00:00:00+00:00,2,https://doi.org/10.1016/j.future.2024.107606,europa,"Publications Office of the European Union","AI evidence pathway for operationalising trustworthy AI in health",2025-07-14,"Public Sector",Government,"International Body; Public Data Body or Statistics; Archive; Public Service",EU,https://op.europa.eu/en/publication-detail/-/publication/62c24e61-6129-11f0-a9d0-01aa75ed71a1/language-en,https://app.overton.io/document.php?policy_document_id=europa-fb5bb9f48c67d66353174ffd1e9f9e2a,"European Commission; HORIZON EUROPE Framework Programme"
"Reducing inference energy consumption using dual complementary CNNs",10.1016/j.future.2024.107606,"Future Generation Computer Systems",2025-04-01T00:00:00+00:00,2,https://doi.org/10.1016/j.future.2024.107606,jointresearcheu,"Joint Research Centre","AI evidence pathway for operationalising trustworthy AI in health: An ontology unfolding ethical principles into translational and fundamental concepts",2025-07-11,"Public Sector",Government,"International Body; IGO Department or Agency; Research Centre; Policy Centre; Commission",EU,https://publications.jrc.ec.europa.eu/repository/handle/JRC140726,https://app.overton.io/document.php?policy_document_id=jointresearcheu-1b702a91daca9e73dc8f03613fcbda26,"European Commission; HORIZON EUROPE Framework Programme"
"Enhancing electricity price forecasting accuracy: A novel filtering strategy for improved out-of-sample predictions",10.1016/j.apenergy.2025.125357,"Applied Energy",2025-04-01T00:00:00+00:00,2,https://doi.org/10.1016/j.apenergy.2025.125357,ifnsweden,"Institutet för Näringslivsforskning","In Pursuit of the Green Transition—Electricity at Any Cost?",2025-11-17,"Third Sector","Think Tank","Research Centre; Policy Centre",Sweden,https://www.ifn.se/media/b1nneihc/wp1542.pdf,https://app.overton.io/document.php?policy_document_id=ifnsweden-cb4f84a9b84f3474127cecdb51beecfd,"Joint Research Centre"
"Enhancing electricity price forecasting accuracy: A novel filtering strategy for improved out-of-sample predictions",10.1016/j.apenergy.2025.125357,"Applied Energy",2025-04-01T00:00:00+00:00,2,https://doi.org/10.1016/j.apenergy.2025.125357,izade,"Forschungsinstitut zur Zukunft der Arbeit (IZA)","In Pursuit of the Green Transition—Electricity at Any Cost?",2025-10-13,"Third Sector","Think Tank","Research Centre; Policy Centre",Germany,https://www.iza.org/publications/dp/18179/in-pursuit-of-the-green-transitionelectricity-at-any-cost,https://app.overton.io/document.php?policy_document_id=izade-7be67a7f57c9d9fa37f7ae9a701997ad,"Joint Research Centre"
"Internet of Things Applications for Energy Management in Buildings Using Artificial Intelligence—A Case Study",10.3390/en18071706,Energies,2025-03-28T00:00:00+00:00,2,https://doi.org/10.3390/en18071706,napedu,"National Academies of Sciences, Engineering, and Medicine","Exploring the Impact of Artificial Intelligence on the Airport Industry",2026-03-25,"Public Sector",Government,"National Body; Knowledge Brokerage; Research Center; Learned Society",USA,https://www.nationalacademies.org/publications/29426,https://app.overton.io/document.php?policy_document_id=napedu-627edb0e18932baf919ee0e6f4c0b4da,
"Internet of Things Applications for Energy Management in Buildings Using Artificial Intelligence—A Case Study",10.3390/en18071706,Energies,2025-03-28T00:00:00+00:00,2,https://doi.org/10.3390/en18071706,weforum,"World Economic Forum","Piloting Buildings of the Future: Azerbaijan’s AI-Energy Playbook ",2026-04-30,"Third Sector",NGO,"Policy Centre; Research Centre; Monitoring or Regulatory Body",IGO,https://www.weforum.org/publications/piloting-buildings-of-the-future-azerbaijan-s-ai-energy-playbook/,https://app.overton.io/document.php?policy_document_id=weforum-653d5f53dae786470fca46577af87229,
"Power performance evaluation of a 1 MW tidal current energy converter system installed at Uldolmok Strait",10.1007/s12206-025-2103-3,"Journal of Mechanical Science and Technology",2025-03-13T00:00:00+00:00,2,https://doi.org/10.1007/s12206-025-2103-3,kmikr,"Korea Maritime Institute","해양에너지 산업 활성화 방안 연구",2025-01-01,"Public Sector","Think Tank","National Body; Research Centre; Policy Centre","South Korea",https://www.nkis.re.kr/subject_view1.do?otpId=OTP_0000000000016845,https://app.overton.io/document.php?policy_document_id=kmikr-bf3745a72065c7ab4746e04c0efc373e,
"Power performance evaluation of a 1 MW tidal current energy converter system installed at Uldolmok Strait",10.1007/s12206-025-2103-3,"Journal of Mechanical Science and Technology",2025-03-13T00:00:00+00:00,2,https://doi.org/10.1007/s12206-025-2103-3,kmikr,"Korea Maritime Institute","해양에너지 산업 활성화 방안 연구",2025-01-01,"Public Sector","Think Tank","National Body; Research Centre; Policy Centre","South Korea",https://www.nkis.re.kr/subject_view1.do?otcCd=RO&otcNm=수시연구보고서&otpId=OTP_0000000000016845&otpSeq=0&eoSeq=&currentPage=1&searchSelect=&searchWord=&returnPage=newest_list.do&schLclaScsId=&pblYy=&agcNms=한국해양수산개발원&listPerPage=50,https://app.overton.io/document.php?policy_document_id=kmikr-c3864b46062dbd1e7419c7b867548d95,
"Machine Learning‐Based Solar Photovoltaic Power Forecasting for Nigerian Regions",10.1002/ese3.70013,"Energy Science & Engineering",2025-03-05T00:00:00+00:00,1,https://doi.org/10.1002/ese3.70013,cigi,"Centre for International Governance Innovation","Fintech for Cleantech: The Nigerian Pay-As-You-Go Solar Evolution",2026-03-31,"Third Sector","Think Tank","Research Centre; Policy Centre",Canada,https://www.cigionline.org/publications/fintech-for-cleantech-the-nigerian-pay-as-you-go-solar-evolution/,https://app.overton.io/document.php?policy_document_id=cigi-9e28d64cd0c4d19f57afde33109a1042,
"Energy-efficient neural network training through runtime layer freezing, model quantization, and early stopping",10.1016/j.csi.2024.103906,"Computer Standards & Interfaces",2025-03-01T00:00:00+00:00,2,https://doi.org/10.1016/j.csi.2024.103906,europa,"Publications Office of the European Union","AI evidence pathway for operationalising trustworthy AI in health",2025-07-14,"Public Sector",Government,"International Body; Public Data Body or Statistics; Archive; Public Service",EU,https://op.europa.eu/en/publication-detail/-/publication/62c24e61-6129-11f0-a9d0-01aa75ed71a1/language-en,https://app.overton.io/document.php?policy_document_id=europa-fb5bb9f48c67d66353174ffd1e9f9e2a,
"Energy-efficient neural network training through runtime layer freezing, model quantization, and early stopping",10.1016/j.csi.2024.103906,"Computer Standards & Interfaces",2025-03-01T00:00:00+00:00,2,https://doi.org/10.1016/j.csi.2024.103906,jointresearcheu,"Joint Research Centre","AI evidence pathway for operationalising trustworthy AI in health: An ontology unfolding ethical principles into translational and fundamental concepts",2025-07-11,"Public Sector",Government,"International Body; IGO Department or Agency; Research Centre; Policy Centre; Commission",EU,https://publications.jrc.ec.europa.eu/repository/handle/JRC140726,https://app.overton.io/document.php?policy_document_id=jointresearcheu-1b702a91daca9e73dc8f03613fcbda26,
"Learning by charging: Understanding consumers’ changing attitudes towards vehicle-to-grid",10.1016/j.apenergy.2024.125183,"Applied Energy",2025-03-01T00:00:00+00:00,1,https://doi.org/10.1016/j.apenergy.2024.125183,cicerono,"CICERO Senter for Klimaforskning","Toveislading i Norge – forutsetninger, erfaringer og veien videre",2026-01-26,"Public Sector","Think Tank","Research Centre; Policy Centre",Norway,https://nva.sikt.no/registration/019cd1b1aa8c-b03f34c8-392c-4a0b-8397-e63321902df7,https://app.overton.io/document.php?policy_document_id=cicerono-7c7e3bbf393845e81dd4e30260a060b9,"Alan Turing Institute; Lloyd's Register Foundation; Royal Academy of Engineering; UK Research and Innovation"
"Wind and solar energy droughts: Potential impacts on energy system dynamics and research needs",10.1063/5.0253058,"Journal of Renewable and Sustainable Energy",2025-03-01T00:00:00+00:00,1,https://doi.org/10.1063/5.0253058,ucruk,"UK Climate Risk","The Fourth Climate Change Risk Assessment – Independent Assessment (CCRA4-IA) Technical Report",2026-05-20,"Public Sector",Government,"Research Centre",UK,https://www.ukclimaterisk.org/publications/technical-report-ccra4-ia/,https://app.overton.io/document.php?policy_document_id=ucruk-b41c9d5122038d2b6da7687c0df3699d,
"Agrivoltaics, Opportunities for Hydrogen Generation, and Market Developments",10.3390/en18041007,Energies,2025-02-19T00:00:00+00:00,1,https://doi.org/10.3390/en18041007,iisdca,"International Institute for Sustainable Development","A Natural Fit",2025-11-28,"Third Sector","Think Tank","Research Centre; Policy Centre",Canada,https://www.iisd.org/publications/report/renewable-energy-land-management,https://app.overton.io/document.php?policy_document_id=iisdca-fbde2ffd7f3c6b79a279be03163bce0d,
"Employment dynamics in a rapid decarbonization of the US power sector",10.1016/j.joule.2024.12.004,Joule,2025-02-01T00:00:00+00:00,3,https://doi.org/10.1016/j.joule.2024.12.004,worldbank,"World Bank","Beyond Green Jobs: Advancing Metrics and Modeling Approaches for a Changing Labor Market",2025-11-18,"Public Sector",IGO,"International Body; Financial Institution or Bank; Development Bank; Policy Centre",IGO,https://hdl.handle.net/10986/44002,https://app.overton.io/document.php?policy_document_id=worldbank-18270b6e788ae501cc16e137db9756a0,"Children's Investment Fund Foundation; Department for Business, Energy and Industrial Strategy, UK Government; James S. McDonnell Foundation; Oxford Martin School, University of Oxford"
"Employment dynamics in a rapid decarbonization of the US power sector",10.1016/j.joule.2024.12.004,Joule,2025-02-01T00:00:00+00:00,3,https://doi.org/10.1016/j.joule.2024.12.004,worldbank,"World Bank","Five Frictions: Key Labor Market Barriers to Unlocking Job Growth in the Green Transition",2025-11-05,"Public Sector",IGO,"International Body; Financial Institution or Bank; Development Bank; Policy Centre",IGO,https://hdl.handle.net/10986/43960,https://app.overton.io/document.php?policy_document_id=worldbank-6b600ba30e9a43aa2d0c6fda83350780,"Children's Investment Fund Foundation; Department for Business, Energy and Industrial Strategy, UK Government; James S. McDonnell Foundation; Oxford Martin School, University of Oxford"
"Employment dynamics in a rapid decarbonization of the US power sector",10.1016/j.joule.2024.12.004,Joule,2025-02-01T00:00:00+00:00,3,https://doi.org/10.1016/j.joule.2024.12.004,worldbank,"World Bank","Five Frictions: Key Labor Market Barriers to Unlocking Job Growth in the Green Transition",2025-09-30,"Public Sector",IGO,"International Body; Financial Institution or Bank; Development Bank; Policy Centre",IGO,https://hdl.handle.net/10986/43798,https://app.overton.io/document.php?policy_document_id=worldbank-ab8d0fe5de29429883d3f872542d1559,"Children's Investment Fund Foundation; Department for Business, Energy and Industrial Strategy, UK Government; James S. McDonnell Foundation; Oxford Martin School, University of Oxford"
"Retrofitting wind power plants into hybrid PV–wind power plants: Impact of resource related characteristics on techno-economic feasibility",10.1016/j.apenergy.2024.124895,"Applied Energy",2025-02-01T00:00:00+00:00,1,https://doi.org/10.1016/j.apenergy.2024.124895,ffino,"Forsvarets forskningsinstitutt","Introduction to solar cells – a literature review",2025-12-30,"Public Sector",Government,"Government Agency",Norway,https://www.ffi.no/en/publications-archive/introduction-to-solar-cells-a-literature-review,https://app.overton.io/document.php?policy_document_id=ffino-4a4ff22248ed52c074d222c6e221c00b,"Energimyndigheten; Norges Forskningsråd"
"Hourly cooling demand prediction through a bottom-up model in London",10.1080/15435075.2025.2452220,"International Journal of Green Energy",2025-01-17T00:00:00+00:00,1,https://doi.org/10.1080/15435075.2025.2452220,ucruk,"UK Climate Risk","The Fourth Climate Change Risk Assessment – Independent Assessment (CCRA4-IA) Technical Report",2026-05-20,"Public Sector",Government,"Research Centre",UK,https://www.ukclimaterisk.org/publications/technical-report-ccra4-ia/,https://app.overton.io/document.php?policy_document_id=ucruk-b41c9d5122038d2b6da7687c0df3699d,
"Investigating the impact of data normalization methods on predicting electricity consumption in a building using different artificial neural network models",10.1016/j.scs.2024.105570,"Sustainable Cities and Society",2025-01-01T00:00:00+00:00,1,https://doi.org/10.1016/j.scs.2024.105570,kedikr,"Korean Educational Development Institute","초등 방과후학교·돌봄 정책의 재정 배분 현황 및 효과 분석",2025-01-01,"Public Sector","Think Tank","National Body; Research Centre; Policy Centre","South Korea",https://www.nkis.re.kr/subject_view1.do?otpId=OTP_0000000000016576,https://app.overton.io/document.php?policy_document_id=kedikr-e99a915466077408533695737795cb2a,
"Design of an Improved Method for Visual Rendering in the Metaverse Using CIEM and MSRANet",10.1109/access.2025.3532634,"IEEE Access",2025-01-01T00:00:00+00:00,1,https://doi.org/10.1109/access.2025.3532634,governmentofindonesia,"Government of Indonesia","Troy 1 *, Samuel Gandang Gunanto 2",2025-07-15,"Public Sector",Government,"National Body; Mixed Roles; Public Service",Indonesia,https://journal.mmtc.ac.id/index.php/jitu/article/download/6000/2130,https://app.overton.io/document.php?policy_document_id=governmentofindonesia-1596afd6252a252623fe9927fe44b26e,
"Machine learning based multi-objective optimisation of energy consumption, thermal comfort and CO2 concentration in energy-efficient naturally ventilated residential dwellings",10.1016/j.buildenv.2024.112255,"Building and Environment",2025-01-01T00:00:00+00:00,1,https://doi.org/10.1016/j.buildenv.2024.112255,publicpolicyie,PublicPolicy.ie,"Indoor Air Quality and Ventilation in Newly Built Homes",2025-09-18,"Third Sector","Think Tank","Research Centre",Ireland,https://publicpolicy.ie/environment/indoor-air-quality-and-ventilation-in-newly-built-homes/,https://app.overton.io/document.php?policy_document_id=publicpolicyie-1c46c285c6d9bae70c49df423ac49671,"Science Foundation Ireland; Sustainable Energy Authority of Ireland"
"Future energy demand for automotive and stationary lithium- and sodium-ion battery production towards a European circular economy",10.1039/d5ee02287h,"Energy Environ. Sci.",2025-01-01T00:00:00+00:00,1,https://doi.org/10.1039/d5ee02287h,eesceu,"European Economic and Social Committee","Energy Resilience of Households in a Prepared Union – The Potential of a Sodium Battery-Based Solution",2026-06-11,"Public Sector",Government,"International Body; Arm's Length Body; Committee",EU,https://www.eesc.europa.eu/en/our-work/publications-other-work/publications/energy-resilience-households-prepared-union-potential-sodium-battery-based-solution,https://app.overton.io/document.php?policy_document_id=eesceu-ee634426838408fac3c743231916e256,
"Probabilistic weather forecasting with machine learning",10.1038/s41586-024-08252-9,Nature,2024-12-04T00:00:00+00:00,17,https://doi.org/10.1038/s41586-024-08252-9,cgeebr,"Centro de Gestão e Estudos Estratégicos","Revista Parcerias Estratégicas nº 55 | Edição Especial: Mutirão científico brasileiro para a COP30",2025-11-06,"Public Sector",Government,"Research Centre",Brazil,https://www.cgee.org.br/documents/37878/149001/000160+-+CGEE+Parcerias+Estrate%CC%81gicas+53+1+ed+2025+%28Cop+30%29.pdf/6ec45bdf-f04d-6ee9-444f-dd0e771f0e49?version=2.0&t=1762538012420,https://app.overton.io/document.php?policy_document_id=cgeebr-5b4998f4f0e76617395943f56a36fb7c,
"Probabilistic weather forecasting with machine learning",10.1038/s41586-024-08252-9,Nature,2024-12-04T00:00:00+00:00,17,https://doi.org/10.1038/s41586-024-08252-9,govdeptsfrance,"French Government Ministries",Sommaire,2025-01-24,"Public Sector",Government,"National Body; Mixed Roles; Public Service",France,https://ministere.presse@agriculture.gouv.fr/telecharger/146813,https://app.overton.io/document.php?policy_document_id=govdeptsfrance-2a1c67e33de7a7dbb7f6b8da151f5b60,
"Probabilistic weather forecasting with machine learning",10.1038/s41586-024-08252-9,Nature,2024-12-04T00:00:00+00:00,17,https://doi.org/10.1038/s41586-024-08252-9,govdeptsfrance,"French Government Ministries",Sommaire,2025-01-24,"Public Sector",Government,"National Body; Mixed Roles; Public Service",France,https://agriculture.gouv.fr/telecharger/146813,https://app.overton.io/document.php?policy_document_id=govdeptsfrance-98716779540d689112ef1f33d34fa0be,
"Probabilistic weather forecasting with machine learning",10.1038/s41586-024-08252-9,Nature,2024-12-04T00:00:00+00:00,17,https://doi.org/10.1038/s41586-024-08252-9,govdeptsfrance,"French Government Ministries",Sommaire,2025-01-24,"Public Sector",Government,"National Body; Mixed Roles; Public Service",France,https://cab-presse.agriculture@agriculture.gouv.fr/telecharger/146813,https://app.overton.io/document.php?policy_document_id=govdeptsfrance-a929212d592d6ce4cf9a6e500ce9f31d,
"Probabilistic weather forecasting with machine learning",10.1038/s41586-024-08252-9,Nature,2024-12-04T00:00:00+00:00,17,https://doi.org/10.1038/s41586-024-08252-9,governmentofegypt,"Government of Egypt","The Promise of Artificial Intelligence",2026-08-03,"Public Sector",Government,"National Body; Mixed Roles; Public Service",Egypt,https://mcit.gov.eg/Upcont/Documents/Reports%20and%20Documents_1092026000_World_Development_Report-2026_The_Promise_of_Artificial_Intelligence_10092026.pdf,https://app.overton.io/document.php?policy_document_id=governmentofegypt-d114417c1da2e1d7809e9f1d53bb3f72,
"Probabilistic weather forecasting with machine learning",10.1038/s41586-024-08252-9,Nature,2024-12-04T00:00:00+00:00,17,https://doi.org/10.1038/s41586-024-08252-9,governmentofegypt,"Government of Egypt","The Promise of Artificial Intelligence",2026-08-03,"Public Sector",Government,"National Body; Mixed Roles; Public Service",Egypt,https://mcit.gov.eg/Upcont/Documents/Reports%20and%20Documents_1092026000_ar_World_Development_Report-2026_The_Promise_of_Artificial_Intelligence_10092026.pdf,https://app.overton.io/document.php?policy_document_id=governmentofegypt-ec7357ee28863f5266392344eea4bb5c,
"Probabilistic weather forecasting with machine learning",10.1038/s41586-024-08252-9,Nature,2024-12-04T00:00:00+00:00,17,https://doi.org/10.1038/s41586-024-08252-9,governmentofrussia,"Government of Russia","People and possibilities in the age of AI",2025-05-15,"Public Sector",Government,"National Body; Mixed Roles; Public Service",Russia,https://repository.ach.gov.ru/upload/cards/d36/hdr2025reporten.pdf,https://app.overton.io/document.php?policy_document_id=governmentofrussia-1a8304674ad4a2a457b0e7155493c9f6,
"Probabilistic weather forecasting with machine learning",10.1038/s41586-024-08252-9,Nature,2024-12-04T00:00:00+00:00,17,https://doi.org/10.1038/s41586-024-08252-9,govuk,"The UK Government","Reservoir safety research strategy - 2026",2026-09-04,"Public Sector",Government,"National Body; Mixed Roles; Public Service",UK,https://www.gov.uk/government/publications/reservoir-safety-research-strategy-2026,https://app.overton.io/document.php?policy_document_id=govuk-d569842b1545f7b701834d4224c95bde,
"Probabilistic weather forecasting with machine learning",10.1038/s41586-024-08252-9,Nature,2024-12-04T00:00:00+00:00,17,https://doi.org/10.1038/s41586-024-08252-9,napedu,"National Academies of Sciences, Engineering, and Medicine","Forecasting the Ocean: The 2025–2035 Decade of Ocean Science",2025-02-20,"Public Sector",Government,"National Body; Knowledge Brokerage; Research Center; Learned Society",USA,https://www.nationalacademies.org/publications/27846,https://app.overton.io/document.php?policy_document_id=napedu-8a901fe57885f376977a192d425af835,
"Probabilistic weather forecasting with machine learning",10.1038/s41586-024-08252-9,Nature,2024-12-04T00:00:00+00:00,17,https://doi.org/10.1038/s41586-024-08252-9,nber,NBER,"The Social Value of Hurricane Forecasts",2024-06-10,"Third Sector","Think Tank","Research Centre",USA,https://www.nber.org/papers/w32548,https://app.overton.io/document.php?policy_document_id=nber-2009198b69a8da468109dc6db3577e6e,
"Probabilistic weather forecasting with machine learning",10.1038/s41586-024-08252-9,Nature,2024-12-04T00:00:00+00:00,17,https://doi.org/10.1038/s41586-024-08252-9,potsdaminstitute,"Potsdam-Institut für Klimafolgenforschung (PIK)","AI for a Planet Under Pressure",2025-11-04,"Third Sector","Think Tank","Research Centre",Germany,https://publications.pik-potsdam.de/pubman/item/item_33187_2,https://app.overton.io/document.php?policy_document_id=potsdaminstitute-cccf740bd15ff5bc7a7dd291a677abe0,
"Probabilistic weather forecasting with machine learning",10.1038/s41586-024-08252-9,Nature,2024-12-04T00:00:00+00:00,17,https://doi.org/10.1038/s41586-024-08252-9,potsdaminstitute,"Potsdam-Institut für Klimafolgenforschung (PIK)","AI for a Planet Under Pressure",2025-11-04,"Third Sector","Think Tank","Research Centre",Germany,https://publications.pik-potsdam.de/pubman/item/item_33187_1,https://app.overton.io/document.php?policy_document_id=potsdaminstitute-d04eb6e0c474bed105235891dc1ac6ca,
"Probabilistic weather forecasting with machine learning",10.1038/s41586-024-08252-9,Nature,2024-12-04T00:00:00+00:00,17,https://doi.org/10.1038/s41586-024-08252-9,undp,"United Nations Development Programme","Human Development Report 2025",2025-05-06,"Public Sector",IGO,"International Body; IGO Department or Agency; Initiative, Programme or Project; Professional Network, Association, Union or Cooperative",IGO,https://hdr.undp.org/content/human-development-report-2025,https://app.overton.io/document.php?policy_document_id=undp-ddf9d6b05339d857a7abd3cfc7e73460,
"Probabilistic weather forecasting with machine learning",10.1038/s41586-024-08252-9,Nature,2024-12-04T00:00:00+00:00,17,https://doi.org/10.1038/s41586-024-08252-9,undrr,"UN Office for Disaster Risk Reduction","Leveraging AI to enhance multi-hazard early warning systems","an unknown date","Public Sector",IGO,"International Body; IGO Department or Agency; Research Centre; Policy Centre; Monitoring or Regulatory Body",IGO,https://www.undrr.org/publication/documents-and-publications/leveraging-ai-enhance-multi-hazard-early-warning-systems,https://app.overton.io/document.php?policy_document_id=undrr-0a2bf4928d65b48adc004a1b3afdf9a0,
"Probabilistic weather forecasting with machine learning",10.1038/s41586-024-08252-9,Nature,2024-12-04T00:00:00+00:00,17,https://doi.org/10.1038/s41586-024-08252-9,unitednations,"United Nations","Human development report 2025 :a matter of choice : people and possibilities in the age of AI",2025-01-01,"Public Sector",IGO,"International Body; Top-Level Authority; IGO Department or Agency; Mixed Roles; Policy Centre",IGO,https://digitallibrary.un.org/record/4082930?ln=en,https://app.overton.io/document.php?policy_document_id=unitednations-9eb9fbb0e4e21e261c660272458f4caa,
"Probabilistic weather forecasting with machine learning",10.1038/s41586-024-08252-9,Nature,2024-12-04T00:00:00+00:00,17,https://doi.org/10.1038/s41586-024-08252-9,worldbank,"World Bank","World Development Report 2026: The Promise of Artificial Intelligence",2026-08-04,"Public Sector",IGO,"International Body; Financial Institution or Bank; Development Bank; Policy Centre",IGO,https://hdl.handle.net/10986/45296,https://app.overton.io/document.php?policy_document_id=worldbank-acb7b35703596795beda571ee85af866,
"Probabilistic weather forecasting with machine learning",10.1038/s41586-024-08252-9,Nature,2024-12-04T00:00:00+00:00,17,https://doi.org/10.1038/s41586-024-08252-9,worldbank,"World Bank","Assessing The Real-World Economic Value of Weather Forecasts under Compounding Extremes: A Decision-Specific Framework",2026-06-02,"Public Sector",IGO,"International Body; Financial Institution or Bank; Development Bank; Policy Centre",IGO,https://hdl.handle.net/10986/44978,https://app.overton.io/document.php?policy_document_id=worldbank-bce7b144f3dca2e66836febbe1f74db4,
"A comparative study of vehicle powertrain efficiency: Data-driven analyzing energy consumption and environmental impact",10.1016/j.treng.2024.100286,"Transportation Engineering",2024-12-01T00:00:00+00:00,1,https://doi.org/10.1016/j.treng.2024.100286,lansstyrelsen,Länsstyrelsen,"Regional handlingsplan för elektrifiering - Uppsala län",2026-05-22,"Public Sector",Government,"Regional or State Level Body; Public Service; Mixed Roles; Professional Network, Association, Union or Cooperative",Sweden,https://www.lansstyrelsen.se/download/18.4181ee7119e49cdce559948/1779448501487/Regional%20handlingsplan%20f%C3%B6r%20elektrifiering%20-%20Uppsala%20l%C3%A4n.pdf,https://app.overton.io/document.php?policy_document_id=lansstyrelsen-fa71fa67fb536c1a0a195f763ce8201b,
"AI and Machine Learning in V2G technology: A review of bi-directional converters, charging systems, and control strategies for smart grid integration",10.1016/j.prime.2024.100856,"e-Prime - Advances in Electrical Engineering, Electronics and Energy",2024-12-01T00:00:00+00:00,3,https://doi.org/10.1016/j.prime.2024.100856,governmentofrussia,"Government of Russia","People and possibilities in the age of AI",2025-05-15,"Public Sector",Government,"National Body; Mixed Roles; Public Service",Russia,https://repository.ach.gov.ru/upload/cards/d36/hdr2025reporten.pdf,https://app.overton.io/document.php?policy_document_id=governmentofrussia-1a8304674ad4a2a457b0e7155493c9f6,
"AI and Machine Learning in V2G technology: A review of bi-directional converters, charging systems, and control strategies for smart grid integration",10.1016/j.prime.2024.100856,"e-Prime - Advances in Electrical Engineering, Electronics and Energy",2024-12-01T00:00:00+00:00,3,https://doi.org/10.1016/j.prime.2024.100856,undp,"United Nations Development Programme","Human Development Report 2025",2025-05-06,"Public Sector",IGO,"International Body; IGO Department or Agency; Initiative, Programme or Project; Professional Network, Association, Union or Cooperative",IGO,https://hdr.undp.org/content/human-development-report-2025,https://app.overton.io/document.php?policy_document_id=undp-ddf9d6b05339d857a7abd3cfc7e73460,
"AI and Machine Learning in V2G technology: A review of bi-directional converters, charging systems, and control strategies for smart grid integration",10.1016/j.prime.2024.100856,"e-Prime - Advances in Electrical Engineering, Electronics and Energy",2024-12-01T00:00:00+00:00,3,https://doi.org/10.1016/j.prime.2024.100856,unitednations,"United Nations","Human development report 2025 :a matter of choice : people and possibilities in the age of AI",2025-01-01,"Public Sector",IGO,"International Body; Top-Level Authority; IGO Department or Agency; Mixed Roles; Policy Centre",IGO,https://digitallibrary.un.org/record/4082930?ln=en,https://app.overton.io/document.php?policy_document_id=unitednations-9eb9fbb0e4e21e261c660272458f4caa,
"An efficient two-stage heating strategy for embedded heat pipe system considering power and energy requirements from battery",10.1016/j.applthermaleng.2024.124499,"Applied Thermal Engineering",2024-12-01T00:00:00+00:00,1,https://doi.org/10.1016/j.applthermaleng.2024.124499,cdc,"Centers for Disease Control and Prevention (CDC)","Development of an Early-Stage Thermal Runaway Detection Model for Lithium-Ion Batteries",2025-01-01,"Public Sector",Government,"National Body; Government Agency; Healthcare Service, Body or Agency; Monitoring or Regulatory Body",USA,https://stacks.cdc.gov/view/cdc/215762,https://app.overton.io/document.php?policy_document_id=cdc-0ef3ad5e64aa1a6f310e5b3f6e28a1ac,
"Digital data demand and renewable energy limits: Forecasting the impacts on global electricity supply and sustainability",10.1016/j.enpol.2024.114404,"Energy Policy",2024-12-01T00:00:00+00:00,1,https://doi.org/10.1016/j.enpol.2024.114404,ukparliament_select,"UK Parliament Select Committee Publications","Written evidence submitted by: Professor Tom Jackson (Professor of Information and Knowledge Management at Loughborough University), Professor Ian Hodgkinson (Professor of Strategy at Loughborough University), and Dr Vitor Castro (Reader in Economics at Loughborough University) (DCU0003)",2026-05-21,"Public Sector","Legislative Body","National Body; Parliament, Senate or Congress; Committee",UK,https://committees.parliament.uk/writtenevidence/163473/pdf/,https://app.overton.io/document.php?policy_document_id=ukparliament_select-a1c0392f5d5a81a9165ac0ce15a51237,
"The role of pumped hydro storage in the Portuguese National Plan for energy and climate for 2030: A hybrid approach using Energy PLAN and machine learning",10.1016/j.est.2024.114194,"Journal of Energy Storage",2024-12-01T00:00:00+00:00,2,https://doi.org/10.1016/j.est.2024.114194,europa,"Publications Office of the European Union","Overview of the energy storage deployment in Europe",2025-11-10,"Public Sector",Government,"International Body; Public Data Body or Statistics; Archive; Public Service",EU,https://op.europa.eu/en/publication-detail/-/publication/4a985e0c-beb6-11f0-a612-01aa75ed71a1/language-en,https://app.overton.io/document.php?policy_document_id=europa-67f2bfcc7c91e0c929cdcf5291bb1065,"Fundação para a Ciência e a Tecnologia"
"The role of pumped hydro storage in the Portuguese National Plan for energy and climate for 2030: A hybrid approach using Energy PLAN and machine learning",10.1016/j.est.2024.114194,"Journal of Energy Storage",2024-12-01T00:00:00+00:00,2,https://doi.org/10.1016/j.est.2024.114194,jointresearcheu,"Joint Research Centre","Overview of Energy Storage Deployment in Europe",2025-11-10,"Public Sector",Government,"International Body; IGO Department or Agency; Research Centre; Policy Centre; Commission",EU,https://publications.jrc.ec.europa.eu/repository/handle/JRC141463,https://app.overton.io/document.php?policy_document_id=jointresearcheu-93e7876e6d8248b5a2508f51ce168325,"Fundação para a Ciência e a Tecnologia"
"Exploring the connection between COVID19, the energy crisis and PM2.5 emissions from residential heating",10.1016/j.cesys.2024.100244,"Cleaner Environmental Systems",2024-12-01T00:00:00+00:00,1,https://doi.org/10.1016/j.cesys.2024.100244,kudosno,"Kunnskapsdokumenter i offentlig sektor (KUDOS)","Reduserte utslipp av PM2,5: Tiltak og virkemidler - vedfyring som kilde : M-2955",2025-01-01,"Public Sector",Government,"National Body; Initiative, Programme or Project; Policy Centre; Archive; Public Data Body or Statistics",Norway,https://kudos.dfo.no/dokument/10e31910-a40d-4107-8f44-a2b45dc28742,https://app.overton.io/document.php?policy_document_id=kudosno-7985cb0e13a94af0de2abac6d6a1f5a4,Miljødirektoratet
"Year-to-year time allocation and spatial structure of Americans’ daily schedules from 2019 to 2022 and a detailed analysis of the stay-at-home all-day patterns",10.1016/j.tra.2024.104190,"Transportation Research Part A: Policy and Practice",2024-12-01T00:00:00+00:00,1,https://doi.org/10.1016/j.tra.2024.104190,izade,"Forschungsinstitut zur Zukunft der Arbeit (IZA)","COVID-19 and Subjective Well-Being in the United States: Age Matters",2025-05-16,"Third Sector","Think Tank","Research Centre; Policy Centre",Germany,https://www.iza.org/publications/dp/17915/covid-19-and-subjective-well-being-in-the-united-states-age-matters,https://app.overton.io/document.php?policy_document_id=izade-e384783e266738a2eadfdf06a73028d4,"University of California, Santa Barbara"
"Modelling energy consumption in a Paris supermarket to reduce energy use and greenhouse gas emissions using EnergyPlus",10.1016/j.ijrefrig.2024.08.023,"International Journal of Refrigeration",2024-12-01T00:00:00+00:00,1,https://doi.org/10.1016/j.ijrefrig.2024.08.023,cordisbe,CORDIS,"European food chain supply to reduce GHG emissions by 2050",2026-02-09,"Public Sector",Government,"Public Data Body or Statistics; Archive; Public Service; Mixed Roles",EU,https://ec.europa.eu/research/participants/documents/downloadPublic?documentIds=080166e522daefa0&appId=PPGMS,https://app.overton.io/document.php?policy_document_id=cordisbe-de2e0dd5e9fe05efb98c04df1acd257d,"European Commission; H2020 Societal Challenges; Horizon 2020"
"Potential use of district heating networks and the prospects for the advancements within urban areas of Nottingham as a case study",10.1016/j.egyr.2024.09.050,"Energy Reports",2024-12-01T00:00:00+00:00,2,https://doi.org/10.1016/j.egyr.2024.09.050,nottinghamcitygovuk,"Nottingham City Council","Draft Strategic Environmental Assessment Scoping Report",2026-09-18,"Public Sector",Government,"Municipal Body; Public Service",UK,https://www.nottinghamcity.gov.uk/media/fghb0ne1/ncc-lp-sea-scoping-report-consultation-draft.pdf,https://app.overton.io/document.php?policy_document_id=nottinghamcitygovuk-0536ca70200b77f21d68aa17ab6df3d3,
"Potential use of district heating networks and the prospects for the advancements within urban areas of Nottingham as a case study",10.1016/j.egyr.2024.09.050,"Energy Reports",2024-12-01T00:00:00+00:00,2,https://doi.org/10.1016/j.egyr.2024.09.050,nottinghamcitygovuk,"Nottingham City Council","Draft Strategic Environmental Assessment Scoping Report",2026-09-18,"Public Sector",Government,"Municipal Body; Public Service",UK,https://nottinghamcity.gov.uk/media/fghb0ne1/ncc-lp-sea-scoping-report-consultation-draft.pdf,https://app.overton.io/document.php?policy_document_id=nottinghamcitygovuk-0ed9f5de8aff5027f1d9854a3cc4ba30,
"Statistical design of experiments for efficient performance characterization of protonic-ceramic electrolysis cells",10.1088/2515-7655/ad92ab,"Journal of Physics: Energy",2024-11-21T00:00:00+00:00,2,https://doi.org/10.1088/2515-7655/ad92ab,europa,"Publications Office of the European Union","EU harmonised test method",2025-06-18,"Public Sector",Government,"International Body; Public Data Body or Statistics; Archive; Public Service",EU,https://op.europa.eu/en/publication-detail/-/publication/3b4ceb36-4cba-11f0-a9d0-01aa75ed71a1/language-en,https://app.overton.io/document.php?policy_document_id=europa-ef072a9f6511b427e2a38f85f4cfe16b,
"Statistical design of experiments for efficient performance characterization of protonic-ceramic electrolysis cells",10.1088/2515-7655/ad92ab,"Journal of Physics: Energy",2024-11-21T00:00:00+00:00,2,https://doi.org/10.1088/2515-7655/ad92ab,jointresearcheu,"Joint Research Centre","EU harmonised test method: polarisation curve measurement of high-temperature fuel cell and steam electrolyser",2025-06-18,"Public Sector",Government,"International Body; IGO Department or Agency; Research Centre; Policy Centre; Commission",EU,https://publications.jrc.ec.europa.eu/repository/handle/JRC134834,https://app.overton.io/document.php?policy_document_id=jointresearcheu-4feb9c039d7da6d72d5ed892751c2d8f,
"A Methodological Approach for Enriching Activity–Travel Schedules with In-Home Activities",10.3390/su162210086,Sustainability,2024-11-19T00:00:00+00:00,1,https://doi.org/10.3390/su162210086,california_state_agencies,"State of California","Caltrans DRISI PI Template",2026-06-08,"Public Sector",Government,"Regional or State Level Body; Mixed Roles; Public Service",USA,https://dot.ca.gov/-/media/dot-media/programs/research-innovation-system-information/documents/preliminary-investigations/pi-0414-post-covid-travel-patterns-for-policy-calibration-march-2026-a11y.pdf,https://app.overton.io/document.php?policy_document_id=california_state_agencies-97f8691735b3596e445df7ccb1cc01d7,
"Heterogeneous effects of government energy assistance programs: Covid-19 lockdowns in the republic of Georgia",10.1016/j.eneco.2024.107881,"Energy Economics",2024-11-01T00:00:00+00:00,1,https://doi.org/10.1016/j.eneco.2024.107881,worldbank,"World Bank","Electricity Tariff Reform and Energy Affordability in Georgia: Distributional Impacts and Policy Implications",2026-04-30,"Public Sector",IGO,"International Body; Financial Institution or Bank; Development Bank; Policy Centre",IGO,https://hdl.handle.net/10986/44874,https://app.overton.io/document.php?policy_document_id=worldbank-c004fd9eb22a244e7f5ebb83b8d25c55,"Grantová Agentura České Republiky; H2020 Fast Track to Innovation"
"Measuring the Influence of Industrialization in Deep Energy Renovations: A Three-Case Study Utilizing Key Performance Indicators (KPIs)",10.3390/buildings14113448,Buildings,2024-10-29T00:00:00+00:00,1,https://doi.org/10.3390/buildings14113448,wifoaustria,"Österreichisches Institut für Wirtschaftsforschung","Unlocking the Heat Transition: Regulatory Barriers and Policy Enablers",2026-08-13,"Private Sector","Think Tank","Policy Centre; Research Centre",Austria,https://www.wifo.ac.at/wp-content/uploads/upload-9212/wp_2026_733.pdf,https://app.overton.io/document.php?policy_document_id=wifoaustria-a1926dc2ccfeeaaba09aa1c42b53e548,
"Navigating energy policy uncertainty: Effects on fossil fuel and renewable energy consumption in G7 economies",10.1080/15435075.2024.2413676,"International Journal of Green Energy",2024-10-14T00:00:00+00:00,2,https://doi.org/10.1080/15435075.2024.2413676,onaces,"Oficina Nacional de Asesoramiento Científico (ONAC)","204 propuestas de la comunidad científica frente a la emergencia climática",2026-02-05,"Public Sector",Government,"National Body; Research Centre; Government Department",Spain,https://www.onac.gob.es/novedades/publicaciones/Paginas/204-propuestas-de-la-comunidad-cient-fica-frente-a.aspx,https://app.overton.io/document.php?policy_document_id=onaces-3164e305a3e660337d641648351cbd64,
"Navigating energy policy uncertainty: Effects on fossil fuel and renewable energy consumption in G7 economies",10.1080/15435075.2024.2413676,"International Journal of Green Energy",2024-10-14T00:00:00+00:00,2,https://doi.org/10.1080/15435075.2024.2413676,onaces,"Oficina Nacional de Asesoramiento Científico (ONAC)","Documento de trabajo: propuestas de la comunidad científica frente a la emergencia climática",2025-11-12,"Public Sector",Government,"National Body; Research Centre; Government Department",Spain,https://www.onac.gob.es/novedades/publicaciones/Paginas/propuestas-cientificas-emergencia-climatica.aspx,https://app.overton.io/document.php?policy_document_id=onaces-df41d605e267d7dd5103bc3b6350936c,
"Time of the week AutoRegressive eXogenous (TOW-ARX) model to predict thermal consumption in a large commercial mall",10.1016/j.ecmx.2024.100777,"Energy Conversion and Management: X",2024-10-01T00:00:00+00:00,1,https://doi.org/10.1016/j.ecmx.2024.100777,cordisbe,CORDIS,"Smart energy services to solve the SPlit INcentive problem in the commercial rented sector",2025-08-11,"Public Sector",Government,"Public Data Body or Statistics; Archive; Public Service; Mixed Roles",EU,https://ec.europa.eu/research/participants/documents/downloadPublic?documentIds=080166e5166f041d&appId=PPGMS,https://app.overton.io/document.php?policy_document_id=cordisbe-fa65aabb039afdc85de999b77562d3a6,"Horizon 2020"
"Electric vehicles' impact on energy balance: Three-country comparison",10.1016/j.rser.2024.114768,"Renewable and Sustainable Energy Reviews",2024-10-01T00:00:00+00:00,1,https://doi.org/10.1016/j.rser.2024.114768,cmiu4no,"CMI U4 Anti-Corruption Resource Centre","Corruption risks in Peru’s electromobility sector",2026-04-02,"Public Sector",Government,"Research Centre; Policy Centre",Norway,https://www.u4.no/publications/corruption-risks-in-peru-s-electromobility-sector,https://app.overton.io/document.php?policy_document_id=cmiu4no-840dbb3fcff4cd776ad96f0f6172696e,
"Decision-focused learning under decision dependent uncertainty for power systems with price-responsive demand",10.1016/j.epsr.2024.110665,"Electric Power Systems Research",2024-10-01T00:00:00+00:00,1,https://doi.org/10.1016/j.epsr.2024.110665,sintefno,SINTEF,"Demand Response in Power Market Models",2025-01-01,"Private Sector","Think Tank","Research Centre; Policy Centre",Norway,https://nva.sikt.no/registration/0198cc62ac7b-c8fe3cb6-e510-4fde-9b52-0895f3394c01,https://app.overton.io/document.php?policy_document_id=sintefno-437c7daecd9d766f6b4f351808e11d2d,"National Science Foundation"
"Recent progress in nanomaterials of battery energy storage: A patent landscape analysis, technology updates, and future prospects",10.1515/ntrev-2023-0215,"Nanotechnology Reviews",2024-09-04T00:00:00+00:00,2,https://doi.org/10.1515/ntrev-2023-0215,grantham,"Grantham Institute","Critical minerals and the clean energy transition: the role of innovation across the supply chain - Grantham Research Institute on climate change and the environment",2025-12-04,"Third Sector","Think Tank","Research Centre; Policy Centre",UK,https://www.lse.ac.uk/granthaminstitute/publication/critical-minerals-and-the-clean-energy-transition-the-role-of-innovation-across-the-supply-chain/,https://app.overton.io/document.php?policy_document_id=grantham-27e0bd2c65029cb210217fec839d5392,
"Recent progress in nanomaterials of battery energy storage: A patent landscape analysis, technology updates, and future prospects",10.1515/ntrev-2023-0215,"Nanotechnology Reviews",2024-09-04T00:00:00+00:00,2,https://doi.org/10.1515/ntrev-2023-0215,oecddiscovery,OECD,"Critical minerals and clean energy applications",2026-04-27,"Public Sector",IGO,"International Body; IGO Department or Agency; Monitoring or Regulatory Body; Policy Centre; Research Centre",IGO,https://dx.doi.org/https://doi.org/10.1787/e3b08f4d-en,https://app.overton.io/document.php?policy_document_id=oecddiscovery-1c34a7c1686fe40b4097394356d3dcf4,
"Wet cooling tower performance prediction in CSP plants: A comparison between artificial neural networks and Poppe’s model",10.1016/j.energy.2024.131844,Energy,2024-09-01T00:00:00+00:00,1,https://doi.org/10.1016/j.energy.2024.131844,boe,"Boletín Oficial del Estado","Annual Report ... Plataforma Solar de Almería",2025-08-19,"Public Sector",Government,"National Body; Public Service; Archive",Spain,https://cpage.mpr.gob.es/producto/annual-report-plataforma-solar-de-almeria-13/,https://app.overton.io/document.php?policy_document_id=boe-64cf0134cb725d89d99f20ed7c672f6b,"Agencia Estatal de Investigación; European Regional Development Fund; Ministerio de Ciencia e Innovación; Ministerio de Ciencia, Innovación y Universidades"
"PPenergyNET: Privacy-Preserving Multi-Energy Load Forecasting in Energy Internet Considering Energy Coupling",10.1109/tpwrs.2024.3360605,"IEEE Transactions on Power Systems",2024-09-01T00:00:00+00:00,1,https://doi.org/10.1109/tpwrs.2024.3360605,jointresearcheu,"Joint Research Centre","Emerging risks and opportunities for EU internal security stemming from new technologies","an unknown date","Public Sector",Government,"International Body; IGO Department or Agency; Research Centre; Policy Centre; Commission",EU,https://publications.jrc.ec.europa.eu/repository/handle/JRC139674,https://app.overton.io/document.php?policy_document_id=jointresearcheu-691b7d4855cf2fe4655b7adb46a72422,"National Key Research and Development Program of China"
"Active learning-based machine learning approach for enhancing environmental sustainability in green building energy consumption",10.1038/s41598-024-70729-4,"Scientific Reports",2024-08-27T00:00:00+00:00,1,https://doi.org/10.1038/s41598-024-70729-4,napedu,"National Academies of Sciences, Engineering, and Medicine","Foundation Models for Scientific Discovery and Innovation: Opportunities Across the Department of Energy and the Scientific Enterprise",2025-12-16,"Public Sector",Government,"National Body; Knowledge Brokerage; Research Center; Learned Society",USA,https://www.nationalacademies.org/publications/29212,https://app.overton.io/document.php?policy_document_id=napedu-48df0c71260e8f47b5d309d338d5fc09,
"Economic potential of wind and solar in American Indian communities",10.1038/s41560-024-01617-4,"Nature Energy",2024-08-23T00:00:00+00:00,1,https://doi.org/10.1038/s41560-024-01617-4,resourcesforthefuture,"Resources for the Future","The Energy Transition for Oil- and Gas-Producing Tribal Nations: Assessing Options for Energy Development with the Southern Ute Indian Tribe",2025-06-17,"Third Sector","Think Tank","Research Centre; Policy Centre",USA,https://www.rff.org/publications/working-papers/the-energy-transition-for-oil-and-gas-producing-tribal-nations-assessing-options-for-energy-development-with-the-southern-ute-indian-tribe/,https://app.overton.io/document.php?policy_document_id=resourcesforthefuture-def629cb87523cb2d6d6502406aed2c6,
"Non-Industrial Solar Energy Use, Barriers, and Readiness: Case Study of Oman",10.3390/en17163917,Energies,2024-08-08T00:00:00+00:00,1,https://doi.org/10.3390/en17163917,unido,"United Nations Industrial Development Organization","IID Policy Brief 14: The new era of industrial policy in Asia-Pacific: from SDG assessment to policy solutions",2024-10-21,"Public Sector",IGO,"International Body; IGO Department or Agency; Policy Centre; Initiative, Programme or Project; Research Centre",IGO,https://www.unido.org/sites/default/files/unido-publications/2024-10/IID%20Policy%20Brief%2014%20-%20Asia-Pacific%20Industrial%20Policy.pdf,https://app.overton.io/document.php?policy_document_id=unido-9afd1b9a7fe72235ce8dd1b222a188ab,
"Impacts of large-scale deployment of vertical bifacial photovoltaics on European electricity market dynamics",10.1038/s41467-024-50762-7,"Nature Communications",2024-08-06T00:00:00+00:00,3,https://doi.org/10.1038/s41467-024-50762-7,europa,"Publications Office of the European Union","Photovoltaics geographical information system",2026-03-23,"Public Sector",Government,"International Body; Public Data Body or Statistics; Archive; Public Service",EU,https://op.europa.eu/en/publication-detail/-/publication/686dd2f8-272f-11f1-a7dd-01aa75ed71a1/language-en,https://app.overton.io/document.php?policy_document_id=europa-67810d6f6140cba3274a3d8b12ced7bf,
"Impacts of large-scale deployment of vertical bifacial photovoltaics on European electricity market dynamics",10.1038/s41467-024-50762-7,"Nature Communications",2024-08-06T00:00:00+00:00,3,https://doi.org/10.1038/s41467-024-50762-7,jointresearcheu,"Joint Research Centre","Photovoltaics Geographical Information System: Status Report 2025",2026-02-04,"Public Sector",Government,"International Body; IGO Department or Agency; Research Centre; Policy Centre; Commission",EU,https://publications.jrc.ec.europa.eu/repository/handle/JRC145327,https://app.overton.io/document.php?policy_document_id=jointresearcheu-8fccd7a551aaa394466a14081b3abd84,
"Impacts of large-scale deployment of vertical bifacial photovoltaics on European electricity market dynamics",10.1038/s41467-024-50762-7,"Nature Communications",2024-08-06T00:00:00+00:00,3,https://doi.org/10.1038/s41467-024-50762-7,wifoaustria,"Österreichisches Institut für Wirtschaftsforschung","Analyse der makroökonomischen Effekte unterschiedlicher Szenarien auf der Grundlage langfristiger Gaslieferverträge",2025-03-20,"Private Sector","Think Tank","Policy Centre; Research Centre",Austria,https://www.wifo.ac.at/wp-content/uploads/upload-3791/s_2025_gasliefervertraege_57707243.pdf,https://app.overton.io/document.php?policy_document_id=wifoaustria-a49a77b7c19065d85eae3f42cf38e920,
"Divergences between EU Members on the Sustainability of Road Freight Transport",10.3390/su16156268,Sustainability,2024-07-23T00:00:00+00:00,1,https://doi.org/10.3390/su16156268,trafikverket,Trafikverket,"Automated driving in road freight transport: On system-level impacts, policy implications and the role of uncertainty",2024-11-13,"Public Sector",Government,"National Body; Government Agency; Public Service; Monitoring or Regulatory Body",Sweden,http://trafikverket.diva-portal.org/smash/get/diva2:1981533/SUMMARY01.pdf,https://app.overton.io/document.php?policy_document_id=trafikverket-8a2794e71810687add601030128c9c2a,
"GPTs are GPTs: Labor market impact potential of LLMs",10.1126/science.adj0998,Science,2024-06-21T00:00:00+00:00,155,https://doi.org/10.1126/science.adj0998,americanenterpriseinstitute,"American Enterprise Institute","The Impact of AI and Jobs: A Quick Q&A with … Daniel Rock of the Wharton School",2024-10-15,"Third Sector","Think Tank","Research Centre; Policy Centre",USA,https://www.aei.org/articles/the-impact-of-ai-and-jobs-a-quick-qa-with-daniel-rock-of-the-wharton-school/,https://app.overton.io/document.php?policy_document_id=americanenterpriseinstitute-b12a6fbe4770fb275319ab65b51b454b,
"GPTs are GPTs: Labor market impact potential of LLMs",10.1126/science.adj0998,Science,2024-06-21T00:00:00+00:00,155,https://doi.org/10.1126/science.adj0998,asiandevelopmentbank,"Asian Development Bank","Workers’ Exposure to Artificial Intelligence Across Development Stages",2026-01-30,"Public Sector",IGO,"International Body; Financial Institution or Bank; Development Bank",IGO,https://www.adb.org/publications/workers-exposure-artificial-intelligence,https://app.overton.io/document.php?policy_document_id=asiandevelopmentbank-24ec97922d57006b3ea03c2a3042b141,
"GPTs are GPTs: Labor market impact potential of LLMs",10.1126/science.adj0998,Science,2024-06-21T00:00:00+00:00,155,https://doi.org/10.1126/science.adj0998,bankofkorea,"Bank of Korea","[제2026-19호] 청년고용 위축, AI탓인가? 변화하는 경력 사다리와 대응 과제",2026-08-18,"Public Sector",Government,"National Body; Financial Institution or Bank; Central Bank","South Korea",https://www.bok.or.kr/portal/bbs/P0002353/view.do?nttId=11063845&searchCnd=1&searchKwd=&depth2=201156&depth=201156&pageUnit=10&programType=newsData&menuNo=200433&oldMenuNo=201156,https://app.overton.io/document.php?policy_document_id=bankofkorea-5b4047f2fd682e21022b4de9dd67e586,
"GPTs are GPTs: Labor market impact potential of LLMs",10.1126/science.adj0998,Science,2024-06-21T00:00:00+00:00,155,https://doi.org/10.1126/science.adj0998,bankofkorea,"Bank of Korea","[제2025-22호] AI의 빠른 확산과 생산성 효과: 가계조사를 바탕으로",2025-08-18,"Public Sector",Government,"National Body; Financial Institution or Bank; Central Bank","South Korea",https://www.bok.or.kr/portal/bbs/P0002353/view.do?nttId=10093071&searchCnd=1&searchKwd=&depth2=201156&depth=201156&pageUnit=10&programType=newsData&menuNo=200433&oldMenuNo=201156,https://app.overton.io/document.php?policy_document_id=bankofkorea-c5c624efb16c548b44452cb204551fc5,
"GPTs are GPTs: Labor market impact potential of LLMs",10.1126/science.adj0998,Science,2024-06-21T00:00:00+00:00,155,https://doi.org/10.1126/science.adj0998,bennettinstitute,"Bennett Institute for Public Policy","Start-ups and scale-ups in UK technology sectors - Bennett School of Public Policy",2025-09-03,"Third Sector","Think Tank","Research Centre; Policy Centre",UK,https://www.bennettschool.cam.ac.uk/publications/start-ups-and-scale-ups-in-uk-technology-sectors/,https://app.overton.io/document.php?policy_document_id=bennettinstitute-2742e4a491ae55b8821d8958b0e9da63,
"GPTs are GPTs: Labor market impact potential of LLMs",10.1126/science.adj0998,Science,2024-06-21T00:00:00+00:00,155,https://doi.org/10.1126/science.adj0998,bostonconsultinggroup,"Boston Consulting Group","Digital Poland – The Era of AI Transformation",2026-06-08,"Private Sector",NGO,Consultancy,USA,https://www.bcg.com/publications/2026/poland-digital-era-of-ai-transformation,https://app.overton.io/document.php?policy_document_id=bostonconsultinggroup-ddd7046ec940b9ec430ca2631d7aaae6,
"GPTs are GPTs: Labor market impact potential of LLMs",10.1126/science.adj0998,Science,2024-06-21T00:00:00+00:00,155,https://doi.org/10.1126/science.adj0998,brookings,"Brookings Institution","The geography of generative AI’s workforce impacts will likely differ from those of previous technologies",2025-02-19,"Third Sector","Think Tank","Research Centre; Policy Centre",USA,https://www.brookings.edu/articles/the-geography-of-generative-ais-workforce-impacts-will-likely-differ-from-those-of-previous-technologies/,https://app.overton.io/document.php?policy_document_id=brookings-6f140ec87a0e927c34cf65f0283c5b45,
"GPTs are GPTs: Labor market impact potential of LLMs",10.1126/science.adj0998,Science,2024-06-21T00:00:00+00:00,155,https://doi.org/10.1126/science.adj0998,brookings,"Brookings Institution","The political geography of AI exposure",2026-06-03,"Third Sector","Think Tank","Research Centre; Policy Centre",USA,https://www.brookings.edu/articles/ai-political-geography-worker-exposure/,https://app.overton.io/document.php?policy_document_id=brookings-7a88113c7c1e54eb7ee95645dd6895da,
"GPTs are GPTs: Labor market impact potential of LLMs",10.1126/science.adj0998,Science,2024-06-21T00:00:00+00:00,155,https://doi.org/10.1126/science.adj0998,brookings,"Brookings Institution","Measuring US workers’ capacity to adapt to AI-driven job displacement",2026-01-21,"Third Sector","Think Tank","Research Centre; Policy Centre",USA,https://www.brookings.edu/articles/measuring-us-workers-capacity-to-adapt-to-ai-driven-job-displacement/,https://app.overton.io/document.php?policy_document_id=brookings-7d0e91d7b63246ae68d7bb2542391372,
"GPTs are GPTs: Labor market impact potential of LLMs",10.1126/science.adj0998,Science,2024-06-21T00:00:00+00:00,155,https://doi.org/10.1126/science.adj0998,brookings,"Brookings Institution","Generative AI at the crossroads: Light bulb, dynamo, or microscope?",2025-09-09,"Third Sector","Think Tank","Research Centre; Policy Centre",USA,https://www.brookings.edu/articles/generative-ai-at-the-crossroads-light-bulb-dynamo-or-microscope/,https://app.overton.io/document.php?policy_document_id=brookings-8c0795c71d65bc988c2a500494cb7a9e,
"GPTs are GPTs: Labor market impact potential of LLMs",10.1126/science.adj0998,Science,2024-06-21T00:00:00+00:00,155,https://doi.org/10.1126/science.adj0998,brookings,"Brookings Institution","Mapping the AI economy: Which regions are ready for the next technology leap",2025-07-16,"Third Sector","Think Tank","Research Centre; Policy Centre",USA,https://www.brookings.edu/articles/mapping-the-ai-economy-which-regions-are-ready-for-the-next-technology-leap/,https://app.overton.io/document.php?policy_document_id=brookings-8d31bef82da94b36297afc325b4309f6,
"GPTs are GPTs: Labor market impact potential of LLMs",10.1126/science.adj0998,Science,2024-06-21T00:00:00+00:00,155,https://doi.org/10.1126/science.adj0998,brookings,"Brookings Institution","The AI durability of built environment careers",2026-03-12,"Third Sector","Think Tank","Research Centre; Policy Centre",USA,https://www.brookings.edu/articles/the-ai-durability-of-built-environment-careers/,https://app.overton.io/document.php?policy_document_id=brookings-a919007cc2b0b1ec605a145cb8efed9b,
"GPTs are GPTs: Labor market impact potential of LLMs",10.1126/science.adj0998,Science,2024-06-21T00:00:00+00:00,155,https://doi.org/10.1126/science.adj0998,brookings,"Brookings Institution","Is generative AI a job killer? Evidence from the freelance market",2025-07-08,"Third Sector","Think Tank","Research Centre; Policy Centre",USA,https://www.brookings.edu/articles/is-generative-ai-a-job-killer-evidence-from-the-freelance-market/,https://app.overton.io/document.php?policy_document_id=brookings-baefd2cbe0d4ed8768ac573c5d108f3b,
"GPTs are GPTs: Labor market impact potential of LLMs",10.1126/science.adj0998,Science,2024-06-21T00:00:00+00:00,155,https://doi.org/10.1126/science.adj0998,brookings,"Brookings Institution","When people think AI did the creative work, task meaning and effort decline",2026-08-03,"Third Sector","Think Tank","Research Centre; Policy Centre",USA,https://www.brookings.edu/articles/when-people-think-ai-did-the-creative-work-task-meaning-and-effort-decline/,https://app.overton.io/document.php?policy_document_id=brookings-e98e3e783dde63caa299b4a6f8c32cd5,
"GPTs are GPTs: Labor market impact potential of LLMs",10.1126/science.adj0998,Science,2024-06-21T00:00:00+00:00,155,https://doi.org/10.1126/science.adj0998,brookings,"Brookings Institution","AI’s impact on income inequality in the US",2024-07-03,"Third Sector","Think Tank","Research Centre; Policy Centre",USA,https://www.brookings.edu/articles/ais-impact-on-income-inequality-in-the-us/,https://app.overton.io/document.php?policy_document_id=brookings-ea82c5afd493a6c821998344f0db7e32,
"GPTs are GPTs: Labor market impact potential of LLMs",10.1126/science.adj0998,Science,2024-06-21T00:00:00+00:00,155,https://doi.org/10.1126/science.adj0998,cedboard,"Committee for Economic Development","AI and the Labor Force: Scenarios for Stakeholders",2026-09-15,"Third Sector","Think Tank","Research Centre; Policy Centre",USA,https://www.conference-board.org/research/solutions-briefs/AI-and-the-Labor-Force-Scenarios-for-Stakeholders,https://app.overton.io/document.php?policy_document_id=cedboard-833377bd063333f5b5bb2988630a17fa,
"GPTs are GPTs: Labor market impact potential of LLMs",10.1126/science.adj0998,Science,2024-06-21T00:00:00+00:00,155,https://doi.org/10.1126/science.adj0998,cedboard,"Committee for Economic Development","Responding to US Labor Shortages",2025-06-16,"Third Sector","Think Tank","Research Centre; Policy Centre",USA,https://www.conference-board.org/research/solutions-briefs/responding-to-us-labor-shortages,https://app.overton.io/document.php?policy_document_id=cedboard-c7a2cb8b8d30604b9a9c563910505afe,
"GPTs are GPTs: Labor market impact potential of LLMs",10.1126/science.adj0998,Science,2024-06-21T00:00:00+00:00,155,https://doi.org/10.1126/science.adj0998,cedlas,"Centro de Estudios Distributivos, Laborales y Sociales (CEDLAS)","Generative AI in Higher Education: Evidence from an Elite College.",2025-11-01,"Third Sector","Think Tank","Research Centre; Policy Centre",Argentina,https://www.cedlas.econo.unlp.edu.ar/wp/wp-content/uploads/doc_cedlas359.pdf,https://app.overton.io/document.php?policy_document_id=cedlas-64d0d0fcbe7daac949b26c16b64cd6c7,
"GPTs are GPTs: Labor market impact potential of LLMs",10.1126/science.adj0998,Science,2024-06-21T00:00:00+00:00,155,https://doi.org/10.1126/science.adj0998,cedlas,"Centro de Estudios Distributivos, Laborales y Sociales (CEDLAS)","The Potential Distributive Impact of AI-driven Labor Changes in Latin America.",2025-12-01,"Third Sector","Think Tank","Research Centre; Policy Centre",Argentina,https://www.cedlas.econo.unlp.edu.ar/wp/wp-content/uploads/doc_cedlas361.pdf,https://app.overton.io/document.php?policy_document_id=cedlas-ff7ec793f0f33442a54212aa23acdda5,
"GPTs are GPTs: Labor market impact potential of LLMs",10.1126/science.adj0998,Science,2024-06-21T00:00:00+00:00,155,https://doi.org/10.1126/science.adj0998,ceps,CEPS,"Study on the challenges and impacts to a social and inclusive Europe in the next decade",2025-07-14,"Third Sector","Think Tank","Research Centre; Policy Centre",Belgium,https://www.ceps.eu/ceps-publications/study-on-the-challenges-and-impacts-to-a-social-and-inclusive-europe-in-the-next-decade/,https://app.overton.io/document.php?policy_document_id=ceps-42d2b30d24a6340ef96ee5bb7ce0f60f,
"GPTs are GPTs: Labor market impact potential of LLMs",10.1126/science.adj0998,Science,2024-06-21T00:00:00+00:00,155,https://doi.org/10.1126/science.adj0998,ceps,CEPS,"Solving Europe’s AI talent equation",2025-07-10,"Third Sector","Think Tank","Research Centre; Policy Centre",Belgium,https://www.ceps.eu/ceps-publications/solving-europes-ai-talent-equation/,https://app.overton.io/document.php?policy_document_id=ceps-f0aaa41e6df62d9fe9993600a070cb63,
"GPTs are GPTs: Labor market impact potential of LLMs",10.1126/science.adj0998,Science,2024-06-21T00:00:00+00:00,155,https://doi.org/10.1126/science.adj0998,chicagofed,"Federal Reserve Bank of Chicago","Forecasting the Economic Effects of AI",2026-04-20,"Public Sector",Government,"Regional or State Level Body; Financial Institution or Bank; Central Bank",USA,https://www.chicagofed.org/publications/working-papers/2026/2026-07,https://app.overton.io/document.php?policy_document_id=chicagofed-925783a661550b7883164893feda95e0,
"GPTs are GPTs: Labor market impact potential of LLMs",10.1126/science.adj0998,Science,2024-06-21T00:00:00+00:00,155,https://doi.org/10.1126/science.adj0998,clevelandfed,"Federal Reserve Bank of Cleveland","Measuring Overtime Exemption Status: A Task-Based Approach",2026-07-13,"Public Sector",Government,"Regional or State Level Body; Financial Institution or Bank; Central Bank",USA,https://www.clevelandfed.org/publications/working-paper/wp-2615-measuring-overtime-exemption-status-a-task-based-approach,https://app.overton.io/document.php?policy_document_id=clevelandfed-08e146ae3973e12ef55df3aa2fbe93ad,
"GPTs are GPTs: Labor market impact potential of LLMs",10.1126/science.adj0998,Science,2024-06-21T00:00:00+00:00,155,https://doi.org/10.1126/science.adj0998,clevelandfed,"Federal Reserve Bank of Cleveland","The Recent Evolution of AI-Related Labor Demand",2026-09-24,"Public Sector",Government,"Regional or State Level Body; Financial Institution or Bank; Central Bank",USA,https://www.clevelandfed.org/publications/working-paper/wp-2624-the-recent-evolution-of-ai-related-labor-demand,https://app.overton.io/document.php?policy_document_id=clevelandfed-6649be0e957da0550272217f2e1e08ab,
"GPTs are GPTs: Labor market impact potential of LLMs",10.1126/science.adj0998,Science,2024-06-21T00:00:00+00:00,155,https://doi.org/10.1126/science.adj0998,cnibr,"Confederação Nacional da Indústria (CNI)","A indústria na agenda dos presidenciáveis",2026-06-17,"Third Sector","Think Tank","Professional Network, Association, Union or Cooperative; Policy Centre; Research Centre; National Body",Brazil,https://cni.portaldaindustria.com.br/documents/d/cni/construindo-o-brasil-2050-completo?download=true,https://app.overton.io/document.php?policy_document_id=cnibr-7cb918bc3c9d716854f3d6c045917521,
"GPTs are GPTs: Labor market impact potential of LLMs",10.1126/science.adj0998,Science,2024-06-21T00:00:00+00:00,155,https://doi.org/10.1126/science.adj0998,cset,"Center for Security and Emerging Technology (CSET)","AI System-to-Model Innovation | Center for Security and Emerging Technology",2025-07-01,"Third Sector","Think Tank","Research Centre; Policy Centre",USA,https://cset.georgetown.edu/publication/ai-system-to-model-innovation/,https://app.overton.io/document.php?policy_document_id=cset-fae9a26602e706e3b16d83b831bf09bb,
"GPTs are GPTs: Labor market impact potential of LLMs",10.1126/science.adj0998,Science,2024-06-21T00:00:00+00:00,155,https://doi.org/10.1126/science.adj0998,diwde,"Deutsches Institut für Wirtschaftsforschung (DIW)","Digital Skills: Social Disparities and the Impact of Early Mentoring",2025-04-29,"Third Sector","Think Tank","Research Centre; Policy Centre",Germany,https://www.diw.de/de/diw_01.c.948542.de/publikationen/soeppapers/2025_1222/digital_skills__social_disparities_and_the_impact_of_early_mentoring.html,https://app.overton.io/document.php?policy_document_id=diwde-0d70fd0802d82ee0d3de3297659e79c0,
"GPTs are GPTs: Labor market impact potential of LLMs",10.1126/science.adj0998,Science,2024-06-21T00:00:00+00:00,155,https://doi.org/10.1126/science.adj0998,emffat,"The European Money and Finance Forum","From potential to practice: AI exposure and adoption in European industries",2026-02-05,"Third Sector","Think Tank","Research Centre; Policy Centre; Professional Network, Association, Union or Cooperative; International Body",Austria,https://www.suerf.org/publications/suerf-policy-notes-and-briefs/from-potential-to-practice-ai-exposure-and-adoption-in-european-industries/,https://app.overton.io/document.php?policy_document_id=emffat-0ac60550b86eb5eaec33f9dfba8c27f7,
"GPTs are GPTs: Labor market impact potential of LLMs",10.1126/science.adj0998,Science,2024-06-21T00:00:00+00:00,155,https://doi.org/10.1126/science.adj0998,emffat,"The European Money and Finance Forum","AI and the euro area economy",2026-05-07,"Third Sector","Think Tank","Research Centre; Policy Centre; Professional Network, Association, Union or Cooperative; International Body",Austria,https://www.suerf.org/publications/suerf-policy-notes-and-briefs/ai-and-the-euro-area-economy/,https://app.overton.io/document.php?policy_document_id=emffat-280080812c665104b8d0700e829d67e9,
"GPTs are GPTs: Labor market impact potential of LLMs",10.1126/science.adj0998,Science,2024-06-21T00:00:00+00:00,155,https://doi.org/10.1126/science.adj0998,emffat,"The European Money and Finance Forum","Macroeconomic productivity gains from Artificial Intelligence in G7 economies",2025-10-23,"Third Sector","Think Tank","Research Centre; Policy Centre; Professional Network, Association, Union or Cooperative; International Body",Austria,https://www.suerf.org/publications/suerf-policy-notes-and-briefs/macroeconomic-productivity-gains-from-artificial-intelligence-in-g7-economies/,https://app.overton.io/document.php?policy_document_id=emffat-3d36b89faff26396d3f21e51a8511e19,
"GPTs are GPTs: Labor market impact potential of LLMs",10.1126/science.adj0998,Science,2024-06-21T00:00:00+00:00,155,https://doi.org/10.1126/science.adj0998,equitablegrowth,"Washington Center for Equitable Growth","Extracting O*NET Features from the NLx Corpus to Build Public Use Aggregate Labor Market Data",2025-10-01,"Third Sector","Think Tank","Research Centre; Policy Centre",USA,https://equitablegrowth.org/working-papers/extracting-onet-features-from-the-nlx-corpus-to-build-public-use-aggregate-labor-market-data/,https://app.overton.io/document.php?policy_document_id=equitablegrowth-a3f413a7b1ad663788f2d9a4fd0d8ee6,
"GPTs are GPTs: Labor market impact potential of LLMs",10.1126/science.adj0998,Science,2024-06-21T00:00:00+00:00,155,https://doi.org/10.1126/science.adj0998,equitablegrowth,"Washington Center for Equitable Growth","What Work Does Generative AI Do?",2026-02-26,"Third Sector","Think Tank","Research Centre; Policy Centre",USA,https://equitablegrowth.org/working-papers/what-work-does-generative-ai-do/,https://app.overton.io/document.php?policy_document_id=equitablegrowth-c2a46642c79d5b919a64668761c95538,
"GPTs are GPTs: Labor market impact potential of LLMs",10.1126/science.adj0998,Science,2024-06-21T00:00:00+00:00,155,https://doi.org/10.1126/science.adj0998,equitablegrowth,"Washington Center for Equitable Growth","AI exposure by U.S. occupations and work tasks and the effect on wages",2019-07-18,"Third Sector","Think Tank","Research Centre; Policy Centre",USA,https://equitablegrowth.org/working-papers/ai-exposure-by-u-s-occupations-and-work-tasks-and-the-effect-on-wages/,https://app.overton.io/document.php?policy_document_id=equitablegrowth-fe53c31550ab38275a0d2e4cf32d91ad,
"GPTs are GPTs: Labor market impact potential of LLMs",10.1126/science.adj0998,Science,2024-06-21T00:00:00+00:00,155,https://doi.org/10.1126/science.adj0998,esridublin,ESRI,"Artificial Intelligence and income inequality in Ireland",2026-04-09,"Third Sector","Think Tank","Research Centre; Policy Centre",Ireland,https://www.esri.ie/publications/artificial-intelligence-and-income-inequality-in-ireland,https://app.overton.io/document.php?policy_document_id=esridublin-c070bc8cc8ade0cbb43358598f989fe1,
"GPTs are GPTs: Labor market impact potential of LLMs",10.1126/science.adj0998,Science,2024-06-21T00:00:00+00:00,155,https://doi.org/10.1126/science.adj0998,etlafi,ETLA,"The AI Transformation is More Likely to Increase Rather Than Reduce Human Work",2026-09-23,"Third Sector","Think Tank","Research Centre; Policy Centre",Finland,https://www.etla.fi/en/publications/briefs/tekoalymurros-pikemminkin-lisaa-kuin-vahentaa-ihmistyota/,https://app.overton.io/document.php?policy_document_id=etlafi-32da7a88f26a3fe24c2d1c09740bee78,
"GPTs are GPTs: Labor market impact potential of LLMs",10.1126/science.adj0998,Science,2024-06-21T00:00:00+00:00,155,https://doi.org/10.1126/science.adj0998,etlafi,ETLA,"GenAI, Growth, and the Multi-Sector Multipliers",2025-08-14,"Third Sector","Think Tank","Research Centre; Policy Centre",Finland,https://www.etla.fi/en/publications/working-papers-en/genai-growth-and-the-multi-sector-multipliers/,https://app.overton.io/document.php?policy_document_id=etlafi-480e82310251acb65ab644bb07406eef,
"GPTs are GPTs: Labor market impact potential of LLMs",10.1126/science.adj0998,Science,2024-06-21T00:00:00+00:00,155,https://doi.org/10.1126/science.adj0998,etlafi,ETLA,"The Effects of Generative AI Are Not Yet Visible in the Labor Market: Wages in the Most Exposed Occupations Have Rather Risen",2024-11-19,"Third Sector","Think Tank","Research Centre; Policy Centre",Finland,https://www.etla.fi/en/publications/briefs/generatiivisen-tekoalyn-vaikutukset-eivat-ainakaan-viela-nay-tyomarkkinoilla-palkat-eniten-altistuneissa-ammateissa-pikemminkin-nousseet/,https://app.overton.io/document.php?policy_document_id=etlafi-6d24b034b6a42c1ee0aa1fd7a7907e86,
"GPTs are GPTs: Labor market impact potential of LLMs",10.1126/science.adj0998,Science,2024-06-21T00:00:00+00:00,155,https://doi.org/10.1126/science.adj0998,etlafi,ETLA,"Artificial Intelligence Has Not Impacted Youth Labor Market Outcomes in Finland",2026-01-27,"Third Sector","Think Tank","Research Centre; Policy Centre",Finland,https://www.etla.fi/en/publications/briefs/tekoaly-ei-ole-vaikuttanut-nuorten-tyomarkkina-asemaan-suomessa/,https://app.overton.io/document.php?policy_document_id=etlafi-89a674916d9cf7d8f120992ab2ee2cbf,
"GPTs are GPTs: Labor market impact potential of LLMs",10.1126/science.adj0998,Science,2024-06-21T00:00:00+00:00,155,https://doi.org/10.1126/science.adj0998,etlafi,ETLA,"AI Has Not Impacted the Youth Labor Market in Finland",2026-01-27,"Third Sector","Think Tank","Research Centre; Policy Centre",Finland,https://www.etla.fi/en/publications/working-papers-en/ai-has-not-impacted-the-youth-labor-market-in-finland/,https://app.overton.io/document.php?policy_document_id=etlafi-94c946bb0cc06924aecc6bb22f7e9dc3,
"GPTs are GPTs: Labor market impact potential of LLMs",10.1126/science.adj0998,Science,2024-06-21T00:00:00+00:00,155,https://doi.org/10.1126/science.adj0998,etlafi,ETLA,"Assessing Early Labor Market Effects of Generative AI – Evidence from Population Data",2024-11-19,"Third Sector","Think Tank","Research Centre; Policy Centre",Finland,https://www.etla.fi/en/publications/working-papers-en/assessing-early-labor-market-effects-of-generative-ai-evidence-from-population-data/,https://app.overton.io/document.php?policy_document_id=etlafi-f7b693fb650cb49946225c6a5bba0494,
"GPTs are GPTs: Labor market impact potential of LLMs",10.1126/science.adj0998,Science,2024-06-21T00:00:00+00:00,155,https://doi.org/10.1126/science.adj0998,eurofound,Eurofound,"Implications of AI for work, employment and social dialogue: Literature review",2025-09-26,"Public Sector",IGO,"International Body; IGO Department or Agency; Arm's Length Body; Research Centre; Policy Centre",EU,https://www.eurofound.europa.eu/en/publications/all/implications-of-ai-for-work-employment-and-social-dialogue-literature-review,https://app.overton.io/document.php?policy_document_id=eurofound-efb5a0d3ec8780627942d80f06e33260,
"GPTs are GPTs: Labor market impact potential of LLMs",10.1126/science.adj0998,Science,2024-06-21T00:00:00+00:00,155,https://doi.org/10.1126/science.adj0998,eurofound,Eurofound,"IT sector in focus: Evolution of the EU’s digital workforce",2026-07-20,"Public Sector",IGO,"International Body; IGO Department or Agency; Arm's Length Body; Research Centre; Policy Centre",EU,https://www.eurofound.europa.eu/en/publications/all/it-sector-in-focus-evolution-digital-workforce,https://app.overton.io/document.php?policy_document_id=eurofound-fa39b692a8f3f81254b4c5ca45313e22,
"GPTs are GPTs: Labor market impact potential of LLMs",10.1126/science.adj0998,Science,2024-06-21T00:00:00+00:00,155,https://doi.org/10.1126/science.adj0998,europa,"Publications Office of the European Union","Study on the challenges and impacts to a social and inclusive Europe in the next decade",2025-07-14,"Public Sector",Government,"International Body; Public Data Body or Statistics; Archive; Public Service",EU,https://op.europa.eu/en/publication-detail/-/publication/b23725e5-6064-11f0-a9d0-01aa75ed71a1/language-en,https://app.overton.io/document.php?policy_document_id=europa-080ab42b5dfb608bc9c559ec3239fc76,
"GPTs are GPTs: Labor market impact potential of LLMs",10.1126/science.adj0998,Science,2024-06-21T00:00:00+00:00,155,https://doi.org/10.1126/science.adj0998,europa,"Publications Office of the European Union","Investment report 2025/2026",2026-03-05,"Public Sector",Government,"International Body; Public Data Body or Statistics; Archive; Public Service",EU,https://op.europa.eu/en/publication-detail/-/publication/5c15b561-19fe-11f1-9769-01aa75ed71a1/language-en,https://app.overton.io/document.php?policy_document_id=europa-26ce8d58f347a8bde7d626d0d11a2cc5,
"GPTs are GPTs: Labor market impact potential of LLMs",10.1126/science.adj0998,Science,2024-06-21T00:00:00+00:00,155,https://doi.org/10.1126/science.adj0998,europa,"Publications Office of the European Union","Investment report 2025/2026",2026-05-27,"Public Sector",Government,"International Body; Public Data Body or Statistics; Archive; Public Service",EU,https://op.europa.eu/en/publication-detail/-/publication/c4b96d03-5a3c-11f1-aa6d-01aa75ed71a1/language-en,https://app.overton.io/document.php?policy_document_id=europa-7d45ca1cc056b57ee505204d616e7710,
"GPTs are GPTs: Labor market impact potential of LLMs",10.1126/science.adj0998,Science,2024-06-21T00:00:00+00:00,155,https://doi.org/10.1126/science.adj0998,federalreserve,"Federal Reserve","AI Adoption and Firms' Job-Posting Behavior",2026-03-27,"Public Sector",Government,"National Body; Financial Institution or Bank; Central Bank",USA,https://www.federalreserve.gov/econres/notes/feds-notes/ai-adoption-and-firms-job-posting-behavior-20260327.html,https://app.overton.io/document.php?policy_document_id=federalreserve-5214097aa98797cb35d8fbce6ee9f23b,
"GPTs are GPTs: Labor market impact potential of LLMs",10.1126/science.adj0998,Science,2024-06-21T00:00:00+00:00,155,https://doi.org/10.1126/science.adj0998,federalreserve,"Federal Reserve","AI and Coder Employment: Compiling the Evidence",2026-03-01,"Public Sector",Government,"National Body; Financial Institution or Bank; Central Bank",USA,https://www.federalreserve.gov/econres/feds/ai-and-coder-employment-compiling-the-evidence.htm,https://app.overton.io/document.php?policy_document_id=federalreserve-7863860b4ec34eb946ad0f491e85b0df,
"GPTs are GPTs: Labor market impact potential of LLMs",10.1126/science.adj0998,Science,2024-06-21T00:00:00+00:00,155,https://doi.org/10.1126/science.adj0998,federalreserve,"Federal Reserve","Educational Exposure to Generative Artificial Intelligence",2025-02-26,"Public Sector",Government,"National Body; Financial Institution or Bank; Central Bank",USA,https://www.federalreserve.gov/econres/notes/feds-notes/educational-exposure-to-generative-artificial-intelligence-20250226.html,https://app.overton.io/document.php?policy_document_id=federalreserve-c79032e7782e1edb9d31418bee742926,
"GPTs are GPTs: Labor market impact potential of LLMs",10.1126/science.adj0998,Science,2024-06-21T00:00:00+00:00,155,https://doi.org/10.1126/science.adj0998,finnishgovernment,"Government of Finland","Perspectives on Cognitive Security : Proceedings of the Finnish Symposium on Cognitive Defence",2026-01-30,"Public Sector",Government,"National Body; Mixed Roles",Finland,https://julkaisut.valtioneuvosto.fi/items/0c2eb42a-e403-4311-b884-f0c288dd3c3c,https://app.overton.io/document.php?policy_document_id=finnishgovernment-f14dcbbeecd59e030ad87033b1a28f93,
"GPTs are GPTs: Labor market impact potential of LLMs",10.1126/science.adj0998,Science,2024-06-21T00:00:00+00:00,155,https://doi.org/10.1126/science.adj0998,governmentofcanada,"Government of Canada","AI paradox : promise vs. reality - what it means for monetary policy / Joshua Brault, Jing Yang, Maryam Haghighi.: FB3-8/2026-4E-PDF Publications - Canada.ca",2026-03-03,"Public Sector",Government,"National Body; Mixed Roles; Public Service",Canada,http://publications.gc.ca/site/eng/9.962232/publication.html,https://app.overton.io/document.php?policy_document_id=governmentofcanada-42fd607029abd7e27bfab6ee277b10a2,
"GPTs are GPTs: Labor market impact potential of LLMs",10.1126/science.adj0998,Science,2024-06-21T00:00:00+00:00,155,https://doi.org/10.1126/science.adj0998,governmentofcanada,"Government of Canada","Canadian employment trends in the era of generative artificial intelligence : early evidence / by Tahsin Mehdi and Marc Frenette.: CS36-28-0001/2026-1-3E-PDF Publications - Canada.ca",2026-01-28,"Public Sector",Government,"National Body; Mixed Roles; Public Service",Canada,http://publications.gc.ca/site/eng/9.959338/publication.html,https://app.overton.io/document.php?policy_document_id=governmentofcanada-73b02a9c8900983dc923f6303ca390c7,
"GPTs are GPTs: Labor market impact potential of LLMs",10.1126/science.adj0998,Science,2024-06-21T00:00:00+00:00,155,https://doi.org/10.1126/science.adj0998,governmentofcanada,"Government of Canada","Canadian employment trends in the era of generative artificial intelligence : early evidence / by Tahsin Mehdi and Marc Frenette.: CS36-28-0001/2026-1-3E-PDF",2026-01-28,"Public Sector",Government,"National Body; Mixed Roles; Public Service",Canada,https://publications.gc.ca/site/eng/9.959338/publication.html,https://app.overton.io/document.php?policy_document_id=governmentofcanada-88893dd458b0c627e6793ac69be91876,
"GPTs are GPTs: Labor market impact potential of LLMs",10.1126/science.adj0998,Science,2024-06-21T00:00:00+00:00,155,https://doi.org/10.1126/science.adj0998,governmentofcanada,"Government of Canada","AI paradox : promise vs. reality - what it means for monetary policy / Joshua Brault, Jing Yang, Maryam Haghighi.: FB3-8/2026-4E-PDF",2026-03-03,"Public Sector",Government,"National Body; Mixed Roles; Public Service",Canada,https://publications.gc.ca/site/eng/9.962232/publication.html,https://app.overton.io/document.php?policy_document_id=governmentofcanada-d2a1a5c1041a14155472e1911c8dac3c,
"GPTs are GPTs: Labor market impact potential of LLMs",10.1126/science.adj0998,Science,2024-06-21T00:00:00+00:00,155,https://doi.org/10.1126/science.adj0998,governmentofegypt,"Government of Egypt","The Promise of Artificial Intelligence",2026-08-03,"Public Sector",Government,"National Body; Mixed Roles; Public Service",Egypt,https://mcit.gov.eg/Upcont/Documents/Reports%20and%20Documents_1092026000_World_Development_Report-2026_The_Promise_of_Artificial_Intelligence_10092026.pdf,https://app.overton.io/document.php?policy_document_id=governmentofegypt-d114417c1da2e1d7809e9f1d53bb3f72,
"GPTs are GPTs: Labor market impact potential of LLMs",10.1126/science.adj0998,Science,2024-06-21T00:00:00+00:00,155,https://doi.org/10.1126/science.adj0998,governmentofegypt,"Government of Egypt","The Promise of Artificial Intelligence",2026-08-03,"Public Sector",Government,"National Body; Mixed Roles; Public Service",Egypt,https://mcit.gov.eg/Upcont/Documents/Reports%20and%20Documents_1092026000_ar_World_Development_Report-2026_The_Promise_of_Artificial_Intelligence_10092026.pdf,https://app.overton.io/document.php?policy_document_id=governmentofegypt-ec7357ee28863f5266392344eea4bb5c,
"GPTs are GPTs: Labor market impact potential of LLMs",10.1126/science.adj0998,Science,2024-06-21T00:00:00+00:00,155,https://doi.org/10.1126/science.adj0998,governmentofrussia,"Government of Russia","People and possibilities in the age of AI",2025-05-15,"Public Sector",Government,"National Body; Mixed Roles; Public Service",Russia,https://repository.ach.gov.ru/upload/cards/d36/hdr2025reporten.pdf,https://app.overton.io/document.php?policy_document_id=governmentofrussia-1a8304674ad4a2a457b0e7155493c9f6,
"GPTs are GPTs: Labor market impact potential of LLMs",10.1126/science.adj0998,Science,2024-06-21T00:00:00+00:00,155,https://doi.org/10.1126/science.adj0998,govuk,"The UK Government","International AI Safety Report 2025",2025-01-29,"Public Sector",Government,"National Body; Mixed Roles; Public Service",UK,https://www.gov.uk/government/publications/international-ai-safety-report-2025,https://app.overton.io/document.php?policy_document_id=govuk-443c59eeb393ca5310a273c2775f3e3f,
"GPTs are GPTs: Labor market impact potential of LLMs",10.1126/science.adj0998,Science,2024-06-21T00:00:00+00:00,155,https://doi.org/10.1126/science.adj0998,gpogov,"Government Publishing Office (GPO)","Graduating into disruption : labor market outcomes for AI-exposed college majors /",2026-09-09,"Public Sector",Government,"National Body; Mixed Roles; Public Service",USA,https://purl.fdlp.gov/GPO/gpo259962,https://app.overton.io/document.php?policy_document_id=gpogov-81ee4b43ea8a4add83227735c991a18f,
"GPTs are GPTs: Labor market impact potential of LLMs",10.1126/science.adj0998,Science,2024-06-21T00:00:00+00:00,155,https://doi.org/10.1126/science.adj0998,iadb,"Inter-American Development Bank","Mirror, Mirror on the Wall: Which Jobs Will AI Replace After All?: A New Index of Occupational Exposure",2024-08-01,"Public Sector",IGO,"International Body; Financial Institution or Bank; Development Bank; Policy Centre",IGO,https://publications.iadb.org/en/mirror-mirror-wall-which-jobs-will-ai-replace-after-all-new-index-occupational-exposure,https://app.overton.io/document.php?policy_document_id=iadb-5f93399737ff53ad74509efadb8e88bd,
"GPTs are GPTs: Labor market impact potential of LLMs",10.1126/science.adj0998,Science,2024-06-21T00:00:00+00:00,155,https://doi.org/10.1126/science.adj0998,iadb,"Inter-American Development Bank","The Potential Distributive Impact of AI-driven Labor Changes in Latin America",2025-08-01,"Public Sector",IGO,"International Body; Financial Institution or Bank; Development Bank; Policy Centre",IGO,https://publications.iadb.org/en/potential-distributive-impact-ai-driven-labor-changes-latin-america,https://app.overton.io/document.php?policy_document_id=iadb-bd25cc3a70372b877d6e23782a879090,
"GPTs are GPTs: Labor market impact potential of LLMs",10.1126/science.adj0998,Science,2024-06-21T00:00:00+00:00,155,https://doi.org/10.1126/science.adj0998,ibspl,"Fundacja Naukowa Instytut Badań Strukturalnych (IBS)","Ekspozycja pracowników na sztuczną inteligencję (SI) a poziom rozwoju gospodarczego",2025-01-01,"Third Sector","Think Tank","Research Centre; Foundation or Charity; Policy Centre",Poland,https://ibs.org.pl/publications/ekspozycja-pracownikow-na-sztuczna-inteligencje-si-a-poziom-rozwoju-gospodarczego/,https://app.overton.io/document.php?policy_document_id=ibspl-c13f7402c20acec5da395a434e3b275b,
"GPTs are GPTs: Labor market impact potential of LLMs",10.1126/science.adj0998,Science,2024-06-21T00:00:00+00:00,155,https://doi.org/10.1126/science.adj0998,ifs,"Institute for Fiscal Studies","Managers as gatekeepers in the age of AI",2026-04-02,"Third Sector","Think Tank","Research Centre; Policy Centre",UK,https://ifs.org.uk/publications/managers-gatekeepers-age-ai,https://app.overton.io/document.php?policy_document_id=ifs-8f418a0d8b020dfa908bae837797cb86,
"GPTs are GPTs: Labor market impact potential of LLMs",10.1126/science.adj0998,Science,2024-06-21T00:00:00+00:00,155,https://doi.org/10.1126/science.adj0998,ilo,"International Labour Organization","Workers’ exposure to AI: what indicators tell us – and what they don’t",2026-03-05,"Public Sector",IGO,"International Body; IGO Department or Agency; Policy Centre; Monitoring or Regulatory Body; Top-Level Authority",IGO,https://researchrepository.ilo.org/esploro/outputs/encyclopediaEntry/Workers-exposure-to-AI-what-indicators/995692372502676,https://app.overton.io/document.php?policy_document_id=ilo-39dea60b082f82a276aaecad9df71543,
"GPTs are GPTs: Labor market impact potential of LLMs",10.1126/science.adj0998,Science,2024-06-21T00:00:00+00:00,155,https://doi.org/10.1126/science.adj0998,ilo,"International Labour Organization","Workers’ exposure to AI: what indicators tell us – and what they don’t",2026-09-08,"Public Sector",IGO,"International Body; IGO Department or Agency; Policy Centre; Monitoring or Regulatory Body; Top-Level Authority",IGO,https://researchrepository.ilo.org/esploro/outputs/workingPaper/Workers-exposure-to-AI-what-indicators/995692372502676,https://app.overton.io/document.php?policy_document_id=ilo-cf0f8ef8533481572586f88e30fec238,
"GPTs are GPTs: Labor market impact potential of LLMs",10.1126/science.adj0998,Science,2024-06-21T00:00:00+00:00,155,https://doi.org/10.1126/science.adj0998,imf,"International Monetary Fund","The Global Impact of AI: Mind the Gap",2025-04-11,"Public Sector",IGO,"International Body; Financial Institution or Bank; Development Bank; Policy Centre",IGO,https://elibrary.imf.org/view/journals/001/2025/076/001.2025.issue-076-en.xml,https://app.overton.io/document.php?policy_document_id=imf-253a20c073f939b94fe5e155e3bee3e1,
"GPTs are GPTs: Labor market impact potential of LLMs",10.1126/science.adj0998,Science,2024-06-21T00:00:00+00:00,155,https://doi.org/10.1126/science.adj0998,imf,"International Monetary Fund","AI and Productivity in Europe",2025-04-04,"Public Sector",IGO,"International Body; Financial Institution or Bank; Development Bank; Policy Centre",IGO,https://elibrary.imf.org/view/journals/001/2025/067/001.2025.issue-067-en.xml,https://app.overton.io/document.php?policy_document_id=imf-48e4f498131786ac987f262ff3acbbfa,
"GPTs are GPTs: Labor market impact potential of LLMs",10.1126/science.adj0998,Science,2024-06-21T00:00:00+00:00,155,https://doi.org/10.1126/science.adj0998,imf,"International Monetary Fund","Bridging Skill Gaps for the Future: New Jobs Creation in the AI Age",2026-01-14,"Public Sector",IGO,"International Body; Financial Institution or Bank; Development Bank; Policy Centre",IGO,https://elibrary.imf.org/view/journals/006/2026/001/006.2026.issue-001-en.xml,https://app.overton.io/document.php?policy_document_id=imf-ba4f22e02f62cda17dbe7fee40f50bfa,
"GPTs are GPTs: Labor market impact potential of LLMs",10.1126/science.adj0998,Science,2024-06-21T00:00:00+00:00,155,https://doi.org/10.1126/science.adj0998,imf,"International Monetary Fund","Aggregate Gains from AI and Their Distribution: Global Evidence from Usage Data",2026-07-10,"Public Sector",IGO,"International Body; Financial Institution or Bank; Development Bank; Policy Centre",IGO,https://elibrary.imf.org/view/journals/001/2026/147/001.2026.issue-147-en.xml,https://app.overton.io/document.php?policy_document_id=imf-ed29989a4d4d6c8c8e4325565b8da6bf,
"GPTs are GPTs: Labor market impact potential of LLMs",10.1126/science.adj0998,Science,2024-06-21T00:00:00+00:00,155,https://doi.org/10.1126/science.adj0998,ineipe,"Instituto Nacional de Estadística e Informática","Doble desafío tecnológico: Análisis de la exposición a la automatización tradicional y a la inteligencia artificial generativa en el empleo peruano, utilizando datos de la ENAHO 2024 - Informes y publicaciones - Plataforma del Estado Peruano",2025-11-28,"Public Sector",Government,"National Body; Government Agency; Public Data Body or Statistics; Research Centre; Policy Centre",Peru,https://www.gob.pe/institucion/inei/informes-publicaciones/7453406-doble-desafio-tecnologico-analisis-de-la-exposicion-a-la-automatizacion-tradicional-y-a-la-inteligencia-artificial-generativa-en-el-empleo-peruano-utilizando-datos-de-la-enaho-2024,https://app.overton.io/document.php?policy_document_id=ineipe-aeee058d8be9a1d6a85663aa008bf655,
"GPTs are GPTs: Labor market impact potential of LLMs",10.1126/science.adj0998,Science,2024-06-21T00:00:00+00:00,155,https://doi.org/10.1126/science.adj0998,ineipe,"Instituto Nacional de Estadística e Informática","Revista del Centro de Investigación y Desarrollo del INEI - Economía, Sociedad y Estadística N° 19 - Informes y publicaciones - Plataforma del Estado Peruano",2025-12-30,"Public Sector",Government,"National Body; Government Agency; Public Data Body or Statistics; Research Centre; Policy Centre",Peru,https://www.gob.pe/institucion/inei/informes-publicaciones/7570568-revista-del-centro-de-investigacion-y-desarrollo-del-inei-economia-sociedad-y-estadistica-n-19,https://app.overton.io/document.php?policy_document_id=ineipe-cb2c285ba906e41b3d3fe4728883ddb7,
"GPTs are GPTs: Labor market impact potential of LLMs",10.1126/science.adj0998,Science,2024-06-21T00:00:00+00:00,155,https://doi.org/10.1126/science.adj0998,ircuk,"Innovation and Research Caucus (IRC)","Diffusion of Trust in Technology: Understanding how Tech Adoption spread in Professional Service Firms",2026-09-14,"Public Sector","Think Tank","Research Centre; Policy Centre; Professional Network, Association, Union or Cooperative; Initiative, Programme or Project",UK,https://ircaucus.ac.uk/publications/diffusion-of-trust-in-technology-understanding-how-tech-adoption-spread-in-professional-service-firms/,https://app.overton.io/document.php?policy_document_id=ircuk-8b2b5d6bc6cfa3e6a62ff9fb3a4fa798,
"GPTs are GPTs: Labor market impact potential of LLMs",10.1126/science.adj0998,Science,2024-06-21T00:00:00+00:00,155,https://doi.org/10.1126/science.adj0998,iseressex,"Institute for Social and Economic Research","AI adoption and workforce change in SMEs",2026-03-18,"Third Sector","Think Tank","Research Centre; Policy Centre",UK,https://www.iser.essex.ac.uk/research/publications/working-papers/iser/2026-01,https://app.overton.io/document.php?policy_document_id=iseressex-4184b99190a8f461f6d9d98fbddc7079,
"GPTs are GPTs: Labor market impact potential of LLMs",10.1126/science.adj0998,Science,2024-06-21T00:00:00+00:00,155,https://doi.org/10.1126/science.adj0998,isismy,"Institute for International and Strategic Studies (ISIS)","Connecting skills to jobs",2026-06-04,"Public Sector","Think Tank","Research Centre; Policy Centre",Malaysia,https://www.isis.org.my/2026/06/04/connecting-skills-to-jobs/,https://app.overton.io/document.php?policy_document_id=isismy-80d6af1e0130a2f06c95a72bca066ea9,
"GPTs are GPTs: Labor market impact potential of LLMs",10.1126/science.adj0998,Science,2024-06-21T00:00:00+00:00,155,https://doi.org/10.1126/science.adj0998,izade,"Forschungsinstitut zur Zukunft der Arbeit (IZA)","Technology and Retirement",2026-09-11,"Third Sector","Think Tank","Research Centre; Policy Centre",Germany,https://www.iza.org/publications/dp/18938/technology-and-retirement,https://app.overton.io/document.php?policy_document_id=izade-12bfc897f8459cfd016ed5b0f23777dd,
"GPTs are GPTs: Labor market impact potential of LLMs",10.1126/science.adj0998,Science,2024-06-21T00:00:00+00:00,155,https://doi.org/10.1126/science.adj0998,izade,"Forschungsinstitut zur Zukunft der Arbeit (IZA)","Bridging Language Barriers: The Impact of Large Language Models on Academic Writing",2025-10-24,"Third Sector","Think Tank","Research Centre; Policy Centre",Germany,https://www.iza.org/publications/dp/18215/bridging-language-barriers-the-impact-of-large-language-models-on-academic-writing,https://app.overton.io/document.php?policy_document_id=izade-157fe078fbe95c41e0ab63cb4b486534,
"GPTs are GPTs: Labor market impact potential of LLMs",10.1126/science.adj0998,Science,2024-06-21T00:00:00+00:00,155,https://doi.org/10.1126/science.adj0998,izade,"Forschungsinstitut zur Zukunft der Arbeit (IZA)","Generative AI and Career Choices",2026-03-08,"Third Sector","Think Tank","Research Centre; Policy Centre",Germany,https://www.iza.org/publications/dp/18456/generative-ai-and-career-choices,https://app.overton.io/document.php?policy_document_id=izade-1645017fcb9576423b35c09e0f205fde,
"GPTs are GPTs: Labor market impact potential of LLMs",10.1126/science.adj0998,Science,2024-06-21T00:00:00+00:00,155,https://doi.org/10.1126/science.adj0998,izade,"Forschungsinstitut zur Zukunft der Arbeit (IZA)","Workers’ Exposure to AI Across Development Stages",2025-10-29,"Third Sector","Think Tank","Research Centre; Policy Centre",Germany,https://www.iza.org/publications/dp/18235/workers-exposure-to-ai-across-development-stages,https://app.overton.io/document.php?policy_document_id=izade-24d157b43c2ccc7fbe202bc14e6a58a7,
"GPTs are GPTs: Labor market impact potential of LLMs",10.1126/science.adj0998,Science,2024-06-21T00:00:00+00:00,155,https://doi.org/10.1126/science.adj0998,izade,"Forschungsinstitut zur Zukunft der Arbeit (IZA)","Generative AI and the Redefinition of Entry-Level Software Work",2026-05-23,"Third Sector","Think Tank","Research Centre; Policy Centre",Germany,https://www.iza.org/publications/dp/18723/generative-ai-and-the-redefinition-of-entry-level-software-work,https://app.overton.io/document.php?policy_document_id=izade-4b70486636fff45bbf664c057b4d204f,
"GPTs are GPTs: Labor market impact potential of LLMs",10.1126/science.adj0998,Science,2024-06-21T00:00:00+00:00,155,https://doi.org/10.1126/science.adj0998,izade,"Forschungsinstitut zur Zukunft der Arbeit (IZA)","Does AI Cheapen Talk? Theory and Evidence From Global Entrepreneurship and Hiring",2026-02-24,"Third Sector","Think Tank","Research Centre; Policy Centre",Germany,https://www.iza.org/publications/dp/18442/does-ai-cheapen-talk-theory-and-evidence-from-global-entrepreneurship-and-hiring,https://app.overton.io/document.php?policy_document_id=izade-505facfccaded48efb6901b113570696,
"GPTs are GPTs: Labor market impact potential of LLMs",10.1126/science.adj0998,Science,2024-06-21T00:00:00+00:00,155,https://doi.org/10.1126/science.adj0998,izade,"Forschungsinstitut zur Zukunft der Arbeit (IZA)","The Early Impacts of AI on Employment among Recent College Graduates",2026-09-15,"Third Sector","Think Tank","Research Centre; Policy Centre",Germany,https://www.iza.org/publications/dp/18945/the-early-impacts-of-ai-on-employment-among-recent-college-graduates,https://app.overton.io/document.php?policy_document_id=izade-b2dc59961436919efbce215fe6aaf50a,
"GPTs are GPTs: Labor market impact potential of LLMs",10.1126/science.adj0998,Science,2024-06-21T00:00:00+00:00,155,https://doi.org/10.1126/science.adj0998,izade,"Forschungsinstitut zur Zukunft der Arbeit (IZA)","Beliefs about Bots: How Employers Plan for AI in White-Collar Work",2025-11-04,"Third Sector","Think Tank","Research Centre; Policy Centre",Germany,https://www.iza.org/publications/dp/18225/beliefs-about-bots-how-employers-plan-for-ai-in-white-collar-work,https://app.overton.io/document.php?policy_document_id=izade-b30c7cd0c0e51ba1e77c2e569fd50b26,
"GPTs are GPTs: Labor market impact potential of LLMs",10.1126/science.adj0998,Science,2024-06-21T00:00:00+00:00,155,https://doi.org/10.1126/science.adj0998,izade,"Forschungsinstitut zur Zukunft der Arbeit (IZA)","Has AI Widened Employment Gaps? Tracking Early-Career Employment by Occupational Exposure in Norway",2026-06-30,"Third Sector","Think Tank","Research Centre; Policy Centre",Germany,https://www.iza.org/publications/dp/18767/has-ai-widened-employment-gaps-tracking-early-career-employment-by-occupational-exposure-in-norway,https://app.overton.io/document.php?policy_document_id=izade-c76e0246a31f346b84ed3b9e9a9658c3,
"GPTs are GPTs: Labor market impact potential of LLMs",10.1126/science.adj0998,Science,2024-06-21T00:00:00+00:00,155,https://doi.org/10.1126/science.adj0998,izade,"Forschungsinstitut zur Zukunft der Arbeit (IZA)","Becoming The Man Without Qualities? Deskilling in the Age of Artificial Intelligence",2026-06-24,"Third Sector","Think Tank","Research Centre; Policy Centre",Germany,https://www.iza.org/publications/dp/18751/becoming-the-man-without-qualities-deskilling-in-the-age-of-artificial-intelligence,https://app.overton.io/document.php?policy_document_id=izade-f581907e9380aef7140235f4df9980c9,
"GPTs are GPTs: Labor market impact potential of LLMs",10.1126/science.adj0998,Science,2024-06-21T00:00:00+00:00,155,https://doi.org/10.1126/science.adj0998,izade,"Forschungsinstitut zur Zukunft der Arbeit (IZA)","The Effects of Artificial Intelligence on Jobs: Evidence from an AI Subsidy Program",2025-11-19,"Third Sector","Think Tank","Research Centre; Policy Centre",Germany,https://www.iza.org/publications/dp/18267/the-effects-of-artificial-intelligence-on-jobs-evidence-from-an-ai-subsidy-program,https://app.overton.io/document.php?policy_document_id=izade-f72c879bc1c8fc67f3fbb048a1e6e79c,
"GPTs are GPTs: Labor market impact potential of LLMs",10.1126/science.adj0998,Science,2024-06-21T00:00:00+00:00,155,https://doi.org/10.1126/science.adj0998,izade,"Forschungsinstitut zur Zukunft der Arbeit (IZA)","When AI Does the Work: Does Attribution Shape Meaning and Effort?",2026-07-06,"Third Sector","Think Tank","Research Centre; Policy Centre",Germany,https://www.iza.org/publications/dp/18784/when-ai-does-the-work-does-attribution-shape-meaning-and-effort,https://app.overton.io/document.php?policy_document_id=izade-f817424c61b43b6db8bd113aba8adb76,
"GPTs are GPTs: Labor market impact potential of LLMs",10.1126/science.adj0998,Science,2024-06-21T00:00:00+00:00,155,https://doi.org/10.1126/science.adj0998,jointresearcheu,"Joint Research Centre","Revisiting the occupational impact of AI in the generative AI era",2026-03-13,"Public Sector",Government,"International Body; IGO Department or Agency; Research Centre; Policy Centre; Commission",EU,https://publications.jrc.ec.europa.eu/repository/handle/JRC145832,https://app.overton.io/document.php?policy_document_id=jointresearcheu-804a8778eaf9593d4828000d6a2fe906,
"GPTs are GPTs: Labor market impact potential of LLMs",10.1126/science.adj0998,Science,2024-06-21T00:00:00+00:00,155,https://doi.org/10.1126/science.adj0998,kansascityfed,"Federal Reserve Bank of Kansas City","Is the AI Boom Volatility-Biased Technological Change?",2026-08-13,"Public Sector",Government,"Municipal Body; Public Service",USA,https://www.kansascityfed.org/research/research-working-papers/is-the-ai-boom-volatility-biased-technological-change/,https://app.overton.io/document.php?policy_document_id=kansascityfed-5111561f132c485a3adf9d708a68e5a7,
"GPTs are GPTs: Labor market impact potential of LLMs",10.1126/science.adj0998,Science,2024-06-21T00:00:00+00:00,155,https://doi.org/10.1126/science.adj0998,kdi,"Korea Development Institute","KOR Macroeconomic Impact of AI Diffusion",2026-07-20,"Third Sector","Think Tank","Research Centre; Policy Centre","South Korea",https://www.kdi.re.kr/eng/research/reportView?pub_no=19237,https://app.overton.io/document.php?policy_document_id=kdi-7e5ca2bc9e6903e333a408f7828d5033,
"GPTs are GPTs: Labor market impact potential of LLMs",10.1126/science.adj0998,Science,2024-06-21T00:00:00+00:00,155,https://doi.org/10.1126/science.adj0998,kisdikr,"Korea Information Society Development Institute","디지털 기술 활용이 기업 성과에 미치는 영향 분석과 정책 시사점 연구",2025-01-01,"Public Sector","Think Tank","National Body; Research Centre; Policy Centre","South Korea",https://www.nkis.re.kr/subject_view1.do?otpId=OTP_0000000000017410,https://app.overton.io/document.php?policy_document_id=kisdikr-0a95840d6067fd7682f208453409366d,
"GPTs are GPTs: Labor market impact potential of LLMs",10.1126/science.adj0998,Science,2024-06-21T00:00:00+00:00,155,https://doi.org/10.1126/science.adj0998,kisdikr,"Korea Information Society Development Institute","디지털 기술 활용이 기업 성과에 미치는 영향 분석과 정책 시사점 연구",2025-01-01,"Public Sector","Think Tank","National Body; Research Centre; Policy Centre","South Korea",https://www.nkis.re.kr/subject_view1.do?otcCd=RB&otcNm=기본연구보고서&otpId=OTP_0000000000017410&otpSeq=0&eoSeq=&currentPage=1&searchSelect=&searchWord=&returnPage=newest_list.do&schLclaScsId=&pblYy=&agcNms=정보통신정책연구원&listPerPage=50,https://app.overton.io/document.php?policy_document_id=kisdikr-1879799cdba47ff06dd5cff65b43cf95,
"GPTs are GPTs: Labor market impact potential of LLMs",10.1126/science.adj0998,Science,2024-06-21T00:00:00+00:00,155,https://doi.org/10.1126/science.adj0998,kudosno,"Kunnskapsdokumenter i offentlig sektor (KUDOS)","NOU 2026: 10",2026-08-11,"Public Sector",Government,"National Body; Initiative, Programme or Project; Policy Centre; Archive; Public Data Body or Statistics",Norway,https://kudos.dfo.no/dokument/a279c50a-a7f0-4150-9838-5cd527c3811b,https://app.overton.io/document.php?policy_document_id=kudosno-ab3b64a376f37015e2c38906e7eca6a8,
"GPTs are GPTs: Labor market impact potential of LLMs",10.1126/science.adj0998,Science,2024-06-21T00:00:00+00:00,155,https://doi.org/10.1126/science.adj0998,kudosno,"Kunnskapsdokumenter i offentlig sektor (KUDOS)","Foreløpige vurderinger - Notat fra utvalget om kunstig intelligens i høyere utdanning, med anbefalinger om eksamen, sensur og karakterbegrunnelse",2025-12-16,"Public Sector",Government,"National Body; Initiative, Programme or Project; Policy Centre; Archive; Public Data Body or Statistics",Norway,https://kudos.dfo.no/dokument/447972/forelopige-vurderinger-notat-fra-utvalget-om-kunstig-intelligens-i-hoyere-utdanning-med-anbefalinger-om-eksamen-sensur-og-karakterbegrunnelse-2,https://app.overton.io/document.php?policy_document_id=kudosno-ac6f834210aab3f977853bf6f28e9301,
"GPTs are GPTs: Labor market impact potential of LLMs",10.1126/science.adj0998,Science,2024-06-21T00:00:00+00:00,155,https://doi.org/10.1126/science.adj0998,kudosno,"Kunnskapsdokumenter i offentlig sektor (KUDOS)","Foreløpige vurderinger - Notat fra utvalget om kunstig intelligens i høyere utdanning, med anbefalinger om eksamen, sensur og karakterbegrunnelse",2025-12-16,"Public Sector",Government,"National Body; Initiative, Programme or Project; Policy Centre; Archive; Public Data Body or Statistics",Norway,https://kudos.dfo.no/dokument/8d86d18c-9038-4e98-9f2d-da7b15e123a5,https://app.overton.io/document.php?policy_document_id=kudosno-c4f1abffbb1b240674518fde08d4c126,
"GPTs are GPTs: Labor market impact potential of LLMs",10.1126/science.adj0998,Science,2024-06-21T00:00:00+00:00,155,https://doi.org/10.1126/science.adj0998,kudosno,"Kunnskapsdokumenter i offentlig sektor (KUDOS)","Potensielle effekter på sysselsetting av økt bruk av generativ kunstig intelligens",2025-03-31,"Public Sector",Government,"National Body; Initiative, Programme or Project; Policy Centre; Archive; Public Data Body or Statistics",Norway,https://kudos.dfo.no/dokument/1ba8377a-3526-44f9-a37c-024b4ff79abe,https://app.overton.io/document.php?policy_document_id=kudosno-da1c0b9a0f439062ec810d0bf3a06511,
"GPTs are GPTs: Labor market impact potential of LLMs",10.1126/science.adj0998,Science,2024-06-21T00:00:00+00:00,155,https://doi.org/10.1126/science.adj0998,kudosno,"Kunnskapsdokumenter i offentlig sektor (KUDOS)","Temarapport 2025 Framtidige kompetansebehov",2026-01-29,"Public Sector",Government,"National Body; Initiative, Programme or Project; Policy Centre; Archive; Public Data Body or Statistics",Norway,https://kudos.dfo.no/dokument/b4511923-946a-45d3-abc1-871d01c6eed6,https://app.overton.io/document.php?policy_document_id=kudosno-e8d3adcd5ad772ad5b735bc7a9314cb3,
"GPTs are GPTs: Labor market impact potential of LLMs",10.1126/science.adj0998,Science,2024-06-21T00:00:00+00:00,155,https://doi.org/10.1126/science.adj0998,ladocumentationfrancaise,"La Documentation Française","Le déploiement de l'intelligence artificielle dans les administrations | Vie publique",2026-08-31,"Public Sector",Government,"National Body; Government Agency; Archive; Research Centre; Policy Centre",France,https://www.vie-publique.fr/rapport/303927-le-deploiement-de-lintelligence-artificielle-dans-les-administrations,https://app.overton.io/document.php?policy_document_id=ladocumentationfrancaise-9f527651013d99eb2cc2ec18012afcc1,
"GPTs are GPTs: Labor market impact potential of LLMs",10.1126/science.adj0998,Science,2024-06-21T00:00:00+00:00,155,https://doi.org/10.1126/science.adj0998,nber,NBER,"Large Language Models: An Applied Econometric Framework",2025-01-13,"Third Sector","Think Tank","Research Centre",USA,https://www.nber.org/papers/w33344,https://app.overton.io/document.php?policy_document_id=nber-551c9abd70253e7241e50f7d34d978d5,
"GPTs are GPTs: Labor market impact potential of LLMs",10.1126/science.adj0998,Science,2024-06-21T00:00:00+00:00,155,https://doi.org/10.1126/science.adj0998,nber,NBER,"The Power of Proximity to Coworkers",2023-11-20,"Third Sector","Think Tank","Research Centre",USA,https://www.nber.org/papers/w31880,https://app.overton.io/document.php?policy_document_id=nber-5be8213f088d8cbf9a022bb82b80104d,
"GPTs are GPTs: Labor market impact potential of LLMs",10.1126/science.adj0998,Science,2024-06-21T00:00:00+00:00,155,https://doi.org/10.1126/science.adj0998,nber,NBER,"Theorizing with Large Language Models",2024-10-07,"Third Sector","Think Tank","Research Centre",USA,https://www.nber.org/papers/w33033,https://app.overton.io/document.php?policy_document_id=nber-93eef101dfa56dc584920b625cfc0c19,
"GPTs are GPTs: Labor market impact potential of LLMs",10.1126/science.adj0998,Science,2024-06-21T00:00:00+00:00,155,https://doi.org/10.1126/science.adj0998,nber,NBER,"The Rapid Adoption of Generative AI",2024-09-23,"Third Sector","Think Tank","Research Centre",USA,https://www.nber.org/papers/w32966,https://app.overton.io/document.php?policy_document_id=nber-ad045b747749bb08a8d578ce5a676636,
"GPTs are GPTs: Labor market impact potential of LLMs",10.1126/science.adj0998,Science,2024-06-21T00:00:00+00:00,155,https://doi.org/10.1126/science.adj0998,neweconomicthinking,"Institute for New Economic Thinking","Concentrating Intelligence: Scaling and Market Structure in Artificial Intelligence",2024-10-09,"Third Sector","Think Tank","Research Centre; Policy Centre",USA,https://www.ineteconomics.org/research/research-papers/concentrating-intelligence-scaling-and-market-structure-in-artificial-intelligence,https://app.overton.io/document.php?policy_document_id=neweconomicthinking-90a4a15bc80337ac52079c1752eb4416,
"GPTs are GPTs: Labor market impact potential of LLMs",10.1126/science.adj0998,Science,2024-06-21T00:00:00+00:00,155,https://doi.org/10.1126/science.adj0998,observerresearchfoundation,"Observer Research Foundation","The Emerging 'Hybrid Professional': GenAI's Impact on Skill Demand Changes in the UAE",2026-01-12,"Third Sector","Think Tank","Research Centre; Foundation or Charity; Policy Centre",India,https://www.orfonline.org/research/the-emerging-hybrid-professional-genai-s-impact-on-skill-demand-changes-in-the-uae,https://app.overton.io/document.php?policy_document_id=observerresearchfoundation-9d017e961c4e2656332bc03e10c74eff,
"GPTs are GPTs: Labor market impact potential of LLMs",10.1126/science.adj0998,Science,2024-06-21T00:00:00+00:00,155,https://doi.org/10.1126/science.adj0998,oecddiscovery,OECD,"Strategic Foresight Toolkit for Resilient Public Policy",2025-01-21,"Public Sector",IGO,"International Body; IGO Department or Agency; Monitoring or Regulatory Body; Policy Centre; Research Centre",IGO,https://dx.doi.org/https://doi.org/10.1787/bcdd9304-en,https://app.overton.io/document.php?policy_document_id=oecddiscovery-0021e1f4917c4e499ff9dd3615254437,
"GPTs are GPTs: Labor market impact potential of LLMs",10.1126/science.adj0998,Science,2024-06-21T00:00:00+00:00,155,https://doi.org/10.1126/science.adj0998,oecddiscovery,OECD,"Artificial intelligence and local debt",2026-01-26,"Public Sector",IGO,"International Body; IGO Department or Agency; Monitoring or Regulatory Body; Policy Centre; Research Centre",IGO,https://dx.doi.org/https://doi.org/10.1787/1eaf265d-en,https://app.overton.io/document.php?policy_document_id=oecddiscovery-11ba5194c68d8eb1117fb054e689a338,
"GPTs are GPTs: Labor market impact potential of LLMs",10.1126/science.adj0998,Science,2024-06-21T00:00:00+00:00,155,https://doi.org/10.1126/science.adj0998,oecddiscovery,OECD,"Job Creation and Local Economic Development 2024",2024-11-28,"Public Sector",IGO,"International Body; IGO Department or Agency; Monitoring or Regulatory Body; Policy Centre; Research Centre",IGO,https://dx.doi.org/https://doi.org/10.1787/83325127-en,https://app.overton.io/document.php?policy_document_id=oecddiscovery-127c652bf9aa18039388b8281af26f05,
"GPTs are GPTs: Labor market impact potential of LLMs",10.1126/science.adj0998,Science,2024-06-21T00:00:00+00:00,155,https://doi.org/10.1126/science.adj0998,oecddiscovery,OECD,"Competition in the age of AI",2026-07-30,"Public Sector",IGO,"International Body; IGO Department or Agency; Monitoring or Regulatory Body; Policy Centre; Research Centre",IGO,https://dx.doi.org/https://doi.org/10.1787/6f88a1ea-en,https://app.overton.io/document.php?policy_document_id=oecddiscovery-2738d5b1e9e658a99f7fe257a87e7d2c,
"GPTs are GPTs: Labor market impact potential of LLMs",10.1126/science.adj0998,Science,2024-06-21T00:00:00+00:00,155,https://doi.org/10.1126/science.adj0998,oecddiscovery,OECD,"Artificial intelligence and competitive dynamics in downstream markets",2025-11-14,"Public Sector",IGO,"International Body; IGO Department or Agency; Monitoring or Regulatory Body; Policy Centre; Research Centre",IGO,https://dx.doi.org/https://doi.org/10.1787/ccf0624a-en,https://app.overton.io/document.php?policy_document_id=oecddiscovery-3d2d1c9f4c4f36fb3f2ffb56f1198720,
"GPTs are GPTs: Labor market impact potential of LLMs",10.1126/science.adj0998,Science,2024-06-21T00:00:00+00:00,155,https://doi.org/10.1126/science.adj0998,oecddiscovery,OECD,"Developments in Artificial Intelligence markets: New indicators based on model characteristics, prices and providers",2025-06-17,"Public Sector",IGO,"International Body; IGO Department or Agency; Monitoring or Regulatory Body; Policy Centre; Research Centre",IGO,https://dx.doi.org/https://doi.org/10.1787/9302bf46-en,https://app.overton.io/document.php?policy_document_id=oecddiscovery-51d6e43542745f17882e230f1d82f4c8,
"GPTs are GPTs: Labor market impact potential of LLMs",10.1126/science.adj0998,Science,2024-06-21T00:00:00+00:00,155,https://doi.org/10.1126/science.adj0998,oecddiscovery,OECD,"A potential boost from AI in ageing societies",2026-07-06,"Public Sector",IGO,"International Body; IGO Department or Agency; Monitoring or Regulatory Body; Policy Centre; Research Centre",IGO,https://dx.doi.org/https://doi.org/10.1787/be002e40-en,https://app.overton.io/document.php?policy_document_id=oecddiscovery-7a88d970b424a3bcbd6cfdf98b6af86d,
"GPTs are GPTs: Labor market impact potential of LLMs",10.1126/science.adj0998,Science,2024-06-21T00:00:00+00:00,155,https://doi.org/10.1126/science.adj0998,oecddiscovery,OECD,"AI meets trade",2026-03-18,"Public Sector",IGO,"International Body; IGO Department or Agency; Monitoring or Regulatory Body; Policy Centre; Research Centre",IGO,https://dx.doi.org/https://doi.org/10.1787/13081644-en,https://app.overton.io/document.php?policy_document_id=oecddiscovery-86b6ed2f81e5e0129ae559f169e7f04e,
"GPTs are GPTs: Labor market impact potential of LLMs",10.1126/science.adj0998,Science,2024-06-21T00:00:00+00:00,155,https://doi.org/10.1126/science.adj0998,oecddiscovery,OECD,"Is generative AI a General Purpose Technology?",2025-06-27,"Public Sector",IGO,"International Body; IGO Department or Agency; Monitoring or Regulatory Body; Policy Centre; Research Centre",IGO,https://dx.doi.org/https://doi.org/10.1787/704e2d12-en,https://app.overton.io/document.php?policy_document_id=oecddiscovery-aee2c4f0a66b9228670a9f1214b8b902,
"GPTs are GPTs: Labor market impact potential of LLMs",10.1126/science.adj0998,Science,2024-06-21T00:00:00+00:00,155,https://doi.org/10.1126/science.adj0998,oecddiscovery,OECD,"Intelligence artificielle et dynamique concurrentielle sur les marchés en aval",2025-11-29,"Public Sector",IGO,"International Body; IGO Department or Agency; Monitoring or Regulatory Body; Policy Centre; Research Centre",IGO,https://dx.doi.org/https://doi.org/10.1787/53b3055d-fr,https://app.overton.io/document.php?policy_document_id=oecddiscovery-b9a1804fff66090a2961cd78988b4634,
"GPTs are GPTs: Labor market impact potential of LLMs",10.1126/science.adj0998,Science,2024-06-21T00:00:00+00:00,155,https://doi.org/10.1126/science.adj0998,oecddiscovery,OECD,"Macroeconomic productivity gains from Artificial Intelligence in G7 economies",2025-06-30,"Public Sector",IGO,"International Body; IGO Department or Agency; Monitoring or Regulatory Body; Policy Centre; Research Centre",IGO,https://dx.doi.org/https://doi.org/10.1787/a5319ab5-en,https://app.overton.io/document.php?policy_document_id=oecddiscovery-e41eba7224b4a41c8c31a691bbf1df27,
"GPTs are GPTs: Labor market impact potential of LLMs",10.1126/science.adj0998,Science,2024-06-21T00:00:00+00:00,155,https://doi.org/10.1126/science.adj0998,oecddiscovery,OECD,"Miracle or Myth? Assessing the macroeconomic productivity gains from Artificial Intelligence",2024-11-22,"Public Sector",IGO,"International Body; IGO Department or Agency; Monitoring or Regulatory Body; Policy Centre; Research Centre",IGO,https://dx.doi.org/https://doi.org/10.1787/b524a072-en,https://app.overton.io/document.php?policy_document_id=oecddiscovery-f826870fd49b755ec11d6417fd43de10,
"GPTs are GPTs: Labor market impact potential of LLMs",10.1126/science.adj0998,Science,2024-06-21T00:00:00+00:00,155,https://doi.org/10.1126/science.adj0998,parliamentofaustria,"Österreichisches Parlament","Generative Ki Und Demokratie",2025-01-30,"Public Sector","Legislative Body","National Body; Parliament, Senate or Congress",Austria,https://www.parlament.gv.at/dokument/fachinfos/zukunftsthemen/Generative_KI_und_Demokratie_Endbericht_2025.pdf,https://app.overton.io/document.php?policy_document_id=parliamentofaustria-ed13895aabc6a0f5389c34ea75af6618,
"GPTs are GPTs: Labor market impact potential of LLMs",10.1126/science.adj0998,Science,2024-06-21T00:00:00+00:00,155,https://doi.org/10.1126/science.adj0998,philadelphiafed,"Federal Reserve Bank of Philadelpha","Occupational Exposure to Generative Artificial Intelligence in the Third Federal Reserve District",2025-10-01,"Public Sector",Government,"Regional or State Level Body; Financial Institution or Bank; Central Bank",USA,https://www.philadelphiafed.org/community-development/workforce-and-economic-development/occupational-exposure-to-generative-artificial-intelligence-in-the-third-federal-reserve-district,https://app.overton.io/document.php?policy_document_id=philadelphiafed-93f92ec30987b72a6269af0cbc9e1c1c,
"GPTs are GPTs: Labor market impact potential of LLMs",10.1126/science.adj0998,Science,2024-06-21T00:00:00+00:00,155,https://doi.org/10.1126/science.adj0998,productivityacuk,"The Productivity Institute","An Old Challenge in the New Era: How the Public Sector Can Benefit from the Age of AI",2025-09-16,"Third Sector","Think Tank","Research Centre; Policy Centre",UK,https://www.productivity.ac.uk/research/an-old-challenge-in-the-new-era-how-the-public-sector-can-benefit-from-the-age-of-ai/,https://app.overton.io/document.php?policy_document_id=productivityacuk-0938e3e4523f34a0ec412e7ca6d05fa4,
"GPTs are GPTs: Labor market impact potential of LLMs",10.1126/science.adj0998,Science,2024-06-21T00:00:00+00:00,155,https://doi.org/10.1126/science.adj0998,productivityacuk,"The Productivity Institute","Rewiring Europe’s Productivity Framework: Aligning Investment, Innovation, and Diffusion",2026-07-15,"Third Sector","Think Tank","Research Centre; Policy Centre",UK,https://www.productivity.ac.uk/research/rewiring-europes-productivity-framework/,https://app.overton.io/document.php?policy_document_id=productivityacuk-135a8ef305de41505b044c378d7c5a9e,
"GPTs are GPTs: Labor market impact potential of LLMs",10.1126/science.adj0998,Science,2024-06-21T00:00:00+00:00,155,https://doi.org/10.1126/science.adj0998,productivityacuk,"The Productivity Institute","Pro-Productivity Policies for the US Economy",2025-12-02,"Third Sector","Think Tank","Research Centre; Policy Centre",UK,https://www.productivity.ac.uk/research/pro-productivity-policies-for-the-us-economy/,https://app.overton.io/document.php?policy_document_id=productivityacuk-a8feed656b18a2426401e452b4e7802c,
"GPTs are GPTs: Labor market impact potential of LLMs",10.1126/science.adj0998,Science,2024-06-21T00:00:00+00:00,155,https://doi.org/10.1126/science.adj0998,productivityacuk,"The Productivity Institute","Artificial Intelligence: what drives adoption in EU countries?",2026-08-14,"Third Sector","Think Tank","Research Centre; Policy Centre",UK,https://www.productivity.ac.uk/research/artificial-intelligence-what-drives-adoption-in-eu-countries/,https://app.overton.io/document.php?policy_document_id=productivityacuk-af3be4e101e145bee79d16c157d8b4f5,
"GPTs are GPTs: Labor market impact potential of LLMs",10.1126/science.adj0998,Science,2024-06-21T00:00:00+00:00,155,https://doi.org/10.1126/science.adj0998,randcorporation,"RAND Corporation","Tax Policy Options to Promote Employment and Stabilize Revenue in the AI Age",2026-08-31,"Third Sector","Think Tank","Research Centre; Policy Centre",USA,https://www.rand.org/pubs/perspectives/PEA4392-3.html,https://app.overton.io/document.php?policy_document_id=randcorporation-0735e97270b150ffdfeada64003cae0f,
"GPTs are GPTs: Labor market impact potential of LLMs",10.1126/science.adj0998,Science,2024-06-21T00:00:00+00:00,155,https://doi.org/10.1126/science.adj0998,randcorporation,"RAND Corporation","What Will Happen to Federal Revenue When AI Replaces Labor?",2026-08-25,"Third Sector","Think Tank","Research Centre; Policy Centre",USA,https://www.rand.org/pubs/research_reports/RRA4980-1.html,https://app.overton.io/document.php?policy_document_id=randcorporation-694c2713c208009408ac8b81dc854006,
"GPTs are GPTs: Labor market impact potential of LLMs",10.1126/science.adj0998,Science,2024-06-21T00:00:00+00:00,155,https://doi.org/10.1126/science.adj0998,randcorporation,"RAND Corporation","Managing AI's Economic Future",2025-05-13,"Third Sector","Think Tank","Research Centre; Policy Centre",USA,https://www.rand.org/pubs/research_reports/RRA3764-1.html,https://app.overton.io/document.php?policy_document_id=randcorporation-db06a62260a94e6a23d16dadcddb32b5,
"GPTs are GPTs: Labor market impact potential of LLMs",10.1126/science.adj0998,Science,2024-06-21T00:00:00+00:00,155,https://doi.org/10.1126/science.adj0998,sanfranciscofed,"Federal Reserve Bank of San Francisco","Corporate Green Pledges",2024-12-05,"Public Sector",Government,"Regional or State Level Body; Financial Institution or Bank; Central Bank",USA,https://www.frbsf.org/research-and-insights/publications/working-papers/2024/12/corporate-green-pledges/,https://app.overton.io/document.php?policy_document_id=sanfranciscofed-5cd2b0efb28424e776358bf8b5fa96f1,
"GPTs are GPTs: Labor market impact potential of LLMs",10.1126/science.adj0998,Science,2024-06-21T00:00:00+00:00,155,https://doi.org/10.1126/science.adj0998,sanfranciscofed,"Federal Reserve Bank of San Francisco","Corporate Green Pledges",2024-12-05,"Public Sector",Government,"Regional or State Level Body; Financial Institution or Bank; Central Bank",USA,https://www.frbsf.org/research-and-insights/publications/working-papers/2024/12/corporate-green-pledges,https://app.overton.io/document.php?policy_document_id=sanfranciscofed-a57df463dbe888ccb1a3622f9ee79085,
"GPTs are GPTs: Labor market impact potential of LLMs",10.1126/science.adj0998,Science,2024-06-21T00:00:00+00:00,155,https://doi.org/10.1126/science.adj0998,sernl,"Sociaal Economische Raad","AI en werk",2025-05-22,"Public Sector","Think Tank","Research Centre; Policy Centre",Netherlands,https://www.ser.nl/nl/publicaties/ai-en-werk,https://app.overton.io/document.php?policy_document_id=sernl-b1b6cd168ee11a04d0d2e32fcc8ccc31,
"GPTs are GPTs: Labor market impact potential of LLMs",10.1126/science.adj0998,Science,2024-06-21T00:00:00+00:00,155,https://doi.org/10.1126/science.adj0998,stateofminnesota,"State of Minnesota","The Highest Worker Exposure in the Midwest :",2026-02-20,"Public Sector",Government,"Regional or State Level Body; Mixed Roles; Public Service",USA,https://www.house.mn.gov/comm/docs/ORbcvfbanUahHhpZ2RsFEg.pdf,https://app.overton.io/document.php?policy_document_id=stateofminnesota-b0cbc28e2e4c99e22ec618c06ef11554,
"GPTs are GPTs: Labor market impact potential of LLMs",10.1126/science.adj0998,Science,2024-06-21T00:00:00+00:00,155,https://doi.org/10.1126/science.adj0998,stlouisfed,"Federal Reserve Bank of St Louis","The Rapid Adoption of Generative AI",2024-09-20,"Public Sector",Government,"Regional or State Level Body; Financial Institution or Bank; Central Bank",USA,https://www.fedinprint.org/item/fedlwp/98805/original,https://app.overton.io/document.php?policy_document_id=stlouisfed-32979fd2e7cdf12c30afc1422bd30ca9,
"GPTs are GPTs: Labor market impact potential of LLMs",10.1126/science.adj0998,Science,2024-06-21T00:00:00+00:00,155,https://doi.org/10.1126/science.adj0998,stlouisfed,"Federal Reserve Bank of St Louis","What Work Does Generative AI Do?",2026-08-25,"Public Sector",Government,"Regional or State Level Body; Financial Institution or Bank; Central Bank",USA,https://www.fedinprint.org/item/fedlwp/103693/original,https://app.overton.io/document.php?policy_document_id=stlouisfed-a45d549a6bc3a1dc94f668bc83ec58e6,
"GPTs are GPTs: Labor market impact potential of LLMs",10.1126/science.adj0998,Science,2024-06-21T00:00:00+00:00,155,https://doi.org/10.1126/science.adj0998,stlouisfed,"Federal Reserve Bank of St Louis","The Rapid Adoption of Generative AI",2025-10-27,"Public Sector",Government,"Regional or State Level Body; Financial Institution or Bank; Central Bank",USA,https://www.fedinprint.org/item/fedlwp/98805/102025,https://app.overton.io/document.php?policy_document_id=stlouisfed-d1a1fa1c19b9fedd8552fb8849a29c54,
"GPTs are GPTs: Labor market impact potential of LLMs",10.1126/science.adj0998,Science,2024-06-21T00:00:00+00:00,155,https://doi.org/10.1126/science.adj0998,stlouisfed,"Federal Reserve Bank of St Louis","The Rapid Adoption of Generative AI","an unknown date","Public Sector",Government,"Regional or State Level Body; Financial Institution or Bank; Central Bank",USA,https://research.stlouisfed.org/wp/more/2024-027,https://app.overton.io/document.php?policy_document_id=stlouisfed-e2ee81b689519ef863e5c7a9e0c4fe16,
"GPTs are GPTs: Labor market impact potential of LLMs",10.1126/science.adj0998,Science,2024-06-21T00:00:00+00:00,155,https://doi.org/10.1126/science.adj0998,tascblog,"Think-tank for Action on Social Change","The State We Are In - Inequality in Ireland 2026",2026-09-07,"Third Sector","Think Tank","Research Centre; Policy Centre",Ireland,http://www.tasc.ie/publications/tasc-annual-inequality-report-2026/,https://app.overton.io/document.php?policy_document_id=tascblog-34d25d5cc087d428f6412620138a50fa,
"GPTs are GPTs: Labor market impact potential of LLMs",10.1126/science.adj0998,Science,2024-06-21T00:00:00+00:00,155,https://doi.org/10.1126/science.adj0998,tascblog,"Think-tank for Action on Social Change","AI and Inequality: Spotlight on the Key Issues Affecting Ireland",2026-09-07,"Third Sector","Think Tank","Research Centre; Policy Centre",Ireland,http://www.tasc.ie/publications/ai-and-inequaity/,https://app.overton.io/document.php?policy_document_id=tascblog-9d599c6077a17604d428263d452ef786,
"GPTs are GPTs: Labor market impact potential of LLMs",10.1126/science.adj0998,Science,2024-06-21T00:00:00+00:00,155,https://doi.org/10.1126/science.adj0998,tcspsiil,"Taub Center for Social Policy Studies in Israel","Employment in the High-Tech Sector and Technology Occupations: Present and Future Challenges | מרכז טאוב : מרכז טאוב",2025-09-18,"Third Sector","Think Tank","Research Centre; Policy Centre",Israel,https://www.taubcenter.org.il/en/research/high-tech-employment-2025/,https://app.overton.io/document.php?policy_document_id=tcspsiil-36023b9f04610501109f56910c6410b7,
"GPTs are GPTs: Labor market impact potential of LLMs",10.1126/science.adj0998,Science,2024-06-21T00:00:00+00:00,155,https://doi.org/10.1126/science.adj0998,tcspsiil,"Taub Center for Social Policy Studies in Israel","Generative Artificial Intelligence and Foundational Skills of Israeli Workers | מרכז טאוב : מרכז טאוב",2026-09-01,"Third Sector","Think Tank","Research Centre; Policy Centre",Israel,https://www.taubcenter.org.il/en/research/ai-and-piaac/,https://app.overton.io/document.php?policy_document_id=tcspsiil-3e598a6b243fe41c4d8c3d4075fe263e,
"GPTs are GPTs: Labor market impact potential of LLMs",10.1126/science.adj0998,Science,2024-06-21T00:00:00+00:00,155,https://doi.org/10.1126/science.adj0998,tcspsiil,"Taub Center for Social Policy Studies in Israel","The Impact of Technology on Wage Gaps in Israel | מרכז טאוב : מרכז טאוב",2026-02-23,"Third Sector","Think Tank","Research Centre; Policy Centre",Israel,https://www.taubcenter.org.il/en/research/ai-and-wage-gaps/,https://app.overton.io/document.php?policy_document_id=tcspsiil-64dd9a8d60ec8ceee7c962598e522f87,
"GPTs are GPTs: Labor market impact potential of LLMs",10.1126/science.adj0998,Science,2024-06-21T00:00:00+00:00,155,https://doi.org/10.1126/science.adj0998,tcspsiil,"Taub Center for Social Policy Studies in Israel","Employment Trends and Artificial Intelligence in the Israeli Labor Market | מרכז טאוב : מרכז טאוב",2025-04-23,"Third Sector","Think Tank","Research Centre; Policy Centre",Israel,https://www.taubcenter.org.il/en/research/ai-and-labor-market/,https://app.overton.io/document.php?policy_document_id=tcspsiil-bebe58feda523116b2a9ef8d77ed19d6,
"GPTs are GPTs: Labor market impact potential of LLMs",10.1126/science.adj0998,Science,2024-06-21T00:00:00+00:00,155,https://doi.org/10.1126/science.adj0998,ukparliament,"UK Parliament Research Briefings","Artificial intelligence (AI) and employment",2025-12-23,"Public Sector","Legislative Body","National Body; Parliament, Senate or Congress; Research Centre",UK,https://post.parliament.uk/research-briefings/post-pn-0757/,https://app.overton.io/document.php?policy_document_id=ukparliament-1cbcde7647d9f3b533c8dba95842cedc,
"GPTs are GPTs: Labor market impact potential of LLMs",10.1126/science.adj0998,Science,2024-06-21T00:00:00+00:00,155,https://doi.org/10.1126/science.adj0998,ukparliament_select,"UK Parliament Select Committee Publications","Written evidence submitted by: Golo Henseke (Associate Professor at UCL Institute of Education) (AIB0068)",2026-07-14,"Public Sector","Legislative Body","National Body; Parliament, Senate or Congress; Committee",UK,https://committees.parliament.uk/writtenevidence/164774/pdf/,https://app.overton.io/document.php?policy_document_id=ukparliament_select-69ebe3d0f490f1abf6c70200f6005415,
"GPTs are GPTs: Labor market impact potential of LLMs",10.1126/science.adj0998,Science,2024-06-21T00:00:00+00:00,155,https://doi.org/10.1126/science.adj0998,unctad,UNCTAD,"Technology and Innovation Report 2025",2025-03-24,"Public Sector",IGO,"International Body; Financial Institution or Bank; Development Bank; Policy Centre",IGO,https://unctad.org/system/files/official-document/tir2025_en.pdf,https://app.overton.io/document.php?policy_document_id=unctad-f493d1a4a7b9e18fde9a7243044107a5,
"GPTs are GPTs: Labor market impact potential of LLMs",10.1126/science.adj0998,Science,2024-06-21T00:00:00+00:00,155,https://doi.org/10.1126/science.adj0998,undp,"United Nations Development Programme","Human Development Report 2025",2025-05-06,"Public Sector",IGO,"International Body; IGO Department or Agency; Initiative, Programme or Project; Professional Network, Association, Union or Cooperative",IGO,https://hdr.undp.org/content/human-development-report-2025,https://app.overton.io/document.php?policy_document_id=undp-ddf9d6b05339d857a7abd3cfc7e73460,
"GPTs are GPTs: Labor market impact potential of LLMs",10.1126/science.adj0998,Science,2024-06-21T00:00:00+00:00,155,https://doi.org/10.1126/science.adj0998,unitednations,"United Nations","Technology and innovation report 2025 :inclusive artificial Intelligence for development",2025-01-01,"Public Sector",IGO,"International Body; Top-Level Authority; IGO Department or Agency; Mixed Roles; Policy Centre",IGO,https://digitallibrary.un.org/record/4084949?ln=en,https://app.overton.io/document.php?policy_document_id=unitednations-684954a152631a707764939a290f0672,
"GPTs are GPTs: Labor market impact potential of LLMs",10.1126/science.adj0998,Science,2024-06-21T00:00:00+00:00,155,https://doi.org/10.1126/science.adj0998,unitednations,"United Nations","Human development report 2025 :a matter of choice : people and possibilities in the age of AI",2025-01-01,"Public Sector",IGO,"International Body; Top-Level Authority; IGO Department or Agency; Mixed Roles; Policy Centre",IGO,https://digitallibrary.un.org/record/4082930?ln=en,https://app.overton.io/document.php?policy_document_id=unitednations-9eb9fbb0e4e21e261c660272458f4caa,
"GPTs are GPTs: Labor market impact potential of LLMs",10.1126/science.adj0998,Science,2024-06-21T00:00:00+00:00,155,https://doi.org/10.1126/science.adj0998,unumerit,"UNU - Maastricht Economic and Social Research Institute on Innovation and Technology (UNU-MERIT)",2026-010,2026-06-09,"Public Sector",IGO,"Research Centre; Policy Centre; International Body; IGO Department or Agency",Netherlands,https://unu-merit.nl/publications/wppdf/2026/wp2026-010.pdf,https://app.overton.io/document.php?policy_document_id=unumerit-a87a92cf86fa22e61614eb8e65398e71,
"GPTs are GPTs: Labor market impact potential of LLMs",10.1126/science.adj0998,Science,2024-06-21T00:00:00+00:00,155,https://doi.org/10.1126/science.adj0998,urbaninstitute,"Urban Institute","Building an Inclusive AI Economy",2026-07-20,"Third Sector","Think Tank","Research Centre; Policy Centre",USA,https://www.urban.org/research/publication/building-inclusive-ai-economy,https://app.overton.io/document.php?policy_document_id=urbaninstitute-20558b15130d6420eaed4f2195a2c963,
"GPTs are GPTs: Labor market impact potential of LLMs",10.1126/science.adj0998,Science,2024-06-21T00:00:00+00:00,155,https://doi.org/10.1126/science.adj0998,urbaninstitute,"Urban Institute","The Potential Impact of AI Exposure on Black Workers",2026-07-31,"Third Sector","Think Tank","Research Centre; Policy Centre",USA,https://www.urban.org/research/publication/potential-impact-ai-exposure-black-workers,https://app.overton.io/document.php?policy_document_id=urbaninstitute-bbd4a46ebb458951734b461cf4670165,
"GPTs are GPTs: Labor market impact potential of LLMs",10.1126/science.adj0998,Science,2024-06-21T00:00:00+00:00,155,https://doi.org/10.1126/science.adj0998,usbea,"U.S. Bureau of Economic Analysis","AI Utilization and Economic Performance",2026-08-21,"Public Sector",Government,"National Body; Government Agency; Public Data Body or Statistics; Research Centre; Policy Centre",USA,https://www.bea.gov/research/papers/2026/ai-utilization-and-economic-performance,https://app.overton.io/document.php?policy_document_id=usbea-4d84d2ccc1321fbdb44dc4c25e5d1647,
"GPTs are GPTs: Labor market impact potential of LLMs",10.1126/science.adj0998,Science,2024-06-21T00:00:00+00:00,155,https://doi.org/10.1126/science.adj0998,usbea,"U.S. Bureau of Economic Analysis","AI Utilization and Economic Performance",2026-08-21,"Public Sector",Government,"National Body; Government Agency; Public Data Body or Statistics; Research Centre; Policy Centre",USA,https://www.bea.gov/index.php/research/papers/2026/ai-utilization-and-economic-performance,https://app.overton.io/document.php?policy_document_id=usbea-7a15a6bd08724a2f31fbf838f979c05b,
"GPTs are GPTs: Labor market impact potential of LLMs",10.1126/science.adj0998,Science,2024-06-21T00:00:00+00:00,155,https://doi.org/10.1126/science.adj0998,weforum,"World Economic Forum","New Economy Skills: Building AI, Data and Digital Capabilities for Growth",2025-12-16,"Third Sector",NGO,"Policy Centre; Research Centre; Monitoring or Regulatory Body",IGO,https://www.weforum.org/publications/new-economy-skills-building-ai-data-and-digital-capabilities-for-growth/,https://app.overton.io/document.php?policy_document_id=weforum-b2f911cef218b054ef067cc439cab073,
"GPTs are GPTs: Labor market impact potential of LLMs",10.1126/science.adj0998,Science,2024-06-21T00:00:00+00:00,155,https://doi.org/10.1126/science.adj0998,worldbank,"World Bank","Labor Demand in the Age of Generative AI: Early Evidence from the U.S. Job Posting Data",2025-11-18,"Public Sector",IGO,"International Body; Financial Institution or Bank; Development Bank; Policy Centre",IGO,https://hdl.handle.net/10986/44004,https://app.overton.io/document.php?policy_document_id=worldbank-033a4601f5ad8657787aee685839d18e,
"GPTs are GPTs: Labor market impact potential of LLMs",10.1126/science.adj0998,Science,2024-06-21T00:00:00+00:00,155,https://doi.org/10.1126/science.adj0998,worldbank,"World Bank","Labor Demand for Digital Skills in Post-2022 Ukraine: Evidence from Online Job Vacancy Data",2026-09-14,"Public Sector",IGO,"International Body; Financial Institution or Bank; Development Bank; Policy Centre",IGO,https://hdl.handle.net/10986/45570,https://app.overton.io/document.php?policy_document_id=worldbank-33e0e3ce6cc366ec3dc5e420f8b08bb4,
"GPTs are GPTs: Labor market impact potential of LLMs",10.1126/science.adj0998,Science,2024-06-21T00:00:00+00:00,155,https://doi.org/10.1126/science.adj0998,worldbank,"World Bank","Benchmarking Türkiye’s AI Workforce Readiness: A Multidimensional Global Comparison Using LinkedIn Data",2026-04-01,"Public Sector",IGO,"International Body; Financial Institution or Bank; Development Bank; Policy Centre",IGO,https://hdl.handle.net/10986/44812,https://app.overton.io/document.php?policy_document_id=worldbank-347d74151f7119871af5d496b653ad51,
"GPTs are GPTs: Labor market impact potential of LLMs",10.1126/science.adj0998,Science,2024-06-21T00:00:00+00:00,155,https://doi.org/10.1126/science.adj0998,worldbank,"World Bank","South Asia Development Update, October 2025: Jobs, AI, and Trade",2025-10-07,"Public Sector",IGO,"International Body; Financial Institution or Bank; Development Bank; Policy Centre",IGO,https://hdl.handle.net/10986/43743,https://app.overton.io/document.php?policy_document_id=worldbank-82a55b89f2091f5294910fb6209ea06a,
"GPTs are GPTs: Labor market impact potential of LLMs",10.1126/science.adj0998,Science,2024-06-21T00:00:00+00:00,155,https://doi.org/10.1126/science.adj0998,worldbank,"World Bank","World Development Report 2026: The Promise of Artificial Intelligence",2026-08-04,"Public Sector",IGO,"International Body; Financial Institution or Bank; Development Bank; Policy Centre",IGO,https://hdl.handle.net/10986/45296,https://app.overton.io/document.php?policy_document_id=worldbank-acb7b35703596795beda571ee85af866,
"GPTs are GPTs: Labor market impact potential of LLMs",10.1126/science.adj0998,Science,2024-06-21T00:00:00+00:00,155,https://doi.org/10.1126/science.adj0998,worldbank,"World Bank","Skills for Change: Preparing the Armenian and Georgian Workforce for the Future",2026-04-03,"Public Sector",IGO,"International Body; Financial Institution or Bank; Development Bank; Policy Centre",IGO,https://hdl.handle.net/10986/44716,https://app.overton.io/document.php?policy_document_id=worldbank-d3a1b4fa7b4f0ec748e3dcae0149b6ed,
"Long-Term Forecasting: A MAED Application for Sierra Leone’s Electricity Demand (2023–2050)",10.3390/en17122878,Energies,2024-06-12T00:00:00+00:00,1,https://doi.org/10.3390/en17122878,instituteofdevelopmentstudies,"Institute of Development Studies","Barriers to Inclusive and Sustainable Economic Growth in Sierra Leone",2025-08-29,"Third Sector","Think Tank","Research Centre; Policy Centre",UK,https://opendocs.ids.ac.uk/articles/report/Barriers_to_Inclusive_and_Sustainable_Economic_Growth_in_Sierra_Leone/30365839,https://app.overton.io/document.php?policy_document_id=instituteofdevelopmentstudies-db43853a82695369d265f0e5b223eb09,
"Review of OpenFOAM applications in the computational wind engineering: from wind environment to wind structural engineering",10.1007/s11012-024-01826-x,Meccanica,2024-06-06T00:00:00+00:00,1,https://doi.org/10.1007/s11012-024-01826-x,ffino,"Forsvarets forskningsinstitutt","Producing an urban-wind field database with OpenFOAM – Work Package 6 of the CHIMERA project",2026-06-04,"Public Sector",Government,"Government Agency",Norway,https://www.ffi.no/en/publications-archive/producing-an-urban-wind-field-database-with-openfoam-work-package-6-of-the-chimera-project,https://app.overton.io/document.php?policy_document_id=ffino-e058f294699c887e8049787e80ae8dea,
"Insights into home biogas technology adoption dynamics through the lens of the diffusion of innovation theory in Uganda",10.1016/j.esd.2024.101425,"Energy for Sustainable Development",2024-06-01T00:00:00+00:00,1,https://doi.org/10.1016/j.esd.2024.101425,snvorg,SNV,"Mainstreaming bio-slurry in Uganda",2025-07-30,"Third Sector",NGO,"Research Centre; Initiative, Programme or Project",Netherlands,https://www.snv.org/library/mainstreaming-bio-slurry-in-uganda,https://app.overton.io/document.php?policy_document_id=snvorg-a622b75c7381f3979deab3b405590d86,
"Optimization of effluent quality and energy consumption of aeration process in wastewater treatment plants using artificial intelligence",10.1016/j.jwpe.2024.105384,"Journal of Water Process Engineering",2024-06-01T00:00:00+00:00,1,https://doi.org/10.1016/j.jwpe.2024.105384,california_state_agencies,"State of California","Derya Dursun Balci Comments - 25-EPIC-01 Research Idea - AI as a tool for energy efficiency",2025-08-08,"Public Sector",Government,"Regional or State Level Body; Mixed Roles; Public Service",USA,https://efiling.energy.ca.gov/GetDocument.aspx?tn=265471&DocumentContentId=102322,https://app.overton.io/document.php?policy_document_id=california_state_agencies-ef045527db663e7e808a9674c1a9dccf,
"Building plug load mode detection, forecasting and scheduling",10.1016/j.apenergy.2024.123098,"Applied Energy",2024-06-01T00:00:00+00:00,1,https://doi.org/10.1016/j.apenergy.2024.123098,california_state_agencies,"State of California","Smart Plug Load Controls Integrated With Building Energy Management Systems",2025-05-15,"Public Sector",Government,"Regional or State Level Body; Mixed Roles; Public Service",USA,https://www.energy.ca.gov/sites/default/files/2025-05/CEC-500-2025-021.pdf,https://app.overton.io/document.php?policy_document_id=california_state_agencies-c18d3a89db9ba7122654bef322784c4e,"California Energy Commission; European Commission; Fonds Wetenschappelijk Onderzoek; H2020 European Research Council; KU Leuven; University of California, San Diego; Vlaams Supercomputer Centrum; Vlaamse Overheid; Vlaamse regering"
"Farm electricity system simulator (FESS): A platform for simulating electricity utilisation on dairy farms",10.1016/j.compag.2024.108977,"Computers and Electronics in Agriculture",2024-06-01T00:00:00+00:00,1,https://doi.org/10.1016/j.compag.2024.108977,teagasc,"Teagasc – the Agriculture and Food Development Authority","A Solar Energy Guide for Dairy Farms",2025-06-25,"Public Sector",Government,"National Body; Government Agency; Research Centre; Policy Centre; Food and Drug Safety; Monitoring or Regulatory Body",Ireland,https://teagasc.ie/publications/a-solar-energy-guide-for-dairy-farms/,https://app.overton.io/document.php?policy_document_id=teagasc-57543477c2106f60b23c26fe41c01cf3,Teagasc
"Forecasting the Power Generation Mix in Italy Based on Grey Markov Models",10.3390/en17092184,Energies,2024-05-02T00:00:00+00:00,1,https://doi.org/10.3390/en17092184,feemit,"Fondazione Eni Enrico Mattei","A Data-Driven Forecast for Road Transport Decarbonisation",2025-09-19,"Third Sector","Think Tank","Research Centre; Policy Centre",Italy,https://www.feem.it/publications/is-italy-on-track-a-data-driven-forecast-for-road-transport-decarbonisation-by-2030/,https://app.overton.io/document.php?policy_document_id=feemit-22b935f1df32ea36996aa48ba21b8cc5,
"Optimal design of proton exchange membrane fuel cell systems for regional aircraft",10.1016/j.enconman.2024.118338,"Energy Conversion and Management",2024-05-01T00:00:00+00:00,1,https://doi.org/10.1016/j.enconman.2024.118338,tnonl,"Nederlandse Organisatie voor Toegepast Natuurwetenschappelijk Onderzoek","H2Upscale : Deliverable 3.1 : System Requirements and Architectural Design",2025-01-01,"Public Sector",Government,"Research Centre",Netherlands,https://repository.tno.nl/SingleDoc?docId=75323,https://app.overton.io/document.php?policy_document_id=tnonl-dedca8752bdef743f0912ff982964a82,"Projektträger Jülich"
"School Electricity Consumption in a Small Island Country: The Case of Fiji",10.3390/en17071727,Energies,2024-04-03T00:00:00+00:00,1,https://doi.org/10.3390/en17071727,idrc,"International Development Research Centre","Islands at the brink - country brief : Fiji",2024-10-13,"Public Sector","Think Tank","Research Centre; Policy Centre",Canada,https://idrc-crdi.ca/en/node/127830,https://app.overton.io/document.php?policy_document_id=idrc-cf1fa84329535fb1e30a4fd761e3c5b1,
"On the cooling energy impacts of combined urban heat mitigation strategies in subtropical urban building environment",10.1016/j.enbuild.2024.113918,"Energy and Buildings",2024-04-01T00:00:00+00:00,1,https://doi.org/10.1016/j.enbuild.2024.113918,observerresearchfoundation,"Observer Research Foundation","Building A Heat Resilience Roadmap for the Gulf Region",2026-03-13,"Third Sector","Think Tank","Research Centre; Foundation or Charity; Policy Centre",India,https://www.orfonline.org/research/building-a-heat-resilience-roadmap-for-the-gulf-region,https://app.overton.io/document.php?policy_document_id=observerresearchfoundation-04f19c037d25f35958b29835a3a416da,
"Enhancing rooftop solar energy potential evaluation in high-density cities: A Deep Learning and GIS based approach",10.1016/j.enbuild.2023.113743,"Energy and Buildings",2024-04-01T00:00:00+00:00,1,https://doi.org/10.1016/j.enbuild.2023.113743,jointresearcheu,"Joint Research Centre","Earth Observation in Support of Compliance Assurance across EU Policies",2026-09-01,"Public Sector",Government,"International Body; IGO Department or Agency; Research Centre; Policy Centre; Commission",EU,https://publications.jrc.ec.europa.eu/repository/handle/JRC147232,https://app.overton.io/document.php?policy_document_id=jointresearcheu-3f98a924e722c1b30bb66afed3d4b5ca,"Fundamental Research Funds for the Central Universities; National Natural Science Foundation of China"
"Renewable energy financing by state investment banks: Evidence from OECD countries",10.1016/j.eneco.2024.107455,"Energy Economics",2024-04-01T00:00:00+00:00,8,https://doi.org/10.1016/j.eneco.2024.107455,ecologic,"Ecologic Institute","Staying the Course in Turbulent Times",2025-08-04,"Third Sector","Think Tank","Research Centre",Germany,https://www.ecologic.eu/20165,https://app.overton.io/document.php?policy_document_id=ecologic-a39f2761ab4d09850651b4d3c06fae93,"European Association of Environmental and Resource Economists; European Research Council; H2020 European Research Council"
"Renewable energy financing by state investment banks: Evidence from OECD countries",10.1016/j.eneco.2024.107455,"Energy Economics",2024-04-01T00:00:00+00:00,8,https://doi.org/10.1016/j.eneco.2024.107455,ifode,"ifo Institut","Mobilizing Credit for Clean Energy: De-Risking and Public Loan Provision under Learning Spillovers",2024-05-22,"Third Sector","Think Tank","Research Centre",Germany,https://www.cesifo.org/en/publications/2024/working-paper/mobilizing-credit-clean-energy-de-risking-and-public-loan-provision,https://app.overton.io/document.php?policy_document_id=ifode-c89758248cab0781f24ea43fe5c6cefa,"European Association of Environmental and Resource Economists; European Research Council; H2020 European Research Council"
"Renewable energy financing by state investment banks: Evidence from OECD countries",10.1016/j.eneco.2024.107455,"Energy Economics",2024-04-01T00:00:00+00:00,8,https://doi.org/10.1016/j.eneco.2024.107455,inesc,"National Economic and Social Council","Ireland’s Energy Transition: Applying Systems Tools",2026-02-16,"Public Sector",Government,"National Body; Arm's Length Body; Policy Centre; Research Centre",Ireland,https://www.nesc.ie/publications/irelands-energy-transition-applying-systems-tools/,https://app.overton.io/document.php?policy_document_id=inesc-98d6ba42217acef9b8a6e83fb22542f8,"European Association of Environmental and Resource Economists; European Research Council; H2020 European Research Council"
"Renewable energy financing by state investment banks: Evidence from OECD countries",10.1016/j.eneco.2024.107455,"Energy Economics",2024-04-01T00:00:00+00:00,8,https://doi.org/10.1016/j.eneco.2024.107455,potsdaminstitute,"Potsdam-Institut für Klimafolgenforschung (PIK)","Staying the course in turbulent times: Insights on the current state and ways forward for the EU's climate, energy and finance policy architecture",2025-07-03,"Third Sector","Think Tank","Research Centre",Germany,https://publications.pik-potsdam.de/pubman/item/item_32517_4,https://app.overton.io/document.php?policy_document_id=potsdaminstitute-0370ae4aaa4ee56d0caf5763ba9492ac,"European Association of Environmental and Resource Economists; European Research Council; H2020 European Research Council"
"Renewable energy financing by state investment banks: Evidence from OECD countries",10.1016/j.eneco.2024.107455,"Energy Economics",2024-04-01T00:00:00+00:00,8,https://doi.org/10.1016/j.eneco.2024.107455,potsdaminstitute,"Potsdam-Institut für Klimafolgenforschung (PIK)","Die Energiewende kosteneffizient gestalten: Szenarien zur Klimaneutralität 2045",2025-07-14,"Third Sector","Think Tank","Research Centre",Germany,https://publications.pik-potsdam.de/pubman/item/item_32090_8,https://app.overton.io/document.php?policy_document_id=potsdaminstitute-18febc7531c7c2c51e485dd17e1aef32,"European Association of Environmental and Resource Economists; European Research Council; H2020 European Research Council"
"Renewable energy financing by state investment banks: Evidence from OECD countries",10.1016/j.eneco.2024.107455,"Energy Economics",2024-04-01T00:00:00+00:00,8,https://doi.org/10.1016/j.eneco.2024.107455,potsdaminstitute,"Potsdam-Institut für Klimafolgenforschung (PIK)","Staying the course in turbulent times: Insights on the current state and ways forward for the EU's climate, energy and finance policy architecture",2025-07-03,"Third Sector","Think Tank","Research Centre",Germany,https://publications.pik-potsdam.de/pubman/item/item_32517_3,https://app.overton.io/document.php?policy_document_id=potsdaminstitute-35f2db28fdde2ef5ca9e7c30658b6651,"European Association of Environmental and Resource Economists; European Research Council; H2020 European Research Council"
"Renewable energy financing by state investment banks: Evidence from OECD countries",10.1016/j.eneco.2024.107455,"Energy Economics",2024-04-01T00:00:00+00:00,8,https://doi.org/10.1016/j.eneco.2024.107455,potsdaminstitute,"Potsdam-Institut für Klimafolgenforschung (PIK)","Die Energiewende kosteneffizient gestalten: Szenarien zur Klimaneutralität 2045",2025-07-14,"Third Sector","Think Tank","Research Centre",Germany,https://publications.pik-potsdam.de/pubman/item/item_32090_11,https://app.overton.io/document.php?policy_document_id=potsdaminstitute-c288a7b649109b8be3a92c381c58a2d9,"European Association of Environmental and Resource Economists; European Research Council; H2020 European Research Council"
"Renewable energy financing by state investment banks: Evidence from OECD countries",10.1016/j.eneco.2024.107455,"Energy Economics",2024-04-01T00:00:00+00:00,8,https://doi.org/10.1016/j.eneco.2024.107455,unitednations,"United Nations","Climate technology progress report 2024 :unleashing renewable energy for ambitious NDCs",2024-01-01,"Public Sector",IGO,"International Body; Top-Level Authority; IGO Department or Agency; Mixed Roles; Policy Centre",IGO,https://digitallibrary.un.org/record/4065169?ln=en,https://app.overton.io/document.php?policy_document_id=unitednations-fc2af588a52d54064f05b05523fd4549,"European Association of Environmental and Resource Economists; European Research Council; H2020 European Research Council"
"Energy consumption prediction of industrial HVAC systems using Bayesian Networks",10.1016/j.enbuild.2024.114039,"Energy and Buildings",2024-04-01T00:00:00+00:00,1,https://doi.org/10.1016/j.enbuild.2024.114039,cordisbe,CORDIS,"ENERgy-efficient manufacturing system MANagement",2024-07-24,"Public Sector",Government,"Public Data Body or Statistics; Archive; Public Service; Mixed Roles",EU,https://ec.europa.eu/research/participants/documents/downloadPublic?documentIds=080166e50bf2b45c&appId=PPGMS,https://app.overton.io/document.php?policy_document_id=cordisbe-d18ac1520bb3b5f3d7712818a1bac125,"European Commission; Horizon 2020 Framework Programme"
"Data Center Environmental Burden Reduction Through On-Site Renewable Power Generation",10.1115/1.4065053,"ASME Journal of Engineering for Sustainable Buildings and Cities",2024-03-25T00:00:00+00:00,1,https://doi.org/10.1115/1.4065053,randcorporation,"RAND Corporation","Locating AI Data Centers on DOE Land",2025-05-13,"Third Sector","Think Tank","Research Centre; Policy Centre",USA,https://www.rand.org/pubs/working_papers/WRA4028-1.html,https://app.overton.io/document.php?policy_document_id=randcorporation-7076ee9feb23bb9e68d3f1caf0584501,"National Science Foundation"
"Introducing a Novel Framework for the Analysis and Assessment of Transport Projects in City Regions",10.3390/su16062349,Sustainability,2024-03-12T00:00:00+00:00,1,https://doi.org/10.3390/su16062349,fraunhoferiside,"Fraunhofer ISI","From Vision to Implementation: Developing Sustainable Urban Mobility Plans",2026-07-17,"Public Sector","Think Tank","Research Centre; Policy Centre",Germany,https://www.isi.fraunhofer.de/content/dam/isi/dokumente/sustainability-innovation/2026/2026-07_From_Vision_to_Implementation_Developing_SUMP_07-2024.pdf,https://app.overton.io/document.php?policy_document_id=fraunhoferiside-91191e070500d5e935cb80a0506ce91c,
"Forecasting regional industrial production with novel high‐frequency electricity consumption data",10.1002/for.3116,"Journal of Forecasting",2024-03-05T00:00:00+00:00,2,https://doi.org/10.1002/for.3116,bundesbank,"Deutsche Bundesbank","Diagnostic tools for selecting the temporal resolution for seasonal adjustment",2025-11-30,"Public Sector",Government,"National Body; Financial Institution or Bank; Central Bank",Germany,https://www.bundesbank.de/en/publications/research/discussion-papers/diagnostic-tools-for-selecting-the-temporal-resolution-for-seasonal-adjustment-925534,https://app.overton.io/document.php?policy_document_id=bundesbank-235441827d86c5550380c1805fc7b5b3,
"Forecasting regional industrial production with novel high‐frequency electricity consumption data",10.1002/for.3116,"Journal of Forecasting",2024-03-05T00:00:00+00:00,2,https://doi.org/10.1002/for.3116,ifode,"ifo Institut","ifo Dresden berichtet 01/2025",2025-02-10,"Third Sector","Think Tank","Research Centre",Germany,https://www.ifo.de/publikationen/2025/zeitschrift-einzelheft/ifo-dresden-berichtet-012025,https://app.overton.io/document.php?policy_document_id=ifode-d3d47b3086f50b1225aa4041387a5e03,
"Determinants of Urban Residential Electricity Consumption in Burkina Faso: A Study of Dwelling, Household, Socio-Economic and Appliance-Related Factors",10.3390/buildings14030683,Buildings,2024-03-05T00:00:00+00:00,1,https://doi.org/10.3390/buildings14030683,igcuk,"International Growth Centre","The lifeline electricity tariff classification policy in Ghana: A hit or miss!",2026-02-26,"Third Sector","Think Tank","Research Centre; Policy Centre",UK,https://www.theigc.org/publications/lifeline-electricity-tariff-classification-policy-ghana-hit-or-miss,https://app.overton.io/document.php?policy_document_id=igcuk-bccd96c8818a303b012cfcdf2a429e34,
"A Transformer based approach to electricity load forecasting",10.1016/j.tej.2024.107370,"The Electricity Journal",2024-03-01T00:00:00+00:00,1,https://doi.org/10.1016/j.tej.2024.107370,brookings,"Brookings Institution","Harnessing AI for economic growth",2025-04-08,"Third Sector","Think Tank","Research Centre; Policy Centre",USA,https://www.brookings.edu/articles/harnessing-ai-for-economic-growth/,https://app.overton.io/document.php?policy_document_id=brookings-1f21dce635b61e283dd98da2b049aa4c,
"InP DHBT Linear Modulator Driver With a 3-Vppd PAM-4 Output Swing at 90 GBaud: From Enhanced Transistor Modeling to Integrated Circuit Design",10.1109/tmtt.2023.3305150,"IEEE Transactions on Microwave Theory and Techniques",2024-03-01T00:00:00+00:00,1,https://doi.org/10.1109/tmtt.2023.3305150,cordisbe,CORDIS,"Towards the neW era of 1.6 Tb/s System-In-Package transceivers for datacenter appLIcations exploiting wafer-scale co-inteGration of InP membranes and InP-HBT elecTronics",2024-12-17,"Public Sector",Government,"Public Data Body or Statistics; Archive; Public Service; Mixed Roles",EU,https://ec.europa.eu/research/participants/documents/downloadPublic?documentIds=080166e5144c77ac&appId=PPGMS,https://app.overton.io/document.php?policy_document_id=cordisbe-5c9574e87d4cbb3369ce699d0bd837be,
"Digital twin with augmented state extended Kalman filters for forecasting electric power consumption of industrial production systems",10.1016/j.heliyon.2024.e27343,Heliyon,2024-03-01T00:00:00+00:00,1,https://doi.org/10.1016/j.heliyon.2024.e27343,cordisbe,CORDIS,"ENERgy-efficient manufacturing system MANagement",2024-07-24,"Public Sector",Government,"Public Data Body or Statistics; Archive; Public Service; Mixed Roles",EU,https://ec.europa.eu/research/participants/documents/downloadPublic?documentIds=080166e50bf2b45c&appId=PPGMS,https://app.overton.io/document.php?policy_document_id=cordisbe-d18ac1520bb3b5f3d7712818a1bac125,"European Commission; H2020 Industrial Leadership"
"Agrivoltaic system design tools for managing trade-offs between energy production, crop productivity and water consumption",10.1088/1748-9326/ad2ab8,"Environmental Research Letters",2024-03-01T00:00:00+00:00,1,https://doi.org/10.1088/1748-9326/ad2ab8,unionconcerned,"Union of Concerned Scientists","Agrivoltaics and Ecovoltaics",2024-07-25,"Third Sector",NGO,"Research Centre; Policy Centre",USA,https://www.ucsusa.org/resources/agrivoltaics-and-ecovoltaics,https://app.overton.io/document.php?policy_document_id=unionconcerned-e3bf56b0eb3661cc6b86b7d39e359792,"Solar Energy Technologies Office"
"Physics-Based Modeling and Parameter Tracing for Industrial Demand-Side Management Applications: A Novel Approach",10.3390/su16051995,Sustainability,2024-02-28T00:00:00+00:00,1,https://doi.org/10.3390/su16051995,cordisbe,CORDIS,"ENERgy-efficient manufacturing system MANagement",2024-07-24,"Public Sector",Government,"Public Data Body or Statistics; Archive; Public Service; Mixed Roles",EU,https://ec.europa.eu/research/participants/documents/downloadPublic?documentIds=080166e50bf2b45c&appId=PPGMS,https://app.overton.io/document.php?policy_document_id=cordisbe-d18ac1520bb3b5f3d7712818a1bac125,"European Commission"
"Short-Term Load Demand Forecasting Based on Weather and Influencing Factors Using Deep Neural Network Experts for Sustainable Development Goal 7",10.1007/s42979-023-02587-2,"SN Computer Science",2024-02-08T00:00:00+00:00,1,https://doi.org/10.1007/s42979-023-02587-2,governmentofindia,"Government of India","पृथ्वी ववज्ञान मंत्रालय",2025-04-01,"Public Sector",Government,"National Body; Mixed Roles; Public Service",India,https://www.moes.gov.in/sites/default/files/2025-04/MoES-Publication-2024.pdf,https://app.overton.io/document.php?policy_document_id=governmentofindia-9e1ddb9aeca36771ad4741a8c872e48e,
"Deep learning for intelligent demand response and smart grids: A comprehensive survey",10.1016/j.cosrev.2024.100617,"Computer Science Review",2024-02-01T00:00:00+00:00,1,https://doi.org/10.1016/j.cosrev.2024.100617,europa,"Publications Office of the European Union","Ramp up of renewable generation flexibilities regarding to the system",2025-08-26,"Public Sector",Government,"International Body; Public Data Body or Statistics; Archive; Public Service",EU,https://op.europa.eu/en/publication-detail/-/publication/61436692-82f9-11f0-9af8-01aa75ed71a1/language-en,https://app.overton.io/document.php?policy_document_id=europa-07f091b1c5ce52b6f0588e63ab24e035,
"Estimating the merit-order effect using coarsened exact matching: Reconciling theory with the empirical results to improve policy implications",10.1016/j.enpol.2023.113931,"Energy Policy",2024-02-01T00:00:00+00:00,2,https://doi.org/10.1016/j.enpol.2023.113931,keeikr,"Korea Energy Economics Institute","지정학적 위험과 전력 가격: 주요국 무탄소에너지 비중의 역할 분석",2025-01-01,"Public Sector","Think Tank","National Body; Research Centre; Policy Centre","South Korea",https://www.nkis.re.kr/subject_view1.do?otpId=OTP_0000000000016122,https://app.overton.io/document.php?policy_document_id=keeikr-03aeb4e19993413c9a0c3211d5bc6eec,
"Estimating the merit-order effect using coarsened exact matching: Reconciling theory with the empirical results to improve policy implications",10.1016/j.enpol.2023.113931,"Energy Policy",2024-02-01T00:00:00+00:00,2,https://doi.org/10.1016/j.enpol.2023.113931,keeikr,"Korea Energy Economics Institute","지정학적 위험과 전력 가격: 주요국 무탄소에너지 비중의 역할 분석",2025-01-01,"Public Sector","Think Tank","National Body; Research Centre; Policy Centre","South Korea",https://www.nkis.re.kr/subject_view1.do?otcCd=RO&otcNm=수시연구보고서&otpId=OTP_0000000000016122&otpSeq=0&eoSeq=391905&currentPage=1&searchSelect=&searchWord=&returnPage=newest_list.do&schLclaScsId=&pblYy=&agcNms=에너지경제연구원&listPerPage=50,https://app.overton.io/document.php?policy_document_id=keeikr-5a9806e7f421c1932d070608da9e4f78,
"The impact of increase in block pricing on electricity demand responsiveness: Evidence from Ghana",10.1016/j.energy.2023.129858,Energy,2024-02-01T00:00:00+00:00,1,https://doi.org/10.1016/j.energy.2023.129858,osinergmin,"Organismo Supervisor de la Inversión en Energía y Minería","Informe Mensual de Energía y Minería - Informes y publicaciones - Plataforma del Estado Peruano",2026-02-05,"Public Sector",Government,"National Body; Government Agency; Monitoring or Regulatory Body",Peru,https://www.gob.pe/institucion/osinergmin/informes-publicaciones/7703612-informe-mensual-de-energia-y-mineria,https://app.overton.io/document.php?policy_document_id=osinergmin-506813fd0c5c58cb4eb48e21c60c05a4,
"The potential of electrodialysis as a cost-effective alternative to reverse osmosis for brackish water desalination",10.1016/j.watres.2023.121009,"Water Research",2024-02-01T00:00:00+00:00,1,https://doi.org/10.1016/j.watres.2023.121009,gpogov,"Government Publishing Office (GPO)","Using parameter sweep in WaterTAP to analyze new water treatment technologies /",2024-09-18,"Public Sector",Government,"National Body; Mixed Roles; Public Service",USA,https://purl.fdlp.gov/GPO/gpo259557,https://app.overton.io/document.php?policy_document_id=gpogov-e2ab6fae53ea1afd833a33f09e13d39e,
"Techno-enviro-socio-economic design and finite set model predictive current control of a grid-connected large-scale hybrid solar/wind energy system: A case study of Sokhna Industrial Zone, Egypt",10.1016/j.energy.2023.129816,Energy,2024-02-01T00:00:00+00:00,2,https://doi.org/10.1016/j.energy.2023.129816,uncepal,"United Nations CEPAL","Promoción de una mayor seguridad y resiliencia energética a través de la transición y conectividad energética en Costa Rica",2025-11-19,"Public Sector",IGO,"International Body; Arm's Length Body; Commission; Top-Level Authority",IGO,https://hdl.handle.net/11362/83822,https://app.overton.io/document.php?policy_document_id=uncepal-62ce3d0489f826bdf1c494aec6335793,"King Fahd University of Petroleum and Minerals; Prince Sultan University"
"Techno-enviro-socio-economic design and finite set model predictive current control of a grid-connected large-scale hybrid solar/wind energy system: A case study of Sokhna Industrial Zone, Egypt",10.1016/j.energy.2023.129816,Energy,2024-02-01T00:00:00+00:00,2,https://doi.org/10.1016/j.energy.2023.129816,uncepal,"United Nations CEPAL","Promoción de una mayor seguridad y resiliencia energética a través de la transición y conectividad energética en Panamá",2025-11-19,"Public Sector",IGO,"International Body; Arm's Length Body; Commission; Top-Level Authority",IGO,https://hdl.handle.net/11362/83830,https://app.overton.io/document.php?policy_document_id=uncepal-dcc47d92c76a6afc51dcf74bbbfc3124,"King Fahd University of Petroleum and Minerals; Prince Sultan University"
"Data-driven model based adaptive feedback-feed forward control schemes for open cycle - OTEC process",10.1016/j.renene.2023.119765,"Renewable Energy",2024-02-01T00:00:00+00:00,1,https://doi.org/10.1016/j.renene.2023.119765,governmentofindia,"Government of India","पृथ्वी ववज्ञान मंत्रालय",2025-04-01,"Public Sector",Government,"National Body; Mixed Roles; Public Service",India,https://www.moes.gov.in/sites/default/files/2025-04/MoES-Publication-2024.pdf,https://app.overton.io/document.php?policy_document_id=governmentofindia-9e1ddb9aeca36771ad4741a8c872e48e,"National Institute of Ocean Technology, Ministry of Earth Sciences"
"Addressing energy challenges in Iraq: Forecasting power supply and demand using artificial intelligence models",10.1016/j.heliyon.2024.e25821,Heliyon,2024-02-01T00:00:00+00:00,1,https://doi.org/10.1016/j.heliyon.2024.e25821,europa,"Publications Office of the European Union","Studies and meetings on health emergency preparedness and response for HERA",2025-09-23,"Public Sector",Government,"International Body; Public Data Body or Statistics; Archive; Public Service",EU,https://op.europa.eu/en/publication-detail/-/publication/a1d7e4cb-98f7-11f0-97c8-01aa75ed71a1/language-en,https://app.overton.io/document.php?policy_document_id=europa-8ae420d183c3cde4a889d1089640d6fc,"Ministerio de Ciencia e Innovación"
"Winter demand falls as fuel bills rise: Understanding the energy impacts of the cost-of-living crisis on British households",10.1016/j.enbuild.2023.113869,"Energy and Buildings",2024-02-01T00:00:00+00:00,3,https://doi.org/10.1016/j.enbuild.2023.113869,govuk,"The UK Government","How to ensure a successful transition to heat pumps for households at risk of fuel poverty",2026-07-01,"Public Sector",Government,"National Body; Mixed Roles; Public Service",UK,https://www.gov.uk/government/publications/how-to-ensure-a-successful-transition-to-heat-pumps-for-households-at-risk-of-fuel-poverty,https://app.overton.io/document.php?policy_document_id=govuk-d09fc7d7f939cfdb4b79264ebb48370c,"Engineering and Physical Sciences Research Council"
"Winter demand falls as fuel bills rise: Understanding the energy impacts of the cost-of-living crisis on British households",10.1016/j.enbuild.2023.113869,"Energy and Buildings",2024-02-01T00:00:00+00:00,3,https://doi.org/10.1016/j.enbuild.2023.113869,phwwhocc,"Public Health Wales World Health Organisation Collaborating Centre on Investment for Health and Well-being","Keeping warm at home during winter in Wales: Differences in heating behaviours, coping strategies, and wellbeing from 2022 to 2023",2024-03-28,"Public Sector",Government,"Healthcare Service, Body or Agency",UK,https://phwwhocc.co.uk/resources/keeping-warm-at-home-during-winter-in-wales-differences-in-heating-behaviours-coping-strategies-and-wellbeing-from-2022-to-2023/,https://app.overton.io/document.php?policy_document_id=phwwhocc-8ee222bb63bce08a8056bcceaccf14dc,"Engineering and Physical Sciences Research Council"
"Winter demand falls as fuel bills rise: Understanding the energy impacts of the cost-of-living crisis on British households",10.1016/j.enbuild.2023.113869,"Energy and Buildings",2024-02-01T00:00:00+00:00,3,https://doi.org/10.1016/j.enbuild.2023.113869,socialmarketfoundation,"Social Market Foundation","Refreshing water tariffs: How to balance reducing demand and maintaining affordability for households",2025-05-22,"Third Sector","Think Tank","Research Centre; Foundation or Charity; Policy Centre",UK,https://www.smf.co.uk/publications/refreshing-water-tariffs/,https://app.overton.io/document.php?policy_document_id=socialmarketfoundation-0adb3b1bde4fe4c854b9a408d2613eec,"Engineering and Physical Sciences Research Council"
"Biomass yield potential on U.S. marginal land and its contribution to reach net‐zero emission",10.1111/gcbb.13128,"GCB Bioenergy",2024-01-18T00:00:00+00:00,2,https://doi.org/10.1111/gcbb.13128,fao,"Food and Agriculture Organization of the United Nations","Update on scientific findings on the interactions between agriculture, food systems and climate change",2025-01-01,"Public Sector",IGO,"International Body; IGO Department or Agency; Food and Drug Safety; Healthcare Service, Body or Agency",IGO,https://openknowledge.fao.org/handle/20.500.14283/cd6901en,https://app.overton.io/document.php?policy_document_id=fao-36ea3ebbacf412828fff35851424abab,
"Biomass yield potential on U.S. marginal land and its contribution to reach net‐zero emission",10.1111/gcbb.13128,"GCB Bioenergy",2024-01-18T00:00:00+00:00,2,https://doi.org/10.1111/gcbb.13128,jointresearcheu,"Joint Research Centre","Guidance on negative emissions for cities",2026-04-08,"Public Sector",Government,"International Body; IGO Department or Agency; Research Centre; Policy Centre; Commission",EU,https://publications.jrc.ec.europa.eu/repository/handle/JRC145723,https://app.overton.io/document.php?policy_document_id=jointresearcheu-5efe89978d90da839b9e77daec6689ef,
"Towards Efficient Battery Electric Bus Operations: A Novel Energy Forecasting Framework",10.3390/wevj15010027,"World Electric Vehicle Journal",2024-01-12T00:00:00+00:00,2,https://doi.org/10.3390/wevj15010027,governmentofjordan,"Government of Jordan","خارطة الطريق للنقل المستدام في قطاع السياحة في الأردن",2026-02-25,"Public Sector",Government,"National Body; Mixed Roles; Public Service",Jordan,https://www.moenv.gov.jo/ebv4.0/root_storage/ar/eb_list_page/gggi_roadmap_jordan_tourism_ar_final_(2).pdf,https://app.overton.io/document.php?policy_document_id=governmentofjordan-de6e3141c86f7c04b1255dc7cbfa57bf,
"Towards Efficient Battery Electric Bus Operations: A Novel Energy Forecasting Framework",10.3390/wevj15010027,"World Electric Vehicle Journal",2024-01-12T00:00:00+00:00,2,https://doi.org/10.3390/wevj15010027,governmentofjordan,"Government of Jordan","خارطة الطريق للنقل المستدام في قطاع السياحة في الأردن",2026-02-25,"Public Sector",Government,"National Body; Mixed Roles; Public Service",Jordan,https://moenv.gov.jo/ebv4.0/root_storage/ar/eb_list_page/gggi_roadmap_jordan_tourism_ar_final_(2).pdf,https://app.overton.io/document.php?policy_document_id=governmentofjordan-eba6584406d7b2fb14ed3f68a6d83baf,
"Digital Twin of Microgrid for Predictive Power Control to Buildings",10.3390/su16020482,Sustainability,2024-01-05T00:00:00+00:00,1,https://doi.org/10.3390/su16020482,iecch,"International Electrotechnical Commission (IEC)","The application of AI and big data in power systems",2026-06-09,"Third Sector","Think Tank","Monitoring or Regulatory Body; International Body; Professional Network, Association, Union or Cooperative; Research Centre; Policy Centre",Switzerland,https://www.prd.iec.ch/basecamp/application-ai-and-big-data-power-systems,https://app.overton.io/document.php?policy_document_id=iecch-ea410c14d0a8ad034f128b310a2095ea,
"Economics of renewable hydrogen production using wind and solar energy: A case study for Queensland, Australia",10.1016/j.jclepro.2023.140476,"Journal of Cleaner Production",2024-01-01T00:00:00+00:00,1,https://doi.org/10.1016/j.jclepro.2023.140476,wuppertal,"Wuppertal Institut","Implementation factors for green hydrogen projects : a systematic literature review",2025-09-17,"Third Sector","Think Tank","Research Centre; Policy Centre",Germany,https://epub.wupperinst.org/frontdoor/index/index/searchtype/all/docId/8871,https://app.overton.io/document.php?policy_document_id=wuppertal-e5e756726ce1935962aefdbccee68004,
"Smart Energy Management System Using Machine Learning",10.32604/cmc.2023.032216,"Computers, Materials & Continua",2024-01-01T00:00:00+00:00,1,https://doi.org/10.32604/cmc.2023.032216,aneelbr,"Agência Nacional de Energia Elétrica","Bibliografia temática : inteligência artificial no Setor Elétrico",2025-07-30,"Public Sector",Government,"Monitoring or Regulatory Body",Brazil,https://biblioteca.aneel.gov.br/acervo/detalhe/250354,https://app.overton.io/document.php?policy_document_id=aneelbr-be6ff478152cd76f5c19b3d4f2415df2,
"Future electricity production at Mutriku Wave Energy Plant estimated from CMIP6 wave climate projections (2015–2100)",10.1016/j.oceaneng.2023.116624,"Ocean Engineering",2024-01-01T00:00:00+00:00,1,https://doi.org/10.1016/j.oceaneng.2023.116624,elcano,"Elcano Royal Institute","Análisis del impacto del cambio climático en los recursos de energía renovable eólica y undimotriz: panorama mundial y regional",2024-11-28,"Third Sector","Think Tank","Research Centre; Policy Centre",Spain,https://www.realinstitutoelcano.org/analisis/analisis-del-impacto-del-cambio-climatico-en-los-recursos-de-energia-renovable-eolica-y-undimotriz-panorama-mundial-y-regional/,https://app.overton.io/document.php?policy_document_id=elcano-ec2fb72a1e9d901eca2287e1ce0de8b6,"Agencia Estatal de Investigación; European Commission; European Geriatric Medicine Society; Euskal Herriko Unibertsitatea; Ministerio de Ciencia e Innovación; Ministerio de Ciencia, Innovación y Universidades"
"Achievable load shifting potentials for the European residential sector from 2022–2050",10.1016/j.rser.2023.113959,"Renewable and Sustainable Energy Reviews",2024-01-01T00:00:00+00:00,1,https://doi.org/10.1016/j.rser.2023.113959,europa,"Publications Office of the European Union",JRC-IDEES-2023,2026-01-14,"Public Sector",Government,"International Body; Public Data Body or Statistics; Archive; Public Service",EU,https://op.europa.eu/en/publication-detail/-/publication/6d2bdabc-f288-11f0-8d3c-01aa75ed71a1/language-en,https://app.overton.io/document.php?policy_document_id=europa-9ae6c4e409797dca32b7af7028649391,
"A new framework for electricity price forecasting via multi-head self-attention and CNN-based techniques in the competitive electricity market",10.1016/j.eswa.2023.121207,"Expert Systems with Applications",2024-01-01T00:00:00+00:00,2,https://doi.org/10.1016/j.eswa.2023.121207,iadb,"Inter-American Development Bank","Lia dans les infrastructures: défis et opportunités dans le contexte de lAmérique Latine et des Caraïbes",2024-01-01,"Public Sector",IGO,"International Body; Financial Institution or Bank; Development Bank; Policy Centre",IGO,https://publications.iadb.org/fr/lia-dans-les-infrastructures-defis-et-opportunites-dans-le-contexte-de-lamerique-latine-et-des,https://app.overton.io/document.php?policy_document_id=iadb-69223ad18d8043a83263209bec33bae0,"HORIZON EUROPE Framework Programme; Ministry of Education and Science of the Russian Federation; Ministry of Science and Higher Education of the Russian Federation"
"A new framework for electricity price forecasting via multi-head self-attention and CNN-based techniques in the competitive electricity market",10.1016/j.eswa.2023.121207,"Expert Systems with Applications",2024-01-01T00:00:00+00:00,2,https://doi.org/10.1016/j.eswa.2023.121207,iadb,"Inter-American Development Bank","IA desde los cimientos: desafíos y oportunidades en el contexto de América Latina y el Caribe",2024-12-01,"Public Sector",IGO,"International Body; Financial Institution or Bank; Development Bank; Policy Centre",IGO,https://publications.iadb.org/es/ia-desde-los-cimientos-desafios-y-oportunidades-en-el-contexto-de-america-latina-y-el-caribe,https://app.overton.io/document.php?policy_document_id=iadb-75ee0cd2fc332c4418d1f8f1e80591a3,"HORIZON EUROPE Framework Programme; Ministry of Education and Science of the Russian Federation; Ministry of Science and Higher Education of the Russian Federation"
"Energy-efficient joint UAV secure communication and 3D trajectory optimization assisted by reconfigurable intelligent surfaces in the presence of eavesdroppers",10.1016/j.dt.2022.12.010,"Defence Technology",2024-01-01T00:00:00+00:00,2,https://doi.org/10.1016/j.dt.2022.12.010,jointresearcheu,"Joint Research Centre","Horizon scanning on emerging privacy enhancement technologies",2026-09-08,"Public Sector",Government,"International Body; IGO Department or Agency; Research Centre; Policy Centre; Commission",EU,https://publications.jrc.ec.europa.eu/repository/handle/JRC143326,https://app.overton.io/document.php?policy_document_id=jointresearcheu-2db6637065d49772491ec1644aff001b,"Australian Government; Multidisciplinary University Research Initiative; Office of Naval Research"
"Energy-efficient joint UAV secure communication and 3D trajectory optimization assisted by reconfigurable intelligent surfaces in the presence of eavesdroppers",10.1016/j.dt.2022.12.010,"Defence Technology",2024-01-01T00:00:00+00:00,2,https://doi.org/10.1016/j.dt.2022.12.010,jointresearcheu,"Joint Research Centre","Emerging risks and opportunities for EU internal security stemming from new technologies","an unknown date","Public Sector",Government,"International Body; IGO Department or Agency; Research Centre; Policy Centre; Commission",EU,https://publications.jrc.ec.europa.eu/repository/handle/JRC139674,https://app.overton.io/document.php?policy_document_id=jointresearcheu-691b7d4855cf2fe4655b7adb46a72422,"Australian Government; Multidisciplinary University Research Initiative; Office of Naval Research"
"Long-term electricity demand forecasting under low-carbon energy transition: Based on the bidirectional feedback between power demand and generation mix",10.1016/j.energy.2023.129435,Energy,2024-01-01T00:00:00+00:00,2,https://doi.org/10.1016/j.energy.2023.129435,environmentnz,"Ministry for the Environment","New Zealand's Fifth Biennial Report",2022-12-14,"Public Sector",Government,"National Body; Government Department","New Zealand",https://environment.govt.nz/publications/new-zealands-fifth-biennial-report/,https://app.overton.io/document.php?policy_document_id=environmentnz-d84c389f90e589882336b29aefb1d035,"Ministry of Science and Technology of the People's Republic of China; National Key Research and Development Program of China"
"Long-term electricity demand forecasting under low-carbon energy transition: Based on the bidirectional feedback between power demand and generation mix",10.1016/j.energy.2023.129435,Energy,2024-01-01T00:00:00+00:00,2,https://doi.org/10.1016/j.energy.2023.129435,unfccc,"United Nations Framework Convention on Climate Change","New Zealand. Biennial Reports (BR). BR 5.",2022-12-22,"Public Sector",IGO,"International Body; Arm's Length Body; Initiative, Programme or Project; Monitoring or Regulatory Body",IGO,https://unfccc.int/documents/624723,https://app.overton.io/document.php?policy_document_id=unfccc-20d255b608a40301b4dda3efa844ee59,"Ministry of Science and Technology of the People's Republic of China; National Key Research and Development Program of China"
"Zero-Value Filtering for Accelerating Non-Profiled Side-Channel Attack on Incomplete NTT-Based Implementations of Lattice-Based Cryptography",10.1109/tifs.2024.3359890,"IEEE Transactions on Information Forensics and Security",2024-01-01T00:00:00+00:00,1,https://doi.org/10.1109/tifs.2024.3359890,jointresearcheu,"Joint Research Centre","Emerging risks and opportunities for EU internal security stemming from new technologies","an unknown date","Public Sector",Government,"International Body; IGO Department or Agency; Research Centre; Policy Centre; Commission",EU,https://publications.jrc.ec.europa.eu/repository/handle/JRC139674,https://app.overton.io/document.php?policy_document_id=jointresearcheu-691b7d4855cf2fe4655b7adb46a72422,"HORIZON EUROPE Widening participation and spreading excellence; Türkiye Bilimsel ve Teknolojik Araştırma Kurumu"
"Mitigating the Impact of Photovoltaic Power Ramps on Intraday Economic Dispatch Using Reinforcement Forecasting",10.1109/tste.2023.3261444,"IEEE Transactions on Sustainable Energy",2024-01-01T00:00:00+00:00,1,https://doi.org/10.1109/tste.2023.3261444,worldbank,"World Bank","The Economic Value of Weather Forecasts: A Quantitative Systematic Literature Review",2025-09-10,"Public Sector",IGO,"International Body; Financial Institution or Bank; Development Bank; Policy Centre",IGO,https://hdl.handle.net/10986/43709,https://app.overton.io/document.php?policy_document_id=worldbank-166063645993671adff0f4de1d9140a7,"National Natural Science Foundation of China"
"Impacts of Connected and Automated Vehicles on Travel Demand and Emissions in California",10.1177/03611981231186984,"Transportation Research Record: Journal of the Transportation Research Board",2023-08-22T00:00:00+00:00,2,https://doi.org/10.1177/03611981231186984,california_state_agencies,"State of California","Automated and Autonomous Vehicles",2025-08-24,"Public Sector",Government,"Regional or State Level Body; Mixed Roles; Public Service",USA,https://ww2.arb.ca.gov/sites/default/files/2025-09/AVs%20-%202025%20Policy%20Brief.pdf,https://app.overton.io/document.php?policy_document_id=california_state_agencies-f80a16a9a7c7cff8a291c98e166a2ec3,
"Impacts of Connected and Automated Vehicles on Travel Demand and Emissions in California",10.1177/03611981231186984,"Transportation Research Record: Journal of the Transportation Research Board",2023-08-22T00:00:00+00:00,2,https://doi.org/10.1177/03611981231186984,uditsusa,"UC Davis Institute of Transportation Studies","Automated and Autonomous Vehicles",2025-04-01,"Third Sector","Think Tank","Research Centre",USA,https://escholarship.org/uc/item/3302s4j4,https://app.overton.io/document.php?policy_document_id=uditsusa-649a5e742b88b4af6caabf6a1f88f0bd,
"Experimental investigation of a monitoring model for dust deposition on solar photovoltaic modules",10.1080/15435075.2023.2202739,"International Journal of Green Energy",2023-04-24T00:00:00+00:00,1,https://doi.org/10.1080/15435075.2023.2202739,cdc,"Centers for Disease Control and Prevention (CDC)","An Investigation into the Impact of Simplified Lung Airway Models on Respirable Dust Particle Deposition Using CFD and Wind Tunnel Testing",2024-01-01,"Public Sector",Government,"National Body; Government Agency; Healthcare Service, Body or Agency; Monitoring or Regulatory Body",USA,https://stacks.cdc.gov/view/cdc/208446,https://app.overton.io/document.php?policy_document_id=cdc-55cdf37b82faaf7ee56cd613c0b8f24c,
"Assessing the energy storage potential of electric hot water cylinders with stochastic model-based control",10.1080/03036758.2023.2197241,"Journal of the Royal Society of New Zealand",2023-04-05T00:00:00+00:00,1,https://doi.org/10.1080/03036758.2023.2197241,branz,"The Building Research Association of New Zealand","Pathways to net-zero residential buildings and urban communities in New Zealand",2025-08-10,"Third Sector","Think Tank","Professional Network, Association, Union or Cooperative; Research Centre","New Zealand",https://www.branz.co.nz/pubs/research-reports/er119/,https://app.overton.io/document.php?policy_document_id=branz-0b124b1f176d1c2147d6709a2fbf6b74,
"Households’ willingness to adopt solar energy for business use in Uganda",10.1108/ijesm-08-2022-0001,"International Journal of Energy Sector Management",2023-01-19T00:00:00+00:00,1,https://doi.org/10.1108/ijesm-08-2022-0001,cgiar,CGIAR,"Creating an enabling environment for solar irrigation ownership in Nigeria",2025-11-04,"Third Sector","Think Tank","Research Centre; Initiative, Programme or Project; Policy Centre; Professional Network, Association, Union or Cooperative",France,https://hdl.handle.net/10568/177551,https://app.overton.io/document.php?policy_document_id=cgiar-2a5b4683e4d573a657d7bc56c650e9b7,
"Blackout and supply chains: Cross-structural ripple effect, performance, resilience and viability impact analysis",10.1007/s10479-022-04754-9,"Annals of Operations Research",2022-06-03T00:00:00+00:00,1,https://doi.org/10.1007/s10479-022-04754-9,jointresearcheu,"Joint Research Centre","Literature review on the stress tests developed and applied in non-food supply chains",2025-01-28,"Public Sector",Government,"International Body; IGO Department or Agency; Research Centre; Policy Centre; Commission",EU,https://publications.jrc.ec.europa.eu/repository/handle/JRC139968,https://app.overton.io/document.php?policy_document_id=jointresearcheu-3c12e004496480c760a96a70278cff7d,
"Letting the Gini out of the fuel poverty bottle? Correlating cold homes and income inequality in European Union countries",10.1016/j.erss.2019.101255,"Energy Research & Social Science",2019-12-01T00:00:00+00:00,6,https://doi.org/10.1016/j.erss.2019.101255,easacbe,EASAC,"Decarbonisation of buildings: for climate, health and jobs",2021-06-03,"Public Sector",IGO,"International Body; Arm's Length Body; Learned Society; Professional Network, Association, Union or Cooperative; Initiative, Programme or Project",Belgium,https://easac.eu/publications/details/decarbonisation-of-buildings-for-climate-health-and-jobs/,https://app.overton.io/document.php?policy_document_id=easacbe-05c2d947e4a188f8428820aa3da94672,
"Letting the Gini out of the fuel poverty bottle? Correlating cold homes and income inequality in European Union countries",10.1016/j.erss.2019.101255,"Energy Research & Social Science",2019-12-01T00:00:00+00:00,6,https://doi.org/10.1016/j.erss.2019.101255,interacademies,IAP,"Decarbonisation of buildings: for climate, health and jobs",2021-05-27,"Public Sector",Government,"International Body; Arm's Length Body; Professional Network, Association, Union or Cooperative; Initiative, Programme or Project; Learned Society",Italy,https://www.interacademies.org/publication/decarbonisation-buildings-climate-health-and-jobs,https://app.overton.io/document.php?policy_document_id=interacademies-e3d2519226b0ffacbcd82dccf0f2dba7,
"Letting the Gini out of the fuel poverty bottle? Correlating cold homes and income inequality in European Union countries",10.1016/j.erss.2019.101255,"Energy Research & Social Science",2019-12-01T00:00:00+00:00,6,https://doi.org/10.1016/j.erss.2019.101255,royalirishacademy,"Royal Irish Academy","Decarbonisation of buildings: for climate, health and jobs",2021-06-02,"Public Sector",Government,"National Body; Arm's Length Body; Learned Society",Ireland,https://www.ria.ie/assets/uploads/2024/06/easac-decarbonisation-of-buidlings-report.pdf,https://app.overton.io/document.php?policy_document_id=royalirishacademy-30b29e627271d731d060d20cf0b85648,
"Letting the Gini out of the fuel poverty bottle? Correlating cold homes and income inequality in European Union countries",10.1016/j.erss.2019.101255,"Energy Research & Social Science",2019-12-01T00:00:00+00:00,6,https://doi.org/10.1016/j.erss.2019.101255,sambe,"Scientific Advice Mechanism","Evidence review report - Strategic crisis management in the EU",2022-11-22,"Public Sector",IGO,"IGO Department or Agency",Belgium,https://zenodo.org/record/7370960/files/report%201.1.pdf,https://app.overton.io/document.php?policy_document_id=sambe-dc26ab767cdfcc2cbf72f0788d955bd7,
"Letting the Gini out of the fuel poverty bottle? Correlating cold homes and income inequality in European Union countries",10.1016/j.erss.2019.101255,"Energy Research & Social Science",2019-12-01T00:00:00+00:00,6,https://doi.org/10.1016/j.erss.2019.101255,sapeaeu,SAPEA,"Strategic crisis management in the EU",2022-12-13,"Public Sector",Government,"International Body; Arm's Length Body; Commission; Professional Network, Association, Union or Cooperative",EU,https://www.sapea.info/topic/crisis-management/,https://app.overton.io/document.php?policy_document_id=sapeaeu-dddb632a49351b0d3d541bb7c7f0b3ea,
"Letting the Gini out of the fuel poverty bottle? Correlating cold homes and income inequality in European Union countries",10.1016/j.erss.2019.101255,"Energy Research & Social Science",2019-12-01T00:00:00+00:00,6,https://doi.org/10.1016/j.erss.2019.101255,weforum,"World Economic Forum","Energy Transition Index 2020: from crisis to rebound",2020-05-13,"Third Sector",NGO,"Policy Centre; Research Centre; Monitoring or Regulatory Body",IGO,https://www.weforum.org/publications/fostering-effective-energy-transition-2020/,https://app.overton.io/document.php?policy_document_id=weforum-fc6c086a7ee2673f2287409afe40b31c,
"Verification of solar irradiance probabilistic forecasts",10.1016/j.solener.2019.10.041,"Solar Energy",2019-12-01T00:00:00+00:00,3,https://doi.org/10.1016/j.solener.2019.10.041,cordisbe,CORDIS,"Energy Oriented Center of Excellence : toward exascale for energy",2023-02-26,"Public Sector",Government,"Public Data Body or Statistics; Archive; Public Service; Mixed Roles",EU,https://ec.europa.eu/research/participants/documents/downloadPublic?documentIds=080166e5f17c10f0&appId=PPGMS,https://app.overton.io/document.php?policy_document_id=cordisbe-d8b8a33e593b2b3dc59b5bb9b09e7e51,
"Verification of solar irradiance probabilistic forecasts",10.1016/j.solener.2019.10.041,"Solar Energy",2019-12-01T00:00:00+00:00,3,https://doi.org/10.1016/j.solener.2019.10.041,gpogov,"Government Publishing Office (GPO)","Best practices handbook for the collection and use of solar resource data for solar energy applications /",2021-04-27,"Public Sector",Government,"National Body; Mixed Roles; Public Service",USA,https://purl.fdlp.gov/GPO/gpo159181,https://app.overton.io/document.php?policy_document_id=gpogov-3c313ec9895cd781318e1be3383c1e3a,
"Verification of solar irradiance probabilistic forecasts",10.1016/j.solener.2019.10.041,"Solar Energy",2019-12-01T00:00:00+00:00,3,https://doi.org/10.1016/j.solener.2019.10.041,nrelosti,"National Renewable Energy Laboratory","Best Practices Handbook for the Collection and Use of Solar Resource Data for Solar Energy Applications: Third Edition",2021-04-14,"Public Sector",Government,"National Body; Arm's Length Body; Research Centre; Policy Centre",USA,https://www.osti.gov/biblio/1778700,https://app.overton.io/document.php?policy_document_id=nrelosti-781e1d9d807aeaeb96ec69e429eec984,
"Study of future power interconnection scheme in ASEAN",10.1016/j.gloei.2020.01.009,"Global Energy Interconnection",2019-12-01T00:00:00+00:00,3,https://doi.org/10.1016/j.gloei.2020.01.009,asiandevelopmentbank,"Asian Development Bank","Transforming ASEAN for Sustainability: The Role of Regional Integration in Advancing ASEAN’s Green Transition",2025-06-04,"Public Sector",IGO,"International Body; Financial Institution or Bank; Development Bank",IGO,https://www.adb.org/publications/transforming-asean-for-sustainability-the-role-of-regional-integration-in-advancing-asean-s-green-transition,https://app.overton.io/document.php?policy_document_id=asiandevelopmentbank-5dcade04bb8bfc66972427e529f32655,
"Study of future power interconnection scheme in ASEAN",10.1016/j.gloei.2020.01.009,"Global Energy Interconnection",2019-12-01T00:00:00+00:00,3,https://doi.org/10.1016/j.gloei.2020.01.009,unescap,"United Nations ESCAP","Regional Trends Report 2022 - Toward Sustainable Energy Connecivity in Asia and the Pacific: Status, Trends, and Opportunities",2022-09-22,"Public Sector",IGO,"International Body; Arm's Length Body; Commission",IGO,https://www.unescap.org/kp/2022/regional-trends-report-2022-toward-sustainable-energy-connecivity-asia-and-pacific-status,https://app.overton.io/document.php?policy_document_id=unescap-0e9829aa7a088559dad93a9e2c19c950,
"Study of future power interconnection scheme in ASEAN",10.1016/j.gloei.2020.01.009,"Global Energy Interconnection",2019-12-01T00:00:00+00:00,3,https://doi.org/10.1016/j.gloei.2020.01.009,unescap,"United Nations ESCAP","Toward sustainable energy connecivity in Asia and the Pacific : status, trends, and opportunities",2022-09-22,"Public Sector",IGO,"International Body; Arm's Length Body; Commission",IGO,https://www.unescap.org/kp/2022/toward-sustainable-energy-connecivity-asia-and-pacific-status-trends-and-opportunities,https://app.overton.io/document.php?policy_document_id=unescap-29b58da45da66185de4240a4bc0ee806,
"One for all? – The impact of different types of energy feedback and goal setting on individuals’ motivation to conserve electricity",10.1016/j.enpol.2019.110992,"Energy Policy",2019-12-01T00:00:00+00:00,3,https://doi.org/10.1016/j.enpol.2019.110992,adelphi,Adelphi,"Mit Suffizienz zur Energiewende",2022-11-21,"Third Sector","Think Tank","Research Centre; Policy Centre",Germany,https://www.adelphi.de/en/publication/mit-suffizienz-zur-energiewende,https://app.overton.io/document.php?policy_document_id=adelphi-b2fb0669644b739d4a598aec69320037,
"One for all? – The impact of different types of energy feedback and goal setting on individuals’ motivation to conserve electricity",10.1016/j.enpol.2019.110992,"Energy Policy",2019-12-01T00:00:00+00:00,3,https://doi.org/10.1016/j.enpol.2019.110992,epaireland,"Irish Environmental Protection Agency","Gap Analysis on Behavioural Research Related to Climate Policy and Interventions",2025-07-08,"Public Sector",Government,"National Body; Government Agency; Research Centre; Policy Centre; Monitoring or Regulatory Body",Ireland,https://www.epa.ie/publications/monitoring--assessment/climate-change/EPA-BI-Series-No-2-(2024)-Gap-Analysis-on-Behavioural-Research-Related-to-Climate-Policy-and-Interventions-(V2).pdf,https://app.overton.io/document.php?policy_document_id=epaireland-c545c20970ccfb90438c651540301334,
"One for all? – The impact of different types of energy feedback and goal setting on individuals’ motivation to conserve electricity",10.1016/j.enpol.2019.110992,"Energy Policy",2019-12-01T00:00:00+00:00,3,https://doi.org/10.1016/j.enpol.2019.110992,fraunhoferiside,"Fraunhofer ISI","How much are individuals willing to pay to offset their carbon footprint? The role of information disclosure and social norms",2022-08-25,"Public Sector","Think Tank","Research Centre; Policy Centre",Germany,https://www.isi.fraunhofer.de/content/dam/isi/dokumente/sustainability-innovation/2022/WP10-2022_Carbon_Footprint.pdf,https://app.overton.io/document.php?policy_document_id=fraunhoferiside-a483d1f8c9b1d5c07774e4c22eccca39,
"Energy saving estimation for plug and lighting load using occupancy analysis",10.1016/j.renene.2019.05.089,"Renewable Energy",2019-12-01T00:00:00+00:00,3,https://doi.org/10.1016/j.renene.2019.05.089,easacbe,EASAC,"Decarbonisation of buildings: for climate, health and jobs",2021-06-03,"Public Sector",IGO,"International Body; Arm's Length Body; Learned Society; Professional Network, Association, Union or Cooperative; Initiative, Programme or Project",Belgium,https://easac.eu/publications/details/decarbonisation-of-buildings-for-climate-health-and-jobs/,https://app.overton.io/document.php?policy_document_id=easacbe-05c2d947e4a188f8428820aa3da94672,"Institutional Review Board with NUS-IRB; National University of Singapore; National University of Singapore"
"Energy saving estimation for plug and lighting load using occupancy analysis",10.1016/j.renene.2019.05.089,"Renewable Energy",2019-12-01T00:00:00+00:00,3,https://doi.org/10.1016/j.renene.2019.05.089,interacademies,IAP,"Decarbonisation of buildings: for climate, health and jobs",2021-05-27,"Public Sector",Government,"International Body; Arm's Length Body; Professional Network, Association, Union or Cooperative; Initiative, Programme or Project; Learned Society",Italy,https://www.interacademies.org/publication/decarbonisation-buildings-climate-health-and-jobs,https://app.overton.io/document.php?policy_document_id=interacademies-e3d2519226b0ffacbcd82dccf0f2dba7,"Institutional Review Board with NUS-IRB; National University of Singapore; National University of Singapore"
"Energy saving estimation for plug and lighting load using occupancy analysis",10.1016/j.renene.2019.05.089,"Renewable Energy",2019-12-01T00:00:00+00:00,3,https://doi.org/10.1016/j.renene.2019.05.089,royalirishacademy,"Royal Irish Academy","Decarbonisation of buildings: for climate, health and jobs",2021-06-02,"Public Sector",Government,"National Body; Arm's Length Body; Learned Society",Ireland,https://www.ria.ie/assets/uploads/2024/06/easac-decarbonisation-of-buidlings-report.pdf,https://app.overton.io/document.php?policy_document_id=royalirishacademy-30b29e627271d731d060d20cf0b85648,"Institutional Review Board with NUS-IRB; National University of Singapore; National University of Singapore"
"Seasonal forecasts of wind power generation",10.1016/j.renene.2019.04.135,"Renewable Energy",2019-12-01T00:00:00+00:00,2,https://doi.org/10.1016/j.renene.2019.04.135,rijksoverheid,Rijksoverheid,"Monitor concept-Regionale Energiestrategieën",2021-03-08,"Public Sector",Government,"National Body; Mixed Roles; Public Service",Netherlands,https://www.rijksoverheid.nl/documenten/rapporten/2021/03/08/monitor-concept-regionale-energiestrategieen,https://app.overton.io/document.php?policy_document_id=rijksoverheid-23435b4190b52965bd1632d667b6b508,"CLIM4ENERGY; DOC Office of the Secretary; Danish Energy Agency EUDP 11-II; Energistyrelsen; Energiteknologisk udviklings- og demonstrationsprogram; H2020 ERA-net ERA4CS; H2020 project; H2020_REST (Special project, May 2022); H2020_REST_ThirdPillar (Special project, May 2022); Horizon 2020 Framework Programme; Ministerio de Ciencia e Innovación; Ministerio de Ciencia, Innovación y Universidades; Ministerio de Ciencia, Innovación y Universidades; NOAA; National Oceanic and Atmospheric Administration; University of Exeter"
"Seasonal forecasts of wind power generation",10.1016/j.renene.2019.04.135,"Renewable Energy",2019-12-01T00:00:00+00:00,2,https://doi.org/10.1016/j.renene.2019.04.135,rijksoverheid,Rijksoverheid,"Monitor concept-Regionale Energiestrategieën",2021-01-29,"Public Sector",Government,"National Body; Mixed Roles; Public Service",Netherlands,https://open.overheid.nl/documenten/ronl-fa829e30-3437-466b-94d2-9c081f4a0291,https://app.overton.io/document.php?policy_document_id=rijksoverheid-3aba925fe5b4fb95ec12acbdccb23855,"CLIM4ENERGY; DOC Office of the Secretary; Danish Energy Agency EUDP 11-II; Energistyrelsen; Energiteknologisk udviklings- og demonstrationsprogram; H2020 ERA-net ERA4CS; H2020 project; H2020_REST (Special project, May 2022); H2020_REST_ThirdPillar (Special project, May 2022); Horizon 2020 Framework Programme; Ministerio de Ciencia e Innovación; Ministerio de Ciencia, Innovación y Universidades; Ministerio de Ciencia, Innovación y Universidades; NOAA; National Oceanic and Atmospheric Administration; University of Exeter"
"A global assessment of street-network sprawl",10.1371/journal.pone.0223078,"PLOS ONE",2019-11-26T00:00:00+00:00,1,https://doi.org/10.1371/journal.pone.0223078,weforum,"World Economic Forum","Major Green Technologies and Implementation Mechanisms in Chinese Cities",2020-07-15,"Third Sector",NGO,"Policy Centre; Research Centre; Monitoring or Regulatory Body",IGO,https://www.weforum.org/whitepapers/major-green-technologies-and-implementation-mechanisms-in-chinese-cities,https://app.overton.io/document.php?policy_document_id=weforum-14821fa188438ef8110cee9e4d3a1ec8,"Government of Canada; Hellman Fellows Program; Oak Ridge National Laboratory; SSHRC (Special project, May 2022); Social Sciences and Humanities Research Council of Canada; Social Sciences and Humanities Research Council of Canada; University of California, Santa Cruz; University of California, Santa Cruz"
"Characterizing the Energy-Saving Behaviors, Attitudes and Awareness of University Students in Macau",10.3390/su11226341,Sustainability,2019-11-12T00:00:00+00:00,1,https://doi.org/10.3390/su11226341,econrsa,"Economic Research Southern Africa","Relationship between education and households’ electricity-saving behaviour in South Africa: A multilevel logistic analysis",2021-01-13,"Third Sector","Think Tank","Research Centre; Policy Centre","South Africa",https://econrsa.org/publications/relationship-between-education-and-households-electricity-saving-behaviour-in-south-africa-a-multilevel-logistic-analysis/,https://app.overton.io/document.php?policy_document_id=econrsa-d00106263b1937f322596aba0ddd587c,"Fundação de Amparo à Ciência e Tecnologia do Estado de Pernambuco"
"The Use of Probabilistic Forecasts: Applying Them in Theory and Practice",10.1109/mpe.2019.2932639,"IEEE Power and Energy Magazine",2019-11-01T00:00:00+00:00,1,https://doi.org/10.1109/mpe.2019.2932639,iecch,"International Electrotechnical Commission (IEC)","Smart sensing for future power grids",2024-01-19,"Third Sector","Think Tank","Monitoring or Regulatory Body; International Body; Professional Network, Association, Union or Cooperative; Research Centre; Policy Centre",Switzerland,https://www.prd.iec.ch/basecamp/smart-sensing-future-power-grids,https://app.overton.io/document.php?policy_document_id=iecch-62402f7f813717792ccf9175d73a6007,
"Predictive models for airtightness in social housing in a Mediterranean region",10.1016/j.scs.2019.101695,"Sustainable Cities and Society",2019-11-01T00:00:00+00:00,1,https://doi.org/10.1016/j.scs.2019.101695,stateofextremadura,"Junta de Extremadura","Monitorización y evaluación de la habitabilidad, calidad del aire y eficiencia energética de los edificios",2020-11-18,"Public Sector",Government,"Regional or State Level Body; Mixed Roles; Public Service",Spain,http://www.edeacice.juntaex.es/wp-content/uploads/2021/03/RED_MONITOR-2.pdf,https://app.overton.io/document.php?policy_document_id=stateofextremadura-fc657f7150522663ee4c9d8ca4df4163,
"Analysis and projection of energy consumption in Ecuador: Energy efficiency policies in the transportation sector",10.1016/j.enpol.2019.110948,"Energy Policy",2019-11-01T00:00:00+00:00,1,https://doi.org/10.1016/j.enpol.2019.110948,grupofaro,"Grupo FARO","Punto de vista - Hidrocarburos en Latinoamérica: retos para superar la dependencia",2021-05-13,"Third Sector","Think Tank","Research Centre; Policy Centre",Ecuador,https://grupofaro.org/portfolio/revista-punto-de-vista-i-hidrocarburos-en-latinoamerica-retos-para-superar-la-dependencia/,https://app.overton.io/document.php?policy_document_id=grupofaro-eeec008e03a508cc6222d5f0cc1ec33f,"CAPES; Coordenação de Aperfeiçoamento de Pessoal de Nível Superior"
"Sustainable renewable energy planning and wind farming optimization from a biodiversity perspective",10.1016/j.energy.2019.07.147,Energy,2019-10-01T00:00:00+00:00,3,https://doi.org/10.1016/j.energy.2019.07.147,iucn,"International Union for Conservation of Nature","Planificación espacial para desarrollos eólicos y solares e infraestructura asociada",2025-01-01,"Third Sector",IGO,"International Body; Top-Level Authority; Professional Network, Association, Union or Cooperative; Initiative, Programme or Project; Policy Centre; Research Centre",France,https://portals.iucn.org/library/node/52544,https://app.overton.io/document.php?policy_document_id=iucn-075b1cc80ef64a5a5eb1ef0db51680d5,"Tertiary Education Commission; Tertiary Education Commission; University of Mauritius; University of Mauritius"
"Sustainable renewable energy planning and wind farming optimization from a biodiversity perspective",10.1016/j.energy.2019.07.147,Energy,2019-10-01T00:00:00+00:00,3,https://doi.org/10.1016/j.energy.2019.07.147,iucn,"International Union for Conservation of Nature","Spatial planning for wind and solar developments and associated infrastructure",2024-01-01,"Third Sector",IGO,"International Body; Top-Level Authority; Professional Network, Association, Union or Cooperative; Initiative, Programme or Project; Policy Centre; Research Centre",France,https://portals.iucn.org/library/node/52091,https://app.overton.io/document.php?policy_document_id=iucn-4517901b93b6af2036980a214c02e5d9,"Tertiary Education Commission; Tertiary Education Commission; University of Mauritius; University of Mauritius"
"Sustainable renewable energy planning and wind farming optimization from a biodiversity perspective",10.1016/j.energy.2019.07.147,Energy,2019-10-01T00:00:00+00:00,3,https://doi.org/10.1016/j.energy.2019.07.147,iucn,"International Union for Conservation of Nature","Aménagement du territoire dans les projets de développement éoliens et solaires et les infrastructures associées",2025-01-01,"Third Sector",IGO,"International Body; Top-Level Authority; Professional Network, Association, Union or Cooperative; Initiative, Programme or Project; Policy Centre; Research Centre",France,https://portals.iucn.org/library/node/52543,https://app.overton.io/document.php?policy_document_id=iucn-831e614139fad08226af13867a867c31,"Tertiary Education Commission; Tertiary Education Commission; University of Mauritius; University of Mauritius"
"Quantifying economic resilience from input–output susceptibility to improve predictions of economic growth and recovery",10.1038/s41467-019-09357-w,"Nature Communications",2019-04-11T00:00:00+00:00,2,https://doi.org/10.1038/s41467-019-09357-w,randcorporation,"RAND Corporation","Developing Metrics and Scoring Procedures to Support Mitigation Grant Program Decisionmaking",2021-03-31,"Third Sector","Think Tank","Research Centre; Policy Centre",USA,https://www.rand.org/pubs/research_reports/RRA377-1.html,https://app.overton.io/document.php?policy_document_id=randcorporation-13c693c5fb93ab6c7115635927109f82,"European Commission; H2020_REST (Special project, May 2022); H2020_REST_ThirdPillar (Special project, May 2022); Horizon 2020 Framework Programme; Oesterreichische Nationalbank"
"Quantifying economic resilience from input–output susceptibility to improve predictions of economic growth and recovery",10.1038/s41467-019-09357-w,"Nature Communications",2019-04-11T00:00:00+00:00,2,https://doi.org/10.1038/s41467-019-09357-w,unitednations,"United Nations","Economic report on Africa 2023 :building Africa's resilience to global economic shocks",2023-11-14,"Public Sector",IGO,"International Body; Top-Level Authority; IGO Department or Agency; Mixed Roles; Policy Centre",IGO,https://digitallibrary.un.org/record/4046869?ln=en,https://app.overton.io/document.php?policy_document_id=unitednations-ce23069a4c9b4ea9a020ec95f84ba174,"European Commission; H2020_REST (Special project, May 2022); H2020_REST_ThirdPillar (Special project, May 2022); Horizon 2020 Framework Programme; Oesterreichische Nationalbank"
"Reduced nitrogenase efficiency dominates response of the globally important nitrogen fixer Trichodesmium to ocean acidification",10.1038/s41467-019-09554-7,"Nature Communications",2019-04-03T00:00:00+00:00,3,https://doi.org/10.1038/s41467-019-09554-7,kbwpl,"Klimatyczna Baza Wiedzy (KBW)","Arctic Report Card 2021 - Klimatyczna Baza Wiedzy",2021-12-09,"Third Sector","Think Tank","Research Centre; Policy Centre; Initiative, Programme or Project; Professional Network, Association, Union or Cooperative; International Body",Poland,https://klimatycznabazawiedzy.org/raport/arctic-report-card-2021/,https://app.overton.io/document.php?policy_document_id=kbwpl-107ecd559b05fedab76005ebe2c3251d,
"Reduced nitrogenase efficiency dominates response of the globally important nitrogen fixer Trichodesmium to ocean acidification",10.1038/s41467-019-09554-7,"Nature Communications",2019-04-03T00:00:00+00:00,3,https://doi.org/10.1038/s41467-019-09554-7,kbwpl,"Klimatyczna Baza Wiedzy (KBW)","The Ocean and Cryosphere in a Changing Climate - Klimatyczna Baza Wiedzy",2021-11-29,"Third Sector","Think Tank","Research Centre; Policy Centre; Initiative, Programme or Project; Professional Network, Association, Union or Cooperative; International Body",Poland,https://klimatycznabazawiedzy.org/raport/the-ocean-and-cryosphere-in-a-changing-climate/,https://app.overton.io/document.php?policy_document_id=kbwpl-122a25a7a84f33ae22a18570b8895ba3,
"Reduced nitrogenase efficiency dominates response of the globally important nitrogen fixer Trichodesmium to ocean acidification",10.1038/s41467-019-09554-7,"Nature Communications",2019-04-03T00:00:00+00:00,3,https://doi.org/10.1038/s41467-019-09554-7,unitednations,"United Nations","The ocean and cryosphere in a changing climate :a special report of the Intergovernmental Panel on Climate Change",2019-01-01,"Public Sector",IGO,"International Body; Top-Level Authority; IGO Department or Agency; Mixed Roles; Policy Centre",IGO,https://digitallibrary.un.org/record/3893451?ln=en,https://app.overton.io/document.php?policy_document_id=unitednations-86acadb5bf3133d11deabb3b559903ab,
