K,Topic,Rank,Term,Beta
40,1,1,price,0.0522044997281602
40,1,2,market,0.045979887316335
40,1,3,peak,0.0260767107728216
40,1,4,consum,0.0256005582239337
40,1,5,household,0.0244664494256734
40,1,6,respons,0.0241980725344821
40,1,7,residenti,0.0233583125846253
40,1,8,manag,0.0209429205639031
40,1,9,flexibl,0.0193586311739671
40,1,10,aggreg,0.0184582699906155
40,2,1,heat,0.134837936642614
40,2,2,temperatur,0.125396591392065
40,2,3,thermal,0.0731398432611222
40,2,4,system,0.0597070987310644
40,2,5,cool,0.0481093000387378
40,2,6,water,0.039107087125424
40,2,7,air,0.0338139741319687
40,2,8,condit,0.0327004599911233
40,2,9,perform,0.0245529868056416
40,2,10,pump,0.0242550041482323
40,3,1,technolog,0.066362314665994
40,3,2,develop,0.0423385619154916
40,3,3,reserv,0.0422789073325709
40,3,4,right,0.036628766121651
40,3,5,research,0.0341488398888039
40,3,6,paper,0.0270840328543354
40,3,7,new,0.0249449899524638
40,3,8,will,0.0220986141388179
40,3,9,futur,0.0160053245976298
40,3,10,institut,0.014650313357002
40,4,1,process,0.0968486489813504
40,4,2,paramet,0.0583800086169755
40,4,3,use,0.0384136185514902
40,4,4,part,0.0308970793675662
40,4,5,natur,0.0281180115303338
40,4,6,tool,0.0270362267346326
40,4,7,manufactur,0.0236509863825676
40,4,8,industri,0.0233339115286552
40,4,9,machin,0.0233152600666603
40,4,10,qualiti,0.0203030489544923
40,5,1,increas,0.110480684494448
40,5,2,reduc,0.0620879186186497
40,5,3,effect,0.0572571319899954
40,5,4,result,0.0424421536648606
40,5,5,signific,0.0393518086159499
40,5,6,decreas,0.0347672307961374
40,5,7,rate,0.0340625642053144
40,5,8,show,0.0313542673080548
40,5,9,improv,0.0290534884392229
40,5,10,reduct,0.0290280185624462
40,6,1,model,0.587390115620114
40,6,2,develop,0.0366787875652192
40,6,3,accur,0.0180528091758813
40,6,4,nonlinear,0.0166704123422976
40,6,5,base,0.0151910052046028
40,6,6,paramet,0.0151020790925009
40,6,7,grey,0.014948479444325
40,6,8,accuraci,0.0146331959559638
40,6,9,valid,0.0141481444354081
40,6,10,result,0.0141319760513896
40,7,1,base,0.079931558533806
40,7,2,first,0.0468009831860201
40,7,3,function,0.0331484607483592
40,7,4,final,0.0315302578393414
40,7,5,valu,0.0289752006145764
40,7,6,second,0.028498256599287
40,7,7,obtain,0.0252022327793401
40,7,8,result,0.0237969513057194
40,7,9,order,0.0231667038569441
40,7,10,construct,0.0217188380962439
40,8,1,control,0.237375200639568
40,8,2,strategi,0.0735402115779101
40,8,3,system,0.0556530779194219
40,8,4,dynam,0.0439555587230957
40,8,5,propos,0.0280670740398738
40,8,6,mpc,0.0236746943151606
40,8,7,adapt,0.0175315600617257
40,8,8,track,0.0160751801882758
40,8,9,regul,0.0141849850333728
40,8,10,reduc,0.0129919930093766
40,9,1,resourc,0.0517193194822032
40,9,2,comput,0.048734447244657
40,9,3,task,0.0301802829758101
40,9,4,cloud,0.0235986810337415
40,9,5,servic,0.0231521904497318
40,9,6,propos,0.0228710667486886
40,9,7,alloc,0.0196050708100993
40,9,8,edg,0.0174222279549408
40,9,9,util,0.0170418841241178
40,9,10,dynam,0.016694613669888
40,10,1,voltag,0.0430296009511325
40,10,2,current,0.0358207911399782
40,10,3,frequenc,0.0353635158907632
40,10,4,activ,0.0291499522102534
40,10,5,generat,0.0283788606135379
40,10,6,convert,0.0230350165246722
40,10,7,propos,0.0215645627820985
40,10,8,mode,0.0213404082481696
40,10,9,stabil,0.0164897041339476
40,10,10,filter,0.0160234627033754
40,11,1,differ,0.110454205944687
40,11,2,use,0.0701322371737697
40,11,3,perform,0.0621487739862182
40,11,4,result,0.0473199337043775
40,11,5,two,0.0441501531779579
40,11,6,compar,0.0396315298743384
40,11,7,studi,0.0364617493479188
40,11,8,type,0.0334605741686492
40,11,9,three,0.0317829509645069
40,11,10,show,0.0284529953582948
40,12,1,data,0.0747014818011797
40,12,2,system,0.0455020693023925
40,12,3,smart,0.0395049398948788
40,12,4,monitor,0.0393878411337837
40,12,5,detect,0.0366862054313751
40,12,6,intellig,0.0304214217127869
40,12,7,realtim,0.0245915762496947
40,12,8,manag,0.0207273171335562
40,12,9,digit,0.0164281197619215
40,12,10,fault,0.0163193851980475
40,13,1,flow,0.0598348279831754
40,13,2,numer,0.0311346689914996
40,13,3,transfer,0.0299578423884937
40,13,4,experiment,0.0262752557396315
40,13,5,pressur,0.0210555894460269
40,13,6,rate,0.0193664029614401
40,13,7,simul,0.0188860655724581
40,13,8,fluid,0.0173089578119671
40,13,9,effect,0.0162682268025061
40,13,10,investig,0.0156197713273804
40,14,1,cost,0.0860887415933451
40,14,2,plant,0.0618666816458745
40,14,3,product,0.0589133946459545
40,14,4,capac,0.0364360719750937
40,14,5,econom,0.0294996774363767
40,14,6,oper,0.026299573943668
40,14,7,unit,0.0213036676930828
40,14,8,studi,0.018469533482785
40,14,9,assess,0.0182908042983518
40,14,10,analysi,0.0169290581312417
40,15,1,electr,0.131009721215255
40,15,2,vehicl,0.0823006064284791
40,15,3,batteri,0.058339468808369
40,15,4,charg,0.0508363917037137
40,15,5,drive,0.0337601001159652
40,15,6,manag,0.0282990589773709
40,15,7,station,0.01991547095157
40,15,8,base,0.016046843181005
40,15,9,transport,0.0153255735966623
40,15,10,hybrid,0.0146324054246966
40,16,1,framework,0.0886068110552881
40,16,2,integr,0.0410835849254549
40,16,3,demonstr,0.0297910813992796
40,16,4,across,0.0251575122104748
40,16,5,limit,0.0230228647697204
40,16,6,achiev,0.0202106671173954
40,16,7,dynam,0.0198755347546831
40,16,8,enabl,0.0196351137118678
40,16,9,adapt,0.0191178441955075
40,16,10,address,0.0175587501602807
40,17,1,region,0.0460951632452401
40,17,2,chang,0.044586319931157
40,17,3,climat,0.0428702179200844
40,17,4,area,0.0354669372636215
40,17,5,urban,0.0352265171751137
40,17,6,studi,0.0293569508763727
40,17,7,potenti,0.028328947739305
40,17,8,impact,0.0249879375438352
40,17,9,citi,0.0243412904092282
40,17,10,futur,0.0241008703207204
40,18,1,can,0.0446783218578148
40,18,2,use,0.0381090420241403
40,18,3,one,0.0231496929523418
40,18,4,larg,0.0213208824491944
40,18,5,term,0.0187140253723394
40,18,6,howev,0.0186979831749434
40,18,7,articl,0.0175589871598252
40,18,8,requir,0.0167087506978356
40,18,9,import,0.0158264298410539
40,18,10,work,0.0144147164702032
40,19,1,learn,0.09399404086917
40,19,2,machin,0.0764640347937336
40,19,3,model,0.0594619948550083
40,19,4,regress,0.0355734400896165
40,19,5,accuraci,0.0317705535686685
40,19,6,support,0.0283808579373205
40,19,7,data,0.0250906341868021
40,19,8,random,0.0233613537969947
40,19,9,use,0.0226573989480466
40,19,10,dataset,0.0226344438986244
40,20,1,comput,0.0401792455420264
40,20,2,applic,0.0399561752714594
40,20,3,architectur,0.0248989320081815
40,20,4,time,0.0243584155833459
40,20,5,implement,0.0223765220256153
40,20,6,perform,0.0220590758713468
40,20,7,reduc,0.0195023473856164
40,20,8,propos,0.0171601095446621
40,20,9,high,0.0165509561134982
40,20,10,achiev,0.0162335099592296
40,21,1,analysi,0.0833704314661236
40,21,2,factor,0.0694080433068763
40,21,3,studi,0.0519247050900797
40,21,4,variabl,0.0446561691092077
40,21,5,influenc,0.0376304572702357
40,21,6,impact,0.0302809799087305
40,21,7,effect,0.0227939022001486
40,21,8,indic,0.020559920094669
40,21,9,signific,0.0204870728520991
40,21,10,identifi,0.0197909769786525
40,22,1,system,0.26639089791512
40,22,2,renew,0.0859685551859918
40,22,3,grid,0.0711166684347484
40,22,4,storag,0.0576688466074671
40,22,5,sourc,0.0455782875400159
40,22,6,integr,0.0421383284763087
40,22,7,oper,0.0383863549850545
40,22,8,microgrid,0.0286125030421407
40,22,9,manag,0.0280274759904898
40,22,10,hybrid,0.0238542830220469
40,23,1,distribut,0.0703578460610958
40,23,2,oper,0.0569374162225258
40,23,3,uncertainti,0.0526964321218068
40,23,4,schedul,0.0396608174757406
40,23,5,propos,0.0383139643019773
40,23,6,problem,0.0333995536143767
40,23,7,consid,0.0285252278426619
40,23,8,stochast,0.0206525503626883
40,23,9,optim,0.0191213065758503
40,23,10,plan,0.0175259269235949
40,24,1,design,0.145496447737583
40,24,2,perform,0.102356765614525
40,24,3,simul,0.0921859094181951
40,24,4,use,0.048576257479614
40,24,5,develop,0.0305223226795019
40,24,6,configur,0.0289261987777238
40,24,7,test,0.0229584688560757
40,24,8,evalu,0.0226747134957596
40,24,9,present,0.0201563846729542
40,24,10,valid,0.0199613028627369
40,25,1,emiss,0.0828160044145401
40,25,2,carbon,0.0543860247948106
40,25,3,scenario,0.0293124609781108
40,25,4,develop,0.026332930847879
40,25,5,industri,0.0259702672759415
40,25,6,sector,0.0258636015194893
40,25,7,polici,0.0241498383658237
40,25,8,china,0.0237160642895847
40,25,9,growth,0.0221658552958126
40,25,10,econom,0.021945412732478
40,26,1,build,0.19322118146583
40,26,2,comfort,0.0359721643689677
40,26,3,thermal,0.0344856153151716
40,26,4,occup,0.0251327441850382
40,26,5,indoor,0.0245907731758417
40,26,6,air,0.0224616013539984
40,26,7,ventil,0.020285974874224
40,26,8,use,0.0193259119436474
40,26,9,studi,0.0191478357549114
40,26,10,save,0.0186523194036461
40,27,1,featur,0.0476102866020688
40,27,2,propos,0.0313127809945144
40,27,3,extract,0.027301846439714
40,27,4,tempor,0.0247853198385475
40,27,5,transform,0.0209294653544073
40,27,6,captur,0.0179265512588977
40,27,7,attent,0.0177644220941167
40,27,8,decomposit,0.0176939311529075
40,27,9,accuraci,0.01732737825862
40,27,10,inform,0.0168057452936723
40,28,1,structur,0.0470500392797445
40,28,2,materi,0.0380606880703782
40,28,3,mechan,0.0343663156291854
40,28,4,properti,0.0231447674881382
40,28,5,phase,0.0186457659204092
40,28,6,devic,0.0186111582160421
40,28,7,high,0.0146226202877285
40,28,8,layer,0.0146053164355449
40,28,9,effect,0.0139045104221102
40,28,10,experiment,0.0131777486304001
40,29,1,network,0.0905095422823992
40,29,2,sensor,0.0436660679154906
40,29,3,node,0.0367393386231406
40,29,4,communic,0.0258460924357768
40,29,5,propos,0.0240179725983285
40,29,6,transmiss,0.023783168215537
40,29,7,cluster,0.0217789450909951
40,29,8,wireless,0.0210745319426205
40,29,9,rout,0.0209403580095968
40,29,10,mobil,0.0195734610669176
40,30,1,model,0.127698395831171
40,30,2,error,0.114674923926779
40,30,3,mean,0.0729273239195296
40,30,4,valu,0.032382397472079
40,30,5,squar,0.0302159375664148
40,30,6,rmse,0.0283542647957679
40,30,7,absolut,0.0278764903679028
40,30,8,perform,0.0247874315670507
40,30,9,respect,0.0205780741077563
40,30,10,use,0.0202979994431457
40,31,1,data,0.169812184532609
40,31,2,time,0.0914780521262003
40,31,3,use,0.0567932864543796
40,31,4,seri,0.0325963548949885
40,31,5,weather,0.0318638712426918
40,31,6,hour,0.0304654933610345
40,31,7,period,0.0268446934888862
40,31,8,season,0.0263619201725998
40,31,9,day,0.0261787992595256
40,31,10,averag,0.0260040020243185
40,32,1,wind,0.21587462775345
40,32,2,speed,0.0660270482854158
40,32,3,turbin,0.0584158047764955
40,32,4,farm,0.0284012866719104
40,32,5,use,0.0264740180713226
40,32,6,wave,0.0217096535612402
40,32,7,ltd,0.0207998262523333
40,32,8,generat,0.0174735758756843
40,32,9,output,0.0173953111609397
40,32,10,result,0.0163778698692588
40,33,1,enhanc,0.0529106965976365
40,33,2,sustain,0.0454025189468107
40,33,3,effici,0.0311924109096773
40,33,4,signific,0.029457539563705
40,33,5,integr,0.0253615155145009
40,33,6,advanc,0.0250303782451452
40,33,7,approach,0.0234538768975605
40,33,8,studi,0.0222589032733639
40,33,9,research,0.0203872578378752
40,33,10,challeng,0.0202504837483587
40,34,1,method,0.276574773273795
40,34,2,propos,0.122739904823897
40,34,3,base,0.0791568719372148
40,34,4,improv,0.0379431236783439
40,34,5,result,0.032850426471233
40,34,6,paper,0.0256413931730876
40,34,7,can,0.0228589592685403
40,34,8,new,0.0205065378765139
40,34,9,fuzzi,0.0190310047453146
40,34,10,compar,0.0182721591349835
40,35,1,gas,0.0525936428962543
40,35,2,process,0.0359302435627903
40,35,3,fuel,0.0328121936875123
40,35,4,product,0.0311897937524083
40,35,5,use,0.0234664940613402
40,35,6,engin,0.0212863941485442
40,35,7,wast,0.0182950942681962
40,35,8,oil,0.0169177443232902
40,35,9,natur,0.0168585943256562
40,35,10,dri,0.0155910943763562
40,36,1,optim,0.315413964614283
40,36,2,algorithm,0.126282054296557
40,36,3,improv,0.0294078919523906
40,36,4,propos,0.0261082137689849
40,36,5,multiobject,0.0199242563183743
40,36,6,hybrid,0.0193599408095733
40,36,7,solut,0.0188818401701725
40,36,8,minim,0.018607520131172
40,36,9,paramet,0.0184586035385718
40,36,10,object,0.0160759380569677
40,37,1,solar,0.176756207499444
40,37,2,photovolta,0.0939202395309186
40,37,3,modul,0.0439998842845804
40,37,4,output,0.0338205434647005
40,37,5,irradi,0.0306835707608831
40,37,6,radiat,0.0266877726770581
40,37,7,use,0.0253317326033619
40,37,8,system,0.0239666522625077
40,37,9,panel,0.0203686259336336
40,37,10,condit,0.0195459616222579
40,38,1,effici,0.146125344296449
40,38,2,cell,0.051427602288019
40,38,3,perform,0.044912382809459
40,38,4,hydrogen,0.0365621513013757
40,38,5,high,0.0312517377007855
40,38,6,oper,0.0306215315492321
40,38,7,system,0.0196114593720922
40,38,8,current,0.0182305664811883
40,38,9,achiev,0.0176837699673405
40,38,10,convers,0.0164140899267107
40,39,1,network,0.128938857993922
40,39,2,neural,0.0918699028309932
40,39,3,deep,0.0550711952148168
40,39,4,shortterm,0.0443213483550933
40,39,5,model,0.0400048944833467
40,39,6,learn,0.0388113011518551
40,39,7,train,0.0358460850138727
40,39,8,artifici,0.0329784582677733
40,39,9,lstm,0.0318824543281646
40,39,10,long,0.0309741222960232
40,40,1,estim,0.0914935506115609
40,40,2,use,0.0783118240764743
40,40,3,measur,0.058886567685116
40,40,4,approach,0.0535156071303313
40,40,5,present,0.043866515534275
40,40,6,methodolog,0.0268217637421193
40,40,7,state,0.0198835670633045
40,40,8,allow,0.0129961996641879
40,40,9,level,0.0129707850243388
40,40,10,appli,0.0125556792401362
50,1,1,price,0.0667458453337348
50,1,2,market,0.0588095306616252
50,1,3,household,0.0312814768407933
50,1,4,consum,0.0305398686357287
50,1,5,residenti,0.0299310857808249
50,1,6,respons,0.0250829604999546
50,1,7,user,0.0228138607680405
50,1,8,behavior,0.0206997239446473
50,1,9,custom,0.0157630484303364
50,1,10,home,0.0149328899918312
50,2,1,network,0.0862752974009187
50,2,2,sensor,0.0569016620946848
50,2,3,node,0.0416818167108001
50,2,4,communic,0.0297933946442135
50,2,5,wireless,0.0239205712534337
50,2,6,transmiss,0.0237016491497256
50,2,7,rout,0.0226546303928605
50,2,8,propos,0.0215695382266548
50,2,9,iot,0.0211602490762439
50,2,10,mobil,0.020056120205368
50,3,1,time,0.134763084119091
50,3,2,data,0.06143981018716
50,3,3,seri,0.0452895897928909
50,3,4,use,0.0380845965946592
50,3,5,hour,0.0378935953022171
50,3,6,averag,0.0368112546450453
50,3,7,season,0.0354424120492104
50,3,8,period,0.0348694081718842
50,3,9,day,0.0346465733307018
50,3,10,weather,0.0342539595629041
50,4,1,distribut,0.130589475533691
50,4,2,activ,0.0455527564813342
50,4,3,local,0.0442706169228176
50,4,4,level,0.0400561767073232
50,4,5,load,0.0354499716267264
50,4,6,peak,0.0341678320682098
50,4,7,can,0.0337048372276344
50,4,8,flexibl,0.0322802377181715
50,4,9,profil,0.0293835520489302
50,4,10,aggreg,0.0256677216617478
50,5,1,use,0.0827344602802134
50,5,2,reserv,0.0624181605934822
50,5,3,right,0.0509813625180846
50,5,4,technolog,0.0452629634803858
50,5,5,engin,0.0452274454739404
50,5,6,develop,0.0359572457917082
50,5,7,paper,0.031434619637669
50,5,8,base,0.031114957579661
50,5,9,fuzzi,0.0268172787997755
50,5,10,institut,0.0230286914456065
50,6,1,build,0.224196013151822
50,6,2,comfort,0.041733332615047
50,6,3,thermal,0.0315336669773255
50,6,4,occup,0.0291184292514918
50,6,5,indoor,0.0285258430436664
50,6,6,ventil,0.0234709031193379
50,6,7,studi,0.0221690091779034
50,6,8,air,0.020588779290369
50,6,9,hvac,0.0197537714520696
50,6,10,residenti,0.0191252709286185
50,7,1,model,0.67541929321118
50,7,2,develop,0.045364387411533
50,7,3,valid,0.0225889406851581
50,7,4,accur,0.0208817689851308
50,7,5,grey,0.0182470011012738
50,7,6,accuraci,0.0165398294012465
50,7,7,nonlinear,0.0139050615173895
50,7,8,novel,0.0102341489601055
50,7,9,elsevi,0.0097802189126993
50,7,10,compar,0.0097308786901552
50,8,1,estim,0.1053546302134
50,8,2,measur,0.0753550059915742
50,8,3,use,0.0717642367736521
50,8,4,valu,0.0616704174895513
50,8,5,paramet,0.0404389506603258
50,8,6,calcul,0.0316812315503355
50,8,7,present,0.0315142190285717
50,8,8,obtain,0.0257418487451097
50,8,9,point,0.0221302029619671
50,8,10,determin,0.0193640580702538
50,9,1,base,0.10679210578855
50,9,2,first,0.075835871425962
50,9,3,final,0.049074392663107
50,9,4,second,0.0367980952623687
50,9,5,characterist,0.0334741496858712
50,9,6,construct,0.0328475912545186
50,9,7,stage,0.0289714246876766
50,9,8,establish,0.0289608050532469
50,9,9,result,0.0276014918462447
50,9,10,paper,0.0246386138403572
50,10,1,dynam,0.128103593530146
50,10,2,adapt,0.0790327418365952
50,10,3,realtim,0.0332920917635954
50,10,4,digit,0.0198940951776034
50,10,5,environ,0.0185267276247943
50,10,6,limit,0.0168064910260991
50,10,7,approach,0.016420540507161
50,10,8,onlin,0.0159132912536996
50,10,9,adjust,0.0156155579962331
50,10,10,condit,0.0134321807748122
50,11,1,comput,0.0789032100158468
50,11,2,resourc,0.0670595873192344
50,11,3,task,0.0364549195629268
50,11,4,cloud,0.0304605115781264
50,11,5,servic,0.0294026748749264
50,11,6,alloc,0.0244142488529731
50,11,7,propos,0.0226615586290436
50,11,8,edg,0.0218422537314671
50,11,9,center,0.0200895635075376
50,11,10,util,0.0175383102821727
50,12,1,can,0.127994637381325
50,12,2,new,0.0440090415266205
50,12,3,use,0.0436722993806049
50,12,4,howev,0.0300868584272879
50,12,5,also,0.0238992214942512
50,12,6,make,0.0233099227387239
50,12,7,high,0.0202476738483945
50,12,8,import,0.0193952952912925
50,12,9,one,0.0191322154897178
50,12,10,therefor,0.0185955326945054
50,13,1,featur,0.0745910981566965
50,13,2,extract,0.0330794824535399
50,13,3,tempor,0.0299953415663017
50,13,4,captur,0.0278502525312971
50,13,5,inform,0.0247016669091016
50,13,6,transform,0.022501339529848
50,13,7,attent,0.0221607030736456
50,13,8,propos,0.0219857816501903
50,13,9,mechan,0.0200524396014738
50,13,10,complex,0.0184597340089597
50,14,1,cell,0.0599160973840348
50,14,2,effici,0.0316426862655347
50,14,3,high,0.0297858604876111
50,14,4,densiti,0.0277239202342191
50,14,5,devic,0.026212550414979
50,14,6,concentr,0.0245068616189794
50,14,7,current,0.0199727521612588
50,14,8,materi,0.0177272884298163
50,14,9,convers,0.0165829655666773
50,14,10,layer,0.0155034156957915
50,15,1,chang,0.0823740545805153
50,15,2,increas,0.0718410108243601
50,15,3,climat,0.0490574610690442
50,15,4,will,0.0470356384285438
50,15,5,futur,0.0436441939993174
50,15,6,impact,0.0260999910865884
50,15,7,global,0.0221867859759425
50,15,8,current,0.017653990056111
50,15,9,need,0.0157952176285542
50,15,10,role,0.0151430167767799
50,16,1,system,0.481323346450705
50,16,2,storag,0.0719287605839245
50,16,3,renew,0.0644210481156617
50,16,4,integr,0.0567475809565411
50,16,5,oper,0.0457395194283998
50,16,6,sourc,0.0414006466382999
50,16,7,hybrid,0.0334151706493294
50,16,8,suppli,0.0238599002351767
50,16,9,reliabl,0.0173467159120603
50,16,10,manag,0.0166349457689653
50,17,1,factor,0.0687788546922938
50,17,2,studi,0.0608773509866884
50,17,3,urban,0.0448849599979799
50,17,4,area,0.0439380421104906
50,17,5,analysi,0.040518616405668
50,17,6,influenc,0.0373517021375093
50,17,7,region,0.0333851683199152
50,17,8,citi,0.0285032805444147
50,17,9,group,0.0230742846561425
50,17,10,research,0.0218222487826844
50,18,1,oper,0.0974226815915959
50,18,2,plant,0.0879058658815294
50,18,3,water,0.0755408685466953
50,18,4,product,0.053041377559074
50,18,5,unit,0.0446912868519243
50,18,6,capac,0.0366843505573972
50,18,7,use,0.0271446578864891
50,18,8,studi,0.0201786233102505
50,18,9,develop,0.0160264549175171
50,18,10,generat,0.014779660551655
50,19,1,voltag,0.0525697301038669
50,19,2,microgrid,0.0401832454999058
50,19,3,frequenc,0.0393837641771037
50,19,4,generat,0.0381352590976594
50,19,5,current,0.0353315985683808
50,19,6,stabil,0.0312903847586005
50,19,7,oper,0.0308194574040732
50,19,8,grid,0.029264301954239
50,19,9,propos,0.0274243997319
50,19,10,convert,0.0270958457636251
50,20,1,solar,0.212806180087112
50,20,2,photovolta,0.113091545478885
50,20,3,modul,0.0511644257538457
50,20,4,irradi,0.0369070396660071
50,20,5,output,0.0359601750937614
50,20,6,radiat,0.0320529982956438
50,20,7,panel,0.024488965218508
50,20,8,condit,0.018557457265934
50,20,9,weather,0.0173167381712671
50,20,10,use,0.0153685915226235
50,21,1,design,0.160963333556457
50,21,2,simul,0.111073563928217
50,21,3,perform,0.0762014678669289
50,21,4,configur,0.035153879871567
50,21,5,develop,0.0304790756627318
50,21,6,analysi,0.02829822011958
50,21,7,tool,0.025523567275075
50,21,8,use,0.0252536594108235
50,21,9,present,0.0245518989637697
50,21,10,optimis,0.022576173397449
50,22,1,error,0.0952952957973471
50,22,2,model,0.0709868493645364
50,22,3,mean,0.068428945441414
50,22,4,machin,0.0601366555991347
50,22,5,learn,0.053549635038937
50,22,6,squar,0.0306288096886045
50,22,7,accuraci,0.0286560471858041
50,22,8,absolut,0.0283049623336109
50,22,9,regress,0.0247773954853832
50,22,10,rmse,0.0236739859499186
50,23,1,learn,0.0961236233390728
50,23,2,manag,0.0794229800851174
50,23,3,smart,0.0695041177999415
50,23,4,grid,0.0648644862090251
50,23,5,intellig,0.0390368652740327
50,23,6,deep,0.0382652854033332
50,23,7,framework,0.0278591095156103
50,23,8,approach,0.0182042087651473
50,23,9,reinforc,0.0179605519638738
50,23,10,integr,0.0166915061239076
50,24,1,electr,0.148426826373055
50,24,2,vehicl,0.098391662896485
50,24,3,batteri,0.0738668177725617
50,24,4,charg,0.0607757018137187
50,24,5,drive,0.0402263452829428
50,24,6,manag,0.0296437066335787
50,24,7,station,0.0187139126422777
50,24,8,transport,0.0185459342510179
50,24,9,strategi,0.0159702655850351
50,24,10,traffic,0.0143688715883589
50,25,1,emiss,0.120427378011693
50,25,2,carbon,0.0801887182797301
50,25,3,china,0.0376743502852911
50,25,4,scenario,0.0375502207437015
50,25,5,industri,0.0351503829396358
50,25,6,reduct,0.0309506667825209
50,25,7,greenhous,0.0203272468481441
50,25,8,develop,0.0196652226263328
50,25,9,sector,0.0156413566531365
50,25,10,studi,0.0147827939904751
50,26,1,heat,0.160049417565394
50,26,2,temperatur,0.148840158195793
50,26,3,thermal,0.0956054862062802
50,26,4,cool,0.05762993058452
50,26,5,air,0.0457969001370434
50,26,6,condit,0.0377158061729131
50,26,7,pump,0.0287130206160996
50,26,8,perform,0.0166286197342549
50,26,9,experiment,0.0146455863075731
50,26,10,exchang,0.0138449249240303
50,27,1,applic,0.0302199024774789
50,27,2,architectur,0.0286517437289544
50,27,3,implement,0.0262147402684094
50,27,4,design,0.0254200652269274
50,27,5,propos,0.0233221231174148
50,27,6,comput,0.0200798489481681
50,27,7,signal,0.0192110042361478
50,27,8,filter,0.0184693075307645
50,27,9,circuit,0.0178017804959196
50,27,10,low,0.0178017804959196
50,28,1,flow,0.0714287079364594
50,28,2,transfer,0.0360731649517636
50,28,3,rate,0.0360062760866574
50,28,4,numer,0.0317253887198618
50,28,5,pressur,0.0252371688045622
50,28,6,experiment,0.0251893910437721
50,28,7,fluid,0.0206696148730258
50,28,8,simul,0.0198573929395936
50,28,9,mass,0.0176691714954057
50,28,10,effect,0.017411171587139
50,29,1,uncertainti,0.0633828187009224
50,29,2,schedul,0.0491941449806965
50,29,3,oper,0.0473639698233014
50,29,4,propos,0.0400529016945496
50,29,5,problem,0.0359783538441384
50,29,6,optim,0.0320386610053248
50,29,7,stochast,0.0249395078947977
50,29,8,consid,0.0249202428931409
50,29,9,dispatch,0.0243422928434372
50,29,10,probabilist,0.0185916898488853
50,30,1,control,0.294286960062695
50,30,2,strategi,0.0882233738494399
50,30,3,system,0.0519010172564808
50,30,4,propos,0.0354973723435315
50,30,5,mpc,0.0293412034973954
50,30,6,track,0.0203134363907371
50,30,7,scheme,0.0166927255405135
50,30,8,regul,0.0153385604745148
50,30,9,nonlinear,0.0147239039906572
50,30,10,dynam,0.0132064707961338
50,31,1,process,0.131074828359614
50,31,2,paramet,0.0465387282346294
50,31,3,machin,0.0382884328933176
50,31,4,industri,0.0371969541322102
50,31,5,manufactur,0.0272131336997278
50,31,6,product,0.0264212765593165
50,31,7,tool,0.025715025596247
50,31,8,qualiti,0.0232538479976715
50,31,9,surfac,0.0220767630592223
50,31,10,cut,0.021060189703289
50,32,1,sustain,0.074241413706198
50,32,2,environment,0.0621909927776171
50,32,3,technolog,0.0487732179640789
50,32,4,develop,0.0296302635746762
50,32,5,assess,0.0293253141470958
50,32,6,studi,0.0265020726723997
50,32,7,potenti,0.0264430502025454
50,32,8,research,0.024200196348083
50,32,9,green,0.0208851009579347
50,32,10,impact,0.0199604155968844
50,33,1,framework,0.0891213760587538
50,33,2,across,0.0311685392409463
50,33,3,integr,0.0281556717466698
50,33,4,demonstr,0.024037771346969
50,33,5,limit,0.019013177281279
50,33,6,evalu,0.0189942878299043
50,33,7,datadriven,0.0189753983785295
50,33,8,provid,0.0186920566079079
50,33,9,enabl,0.0174453528171728
50,33,10,achiev,0.0168975587273043
50,34,1,variabl,0.0851601969136414
50,34,2,use,0.0651544256039417
50,34,3,model,0.0646483592683358
50,34,4,select,0.0566912736935951
50,34,5,analysi,0.0447179595405348
50,34,6,regress,0.0348981191560106
50,34,7,correl,0.0330784338215976
50,34,8,input,0.0321739748388125
50,34,9,linear,0.0276086104495161
50,34,10,author,0.0259181335412153
50,35,1,data,0.269762075747313
50,35,2,detect,0.0421202637527644
50,35,3,use,0.0407941553301398
50,35,4,monitor,0.0387131851900211
50,35,5,cluster,0.0293590203935074
50,35,6,collect,0.0274310627636916
50,35,7,accuraci,0.0239321766947666
50,35,8,fault,0.0199028472567917
50,35,9,classif,0.0173934420878251
50,35,10,mainten,0.0170772162331992
50,36,1,perform,0.119773539708485
50,36,2,differ,0.107539925880502
50,36,3,evalu,0.0507505265683739
50,36,4,use,0.0473357793724659
50,36,5,compar,0.0446183379102568
50,36,6,studi,0.0440235771373959
50,36,7,two,0.0428238010955904
50,36,8,three,0.0384861492521396
50,36,9,result,0.0378196070066921
50,36,10,type,0.0314002924582283
50,37,1,econom,0.0510761491681359
50,37,2,renew,0.0403755859605564
50,37,3,project,0.0291418986074036
50,37,4,develop,0.0284564532773807
50,37,5,growth,0.0269522815809416
50,37,6,plan,0.0261525953625815
50,37,7,polici,0.0261335552145254
50,37,8,countri,0.0247341043323953
50,37,9,year,0.0233441735242933
50,37,10,sector,0.0222398449370342
50,38,1,network,0.188631752392167
50,38,2,neural,0.129542364337966
50,38,3,model,0.0579679604206995
50,38,4,train,0.0503011652681472
50,38,5,artifici,0.0500152488743366
50,38,6,use,0.0414165780678829
50,38,7,ann,0.0353276178293227
50,38,8,input,0.0270784003930821
50,38,9,data,0.0242721839353109
50,38,10,accuraci,0.0208094187213819
50,39,1,cost,0.133795858001073
50,39,2,reduc,0.0929386640373801
50,39,3,reduct,0.0527904176464686
50,39,4,increas,0.0501945788415142
50,39,5,save,0.0381315632184911
50,39,6,result,0.0362446719863184
50,39,7,compar,0.0346413597832584
50,39,8,total,0.0323400068931518
50,39,9,lower,0.0287189208290978
50,39,10,show,0.026395754167521
50,40,1,wind,0.268291763538556
50,40,2,speed,0.0836960962655279
50,40,3,turbin,0.072618653877956
50,40,4,farm,0.0353128435101509
50,40,5,use,0.0212076479343184
50,40,6,generat,0.0173530384536815
50,40,7,output,0.017316559499606
50,40,8,studi,0.0144955203844395
50,40,9,direct,0.0134254710648936
50,40,10,site,0.0123189427912723
50,41,1,method,0.344151433566721
50,41,2,propos,0.151247855600883
50,41,3,base,0.0763170099073291
50,41,4,improv,0.036712318085185
50,41,5,result,0.0304022441290662
50,41,6,paper,0.0237022794244392
50,41,7,accuraci,0.021916990207586
50,41,8,novel,0.0215989214390662
50,41,9,combin,0.0213321540848238
50,41,10,compar,0.0213013732362574
50,42,1,enhanc,0.0623446349516762
50,42,2,signific,0.0368751022286291
50,42,3,demonstr,0.0307279037873573
50,42,4,approach,0.0296404607882434
50,42,5,integr,0.0293708468215209
50,42,6,challeng,0.0291012328547985
50,42,7,advanc,0.0234752880825234
50,42,8,address,0.0227922660334932
50,42,9,employ,0.0213093892165198
50,42,10,util,0.0176606135335427
50,43,1,structur,0.0453836505780591
50,43,2,mechan,0.0443980148646863
50,43,3,phase,0.0305882837157817
50,43,4,materi,0.0254218195918385
50,43,5,test,0.0225298994218326
50,43,6,experiment,0.0200820568809287
50,43,7,element,0.0185332007599143
50,43,8,behavior,0.0180999542924977
50,43,9,effect,0.0172659548427207
50,43,10,forc,0.0151647094757501
50,44,1,gas,0.0635854614307058
50,44,2,fuel,0.0601087412651207
50,44,3,product,0.0405559914126025
50,44,4,hydrogen,0.0400289084720474
50,44,5,cycl,0.0281796785199511
50,44,6,oil,0.0216114141838019
50,44,7,wast,0.021337736503129
50,44,8,engin,0.0191584512681413
50,44,9,combust,0.0162088140431113
50,44,10,process,0.0156715948921609
50,45,1,optim,0.350739144795248
50,45,2,algorithm,0.159829203426623
50,45,3,multiobject,0.024324097284934
50,45,4,paramet,0.021326661333649
50,45,5,solut,0.0210211901539002
50,45,6,propos,0.0206966270254171
50,45,7,object,0.0198852192042094
50,45,8,improv,0.0192551848959775
50,45,9,search,0.0181192139462867
50,45,10,minim,0.0175369095098906
50,46,1,use,0.0960119505149017
50,46,2,approach,0.0750914975988491
50,46,3,natur,0.0564746451162495
50,46,4,techniqu,0.046966416796538
50,46,5,part,0.0374934476671344
50,46,6,author,0.0328744937367925
50,46,7,articl,0.0252937678205824
50,46,8,term,0.0242359921113438
50,46,9,springer,0.023319253163337
50,46,10,work,0.0201694321624932
50,47,1,effici,0.225580180172235
50,47,2,perform,0.131029442242143
50,47,3,improv,0.126366394306452
50,47,4,oper,0.068557828408655
50,47,5,enhanc,0.0349684500160947
50,47,6,reduc,0.0329731505447939
50,47,7,compar,0.0239667435389778
50,47,8,signific,0.0230297244502454
50,47,9,overal,0.0228312968785138
50,47,10,achiev,0.0221147528694832
50,48,1,model,0.0794505748759795
50,48,2,shortterm,0.0738757990967406
50,48,3,hybrid,0.0432418596431779
50,48,4,lstm,0.0386508678249812
50,48,5,long,0.0381680849552105
50,48,6,propos,0.037293610323173
50,48,7,memori,0.0329485644952369
50,48,8,deep,0.0304071225958779
50,48,9,accuraci,0.0285579731135487
50,48,10,data,0.0232837979890727
50,49,1,effect,0.0630197067479877
50,49,2,loss,0.0442592904506932
50,49,3,increas,0.035194895571079
50,49,4,impact,0.0316378408567072
50,49,5,result,0.0291224158717776
50,49,6,signific,0.027892406297649
50,49,7,wave,0.024579137264636
50,49,8,degrad,0.0221523616183823
50,49,9,due,0.0219529006063615
50,49,10,condit,0.0218199265983476
50,50,1,one,0.0268025509467115
50,50,2,requir,0.0255460731606451
50,50,3,larg,0.0249326745564238
50,50,4,possibl,0.0243687435815751
50,50,5,order,0.0226373765535309
50,50,6,avail,0.019936443989782
50,50,7,allow,0.0185810309449702
50,50,8,number,0.0184919892120994
50,50,9,paper,0.0184227345309776
50,50,10,size,0.0174432754693983
60,1,1,econom,0.0478848539287395
60,1,2,growth,0.0352554361651595
60,1,3,develop,0.0342311250987729
60,1,4,year,0.0342086127676435
60,1,5,polici,0.0333418880191625
60,1,6,project,0.0323963701117287
60,1,7,sector,0.0321149659726115
60,1,8,countri,0.029210875256922
60,1,9,plan,0.0280064655415004
60,1,10,futur,0.0278263668924653
60,2,1,effici,0.221693738109107
60,2,2,improv,0.136891830066177
60,2,3,perform,0.0726153838461366
60,2,4,reduc,0.0708028430639689
60,2,5,enhanc,0.0520774217419892
60,2,6,signific,0.0436397318939676
60,2,7,loss,0.0345770279831296
60,2,8,achiev,0.0333144995762405
60,2,9,effect,0.0308394438874875
60,2,10,reduct,0.0267768524791808
60,3,1,estim,0.136029402351881
60,3,2,measur,0.074992127113198
60,3,3,use,0.0719453839280457
60,3,4,methodolog,0.0424636631070124
60,3,5,state,0.0343347474659546
60,3,6,approach,0.034104321510775
60,3,7,level,0.0251049078168165
60,3,8,present,0.023543131898377
60,3,9,standard,0.0180385118579757
60,3,10,two,0.0154782234670913
60,4,1,residenti,0.0504160464541376
60,4,2,behavior,0.047089252746906
60,4,3,household,0.037069423478485
60,4,4,use,0.035912277841187
60,4,5,consum,0.0321910026666947
60,4,6,user,0.0316650273770138
60,4,7,profil,0.0310207076471547
60,4,8,pattern,0.0291534953687876
60,4,9,usag,0.0278911546735534
60,4,10,individu,0.0224078622786302
60,5,1,optim,0.390091361625437
60,5,2,algorithm,0.178626382093032
60,5,3,multiobject,0.0283855277468227
60,5,4,object,0.0212615095325617
60,5,5,search,0.0212280110143128
60,5,6,genet,0.0203682157125916
60,5,7,improv,0.0198769041116081
60,5,8,swarm,0.0195865836201179
60,5,9,minim,0.0187937853548945
60,5,10,particl,0.0174091799339409
60,6,1,voltag,0.0628101530066367
60,6,2,current,0.0450086456989936
60,6,3,frequenc,0.044354659390851
60,6,4,stabil,0.039462841805944
60,6,5,activ,0.0283189151151931
60,6,6,generat,0.0281357989489132
60,6,7,convert,0.0278480449733304
60,6,8,propos,0.0261346008459967
60,6,9,output,0.0234270975302861
60,6,10,switch,0.0200786876325957
60,7,1,build,0.251276203435685
60,7,2,comfort,0.046731389370876
60,7,3,thermal,0.0389513794672153
60,7,4,occup,0.0319966746244862
60,7,5,indoor,0.0319664805368911
60,7,6,air,0.0280513138453982
60,7,7,ventil,0.0263403155483448
60,7,8,hvac,0.0221332726767663
60,7,9,save,0.0194459988808058
60,7,10,studi,0.0193956754014807
60,8,1,cell,0.0727100605971728
60,8,2,effici,0.0383393651176067
60,8,3,devic,0.0312033540561349
60,8,4,high,0.029121471929944
60,8,5,densiti,0.0290429103402764
60,8,6,light,0.0201261699130061
60,8,7,layer,0.0189346524697145
60,8,8,convers,0.0179919133937035
60,8,9,electron,0.0171277359073602
60,8,10,materi,0.0165516175831313
60,9,1,compon,0.046770508459155
60,9,2,mode,0.0441925765671046
60,9,3,propos,0.0415640969908964
60,9,4,model,0.0398833864926478
60,9,5,base,0.0397696542032927
60,9,6,first,0.0387713374411751
60,9,7,decomposit,0.0316946616590761
60,9,8,final,0.030873261791511
60,9,9,stage,0.0278024899789216
60,9,10,result,0.0255152072707789
60,10,1,use,0.108153555199945
60,10,2,provid,0.0436445113828583
60,10,3,articl,0.0406351352507766
60,10,4,term,0.0358001660148729
60,10,5,result,0.0357288537842548
60,10,6,can,0.0334183375122301
60,10,7,research,0.0283694315844722
60,10,8,open,0.0254741550213794
60,10,9,author,0.0228641273807588
60,10,10,common,0.0215091949990159
60,11,1,error,0.162048488543366
60,11,2,model,0.129378407496434
60,11,3,mean,0.101350549504248
60,11,4,squar,0.0426537692756968
60,11,5,rmse,0.0394542421076391
60,11,6,absolut,0.0393378956651642
60,11,7,mae,0.0270517113398224
60,11,8,root,0.0254461304336697
60,11,9,valu,0.0248294942885531
60,11,10,percentag,0.0244571856726337
60,12,1,network,0.0968774993985187
60,12,2,sensor,0.0601600482052016
60,12,3,node,0.0474584977924012
60,12,4,communic,0.034074184857411
60,12,5,wireless,0.0272682346362176
60,12,6,iot,0.0270623221295255
60,12,7,transmiss,0.0251657595678872
60,12,8,rout,0.0247756095552073
60,12,9,mobil,0.0232150095044878
60,12,10,propos,0.0202238594072754
60,13,1,oper,0.255626118946771
60,13,2,condit,0.147074636478756
60,13,3,perform,0.0746023645255666
60,13,4,reliabl,0.0273746233788918
60,13,5,degrad,0.0264740076852539
60,13,6,differ,0.0176179533644819
60,13,7,evalu,0.0170448342867124
60,13,8,result,0.0144248613597659
60,13,9,vari,0.0132103947425877
60,13,10,work,0.0116411401248854
60,14,1,monitor,0.0610085363969303
60,14,2,detect,0.0595175810740842
60,14,3,data,0.0301864236319129
60,14,4,secur,0.0277195702795677
60,14,5,mainten,0.0269198760609503
60,14,6,fault,0.0265132518819922
60,14,7,realtim,0.0212135834162395
60,14,8,classif,0.0176623989200062
60,14,9,intellig,0.0165374053582223
60,14,10,health,0.0141654309809673
60,15,1,comput,0.0534715773497489
60,15,2,architectur,0.0381319334192054
60,15,3,applic,0.0380196007948157
60,15,4,implement,0.0299441332414702
60,15,5,reduc,0.0215566306203756
60,15,6,time,0.0192850153271625
60,15,7,propos,0.0190104244675434
60,15,8,achiev,0.0168012161878801
60,15,9,hardwar,0.0164142927038712
60,15,10,perform,0.0152909664599746
60,16,1,design,0.235179979977778
60,16,2,perform,0.101542646233732
60,16,3,configur,0.0435112047437266
60,16,4,space,0.0275319310443459
60,16,5,simul,0.0261430268759832
60,16,6,filter,0.021907556738798
60,16,7,circuit,0.0195697972474945
60,16,8,use,0.0178921110243237
60,16,9,present,0.0162281763275724
60,16,10,applic,0.0142204534703352
60,17,1,featur,0.0751725022390601
60,17,2,extract,0.0374869125357934
60,17,3,tempor,0.0344699629556435
60,17,4,captur,0.0308643402866838
60,17,5,transform,0.0236530949487644
60,17,6,inform,0.0230433978210686
60,17,7,attent,0.0225388208878031
60,17,8,mechan,0.0204259049797539
60,17,9,complex,0.0192170227438053
60,17,10,model,0.0191539506271471
60,18,1,cost,0.149336424706144
60,18,2,storag,0.0829003391382611
60,18,3,oper,0.063328627443939
60,18,4,optim,0.0592437059664543
60,18,5,schedul,0.0473705001335455
60,18,6,system,0.0393241026078408
60,18,7,microgrid,0.0368439717107965
60,18,8,econom,0.0305145878830456
60,18,9,renew,0.0299759169189816
60,18,10,capac,0.0249146543191311
60,19,1,distribut,0.131750750118573
60,19,2,problem,0.101784052086002
60,19,3,propos,0.0658823499572629
60,19,4,solv,0.0385661131556721
60,19,5,consid,0.034051451920126
60,19,6,scheme,0.03126149272962
60,19,7,program,0.0293085212962658
60,19,8,constraint,0.025478668225662
60,19,9,formul,0.0251869906739273
60,19,10,solut,0.0234496069962031
60,20,1,region,0.0677376749798218
60,20,2,area,0.0676561468159176
60,20,3,urban,0.0579678833386327
60,20,4,studi,0.0418524829402317
60,20,5,citi,0.0397599267333567
60,20,6,potenti,0.0346915925439776
60,20,7,use,0.0323408638180726
60,20,8,develop,0.0282916316774963
60,20,9,locat,0.0278568148033405
60,20,10,local,0.0214704419641765
60,21,1,can,0.0908513009857536
60,21,2,larg,0.055832416912566
60,21,3,requir,0.036400979284744
60,21,4,high,0.0305416917542035
60,21,5,howev,0.0299818872130691
60,21,6,scale,0.028961798938113
60,21,7,small,0.0260508153242139
60,21,8,may,0.0225675870682663
60,21,9,due,0.0223063449490702
60,21,10,size,0.0219953424262178
60,22,1,renew,0.122044369486915
60,22,2,sourc,0.0871436982113888
60,22,3,product,0.0609199894076784
60,22,4,suppli,0.0481166492270433
60,22,5,resourc,0.0326523738883847
60,22,6,increas,0.0298886006566211
60,22,7,potenti,0.0225228236249907
60,22,8,hydropow,0.0150670632788377
60,22,9,reservoir,0.0148485323721401
60,22,10,agricultur,0.0141543753743949
60,23,1,control,0.343733872451567
60,23,2,strategi,0.101960885506186
60,23,3,mpc,0.0342868874897345
60,23,4,propos,0.0265793217342135
60,23,5,system,0.021407287071484
60,23,6,optim,0.0163474440500285
60,23,7,simul,0.016022088290334
60,23,8,regul,0.013329488899759
60,23,9,reduc,0.0132846122432494
60,23,10,nonlinear,0.0128021881857714
60,24,1,process,0.142525114795093
60,24,2,industri,0.0657390540453144
60,24,3,product,0.0460002263565223
60,24,4,tool,0.0399505788259642
60,24,5,paramet,0.0396406859680514
60,24,6,machin,0.0358411300579904
60,24,7,manufactur,0.0342108241533188
60,24,8,qualiti,0.026557817923125
60,24,9,cut,0.0264769763080173
60,24,10,surfac,0.0234049949339255
60,25,1,studi,0.105883444021285
60,25,2,analysi,0.101125909652616
60,25,3,assess,0.059705249668177
60,25,4,evalu,0.0581394788632986
60,25,5,impact,0.0422167942167653
60,25,6,environment,0.0396392945841192
60,25,7,indic,0.0231264347880549
60,25,8,comprehens,0.0216690635004372
60,25,9,provid,0.0211029771325196
60,25,10,reveal,0.0210909327417129
60,26,1,time,0.151876422339926
60,26,2,seri,0.0559915794967269
60,26,3,hour,0.0439354060082649
60,26,4,period,0.0422166799230212
60,26,5,season,0.0419406801137119
60,26,6,day,0.0403724993790004
60,26,7,use,0.035341775582046
60,26,8,model,0.0334097769168814
60,26,9,averag,0.0316534144940045
60,26,10,data,0.0295332341406746
60,27,1,framework,0.133374565676523
60,27,2,integr,0.0351514596675296
60,27,3,demonstr,0.0303824175637008
60,27,4,across,0.0281788646273334
60,27,5,robust,0.0220472390652677
60,27,6,achiev,0.0192369106826543
60,27,7,enabl,0.0184491671208612
60,27,8,limit,0.0183959412045238
60,27,9,baselin,0.0175123909933233
60,27,10,address,0.017437874710451
60,28,1,learn,0.106965882614952
60,28,2,machin,0.10282220071267
60,28,3,model,0.0561602737613924
60,28,4,regress,0.0424764870143219
60,28,5,support,0.0336965925443706
60,28,6,accuraci,0.0305165575961077
60,28,7,random,0.0293494740629069
60,28,8,vector,0.0288355290207634
60,28,9,ensembl,0.0264906547659837
60,28,10,algorithm,0.02613731754951
60,29,1,wave,0.0307600739207405
60,29,2,coupl,0.023059996781229
60,29,3,generat,0.0214506112890068
60,29,4,harvest,0.0209927688644953
60,29,5,field,0.0208124066972635
60,29,6,analyt,0.0199522178996964
60,29,7,theoret,0.016733446915252
60,29,8,forc,0.015776140027637
60,29,9,interact,0.0154986597703573
60,29,10,motion,0.0149714472815259
60,30,1,increas,0.102443397471223
60,30,2,rate,0.0829614163633118
60,30,3,result,0.0559893508852271
60,30,4,show,0.0495988471220741
60,30,5,higher,0.0448512461482338
60,30,6,decreas,0.0421475714792076
60,30,7,lower,0.0419276553578035
60,30,8,compar,0.0354724703824729
60,30,9,averag,0.0311388291665697
60,30,10,respect,0.0301427384990337
60,31,1,heat,0.18270608193682
60,31,2,temperatur,0.16790194146032
60,31,3,thermal,0.105407395897412
60,31,4,cool,0.0674551565450052
60,31,5,air,0.0468932590607513
60,31,6,pump,0.0320997613883325
60,31,7,condit,0.0211376731850294
60,31,8,perform,0.0202968916626401
60,31,9,exchang,0.0147945619528268
60,31,10,hot,0.0139431376263567
60,32,1,simul,0.137283294869163
60,32,2,model,0.124442436408965
60,32,3,use,0.0658075222900282
60,32,4,test,0.0628663899916397
60,32,5,perform,0.0623407408149064
60,32,6,result,0.0498002533128414
60,32,7,valid,0.048285883065586
60,32,8,present,0.0441933287610199
60,32,9,develop,0.0399255580642093
60,32,10,experiment,0.0360582819782431
60,33,1,factor,0.108698306585163
60,33,2,variabl,0.0846084184873992
60,33,3,analysi,0.0603786207966707
60,33,4,influenc,0.0523528977820514
60,33,5,correl,0.0401426060323929
60,33,6,studi,0.0300309581772069
60,33,7,relationship,0.0295094769670653
60,33,8,regress,0.0262025229515328
60,33,9,signific,0.025935422819509
60,33,10,effect,0.0224376829953881
60,34,1,uncertainti,0.0823033509877761
60,34,2,price,0.0758339710413436
60,34,3,market,0.0667969772640313
60,34,4,stochast,0.0319705680971464
60,34,5,dayahead,0.0244816944237469
60,34,6,probabilist,0.0243054856314316
60,34,7,interv,0.0242928992891234
60,34,8,risk,0.0233237509313893
60,34,9,decis,0.0197744024004672
60,34,10,probabl,0.0170054070926556
60,35,1,differ,0.113674259979447
60,35,2,two,0.0607922602615512
60,35,3,use,0.0464351562657424
60,35,4,three,0.044986851915288
60,35,5,type,0.0419768976565176
60,35,6,result,0.0332996655046648
60,35,7,case,0.0282872730570053
60,35,8,select,0.0255921675700727
60,35,9,base,0.0254410401595905
60,35,10,one,0.0245594635984444
60,36,1,system,0.676262958201209
60,36,2,integr,0.0594669822807482
60,36,3,oper,0.0370789812019345
60,36,4,develop,0.0179248025011718
60,36,5,can,0.015175398859914
60,36,6,provid,0.0130806151332413
60,36,7,suppli,0.0117844677023627
60,36,8,reliabl,0.0114440653467784
60,36,9,paper,0.0113524185587364
60,36,10,effici,0.0108287226270683
60,37,1,network,0.1833489088289
60,37,2,neural,0.128530762236894
60,37,3,artifici,0.0626831387029538
60,37,4,model,0.0554778891277976
60,37,5,use,0.0544015337431082
60,37,6,train,0.0422703754074322
60,37,7,ann,0.0422197233893291
60,37,8,input,0.0390159832443124
60,37,9,fuzzi,0.0248967331980924
60,37,10,intellig,0.0203127255597681
60,38,1,water,0.0756977985132071
60,38,2,process,0.0517442027340498
60,38,3,product,0.0356838125357151
60,38,4,wast,0.0286255906857565
60,38,5,concentr,0.0281950521995298
60,38,6,yield,0.0199887277196333
60,38,7,biomass,0.0195060027502277
60,38,8,remov,0.0183187602579056
60,38,9,membran,0.0181100143251896
60,38,10,chemic,0.0169488650744571
60,39,1,sustain,0.05580734991455
60,39,2,enhanc,0.0524786578063919
60,39,3,integr,0.0402091798833334
60,39,4,advanc,0.0309436436188566
60,39,5,signific,0.0262956528092944
60,39,6,challeng,0.0261840198422525
60,39,7,address,0.0219013732884636
60,39,8,offer,0.021180833228466
60,39,9,effici,0.0203791055560743
60,39,10,digit,0.0176999143470689
60,40,1,method,0.347136061905995
60,40,2,propos,0.103940543988758
60,40,3,base,0.0957700806183203
60,40,4,improv,0.0242236326319293
60,40,5,new,0.0236111367922784
60,40,6,paper,0.0225594929921231
60,40,7,can,0.0224670407899116
60,40,8,result,0.0176479697496394
60,40,9,construct,0.0168158999297363
60,40,10,tradit,0.0148975167338486
60,41,1,model,0.674093346455244
60,41,2,develop,0.0300888028402193
60,41,3,accuraci,0.0232365898973548
60,41,4,grey,0.021236111622089
60,41,5,accur,0.0199599444464884
60,41,6,nonlinear,0.0173386280857952
60,41,7,valid,0.0113486902615798
60,41,8,new,0.010256475111291
60,41,9,novel,0.0097736010448475
60,41,10,linear,0.0088768349214524
60,42,1,technolog,0.0836622570459137
60,42,2,research,0.0539242846215702
60,42,3,role,0.0389817502500637
60,42,4,develop,0.0387488477455038
60,42,5,applic,0.0275695275266244
60,42,6,play,0.0262456606585992
60,42,7,futur,0.0204721301508228
60,42,8,recent,0.0173708494322082
60,42,9,focus,0.0172973012728735
60,42,10,howev,0.015237952811501
60,43,1,chang,0.101265379133446
60,43,2,climat,0.0703448508623219
60,43,3,impact,0.0630625601989714
60,43,4,increas,0.04586285408678
60,43,5,weather,0.0345824430592371
60,43,6,futur,0.0259631186377314
60,43,7,effect,0.0241717530200088
60,43,8,signific,0.0230813565570472
60,43,9,scenario,0.0180058206401666
60,43,10,due,0.0173697560367723
60,44,1,manag,0.146432853325532
60,44,2,grid,0.132732648801983
60,44,3,smart,0.089450973119389
60,44,4,peak,0.0429956561601291
60,44,5,flexibl,0.0318944418178826
60,44,6,util,0.0231832536222609
60,44,7,integr,0.0227392050485711
60,44,8,respons,0.0220731321880363
60,44,9,load,0.0197875880587502
60,44,10,provid,0.0155299458521945
60,45,1,solar,0.24494181267792
60,45,2,photovolta,0.129607122809831
60,45,3,modul,0.0579630427809631
60,45,4,irradi,0.0425015536666533
60,45,5,output,0.0388805079988773
60,45,6,radiat,0.0369509542520348
60,45,7,panel,0.0281050779840423
60,45,8,instal,0.0165026963634177
60,45,9,meteorolog,0.0163022232468626
60,45,10,weather,0.0160140431418147
60,46,1,learn,0.0903417361314491
60,46,2,deep,0.0832167694614312
60,46,3,shortterm,0.077425002076294
60,46,4,model,0.0534383428114332
60,46,5,network,0.0497228693945527
60,46,6,lstm,0.0464007990453419
60,46,7,long,0.0446414131038191
60,46,8,memori,0.040335835085434
60,46,9,accuraci,0.0296811686693797
60,46,10,propos,0.024107958544059
60,47,1,plant,0.107440785047155
60,47,2,reserv,0.075067853436577
60,47,3,right,0.0613973816556239
60,47,4,use,0.0592591431080295
60,47,5,unit,0.0554103137223597
60,47,6,engin,0.0327022203469078
60,47,7,technolog,0.0300508045478908
60,47,8,paper,0.0279268209239471
60,47,9,institut,0.0275704478326814
60,47,10,generat,0.0232226961192396
60,48,1,comput,0.0693050128815751
60,48,2,resourc,0.0665361872439133
60,48,3,task,0.0400838015381837
60,48,4,servic,0.0351878523419749
60,48,5,cloud,0.0341421156204546
60,48,6,alloc,0.028081595984371
60,48,7,schedul,0.0264179239274069
60,48,8,edg,0.0249206190761391
60,48,9,center,0.0231381133008204
60,48,10,propos,0.019287900826132
60,49,1,electr,0.148769180050411
60,49,2,vehicl,0.113984855839743
60,49,3,batteri,0.0709068065654114
60,49,4,charg,0.0704395544491487
60,49,5,drive,0.0466486341961057
60,49,6,station,0.0290617837089954
60,49,7,transport,0.0252978083279902
60,49,8,manag,0.0197556790600964
60,49,9,traffic,0.0170689793915858
60,49,10,road,0.0138501314795538
60,50,1,hybrid,0.140420704556517
60,50,2,approach,0.140034406298207
60,50,3,propos,0.111577101269376
60,50,4,techniqu,0.0670111588690217
60,50,5,novel,0.0471554283918919
60,50,6,combin,0.0324760945761149
60,50,7,perform,0.0302484412865277
60,50,8,compar,0.0286259886016261
60,50,9,util,0.0208098871751554
60,50,10,demonstr,0.0198312649207702
60,51,1,new,0.046052301839419
60,51,2,one,0.0333312648720378
60,51,3,order,0.0330329291082625
60,51,4,paper,0.0295961011095704
60,51,5,will,0.0269588129577962
60,51,6,take,0.0237009864173693
60,51,7,main,0.0234861846674511
60,51,8,possibl,0.0231878489036757
60,51,9,well,0.0215887692098398
60,51,10,also,0.0193214174051471
60,52,1,dynam,0.153576261382345
60,52,2,adapt,0.0953394876734343
60,52,3,adjust,0.0256647498697852
60,52,4,propos,0.0253375769837801
60,52,5,track,0.02469631812721
60,52,6,target,0.0230473667817443
60,52,7,realtim,0.0230342798663041
60,52,8,environ,0.0205739397635456
60,52,9,onlin,0.0198018117525735
60,52,10,time,0.0188464669254386
60,53,1,emiss,0.133078861208663
60,53,2,carbon,0.0885862507316359
60,53,3,reduct,0.0390979386157448
60,53,4,china,0.0337707144424934
60,53,5,scenario,0.0308670343137255
60,53,6,green,0.0255512419520047
60,53,7,industri,0.0242365836259877
60,53,8,greenhous,0.0224875164618086
60,53,9,develop,0.0177433146766169
60,53,10,environment,0.0165544062774364
60,54,1,paramet,0.0992997113623798
60,54,2,valu,0.0922613159643489
60,54,3,use,0.069167769982702
60,54,4,obtain,0.0495363536292757
60,54,5,calcul,0.0394036006148134
60,54,6,determin,0.037349150066199
60,54,7,base,0.0344450193524169
60,54,8,result,0.0318072063023441
60,54,9,point,0.0313633435294953
60,54,10,differ,0.0313506617359854
60,55,1,use,0.0801376583130426
60,55,2,natur,0.0704309823933761
60,55,3,part,0.0480263590841923
60,55,4,result,0.0377662979426035
60,55,5,author,0.0307368099884537
60,55,6,springer,0.0297048213313551
60,55,7,can,0.0280446656655878
60,55,8,perform,0.0255469539882623
60,55,9,show,0.0246346161899577
60,55,10,base,0.0209254395673425
60,56,1,flow,0.0851092699902623
60,56,2,transfer,0.0446190544605372
60,56,3,numer,0.0306738183037211
60,56,4,pressur,0.0265917295513579
60,56,5,fluid,0.0246647100006613
60,56,6,experiment,0.0210957329629807
60,56,7,veloc,0.0204229864926192
60,56,8,rate,0.0197160325746121
60,56,9,mass,0.0190204811391536
60,56,10,investig,0.0172188888964905
60,57,1,gas,0.0852928287810692
60,57,2,fuel,0.0850122646601433
60,57,3,hydrogen,0.0527473907536754
60,57,4,cycl,0.0449316759564565
60,57,5,engin,0.0420725939622601
60,57,6,oil,0.0284719141954757
60,57,7,combust,0.0213375694062194
60,57,8,coal,0.0204424362585038
60,57,9,effici,0.020068350763936
60,57,10,use,0.0169955056299867
60,58,1,data,0.407164927914675
60,58,2,use,0.045710841743079
60,58,3,cluster,0.0364762016935603
60,58,4,collect,0.0333687515819176
60,58,5,inform,0.027066141073223
60,58,6,sampl,0.0251615748757646
60,58,7,histor,0.021189551950802
60,58,8,set,0.0209765412576653
60,58,9,base,0.0206758202791192
60,58,10,dataset,0.0206257001160282
60,59,1,wind,0.312691835699366
60,59,2,speed,0.0928052578923651
60,59,3,turbin,0.082177241306991
60,59,4,farm,0.0411814386650077
60,59,5,output,0.0201379658259669
60,59,6,ltd,0.0195286262084055
60,59,7,use,0.0183524590396241
60,59,8,wiley,0.0165102694981592
60,59,9,son,0.0151215419976703
60,59,10,john,0.0150223471762069
60,60,1,structur,0.0589275797253135
60,60,2,mechan,0.0497829314138027
60,60,3,materi,0.0389829015101352
60,60,4,phase,0.0351114445607365
60,60,5,effect,0.0263539419441656
60,60,6,properti,0.0217081936048871
60,60,7,test,0.0187712262639639
60,60,8,element,0.0169823461563107
60,60,9,stress,0.0169556464532114
60,60,10,behavior,0.0166352500160198
70,1,1,behavior,0.0563838041670063
70,1,2,residenti,0.0494398000126804
70,1,3,household,0.0426165611479948
70,1,4,pattern,0.039718194196624
70,1,5,consum,0.0354914090592082
70,1,6,user,0.0348724869498009
70,1,7,use,0.0336346427309863
70,1,8,profil,0.0331213902500143
70,1,9,usag,0.028758744161753
70,1,10,home,0.0257698032431519
70,2,1,sustain,0.0944490461282785
70,2,2,environment,0.0797883460666189
70,2,3,studi,0.0474898182231973
70,2,4,impact,0.0269277894363569
70,2,5,green,0.0268616310425769
70,2,6,research,0.0249695009804674
70,2,7,assess,0.0234213945660142
70,2,8,develop,0.0232890777784541
70,2,9,contribut,0.0217806664002689
70,2,10,find,0.0217145080064888
70,3,1,data,0.401495451493839
70,3,2,use,0.052082814181137
70,3,3,cluster,0.0444457799889182
70,3,4,collect,0.0364862606676615
70,3,5,inform,0.028380157196842
70,3,6,articl,0.0201714448213286
70,3,7,provid,0.0199075933521157
70,3,8,open,0.0172837370749426
70,3,9,set,0.0169905687758171
70,3,10,analysi,0.0156566530147962
70,4,1,one,0.0362682083575417
70,4,2,new,0.0322950020973318
70,4,3,order,0.0258336568348267
70,4,4,paper,0.0236451366652684
70,4,5,possibl,0.0235930290421837
70,4,6,main,0.0207922443013801
70,4,7,well,0.0207792173956089
70,4,8,allow,0.0179914595605764
70,4,9,also,0.0169623340046532
70,4,10,take,0.0168971994757973
70,5,1,chang,0.113842564337672
70,5,2,impact,0.0856049478611539
70,5,3,climat,0.0752969037906153
70,5,4,increas,0.0616161144222093
70,5,5,futur,0.0364446300346619
70,5,6,global,0.0220776111034863
70,5,7,signific,0.0200919255601531
70,5,8,will,0.0194494978843689
70,5,9,effect,0.0187778689505944
70,5,10,scenario,0.01736160793807
70,6,1,process,0.164326814917366
70,6,2,industri,0.0758522973089902
70,6,3,machin,0.0471282092485692
70,6,4,tool,0.0463092868885895
70,6,5,paramet,0.043311722023758
70,6,6,manufactur,0.0392480129544247
70,6,7,cut,0.0304098320127567
70,6,8,product,0.0288183413886451
70,6,9,qualiti,0.026485185230967
70,6,10,surfac,0.0229468225812433
70,7,1,optim,0.266871969240089
70,7,2,algorithm,0.244235927859386
70,7,3,improv,0.0429539010672641
70,7,4,propos,0.0365137494508133
70,7,5,hybrid,0.0359270407230435
70,7,6,search,0.0260075699070271
70,7,7,swarm,0.0239336227763057
70,7,8,particl,0.0224873175404079
70,7,9,genet,0.0213957664189755
70,7,10,base,0.0202359933524537
70,8,1,build,0.331013072848841
70,8,2,occup,0.0317485366312947
70,8,3,studi,0.0254229646112757
70,8,4,use,0.0248394736911901
70,8,5,simul,0.0218557133043886
70,8,6,residenti,0.0207019926214921
70,8,7,window,0.019733928140441
70,8,8,offic,0.0181558504247549
70,8,9,light,0.0146946883760652
70,8,10,retrofit,0.0140846751414302
70,9,1,voltag,0.0706455990180466
70,9,2,frequenc,0.0557661797127728
70,9,3,current,0.0476273875507387
70,9,4,convert,0.036692265351116
70,9,5,propos,0.029333502094304
70,9,6,filter,0.025536380253789
70,9,7,circuit,0.024638611136458
70,9,8,output,0.0246238936099443
70,9,9,stabil,0.0227694852692277
70,9,10,switch,0.0199142851255847
70,10,1,estim,0.159850425683824
70,10,2,measur,0.10520750211492
70,10,3,use,0.0740686853899552
70,10,4,state,0.0385050368086013
70,10,5,standard,0.0249155532089781
70,10,6,assess,0.0179108193888632
70,10,7,present,0.0178358222387549
70,10,8,curv,0.0175958313584084
70,10,9,observ,0.0166958655571088
70,10,10,calibr,0.0166058689769789
70,11,1,base,0.108309322082347
70,11,2,can,0.0829974616677529
70,11,3,characterist,0.0495675116340228
70,11,4,new,0.0378620267782618
70,11,5,establish,0.0327739283550006
70,11,6,effect,0.0317734595639099
70,11,7,construct,0.0310445465875439
70,11,8,method,0.0255562606478464
70,11,9,analyz,0.0222404212259459
70,11,10,paper,0.0213542917252655
70,12,1,machin,0.111190149197058
70,12,2,learn,0.0827487665538217
70,12,3,regress,0.045332383232529
70,12,4,model,0.0451104738751045
70,12,5,support,0.0381942989020418
70,12,6,vector,0.0343232134447483
70,12,7,random,0.0330164138954708
70,12,8,accuraci,0.0309822447857465
70,12,9,ensembl,0.0309329315952077
70,12,10,forest,0.0243989338488206
70,13,1,dynam,0.171669366862724
70,13,2,adapt,0.10762776036347
70,13,3,stabil,0.0337832681764285
70,13,4,adjust,0.0284415759752991
70,13,5,strategi,0.025125030817455
70,13,6,balanc,0.0243325819744303
70,13,7,tradit,0.0233200084527877
70,13,8,address,0.0231732586670423
70,13,9,improv,0.0206344873736484
70,13,10,enhanc,0.019240364409068
70,14,1,network,0.106864143660317
70,14,2,sensor,0.0658862689155548
70,14,3,node,0.0556513358812595
70,14,4,wireless,0.031964776573319
70,14,5,rout,0.0298796473588787
70,14,6,communic,0.0292820798401062
70,14,7,mobil,0.0269172381700703
70,14,8,transmiss,0.0236751165256662
70,14,9,propos,0.0226452661209731
70,14,10,scheme,0.0214247026783739
70,15,1,devic,0.0615972904046486
70,15,2,iot,0.0385181823234101
70,15,3,secur,0.0338869231766733
70,15,4,deploy,0.0262607831150467
70,15,5,environ,0.0255660942430361
70,15,6,comput,0.0247633426576018
70,15,7,internet,0.0225557757976572
70,15,8,applic,0.0194991447608109
70,15,9,edg,0.0194528321693435
70,15,10,thing,0.0190977689680937
70,16,1,use,0.110460369795481
70,16,2,engin,0.0607583715544094
70,16,3,result,0.049213212287273
70,16,4,can,0.0467079652839338
70,16,5,ltd,0.0401382616038486
70,16,6,optimis,0.0369147269981535
70,16,7,publish,0.035057690757916
70,16,8,institut,0.0289434865329834
70,16,9,effect,0.0287507752250343
70,16,10,base,0.0256323558782205
70,17,1,factor,0.11645831388036
70,17,2,analysi,0.101243800223
70,17,3,variabl,0.0691944546667912
70,17,4,influenc,0.0563966868611415
70,17,5,studi,0.0450132646391634
70,17,6,correl,0.0377492955735103
70,17,7,indic,0.0281784327403152
70,17,8,signific,0.0257616868886045
70,17,9,relationship,0.0228918011896981
70,17,10,identifi,0.0225073188951077
70,18,1,detect,0.0695338015274914
70,18,2,monitor,0.0669995976951416
70,18,3,fault,0.0309030318581099
70,18,4,mainten,0.030570417605114
70,18,5,classif,0.0245516835032834
70,18,6,data,0.0229678061080648
70,18,7,event,0.0208612491724241
70,18,8,use,0.0207503777547588
70,18,9,reliabl,0.0185329494014527
70,18,10,accuraci,0.0170916209718038
70,19,1,cell,0.0816651026237678
70,19,2,effici,0.0367148038866711
70,19,3,high,0.0302576111034298
70,19,4,densiti,0.0246976592308439
70,19,5,devic,0.0245358616895782
70,19,6,layer,0.0227119621334918
70,19,7,convers,0.0206821384339763
70,19,8,light,0.0196083911146674
70,19,9,properti,0.0179021624976834
70,19,10,materi,0.0177256560890298
70,20,1,shortterm,0.0997011875048407
70,20,2,model,0.071219060039825
70,20,3,lstm,0.0530804420226308
70,20,4,long,0.0510567119132744
70,20,5,memori,0.0467469163100155
70,20,6,network,0.0397263217331125
70,20,7,deep,0.0374777327227165
70,20,8,accuraci,0.0337051000497188
70,20,9,hybrid,0.0320186582919218
70,20,10,propos,0.0282835021024307
70,21,1,manag,0.142477911566125
70,21,2,smart,0.098072073980154
70,21,3,grid,0.0674330477888669
70,21,4,intellig,0.0478418161887398
70,21,5,integr,0.0343182852448976
70,21,6,digit,0.0263902046704122
70,21,7,realtim,0.0261183029900598
70,21,8,system,0.0205085420059475
70,21,9,effici,0.0196642157353796
70,21,10,advanc,0.0182045330303299
70,22,1,oper,0.353292926847912
70,22,2,condit,0.120599982164242
70,22,3,unit,0.0673475042678421
70,22,4,present,0.0393039595383087
70,22,5,system,0.0156875047774352
70,22,6,formula,0.0148912655744388
70,22,7,equip,0.0130280658394272
70,22,8,requir,0.0124866231813897
70,22,9,demonstr,0.0115948352740337
70,22,10,limit,0.0098112594593217
70,23,1,develop,0.0420216521238829
70,23,2,growth,0.038931362918037
70,23,3,polici,0.0383283796583597
70,23,4,sector,0.036657613543004
70,23,5,econom,0.0349114745201886
70,23,6,countri,0.0325874765401826
70,23,7,futur,0.0283917180249283
70,23,8,project,0.026645579002113
70,23,9,plan,0.0263440873722743
70,23,10,will,0.0250878722479467
70,24,1,region,0.0831250617101106
70,24,2,area,0.0766917826816746
70,24,3,urban,0.0648434414494471
70,24,4,potenti,0.0415324471761453
70,24,5,studi,0.0396965713862559
70,24,6,citi,0.0396502888033175
70,24,7,locat,0.0282647734004739
70,24,8,develop,0.0269225784952607
70,24,9,assess,0.0266448829976303
70,24,10,use,0.0207207123815166
70,25,1,plant,0.122942185909216
70,25,2,use,0.106309989562857
70,25,3,generat,0.0860760182617994
70,25,4,can,0.0400693461737944
70,25,5,author,0.0344505772444661
70,25,6,electr,0.0255181753568158
70,25,7,switzerland,0.0205877456410519
70,25,8,one,0.0200274695369878
70,25,9,present,0.0194992092102988
70,25,10,license,0.0191470356591728
70,26,1,price,0.0932853019696159
70,26,2,market,0.0821333226092848
70,26,3,flexibl,0.0499457095040849
70,26,4,respons,0.0400620551195474
70,26,5,strategi,0.0284151196711017
70,26,6,dayahead,0.0240687865223457
70,26,7,trade,0.0194285731962717
70,26,8,aggreg,0.0194131058185182
70,26,9,particip,0.0178044985321458
70,26,10,profit,0.0159484132017163
70,27,1,system,0.715428692637825
70,27,2,integr,0.0544833517845364
70,27,3,hybrid,0.0533501282867114
70,27,4,oper,0.0320368094237704
70,27,5,combin,0.0146316587776877
70,27,6,electr,0.0131352226203033
70,27,7,develop,0.0126267248969202
70,27,8,convent,0.0094595105055629
70,27,9,paper,0.0067862653312063
70,27,10,standalon,0.0065683377354707
70,28,1,learn,0.137514908442947
70,28,2,deep,0.0656270370127892
70,28,3,train,0.0589235748382487
70,28,4,data,0.0359382427535716
70,28,5,propos,0.0355539678518464
70,28,6,dataset,0.0286370196207918
70,28,7,approach,0.0256339824258278
70,28,8,reinforc,0.0243957632980465
70,28,9,domain,0.0165537088220978
70,28,10,onlin,0.0153866517131544
70,29,1,process,0.0629576015325195
70,29,2,concentr,0.0398334190932593
70,29,3,remov,0.0226762676453631
70,29,4,chemic,0.0200259759582897
70,29,5,treatment,0.0191580441777276
70,29,6,experiment,0.0191115478323404
70,29,7,condit,0.0189875575779744
70,29,8,reactor,0.0183521075243486
70,29,9,reaction,0.0177321562525186
70,29,10,separ,0.0166627403086117
70,30,1,thermal,0.0999067937895814
70,30,2,air,0.0958290220837691
70,30,3,temperatur,0.0732348380403394
70,30,4,comfort,0.0644274059546563
70,30,5,condit,0.0466461021218283
70,30,6,indoor,0.0440662873691715
70,30,7,ventil,0.0362574932522587
70,30,8,hvac,0.0303488852703674
70,30,9,environ,0.0266594727746324
70,30,10,humid,0.0174775514506604
70,31,1,distribut,0.197029062319133
70,31,2,loss,0.0610168885304963
70,31,3,load,0.0479456731675912
70,31,4,activ,0.0378658802260475
70,31,5,propos,0.0354109629128651
70,31,6,local,0.0321269013415879
70,31,7,effect,0.0277210563623003
70,31,8,consid,0.0271195203319178
70,31,9,can,0.0245507989048793
70,31,10,line,0.0215268610224162
70,32,1,renew,0.148684617847287
70,32,2,storag,0.0975536511346709
70,32,3,sourc,0.0799323192688999
70,32,4,grid,0.0748919833523393
70,32,5,system,0.0646128730973063
70,32,6,microgrid,0.0485658193787025
70,32,7,suppli,0.0322541810975497
70,32,8,oper,0.0234832028490466
70,32,9,dispatch,0.0223984061425952
70,32,10,integr,0.0219353831581343
70,33,1,method,0.402730507982082
70,33,2,propos,0.133937587566997
70,33,3,base,0.0656389262092517
70,33,4,fuzzi,0.0326547580345866
70,33,5,compar,0.0272892566263223
70,33,6,result,0.0268577149580973
70,33,7,improv,0.0230026093886205
70,33,8,combin,0.0193632746532563
70,33,9,weight,0.0164719454761487
70,33,10,paper,0.0144436996354911
70,34,1,weather,0.0704931582056775
70,34,2,hour,0.0590951406252797
70,34,3,data,0.0504720330840887
70,34,4,day,0.050367600985839
70,34,5,season,0.0473092323942401
70,34,6,period,0.0467124775470989
70,34,7,use,0.0460262094728865
70,34,8,peak,0.0402824440691519
70,34,9,daili,0.035031001414309
70,34,10,year,0.0347027862483813
70,35,1,can,0.0590882173622597
70,35,2,larg,0.0533706144381143
70,35,3,scale,0.0364220057701115
70,35,4,high,0.0352697337522353
70,35,5,howev,0.0344675190562455
70,35,6,wave,0.0323088322379456
70,35,7,requir,0.0295375451063445
70,35,8,small,0.0286186446363925
70,35,9,size,0.0265183007050738
70,35,10,due,0.0252931000784712
70,36,1,heat,0.212807948822649
70,36,2,temperatur,0.131193324961286
70,36,3,thermal,0.0843894697103939
70,36,4,cool,0.0732952225398122
70,36,5,pump,0.0395502207292927
70,36,6,perform,0.0225364736216297
70,36,7,transfer,0.018337609241097
70,36,8,exchang,0.0180037545808712
70,36,9,refriger,0.0163601624074516
70,36,10,hot,0.0156667719592903
70,37,1,fuel,0.0968328399733254
70,37,2,gas,0.0960784668724596
70,37,3,cycl,0.0428046384893226
70,37,4,engin,0.0322283276151852
70,37,5,oil,0.0321076279190467
70,37,6,wast,0.0266610541307962
70,37,7,coal,0.0248807336127531
70,37,8,combust,0.0240961855878528
70,37,9,biomass,0.0224818271520001
70,37,10,natur,0.0179555885468058
70,38,1,uncertainti,0.0976227591582229
70,38,2,propos,0.045844662735835
70,38,3,stochast,0.0385412886067364
70,38,4,interv,0.0332162215227907
70,38,5,robust,0.0303305706448983
70,38,6,probabilist,0.0287538748044005
70,38,7,plan,0.0261359647296115
70,38,8,probabl,0.0239196658594777
70,38,9,scenario,0.0207811486675433
70,38,10,method,0.0199630517691717
70,39,1,flow,0.0951376715631865
70,39,2,pressur,0.0335803281867567
70,39,3,numer,0.0315645644036529
70,39,4,fluid,0.025440725062578
70,39,5,transfer,0.0237949432396641
70,39,6,veloc,0.0208350875581446
70,39,7,mass,0.0199292696556106
70,39,8,rate,0.0190489677503311
70,39,9,effect,0.0176838618972165
70,39,10,investig,0.0171225099576179
70,40,1,simul,0.155492392824134
70,40,2,test,0.0802945114581606
70,40,3,result,0.0716001729980804
70,40,4,perform,0.0610099651634003
70,40,5,experiment,0.060728547053108
70,40,6,valid,0.0504641917671872
70,40,7,use,0.0447025262459417
70,40,8,develop,0.0339345806573927
70,40,9,model,0.0311055880749816
70,40,10,numer,0.0301280304287035
70,41,1,optim,0.278582814275493
70,41,2,problem,0.0760055868860738
70,41,3,schedul,0.0695217478220614
70,41,4,solut,0.0436389987795127
70,41,5,minim,0.0419161125373511
70,41,6,object,0.0351034783889567
70,41,7,solv,0.0333805921467952
70,41,8,multiobject,0.0333674403434199
70,41,9,cost,0.0333542885400446
70,41,10,constraint,0.0299611232692227
70,42,1,control,0.375095246612161
70,42,2,strategi,0.0892941582894566
70,42,3,mpc,0.0374383500224182
70,42,4,system,0.0312029126475251
70,42,5,propos,0.0293286063246201
70,42,6,track,0.02379143993277
70,42,7,regul,0.0187687890021095
70,42,8,simul,0.0166617256848568
70,42,9,scheme,0.0158899524930724
70,42,10,disturb,0.0134888803408542
70,43,1,approach,0.204014945009325
70,43,2,techniqu,0.118728270060226
70,43,3,use,0.0704836065823975
70,43,4,methodolog,0.0379592858385658
70,43,5,propos,0.033090558331629
70,43,6,novel,0.0221626307612004
70,43,7,present,0.0218879063250723
70,43,8,work,0.0211095204227093
70,43,9,applic,0.0200411476155445
70,43,10,util,0.0190643496204224
70,44,1,cost,0.153593045755953
70,44,2,capac,0.0542319536541048
70,44,3,econom,0.0527865941430493
70,44,4,save,0.0295428534346462
70,44,5,analysi,0.0284219623852561
70,44,6,year,0.0228912499705029
70,44,7,studi,0.0221095759492177
70,44,8,reduc,0.0216523703895981
70,44,9,instal,0.0210771762984638
70,44,10,benefit,0.0201332680463459
70,45,1,comput,0.0487730465571967
70,45,2,applic,0.038431459051897
70,45,3,architectur,0.0371423414958347
70,45,4,implement,0.0306967537155233
70,45,5,reduc,0.0251678717528561
70,45,6,hardwar,0.0187652545577467
70,45,7,propos,0.0174474899448831
70,45,8,core,0.0162156665024235
70,45,9,design,0.016101078275218
70,45,10,requir,0.0148262842475564
70,46,1,time,0.257715738153089
70,46,2,seri,0.0809604297316418
70,46,3,model,0.0733095162637932
70,46,4,use,0.0360473268220538
70,46,5,averag,0.032574004180792
70,46,6,move,0.0208895547424459
70,46,7,result,0.0208415364570829
70,46,8,autoregress,0.0190488538035284
70,46,9,horizon,0.0186967197108659
70,46,10,term,0.0175922991475154
70,47,1,error,0.17904948172366
70,47,2,mean,0.112705864245036
70,47,3,model,0.101467255444157
70,47,4,squar,0.0486179297606853
70,47,5,absolut,0.0448496122878995
70,47,6,rmse,0.0373395147893192
70,47,7,root,0.0290465626044912
70,47,8,percentag,0.027175672591594
70,47,9,mae,0.0263928179053462
70,47,10,accuraci,0.022544888091586
70,48,1,mechan,0.0325317361273744
70,48,2,coupl,0.0294359198103371
70,48,3,harvest,0.0237415426468748
70,48,4,field,0.0206938478269936
70,48,5,forc,0.0206938478269936
70,48,6,motion,0.0195228913961971
70,48,7,vibrat,0.0170847355402921
70,48,8,interact,0.0170686950412401
70,48,9,direct,0.0164431155782119
70,48,10,robot,0.0157212931208716
70,49,1,enhanc,0.0664253887037544
70,49,2,signific,0.0378095233599864
70,49,3,integr,0.0348594341492887
70,49,4,challeng,0.0334905927555249
70,49,5,demonstr,0.0333135874028831
70,49,6,advanc,0.0285698439520811
70,49,7,address,0.0254781504592699
70,49,8,offer,0.0206636048674112
70,49,9,effect,0.0197313766768307
70,49,10,employ,0.0175601110177572
70,50,1,technolog,0.0986901549469469
70,50,2,reserv,0.080283336792879
70,50,3,right,0.0657227194471239
70,50,4,research,0.0513147291175717
70,50,5,develop,0.0346783843514573
70,50,6,includ,0.0295195912037998
70,50,7,mine,0.024345535354522
70,50,8,applic,0.0210182664012992
70,50,9,paper,0.0209266901915774
70,50,10,review,0.0175994212383546
70,51,1,framework,0.120849902262978
70,51,2,integr,0.0351219912024262
70,51,3,across,0.0329610964429685
70,51,4,demonstr,0.0269254938389662
70,51,5,achiev,0.0218337303253016
70,51,6,enabl,0.0181825633179421
70,51,7,remain,0.0179590224807569
70,51,8,baselin,0.0178099952559667
70,51,9,valid,0.017623711224979
70,51,10,evalu,0.0166177774576452
70,52,1,first,0.102250657463243
70,52,2,base,0.0829565787714193
70,52,3,second,0.0552889972809995
70,52,4,propos,0.0546044713868176
70,52,5,final,0.0518504486032488
70,52,6,two,0.0475522627560604
70,52,7,stage,0.0461513725540139
70,52,8,result,0.0383509612017091
70,52,9,paper,0.026618505759569
70,52,10,model,0.0250425042822666
70,53,1,solar,0.274290115057332
70,53,2,photovolta,0.140631707118629
70,53,3,modul,0.0632675047905485
70,53,4,irradi,0.0476123008380304
70,53,5,output,0.0427305705732666
70,53,6,radiat,0.0406123485330962
70,53,7,panel,0.0315643139906462
70,53,8,instal,0.0146886774719371
70,53,9,array,0.0132437975372512
70,53,10,condit,0.0131315738530038
70,54,1,paramet,0.109821721503562
70,54,2,valu,0.0999059687851519
70,54,3,use,0.0998620289651294
70,54,4,select,0.0481155675853018
70,54,5,obtain,0.0443074498500188
70,54,6,determin,0.0428574357892763
70,54,7,set,0.0385073936070491
70,54,8,point,0.0284451748218973
70,54,9,input,0.0279618368016498
70,54,10,maximum,0.0263653566741657
70,55,1,wind,0.358262487578991
70,55,2,speed,0.10321777194703
70,55,3,turbin,0.0969179661369201
70,55,4,farm,0.0471689841725497
70,55,5,output,0.0244377260948348
70,55,6,use,0.017163723509966
70,55,7,offshor,0.016368129477246
70,55,8,blade,0.0145983386697668
70,55,9,studi,0.0145171556052035
70,55,10,wake,0.0143872627019023
70,56,1,resourc,0.0824295163616695
70,56,2,comput,0.0709780379518615
70,56,3,task,0.0437226742089606
70,56,4,cloud,0.0418070517443433
70,56,5,servic,0.0397928310646354
70,56,6,alloc,0.0325669904444244
70,56,7,center,0.02736945596322
70,56,8,propos,0.023143818173623
70,56,9,virtual,0.0219183832146399
70,56,10,util,0.0214535630577842
70,57,1,electr,0.158463451201229
70,57,2,vehicl,0.123570016117645
70,57,3,batteri,0.0778330347021611
70,57,4,charg,0.076257837310238
70,57,5,drive,0.0484668547527362
70,57,6,manag,0.0256546210947059
70,57,7,transport,0.0245154158380472
70,57,8,traffic,0.0164987862541525
70,57,9,road,0.0149798459119408
70,57,10,strategi,0.0148110747628062
70,58,1,compon,0.0619819433570692
70,58,2,mode,0.0562343883980166
70,58,3,decomposit,0.038991723520859
70,58,4,model,0.0388519181299631
70,58,5,propos,0.0385412394835278
70,58,6,result,0.0303703910822801
70,58,7,group,0.0269839938361357
70,58,8,combin,0.0258966185736122
70,58,9,base,0.0227898321092595
70,58,10,empir,0.0206772173134996
70,59,1,network,0.243087226018557
70,59,2,neural,0.161979520564001
70,59,3,artifici,0.0662733182798698
70,59,4,use,0.0498945169588839
70,59,5,ann,0.0494791125775545
70,59,6,train,0.037758774675762
70,59,7,model,0.0337975971823714
70,59,8,input,0.0322695024939099
70,59,9,accuraci,0.0177451850181443
70,59,10,data,0.0168401969016768
70,60,1,differ,0.152092590290566
70,60,2,perform,0.0766830196206539
70,60,3,studi,0.0481352139712238
70,60,4,type,0.0467764829681623
70,60,5,three,0.0463862091694106
70,60,6,compar,0.0463572999991327
70,60,7,two,0.0443481126648184
70,60,8,use,0.0359210895288094
70,60,9,evalu,0.0353573607083903
70,60,10,result,0.0312667131140669
70,61,1,increas,0.107716040988635
70,61,2,rate,0.0967466555461878
70,61,3,result,0.0509804454839675
70,61,4,higher,0.0508595707132518
70,61,5,show,0.0414011199047507
70,61,6,decreas,0.0412046984023377
70,61,7,lower,0.0399506226561627
70,61,8,respect,0.0345112579739575
70,61,9,dri,0.0278329268919168
70,61,10,effect,0.0269565848042282
70,62,1,effici,0.263090788366542
70,62,2,improv,0.140826144943132
70,62,3,perform,0.0737551730651449
70,62,4,reduc,0.0722096930218714
70,62,5,enhanc,0.0493280023811841
70,62,6,achiev,0.0419154221736318
70,62,7,signific,0.037078642038202
70,62,8,compar,0.0302241518462762
70,62,9,reduct,0.0279631717829688
70,62,10,overal,0.0230119116443335
70,63,1,model,0.278452741197067
70,63,2,linear,0.0502201861354927
70,63,3,nonlinear,0.0498441852210584
70,63,4,function,0.0346387082413385
70,63,5,grey,0.0277804515620582
70,63,6,regress,0.0235391612472402
70,63,7,novel,0.0222156380284317
70,63,8,equat,0.0189369100545653
70,63,9,new,0.0166959446045373
70,63,10,differenti,0.0155980219343893
70,64,1,emiss,0.158995947304029
70,64,2,carbon,0.10579748536223
70,64,3,scenario,0.0467275299309622
70,64,4,reduct,0.0454713034169361
70,64,5,china,0.027570075592065
70,64,6,greenhous,0.0268736891549419
70,64,7,industri,0.024456818579044
70,64,8,achiev,0.0164415472341169
70,64,9,reduc,0.0142704601066154
70,64,10,develop,0.0142294961985493
70,65,1,design,0.247370232308836
70,65,2,perform,0.180689556457016
70,65,3,configur,0.0512416401710339
70,65,4,analysi,0.0413743010634799
70,65,5,evalu,0.0395774707938944
70,65,6,space,0.0278371645409251
70,65,7,studi,0.0213959848457162
70,65,8,provid,0.0187007394413381
70,65,9,effici,0.0174673220528938
70,65,10,paramet,0.0171780019247402
70,66,1,product,0.160152342086235
70,66,2,water,0.0993013527211255
70,66,3,hydrogen,0.0650293359218941
70,66,4,use,0.0287762776891812
70,66,5,membran,0.0229322054604105
70,66,6,studi,0.0223213843517537
70,66,7,produc,0.0205384470616203
70,66,8,hydropow,0.0193168048443067
70,66,9,reservoir,0.0190856833437338
70,66,10,agricultur,0.0179630931980942
70,67,1,model,0.753093533490474
70,67,2,develop,0.0605518440182518
70,67,3,accur,0.0293070870039964
70,67,4,accuraci,0.0257727989086338
70,67,5,valid,0.0254014923772144
70,67,6,input,0.0116218944334275
70,67,7,physic,0.011346852558302
70,67,8,applic,0.008390152400703
70,67,9,mathemat,0.0074137537440075
70,67,10,compar,0.0072487286189322
70,68,1,featur,0.0908830751162658
70,68,2,extract,0.0425928082437853
70,68,3,tempor,0.0365843989484664
70,68,4,captur,0.0320130524949145
70,68,5,inform,0.0271691596403379
70,68,6,attent,0.0267727285115746
70,68,7,transform,0.0240968183924222
70,68,8,propos,0.0230809636249662
70,68,9,mechan,0.0230314097338708
70,68,10,depend,0.0175928701861492
70,69,1,natur,0.0796980746247939
70,69,2,use,0.0598755463467978
70,69,3,part,0.0530705451787752
70,69,4,role,0.0479075467801511
70,69,5,play,0.036904435438821
70,69,6,author,0.0368028682572087
70,69,7,springer,0.033603502036422
70,69,8,result,0.0328248203107279
70,69,9,import,0.0287113494554306
70,69,10,exclus,0.02117845015252
70,70,1,structur,0.0511990287929194
70,70,2,materi,0.0464865522772809
70,70,3,phase,0.0383567500764607
70,70,4,mechan,0.0306482620012109
70,70,5,effect,0.0246094262013694
70,70,6,life,0.0245626135207505
70,70,7,properti,0.0233454838246584
70,70,8,degrad,0.0221751668091853
70,70,9,stress,0.0188514664852415
70,70,10,composit,0.0182116931834495
80,1,1,smart,0.0672994571375866
80,1,2,residenti,0.0518502780193428
80,1,3,manag,0.0518338076791314
80,1,4,behavior,0.0504667694415896
80,1,5,household,0.0465468284712889
80,1,6,user,0.0393657601391414
80,1,7,consum,0.0392339974174507
80,1,8,pattern,0.0388551795925897
80,1,9,usag,0.0355281708698975
80,1,10,profil,0.0298953145176167
80,2,1,enhanc,0.0851467021018251
80,2,2,integr,0.0427854981432013
80,2,3,signific,0.0361277630282872
80,2,4,demonstr,0.0331945395657738
80,2,5,advanc,0.0323077510771069
80,2,6,effici,0.0250087996703875
80,2,7,employ,0.0203838566294943
80,2,8,incorpor,0.0192242101443146
80,2,9,util,0.0187467086504171
80,2,10,offer,0.0178462772619246
80,3,1,data,0.495154171885251
80,3,2,use,0.0557825225475968
80,3,3,collect,0.0456269921737805
80,3,4,sampl,0.0293085624540268
80,3,5,inform,0.0288281213759832
80,3,6,set,0.0226486550963202
80,3,7,histor,0.0218368753437639
80,3,8,accuraci,0.0196169062245283
80,3,9,dataset,0.016701125888816
80,3,10,preprocess,0.0126919279272115
80,4,1,mechan,0.0603310638776745
80,4,2,structur,0.0426947207022183
80,4,3,element,0.0286981811532023
80,4,4,coupl,0.0269398219133762
80,4,5,forc,0.0240912799448579
80,4,6,harvest,0.0230538479933604
80,4,7,stress,0.0224384222594213
80,4,8,load,0.0200822208780543
80,4,9,vibrat,0.0179897733826612
80,4,10,test,0.0171633445399429
80,5,1,one,0.0443407444776765
80,5,2,recent,0.037019140997376
80,5,3,becom,0.0266673436829467
80,5,4,due,0.0252587130357301
80,5,5,sever,0.0224086928890359
80,5,6,mani,0.0209345445372976
80,5,7,work,0.0200991938046459
80,5,8,import,0.0192147047936028
80,5,9,year,0.0191164282368203
80,5,10,research,0.0163483052207783
80,6,1,renew,0.162253300637454
80,6,2,grid,0.120531394687208
80,6,3,storag,0.099822078961126
80,6,4,sourc,0.0804558360122581
80,6,5,system,0.0583745642234295
80,6,6,microgrid,0.0530167147573371
80,6,7,manag,0.0354701187969534
80,6,8,suppli,0.0290580294089613
80,6,9,integr,0.0175191568391288
80,6,10,resourc,0.0171003491989221
80,7,1,process,0.178241978841786
80,7,2,industri,0.0712526829810438
80,7,3,machin,0.0520984558532401
80,7,4,paramet,0.046159429853504
80,7,5,manufactur,0.0440581955085682
80,7,6,tool,0.0428947021109591
80,7,7,cut,0.0341424532692428
80,7,8,surfac,0.0314160582927558
80,7,9,qualiti,0.0292453616554254
80,7,10,specif,0.0198679521821579
80,8,1,use,0.091657844674568
80,8,2,natur,0.0776686857752342
80,8,3,part,0.0635203330335183
80,8,4,fuzzi,0.0452528396201635
80,8,5,springer,0.0394820628338096
80,8,6,author,0.0320994483933361
80,8,7,base,0.0295722461455191
80,8,8,result,0.0287563777033104
80,8,9,exclus,0.0247566324134583
80,8,10,licenc,0.0220304378626635
80,9,1,effici,0.292953614623174
80,9,2,perform,0.138056469464356
80,9,3,improv,0.0834120502885496
80,9,4,cycl,0.0700984882780057
80,9,5,combin,0.0278230276501474
80,9,6,overal,0.0277339141159403
80,9,7,achiev,0.02310001033717
80,9,8,life,0.0223158112361473
80,9,9,work,0.018858206108911
80,9,10,enhanc,0.0173432760273899
80,10,1,cell,0.0931358238454286
80,10,2,modul,0.0560734335309771
80,10,3,effici,0.0474663686910886
80,10,4,devic,0.0435403391149991
80,10,5,convers,0.0255208700349987
80,10,6,light,0.0235410773427826
80,10,7,layer,0.0226015147091886
80,10,8,optic,0.0195814919583505
80,10,9,high,0.0192459338749241
80,10,10,perform,0.0180547026787602
80,11,1,weather,0.0816404573706724
80,11,2,hour,0.068143592796135
80,11,3,day,0.0586784839214275
80,11,4,season,0.0530201830036407
80,11,5,period,0.0491960713741885
80,11,6,use,0.0486596575257133
80,11,7,data,0.0435550741289331
80,11,8,peak,0.0408903085590886
80,11,9,daili,0.0408210938689627
80,11,10,month,0.0393329780312574
80,12,1,simul,0.164109689528014
80,12,2,test,0.0794700564374364
80,12,3,experiment,0.0793544059530261
80,12,4,result,0.0767440093049076
80,12,5,model,0.0644850579574142
80,12,6,valid,0.058785141225763
80,12,7,perform,0.0564556100397838
80,12,8,numer,0.0290464452345392
80,12,9,use,0.0265847420663768
80,12,10,develop,0.0244039043603537
80,13,1,factor,0.151647544207033
80,13,2,influenc,0.073358147685642
80,13,3,analysi,0.0643373602036663
80,13,4,correl,0.0596803571058968
80,13,5,characterist,0.0336701323968733
80,13,6,index,0.0291683627356961
80,13,7,analyz,0.0289096403413756
80,13,8,affect,0.0287716550644046
80,13,9,relationship,0.0244596151590625
80,13,10,effect,0.0244251188398198
80,14,1,use,0.114917570924546
80,14,2,select,0.110715594699957
80,14,3,author,0.0510364257657037
80,14,4,result,0.040892447919559
80,14,5,set,0.0375975062104098
80,14,6,evalu,0.0293416410290584
80,14,7,base,0.0285456719644887
80,14,8,best,0.0247324248179452
80,14,9,switzerland,0.0238809230279404
80,14,10,obtain,0.0221408976309739
80,15,1,control,0.425752138343975
80,15,2,strategi,0.0927069752961158
80,15,3,mpc,0.0424902916264757
80,15,4,system,0.0308152253982726
80,15,5,regul,0.0212527902018397
80,15,6,propos,0.0178475625519471
80,15,7,simul,0.0161657970595512
80,15,8,reduc,0.0159712126224145
80,15,9,disturb,0.0150677848785654
80,15,10,implement,0.0141504582463495
80,16,1,network,0.115070676807252
80,16,2,sensor,0.071569870169778
80,16,3,node,0.0600327593586409
80,16,4,communic,0.0355455503243012
80,16,5,wireless,0.0345029576707383
80,16,6,rout,0.0309910666271579
80,16,7,transmiss,0.0293311493760906
80,16,8,mobil,0.0277398237469683
80,16,9,propos,0.0215802960963136
80,16,10,protocol,0.0208532249036974
80,17,1,detect,0.0798769358558204
80,17,2,monitor,0.0576539850122591
80,17,3,fault,0.0355221118360894
80,17,4,mainten,0.0331176614169499
80,17,5,reliabl,0.027252259636928
80,17,6,classif,0.0263779140299682
80,17,7,event,0.0250299645525719
80,17,8,degrad,0.0249024558182235
80,17,9,use,0.0241009723451771
80,17,10,failur,0.0194924423751598
80,18,1,resourc,0.0834296296746806
80,18,2,comput,0.0820916173528035
80,18,3,cloud,0.0444144067435821
80,18,4,task,0.0430155756798015
80,18,5,servic,0.0394120652220188
80,18,6,alloc,0.0336798987976135
80,18,7,center,0.0287383760179537
80,18,8,edg,0.0249676140199364
80,18,9,virtual,0.0216681972716712
80,18,10,util,0.0199956818693248
80,19,1,voltag,0.0770121328511879
80,19,2,frequenc,0.0579682452004907
80,19,3,current,0.0463106883418008
80,19,4,generat,0.0362749128091822
80,19,5,convert,0.0352311921537898
80,19,6,stabil,0.0304140198981329
80,19,7,filter,0.0274434303404777
80,19,8,propos,0.0274113158587734
80,19,9,output,0.0268653696697989
80,19,10,switch,0.0204906450514795
80,20,1,architectur,0.0375395713159574
80,20,2,comput,0.0371329095709406
80,20,3,applic,0.0319557927401494
80,20,4,implement,0.0303604274327757
80,20,5,reduc,0.020663108897759
80,20,6,hardwar,0.0206161863887186
80,20,7,design,0.0199749120984997
80,20,8,propos,0.0190833844267321
80,20,9,core,0.0177851950099476
80,20,10,process,0.0174254557739711
80,21,1,thermal,0.112160454259591
80,21,2,air,0.102787419573315
80,21,3,temperatur,0.0796874244110106
80,21,4,comfort,0.0701783295438053
80,21,5,indoor,0.047985402254366
80,21,6,condit,0.0470027453920952
80,21,7,ventil,0.0395950244303614
80,21,8,hvac,0.0324443060326061
80,21,9,environ,0.0277124352958251
80,21,10,humid,0.0191859972908906
80,22,1,framework,0.144330600522048
80,22,2,integr,0.0409099899434773
80,22,3,across,0.0360906591340247
80,22,4,demonstr,0.029028807340983
80,22,5,achiev,0.0228026776536266
80,22,6,enabl,0.0223291017937382
80,22,7,datadriven,0.0191115716868494
80,22,8,baselin,0.0186101384234381
80,22,9,valid,0.0183315643882096
80,22,10,robust,0.0164233322468946
80,23,1,growth,0.0447733635629756
80,23,2,develop,0.0426406852052238
80,23,3,polici,0.0412236707259122
80,23,4,econom,0.0400070421325639
80,23,5,sector,0.0372016397290783
80,23,6,countri,0.0364287227403629
80,23,7,china,0.0267958869365578
80,23,8,will,0.0250639803507326
80,23,9,futur,0.0230458082135312
80,23,10,plan,0.0214427211258252
80,24,1,cost,0.144324383758821
80,24,2,plant,0.120917547963189
80,24,3,capac,0.06259204467457
80,24,4,econom,0.0464821441661169
80,24,5,instal,0.0239582708595723
80,24,6,net,0.0227587746479812
80,24,7,analysi,0.0223256232382399
80,24,8,year,0.0222589845598182
80,24,9,generat,0.0189936893171535
80,24,10,feasibl,0.0183772815417525
80,25,1,oper,0.369197319620218
80,25,2,condit,0.172175437693668
80,25,3,perform,0.0229938504177526
80,25,4,system,0.0150541626386229
80,25,5,provid,0.0143373852696737
80,25,6,ship,0.0141168383869201
80,25,7,vari,0.0131059985076328
80,25,8,equip,0.0127751781835024
80,25,9,reliabl,0.0125362523938526
80,25,10,elsevi,0.0121686742559299
80,26,1,challeng,0.0789433104863327
80,26,2,address,0.0547588477055443
80,26,3,limit,0.0479613929747047
80,26,4,complex,0.0453808777528118
80,26,5,howev,0.0400152942731444
80,26,6,issu,0.0333751880314445
80,26,7,signific,0.0323838925498637
80,26,8,tradit,0.0249413090135509
80,26,9,approach,0.0242175059635077
80,26,10,often,0.0235566423091205
80,27,1,region,0.0897861710701215
80,27,2,area,0.0864718052129742
80,27,3,urban,0.0737725507708517
80,27,4,citi,0.0507813181407454
80,27,5,potenti,0.0409952168467472
80,27,6,studi,0.0386751607467441
80,27,7,develop,0.0300054774256797
80,27,8,locat,0.0275633131098869
80,27,9,plan,0.0239349546978519
80,27,10,assess,0.0190331820354393
80,28,1,distribut,0.216452334903453
80,28,2,loss,0.0697410082041364
80,28,3,activ,0.0468325950650404
80,28,4,articl,0.0412565898243753
80,28,5,use,0.0337309324016595
80,28,6,open,0.0297146489066351
80,28,7,term,0.026946142808123
80,28,8,provid,0.0247430358424057
80,28,9,line,0.0235537480113548
80,28,10,common,0.0233392862713292
80,29,1,heat,0.230001164415463
80,29,2,temperatur,0.136307305875308
80,29,3,thermal,0.0881919954754142
80,29,4,cool,0.0802906048306607
80,29,5,pump,0.0428352407567592
80,29,6,exchang,0.0195469314880121
80,29,7,water,0.0179389291813605
80,29,8,refriger,0.0176339632266507
80,29,9,transfer,0.0175646527823985
80,29,10,hot,0.0174121698050436
80,30,1,problem,0.142442823997348
80,30,2,propos,0.0630965346032347
80,30,3,solv,0.0548947122766906
80,30,4,scheme,0.0455429437270434
80,30,5,program,0.044680484059716
80,30,6,solut,0.0396071918989671
80,30,7,constraint,0.0370029019231159
80,30,8,formul,0.0314391915201613
80,30,9,optim,0.0260953237775057
80,30,10,consid,0.0249115556066643
80,31,1,price,0.110453016568594
80,31,2,market,0.0972443079809179
80,31,3,risk,0.0261444494111957
80,31,4,trade,0.0218942130833999
80,31,5,particip,0.02141789349494
80,31,6,strategi,0.0207766940489363
80,31,7,profit,0.0197507749353305
80,31,8,decis,0.0181386163282355
80,31,9,benefit,0.0148043792090164
80,31,10,cost,0.0142730996680419
80,32,1,learn,0.166886351270824
80,32,2,deep,0.0873626836282613
80,32,3,train,0.0609681451926316
80,32,4,approach,0.0369215871699873
80,32,5,propos,0.0322580122807472
80,32,6,reinforc,0.0295214006269917
80,32,7,model,0.0291327693862217
80,32,8,dataset,0.0252950358836179
80,32,9,domain,0.0188016555690857
80,32,10,accuraci,0.0155468689276369
80,33,1,water,0.0963443875617537
80,33,2,process,0.0610319500044787
80,33,3,concentr,0.03972390841504
80,33,4,remov,0.0245826242136523
80,33,5,membran,0.023962503358988
80,33,6,treatment,0.021292538568072
80,33,7,chemic,0.0194494015833753
80,33,8,reactor,0.0186225737771561
80,33,9,reaction,0.0185019947220825
80,33,10,separ,0.0165382786823121
80,34,1,system,0.79078992698989
80,34,2,integr,0.0459642369714717
80,34,3,oper,0.0224280830539692
80,34,4,develop,0.0158690985702739
80,34,5,electr,0.0156537783725768
80,34,6,suppli,0.0139477798831308
80,34,7,compon,0.0070740966489552
80,34,8,paper,0.0070409704646941
80,34,9,convent,0.0068422133591275
80,34,10,subsystem,0.0064943884243861
80,35,1,method,0.456829048133937
80,35,2,propos,0.133389788881766
80,35,3,base,0.0716076435071335
80,35,4,improv,0.0279582547899503
80,35,5,accuraci,0.0243540305115128
80,35,6,paper,0.0205584314926273
80,35,7,compar,0.0198726720060219
80,35,8,tradit,0.0174326440653098
80,35,9,combin,0.0170658424794511
80,35,10,result,0.0150245119146724
80,36,1,model,0.278704014711221
80,36,2,variabl,0.135697103558718
80,36,3,regress,0.0635999063584639
80,36,4,input,0.0625142073888601
80,36,5,linear,0.0555928764576357
80,36,6,use,0.0477724510672082
80,36,7,nonlinear,0.0369154613711699
80,36,8,multipl,0.0235647568543229
80,36,9,statist,0.0189166081407066
80,36,10,includ,0.0185094710271052
80,37,1,machin,0.124252483518407
80,37,2,learn,0.0897033449909902
80,37,3,support,0.0418786965664145
80,37,4,vector,0.0366423213958563
80,37,5,random,0.0353161376059238
80,37,6,ensembl,0.0336344818722981
80,37,7,regress,0.0334294019047827
80,37,8,model,0.0319938421321754
80,37,9,accuraci,0.0316657141841509
80,37,10,forest,0.0269898909248013
80,38,1,electr,0.160935654115811
80,38,2,vehicl,0.133899957125364
80,38,3,batteri,0.0849025758711417
80,38,4,charg,0.083699618446581
80,38,5,drive,0.0545664572286945
80,38,6,transport,0.0268367463394622
80,38,7,manag,0.025417873479724
80,38,8,traffic,0.0179533684350141
80,38,9,road,0.0164111153266029
80,38,10,speed,0.0142982285680797
80,39,1,build,0.361734939619203
80,39,2,occup,0.0347907708199138
80,39,3,residenti,0.0244758389768052
80,39,4,studi,0.0232862125195128
80,39,5,save,0.0221836319005588
80,39,6,window,0.0206893450090818
80,39,7,use,0.0198624095448663
80,39,8,offic,0.0193546421545586
80,39,9,simul,0.0179183858219739
80,39,10,retrofit,0.0153795488704352
80,40,1,emiss,0.176592917535062
80,40,2,carbon,0.117481365526907
80,40,3,reduct,0.0451884076436986
80,40,4,scenario,0.041426625529759
80,40,5,greenhous,0.0298834150914204
80,40,6,industri,0.0268042144094457
80,40,7,china,0.0185070578920065
80,40,8,achiev,0.0163379657859849
80,40,9,intens,0.0153520148287024
80,40,10,sector,0.0150638137796506
80,41,1,chang,0.124570885983493
80,41,2,climat,0.0907982651098567
80,41,3,scenario,0.0517910619071966
80,41,4,impact,0.0502432950391463
80,41,5,futur,0.0463130106326367
80,41,6,increas,0.0410088657477453
80,41,7,global,0.0252007749268724
80,41,8,hydropow,0.0203487866551193
80,41,9,project,0.0202966147382187
80,41,10,will,0.0202444428213181
80,42,1,high,0.0790153530916247
80,42,2,use,0.0699310105916431
80,42,3,size,0.0612704812306059
80,42,4,low,0.0570692031575921
80,42,5,larg,0.0543789110582061
80,42,6,present,0.0536418447296072
80,42,7,scale,0.0507120060734265
80,42,8,small,0.0412038504345006
80,42,9,number,0.0314008682641351
80,42,10,can,0.0305716686444613
80,43,1,analysi,0.146832409322942
80,43,2,studi,0.112128742897797
80,43,3,find,0.0430328742242083
80,43,4,evalu,0.0339512345456393
80,43,5,provid,0.0324266993649409
80,43,6,sensit,0.0313611640235926
80,43,7,assess,0.030328414385055
80,43,8,indic,0.0284268436220333
80,43,9,reveal,0.0274760582405225
80,43,10,identifi,0.0234270239433988
80,44,1,effect,0.0954006678101605
80,44,2,impact,0.0630341841268912
80,44,3,studi,0.0495572923333492
80,44,4,wave,0.0405422208893651
80,44,5,investig,0.035220951538048
80,44,6,direct,0.0318745862758795
80,44,7,signific,0.0307042727415692
80,44,8,posit,0.0293510977175229
80,44,9,result,0.0220914965750043
80,44,10,negat,0.0189279928025718
80,45,1,uncertainti,0.101427172044997
80,45,2,stochast,0.0402302857481498
80,45,3,robust,0.0387487319642614
80,45,4,interv,0.0385918615636144
80,45,5,propos,0.0367617068893994
80,45,6,model,0.0362910956874584
80,45,7,probabilist,0.033606868831943
80,45,8,probabl,0.0288658967235002
80,45,9,method,0.0270357420492852
80,45,10,reliabl,0.0252404474641028
80,46,1,dynam,0.217715601996124
80,46,2,adapt,0.12548714089996
80,46,3,adjust,0.0369676943062191
80,46,4,strategi,0.0318389613339675
80,46,5,propos,0.0304014963832672
80,46,6,onlin,0.0250243126787958
80,46,7,improv,0.0241192421542808
80,46,8,realtim,0.0229124814549275
80,46,9,balanc,0.0225220588757249
80,46,10,effect,0.0198778332256713
80,47,1,reserv,0.10436540464339
80,47,2,right,0.0852192404100883
80,47,3,use,0.0728049229599534
80,47,4,engin,0.0659542788806127
80,47,5,ltd,0.0439569795391457
80,47,6,publish,0.041125643980343
80,47,7,institut,0.0385517025632497
80,47,8,technolog,0.0338592093643949
80,47,9,mine,0.0312060697498525
80,47,10,includ,0.0241772297262514
80,48,1,hybrid,0.188694627043685
80,48,2,approach,0.118667291736326
80,48,3,propos,0.110308134063654
80,48,4,techniqu,0.0705978262742976
80,48,5,manag,0.0596533621049221
80,48,6,combin,0.0400222681066249
80,48,7,novel,0.0341622400474318
80,48,8,perform,0.0299395727694837
80,48,9,compar,0.0256134932316676
80,48,10,integr,0.0218389457464814
80,49,1,design,0.288682314091484
80,49,2,perform,0.156276513724648
80,49,3,configur,0.0587236094926615
80,49,4,simul,0.0384807657779765
80,49,5,space,0.0350658860556731
80,49,6,paramet,0.0258421903108949
80,49,7,evalu,0.0229905897180436
80,49,8,develop,0.0164424698381629
80,49,9,present,0.0161080228550507
80,49,10,analysi,0.0128867703334964
80,50,1,methodolog,0.0746842384636747
80,50,2,approach,0.0675657624151495
80,50,3,use,0.0535924575791557
80,50,4,present,0.0491104541411954
80,50,5,develop,0.0383009164378794
80,50,6,optimis,0.0370002566166674
80,50,7,case,0.0301278513451283
80,50,8,applic,0.0266828604673236
80,50,9,tool,0.0266301310151123
80,50,10,appli,0.0258919186841541
80,51,1,target,0.0401114647221493
80,51,2,track,0.039802484203371
80,51,3,plan,0.0342022123005145
80,51,4,trajectori,0.0280226019249486
80,51,5,propos,0.0264970106134808
80,51,6,path,0.0211864079469789
80,51,7,environ,0.0209353612754716
80,51,8,robot,0.0189462991858363
80,51,9,uav,0.0177296883931468
80,51,10,autonom,0.0173241514622503
80,52,1,intellig,0.0513923209246648
80,52,2,smart,0.0425604918744095
80,52,3,iot,0.0384369201227224
80,52,4,manag,0.0360827914734383
80,52,5,devic,0.0349134203796763
80,52,6,realtim,0.0321592437246316
80,52,7,secur,0.0303744141604685
80,52,8,digit,0.0292973618372666
80,52,9,data,0.0270355519585427
80,52,10,effici,0.0227735020510154
80,53,1,time,0.286817472140258
80,53,2,seri,0.0881467184232389
80,53,3,model,0.0831513020311112
80,53,4,averag,0.0297952416420775
80,53,5,use,0.0262142979918068
80,53,6,horizon,0.0224184977225198
80,53,7,move,0.0203952645601169
80,53,8,result,0.0182108889334517
80,53,9,autoregress,0.0176379379494084
80,53,10,short,0.0171545105566219
80,54,1,error,0.194511581362141
80,54,2,mean,0.124271410011821
80,54,3,model,0.102750207750559
80,54,4,squar,0.0534899167827339
80,54,5,absolut,0.0495689907419328
80,54,6,rmse,0.0406591252238439
80,54,7,root,0.0320126054846148
80,54,8,percentag,0.0300375121431665
80,54,9,mae,0.0284135465068646
80,54,10,mape,0.0248730088133054
80,55,1,schedul,0.0902389640302179
80,55,2,oper,0.0849032690129121
80,55,3,system,0.0588193875060242
80,55,4,flexibl,0.0552987676265702
80,55,5,unit,0.0475377566923072
80,55,6,dispatch,0.0395576849655449
80,55,7,cost,0.0381650842132275
80,55,8,optim,0.0365534226684108
80,55,9,integr,0.0325790340044939
80,55,10,propos,0.0288862949309333
80,56,1,materi,0.0688676593536484
80,56,2,structur,0.0564350477123994
80,56,3,phase,0.051732277222014
80,56,4,properti,0.0503448698359616
80,56,5,composit,0.0258940669415055
80,56,6,conduct,0.02119129645112
80,56,7,compress,0.0198399256205495
80,56,8,strength,0.0186867558451293
80,56,9,applic,0.018182244068383
80,56,10,high,0.0180020612909736
80,57,1,solar,0.300848788237033
80,57,2,photovolta,0.154796869612334
80,57,3,irradi,0.0522311093049603
80,57,4,output,0.0466433303778139
80,57,5,radiat,0.0441957908477415
80,57,6,panel,0.0340361927983843
80,57,7,modul,0.0209518619772425
80,57,8,instal,0.0162568962120093
80,57,9,collector,0.0147483498349835
80,57,10,global,0.0129011501896458
80,58,1,requir,0.065285711045809
80,58,2,can,0.0541242374072982
80,58,3,need,0.0349277987111657
80,58,4,may,0.0316554943933439
80,58,5,will,0.0289825725495787
80,58,6,amount,0.026892833653544
80,58,7,avail,0.0260666578109256
80,58,8,larg,0.0249650900207678
80,58,9,possibl,0.0187282723853155
80,58,10,one,0.0180802913322814
80,59,1,increas,0.177529788068543
80,59,2,reduc,0.121554592299057
80,59,3,reduct,0.0614036570686647
80,59,4,improv,0.0553682765522931
80,59,5,decreas,0.054353926885676
80,59,6,result,0.0507022680858546
80,59,7,signific,0.0468815510082636
80,59,8,effect,0.0442780535306131
80,59,9,show,0.0351827181866133
80,59,10,compar,0.0301447815090818
80,60,1,algorithm,0.256301844495156
80,60,2,optim,0.145173875483418
80,60,3,improv,0.0461216679413304
80,60,4,propos,0.0364610587656095
80,60,5,search,0.0292156018838188
80,60,6,grey,0.0285034415920188
80,60,7,particl,0.0280080257368537
80,60,8,swarm,0.0271255662448407
80,60,9,base,0.0221559259477151
80,60,10,paramet,0.0199265545994718
80,61,1,shortterm,0.108148841816433
80,61,2,model,0.0761984595503891
80,61,3,lstm,0.0604153976648469
80,61,4,long,0.0586648867433666
80,61,5,memori,0.0517624656302124
80,61,6,network,0.0500119547087321
80,61,7,deep,0.031510619766257
80,61,8,accuraci,0.0306140166113524
80,61,9,recurr,0.0265721865162271
80,61,10,accur,0.022345343071677
80,62,1,rate,0.112209368629631
80,62,2,valu,0.0635985545054099
80,62,3,respect,0.0622977519280389
80,62,4,averag,0.062244294287873
80,62,5,result,0.0426075211335871
80,62,6,total,0.040807780581334
80,62,7,show,0.0386516557613081
80,62,8,maximum,0.0338048297195968
80,62,9,higher,0.0336800952258763
80,62,10,compar,0.0313635974853526
80,63,1,wind,0.394903466888105
80,63,2,speed,0.113106955967729
80,63,3,turbin,0.106735842168183
80,63,4,farm,0.0518834157760231
80,63,5,output,0.0227659940011311
80,63,6,generat,0.0196341262625901
80,63,7,offshor,0.0179697622643941
80,63,8,blade,0.0164843621369718
80,63,9,wake,0.0158042994280315
80,63,10,rotor,0.0133882871725856
80,64,1,new,0.103913459471827
80,64,2,paper,0.0622101044837173
80,64,3,take,0.0409944326194421
80,64,4,order,0.0396771196605493
80,64,5,account,0.037146492134255
80,64,6,base,0.0367824977640346
80,64,7,can,0.033801210541277
80,64,8,well,0.0260359973099083
80,64,9,present,0.0252386763084731
80,64,10,main,0.0239906956105746
80,65,1,network,0.257527233434554
80,65,2,neural,0.17629071996511
80,65,3,artifici,0.0764700521723282
80,65,4,ann,0.0543383097207169
80,65,5,use,0.0449485925188201
80,65,6,train,0.0405059706884599
80,65,7,input,0.0274547519780245
80,65,8,intellig,0.0222798298459566
80,65,9,accuraci,0.0171862744140784
80,65,10,layer,0.0161936006717635
80,66,1,compon,0.0636685855654408
80,66,2,mode,0.0617995283179164
80,66,3,model,0.0565661680248483
80,66,4,decomposit,0.0424802729503239
80,66,5,propos,0.0314698266194531
80,66,6,combin,0.0275108235406061
80,66,7,base,0.0259476120244948
80,66,8,transform,0.0255228262864211
80,66,9,result,0.0239596147703099
80,66,10,empir,0.0228211889922723
80,67,1,featur,0.101897210739568
80,67,2,extract,0.0474043129851289
80,67,3,tempor,0.041202313591668
80,67,4,captur,0.0328009267481032
80,67,5,inform,0.0282655439317398
80,67,6,attent,0.0273092885186511
80,67,7,mechan,0.0257382974828625
80,67,8,transform,0.02233676037059
80,67,9,graph,0.0191264743409351
80,67,10,fusion,0.0190171880080107
80,68,1,can,0.152058264498242
80,68,2,result,0.0576839254580273
80,68,3,effect,0.0539682596392946
80,68,4,role,0.0514851945008146
80,68,5,improv,0.0487699002486638
80,68,6,import,0.0463225626661331
80,68,7,base,0.0412849772772744
80,68,8,play,0.0387840483608197
80,68,9,show,0.0352112927658845
80,68,10,provid,0.0276370509046217
80,69,1,flow,0.106269080521579
80,69,2,pressur,0.036362886269422
80,69,3,numer,0.0324792088109688
80,69,4,transfer,0.0299754460538707
80,69,5,fluid,0.0294490868378899
80,69,6,veloc,0.0233461651174635
80,69,7,mass,0.0227486762777014
80,69,8,experiment,0.0205152060909719
80,69,9,rate,0.0200884283482848
80,69,10,cfd,0.0174281804188681
80,70,1,fuel,0.107679522519552
80,70,2,gas,0.105555196780542
80,70,3,engin,0.0391062876642954
80,70,4,oil,0.0362002100533291
80,70,5,dri,0.0305749954964294
80,70,6,natur,0.0297422598067373
80,70,7,coal,0.0287395780579244
80,70,8,combust,0.0271760743140127
80,70,9,biomass,0.0253746460873319
80,70,10,steam,0.0180499709392239
80,71,1,paramet,0.143047976254908
80,71,2,use,0.0789624277357014
80,71,3,valu,0.0769629862004061
80,71,4,obtain,0.0504703858577432
80,71,5,function,0.0448857388108839
80,71,6,determin,0.0417831571181842
80,71,7,point,0.0348712945694478
80,71,8,calcul,0.0303208414201551
80,71,9,curv,0.0248223771980929
80,71,10,equat,0.0242190974245125
80,72,1,optim,0.456212740033445
80,72,2,minim,0.0412944555304825
80,72,3,multiobject,0.0395383027793837
80,72,4,strategi,0.0358861267040898
80,72,5,object,0.0352023150133965
80,72,6,effici,0.0347205385949535
80,72,7,cost,0.0293432921181378
80,72,8,achiev,0.0283486569316748
80,72,9,solut,0.0283486569316748
80,72,10,reduc,0.0254890807705936
80,73,1,technolog,0.114425676571156
80,73,2,research,0.0669464176849471
80,73,3,develop,0.0524342645850452
80,73,4,applic,0.0352549235295677
80,73,5,futur,0.0317262835634956
80,73,6,advanc,0.0246193044768998
80,73,7,potenti,0.0234927903093275
80,73,8,review,0.0192186630264797
80,73,9,field,0.0190364327934901
80,73,10,focus,0.0181418480133591
80,74,1,model,0.799718007452019
80,74,2,develop,0.0507631442019581
80,74,3,accuraci,0.0304435327117336
80,74,4,accur,0.0269148878907675
80,74,5,valid,0.019603416206647
80,74,6,physic,0.0073428706422731
80,74,7,applic,0.0069242178669043
80,74,8,mathemat,0.006221479279678
80,74,9,compar,0.0046515313720447
80,74,10,general,0.0045319162933679
80,75,1,sustain,0.111154039874738
80,75,2,environment,0.0971387544540765
80,75,3,impact,0.0331314464838214
80,75,4,studi,0.0330375941260938
80,75,5,green,0.0289706586245624
80,75,6,develop,0.0253260587328055
80,75,7,support,0.0227607609549165
80,75,8,global,0.0213529755890018
80,75,9,transit,0.0212591232312741
80,75,10,assess,0.0206177987868019
80,76,1,product,0.214904974707151
80,76,2,hydrogen,0.0751528867546651
80,76,3,use,0.0548764843513657
80,76,4,studi,0.0426608613737406
80,76,5,potenti,0.032302472610582
80,76,6,yield,0.0319578312099594
80,76,7,produc,0.0310962277084027
80,76,8,suppli,0.0247012150524046
80,76,9,agricultur,0.0209867466234716
80,76,10,wast,0.0180572947181791
80,77,1,differ,0.169305443782599
80,77,2,perform,0.0740973328260057
80,77,3,two,0.0602412275532778
80,77,4,three,0.0602075553654948
80,77,5,type,0.0522609190486934
80,77,6,compar,0.0475468127590654
80,77,7,use,0.0447688572669632
80,77,8,studi,0.0383374694003994
80,77,9,result,0.0335055104535307
80,77,10,evalu,0.0286903876005536
80,78,1,level,0.111076240609031
80,78,2,local,0.0710478992340897
80,78,3,aggreg,0.0424947341263271
80,78,4,individu,0.0266104716759533
80,78,5,approach,0.0249739113022785
80,78,6,can,0.0233180972771486
80,78,7,central,0.0214890003889238
80,78,8,specif,0.0201797520899839
80,78,9,result,0.018966772048319
80,78,10,multipl,0.018196625990119
80,79,1,first,0.104646915094892
80,79,2,base,0.09923631238132
80,79,3,second,0.0599663646608379
80,79,4,cluster,0.0544351434154343
80,79,5,final,0.0539699005069425
80,79,6,stage,0.0452509037774278
80,79,7,propos,0.0382033352747173
80,79,8,construct,0.0356875773250945
80,79,9,model,0.0323447208714861
80,79,10,method,0.0293981824510375
80,80,1,estim,0.182399962786837
80,80,2,measur,0.125739343259229
80,80,3,use,0.106166650564817
80,80,4,state,0.0519213084720776
80,80,5,standard,0.0225801603744217
80,80,6,observ,0.0200754282197437
80,80,7,calibr,0.0195208089569222
80,80,8,actual,0.0194671361250362
80,80,9,calcul,0.0182147700476973
80,80,10,two,0.0172307681297881
90,1,1,urban,0.0769918831970404
90,1,2,residenti,0.0765171052981415
90,1,3,household,0.053537854991435
90,1,4,citi,0.04708087556641
90,1,5,use,0.0417823542146984
90,1,6,pattern,0.0301597912496534
90,1,7,area,0.0263615680584622
90,1,8,applianc,0.0250321899415453
90,1,9,usag,0.0227722471427866
90,1,10,communiti,0.022183522548152
90,2,1,target,0.0454835641890405
90,2,2,group,0.043304157163865
90,2,3,track,0.0415870485985752
90,2,4,plan,0.0311963403573347
90,2,5,limit,0.0295452744291715
90,2,6,trajectori,0.0285546348722735
90,2,7,motion,0.0255607019892042
90,2,8,posit,0.0250103466798165
90,2,9,path,0.0224346838318819
90,2,10,robot,0.0216421721863635
90,3,1,thermal,0.11294293633977
90,3,2,air,0.111243819880329
90,3,3,comfort,0.0772781486960114
90,3,4,indoor,0.0528908301016805
90,3,5,temperatur,0.0528241980836632
90,3,6,ventil,0.0435956635882674
90,3,7,condit,0.042496235290982
90,3,8,hvac,0.0365826436919468
90,3,9,environ,0.0272208451605165
90,3,10,room,0.0179256786471035
90,4,1,activ,0.0747930836046516
90,4,2,may,0.0336222245395314
90,4,3,work,0.0203170078904376
90,4,4,human,0.0190231769535882
90,4,5,howev,0.0181928078448639
90,4,6,limit,0.0151223732335345
90,4,7,requir,0.0147554659529354
90,4,8,suggest,0.0145237350388729
90,4,9,avail,0.0144271804913468
90,4,10,associ,0.0133843913780651
90,5,1,time,0.294746429294272
90,5,2,seri,0.0983030466582798
90,5,3,model,0.0673284890527461
90,5,4,averag,0.0393700318674821
90,5,5,use,0.027762013802628
90,5,6,move,0.0233172342359146
90,5,7,autoregress,0.0229600644493037
90,5,8,horizon,0.0220472972168537
90,5,9,term,0.0194677376468861
90,5,10,short,0.0191105678602752
90,6,1,respons,0.0781101237702317
90,6,2,flexibl,0.0688190048272061
90,6,3,peak,0.064914646979238
90,6,4,load,0.0624509345404132
90,6,5,profil,0.05554001236032
90,6,6,user,0.0502994036980741
90,6,7,aggreg,0.0450587950358282
90,6,8,consum,0.035851191768695
90,6,9,custom,0.0242425128196562
90,6,10,can,0.0241589971437639
90,7,1,loss,0.0957309323393857
90,7,2,point,0.0541143695893119
90,7,3,effect,0.0469892716994535
90,7,4,ratio,0.0356704224990478
90,7,5,angl,0.0335521501534143
90,7,6,result,0.0325679023968573
90,7,7,maximum,0.0292086220103474
90,7,8,perform,0.0273257132586731
90,7,9,direct,0.0270047629032741
90,7,10,can,0.0268121926900347
90,8,1,control,0.444933632753376
90,8,2,strategi,0.0527873081537733
90,8,3,mpc,0.0443770136046319
90,8,4,system,0.0309699292024601
90,8,5,propos,0.02438985419251
90,8,6,regul,0.0228210945874888
90,8,7,scheme,0.0213540138457561
90,8,8,disturb,0.0162119684737422
90,8,9,simul,0.0153840120155365
90,8,10,dynam,0.0141638656560756
90,9,1,weather,0.0871221222724474
90,9,2,hour,0.0721046268903272
90,9,3,day,0.0625685173226809
90,9,4,season,0.0592834402078421
90,9,5,data,0.0574062532850771
90,9,6,period,0.0512115364399526
90,9,7,daili,0.0451106789409662
90,9,8,month,0.0432710357566565
90,9,9,year,0.0408119208878343
90,9,10,use,0.0388784183573863
90,10,1,reserv,0.1186682932978
90,10,2,right,0.0970148917780099
90,10,3,elsevi,0.0504668311304786
90,10,4,paper,0.0443669643821803
90,10,5,base,0.0429038967119242
90,10,6,use,0.0420485648431591
90,10,7,includ,0.0400903050383549
90,10,8,result,0.038717272301653
90,10,9,mine,0.0361512766953578
90,10,10,technolog,0.0342380343573307
90,11,1,temperatur,0.171190297839079
90,11,2,modul,0.099458141314791
90,11,3,condit,0.0515010014818675
90,11,4,perform,0.0446412577960885
90,11,5,effect,0.0254258333469036
90,11,6,maximum,0.0247948183491019
90,11,7,output,0.0230239052907554
90,11,8,experiment,0.0228610627106776
90,11,9,differ,0.0221079157778176
90,11,10,generat,0.0215379667475451
90,12,1,model,0.129262622223268
90,12,2,fuzzi,0.0444806442254162
90,12,3,new,0.0378157026024637
90,12,4,grey,0.0362278782746426
90,12,5,novel,0.0278378929375142
90,12,6,china,0.0262108630707346
90,12,7,result,0.0234860781131158
90,12,8,hydropow,0.022780378411862
90,12,9,reservoir,0.02256474794759
90,12,10,effect,0.0224471313307144
90,13,1,model,0.790926483126986
90,13,2,develop,0.0429329941583928
90,13,3,accuraci,0.0416293785629224
90,13,4,accur,0.0254222657543706
90,13,5,compar,0.0234492259341991
90,13,6,valid,0.0200844883837281
90,13,7,mathemat,0.0081581673278699
90,13,8,incorpor,0.0048815119122279
90,13,9,singl,0.0045644162268432
90,13,10,empir,0.003806909867313
90,14,1,function,0.0713730564758765
90,14,2,equat,0.0353570155161431
90,14,3,analyt,0.0332737739923321
90,14,4,deriv,0.0327329324428811
90,14,5,curv,0.0310703454575319
90,14,6,mathemat,0.0231179715637532
90,14,7,theoret,0.0223167248238259
90,14,8,base,0.0216156339263895
90,14,9,differenti,0.0212150105564258
90,14,10,present,0.0211148547139349
90,15,1,distribut,0.252269206669684
90,15,2,local,0.0690356633132593
90,15,3,articl,0.0398383924530929
90,15,4,open,0.0336377797890486
90,15,5,provid,0.0269150102690848
90,15,6,use,0.0269150102690848
90,15,7,access,0.0262623141991854
90,15,8,central,0.0260012357712257
90,15,9,term,0.0254573223796428
90,15,10,effect,0.0250004351307133
90,16,1,materi,0.0632386453972123
90,16,2,structur,0.058487844764277
90,16,3,properti,0.0362480410045199
90,16,4,mechan,0.0353395213615681
90,16,5,dri,0.0347906240772847
90,16,6,element,0.0243615756759008
90,16,7,composit,0.0233584185701415
90,16,8,stress,0.023188071137088
90,16,9,strength,0.0221470590462058
90,16,10,effect,0.0199325424165108
90,17,1,measur,0.128450232765235
90,17,2,test,0.122248460489542
90,17,3,experiment,0.070745922135954
90,17,4,valid,0.0537705582787696
90,17,5,result,0.0397370607574908
90,17,6,field,0.0349863441745083
90,17,7,use,0.029321263730366
90,17,8,standard,0.0241531201672888
90,17,9,perform,0.0218075780886615
90,17,10,calibr,0.0210124790789573
90,18,1,algorithm,0.312259406149734
90,18,2,propos,0.0775381399295654
90,18,3,cluster,0.0616229819251878
90,18,4,improv,0.0518808657554601
90,18,5,optim,0.0458170812984147
90,18,6,base,0.0443967353895572
90,18,7,search,0.0307395631890043
90,18,8,problem,0.0282448530670367
90,18,9,converg,0.0163904275969568
90,18,10,compar,0.0155892068278577
90,19,1,monitor,0.0691814271908405
90,19,2,devic,0.0609005333707111
90,19,3,realtim,0.0502773822785184
90,19,4,intellig,0.0470314194447928
90,19,5,iot,0.0459986130886074
90,19,6,digit,0.0353570190257685
90,19,7,internet,0.0271130111469315
90,19,8,sensor,0.0259326610255767
90,19,9,environ,0.0248814116987451
90,19,10,data,0.0241252499022523
90,20,1,architectur,0.0373969225846798
90,20,2,implement,0.0318340144562894
90,20,3,design,0.0263983623961954
90,20,4,circuit,0.0239441382219055
90,20,5,hardwar,0.0219625794441455
90,20,6,applic,0.0203264299946189
90,20,7,core,0.0201991739263224
90,20,8,propos,0.0197992262831048
90,20,9,reduc,0.0181994357102343
90,20,10,block,0.0164905685073954
90,21,1,storag,0.133913866780814
90,21,2,system,0.114179840821864
90,21,3,batteri,0.106670753738219
90,21,4,microgrid,0.066604151400608
90,21,5,manag,0.0624868500286579
90,21,6,oper,0.0310720219395936
90,21,7,optim,0.024270312624698
90,21,8,hybrid,0.0231457633513019
90,21,9,propos,0.0223114203420081
90,21,10,strategi,0.0207878374554715
90,22,1,uncertainti,0.098177945674251
90,22,2,wave,0.0437652628168146
90,22,3,interv,0.0430539859167174
90,22,4,probabilist,0.0381738360743838
90,22,5,stochast,0.0363363707491326
90,22,6,probabl,0.0323453170319205
90,22,7,method,0.0310610670734117
90,22,8,propos,0.0260228556977231
90,22,9,reliabl,0.0224664711972371
90,22,10,generat,0.0167564983047901
90,23,1,network,0.280864766073951
90,23,2,neural,0.19060286569795
90,23,3,artifici,0.0845388118947775
90,23,4,ann,0.0602667042306428
90,23,5,use,0.0443200739721376
90,23,6,train,0.0419362062551244
90,23,7,input,0.0267480793611235
90,23,8,intellig,0.0199215490805856
90,23,9,layer,0.0162193302776483
90,23,10,accuraci,0.0157136613679789
90,24,1,simul,0.238434703174772
90,24,2,use,0.13637580668659
90,24,3,result,0.0558941768942123
90,24,4,develop,0.0492989357052577
90,24,5,tool,0.0488067535269775
90,24,6,softwar,0.035025652535132
90,24,7,numer,0.0259301258805139
90,24,8,can,0.0241779573258364
90,24,9,present,0.0219532938800099
90,24,10,detail,0.0199648778797579
90,25,1,model,0.213703328058218
90,25,2,regress,0.110562332521676
90,25,3,linear,0.069597973092967
90,25,4,support,0.0660264176707144
90,25,5,vector,0.0498261579929832
90,25,6,use,0.0424067942428895
90,25,7,nonlinear,0.0379867477534719
90,25,8,result,0.0315145368225391
90,25,9,multipl,0.0304884546017814
90,25,10,accur,0.0180176091494962
90,26,1,factor,0.169059455389249
90,26,2,analysi,0.091647585825368
90,26,3,influenc,0.07966123182838
90,26,4,effect,0.0535947536650582
90,26,5,analyz,0.0469676829455697
90,26,6,affect,0.0351350001536712
90,26,7,characterist,0.0350005378492178
90,26,8,studi,0.0300638503857147
90,26,9,differ,0.0230526016535022
90,26,10,import,0.0208819958816117
90,27,1,cost,0.200069525969659
90,27,2,econom,0.0657476321278366
90,27,3,analysi,0.0317634901276922
90,27,4,net,0.0287430996424921
90,27,5,studi,0.0276983104809449
90,27,6,year,0.0253237896592468
90,27,7,feasibl,0.0224363723400618
90,27,8,kwh,0.019491966521156
90,27,9,invest,0.0188271006910805
90,27,10,benefit,0.0187321198582126
90,28,1,flow,0.109816477525417
90,28,2,numer,0.039296699332278
90,28,3,pressur,0.0389701468864002
90,28,4,fluid,0.0308996364382769
90,28,5,veloc,0.0250683427618873
90,28,6,mass,0.0242752868218983
90,28,7,experiment,0.0221604709819277
90,28,8,rate,0.0208231609654756
90,28,9,investig,0.0198435036278422
90,28,10,transfer,0.0185683940772716
90,29,1,increas,0.19397876266511
90,29,2,rate,0.10882730535874
90,29,3,decreas,0.0710050866299112
90,29,4,higher,0.0448982112579584
90,29,5,result,0.0438314787158786
90,29,6,show,0.0343431734731689
90,29,7,effect,0.0342308858371605
90,29,8,lower,0.0341747420191563
90,29,9,reduc,0.0298890972448357
90,29,10,signific,0.0249671558664675
90,30,1,enhanc,0.0660310322002882
90,30,2,role,0.043821139794157
90,30,3,play,0.0338761697101844
90,30,4,signific,0.0305179171695934
90,30,5,employ,0.0264458331710989
90,30,6,util,0.0255048735220444
90,30,7,advanc,0.025407532868694
90,30,8,demonstr,0.0239960933951122
90,30,9,research,0.0226333242482057
90,30,10,studi,0.0222439616348038
90,31,1,differ,0.183234024066424
90,31,2,two,0.075654186531641
90,31,3,three,0.0607297077648486
90,31,4,type,0.0602428364374502
90,31,5,studi,0.0457115998966335
90,31,6,case,0.0447191314215519
90,31,7,compar,0.0314799764803697
90,31,8,one,0.0291017973042309
90,31,9,use,0.0286711034376861
90,31,10,result,0.0269108763309377
90,32,1,growth,0.0471477014338147
90,32,2,develop,0.0461155248466155
90,32,3,polici,0.0448253041126165
90,32,4,sector,0.0439600972674643
90,32,5,econom,0.0416073418113485
90,32,6,countri,0.0367803983594464
90,32,7,futur,0.029479266911758
90,32,8,will,0.0277336741539947
90,32,9,project,0.0250014420114086
90,32,10,scenario,0.0230585213766807
90,33,1,system,0.8291927063241
90,33,2,integr,0.0681917547514338
90,33,3,oper,0.0237360432947193
90,33,4,convent,0.009811485739269
90,33,5,develop,0.0069824859192963
90,33,6,subsystem,0.0069273755331929
90,33,7,paper,0.0043922977724382
90,33,8,system’,0.0042269666141281
90,33,9,combin,0.0038228237827034
90,33,10,advantag,0.0037126030104966
90,34,1,schedul,0.0948479409926703
90,34,2,optim,0.0781782472040167
90,34,3,problem,0.0739607992833417
90,34,4,cost,0.0376353354410311
90,34,5,oper,0.0364347480767514
90,34,6,dispatch,0.0362962187654884
90,34,7,constraint,0.0339258283283206
90,34,8,propos,0.0335718089773151
90,34,9,program,0.0308012227520541
90,34,10,solv,0.0301393604871306
90,35,1,surfac,0.0625232158142089
90,35,2,paramet,0.0583443692566095
90,35,3,process,0.0545490883250699
90,35,4,machin,0.0415684200326233
90,35,5,tool,0.040215846509149
90,35,6,cut,0.0397313425604419
90,35,7,forc,0.0335741048789548
90,35,8,respons,0.0314544001033608
90,35,9,experiment,0.0232582083043977
90,35,10,experi,0.0231168946526914
90,36,1,learn,0.15741029977272
90,36,2,deep,0.0900880037054192
90,36,3,train,0.0593351788618762
90,36,4,propos,0.0323164973735328
90,36,5,reinforc,0.0309700514521868
90,36,6,approach,0.0296774633676946
90,36,7,data,0.0253329311948182
90,36,8,framework,0.019534237426888
90,36,9,domain,0.0181159810564035
90,36,10,dataset,0.0180441706072651
90,37,1,framework,0.175160610639676
90,37,2,integr,0.0646258296569484
90,37,3,demonstr,0.0353008960143022
90,37,4,across,0.0346015974411753
90,37,5,enabl,0.0274717924238601
90,37,6,achiev,0.025753950276831
90,37,7,robust,0.0249482367034457
90,37,8,baselin,0.0179856552579652
90,37,9,valid,0.017696814542978
90,37,10,scalabl,0.017210345970368
90,38,1,heat,0.258401927884228
90,38,2,thermal,0.10847605342001
90,38,3,cool,0.0938060206062787
90,38,4,temperatur,0.0683893358476054
90,38,5,transfer,0.0322570140125176
90,38,6,exchang,0.0211847059480315
90,38,7,pump,0.0209210795655437
90,38,8,refriger,0.0197270071272168
90,38,9,cold,0.0170287135652832
90,38,10,perform,0.0166720425772115
90,39,1,electr,0.252899155141796
90,39,2,charg,0.116394464474699
90,39,3,station,0.0627612154478107
90,39,4,base,0.0259668334858024
90,39,5,vehicl,0.0233210461174191
90,39,6,consid,0.0198456474555597
90,39,7,time,0.0183433783565624
90,39,8,use,0.0179397836732497
90,39,9,can,0.0155630594270749
90,39,10,grid,0.0133881325225565
90,40,1,featur,0.114507378766346
90,40,2,select,0.101322020902955
90,40,3,accuraci,0.0573708280249844
90,40,4,sampl,0.0472446280799718
90,40,5,use,0.0456956873618054
90,40,6,extract,0.0407584388226502
90,40,7,classif,0.0312130916469499
90,40,8,method,0.0298384067595773
90,40,9,data,0.0257143520974593
90,40,10,base,0.0247269023896283
90,41,1,build,0.403244908403758
90,41,2,occup,0.0377457220093433
90,41,3,studi,0.026509435200252
90,41,4,light,0.0259189150175844
90,41,5,window,0.0238356910398404
90,41,6,offic,0.0218344837541336
90,41,7,retrofit,0.0174711957377566
90,41,8,use,0.0172087423232376
90,41,9,case,0.0154699884520498
90,41,10,envelop,0.0146006115164558
90,42,1,error,0.211708642039105
90,42,2,mean,0.136359672637311
90,42,3,model,0.0924034157338208
90,42,4,squar,0.0590890299910214
90,42,5,absolut,0.0546320399449659
90,42,6,rmse,0.0429728123607191
90,42,7,root,0.0353991589853565
90,42,8,percentag,0.0330253273303921
90,42,9,mae,0.030215485779618
90,42,10,mape,0.0267274066131397
90,43,1,detect,0.0888347193178687
90,43,2,fault,0.0395957950363922
90,43,3,reliabl,0.0395957950363922
90,43,4,secur,0.0381368639465707
90,43,5,mainten,0.0360497819708538
90,43,6,event,0.0306598421112354
90,43,7,degrad,0.0289577558397769
90,43,8,failur,0.0251685875926016
90,43,9,risk,0.0212983676182139
90,43,10,monitor,0.019211285642497
90,44,1,voltag,0.0843105582614155
90,44,2,frequenc,0.0622502565766503
90,44,3,current,0.0491833632525807
90,44,4,convert,0.0422178803065518
90,44,5,generat,0.0323956676459489
90,44,6,output,0.0269467202274098
90,44,7,stabil,0.0263295255359895
90,44,8,harvest,0.024548477997891
90,44,9,switch,0.0232082838108069
90,44,10,ieee,0.0194169449920823
90,45,1,resourc,0.113597861189052
90,45,2,cloud,0.0569133206779456
90,45,3,servic,0.0555708915997973
90,45,4,alloc,0.0411066909690447
90,45,5,center,0.0369092366683557
90,45,6,util,0.0332033761145943
90,45,7,virtual,0.0306886850245419
90,45,8,workload,0.0227664627182865
90,45,9,comput,0.0219912571942854
90,45,10,propos,0.0206299206643322
90,46,1,climat,0.10078850491139
90,46,2,chang,0.0953176785342421
90,46,3,region,0.0947176524154581
90,46,4,potenti,0.0407153017248986
90,46,5,area,0.039038758157708
90,46,6,futur,0.0345562100938512
90,46,7,locat,0.0268441096847745
90,46,8,studi,0.0260146618146908
90,46,9,global,0.0249204965392611
90,46,10,impact,0.0241616399772696
90,47,1,dynam,0.212683314941867
90,47,2,model,0.0724084025012394
90,47,3,behavior,0.0661113243455037
90,47,4,mechan,0.0579351181051992
90,47,5,coupl,0.0568156375441795
90,47,6,interact,0.044221481232708
90,47,7,simul,0.0327468054822562
90,47,8,effect,0.0292284380047658
90,47,9,characterist,0.0213520926290201
90,47,10,complex,0.0180936045674807
90,48,1,oper,0.42055252614727
90,48,2,condit,0.159770586657782
90,48,3,system,0.0421180304421672
90,48,4,reliabl,0.0140000650126368
90,48,5,stabl,0.013167090603236
90,48,6,work,0.0128623438680894
90,48,7,demonstr,0.0127810780720503
90,48,8,equip,0.011988736560669
90,48,9,maintain,0.0116027240294832
90,48,10,ensur,0.0111354457022584
90,49,1,renew,0.220592795493307
90,49,2,sourc,0.135612397835252
90,49,3,suppli,0.0643277984096631
90,49,4,increas,0.0331523223791558
90,49,5,resourc,0.0324509203133421
90,49,6,grid,0.0231296560176606
90,49,7,integr,0.0203609636526066
90,49,8,intermitt,0.0186997482335743
90,49,9,fossil,0.0163925045960293
90,49,10,penetr,0.0159310558685203
90,50,1,high,0.154068865891878
90,50,2,low,0.0946130680334291
90,50,3,phase,0.0559688397753983
90,50,4,can,0.0548466472969444
90,50,5,howev,0.0380749706189606
90,50,6,due,0.0346063756855576
90,50,7,applic,0.0312193947505876
90,50,8,use,0.0304644652650823
90,50,9,show,0.0243230118829982
90,50,10,rang,0.0208340134499869
90,51,1,manag,0.165139269176175
90,51,2,grid,0.159767845923536
90,51,3,smart,0.13265864120444
90,51,4,system,0.0280031491665568
90,51,5,meter,0.026064007198095
90,51,6,propos,0.0237564282556254
90,51,7,integr,0.0221081575824329
90,51,8,util,0.0211967608572559
90,51,9,home,0.0190637046919479
90,51,10,intellig,0.0185401363604632
90,52,1,adapt,0.147202955211628
90,52,2,propos,0.0907355276304825
90,52,3,base,0.0434098531929801
90,52,4,filter,0.0397821733740739
90,52,5,signal,0.039678525379248
90,52,6,onlin,0.0363617895448195
90,52,7,weight,0.0314903337880025
90,52,8,dynam,0.0304538538397436
90,52,9,improv,0.0292100779018329
90,52,10,adjust,0.0290442411101115
90,53,1,research,0.0623237418751603
90,53,2,author,0.0376287532612466
90,53,3,paper,0.0308800464492
90,53,4,recent,0.0277696089520276
90,53,5,applic,0.0273548839524047
90,53,6,switzerland,0.0243575532733113
90,53,7,discuss,0.0234338475923329
90,53,8,license,0.0225101419113544
90,53,9,focus,0.0224158862296219
90,53,10,review,0.0218503521392269
90,54,1,water,0.149362457468231
90,54,2,optimis,0.0457672210263176
90,54,3,pump,0.0378033643496979
90,54,4,membran,0.0301650059023679
90,54,5,use,0.0234380424970488
90,54,6,studi,0.0213982535935004
90,54,7,recoveri,0.0212246545378793
90,54,8,effici,0.0203132594958683
90,54,9,perform,0.0181649711825568
90,54,10,separ,0.0170799770849247
90,55,1,model,0.397364016407613
90,55,2,paramet,0.151348048845652
90,55,3,develop,0.0420621886246837
90,55,4,physic,0.0378188404658253
90,55,5,input,0.0375634537710792
90,55,6,datadriven,0.0309430448380455
90,55,7,accur,0.0220830910433922
90,55,8,base,0.0199024815728677
90,55,9,valid,0.0155609077621839
90,55,10,identif,0.0138910716811517
90,56,1,strategi,0.159110676444097
90,56,2,reduc,0.109031624602325
90,56,3,save,0.0713805273472985
90,56,4,reduct,0.0685392997823658
90,56,5,can,0.0556088151501212
90,56,6,improv,0.0500036723349479
90,56,7,achiev,0.0462153689150376
90,56,8,result,0.0386580901538902
90,56,9,compar,0.0356622379595734
90,56,10,effect,0.0353723167794782
90,57,1,sustain,0.11530528733508
90,57,2,technolog,0.0781632599182908
90,57,3,environment,0.0518618864387874
90,57,4,develop,0.0482978358292688
90,57,5,green,0.0366981711140298
90,57,6,research,0.0231514787509983
90,57,7,global,0.0207424445427125
90,57,8,transit,0.0202804379822193
90,57,9,adopt,0.019405925564143
90,57,10,toward,0.0188449175978299
90,58,1,price,0.123694031384347
90,58,2,market,0.109103351335355
90,58,3,trade,0.0248884121230056
90,58,4,risk,0.0234909948788768
90,58,5,decis,0.0220524771275677
90,58,6,particip,0.0212304669839626
90,58,7,profit,0.0204701076011278
90,58,8,dayahead,0.0180862781846728
90,58,9,strategi,0.0144899838064002
90,58,10,benefit,0.0137707249307456
90,59,1,data,0.531457730944645
90,59,2,use,0.0558749664649596
90,59,3,collect,0.0486649327808746
90,59,4,inform,0.0335741646048827
90,59,5,histor,0.0228429516797329
90,59,6,set,0.0144219304259695
90,59,7,dataset,0.0139002742421081
90,59,8,avail,0.0124470891584941
90,59,9,preprocess,0.0123911974245089
90,59,10,real,0.0119440635526277
90,60,1,method,0.480951442021612
90,60,2,propos,0.144538415765587
90,60,3,base,0.065914700486953
90,60,4,compar,0.0270957815014207
90,60,5,improv,0.020793208713747
90,60,6,combin,0.0191559481851055
90,60,7,tradit,0.0186982194351627
90,60,8,result,0.0164095756854488
90,60,9,accur,0.0155469330413259
90,60,10,paper,0.0154060934259589
90,61,1,process,0.219963847579405
90,61,2,product,0.189843740283001
90,61,3,industri,0.125022284318888
90,61,4,manufactur,0.0474106657932596
90,61,5,qualiti,0.0324853545383311
90,61,6,develop,0.0150932210065464
90,61,7,reduc,0.015051761808616
90,61,8,enterpris,0.0138494450686357
90,61,9,specif,0.0118386739690134
90,61,10,food,0.0118179443700482
90,62,1,natur,0.121056397728412
90,62,2,part,0.0776665177798237
90,62,3,use,0.0773018969399196
90,62,4,springer,0.0452608406333464
90,62,5,author,0.0427312835565117
90,62,6,result,0.0302658085922901
90,62,7,exclus,0.0285566484052396
90,62,8,licenc,0.0252522720436087
90,62,9,media,0.0201703690874452
90,62,10,springerverlag,0.0191448729752149
90,63,1,cell,0.097051889684066
90,63,2,effici,0.0353643627548858
90,63,3,densiti,0.0323868273835171
90,63,4,concentr,0.0290239639052653
90,63,5,devic,0.0243649967947707
90,63,6,layer,0.0215801254768435
90,63,7,current,0.0210546780583667
90,63,8,optic,0.0204066262422453
90,63,9,convers,0.0196885147703269
90,63,10,electron,0.0191630673518501
90,64,1,perform,0.370321815341029
90,64,2,evalu,0.128720378055288
90,64,3,compar,0.0569712581240811
90,64,4,use,0.0378727096137679
90,64,5,result,0.0281218928868944
90,64,6,metric,0.0243405722270635
90,64,7,improv,0.0239566818047457
90,64,8,better,0.023361651650153
90,64,9,show,0.0202329447082625
90,64,10,indic,0.0186781884978752
90,65,1,emiss,0.193195091519664
90,65,2,carbon,0.128587119552954
90,65,3,reduct,0.0426920320152909
90,65,4,scenario,0.0378140803567873
90,65,5,greenhous,0.0327038452859741
90,65,6,china,0.019513465801245
90,65,7,intens,0.0167924315427601
90,65,8,achiev,0.0163610480627563
90,65,9,gas,0.0161121729781388
90,65,10,lowcarbon,0.0147682475212042
90,66,1,engin,0.135144187826975
90,66,2,use,0.0813699666417543
90,66,3,institut,0.0440242257423577
90,66,4,publish,0.0410848721267249
90,66,5,ltd,0.0364365919903753
90,66,6,result,0.0295097431597368
90,66,7,studi,0.0285983156820212
90,66,8,technolog,0.0280742448823347
90,66,9,intern,0.0270716746568476
90,66,10,wiley,0.0266843179788184
90,67,1,larg,0.0839539855519882
90,67,2,can,0.0585619134354161
90,67,3,scale,0.0537381915287726
90,67,4,size,0.0532365244504816
90,67,5,number,0.0509404328229192
90,67,6,use,0.0506510095085206
90,67,7,requir,0.0503037015312423
90,67,8,small,0.0436469653000741
90,67,9,amount,0.0220945758211904
90,67,10,howev,0.0209175876759694
90,68,1,challeng,0.078043135090115
90,68,2,address,0.0547033130925748
90,68,3,enhanc,0.0470847819841108
90,68,4,signific,0.0390950088936666
90,68,5,stabil,0.0365124559755432
90,68,6,integr,0.0335102382082248
90,68,7,complex,0.0280223132572126
90,68,8,tradit,0.0275380845850644
90,68,9,demonstr,0.026973151134225
90,68,10,issu,0.0251008002685855
90,69,1,shortterm,0.109923463045614
90,69,2,lstm,0.0628795771229682
90,69,3,model,0.0604674495968935
90,69,4,long,0.0586472552060519
90,69,5,memori,0.0558503711420758
90,69,6,network,0.0525799405699132
90,69,7,deep,0.038299553682416
90,69,8,accuraci,0.0287842285335448
90,69,9,recurr,0.0272895973670814
90,69,10,neural,0.0248182765274835
90,70,1,effici,0.34744245669793
90,70,2,improv,0.135701309586568
90,70,3,perform,0.0645141103875663
90,70,4,enhanc,0.0607973573127117
90,70,5,reduc,0.0371315009993515
90,70,6,util,0.034590455529808
90,70,7,optim,0.0342870471155341
90,70,8,achiev,0.0311012587656587
90,70,9,combin,0.0263036132149535
90,70,10,signific,0.0230609357874017
90,71,1,wind,0.417763780839766
90,71,2,turbin,0.113021066107126
90,71,3,speed,0.103722739427178
90,71,4,farm,0.0548449773885905
90,71,5,output,0.0224428654753699
90,71,6,offshor,0.0190151727481384
90,71,7,wake,0.0167426692825706
90,71,8,blade,0.0157768553097043
90,71,9,generat,0.0141861028838069
90,71,10,rotor,0.0135043518441366
90,72,1,comput,0.170233208301522
90,72,2,task,0.0639008449789954
90,72,3,edg,0.0388022763903796
90,72,4,applic,0.0342472826788527
90,72,5,time,0.0266310381328583
90,72,6,mobil,0.0184799967543365
90,72,7,offload,0.0171891078482357
90,72,8,requir,0.0166358697456211
90,72,9,devic,0.0165252221250982
90,72,10,effici,0.0161010729130937
90,73,1,vehicl,0.15152659507858
90,73,2,drive,0.0704812629140317
90,73,3,electr,0.056628028927431
90,73,4,transport,0.046101136434788
90,73,5,speed,0.0305651649865381
90,73,6,fuel,0.0284910932314821
90,73,7,traffic,0.0268474891991735
90,73,8,road,0.0208600745100495
90,73,9,rang,0.0196860716298291
90,73,10,motor,0.0174750328720807
90,74,1,studi,0.0743521666736627
90,74,2,analysi,0.0612520813219718
90,74,3,find,0.0425901439785082
90,74,4,provid,0.0419954805580042
90,74,5,reveal,0.0286680238984735
90,74,6,insight,0.0276885782647022
90,74,7,interpret,0.0259920385062055
90,74,8,identifi,0.0248551819670067
90,74,9,practic,0.0226864094922274
90,74,10,gap,0.0225989589892121
90,75,1,machin,0.161852216173048
90,75,2,learn,0.129874915187108
90,75,3,random,0.0438283809097136
90,75,4,ensembl,0.0404358652213576
90,75,5,model,0.0336670659771257
90,75,6,forest,0.0319464599342274
90,75,7,boost,0.0302096217588489
90,75,8,accuraci,0.0291545331476377
90,75,9,gradient,0.0288461226305145
90,75,10,extrem,0.0218013771341196
90,76,1,tempor,0.0456920349954788
90,76,2,featur,0.0438356697586126
90,76,3,captur,0.0365299743103004
90,76,4,transform,0.0337454264550011
90,76,5,attent,0.0293889564233231
90,76,6,inform,0.0262600827579599
90,76,7,mechan,0.0259606690100783
90,76,8,spatial,0.0246881605815813
90,76,9,extract,0.0223227919733162
90,76,10,graph,0.0209904007952429
90,77,1,design,0.329507434758045
90,77,2,perform,0.0798590381093957
90,77,3,configur,0.0636912942609518
90,77,4,space,0.0386683548970033
90,77,5,effici,0.023502329998277
90,77,6,provid,0.0215990639938134
90,77,7,present,0.0170712943410893
90,77,8,analysi,0.0156688878114845
90,77,9,requir,0.0150878908206482
90,77,10,simul,0.0146271001037781
90,78,1,network,0.12451403792054
90,78,2,sensor,0.0675564778708293
90,78,3,node,0.0645602652017204
90,78,4,communic,0.040324889819076
90,78,5,wireless,0.0371220417934768
90,78,6,transmiss,0.0335059230548971
90,78,7,rout,0.0318233208663335
90,78,8,mobil,0.0279267684296598
90,78,9,scheme,0.0241187740029106
90,78,10,protocol,0.0224509314826677
90,79,1,impact,0.130324048341247
90,79,2,assess,0.0841306833521257
90,79,3,cycl,0.0704533182994807
90,79,4,studi,0.0696791278248027
90,79,5,environment,0.0635054550651908
90,79,6,life,0.040180485635789
90,79,7,signific,0.0280713525703124
90,79,8,analysi,0.0266817799234544
90,79,9,investig,0.0225329130206927
90,79,10,evalu,0.0207066175419651
90,80,1,gas,0.0906858272027589
90,80,2,fuel,0.0775174162854068
90,80,3,hydrogen,0.0620992051754844
90,80,4,oil,0.030539071005582
90,80,5,product,0.028635393919561
90,80,6,combust,0.0243560536931335
90,80,7,wast,0.0242616564822565
90,80,8,biomass,0.0234435473213218
90,80,9,coal,0.021209479997231
90,80,10,reaction,0.0176853174578202
90,81,1,valu,0.156735236321092
90,81,2,use,0.100395288344673
90,81,3,obtain,0.0566068811976783
90,81,4,determin,0.0471600955658795
90,81,5,respect,0.0454941293622757
90,81,6,calcul,0.0446990091287375
90,81,7,result,0.0373346812514435
90,81,8,total,0.0258622321675356
90,81,9,studi,0.0249345918950744
90,81,10,paramet,0.0227006826675148
90,82,1,hybrid,0.141248628225052
90,82,2,compon,0.0652025807782107
90,82,3,mode,0.0606361353140904
90,82,4,decomposit,0.0460345576808349
90,82,5,propos,0.0445246845838274
90,82,6,combin,0.043585617169835
90,82,7,model,0.0352444889631959
90,82,8,result,0.0223369152924366
90,82,9,empir,0.0197959093486923
90,82,10,improv,0.018249210078587
90,83,1,first,0.120108307134127
90,83,2,base,0.111575949513041
90,83,3,second,0.0668579400890132
90,83,4,final,0.0633027910802272
90,83,5,stage,0.0517149270137517
90,83,6,construct,0.0489092418500611
90,83,7,propos,0.0365334798951519
90,83,8,establish,0.031306450001153
90,83,9,paper,0.0293270967692343
90,83,10,two,0.024196151983581
90,84,1,solar,0.343405792264099
90,84,2,photovolta,0.17895903675414
90,84,3,irradi,0.0596249046978262
90,84,4,radiat,0.0497169920701565
90,84,5,output,0.0447103340934084
90,84,6,panel,0.0386145084164556
90,84,7,instal,0.0175514104721718
90,84,8,collector,0.0171473643898377
90,84,9,global,0.013036634682613
90,84,10,locat,0.0120177358662924
90,85,1,optim,0.512563355443513
90,85,2,algorithm,0.0508351813730852
90,85,3,multiobject,0.0421667976040123
90,85,4,swarm,0.0290067656486702
90,85,5,particl,0.0289238939109162
90,85,6,solut,0.0288907452158146
90,85,7,object,0.0288410221731622
90,85,8,minim,0.0269183978572683
90,85,9,paramet,0.0193439210265488
90,85,10,genet,0.0164765589002589
90,86,1,approach,0.246962162418569
90,86,2,techniqu,0.125863718297388
90,86,3,present,0.0758985042059326
90,86,4,methodolog,0.069929558535197
90,86,5,use,0.0529121339573714
90,86,6,propos,0.0442551862627285
90,86,7,appli,0.0264669375751059
90,86,8,novel,0.0219803459616723
90,86,9,applic,0.020952580481943
90,86,10,formula,0.0191539908924167
90,87,1,plant,0.159930532969736
90,87,2,unit,0.0847093309315921
90,87,3,capac,0.0816654574566561
90,87,4,generat,0.0575021056932943
90,87,5,use,0.0232064079791182
90,87,6,nuclear,0.0218512588293179
90,87,7,develop,0.0216844712416502
90,87,8,facil,0.0215385321024409
90,87,9,instal,0.0195579294988867
90,87,10,soil,0.0184321132821295
90,88,1,new,0.0558285017304939
90,88,2,will,0.0447417242074406
90,88,3,one,0.0388139710479653
90,88,4,can,0.0355340615188031
90,88,5,order,0.0294525626001483
90,88,6,take,0.0247889412383708
90,88,7,possibl,0.0241056267531287
90,88,8,paper,0.0205182257056076
90,88,9,import,0.0200740712902002
90,88,10,make,0.018365785077095
90,89,1,variabl,0.163992185448382
90,89,2,correl,0.0684389995464059
90,89,3,use,0.0597650064060225
90,89,4,analysi,0.0437101613044412
90,89,5,statist,0.0353942687982939
90,89,6,indic,0.0352550074405354
90,89,7,input,0.03304672019608
90,89,8,index,0.0282322561135736
90,89,9,studi,0.0271778486905453
90,89,10,coeffici,0.0263621750236744
90,90,1,estim,0.216563000484189
90,90,2,use,0.124256645188523
90,90,3,state,0.0818590388220542
90,90,4,level,0.0600705178343079
90,90,5,measur,0.0425652103740673
90,90,6,can,0.0208594567974806
90,90,7,observ,0.0203835441833133
90,90,8,differ,0.0194731026605584
90,90,9,direct,0.0165969351227648
90,90,10,two,0.0141966801991384
