"K","Topic","Rank","Document_ID","Topic_Probability","Title","Year","DOI","Abstract"
50,1,1,44373,0.342723004694836,"Comparison of machine-learning models for predicting short-term building heating load using operational parameters",2021,"10.1016/j.enbuild.2021.111505","Short-term building energy consumption prediction is of great significance to the optimal operation of building energy systems and conservation. Machine-learning models are widely used due to their high prediction accuracy and efficiency in dealing with high-dimensional nonlinear problems. To compare the performance of different machine-learning models in building energy consumption prediction, this paper analyzes 15 machine-learning models, including a multi-layer perception, a radials basis function neural network, a generalized regression neural network, an extreme learning machine, a support vector machine, a least-square support vector machine, a Gaussian process regression, a regression tree, a model five tree, a random forest, a gradient boosting decision tree, an extreme gradient boosting tree, a light gradient boosting machine, a categorical gradient boosting tree and a multi-adaptive regression spline, from the aspects of model prediction accuracy, model stability (over-fitting) and calculation speed. The operation parameters determined by ReliefF algorithm were used as input parameters. The results showed that the prediction accuracy of all models is higher in the training phases, with R2 values greater than 0.90, while the prediction accuracy in testing phases was much lower. In terms of prediction accuracy and model stability, the Gaussian process regression model had the best overall performance among the 15 models, while the support vector machine had the faster calculation speed with acceptable prediction accuracy. For small datasets, the Gaussian process regression model is recommended, and the support vector machine should be preferred for large datasets. The results of this paper can provide a basis for model selection and the establishment of combined models for predicting building energy consumption. © 2021 Elsevier B.V."
50,1,2,35122,0.304635761589404,"Improving the prediction of wind speed and power production of SCADA system with ensemble method and 10-fold cross-validation",2023,"10.1016/j.cscee.2023.100351","This research used machine-learning-based forecasting models to estimate a Supervisory control and data acquisition system's wind speed and electricity production. Six machine-learning algorithms were used to anticipate wind speed and electricity generation: a light gradient boosting machine, Gradient Boosting Regressor, an Ada Boost regressor, an elastic net, a lasso, and an ensemble (light gradient boosting machine and Ada Boost). To improve the performance of the light gradient boosting machine and Ada Boost algorithms, the ensemble (light gradient boosting machine and Ada Boost) was used to predict wind speed and production power of a Supervisory control and data acquisition system. Besides the ensemble method, the results of machine learning algorithms were obtained using 10-fold cross-validation, 5-fold cross-validation, and 4-fold cross-validation methods. The results of the algorithms were compared with each other. The results showed that the root-mean-square error of the ensemble method (light gradient boosting machine and Ada Boost) in predicting the three-month production power of the Supervisory control and data acquisition system was 11.78 with 10-fold cross-validation, and in predicting the wind speed was 0.2080 with 10-fold cross-validation. © 2023 The Author"
50,1,3,11496,0.293413173652695,"Analysing feature selection: impacts towards forecasting electricity power consumption",2025,"10.11591/ijres.v14.i1.pp265-272","This study focuses on the development of electrical power forecasting based on electricity usage in Wuzhou, China. To develop a forecasting model, the important features need to be identified. Therefore, this study investigates the performance of the feature selection method, focusing on the mutual information as a filter and random forest as a wrapper-based feature selection. From the experiment, six features have been chosen, whereby both feature selection methods chose almost identical features. Later, the selected features are trained and tested with common machine learning models, namely random forest regressor, support vector regression (SVR), k-nearest neighbor (KNN) regressor, and extreme gradient boosting (XGBoost) regressor. The performances of the feature selections tested on each of the models are measured in terms of mean absolute error (MAE), root mean square error (RMSE) and coefficient of determination (R2). Findings from the experiment revealed that XGBoost outperform the other machine learning models with RMSE 0.9566 and R2 indicated with 0.2561. However, SVR outperformed XGBoost and other model by obtaining MAE 0.6028. It can be concluded that the performance of filter-based outperformed the embedded feature selection. © 2025, Institute of Advanced Engineering and Science. All rights reserved."
50,1,4,10209,0.28804347826087,"Integrating machine learning-based classification and regression models for solvent regeneration prediction in post-combustion carbon capture: An absorption-based case",2025,"10.1016/j.rineng.2025.104856","As an industrialized nation with substantial greenhouse gas emissions, Iran faces an urgent need to implement post-combustion carbon capture (PCC) technology. However, conventional PCC systems often struggle with inefficiencies, particularly in solvent selection and regeneration, leading to high energy consumption. This research introduces a primary model comprising two sub-models aimed at optimizing PCC configurations. The first sub-model applies classification techniques Logistic Regression, AdaBoost, Support Vector Classifier, Gradient Boosting, Naive Bayes, Decision Tree, Random Forest, and K-Nearest Neighbors to determine the most suitable solvent based on variables such as pressure, temperature, and concentration. Among these, the Gradient Boosting Classifier demonstrated the best performance, attaining an Area Under the Curve (AUC) score of 0.94. The second sub-model estimates the energy required for solvent regeneration in an industrial-scale power plant using machine learning approaches, including K-Nearest Neighbors (KNN), Random Forest (RF), Decision Tree (DT), Logistic Regression (LR), Bayesian Ridge (BR), and Support Vector Regression (SVR), alongside ensemble strategies like Voting and Stacking. The Random Forest model, optimized via Grid Search Cross-Validation, delivered the most accurate results, achieving an R² of 0.942, a Mean Absolute Error (MAE) of 0.028, and a Mean Squared Error (MSE) of 0.004. The RF model predicted a regeneration energy of 22.3 MW for piperazine, validated by Aspen HYSYS, which gave a value of 22.5 MW. This study shows that using MEA outperforms piperazine as a solvent for PCC. © 2025 The Author(s)"
50,1,5,42342,0.283720930232558,"Evaluation of Various Tree-Based Ensemble Models for Estimating Solar Energy Resource Potential in Different Climatic Zones of China",2022,"10.3390/en15093463","Solar photovoltaic (PV) electricity generation is growing rapidly in China. Accurate estimation of solar energy resource potential (Rs) is crucial for siting, designing, evaluating and optimizing PV systems. Seven types of tree-based ensemble models, including classification and regression trees (CART), extremely randomized trees (ET), random forest (RF), gradient boosting decision tree (GBDT), extreme gradient boosting (XGBoost), gradient boosting with categorical features support (CatBoost) and light gradient boosting method (LightGBM), as well as the multi-layer perceotron (MLP) and support vector machine (SVM), were applied to estimate Rs using a k-fold cross-validation method. The three newly developed models (CatBoost, LighGBM, XGBoost) and GBDT model generally outperformed the other five models with satisfactory accuracy (R2 ranging from 0.893–0.916, RMSE ranging from 1.943–2.195 MJm−2 d−1, and MAE ranging from 1.457–1.646 MJm−2 d−1 on average) and provided acceptable model stability (increasing the percentage in testing RMSE over training RMSE from 8.3% to 31.9%) under seven input combinations. In addition, the CatBoost (12.3 s), LightGBM (13.9 s), XGBoost (20.5 s) and GBDT (16.8 s) exhibited satisfactory computational efficiency compared with the MLP (132.1 s) and SVM (256.8 s). Comprehensively considering the model accuracy, stability and computational time, the newly developed tree-based models (CatBoost, LighGBM, XGBoost) and commonly used GBDT model were recommended for modeling Rs in contrasting climates of China and possibly similar climatic zones elsewhere around the world. This study evaluated three newly developed tree-based ensemble models of estimating Rs in various climates of China, from model accuracy, model stability and computational efficiency, which provides a new look at indicators of evaluating machine learning methods. © 2022 by the authors. Licensee MDPI, Basel, Switzerland."
50,2,1,39588,0.391791044776119,"Spatiotemporal Co-Attention Hybrid Neural Network for Pedestrian Localization Based on 6D IMU",2023,"10.1109/TASE.2022.3164966","In this paper, we propose spatiotemporal co-attention hybrid neural network (SC-HNN), a novel hybrid neural network model with both spatial and temporal attention mechanisms for pose-invariant inertial odometry. The main idea is to extract both local and global features from a window of IMU measurements for velocity prediction. SC-HNN leverages the convolutional neural network (CNN) to capture the sectional features and long short-term memory (LSTM) recurrent neural network (RNN) to extract the long-range dependencies. Attention mechanisms are designed and embedded in both CNN and LSTM modules for better model representation. Specifically, in the CNN attention block, the convolved features are refined along both channel and element dimensions. For the LSTM module, softmax scoring is applied to update the weights of the hidden states along the temporal axis. We evaluate SC-HNN on the benchmark with the largest and most natural IMU data, RoNIN. Extensive ablation experiments demonstrate the effectiveness of our SC-HNN model. Compared with the state of the art, the 50th percentile accuracy of SC-HNN is 18.21% higher and the 90th percentile accuracy is 21.15% higher for all the phone holders not appeared in the training set. The real scenario inertial tracking trials in the CUHK campus further prove the superior generalization ability of the SC-HNN model. Note to Practitioners - This paper aims at improving the localization accuracy of deep inertial odometry. We focus on the problem of indoor localization only from the low-cost IMU embedded in the smartphone without any restriction on the phone's daily use. IMU is a perfect solution for indoor localization because of its low power consumption, high privacy protection, and external infrastructure free. This paper suggests a novel hybrid convolutional and recurrent neural network with a set of carefully designed attention mechanisms to improve the representation ability of deep inertial odometry model. Specifically, the convolutional layer is applied to extract the local spatial features among the 6D IMU signals, following a cascaded channel attention module and element attention module to boost the representation ability of CNN. The complex long-term dependencies are then identified by the LSTM layers. To adaptively capture the temporal features of the multimodal inertial signals, an attention mechanism is applied to weigh the hidden states for the generation of the final features. The effectiveness of the SC-HNN design is validated by extensive ablation studies. To the best of our knowledge, our model is the first HNN fused attention mechanism for inertial tracking. Extensive experiments show that the proposed method outperforms the state of the art.  © 2004-2012 IEEE."
50,2,2,42332,0.374407582938389,"Multivariate Time Series Deep Spatiotemporal Forecasting with Graph Neural Network",2022,"10.3390/app12115731","Multivariate time series forecasting has long been a subject of great concern. For example, there are many valuable applications in forecasting electricity consumption, solar power generation, traffic congestion, finance, and so on. Accurately forecasting periodic data such as electricity can greatly improve the reliability of forecasting tasks in engineering applications. Time series forecasting problems are often modeled using deep learning methods. However, the deep information of sequences and dependencies among multiple variables are not fully utilized in existing methods. Therefore, a multivariate time series deep spatiotemporal forecasting model with a graph neural network (MDST-GNN) is proposed to solve the existing shortcomings and improve the accuracy of periodic data prediction in this paper. This model integrates a graph neural network and deep spatiotemporal information. It comprises four modules: graph learning, temporal convolution, graph convolution, and down-sampling convolution. The graph learning module extracts dependencies between variables. The temporal convolution module abstracts the time information of each variable sequence. The graph convolution is used for the fusion of the graph structure and the information of the temporal convolution module. An attention mechanism is presented to filter information in the graph convolution module. The down-sampling convolution module extracts deep spatiotemporal information with different sparsities. To verify the effectiveness of the model, experiments are carried out on four datasets. Experimental results show that the proposed model outperforms the current state-of-the-art baseline methods. The effectiveness of the module for solving the problem of dependencies and deep information is verified by ablation experiments. © 2022 by the authors. Licensee MDPI, Basel, Switzerland."
50,2,3,10543,0.362745098039216,"AutoGRN: An adaptive multi-channel graph recurrent joint optimization network with Copula-based dependency modeling for spatio-temporal fusion in electrical power systems",2025,"10.1016/j.inffus.2024.102836","Multi-sensor, multi-source information fusion presents significant challenges in complex real-world applications such as power consumption prediction, where existing methods often have limitations in capturing both spatio-temporal features and fully exploit complex relationships among multi-variate features simultaneously. In real-world scenarios, such as complex electrical power system settings, capturing both correlations is important, as spatio-temporal contains vital geographical information and complex inter-series relationships between features. To address these limitations, we propose AutoGRN for enhancing prediction accuracy and efficiency in multi-source spatio-temporal data fusion, with a focus on complex electrical power system settings. AutoGRN integrates a novel adaptive multi-channel attentive framework with copula-based dependency modeling, combining graph neural diffusion convolution and recurrent optimization. The framework automatically learns spatial features, capturing complex correlations among regions, while a sequence encoder extracts temporal patterns, ensuring the acquisition of time series characteristics such as seasonality and trends. High-dimensional spatio-temporal features are then fused through a specially designed multi-channel recurrent graph neural network, incorporating copula functions to model complex dependencies between variables. Extensive experiments on multiple real-world electricity consumption datasets demonstrate that AutoGRN achieves substantial advantages over state-of-the-art benchmarks in multi-variate prediction tasks, showcasing its potential for applications in various multi-sensor, multi-source fusion scenarios, particularly in complex systems requiring simultaneous analysis of spatial and temporal dynamics with intricate inter-variable dependencies. Code is available at https://github.com/AmbitYuki/AutoGRN. © 2024 Elsevier B.V."
50,2,4,14942,0.333333333333333,"Multiscale graph based spatio-temporal graph convolutional network for energy consumption prediction of natural gas transmission process",2024,"10.1016/j.energy.2024.132489","Energy consumption prediction is crucial for planning and managing natural gas networks, enhancing transmission efficiency. However, most of relevant studies fail to consider the topology of natural gas network. Therefore, a multiscale graph based spatio-temporal graph convolutional network model (MG-STGCN) is proposed, which can extract the multi-scale relationship of data. Based on graph convolutional and temporal gated convolution network, data correlation, spatial dependence and time dependence are considered to improve the prediction effect. In order to verify the effect of the model, the model is tested based on two natural gas networks in different region of China. The single step prediction results of MG-STGCN are significantly better than spatio-temporal graph convolutional network (STGCN), long short-term memory (LSTM), gate recurrent unit (GRU) and temporal convolutional network (TCN), which proves the effectiveness and generalization ability of MG-STGCN. The training time of MG-STGCN is reduced by 20.8 % compared with STGCN. In different prediction time step, the average prediction effect of MG-STGCN is better than that of other methods, and the performance improvement rate is not less than 8.6 %. MG-STGCN can well capture the parameter correlation, spatial and temporal dependence of data, and achieve effective prediction of pipeline energy consumption. © 2024 Elsevier Ltd"
50,2,5,5044,0.327777777777778,"Short-Term Power Load Forecasting Based on GJO-TCN-BiGRU-TPA",2026,"10.1007/s42835-025-02452-7","To address the issue of reduced prediction accuracy under complex load variations, this paper proposes an enhanced TCN-BiGRU short-term load forecasting model integrated with a Temporal Pattern Attention (TPA) mechanism. The model improves prediction performance through a multi-stage deep feature fusion framework: First, historical power load data are standardized and processed for outliers to construct a high-quality input dataset. Second, the dilated causal convolution structure of the Temporal Convolutional Network (TCN) is employed to efficiently capture local features and long-term dependencies in load sequences. Subsequently, a Bidirectional Gated Recurrent Unit (BiGRU) network is constructed, where hyperparameters such as hidden layer dimensions and learning rates are optimized using the Golden Jackal Optimization (GJO) algorithm. This approach not only overcomes the limitations of manual parameter tuning but also significantly enhances the network’s bidirectional temporal feature extraction capability. The optimized BiGRU mechanism then simultaneously mines forward and backward global correlation features in time-series data. Finally, the TPA mechanism dynamically adjusts the weight distribution of multi-scale temporal features to amplify the contribution of critical temporal patterns to prediction results. Simulation experiments on real-world power load datasets demonstrate that the GJO-optimized hyperparameter configuration enables the network to converge faster to its optimal state, thereby improving load forecasting accuracy. © The Author(s) under exclusive licence to The Korean Institute of Electrical Engineers 2025."
50,3,1,34298,0.200956937799043,"Integrated path towards geological storage",2004,"10.1016/j.energy.2004.03.069","Among solutions to contribute to CO2 emissions mitigation, sequestration is a promising path that presents the main advantage of being able to cope with the large volume at stake when considering the growing energy demand. Of particular importance, geological storage has widely been seen as an effective solution for large CO2 sources like power plants or refineries. Many R&D projects have been initiated, whereby research institutes, government agencies and end-users achieve an effective collaboration. So far, progress has been made towards reinjection of CO2, in understanding and then predicting the phenomenon and fluid dynamics inside the geological target, while monitoring the expansion of the CO2 bubble in the case of demonstration projects. A question arises however when talking about sequestration, namely the time scale to be taken into account. Time is indeed of the essence, and points out the need to understand leakage as well as trapping mechanisms. It is therefore of prime importance to be able to predict the fate of the injected fluids, in an accurate manner and over a relevant period of time. On the grounds of geology, four items are involved in geological storage reliability: the matrix itself, which is the recipient of the injected fluids; the seal, that is the mechanistic trap preventing the injected fluids to flow upward and escape; the lower part of the concerned structure, usually an aquifer, that can be a migration way for dissolved fluids; and the man-made injecting hole, the well, whose characteristics should be as good as the geological formation itself. These issues call for specific competencies such as reservoir engineering, geology and hydrodynamics, mineral chemistry, geomechanics, and well engineering. These competencies, even if put to use to a large extent in the oil industry, have never been connected with the reliability of geological storage as ultimate goal. This paper aims at providing an introduction to these interactions and examining the consequences of storing CO2 underground over long period of time. It is indeed of tremendous importance, if geological storage is to become an accepted solution from both a technical and social point of view, to focus from now on long term issues. © 2004 Published by Elsevier Ltd."
50,3,2,28728,0.2,"Renewable energy and transmission networks",2015,"10.1007/978-3-319-03632-8_15","Achieving the integration of large amounts of Renewable Energy will certainly impact the development and operation of the transmission network. Making efficient use of Renewable Energy primary resources within a large region will require the transportation over long distances of large amounts of energy and will lead to less predictability and more stress in the use of the transmission network to cope with the intermittency and variability of such generation resources. This chapter identifies and discusses the main impacts related to the existence of renewable generation on those aspects of the functioning of the system that are related to the transmission grid. Expansion planning may probably need to take place in an integrated manner at regional level; while long-term transmission rights will need to be somehow accounted for in the planning process; these rights will have to be made available to Renewable Energy based generation; changes in electricity transmission technology may be necessary; markets will probably need to move closer to real time to better address imbalances caused by Renewable Energy generation; and the number of connection requests will probably increase, at least in those areas with abundant renewable primary resources; these resources may need to be provided priority access to the grid; finally, due to the inability to appropriately predict network use, transmission tariffs computed ex-ante will be less efficient, since they will be less likely to reflect future system conditions; on the other hand, updating network charges periodically defeats their main purpose of sending credible locational signals to prospective investors. © Springer International Publishing Switzerland 2015"
50,3,3,13695,0.180952380952381,"Stochastic Processes in the Analysis of Electrical Load Forecasting",2025,"10.52783/anvi.v28.1640","It is exceptionally vital to be able to precisely foresee power loads since that's a key portion of overseeing vitality well and building framework. The reason of this consider is to see into how irregular forms can be utilized, particularly in analyzing and anticipating changes in power stack designs over a run of time scales. Since power stack request changes over time, we require precise arranging strategies that can take into consideration the questions and complicated connections. The primary portion of the think about looks at well-known stochastic forms like autoregressive coordinates moving normal (ARIMA), Gaussian forms, and Markov models to see how well they can depict the irregular viewpoints of power stack information. It is checked to see how well each demonstrate can handle distinctive sorts of changes in time and whether it can be utilized in large-scale computing apps. The ponder too looks at how machine learning strategies can be combined with irregular forms to form estimates more precise. Profound learning and outfit strategies are tried to see in the event that they can learn complex designs and nonlinear connections from past stack information, which would make them valuable in expansion to irregular modeling strategies. A comparison of these strategies appears their aces and cons in terms of how well they make expectations, how quickly they work, and how well they hold up against demonstrate presumptions. The think about too talks approximately how imperative show determination components are for judging foreseeing victory. These incorporate demonstrate assessment strategies and measures like cruel outright rate mistake (MAPE) and root cruel square mistake (RMSE). It is talked around what precise stack estimating implies in genuine life, such as how to move forward vitality generation and delivery strategies, keep the lattice steady, and make beyond any doubt that assets are utilized proficiently. © 2025, International Publications. All rights reserved."
50,3,4,20627,0.17687074829932,"Efficient low power intelligent health care monitoring system using IOT",2019,"10.35940/ijitee.L3180.1081219","The present paper presents wellbeing checking framework for patients. In every one of the cases existences of individual behind the patient in current days are hard to screen, even in the medicinal services focus it might have the shot of possibility to happen uneven things in basic conditions. Keeping in mind the end goal to evade this issue this frame work will fare the well and effectively exchange data of patient to relatives, as well even the patient was not in the premises of healing facility. Data of the patient can be sent to relatives and alarms them by sending message. By utilizing this framework we can get GPS information of the patient, thereof we can rapidly get involves in basic circumstances. We can locate the patient fall discovery by the status of patient and can have an eye without being there with persistent. The major factor that play important role in wearables is power consumption, the least power drowning model has been developed in this system. And the controller runs Real Time Operating System (RTOS) to execute tasks almost at the same time. The cloud service used here is the amazon IoT, and there is a chance to analyze the data with machine learning models to predict the future abnormal situations. © BEIESP."
50,3,5,9072,0.171597633136095,"Machine learning techniques for solar energy generation prediction in photovoltaic systems",2025,"10.11591/ijpeds.v16.i3.pp2055-2062","For photovoltaic (PV) systems to be as effective and dependable as they possibly can be, it is vital to make an accurate prediction of the amount of power that will be generated by the sun. Using machine learning, it is now much simpler to forecast the amount of solar energy that will be generated. These approaches are more accurate and are able to adapt to the ever-changing conditions of the nature of the environment. We take a look at the most recent machine learning algorithms for predicting solar energy and examine their methodology, as well as their strengths and drawbacks, in this paper. Using performance metrics like root mean squared error (RMSE), mean absolute error (MAE), and mean squared error (MSE) makes it possible to evaluate important algorithms like support vector machines, decision trees, and linear regression. The results show that machine learning could help make predictions more accurate, lower the amount of uncertainty in operations, and help people make decisions in real time for PV systems. The study also points out important areas where research is lacking and suggests ways to move forward with the use of machine learning in systems that produce renewable energy. © 2025, Institute of Advanced Engineering and Science. All rights reserved."
50,4,1,15786,0.3125,"The Impact of the Weather Forecast Model on Improving AI-Based Power Generation Predictions through BiLSTM Networks",2024,"10.3390/electronics13173472","This study aims to comprehensively analyze five weather forecasting models obtained from the Open-Meteo historical data repository, with a specific emphasis on evaluating their impact in predicting wind power generation. Given the increasing focus on renewable energy, namely, wind power, accurate weather forecasting plays a crucial role in optimizing energy generation and ensuring the stability of the power system. The analysis conducted in this study incorporates a range of models, namely, ICOsahedral Nonhydrostatic (ICON), the Global Environmental Multiscale Model (GEM Global), Meteo France, the Global Forecast System (GSF Global), and the Best Match technique. The Best Match approach is a distinctive solution available from the weather forecast provider that combines the data from all available models to generate the most precise forecast for a particular area. The performance of these models was evaluated using various important metrics, including the mean squared error, the root mean squared error, the mean absolute error, the mean absolute percentage error, the coefficient of determination, and the normalized mean absolute error. The weather forecast model output was used as an essential input for the power generation prediction models during the evaluation process. This method was confirmed by comparing the predictions of these models with actual data on wind power generation. The ICON model, for example, outscored others with a root mean squared error of 1.7565, which is a tiny but essential improvement over Best Match, which had a root mean squared error of 1.7604. GEM Global and Gsf Global showed more dramatic changes, with root mean squared errors (RMSEs) of 2.0086 and 2.0242, respectively, indicating a loss in prediction accuracy of around 24% to 31% compared to ICON. Our findings reveal significant disparities in the precision of the various models used, and certain models exhibited significantly higher predictive precision. © 2024 by the authors."
50,4,2,38655,0.305732484076433,"Demand Side Control for Energy Saving in Renewable Energy Resources Using Deep Learning Optimization",2023,"10.1080/15325008.2023.2246463","Convolutional neural networks a type of deep learning technology, are used for forecasting future power usage. The mean absolute error, mean square error, root mean square error, and mean constant percentage error are used to evaluate the performance of the models. These metrics are used to rank the models. Among the models tested, the CNN stack demonstrates the highest precision in estimating energy consumption and solar power output, with a mean absolute error of 0.015% points, a root mean square error of 0.23% points, and an average absolute percentage deviation of 1.71% points. However, for wind turbine (WT) energy generation, the recurrent neural network proves for most accurate model, achieving 0.070 as the median absolute percentage error is 2.65, Both the root of the mean square error and the average absolute error are 0.38. The training and validation data utilized in this study comprise the International Renewable Energy Agency’s data on solar power production, WT power generation, and the “ensue” dataset, which includes hourly power consumption information from the Pennsylvania, New Jersey, and Maryland interconnection. © 2023 Taylor & Francis Group, LLC."
50,4,3,15384,0.288888888888889,"Wind speed prediction in some major cities in Africa using Linear Regression and Random Forest algorithms",2024,"10.46481/jnsps.2024.2079","Globally, wind energy if properly harnessed, could serve as a source of energy generation in Africa.This study compared the performance of two Machine Learning (ML) algorithms (Linear regression and Random Forest) in predicting wind speed in five major cities in Africa (Yaoundé, Pretoria, Nairobi, Cairo and Abuja).Wind data were collected between January 1, 2000, and December 31, 2022, using the Solar Radiation Data Archive.The data preprocessing was carried out with 80% of the data used for training and 20% for validation.The performance of these ML algorithms was evaluated using Mean Square Error (MSE), Root Mean Square Error (RMSE), Mean Absolute Error (MAE), Mean Absolute Percentage Error (MAPE) and coefficient of determination (R2).The result shows that Nairobi (3.814795 m/s) closely followed by Cairo (3.606453 m/s) has the highest mean wind speed while Yaoundé (1.090512 m/s) has the lowest.Based on the performance metrics used, the two Machine Learning algorithms were competitive.Still, the Linear Regression (LR) algorithm outperformed the Random Forest Algorithm in predicting wind speed in all the selected major African cities.In Yaoundé (RMSE = 0.3892, MAE= 0.3001, MAPE =0.5030), Pretoria (RMSE=1.2339, MAE=0.9480, MAPE=0.7450) Nairobi (RMSE= 0.4223, MAE =0.6499, MAPE =0.1872), Nairobi (RMSE=0.6499, MAE=0.5171, MAPE =0.1872), Cairo (RMSE =1.0909, MAE =0.8544, MAPE =0.3541) and Abuja (RMSE = 0.70245, MAE =0.5441, MAPE= 0.4515) the Linear regression algorithms was found to outperformed Random Forest Regression.Therefore, the Linear regression algorithm is more reliable in predicting wind speed compared with the Random Forest regression. © 2024 The Author(s)."
50,4,4,12296,0.255707762557078,"Performance Evaluation of Machine Learning Models for Predicting Energy Consumption and Occupant Dissatisfaction in Buildings",2025,"10.3390/buildings15010039","This study evaluates the performance of 15 machine learning models for predicting energy consumption (30–100 kWh/m2·year) and occupant dissatisfaction (Percentage of Dissatisfied, PPD: 6–90%), key metrics for optimizing building performance. Ten evaluation metrics, including Mean Absolute Error (MAE, average prediction error), Root Mean Squared Error (RMSE, penalizing large errors), and the coefficient of determination (R2, variance explained by the model), are used. XGBoost achieves the highest accuracy, with an energy MAE of 1.55 kWh/m2·year and a PPD MAE of 3.14%, alongside R2 values of 0.99 and 0.97, respectively. While these metrics highlight XGBoost’s superiority, its margin of improvement over LightGBM (energy MAE: 2.35 kWh/m2·year, PPD MAE: 3.89%) is context-dependent, suggesting its application in high-precision scenarios. ANN excelled at PPD predictions, achieving the lowest MAE (1.55%) and Mean Absolute Percentage Error (MAPE: 4.97%), demonstrating its ability to model complex nonlinear relationships. This nonlinear modeling advantage contrasts with LightGBM’s balance of speed and accuracy, making it suitable for computationally constrained tasks. In contrast, traditional models like linear regression and KNN exhibit high errors (e.g., energy MAE: 17.56 kWh/m2·year, PPD MAE: 17.89%), underscoring their limitations with respect to capturing the complexities of building performance datasets. The results indicate that advanced methods like XGBoost and ANN are particularly effective owing to their ability to model intricate relationships and manage high-dimensional data. Future research should validate these findings with diverse real-world datasets, including those representing varying building types and climates. Hybrid models combining the interpretability of linear methods with the precision of ensemble or neural models should be explored. Additionally, integrating these machine learning techniques with digital twin platforms could address real-time optimization challenges, including dynamic occupant behavior and time-dependent energy consumption. © 2024 by the authors."
50,4,5,4854,0.248780487804878,"COMPARISON OF CLASSIC AND NEURAL NETWORK MODELS FOR FORECASTING ELECTRICITY CONSUMPTION OF NON-HOUSEHOLD CONSUMER; [ПОРІВНЯННЯ КЛАСИЧНИХ ТА НЕЙРОМЕРЕЖЕВИХ МОДЕЛЕЙ ДЛЯ ПРОГНОЗУВАННЯ ОБСЯГІВ СПОЖИВАННЯ ЕЛЕКТРОЕНЕРГІЇ НЕПОБУТОВОГО СПОЖИВАЧА]",2026,"10.15407/techned2026.01.072","The study addresses the problem of forecasting the electrical load of an energy facility under conditions of high consumption variability. A comparative analysis of forecasting model performance is carried out for horizons of 1 and 24 hours. For the first case, the SSA, Holt–Winters methods, as well as LSTM and Transformer neural network architectures, were examined. For the second case, models with prior decomposition based on the Hilbert–Huang transform (model M1) and polynomial regression (model M2) were additionally considered. The quality of the models was evaluated using four metrics: mean error (ME), mean absolute error (MAE), root mean square error (RMSE), and mean absolute percentage error (MAPE). The results show that, for the 1-hour horizon, the Transformer model achieved the lowest MAE and MAPE values (2.54 kW and 4.95%, respectively), indicating high accuracy. LSTM demonstrated similar accuracy, with the smallest forecast bias. The SSA and Holt–Winters models were significantly less accurate, though they showed better stability in avoiding large errors. For the 24-hour horizon, the Transformer model achieved the best results in both accuracy and stability (MAE = 3.61 kW). The M1 model, based on the Hilbert–Huang transform, showed balanced performance across all metrics, while LSTM achieved high absolute accuracy. Additional analysis of mean error distribution frequencies showed that Transformer and LSTM provide high densities of accurate forecasts within narrow error intervals, unlike SSA and Holt–Winters, which are characterized by systematic biases. The conclusions have practical significance for energy management tasks in microgrid conditions, particularly for operational load planning, loss reduction, and optimization of backup power sources. © Сичова В.В., Мірошник В.О., 2026. © Видавець ВД «Академперіодика» НАН України, 2026. Це стаття відкритого доступу за ліцензією CC BY-NC-ND 4.0 https://creativecommons.org/licenses/by-nc-nd/4.0/legalcode.uk"
50,5,1,8157,0.525581395348837,"Model Construction and Scenario Analysis for Carbon Dioxide Emissions from Energy Consumption in Jiangsu Province: Based on the STIRPAT Extended Model",2025,"10.3390/su17198961","Against the backdrop of China’s “dual carbon” strategy (carbon peaking and carbon neutrality), provincial-level carbon emission research is crucial for the implementation of related policies. However, existing studies insufficiently cover the driving mechanisms and scenario prediction for energy-importing provinces. This study can provide theoretical references for similar provinces in China to conduct research on carbon dioxide emissions from energy consumption. The carbon dioxide emissions from energy consumption in Jiangsu Province between 2000 and 2023 were calculated using the carbon emission coefficient method. The Tapio decoupling index model was adopted to evaluate the decoupling relationship between economic growth and carbon dioxide emissions from energy consumption in Jiangsu. An extended STIRPAT model was established to predict carbon dioxide emissions from energy consumption in Jiangsu, and this model was applied to analyze the emissions under three scenarios (baseline scenario, low-carbon scenario, and enhanced low-carbon scenario) during 2024–2030. The results show the following: (1) During 2000–2023, the carbon dioxide emissions from energy consumption in Jiangsu Province ranged from 215.22428 million tons to 783.94270 million tons, with an average of 549.96280 million tons. (2) The decoupling status between carbon dioxide emissions from energy consumption and economic development in Jiangsu was dominated by weak decoupling, accounting for 91.304%, while a small proportion (8.696%) of expansive coupling was also observed. (3) Under the baseline scenario, the carbon dioxide emissions from energy consumption in Jiangsu in 2030 will reach 796.828 million tons; under the low-carbon scenario, the emissions will be 786.355 million tons; and under the enhanced low-carbon scenario, the emissions will be 772.293 million tons. Furthermore, countermeasures and suggestions for reducing carbon dioxide emissions from energy consumption in Jiangsu are proposed, mainly including strengthening the guidance of policies and institutional systems, optimizing the energy consumption structure, intensifying technological innovation efforts, and enhancing government promotion and publicity. © 2025 by the authors."
50,5,2,21641,0.506550218340611,"How to achieve the dual-control targets of China's CO2 emission reduction in 2030? Future trends and prospective decomposition",2019,"10.1016/j.jclepro.2018.12.178","Environmental problems are escalating with rapid economic development; the Chinese government actively follows a low-carbon development pattern and has made CO2 emissions reduction commitments for 2030. In the future, how to realize the 2030 CO2 emissions peak target and intensity reduction target has become an urgent problem for China to solve. This study aims to predict China's CO2 emissions trends by 2030 under different scenarios and to calculate the reduction potential of each sector and the impact factors separately. A comprehensive forecasting model was developed in this study based on the Kaya identity, Log-Mean Decomposition Index (LMDI) model and Scenario Analysis methods. According to this model, China's CO2 emissions will grow to 112.89 million tons in 2030 but not reach its peak under the target scenario (TS), while the CO2 emissions intensity will be 0.40 ton per 10,000 RMB, achieving the “Paris Commitment” for CO2 intensity reduction targets. In terms of emissions reduction factors, such as economic growth, energy technology progress and energy structure optimization are the main factors to achieve CO2 reduction targets, with the annual average mitigation potential of 8.83 million tons, 9.41 million tons and 5.80 million tons, respectively. In terms of China's six economic sectors, the 2nd sector(industrial sector) will have the largest reduction potential during 2016–2030, with an average annual reduction of 23.24 million tons, while the reduction from energy technology advancements contributes the most, followed by economic growth and energy structure optimization, with the annual average reduction rate of 44.35%, 30.92% and 19.64%, respectively. The key pathways for reducing China's CO2 emissions in the future are to adjust the economic development model in the 2nd, 4th, and 6th sectors, to improve the energy efficiency of the 2nd sector, and to optimize the energy consumption structure of the 1st, 2nd, and 6th sectors. Finally, we suggest that China should construct mutually compatible mitigation policies networks and focus on the superposition effect of various subsystem policy objectives to realize the “Paris commitment” for China's 2030 CO2 mitigation targets. © 2018 Elsevier Ltd"
50,5,3,17546,0.475935828877005,"Carbon peak prediction and emission reduction pathways of China's low-carbon pilot cities: A case study of Wuxi city in Jiangsu province",2024,"10.1016/j.jclepro.2024.141385","Carbon peaking is a research hotspot in China, aiming to reduce the impact of human activities on global climate change, promote the transformation of Low-carbon economy and realize high-quality development. The article takes Wuxi City in China's Jiangsu Province as a pilot low-carbon city to study its carbon emissions characters, then introduces the KAYA model, and sets different scenarios for the influencing factors, further predicts carbon emissions peak in 2019∼2030, and finally proposes the corresponding carbon reduction pathways. Results show that the total of carbon emissions in the study area is still in the upward period of the Kuznets' inverted U-shaped curve, the main factors are population growth rate, economic growth rate, energy consumption intensity and energy structure. If the enhanced carbon reduction scenario is adopted, carbon emissions peak will occur in 2025 or 2026, and the total carbon emissions will be between 120 million tCO2 e to 130 million tCO2 e, and the per capita carbon level will be about 17.5–19.5 tCO2 e. On the future, ten emission reduction pathways for China's low-carbon cities are put forward: strengthening urban spatial planning, upgrading economic structure, developing low-carbon systems in energy, industry, housing, transportation, and agriculture, encouraging low-carbon lifestyles, reforming low-carbon boosting mechanism, and improving low-carbon governance capability. © 2024 Elsevier Ltd"
50,5,4,15152,0.46927374301676,"Prediction of Energy Consumption and Carbon Dioxide Emissions in Gansu Province of China under the Background of “Double Carbon”",2024,"10.3390/en17194842","Gansu Province in China has the characteristics of an underdeveloped economy, low forest carbon sink, and rich non-fossil energy, making it a typical area for research to achieve the “double carbon” target. In this paper, the primary energy consumption and carbon emissions and their development trends in Gansu Province during the “double carbon” target period were predicted by the fixed-base energy consumption elasticity coefficient method, and the possibility of achieving the “double carbon” target in Gansu Province was explored. In the three hypothetical scenarios, it was estimated that the total primary energy consumption of Gansu Province will be 91.9–94.81 million tons of standard coal by 2030 and 99.35–110.76 million tons of standard coal by 2060. According to the predicted share of different energy consumption in Gansu Province, the CO2 emissions of Gansu Province in the three scenarios were calculated and predicted to be between 148.60 and 153.31 million tons in 2030 and 42.10 and 46.93 million tons in 2060. The study suggests that Gansu Province can reach the carbon peak before 2030 in the hypothetical scenarios. However, to achieve the goal of carbon neutrality by 2060, it was proposed that, in addition to increasing carbon sinks by afforestation, it is also necessary to increase the share of non-fossil energy. As long as the share is increased by 0.3% on the basis of 2030, the goal of carbon neutrality by 2060 in Gansu Province can be achieved. The results show that the increase in the share of non-fossil energy consumption is the most important way to achieve the goal of carbon neutrality in Gansu Province, and it also needs to be combined with the optimization of industrial structure and improvement of technological progress. Based on the research results, some countermeasures and suggestions are put forward to achieve the goal of carbon neutrality in Gansu Province. © 2024 by the authors."
50,5,5,22854,0.468619246861925,"Influencing factors and scenario forecasts of carbon emissions of the Chinese power industry: Based on a generalized divisia index model and monte carlo simulation",2018,"10.3390/en11092398","The power industry is the industry with the most direct uses of fossil fuels in China and is one of China's main carbon industries. A comprehensive and accurate analysis of the impacts of carbon emissions by the power industry can reveal the potential for carbon emissions reductions in the power industry to achieve China's emissions reduction targets. The main contribution of this paper is the use of a Generalized Divisia Index Model for the first time to factorize the change of carbon emissions in China's power industry from 2000 to 2015, and gives full consideration to the influence of the economy, population, and energy consumption on the carbon emissions. At the same time, the Monte Carlo method is first used to predict the carbon emissions of the power industry from 2017 to 2030 under three different scenarios. The results show that the output scale is the most important factor leading to an increase in carbon emissions in China's power industry from 2000 to 2015, followed by the energy consumption scale and population size. Energy intensity levels have always promoted carbon emissions reduction in the power industry, where energy intensity and carbon intensity effects of energy consumption have great potential to mitigate carbon levels. By setting the main factors affecting carbon emissions in the future three scenarios, this paper predicts the carbon emissions of China's power industry from 2017 to 2030. Under the baseline scenario, the maximum probability range of the potential annual growth rate of carbon emissions by the power industry in China from 2017 to 2030 is 1.9-2.2%. Under the low carbon scenario and technological breakthrough scenario, carbon emissions in China's power industry continue to decline from 2017 to 2030. The maximum probability range of the potential annual drop rate are measured at 1.6-2.1% and 1.9-2.4%, respectively. The results of this study show that China's power industry still has great potential to reduce carbon emissions. In the future, the development of carbon emissions reduction in the power industry should focus on the innovation and development of energy saving and emissions reduction technology on the premise of further optimizing the energy structure and adhering to the low-carbon road. © 2018 by the authors."
50,6,1,12157,0.382857142857143,"An effective range estimation and state-of-charge to mitigate range anxiety in electric vehicles",2025,"10.1016/j.heliyon.2024.e41494","This article presents a performance investigation of the range and state of electric charge vehicles based on different drive cycles and analyzed. Range anxiety is the major concern in electric vehicles globally. To mitigate the range anxiety issue by reducing the energy consumption in electric vehicles further reduces the range-related problem, and the state of charge reduces the demand for driver's power. The drive cycles predict, optimize, and simulate the performance range of Ev's real-world driving conditions. This research thoroughly focuses on the performance range of electric vehicles incorporated with the state of charge based on various standard drive cycles. A drive cycle plays a vital role in estimating energy consumption (EC) per km. There are many standard drive cycles World Wide Harmonized Light Vehicles Test Procedure (WLTP Class-3), the New European Drive Cycle (NEDC), the Modified Indian Drive Cycle (MIDC), the Indian Drive Cycle (IDC) used to investigate and evaluate Electric vehicle (EVs) performance range and state of charge (SoC). Range obtained from above drive WLTP Class-3, NEDC, MIDC, and IDC drive cycles 135.1123.8115.7 and 101.5 km, respectively. Due to improved road conditions, the WLTP Class-3 drive cycle offers more than the others. Due to road conditions, the IDC drive cycle offers a shorter range of 101.5 km. © 2024"
50,6,2,48970,0.331818181818182,"Coordinated management of connected plug-in hybrid electric buses for energy saving, inter-vehicle safety, and battery health",2020,"10.1016/j.apenergy.2020.115028","For plug-in hybrid electric vehicles, deeper battery discharge provides more electrical energy at a lower cost than fossil fuel, which reduces the overall energy consumption cost. However, it also accelerates battery degradation and increases the equivalent cost of battery life loss. Therefore, the battery depth of discharge (DOD) needs to be optimized to minimize the overall cost. For connected plug-in hybrid electric vehicles, the longitudinal velocity planning determines the energy demands, which directly affects the charging or discharging current to the battery and therefore affects DOD, aging, and fuel consumption as well. For connected plug-in hybrid electric buses running on fixed routes, in order to coordinate the velocity planning and battery health protection, this paper proposes a real-time energy management strategy aimed at achieving the minimum overall cost by optimizing the DOD and velocity planning. The proposed method is evaluated in an urban traffic scenario, and the goal of achieving optimal DOD is divided into a co-optimization problem over each moving horizon, where the velocity planning and energy management are traded off by minimizing the sum of driving safety cost, energy consumption cost, and equivalent cost of battery life loss. The results show that the proposed far-sighted economy-oriented methodology is superior to a short-sighted velocity planning and energy management method, and has an obvious advantage in the total cost compared with other conventional methods using a preset DOD. Moreover, the impacts of possible communication delays and prediction horizon lengths on the optimization performance and computational cost are investigated. The proposed method provides a promising management strategy for future connected and autonomous mobility design, which can mitigate battery capacity degradation and improve the fuel economy. © 2020 Elsevier Ltd"
50,6,3,48923,0.330097087378641,"Optimal recharging framework and simulation for electric vehicle fleet",2020,"10.1016/j.future.2017.04.037","Electrical vehicles are considered sustainable transport alternatives as compared to conventional combustion engine vehicles due to their lower energy consumption and less pollutants production. The increased penetration of electric vehicles in the market depends upon technology to overcome the driving range barrier. That can be achieved by significantly planning the use of available charging stations. In this paper, a planning simulation model is presented which evaluates the feasibility of electric vehicles driving range when recharging is considered at home, at work or at quick charging stations in Flanders, Belgium. The proposed procedure plans a charging strategy for each electric vehicle so that entire scheduled tours of the individual can be executed successfully. The simulation starts by activating an agent for each electric vehicle that takes the daily schedule of the driver, registered charging requests at each charging station, and devises a charging strategy that may or may not require a detour to a charging station. Detouring to a charging station causes the time loss that result in the utility drop due to decreased participation in the planned activities. The charging station that leads to the minimum detour travel time, waiting time and recharging time is selected to minimize the time loss. The simulation uses a realistic travel demand predicted by an activity-based model. The results show the percentage of the population that can drive electric vehicle with charging only at home and/or work location; it also shows those who need a stop for recharging at a charging station. The results indicate the use of all charging stations over the day and also the waiting time as function of charging points at each charging station. © 2017 Elsevier B.V."
50,6,4,36379,0.317757009345794,"Repercussion of effect of different drive cycles on evaluation of electrical consumption for electric four-wheeler to achieve optimal performance of electric vehicle",2023,"10.1002/est2.468","Electric vehicle (EV) is at borne stage and facing lot of challenges at design and development stage. The performance of EV is solely depending on distance travelled by vehicle means range of vehicle and electrical consumed by the vehicle. These two performance parameters affects on sizing of EV component. The electric motor and electric battery are power and electrical source of the vehicle. For sizing, this component electrical consumption (EC) per kilometer (km) plays major role. The correct estimation of EC per km is very much necessary at the design stage for sizing of components. Drive cycles play major role for accurate estimation of EC per km. Many drive cycles (Indian drive cycle [IDC], modified Indian drive cycle [MIDC], urban drive cycle [UDC], worldwide harmonized light vehicles test procedure [WLTP], new European drive cycle [NEDC], and Artemis drive cycle) are currently used by many countries to predict the performance of vehicle. Various standard cycles are studies the effect of drive cycle on energy consumption of an electric four-wheeler through analytical methods which results the optimal performance of vehicle. Current study investigates the analytical approach for accurate prediction of energy consumption per km to enhance the range of EV, which is major concern of EV buyers. Present work compares the range and electric consumption of electric four-wheeler by using NEDC, highway fuel economy test cycle (HWFET), UDC, WLTP, and MIDC drive cycle. The range obtained from NEDC, HWFET, UDC, WLTP, and MIDC drive cycles are 114.20, 115.18, 78.16, 103.33, and 93.73 km, respectively. HWFET drive cycle provides higher than other drive cycle due to better road condition. Urban drive cycle provides low range of 64 km because of road condition. © 2023 John Wiley & Sons Ltd."
50,6,5,35116,0.309644670050761,"Hierarchical Optimization of Speed Planning and Energy Management for Connected Hybrid Electric Vehicles Under Multi-Lane and Signal Lights Aware Scenarios",2023,"10.1109/TITS.2023.3305491","Connected and automated vehicle technology via vehicle-to-everything communication, can assist in improving energy efficiency for hybrid electric vehicles (HEVs). In particular, information about the timing of traffic lights and surrounding vehicles can be exchanged between traffic vehicles and in conjunction with vehicle state information, to improve the fuel economy of HEVs significantly. To this end, we propose a multi-lane hierarchical optimization (MLHO) algorithm based on a predictive control framework. The dynamic behaviors of the surrounding vehicles are first predicted, and then the traffic light information (e.g., signal phasing and timing) and vehicles' state information are utilized in the design. MLHO is a two-level strategy wherein a multi-lane speed planning method for a host vehicle is formulated to plan the optimal speed and lane-change behaviors by considering vehicle power demand, driving comfort, and safety in the upper level. In the lower level, dynamic programming is adopted to devise energy management by tracking the optimal speed. Simulation results under real routes using the traffic simulation software Simulation of Urban Mobility show that the fuel economy of MLHO is improved by 32% on average compared to speed profile driven by a human driver model. In addition, traffic efficiency is enhanced significantly, i.e., different traffic occupancy results on the road indicate that the proposed MLHO is less affected by the traffic flow density. With different traffic densities, the maximum fuel consumption difference under the three considered scenarios is only 0.645L/100km.  © 2000-2011 IEEE."
50,7,1,11272,0.15609756097561,"Thermodynamically Constrained AI Model for Multi-Temporal Scale Energy Consumption Prediction of Mining Equipment",2025,"10.18280/ijht.430215","With the continuous increase in global energy consumption, enhancing energy efficiency has become a crucial objective in the industrial sector. Mining equipment, as high-energy-consuming facilities, presents particularly significant challenges regarding energy consumption. Accurate energy consumption prediction for mining equipment is essential for improving energy utilization efficiency and reducing environmental impact. Traditional prediction methods often rely on empirical models or statistical regression analyses, which tend to yield large prediction errors when dealing with the complex operational processes and varying environmental factors associated with mining equipment. In recent years, deep learning techniques have been widely applied to energy consumption prediction in mining equipment, especially for multi-temporal scale forecasting. However, most methods fail to adequately consider thermodynamic processes, resulting in predictions that lack physical consistency. Existing studies predominantly focus on deep learning-based models, yet they struggle to effectively capture the intricate nonlinear relationships inherent in multi-temporal scale variations. Additionally, conventional models often neglect the significant impact of thermodynamic states on energy consumption, limiting their predictive accuracy. To address these challenges, this paper proposes a thermodynamically constrained artificial intelligence model for multi-temporal scale energy consumption prediction of mining equipment. Specifically, a bias-corrected spatiotemporal graph attention network is developed to adaptively capture energy consumption patterns across different temporal scales. Simultaneously, a thermodynamic constraint operator is incorporated to ensure the model adheres to thermodynamic principles, preventing physically inconsistent predictions. The proposed model offers a more accurate and scientifically grounded approach to optimizing energy efficiency in mining equipment. ©2025 The authors."
50,7,2,48992,0.155172413793103,"Temporal logistic neural Bag-of-Features for financial time series forecasting leveraging limit order book data",2020,"10.1016/j.patrec.2020.06.006","Time series forecasting is a crucial component of many important applications, ranging from forecasting the stock markets to energy load prediction. The high-dimensionality, velocity and variety of the data collected in many of these applications pose significant and unique challenges that must be carefully addressed for each of them. In this work, a novel Temporal Logistic Neural Bag-of-Features approach, that can be used to tackle these challenges, is proposed. The proposed method can be effectively combined with deep neural networks, leading to powerful deep learning models for time series analysis. However, combining existing BoF formulations with deep feature extractors pose significant challenges: the distribution of the input features is not stationary, tuning the hyper-parameters of the model can be especially difficult and the normalizations involved in the BoF model can cause significant instabilities during the training process. The proposed method is capable of overcoming these limitations by a employing a novel adaptive scaling mechanism and replacing the classical Gaussian-based density estimation involved in the regular BoF model with a logistic kernel. The effectiveness of the proposed approach is demonstrated using extensive experiments on a large-scale limit order book dataset that consists of more than 4 million limit orders. © 2020 Elsevier B.V."
50,7,3,18994,0.154320987654321,"RUDE: Fusing Rules and Deep Learning for High-Speed Drone Path Planning",2024,"10.54364/AAIML.2024.44172","This paper focuses on the problem of emergency restricted zone avoidance for high-speed drones. Existing path planning methods struggle with inefficiency due to large search spaces, slow convergence rates, and difficulties in path planning for high-speed drones. To overcome these challenges, we propose a novel approach that integrates rules with deep learning. This hybrid approach simplifies decision-making by converting temporal decisions into a limited set of middle way-points, significantly reducing the complexity of both the state and solution search space. Additionally, rules are employed to prevent aimless exploration within the solution space. To enhance the algorithm performance, we introduce a situation prediction model, which is trained to capture the relationship between way-points and flight outcomes, such as restricted zone encounters and energy consumption. Experimental results demonstrate notable improvements over purely rule-based methods, with high success rates in avoiding restricted zones and maintaining sufficient kinetic energy to reach the goal. This approach effectively addresses the challenges posed by high-speed drones operating under complex physical models and dynamic emergency scenarios. Copyright © 2024 Yan Zheng, et al."
50,7,4,8678,0.151162790697674,"On the theoretical analysis of hydrogen-oxygen explosion limits",2025,"10.1016/j.energy.2025.137349","Hydrogen, as a clean and renewable energy source, has attracted significant attentions due to its potential to address global energy demands and environmental concerns. However, its high reactivity poses challenges for safe and efficient utilizations. In this study, the radical and thermal runaway explosion characteristics of the H2/O2 system were investigated by Jacobian matrix analysis and chemical kinetics calculations, respectively. The results indicate that the explosion mode of this system can be represented by the signs of eigenvalues of the full Jacobian matrix across the entire pressure-temperature domain. Furthermore, the explosion limits can be predicted by a reduced 5-by-5 radicals’ matrix, which are in excellent agreements with those obtained using full Jacobian matrix and chemical kinetic simulations. By using the reciprocal of the maximum eigenvalue of the matrix as the characteristic time, the ignition delay time (IDT) of the H2/O2 mixture can be accurately predicted under various conditions. Additionally, the analyzation reveals that only H, HO2, and H2O2 radicals play the dominant roles in determining the explosion limits. Therefore, the explosion system can be further reduced to a 3 by 3 matrix, and three single expressions were derived for each explosion limit. Finally, the effects of equivalence ratio on the explosion limit were investigated, and the reasons for the rotating and shifting trend are revealed. These findings demonstrate the effectiveness of matrix-based methods for predicting the explosion limits of premixed gases and offers a valuable tool for safety assessments and process optimization in various industrial applications involving hydrogen. © 2025 Elsevier Ltd"
50,7,5,2537,0.144578313253012,"Energy Consumption Forecasting in Net-Zero Energy Buildings: Firefly-Driven LSTM for Smart Consumer Electronics and Edge-Based Energy Optimization",2026,"10.1109/TCE.2025.3646842","Net-Zero Energy Buildings (NZEBs) are present-day constructions capable of generating sufficient clean energy for their consumption. Since these buildings tend to rely on clean energy from Renewable Energy Sources (RESs), there is a challenge of controlling when and how much energy is generated. Thus, energy consumption prediction is essential to manage supply and demand using RESs and energy storage solutions. However, considering that the underlying electrical appliances have uncertain and non-linear energy consumption patterns, effectively predicting energy consumption is a tedious task. Accordingly, the existing prediction schemes, such as Random Forest Regressor (RFR), Support Vector Regressor (SVR), and Long-Short-Term Memory (LSTM), face various problems like vanishing gradients, limited memory cells, and fixed-length inputs. To overcome these issues, in this study, we propose a hybrid framework that combines the LSTM and Firefly (FF) optimization algorithms. LSTM learns complex long-term dependencies and efficiently predicts energy variations. In addition, the standard FF is modified (thereafter referred to as modified FF, MFF) to address existing issues, such as premature convergence and limited global search in complex time-series data. More specifically, FF is modified with additional components, such as chaotic logistic maps, adaptive inertia weight, and levy flight. These components generate an initially diverse population of fireflies, adjust attractiveness parameters, regulate local and global exploration capabilities, and accelerate local search by creating new best solutions. Due to these modifications, the proposed combination of LSTM and MFF converges faster, requires fewer iterations, and requires less processing time. For a comprehensive evaluation of the proposed work, the simulation results are analyzed using the Portuguese house time-series dataset. The results prove the efficacy of the proposed methodology as compared to the existing schemes. Optimized prediction of energy consumption can be used to synchronize energy supply and demand, as well as to facilitate green buildings to create a more sustainable environment. The results demonstrate the effectiveness of the proposed methodology, achieving an RMSE of 23.55 W and an R2 of 0.99, thereby surpassing existing approaches. Moreover, the proposed method can be integrated with smart consumer electronics and edge devices, enabling real-time, energy-efficient decision-making at the edge for enhanced control in NZEBs and beyond.  © 2025 IEEE."
50,8,1,33977,0.308139534883721,"The potential biomass for energy production in the Czech Republic",2006,"10.1016/j.biombioe.2005.11.020","Biomass production is a promising alternative for the Czech Republic's (CZ) agricultural sector. Biomass could cover the domestic bio-energy demand of 250 PJ a-1 (predicted for 2030), and could be exported as bio-fuels to other EU countries. This study assesses the CZ's biomass production potential on a regional level and provides cost-supply curves for biomass from energy crops and agricultural and forestry residues. Agricultural productivity and the amount of land available for energy crop production are key variables in determining biomass potentials. Six scenarios for 2030 with different crop-yield levels, feed conversion efficiencies and land allocation procedures were built. The demand for food and fodder production was derived from FAO predictions for 2030. Biomass potential in the CZ is mainly determined by the development of food and fodder crop yields because the amount of land available for energy crop production increases with increasing productivity of food and fodder crops. In most scenarios the NUTS-3 regions CZ020, 31 and 32 provided the most land for energy-crop production and the highest biomass potentials. About 110 PJ a-1, mostly from agricultural and forestry residues, can be provided from biomass when the present Czech agricultural productivity is maintained. About 195 PJ a-1 (105 PJ from energy crops) can be provided when production systems are optimised with regard to fertilizer regimes and 365 PJ a-1 (290 PJ from energy crops) when the yield level of Dutch agriculture is reached. Costs for woody biomass decrease with increasing plantation yield and range between 2.58 and 4.76 € GJ-1. It was concluded that Czech agriculture could provide enough biomass for domestic demand and for export if agricultural productivity is increased. © 2006 Elsevier Ltd. All rights reserved."
50,8,2,27870,0.302439024390244,"Cost analysis of a coal-fired power plant using the NPV method",2015,"10.1007/s40092-015-0116-8","The present study investigates the impact of various factors affecting coal-fired power plant economics of 210 MW subcritical unit situated in north India for electricity generation. In this paper, the cost data of various units of thermal power plant in terms of power output capacity have been fitted using power law with the help of the data collected from a literature search. To have a realistic estimate of primary components or equipment, it is necessary to include the latest cost of these components. The cost analysis of the plant was carried out on the basis of total capital investment, operating cost and revenue. The total capital investment includes the total direct plant cost and total indirect plant cost. Total direct plant cost involves the cost of equipment (i.e. boiler, steam turbine, condenser, generator and auxiliary equipment including condensate extraction pump, feed water pump, etc.) and other costs associated with piping, electrical, civil works, direct installation cost, auxiliary services, instrumentation and controls, and site preparation. The total indirect plant cost includes the cost of engineering and set-up. The net present value method was adopted for the present study. The work presented in this paper is an endeavour to study the influence of some of the important parameters on the lifetime costs of a coal-fired power plant. For this purpose, parametric study with and without escalation rates for a period of 35 years plant life was evaluated. The results predicted that plant life, interest rate and the escalation rate were observed to be very sensitive on plant economics in comparison to other factors under study. © The Author(s) 2015."
50,8,3,40959,0.298780487804878,"Assessment of the Impact of Flow Changes and Water Management Rules in the Dam Reservoir on Energy Generation at the Jeziorsko Hydropower Plant",2022,"10.3390/en15207695","This paper presents the impact of flow changes in the Warta River and water management rules regarding the Jeziorsko dam reservoir on the energy production by the hydropower plant in the period 1995–2021. The Jeziorsko dam reservoir was built in 1986. It is the second largest dam reservoir in Poland in terms of surface area. In 1994, a hydropower plant with an installed capacity of 4.89 MW started operation. The study results show the average annual energy production from 1995 to 2021 at a level of 18,718 MWh. On the other hand, energy production largely changed from year to year, from 12,432 MWh (in 2019) to 26,916 MWh (in 2001). The droughts that have occurred in the Warta River basin over the past two decades have had a major impact on energy production. As a consequence of the drought, it was not possible to maintain the required water level in the reservoir. Moreover, a change in the rules for the reservoir’s management that led to lower water levels in the reservoir by 1.5 m between April and June was important from the point of view of energy production. Improving the efficiency of energy production requires changing the rules of water management in the reservoir. More flexible reservoir operation schemes should be considered, including operational management based on meteorological and hydrological forecasts. Moreover, other criteria should also be considered, such as maintaining environmental flows, ensuring protection from flooding, and operating a nature reserve around the reservoir. © 2022 by the authors."
50,8,4,41392,0.298076923076923,"Off-grid SeaWater Reverse Osmosis (SWRO) desalination driven by hybrid tidal range/solar PV systems: Sensitivity analysis and criteria for preliminary design",2022,"10.1016/j.seta.2022.102425","This paper deals with innovative renewable energy (RE) - powered seawater reverse osmosis (SWRO) plants based on tidal range/PhotoVoltaic (PV) systems as a hybrid technology with interesting prospects to promote the RE desalination at medium to large capacity ranges. Key features to enhance solar PV with tidal range energy are the good temporary complementarity of both options and the predictable water production pattern that the tidal range plant allows, along with ensuring water production at night. Once the basic sizing of a power plant referred to a 20 MW turbine is conducted, the sensitivity analysis of main performance parameters of the hybrid solar/tidal desalination system is carried out through yearly simulations. With this analysis, an extension of the knowledge about the performance of hybrid tidal/solar desalination is gained in such a way that three useful design criteria are derived from the results: i) total investment cost per unitary water production, ii) energy consumed in desalination to total energy production, and iii) energy non-useful for desalination. Recommended designs are provided under each of these three criteria for given yearly freshwater demand with SWRO plants of 3.5 and 4.8 kWh/m3 of specific energy consumption. Results proves that off-grid SWRO desalination powered by hybrid tidal/PV systems in a favorable location achieves actual water production of one half of nominal production with adequate selection of design parameters. Recommended sizing of the energy generator for minimizing capital costs corresponds to 20 MW tidal/25–27 MWp PV per 12 MW of SWRO consumption. Additionally, in absence of realistic costs data, the recommended design criterion for the plant sizing relies on the ratio of energy used by the desalination plant to that produced by the hybrid tidal/PV generator. Results at an exemplary plant location show that 14.1 × 106 m3/y of fresh water obtained with desalination consumption of 3.5 kWh/m3 needs 2.0 MW tidal/26.9 MWp PV. This energy system would produce 10 × 106 m3/y considering 4.8 kWh/m3 of specific consumption. © 2022 The Author(s)"
50,8,5,11297,0.297872340425532,"Water Resources Management at Lake Tiberias and the Lower Jordan Valley in interplay with seawater desalination and hydropower generation",2025,"10.1007/s40899-025-01201-y","Lake Tiberias is Israel’s largest freshwater reservoir, located in northeastern Israel, uphill from the Jordanian Lower Jordan Valley. In view of increased water transfers to Jordan and in order to stabilize the water level of the lake, the supply of desalinated seawater from the coast to the lake is being discussed. As the lake is about 200 m below sea level, the difference in altitude could be used for hydroelectric power generation. This analysis shows that, depending on the capacity of desalination plant and the hydraulic system of the tunnel, the installed capacity of the hydropower plant would be between 9 MW and 47 MW. The magnitude of electricity that could be produced ranges between 78 GWh/a and 400 GWh/a, which corresponds to a recovery of 11–16% of the amount of electricity required by the desalination plant. Approximately 100 million m³ of water is conveyed annually from Lake Tiberias to Jordan’s King Abdullah Canal, the major supply line for potable and irrigation water in the Lower Jordan Valley. To improve transboundary water management from Lake Tiberias to the Jordan Valley, the present study demonstrates the potential feasibility of a predictive controlled operation. The water supply can be managed regarding spatial and temporal water demand, taking into account operational regulations. Bearing in mind a future increase in Israeli water supply to Jordan through a Water-Energy SWAP, the importance of optimized lake operations and coordinated water transfers will increase even more. © The Author(s) 2025."
50,9,1,21465,0.468354430379747,"Optimization of hydrogen production from three reforming approaches of glycerol via using supercritical water with in situ CO2 separation",2019,"10.1016/j.ijhydene.2018.07.053","A pathway for hydrogen production from supercritical water reforming of glycerol integrated with in situ CO2 removal was proposed and analyzed. The thermodynamic analysis carried out by the minimizing Gibbs free energy method of three glycerol reforming processes for hydrogen production was investigated in terms of equilibrium compositions and energy consumption using AspenPlus™ simulator. The effect of operating condition, i.e., temperature, pressure, steam to glycerol (S/G) ratio, calcium oxide to glycerol (CaO/G) ratio, air to glycerol (A/G) ratio, and nickel oxide to glycerol (NiO/G) ratio on the hydrogen production was investigated. The optimum operating conditions under maximum H2 production were predicted at 450 °C (only steam reforming), 400 °C (for autothermal reforming and chemical looping reforming), 240 atm, S/G ratio of 40, CaO/G ratio of 2.5, A/G ratio of 1 (for autothermal reforming), and NiO/G ratio of 1 (for chemical looping reforming). Compared to three reforming processes, the steam reforming obtained the highest hydrogen purity and yield. Moreover, it was found that only autothermal reforming and chemical looping reforming were possible to operate under the thermal self-sufficient condition, which the hydrogen purity of chemical looping reforming (92.14%) was higher than that of autothermal reforming (52.98%). Under both the maximum H2 production and thermal self-sufficient conditions, the amount of CO was found below 50 ppm for all reforming processes. © 2018 Hydrogen Energy Publications LLC"
50,9,2,33214,0.393939393939394,"Hydrogen production by reforming of liquid hydrocarbons in a membrane reactor for portable power generation-Experimental studies",2009,"10.1016/j.jpowsour.2008.09.059","One of the most promising technologies for lightweight, compact, portable power generation is proton exchange membrane (PEM) fuel cells. PEM fuel cells, however, require a source of pure hydrogen. Steam reforming of hydrocarbons in an integrated membrane reactor has potential to provide pure hydrogen in a compact system. Continuous separation of product hydrogen from the reforming gas mixture is expected to increase the yield of hydrogen significantly as predicted by model simulations. In the laboratory-scale experimental studies reported here steam reforming of liquid hydrocarbon fuels, butane, methanol and Clearlite® was conducted to produce pure hydrogen in a single step membrane reformer using commercially available Pd-Ag foil membranes and reforming/WGS catalysts. All of the experimental results demonstrated increase in hydrocarbon conversion due to hydrogen separation when compared with the hydrocarbon conversion without any hydrogen separation. Increase in hydrogen recovery was also shown to result in corresponding increase in hydrocarbon conversion in these studies demonstrating the basic concept. The experiments also provided insight into the effect of individual variables such as pressure, temperature, gas space velocity, and steam to carbon ratio. Steam reforming of butane was found to be limited by reaction kinetics for the experimental conditions used: catalysts used, average gas space velocity, and the reactor characteristics of surface area to volume ratio. Steam reforming of methanol in the presence of only WGS catalyst on the other hand indicated that the membrane reactor performance was limited by membrane permeation, especially at lower temperatures and lower feed pressures due to slower reconstitution of CO and H2 into methane thus maintaining high hydrogen partial pressures in the reacting gas mixture. The limited amount of data collected with steam reforming of Clearlite® indicated very good match between theoretical predictions and experimental results indicating that the underlying assumption of the simple model of conversion of hydrocarbons to CO and H2 followed by equilibrium reconstitution to methane appears to be reasonable one. © 2008 Elsevier B.V. All rights reserved."
50,9,3,31692,0.385185185185185,"Thermodynamic analysis of hydrogen generation via oxidative steam reforming of glycerol",2011,"10.1016/j.renene.2011.01.022","A thermodynamic analysis of the oxidative steam reforming of glycerol (OSRG) for hydrogen production has been carried out with Aspen plus TM. The reaction was investigated at ambient pressure within the carbon-to-oxygen (C/O) ratio of 0.5-3.0, steam-to-carbon (S/C) ratio of 0.5-8.0 and temperature of 400-850 °C. Higher C/O and S/C ratios favor the production of hydrogen from glycerol. The highest hydrogen selectivity is obtained at 600-700 °C. To predict the potential technical obstacles in the glycerol reforming process, the OSRG process was compared with oxidative steam reforming of ethanol (OSRE) in terms of hydrogen production, autothermal condition and carbon deposition. The selectivity to hydrogen via OSRG is lower than that via OSRE under identical conditions. To achieve autothermal reforming, higher S/C and C/O ratios are required for reforming of glycerol than for ethanol due to the higher oxygen content in a glycerol molecule. From the viewpoint of thermodynamics, the glycerol reforming is more resistant to the carbon deposition. On the basis of the thermodynamic analysis and the preliminary experimental study, suggestions were proposed to guide the development of the glycerol reforming technique. © 2011 Elsevier Ltd."
50,9,4,34481,0.372881355932203,"Hydrogen and electricity production from a food processing wastewater using fermentation and microbial fuel cell technologies",2005,"10.1016/j.watres.2005.09.019","Hydrogen can be produced from fermentation of sugars in wastewaters, but much of the organic matter remains in solution. We demonstrate here that hydrogen production from a food processing wastewater high in sugar can be linked to electricity generation using a microbial fuel cell (MFC) to achieve more effective wastewater treatment. Grab samples were taken from: plant effluent at two different times during the day (Effluents 1 and 2; 735±15 and 3250±90 mg-COD/L), an equalization tank (Lagoon; 1670±50 mg-COD/L), and waste stream containing a high concentration of organic matter (Cereal; 8920±150 mg-COD/L). Hydrogen production from the Lagoon and effluent samples was low, with 64±16 mL of hydrogen per liter of wastewater (mL/L) for Effluent 1, 21±18 mL/L for Effluent 2, and 16±2 mL/L for the Lagoon sample. There was substantially greater hydrogen production using the Cereal wastewater (210±56 mL/L). Assuming a theoretical maximum yield of 4 mol of hydrogen per mol of glucose, hydrogen yields were 0.61-0.79 mol/mol for the Cereal wastewater, and ranged from 1 to 2.52 mol/mol for the other samples. This suggests a strategy for hydrogen recovery from wastewater based on targeting high-COD and high-sugar wastewaters, recognizing that sugar content alone is an insufficient predictor of hydrogen yields. Preliminary tests with the Cereal wastewater (diluted to 595 mg-COD/L) in a two-chambered MFC demonstrated a maximum of 81±7 mW/m2 (normalized to the anode surface area), or 25±2 mA per liter of wastewater, and a final COD of <30 mg/L (95% removal). Using a one-chambered MFC and pre-fermented wastewater, the maximum power density was 371±10 mW/m2 (53.5±1.4 mA per liter of wastewater). These results suggest that it is feasible to link biological hydrogen production and electricity producing using MFCs in order to achieve both wastewater treatment and bioenergy production. © 2005 Elsevier Ltd. All rights reserved."
50,9,5,22924,0.366459627329193,"Catalytic methane oxidation in the exhaust gas aftertreatment of a lean-burn natural gas engine",2018,"10.1016/j.cej.2018.05.054","Internal combustion engines that run on compressed natural gas with lean-burn combustion instead of stoichiometric combustion have the potential to reach a high overall efficiency. However, the aftertreatment of unburnt methane in the exhaust gas is problematic. Catalytic methane oxidation is drastically impaired in lean conditions, even when the inlet exhaust gas temperature is high. In this study we link this effect to the availability of carbon monoxide in the exhaust gas. In stoichiometric operation, the exhaust gas contains a significant amount of carbon monoxide. The corresponding catalytic oxidation reaction has a low light-off temperature and the released reaction enthalpy heats the active surface of the catalyst. This heat helps to reach the significantly higher light-off temperature of the catalytic methane oxidation reaction. Lean exhaust gas, however, contains little to no carbon monoxide, and the exhaust gas temperature is not sufficient to reach light-off for the methane oxidation in many operating points of the engine. After investigating the effect experimentally, this article introduces a control-oriented model of the effect that is able to correctly predict the methane conversion efficiency under lean operation. Finally, we discuss different operating strategies in terms of energy consumption and discuss the effect of a moving active zone inside the catalyst. © 2018 Elsevier B.V."
50,10,1,36116,0.215277777777778,"Short-term electricity demand forecasting using a hybrid ANFIS–ELM network optimised by an improved parasitism–predation algorithm",2023,"10.1016/j.apenergy.2023.121316","One of the most crucial steps in comprehensively planning the proper and efficient use of energy (optimisation of consumption) and appropriate management of resources to fulfil the power demand is accurately forecasting the energy demand (optimisation of production). This study presents the modelling of an ideal technique for short-term power demand prediction as a novel hybrid approach comprising two distinct methods, namely the Elman neural network (ELM) and adaptive network–based fuzzy inference system (ANFIS). The hybrid approach outperforms the conventional individual methods because it can eliminate the drawbacks of the individual methods while retaining their advantages, particularly considering that ELM and ANFIS can handle non-linear data. The weight coefficients of the procedures in the proposed hybrid approach were determined using a novel, enhanced bioinspired algorithm, called the improved parasitism–predation algorithm, to achieve better accuracy. The simulation results demonstrated the superiority of the proposed approach over other state-of-the-art approaches including the independent ELM and ANFIS. © 2023 Elsevier Ltd"
50,10,2,16132,0.21301775147929,"An efficient power management control strategy for grid-independent hybrid renewable energy systems with hybrid energy storage: Hybrid approach",2024,"10.1016/j.est.2024.112685","The increase in renewable energy resource based electricity generation in the past few years can be attributed to dwindling fossil fuels and their negative environmental impact, as well as the exponential expansion of electricity consumption. Furthermore, RERs are environmentally benign and sustainable. This manuscript proposes a hybrid method for managing power in a Hybrid Energy Storage System within a grid-independent Hybrid Renewable Energy System. The proposed hybrid technique combines the Prairie Dog Optimization (PDO) and Multi-scale Attention Convolutional Neural Network, hence named the PDO-MACNN technique. The principal objective of the proposed method is to minimize Total Harmonic Distortion (THD), maintain active power stability among generation and consumption through the charging or discharging of the Hybrid Energy Storage System, and regulate the DC-link voltage within strict bounds. The PDO algorithm is used to optimize the parameters of the three-phase inverter controller, while the MACNN algorithm is used to predict the performance of the hybrid renewable energy systems. The proposed approach is evaluated and compared to other existing methods on the MATLAB platform, demonstrating superior performance to methods like the Whale Optimization Algorithm, Seeker Optimization Algorithm, and Grasshopper Optimization Algorithm. Based on the outcome, it is concluded that the proposed approach achieves a 0.8 % lower THD compared to the existing techniques. © 2024 Elsevier Ltd"
50,10,3,16378,0.201438848920863,"Optimized energy management for hybrid renewable energy sources with Hybrid Energy Storage: An SMO-KNN approach",2024,"10.1016/j.est.2024.112152","This paper presents a novel approach for optimizing hybrid Renewable Energy Systems (HRES) using a hybrid technique. The proposed hybrid technique is the combination of Starling Murmuration Optimization Algorithm (SMOA) and Kronecker Neural Network (KNN), and it is called as SMOA-KNN method. The main purpose of the proposed approach is to reduce the energy consumption, improve energy efficiency, and reduced purchased cost. The stochastic planning and scheduling based on SMO technique is provided to optimize the input parameters like, photovoltaic power, battery, wind turbine and load demand. The input parameters is optimally predicted by the KNN approach. Implemented in MATLAB, the proposed technique achieves an impressive efficiency of 95 %, outperforming existing methods like Salp Swarm Algorithm (SSA) at 55 %, Particle Swarm Optimization at 60 %, and Wild Horse at 73 %. Additionally, our approach incurs lower costs, priced at $17,000 compared to SSA at $23,000, PSO at $21,000, and WHO at $19,000. These results highlight the superior efficiency and cost-effectiveness of the proposed approach. © 2024"
50,10,4,16333,0.196891191709845,"A hybrid approach based economic assessment EV charging station powered by integrating solar PV and biomass",2024,"10.1016/j.est.2024.112488","In today's world, electric vehicles (EVs) are becoming increasingly popular. A significant power outage occurs in the system when EVs are charged from grid-connected charging stations. This manuscript proposes a hybrid approach for charging station electricity generation by integrating solar PV and biomass. The proposed hybrid technique is a combination of both the Dandelion Optimizer (DO) and Deep Attention Dilated Residual Convolutional Neural Network (DADRCNN). It is hence called DO-DADRCNN. The proposed approach DO is used to optimize the control parameter of the converter. And DADRCNN model used to predict the control parameter of the converter. This paper's main goal is the minimization of levelized cost of energy (LCOE), initial cost and net present cost (NPC). The most ecologically friendly system is the Photo Voltaic (PV)/battery hybrid since it emits no pollutants. The new uses for hybrid renewable energy power systems that combine solar photovoltaics and biogas, as well as an examination of the system's economic and environmental performance. The DAO-DADRCNN approach and the environmental economic evaluation of hybrid sustainable energy systems are intended to be investigated. Biogas and solar PV-based EV charging solutions provide techno economic and environmental feasibility. The proposed strategy is implemented in the MATLAB platform and the emission of carbon-di-oxide (CO2) emission is compared with various existing techniques like Wild horse optimizer, Salp Swarm Algorithm, and Particle Swarm Optimization. The proposed approach DO-DADRCNN obtains lower carbon dioxide (CO2) emission than the existing techniques. The CO2 emissions of the proposed technique is 5 kg/h which is lower and the cost for energy is 0.8$ which is lower than the existing methods. © 2024 Elsevier Ltd"
50,10,5,17368,0.192307692307692,"Optimizing hybrid renewable energy systems with integrated electric vehicle using a hybrid approach",2024,"10.1016/j.est.2024.111655","This paper presents a hybrid technique for hybrid renewable energy system sizing optimization in the presence of electric vehicles. The proposed hybrid strategy is based on the cooperation of the light spectrum optimizer (LSO) and deep attention dilated residual convolutional neural network. Commonly it is named as LSO-DADRCNN technique. The proposed method's primary goal is to maximizing the system reliability, minimizing system costs, and ensuring sufficient power supply for both EVs and other electrical loads. The LSO method is utilized to optimize the sizing of the renewable energy system, taking into parameters such as load demand, photovoltaic power, wind turbine power, and battery capacity. The DADRCNN technique is utilized to predict the future energy demand of electric vehicles. The performance of the suggested method is put into practice on the MATLAB platform and contrasted with methods that are already in use. From the result, it concludes that the efficiency of the proposed methods becomes 96 %. In the existing methods, like heap-based optimizer (HBO), particle swarm optimization (PSO), and wild horse optimizer (WHO) the efficiency becomes 79 %, 85 %, and 72 %. The findings demonstrate that, in comparison to other existing methods, the proposed solution lowers costs by 1.7 dollars. Comparing the proposed approach to other existing methods, it achieves a high accuracy of 99.5%. The greatest result, 2996.348, the mean, 3000.100, the worst result, a standard deviation of 1.160348 and a median of 2998.816 are all performance indicators for the proposed approach that exceed those of other existing methods. © 2024 Elsevier Ltd"
50,11,1,373,0.243362831858407,"TriAlignNet: A triple-path cross-modality alignment framework for multimodal time series forecasting",2026,"10.1016/j.neunet.2026.109321","Time series forecasting (TSF) is widely applied in critical domains such as power load scheduling, financial risk control, and intelligent manufacturing. However, most existing methods primarily focus on a single numerical modality, making it difficult to fully exploit the multimodal information that is common in real-world scenarios. Recent studies have attempted to incorporate auxiliary modalities, such as text, to enhance forecasting performance. However, existing cross-modal interaction and fusion face significant bottlenecks. Specifically, to address the deep distribution heterogeneity and semantic inconsistency prevalent in multimodal time-series data, this paper breaks through the limitations of traditional single-stage fusion. By adopting a novel perspective of cross-modal progressive alignment, we re-examine multimodal representation learning and formalize the process as a coarse-to-fine continuous modeling problem. In this work, we propose a novel Triple-Path Cross-Modality Alignment Framework (TriAlignNet), which is designed to align multimodal information in TSF. TriAlignNet consists of three complementary alignment pathways: The distribution-level alignment leverages Maximum Mean Discrepancy (MMD) to reduce the statistical gap between text and time-series modalities. The semantic-level alignment introduces a shared anchor matrix as a unified semantic reference, combined with kernel similarity mapping and bidirectional projection mechanisms, to highlight critical semantic dimensions while preserving modality-specific features, thereby strengthening cross-modal consistency and interaction robustness. Finally, the interaction-level alignment employs a multimodal Transformer, where the time series serves as queries and the fused modalities as keys and values, enabling dynamic modeling of fine-grained dependencies and improving forecasting accuracy. Extensive experiments confirm that TriAlignNet enhances time series forecasting by effectively integrating textual information and surpasses existing baselines, offering a robust framework for advancing multimodal alignment in temporal modeling. Our source codes are publicly available at https://github.com/createfree6/TriAlignNet. © 2026 Elsevier Ltd. All rights are reserved, including those for text and data mining, AI training, and similar technologies."
50,11,2,6926,0.241116751269036,"Development status and prospects of pretrained foundation models for remote sensing imagery; [面向遥感图像的预训练基础模型发展现状与展望]",2026,"10.11834/jig.250424","Given the continuous expansion of training datasets and the rapid evolution of deep learning architectures, vision foundation models and large language models have demonstrated remarkable generalization and adaptability across diverse downstream tasks, thereby drawing increasing attention from the research community. Within the domain of remote sensing (RS), data exhibit significant heterogeneity across multiple sources, modalities, spatial scales, and temporal dimensions. Designing pretrained RS foundation models (RSFMs) capable of effectively capturing such complex geospatial dependencies is critical for robust feature representation and intelligent interpretation of RS imagery. This paper presents a comprehensive review of the recent progress in pretraining strategies for RSFMs by emphasizing unimodal and multimodal learning paradigms. For unimodal models, representative frameworks based on self-supervised contrastive learning and masked image modeling are summarized. They leverage large-scale optical, hyperspectral, and radar imagery to learn transferable visual representations. These pretraining methods substantially enhance downstream performance in land cover classification, object detection, semantic segmentation, and change detection tasks. For multimodal models, we analyze the integration of image-text, image-location, and image-audio modalities through contrastive alignment strategies and cross-modal embedding learning, thereby effectively improving semantic coherence, generalizability, and interpretability in geospatial representation learning. Furthermore, widely adopted RS pretraining datasets, including their data sources, modality compositions, spatial resolutions, and annotation characteristics, are systematically summarized in this paper. Representative datasets, such as BigEarthNet, SEN12MS, and SkySenseGPT, are reviewed to demonstrate the diversity and scale of existing data resources. The importance of building open, standardized, and reproducible data repositories is emphasized, as these datasets serve as the foundation for training scalable and generalizable RSFMs. From a methodological perspective, this paper discusses the major pretraining paradigms that have shaped the current landscape of RSFMs, including contrastive self-supervised learning, generative self-supervised learning, and hybrid teacher-student distillation. These paradigms aim to maximize representational consistency between augmented views, reconstruct masked information, and align intermediate features between models, thereby enabling the extraction of semantically rich and transferable geospatial features. Despite these advances, several challenges remain unresolved in the development of RSFMs. Data-related issues, such as the scarcity of well-annotated multimodal datasets, geographic and temporal imbalance, and high acquisition costs, continue to hinder large-scale model training. Model scalability poses another limitation, as the billion-parameter-level architectures demand extensive computational resources and energy consumption during training and inference. Moreover, current RSFMs often suffer from limited cross-domain and cross-sensor generalization, thereby leading to performance degradation when applied to new regions or modalities. Transparency and interpretability also remain pressing concerns, as understanding the internal mechanisms of deep RSFMs and improving their robustness against adversarial perturbations are essential for reliable real-world deployment. Future research may address these challenges by focusing on developing scalable multimodal architectures that can jointly process optical, synthetic aperture radar, hyperspectral, and textual data, as well as by designing lightweight RSFMs through model compression, sparse training, and modular architecture optimization. Improving cross-domain and cross-temporal generalization by incorporating domain adaptation, meta-learning, and transfer learning techniques will further enhance model robustness under diverse acquisition conditions. In addition, integrating explainable artificial intelligence approaches, uncertainty quantification, and attention-based visualization can improve the interpretability and trustworthiness of RSFMs, thereby enabling their safe application in operational RS systems. Overall, this paper provides a systematic and forward-looking overview of the current development status, pretraining methodologies, benchmark datasets, and existing challenges of RSFMs. This work aims to offer a theoretical and methodological reference for the future construction of intelligent, scalable, and trustworthy foundation models in the RS domain by consolidating advances in unimodal and multimodal pretraining paradigms. © 中国图象图形学报版权所有"
50,11,3,2653,0.21551724137931,"A Reproducible Benchmarking Methodology for Machine Learning Hardware: Performance–Energy Trade-Offs from GPUs to Apple Silicon",2026,"10.3390/a19050363","While hardware selection is widely recognized as a key factor in machine learning performance, systematic and reproducible evaluation across heterogeneous and accessible platforms remains limited, particularly when jointly considering execution time, energy consumption, stability, and cost-efficiency. This work presents a unified and fully reproducible benchmarking framework for supervised learning, designed to enable controlled and comparable evaluation across diverse hardware environments. The proposed methodology enforces consistent training pipelines, fixed hyperparameter configurations, and repeated executions to ensure statistical reliability, while incorporating performance metrics such as execution time, power consumption, and energy usage, as well as performance-per-dollar. The framework is validated on a representative set of platforms, including CUDA-enabled GPUs, Apple Silicon (CPU/GPU), x86 processors, ARM-based embedded systems, and cloud-based environments, using convolutional, recurrent (RNN, LSTM, BiLSTM), and tree-based (XGBoost) models. The results reveal that hardware efficiency is strongly model-dependent. GPUs provide the highest computational performance and stability for parallel workloads, whereas Apple Silicon achieves superior energy efficiency with competitive execution times, particularly for recurrent architectures. The batch size analysis shows that performance can vary significantly depending on workload configuration, especially on CPU-based platforms, while epoch-based evaluation confirms that the measured performance reflects steady-state behavior rather than initialization overhead. In contrast, conventional CPUs and embedded systems exhibit significant scalability limitations for deep learning training, although they remain competitive for tree-based methods such as XGBoost, which demonstrates near hardware-independent predictive performance. These findings highlight the limitations of generalized hardware selection criteria and emphasize the need for model-aware and hardware-aware benchmarking. The proposed framework offers a practical and extensible foundation for reproducible, hardware-aware evaluation of machine learning systems, supporting informed decision-making in research, deployment, and cost-constrained scenarios. © 2026 by the authors."
50,11,4,1508,0.215277777777778,"Pre-Trained Large Model as Distributed PV Power Forecaster: Integrating Scenario-Consistent Retrieval-Augmented Generation and Cross-Modal Semantic Alignment",2026,"10.1109/TSTE.2025.3650479","The rapid proliferation of distributed photovoltaic (PV) systems presents significant challenges for accurate power generation forecasting due to their inherent intermittency and spatial-temporal variability. This paper proposes a novel framework that leverages pre-trained large models for distributed PV power forecasting by integrating retrieval-augmented generation with cross-modal semantic alignment. To unlock the reasoning capabilities of pre-trained large models, we design a scenario-consistent RAG module that retrieves relevant historical PV sequences guided by long-term dependencies and temporal correlations, and integrates them through a Chain-of-Thought prompting paradigm. Furthermore, we develop a cross-modal semantic alignment mechanism to bridge the representational gap between numerical PV series data and the language semantic space of PLMs, enabling effective pattern recognition across modalities. To ensure physically meaningful forecasting within the training and inference processes, we also establish a constrained activation function that explicitly considers the inherent characteristics of PV power generation. Extensive experiments on nine real-world distributed PV datasets demonstrate that our framework achieves state-of-the-art performance, significantly outperforming six benchmark models.  © 2026 IEEE."
50,11,5,2846,0.214285714285714,"Geometric Principles of Stereo Vision: A Quantitative Evaluation and Physical Validation of the Classical Pipeline",2026,"10.3390/app16126212","Stereo vision is essential for passive three-dimensional perception in resource-constrained applications that require low power consumption, predictable latency, and explainable geometry. Although deep learning architectures dominate recent benchmarks, the classical block-matching pipeline remains a foundational approach. Optimizing this pipeline involves navigating complex trade-offs among matching robustness, map density, and computational efficiency. This study systematically surveys and physically validates the classical stereo framework. After revisiting geometric first principles, three matching costs (SAD, NCC, ZNCC) are benchmarked alongside Sobel preprocessing and structural refinements, with subsequent validation using a calibrated consumer webcam rig. Middlebury benchmarks (2001–2021) indicate that while SAD fails under complex radiometric distortion, NCC consistently achieves superior quantitative metrics, incurring only a 1.2-fold computational overhead. Extending the disparity search range improves foreground localization, while block size imposes a trade-off between resolving the aperture problem and preserving fine geometric detail. To bridge theoretical analysis and practical deployment, the pipeline is validated using a custom-calibrated consumer stereo rig. The optimized Sobel-NCC architecture is then evaluated for real-time edge deployment on constrained hardware (NVIDIA Jetson Nano) and narrow-baseline sensors (OAK-D SR) in the context of agricultural robotic manipulation. By prioritizing metric precision over dense prediction, the classical pipeline reconstructs target surfaces with approximately 1 cm depth accuracy at 21 frames per second. These results demonstrate that optimized local algorithms offer deterministic and reliable geometric foundations for real-time edge-computed robotics. Although neural networks are essential for dense reconstructions in ill-posed regions, the foundational principles established here remain indispensable for advanced stereo vision system deployment. © 2026 by the authors."
50,12,1,32324,0.2,"On performance modeling of ad hoc routing protocols",2010,"10.1155/2010/373759","Simulation studies have been the predominant method of evaluating ad hoc routing algorithms. Despite their wide use and merits, simulations are generally time consuming. Furthermore, several prominent ad hoc simulations report inconsistent and unrepeatable results. We, therefore, argue that simulation-based evaluation of ad hoc routing protocols should be complemented with mathematical verification and comparison. In this paper, we propose a performance evaluation framework that can be used to model two key performance metrics of an ad hoc routing algorithm, namely, routing overhead and route optimality. We also evaluate derivatives of the two metrics, namely, total energy consumption and route discovery latency. Using the proposed framework, we evaluate the performance of four prominent ad hoc routing algorithms: DSDV, DSR, AODV-LL, and Gossiping. We show that the modeled metrics not only allow unbiased performance comparison but also provide interesting insight about the impact of different parameters on the behavior of these protocols. Copyright © 2010 Muhammad Saleem et al."
50,12,2,19449,0.186335403726708,"Floating Epoch Length Improves the Accuracy of Accelerometry-Based Estimation of Coincident Oxygen Consumption",2024,"10.3390/s24010076","Estimation of oxygen consumption (VO2) from accelerometer data is typically based on prediction equations developed in laboratory settings using steadily paced and controlled test activities. These equations may not capture the temporary changes in VO2 occurring in sporadic real-life physical activity. In this study, we introduced a novel floating epoch for accelerometer data analysis and hypothesized that an adaptive epoch length provides a more consistent estimation of VO2 in irregular activity conditions than a 6 s constant epoch. Two different activity tests were conducted: a progressive constant-speed test (CS) performed on a track and a 6 min back-and-forth walk test including accelerations and decelerations (AC/DC) performed as fast as possible. Twenty-nine adults performed the CS test, and sixty-one performed the AC/DC test. The data were collected using hip-worn accelerometers and a portable metabolic gas analyzer. General linear models were employed to create the prediction models for VO2 that were cross-validated using both data sets and epoch types as training and validation sets. The prediction equations based on the CS test or AC/DC test and 6 s epoch had excellent performance (R2 = 89%) for the CS test but poor performance for the AC/DC test (31%). Only the VO2 prediction equation based on the AC/DC test and the floating epoch had good performance (78%) for both tests. The overall accuracy of VO2 prediction is compromised with the constant length epoch, whereas the prediction model based on irregular acceleration data analyzed with a floating epoch provided consistent performance for both activities. © 2023 by the authors."
50,12,3,28885,0.17816091954023,"Performance of gas tankless (instantaneous) water heaters under various international standards",2014,"10.1016/j.apenergy.2014.06.008","This paper presents a novel review and laboratory test results of four standard test methods for determining the energy consumption of microprocessor controlled gas tankless water heaters. The test standards examined are from Australia, Europe, Japan and North America. The European test standard is found to be technically the most comprehensive in measuring all aspects of energy consumption for these types of appliances. Four water heaters, both conventional and condensing type, ranging in capacity from 28 to 55. kW are tested to each of the test standards. The European and North American tests deliver similar results. Those to the Australian standard yield higher energy use while the Japanese method produces the lowest consumption. The relative difference in energy use between water heater models tested to any single standard is consistent, with the exception that the Australian test appears to favour the smaller water heater. Therefore, while consumers cannot use standard test results to calculate their actual running costs, in general, any of the standards will reasonably predict relative running cost differences between models if used as part of the product selection process. While the correlation between the standards varies according to the capacity of the water heater, a simple approximation is developed to convert from the efficiency measured by one standard to another. © 2014 Elsevier Ltd."
50,12,4,49058,0.165853658536585,"Assessing the environmental impact of thermal transmittance tests performed in facades of existing buildings: The case of Spain",2020,"10.3390/SU12156247","Thermal transmittance tests constitute an appropriate tool to assess the energy performance of existing buildings. The heat flow meter method and the thermometric method are the most used experimental methods. One of the main criteria to guarantee appropriate test conditions and the representation of results is to ensure a high thermal gradient. For this purpose, heating or air conditioning systems should be used from three to seven days. Most studies related to experimental methods have addressed the appropriate test conditions; however, the environmental impact related to these conditions have not been analyzed. This study analyzes the energy consumption and the CO2 emissions related to the conditions of the thermal gradient required for tests. An energy analysis of 129,600 cases located in Spain was conducted. The results showed that heating systems are the best option to perform thermal transmittance tests, whereas air conditioning systems do not guarantee appropriate test conditions. As for the energy consumption and the percentage of hours with an appropriate thermal gradient, the adequacy of the heating setpoint temperature according to the predicted estimations of the external temperature during tests would mitigate their environmental impact. The reason is that, in certain cases, the increase of the setpoint temperature does not improve test conditions. Also, the use of heating systems would imply short test durations. Finally, the selection of small rooms with a small facade length would reduce the percentage of CO2 emissions between 31.37% and 36.1%. The results of this study could guarantee a more sustainable performance of thermal transmittance tests. In addition, the results could be used to perform life cycle analysis on buildings where thermal transmittance tests are performed. © 2020 by the authors."
50,12,5,33274,0.161538461538462,"Microturbine performance testing using biodiesel",2009,"10.1515/TJJ.2009.26.2.127","Using microturbine generator systems for distributed power generation has become the recent trend. To face the impact of the global energy crisis, one of the options is to use biofuels including biodiesel. To this end, this program is aimed to perform study on biodiesel microturbine testing and analysis. A 150kW microturbine generator set with twin rotating disk regenerators was used. Designed as a vehicular microturbine engine, the twin rotating ceramic disk regenerators dramatically improve fuel consumption by transferring heat energy from the exhaust gas stream to compressor discharge. This paper involved testing of the microturbine generator set at different load conditions using 10%∼30% biodiesel fuel. A software program was used to predict the performance of the microturbine generator set at different operating conditions in order to compare with the test results. Both biodiesel and petrodiesel fuels were used on the microturbine generator system in this study. The results showed that the predictions agreed very well with the experimental results. © Freund Publishing House Ltd."
50,13,1,32860,0.27027027027027,"A review of recent patents on micro-combustion and applications",2009,"10.2174/187221209789117753","Micro-combustion is being investigated for potential application in aerospace propulsion, electricity generation and heating. Simultaneously to studies focusing on scientific aspects of micro-combustion, inventions concerned with micro-combustor configurations and methods of carrying out sustained micro-combustion in them have appeared in the recent past. In order to gauge the current state of art in this important area, and also to provide a concise summary of some significant technological developments to date, patented inventions on micro-combustion and its applications are reviewed in this paper. Key features of the inventions tentatively classified according to the three application areas are described while revealing their significance by carrying out a comparative study of patents and non-patent literature. This study considers performance parameters, scope of envisaged applications and complexity of configuration. Allied areas of micro-machining (MM) and electricity generation have also been discussed. A major objective is to identify factors, which could decide future progress of micro-combustion, and to this end; the review indicates that low achievable overall efficiency is a major bottleneck in application of micro-combustion technology. Consequently, further development of reasonably tested devices will depend upon progress made in the down-stream energy converters. Finally, an outlook on the future developments is also presented. © 2009 Bentham Science Publishers Ltd."
50,13,2,40222,0.252293577981651,"Identifying the Development Trends of Emerging Technologies Using Patent Analysis and Web News Data Mining: The Case of Perovskite Solar Cell Technology",2022,"10.1109/TEM.2019.2949124","Identifying the development trends of emerging technologies with disruptive potential as early as possible is crucial for enterprise research and development (R&D) investment planning and government R&D strategic planning. Many researchers have used academic papers and patent data to identify trends in emerging technologies, although they rarely have made use of web news data focused on emerging technologies. Web news contains a large amount of social awareness data that represents the public's sense of and response to emerging technologies, and the social awareness data is of great significance for identifying the development trends of emerging technologies. Therefore, this article presented a research framework to identify the development trends of emerging technologies using patent analysis and web news data mining. In the research framework, first, we have used patent analysis to analyze the evolution topics of these emerging technologies, and have applied the topic model to study the changing patterns of publics' topics of concern regarding emerging technologies contained in web news. Second, we have made a comparison analysis of the results of patent analysis and the public' sense of and response to emerging technologies contained in web news. Then, we have applied an improved sentiment analysis to study the changing patterns of publics' expectations for emerging technologies contained in web news. Finally, by studying the changes in publics' topics of concern and publics' expectations for emerging technologies over time, we have identified the development trends of emerging technologies. The perovskite solar cells technology is used as a case study to analyze the effectiveness and feasibility of the framework. This article provides a new research perspective to identify technology trends, and contribute to the technology forecasting methodology.  © 1988-2012 IEEE."
50,13,3,17295,0.233695652173913,"The Application of Infrared Thermography for Enhancing Maintenance in Public University",2024,"10.37934/arefmht.16.1.110","A university’s main function is to produce quality graduates, and in doing so, university buildings do play significant roles and are vital assets and resources. Hence, to prolong a university building lifecycle to ensure all university activities to continue performing at an optimum level, building maintenance management is central. Even though several previous studies have been conducted in this area, university buildings maintenance is still viewed as insignificant. The research about utilization of infrared thermography in term of maintenance in public universities is still lacking. The objective of this research to provide recommendations for area within the public universities that can benefit from the application of infrared thermography to enhance maintenance. The research method used in this research is a qualitative method. Three public universities that was established for more than 50 years were chosen as case studies. The data was collected through narrative review and the data was then analysed. The findings highlight the benefits of implementing infrared thermography in older building maintenance within public universities, particularly in improving energy efficiency and identifying hidden issues such as moisture intrusion and structural defects. The study emphasizes the importance of timely maintenance actions based on infrared thermography assessments to reduce energy consumption and apply predictive maintenance strategies. By conducting in-depth analyses at three established public universities in Malaysia, the researchers demonstrate the effectiveness of infrared thermography in enhancing maintenance practices and prolonging the lifecycle of university buildings. © 2024, Penerbit Akademia Baru. All rights reserved."
50,13,4,33528,0.232323232323232,"Powering MEMS portable devices - A review of non-regenerative and regenerative power supply systems with special emphasis on piezoelectric energy harvesting systems",2008,"10.1088/0964-1726/17/4/043001","Power consumption is forecast by the International Technology Roadmap of Semiconductors (ITRS) to pose long-term technical challenges for the semiconductor industry. The purpose of this paper is threefold: (1)to provide an overview of strategies for powering MEMS via non-regenerative and regenerative power supplies; (2)to review the fundamentals of piezoelectric energy harvesting, along with recent advancements, and (3)to discuss future trends and applications for piezoelectric energy harvesting technology. The paper concludes with a discussion of research needs that are critical for the enhancement of piezoelectric energy harvesting devices. © 2008 IOP Publishing Ltd."
50,13,5,43355,0.224806201550388,"A Review of Key Technologies for High-Speed Motorized Spindles of CNC Machine Tools",2022,"10.3390/machines10020145","The high-speed and high-precision motorized spindle is the future development trend of the CNC machine tool field, and has become the focus of research in the world. High-speed motorized spindles tend to develop in the direction of high precision, high speed, low energy consumption, high efficiency, and high reliability. We undertake a through, systematic review of the development history perspective of the research on precision bearing technology, dynamic balancing technology, thermal error measurement and compensation technology with regard to the key technologies of high-speed motorized spindles. On this basis, the current level of development of key technologies for high-speed motorized spindles is analyzed, and the objective advantages and disadvantages of existing technologies are summarized. Finally, the development tendency of high-speed motorized spindle technology is predicted and foreseen. © 2022 by the authors. Licensee MDPI, Basel, Switzerland."
50,14,1,44484,0.448979591836735,"Energy and spectrum aware unequal clustering with deep learning based primary user classification in cognitive radio sensor networks",2021,"10.1007/s13042-020-01154-y","The problem of energy efficiency in cognitive radio sensor networks (CRSN) is mainly caused by the limited energy of sensor nodes and other channel-related operations for data transmission. The unequal clustering method should be considered for balancing the energy consumption among the cluster heads (CHs) for prolonging the network lifetime. The CH selection should consider the number of accessible free channels for efficient channel assignment. To improve fairness, the channel assignment problem should consider energy consumption among the cluster members. Furthermore, the relay metric for the selection of the best next-hop should consider the stability of the link for improving the transmission time. The CH rotation for cluster maintenance should be energy and spectrum aware. With regard to the above objectives, this paper proposes an energy and spectrum aware unequal clustering (ESAUC) protocol that jointly overcomes the limitations of energy and spectrum for maximizing the lifetime of CRSN. Our proposed ESAUC protocol improves fairness by achieving residual energy balance among the sensor nodes and enhances the network lifetime by reducing the overall energy consumption. Deep Belief Networks algorithm is exploited to predict the spectrum holes. ESAUC improves the stability of the cluster by optimally adjusting the number of common channels. ESAUC uses a CogAODV based routing mechanism to perform inter-cluster forwarding. Simulation results show that the proposed scheme outperforms the existing CRSN clustering algorithms in terms of residual energy, Network Lifetime, secondary user–primary user Interference Ratio, Route Discovery Frequency, throughput, Packet Delivery Ratio, and end-to-end delay. © 2020, Springer-Verlag GmbH Germany, part of Springer Nature."
50,14,2,32799,0.440528634361233,"Energy efficient and QoS based routing protocol for wireless sensor networks",2010,"10.1016/j.jpdc.2010.02.010","The increasing demand for real-time applications in Wireless Sensor Networks (WSNs) has made the Quality of Service (QoS) based communication protocols an interesting and hot research topic. Satisfying Quality of Service (QoS) requirements (e.g. bandwidth and delay constraints) for the different QoS based applications of WSNs raises significant challenges. More precisely, the networking protocols need to cope up with energy constraints, while providing precise QoS guarantee. Therefore, enabling QoS applications in sensor networks requires energy and QoS awareness in different layers of the protocol stack. In many of these applications (such as multimedia applications, or real-time and mission critical applications), the network traffic is mixed of delay sensitive and delay tolerant traffic. Hence, QoS routing becomes an important issue. In this paper, we propose an Energy Efficient and QoS aware multipath routing protocol (abbreviated shortly as EQSR) that maximizes the network lifetime through balancing energy consumption across multiple nodes, uses the concept of service differentiation to allow delay sensitive traffic to reach the sink node within an acceptable delay, reduces the end to end delay through spreading out the traffic across multiple paths, and increases the throughput through introducing data redundancy. EQSR uses the residual energy, node available buffer size, and Signal-to-Noise Ratio (SNR) to predict the best next hop through the paths construction phase. Based on the concept of service differentiation, EQSR protocol employs a queuing model to handle both real-time and non-real-time traffic. By means of simulations, we evaluate and compare the performance of our routing protocol with the MCMP (Multi-Constraint Multi-Path) routing protocol. Simulation results have shown that our protocol achieves lower average delay, more energy savings, and higher packet delivery ratio than the MCMP protocol. © 2010 Elsevier Inc. All rights reserved."
50,14,3,33045,0.43609022556391,"Power aware multiple QoS constraints routing protocol with mobility prediction for MANET",2009,"10.1504/IJISCM.2009.032754","A mobile ad hoc network (MANET) is composed of mobile nodes, which do not have any fixed wired communication infrastructure. The protocol called 'Power aware Multiple Quality of Service (QoS) constraints Routing Protocol with Mobility Prediction (PMQRPMP)' is the extension of the existing protocol called 'Multiple QoS constraints Routing Protocol with Mobile Predicting (MQRPMP)'. It adds a power constraint along with QoS constraints mentioned in MQRPMP to select a best routing path among multiple paths between a source and a destination as to increase packet delivery ratio (PDR), reliability and efficiency of mobile communication. It collects the residual battery power of each node for each path; selects a path, which has nodes with good battery power for transmission to satisfy the power constraint. It uses the mobility prediction formula to find the stability of a link between two nodes. Copyright © 2009 Inderscience Enterprises Ltd."
50,14,4,33422,0.432291666666667,"A power-aware multicast routing protocol for mobile ad hoc networks with mobility prediction",2007,"10.1007/s11277-007-9321-0","A mobile ad hoc network (MANET) is a dynamically reconfigurable wireless network that does not have a fixed infrastructure. Due to the high mobility of nodes, the network topology of MANETs changes very fast, making it more difficult to find the routes that message packets use. Because mobile nodes have limited battery power, it is therefore very important to use energy in a MANET efficiently. In this paper, we propose a power-aware multicast routing protocol (PMRP) with mobility prediction for MANETs. In order to select a subset of paths that provide increased stability and reliability of routes, in routing discovery, each node receives the RREQ packet and uses the power-aware metric to get in advance the power consumption of transmitted data packets. If the node has enough remaining power to transmit data packets, it uses the global positioning system (GPS) to get the location information (i.e., position, velocity and direction) of the mobile nodes and utilizes this information to calculate the link expiration time (LET) between two connected mobile nodes. During route discovery, each destination node selects the routing path with the smallest LET and uses this smallest link expiration time as the route expiration time (RET). Each destination node collects several feasible routes and then selects the path with the longest RET value as the primary routing path. Then the source node uses these routes between the source node and each destination node to create a multicast tree. In the multicast tree, the source node will be the root node and the destination nodes will be the leaf nodes. Simulation results show that the proposed PMRP outperforms MAODV (Royer, E. M. & Perkins, C. E. (1999). In Proceedings of the ACM MOBICOM, pp. 207-218, August 1999.) and RMAODV (Baolin, S. & Layuan, L. (2005). In Proceeding of the 2005 IEEE International symposium on microwave antenna, propagation and EMC technologies for wireless communications, Vol. 2, pp. 1514-1517, August 2005.). © 2007 Springer Science + Business Media LLC."
50,14,5,50418,0.428571428571429,"EEQRPI-MRP: A quality of service based interference aware multipath routing protocol for MANETs",2020,"10.3966/160792642020032102010","Mobile Ad-hoc Networks (MANETs) are widely preferred nowadays due to its ability to connect nodes without specific infrastructure which would be a boon to adverse communication devices. Most researchers work is hard to suggest efficient multipath routing protocols. The proposed work is extended from interference-aware expected transmission time routing (IAEETR) with multipath routing. This paper proposes a standard multipath routing protocol named Energy Efficient Quality of Service Routing Scheme to Predict Interference-Multipath Routing Protocol (EEQRPI-MRP) to attain better quality of service in terms of: energy consumption, packet delivery ratio, packet drop, end to end delay and throughput. The proposed multipath routing protocol is compared with other existing protocols such as: Ad-hoc On Demand Distance Vector (AODV), Near Optimal Radio Interference Aware Multipath routing Protocol (NICE-MRP), Efficient Stable Disjoint Multipath Routing Protocol (ESDMR) and Interference Aware Expected Transmission Time Routing (IAEETR). The efficiency of the proposed protocol is evaluated using NS2 simulator. The result shows 58% improvement in predicting optimized routing path and 65% improvement in interference avoidance compared to existing approaches. © 2020 Taiwan Academic Network Management Committee. All rights reserved."
50,15,1,10763,0.159235668789809,"Performance improvement and multi-objective optimization of energy, economic, and environmental factors in organic Rankine cycle using machine learning-driven quasi-two-stage single screw expander",2025,"10.1016/j.energy.2025.135965","This study introduces a quasi-two-stage single screw expander (QTS-SSE) designed to improve the performance of organic Rankine cycle (ORC) systems. A predictive model specifically for the QTS-SSE was developed using machine learning techniques. Thermodynamic, economic, and environmental models were developed to analyze the impact of key adjustable devices, including the QTS-SSE, working fluid pump, and cooling water pump, on net power (Pnet), net efficiency (ηORC), electricity production cost (EPC), and equivalent CO2 emissions (ECE). Results show that the prediction error of QTS-SSE model is minimal. The velocity expansion power reaches 0.56 kW, which enhances the isentropic efficiency of expander by 2.48 %. Both Pnet and ηORC increased by 5.31 % each, while EPC and ECE decreased by 4.25 % and 5.14 %, respectively. The maximum efficiency of the working fluid pump was 30 %, while the water pump was 62.6 %. Additionally, multi-objective particle swarm optimization was employed to balance energy, economic, and environmental performance. The innovations in this paper enrich the theoretical frameworks of volumetric expanders, broaden efficient operating conditions, explore mechanisms by which the novel expander improves ORC systems, and provide a reliable reference for researchers to optimize overall ORC system performance. © 2025"
50,15,2,8510,0.157303370786517,"Multilevel parallel integration framework for enhancing energy efficiency of wing-assisted ships based on deep learning and intelligent algorithms: Towards a smarter and greener shipping",2025,"10.1016/j.apenergy.2025.126202","Enhancing the energy efficiency of ships can directly reduce energy consumption and CO2 emissions in the shipping industry. This paper proposes a multilevel parallel integration (MPI) framework aimed at improving energy efficiency for the increasing number of wing-assisted vessels with significant decarbonization potential. This framework enables comprehensive consideration of both technological and operational measures, thereby maximizing the implementation of energy-saving and emission-reduction effects. Firstly, we develop the artificial ecosystem-based optimization (AEO)-Autoint deep learning model for fuel consumption prediction, which is capable of effectively capturing the interactions among features. Secondly, an adaptive segmentation method based on the augmented AEO (AAEO) algorithm is utilized to derive optimal division results that balance information mining with executability. Finally, the enhanced AEO (EAEO) algorithm is employed to optimize the sailing speed, optimal trim, and wings rotation angle during the voyage, thereby assisting navigation decision-making directly. Case results indicate that applying the proposed MPI framework can save 125.68 t of fuel and reduce carbon emissions by 391.36 t, leading to an 8.74 % improvement in the energy efficiency level of the vessels. This study provides a solid theoretical foundation and valuable reference for the practical management and energy efficiency enhancement of wing-assisted vessels, holding significant implications for further promoting intelligent and low-carbon shipping. © 2025 Elsevier Ltd"
50,15,3,10374,0.155172413793103,"Adaptive two-step power prediction and improved perturbation method for accelerated MPPT with reduced oscillations in photovoltaic systems",2025,"10.1016/j.egyr.2025.04.055","Improving the efficiency of photovoltaic (PV) power generation and minimizing power loss are critical challenges in PV systems. Traditional maximum power point tracking (MPPT) methods, such as the perturbation and observation (P&O) and incremental conductance (INC) methods, suffer from significant power oscillations at steady state and slow tracking speeds. This paper introduces an improved P&O algorithm that integrates a two-step power prediction with the conventional one-step approach and optimizes the duty cycle adjustment. The optimization employs an adaptive resistance coefficient that is proportional to the PV array voltage and inversely proportional to the current, enabling the algorithm to dynamically adjust its step size as it nears the maximum power point (MPP). Experimental results demonstrate that the improved P&O method reduces oscillations, improves tracking stability, and adapts effectively to varying irradiance conditions. The proposed algorithm reaches the MPP approximately 0.068 seconds faster than the traditional P&O and INC methods, achieving an average tracking efficiency improvement of 5.79 % across different environmental conditions. Additionally, under strong partial shading, the improved P&O with an optimized duty cycle achieves 9.56 % and 9.22 % higher efficiency than the traditional P&O and INC methods, respectively, while under moderate partial shading, these improvements are 2.21 % and 2.28 %, respectively. The simplicity of the improved P&O ensures ease of implementation while significantly enhancing the efficiency of PV power generation. © 2025"
50,15,4,28784,0.151724137931034,"Optimizing system efficiency using premium efficient motors",2015,"10.1109/TIA.2014.2349853","Engineering, in its variety of disciplines, has always been to overcome challenges. The present overriding challenge is to maximize energy efficiency and reduce energy usage. A significant stage in accomplishing this challenge is the emphasis on the installation of premium efficient motors compliant with the National Electrical Manufacturers Association Standard MG1-2011 table 12-12 Premium Efficiency Electric Motors. All efforts to improve energy efficiency and reduce energy consumption are good. Increasing the efficiency of electric motors is fundamentally a correct approach. However, it is necessary that the effects of increased motor efficiency be fully understood and broadly utilized in order to prevent unexpected effects on the system that reduce or negate energy savings. Energy-efficient motors run faster than conventional efficiency motors; this must be taken into account when predictions of energy savings are undertaken. It is essential that the system as a whole is addressed for the purpose of assessing energy use and the potential for energy savings. Improved single-component performance within the system rarely produces the expected economies and may even be the source of disappointment when the predicted savings are not realized. © 2014 IEEE."
50,15,5,19024,0.147651006711409,"VMMISD: An Efficient Load Balancing Model for Virtual Machine Migrations via Fused Metaheuristics With Iterative Security Measures and Deep Learning Optimizations",2024,"10.1109/ACCESS.2024.3373465","As cloud computing continues to evolve, the need for efficient and secure management of virtual machine (VM) migrations has become increasingly evident. Traditional models often fall short in optimizing load balancing and energy consumption while ensuring a high level of security. In this work, we propose the load balancing and energy-efficient migration model, an innovative approach that leverages bioinspired algorithms and advanced security measures to optimize VM migrations. The initial novelty of our model is the integration of Genetic Algorithms with Ant Colony Optimization for resource scheduling operations. These algorithms were specifically chosen for their proven effectiveness in solving complex optimization problems by simulating natural processes. Additionally, our model incorporates a deep reinforcement learning-based iterative-learning contextual side chaining model to enhance security measures. This approach not only learns and adapts to new security threats over time but also utilizes contextual side-chaining to link related security events, thereby providing a robust defense mechanism against potential threats. The affinity between VMs and physical machines is quantified using K Means clustering and fuzzy logic, which ensures optimal load balancing while accounting for the uncertainty inherent in the migration process. Furthermore, we employ bidirectional long short-term memory networks with recurrent graph neural network, for accurate workload prediction and informed migration decision making process. The selection of these techniques is grounded in their proven capability to analyze historical data and predict future trends with high accuracy levels. Our proposed model demonstrates marked improvements in several key performance metrics. We achieved a 4.5% reduction in makespan, a 4.9% increase in deadline hit ratio, and a 3.9% improvement in task diversity. Furthermore, computational complexity was reduced by 8.3%, VM migration efficiency improved by 2.5%, and the delay of computation was significantly reduced by 9.5%. Importantly, the integration of the Iterative-learning Contextual Side chaining Model significantly enhanced the security and quality of service (QoS) under attack scenarios, resulting in a 10.4% improvement in response speed, a 2.5% reduction in energy consumption during block mining, a 3.9% improvement in throughput, and an 8.5% reduction in storage costs. This load balancing and energy-efficient migration model represents a significant advancement in addressing the challenges of load balancing, energy efficiency, and security in VM migrations. Through the meticulous integration of bioinspired algorithms, advanced security measures, and machine learning techniques, our model provides a comprehensive and innovative solution that markedly improves system performance, reduces energy consumption, and fortifies security, thereby paving the way for a more efficient and secure cloud computing ecosystem.  © 2013 IEEE."
50,16,1,47817,0.340782122905028,"Novel Cooperative Multi-Input Multilayer Perceptron Neural Network Performance Analysis with Application of Solar Irradiance Forecasting",2021,"10.1155/2021/7238293","To forecast solar irradiance with higher accuracy and generalization capability is challenging in the photovoltaic (PV) energy system. Meteorological parameters are highly influential in solar irradiance, leading to intermittent and randomicity. Forecasting using a single neural network model does not have sufficient generalization ability to achieve the optimal forecasting of solar irradiance. This paper proposes a novel cooperative multi-input multilayer perceptron neural network (CMMLPNN) to mitigate the issues related to generalization and meteorological effects. Authors develop a proposed forecasting neural network model based on the amalgamation of two inputs, three inputs, four inputs, five inputs, and six inputs associated multilayer perceptron neural network. In the proposed forecasting model (CMMLPNN), the authors overcome the variance based on the meteorological parameters. The amalgamation of five multi-input multilayer perceptron neural networks leads to better generalization ability. Some individual multilayer perceptron neural network-based forecasting models outperform in some situations, but cannot assure generalization ability and suffer from the meteorological weather condition. The proposed CMMLPNN (cooperative multi-input multilayer perceptron neural network) achieves better forecasting accuracy with the generalization ability. Therefore, the proposed forecasting model is superior to other neural network-based forecasting models and existing models. Copyright © 2021 M. Madhiarasan et al."
50,16,2,23273,0.303030303030303,"Predicting energy consumption using artificial neural networks: A case study of the UAE",2018,"10.1285/i20705948v11n1p137","Predicting energy consumption is very important for improving resource planning and for more efficient production. This study uses artificial neural network (ANN) models to predict energy consumption in the United Arab Emirates (UAE). The multilayer perceptron model (MLP) and Radial Basis Function (RBF) were used for this purpose. Historical input and output data related to the long-term energy consumption in the UAE were used for training, validation, and testing. The developed neural network models were compared to find the most suitable model with high accuracy. © 2018, Università del Salento."
50,16,3,42540,0.277173913043478,"Artificial neural network based short term electrical load forecasting",2022,"10.11591/ijpeds.v13.i1.pp586-593","In power generation, a 24-hour load profile can vary significantly throughout the day. Therefore, power generation must be adjusted to reduce money loss due to excess generation. This paper presents a short-term load forecasting (STLF) system design using artificial neural network (ANN). As ANN come in many different configurations, this paper analyzes the best ANN configuration via trial-and-error method. To train the ANN, historical load data from 2016 to 2018 of power south energy cooperative (AEC) is used. A simple feedforward ANN type with one hidden layer is implemented, where 48 neurons are used at the input layer. For hidden layer, an arbitrary 50 neurons are chosen and 24 neurons at output layer are used to generate a day ahead 24-hour load profile. To measure the best activation function for SLTF application, four non-linear activation functions will be tested and the best activation function is used to create two and three hidden layer ANN architecture. Finally, the performance of the two new networks will be compared against one hidden layer model. From the obtained result, the best performing model is found as two hidden layers ANN with Tanh as its hidden layer activation function with 8.9% of testing mean absolute percentage error (MAPE). © 2022, Institute of Advanced Engineering and Science. All rights reserved."
50,16,4,45765,0.271523178807947,"Predicting parameters of heat transfer in a shell and tube heat exchanger using aluminum oxide nanofluid with artificial neural network (Ann) and self-organizing map (som)",2021,"10.3390/su13168824","This study is a model of artificial perceptron neural network including three inputs to predict the Nusselt number and energy consumption in the processing of tomato paste in a shell-and-tube heat exchanger with aluminum oxide nanofluid. The Reynolds number in the range of 150–350, temperature in the range of 70–90 K, and nanoparticle concentration in the range of 2–4% were selected as network input variables, while the corresponding Nusselt number and energy consumption were considered as the network target. The network has 3 inputs, 1 hidden layer with 22 neurons and an output layer. The SOM neural network was also used to determine the number of winner neurons. The advanced optimal artificial neural network model shows a reasonable agreement in predicting experimental data with mean square errors of 0.0023357 and 0.00011465 and correlation coefficients of 0.9994 and 0.9993 for the Nusselt number and energy consumption data set. The obtained values of eMAX for the Nusselt number and energy consumption are 0.1114, and 0.02, respectively. Desirable results obtained for the two factors of correlation coefficient and mean square error indicate the successful prediction by artificial neural network with a topology of 3-22-2. © 2021 by the author. Licensee MDPI, Basel, Switzerland."
50,16,5,29293,0.267123287671233,"Development of an intelligent system based on ANFIS for predicting wheat grain yield on the basis of energy inputs",2014,"10.1016/j.inpa.2014.04.001","Energy is regarded as one of the most important elements in agricultural sector. During the last decades energy consumption in agriculture has increased, so finding the relationship between energy consumption and crop yields in agricultural production can help to achieve sustainable agriculture. In this study several adaptive neuro-fuzzy inference system (ANFIS) models were evaluated to predict wheat grain yield on the basis of energy inputs. Moreover, artificial neural networks (ANNs) were developed and the obtained results were compared with ANFIS models. For the best ANFIS structure gained in this study, R, RMSE and MAPE were calculated as 0.976, 0.046 and 0.4, respectively. The developed ANN was a multilayer perceptron (MLP) with eleven neurons in the input layer, two hidden layers with 32 and 10 neurons and one neuron (wheat grain yield) in the output layer. For the best ANN model, R, RMSE and MAPE were computed as 0.92, 0.9 and 0.1, respectively. The results illustrated that ANFIS model can predict the yield more precisely than ANN. © 2014 China Agricultural University"
50,17,1,35168,0.468965517241379,"Direct band-gap iodide double perovskite solar cell materials by doping strategy: First-principles predictions",2023,"10.1016/j.mtcomm.2023.107055","As alternatives to lead-based halide perovskite materials, the lead-free halide double-perovskite materials have many advantages but often show wide indirect band gaps and exceed the optimum band-gap range of 0.9–1.6 eV. Based on first-principles calculations, we scan a serial of halide double-perovskites Cs2B′B''X6 (B′ = Li, Na, K; B'' = In, Bi; X = Cl, Br, I) and find that most of Cs2B′B''X6 double-perovskite materials have direct band gaps but larger than 1.6 eV, while the direct band gaps of Cs2LiInI6 and Cs2NaInI6 are smaller than 0.9 eV. We modulate the electronic structure of Cs2B′InI6 (B′ = Li, Na, K) by an ionic doping strategy through substituting partial In ions with Bi ions and discover more halide double-perovskite solar cell materials with suitable band gap. By exploring the stability, electronic structures and optical properties of the doped double-perovskite Cs2B′In1-xBixI6 (B′ = Li, Na, K, x = 0.25 and 0.75), we discover the Cs2B′In0.75Bi0.25I6 (B′ = Li, Na and K) DP materials show direct band gaps within the optimal band-gap range of 0.90 − 1.60 eV for promising solar-cell materials. Meanwhile, the doped Cs2B′In1-xBixI6 DP materials show good carrier mobility as high as 103 cm2S−1V−1. Moreover, the predicted new materials exhibit excellent light absorption coefficients of 106 cm−1 in the visible light range. These new lead-free inorganic DP materials may offer great promise as candidates for highly efficient solar absorber materials for photovoltaic applications. © 2023 Elsevier Ltd"
50,17,2,28986,0.436842105263158,"Optical, electronic, and photoelectrochemical properties of the p-type Cu3-xVO4 semiconductor",2015,"10.1039/c4ta04876h","Investigations into new p-type metal oxides with small bandgap sizes, i.e., Eg ∼0.9 eV to ∼1.5 eV, are currently needed to enable the preparation of tandem cells with high solar-to-hydrogen conversion efficiencies. The p-type Cu(i)-vanadate, Cu3VO4 (space group I42m (no. 121), Z = 2, a = 4.581(4) Å, c = 8.998(2) Å), was synthesized in high purity using solid-state methods and investigated for its small optical bandgap size (Eg ∼ 1.2 eV) and photoelectrochemical properties in the form of polycrystalline films. Powder X-ray diffraction and electron microscopy data show that, beginning at 300 °C in air, a Cu-deficient composition is formed according to: Cu3VO4(s) + (x/2) O2(g) → Cu3-xVO4(s) + x CuO(s). At 350 °C the compound decomposes at the surfaces into the Cu(ii)-containing oxides CuO and Cu3V2O8 (3 : 1 molar ratio), the latter protruding as rods (i.e., ∼15-25 nm in width by ∼1-5 μm in length) from the particles' surfaces. Polycrystalline films of p-type Cu3VO4 were prepared under these conditions (i.e., heated in air at 300 °C or 350 °C) and found to yield significant cathodic photocurrents under solar-simulated, visible-light irradiation (λ > 420 nm; AM 1.5 G filter, irradiant power density of ∼100 mW cm-2). Their photocurrents increased with the heating temperature of the film and with the applied bias, e.g., ∼0.1 mA cm-2 at zero applied bias to ∼0.25 mA cm-2 at -0.2 applied bias (pH = 5.8). The photocurrent of a non-heated film was negligible compared to the films heated in air and exhibited a larger dark current. Further, when CuO nanoparticles were formed directly onto the Cu3VO4 films from aqueous Cu(NO3)2 solutions (i.e., 0.1 M and 0.25 M), cathodic photocurrents of ∼0.2 mA cm-2 are similarly found. Mott-Schottky measurements determined the energetic potential of the Cu3VO4 conduction band to be at ∼-0.63 V versus RHE at pH = 5.8, with an acceptor concentration of ∼1.29 × 1017 cm-3. Thus, a type-II band offset is predicted to occur between the p-type Cu3VO4 film and the p-type CuO surface nanoparticles, and elucidating the critical role of the CuO surface nanoparticles in forming a charge rectification barrier and enhancing the charge separation at the surfaces. Electronic structure calculations show that the conduction band states of Cu3VO4 are delocalized within the ab-plane of the structure and exhibit an ∼2 eV band dispersion centered around the gamma k-point. The bandgap size, conduction band dispersion, and band energies of Cu3VO4 are thus found to be promising for further investigations into tandem n-/p-type photoelectrochemical cells for solar energy conversion applications. © 2015 The Royal Society of Chemistry."
50,17,3,8511,0.417177914110429,"Prediction of the physical properties of the non-synthesized novel materials Fr2SnX6 (X=Br, Cl, I): Contribution of ab initio calculations",2025,"10.1016/j.ijhydene.2025.151074","The study uses density functional theory within the WIEN2k code to explore the physical properties of the novel double perovskites Fr2SnX6 (X = Br, Cl, I). The investigation covers electronic, mechanical, optical, photovoltaic, thermoelectric, and photocatalytic properties. Phase stability analysis shows all compounds are thermodynamically and dynamically stable, verified through formation energies, tolerance factor calculations and phonon dispersion curves. The mechanical stability of our compounds is confirmed by the examination of their elastic constant. Electronic properties reveal direct band gaps of 1.25, 2.12, and 0.08 eV for Fr2SnBr6, Fr2SnCl6, and Fr2SnI6 (using GGA), and 2.28, 3.44, and 0.76 eV (using TB-mBJ), confirming their semiconducting nature. Optical properties indicate strong potential for photovoltaic applications, with high absorption in the ultraviolet and visible spectrum. The materials exhibit excellent optical conductivity, low reflectivity, and minimal energy loss, making them promise for solar energy innovations. Photovoltaic performance is demonstrated with open-circuit voltages of 2.28, 3.44, and 0.76 V, and short-circuit currents of 12.76, 2.09, and 42.93 mA cm−2 for Fr2SnBr6, Fr2SnCl6, and Fr2SnI6, respectively. Thermoelectric properties, including a high figure of merit (0.74, 0.73, 0.72 at 300 K), suggest the compounds are suitable for thermoelectric devices. Additionally, Fr2SnBr6 and Fr2SnCl6 exhibit promising photocatalytic properties, indicating their potential for water-splitting. These findings highlight Fr2SnX6 (X = Br, Cl, I) are a promising candidate for optoelectronic and thermoelectric applications. © 2025 Hydrogen Energy Publications LLC"
50,17,4,20894,0.403973509933775,"A New Class of Bifunctional Perovskites BaMX4 (M = Co, Ni, Fe, Mn; X = F, Cl, Br, I): An n-Type Semiconductor with Combined Multiferroic and Photovoltaic Properties",2019,"10.1021/acs.jpcc.9b04502","We design a new class of bifunctional materials, namely, BaMX4 (M = Co, Ni, Fe, Mn; X = F, Cl, Br, I), with corner-shared octahedral layered perovskite structures. Our joint experimental and theoretical study demonstrates that BaCoF4, a prototype in this new class, possesses a unique combination of multiferroic and photovoltaic properties. Moreover, BaCoF4 exhibits both an antiferromagnetic spin structure and ferroelectric polarization along the (001) direction. These combined electronic and optical features render BaCoF4 a promising bifunctional material for application in spintronic or photovoltaic devices. Density functional theory calculations suggest that the dominant point defects in BaCoF4 are mostly shallow-level donor defects, leading to fascinating n-type self-doping. As such, a BaCoF4 layer may be exploited for electron transport and light absorption altogether, which may enhance the photovoltaic performance in solar cells. To confirm this predicted feature, we incorporate BaCoF4 as an electron transport layer and fabricated a BaCoF4/Cs0.05MA0.14FA0.81PbI2.55Br0.45-based solar cell device. Notably, the solar cell devices yield the champion power conversion efficiency of ca. 13.14%. We also investigate photovoltaic properties of other analogous materials and find that BaNiBr4 and BaMnCl4 also possess both multiferroic and photovoltaic bifunctionalities. Hence, this new class of BaMX4 offers diverse and tunable capability for various applications. © 2019 American Chemical Society."
50,17,5,40337,0.398773006134969,"Silver–Bismuth Halide Double Salts for Lead-Free Photovoltaics: Insights from Symmetry-Based Modeling",2022,"10.1002/solr.202200718","Ag/Bi halide double salts, also called rudorffites, constitute a promising path to achieve low-cost, high-efficiency lead-free optoelectronic devices, in particular solar cells. These materials present tunable gaps within the visible range, high short-circuit currents, and interesting efficiencies in outdoor and indoor devices. Herein, a combination of symmetry analysis and first-principles calculations is used to explore the structural, electronic, and optical properties of prototypical rudorffites solar cell absorbers AgBiI4 and Ag3BiI6. The challenges to model those ternary materials are first established. It is shown that Ag/Bi double salts cannot be modeled as random alloys. Second, a Wyckoff position splitting method is developed leading to the generation of model structures, which are unique for each compound, and agrees with experimental structural data. These structures are used to establish the optoelectronic properties of AgBiI4 and Ag3BiI6. Finally, the ideal photovoltaic performance of the materials is predicted through the spectral limited maximum efficiency approach. It is shown that AgBiI4 presents a slightly higher potential for solar cell applications, and the realized devices are mostly limited by the low open-circuit voltage. The structural models developed here can help unveiling complex properties of the materials and explore substitutional engineering within halide double salts. © 2022 The Authors. Solar RRL published by Wiley-VCH GmbH."
50,18,1,17492,0.275167785234899,"Novel Modeling Framework for PV Faults Under Partial Shading",2024,"10.1109/TPEL.2024.3354858","Faults in solar photovoltaic (PV) systems are serious threats to the safety, reliability, and efficiency of PV systems. Accidents of fire hazards, damages, and lower power output caused by faults have been noticed and reported in numerous solar PV systems both at utility scale and residential levels. Therefore, identifying and detecting faults have been researched extensively to predict faults before and after occurrence. The majority of existing methods for fault detection rely on artificial intelligence-based training which requires huge amount of data and does not guarantee precise accuracy. Moreover, they fall short in identifying faults occurring simultaneously with partial shading. This article is the first to derive a modeling approach for partially shaded PV systems operating under faults. The derived model is intended to stimulate future development of model-based fault detection approaches that ensure identifying faults deterministically without a need for training or data collection. The accuracy of the proposed model is verified for both ground and line-line faults under various shading scenarios.  © 1986-2012 IEEE."
50,18,2,45810,0.274193548387097,"An adaptive early fault detection model of induced draft fans based on multivariate state estimation technique",2021,"10.3390/en14164787","The induced draft (ID) fan is an important piece of auxiliary equipment in coal-fired power plants. Early fault detection of the ID fan can provide predictive maintenance and reduce unscheduled shutdowns, thus improving the reliability of the power generation. In this study, an adaptive model was developed to achieve the early fault detection of ID fans. First, a non-parametric monitoring model was constructed to describe the normal operating characteristics with the multivariate state estimation technique (MSET). A similarity index representing operation status was defined according to the prediction deviations to produce warnings of early faults. To deal with the model accuracy degradation because of variant condition operation of the ID fan, an adaptive strategy was proposed by using the samples with a high data quality index (DQI) to manage the memory matrix and update the MSET model, thereby improving the fault detection results. The proposed method was applied to a 300 MW coal-fired power plant to achieve the early fault detection of an ID fan. In addition, fault detection by using the model without an update was also compared. Results show that the update strategy can greatly improve the MSET model accuracy when predicting normal operations of the ID fan; accordingly, the fault can be detected more than 4 h earlier by using the strategy with the adaptive update when compared to the model without an update. © 2021 by the authors. Licensee MDPI, Basel, Switzerland."
50,18,3,30647,0.258620689655172,"Accident modeling and risk assessment framework for safety critical decision-making: Application to deepwater drilling operation",2013,"10.1177/1748006X12472158","Rising global energy demand is encouraging oil companies to invest in deepwater drilling. However, there are numerous engineering and safety challenges involved in this activity. The BP Deepwater Horizon accident (Macondo well blowout) has raised serious concerns about the safety of deepwater drilling. The major reasons for such a catastrophic blowout event are the lack of continuous assessment of risk and the lack of risk-based decision making to take timely and adequate preventive actions. The present work proposes an accident modeling and risk assessment framework based on accident precursors (early warnings). This framework uses the system hazard identification, prediction and prevention methodology to model the unwanted situation. The proposed risk assessment framework generates results that can be used to: (1) analyze the dynamic performance of safety barriers, (2) analyze the probability of occurrence of different severity levels, (3) analyze the dynamic risk profile of different severity levels and the aggregated risk profile, and (4) help to make safety-critical decisions based on aggregated risk profile. The present work provides an assessment of offshore deepwater drilling risk assessment and a basis to make timely and precise safety critical decisions. The risk assessment methodology is demonstrated on the Macondo well blowout accident. This case study highlighted the applicability and advantages of using the proposed method in drilling operations. © 2013 IMechE."
50,18,4,25910,0.255707762557078,"Feedback a learning tool for future organizations",2017,"10.1108/WJE-12-2016-0169","Purpose: The purpose of this study is to provide means of reflection on the skill acquired during accidents occurring in normal and disorganized situations as well as to draw the consequences, memorize and reuse them in order to avoid them in the future. Design/methodology/approach: We perceive the external and familiar manifestations of the use of electricity such as light, heat and motion. The lack of a direct visual perception of this type of energy often leads to serious consequences caused by either ignored or underestimated risks. The severity of accidents related to electrical risk remains high: nearly 1 in 100 deaths was caused by electricity in 2010. In Algeria, nearly 180 deaths per year are electricity-related; electricity is also the cause of 20 per cent of fires. As the prevention of this risk affects many sectors, apart from power generation and power distribution networks, workers in all types of work areas, from construction to maintenance, are likely to be exposed to electrical hazards. Findings: The results of this study imply that any workplace can face an electrical accident. Therefore, in this work, the authors have attempted to create a memory of risks, based on the feedback of fatal adverse events manifested in a national company, Sonelgaz, in Algeria. Asystematic analysis of these three fatal accidents allows prediction of possible dangerous situations and helps to better plan the objective prevention of such future incidents. Originality/value: The lack of direct visual perception of this type of energy often leads to serious consequences caused by ignored or underestimated risks. The severity of accidents related to electrical risk remains high: nearly one over 100 deaths are because of electricity in 2010. In Algeria, the authors recorded nearly 180 deaths per year; it is also the cause of 20 per cent of fires. As now, because the prevention of this risk affects many sectors, apart from power generation and power distribution networks, all types of work, from construction to maintenance are likely to expose workers to electrical hazards. This implies that any company can face an electrical accident. Therefore, in this work the authors try to create a memory of risks, based on the feedback of fatal adverse events manifested in the national company Sonelgaz in Algeria. © Emerald Publishing Limited."
50,18,5,46721,0.254237288135593,"A combined approach for model-based PV power plant failure detection and diagnostic",2021,"10.3390/en14051261","Photovoltaic (PV) technology allows large-scale investments in a renewable power-generating system at a competitive levelized cost of electricity (LCOE) and with a low environmental impact. Large-scale PV installations operate in a highly competitive market environment where even small performance losses have a high impact on profit margins. Therefore, operation at maximum performance is the key for long-term profitability. This can be achieved by advanced performance monitoring and instant or gradual failure detection methodologies. We present in this paper a combined approach on model-based fault detection by means of physical and statistical models and failure diagnosis based on physics of failure. Both approaches contribute to optimized PV plant operation and maintenance based on typically available supervisory control and data acquisition (SCADA) data. The failure detection and diagnosis capabilities were demonstrated in a case study based on six years of SCADA data from a PV plant in Slovenia. In this case study, underperforming values of the inverters of the PV plant were reliably detected and possible root causes were identified. Our work has led us to conclude that the combined approach can contribute to an efficient and long-term operation of photovoltaic power plants with a maximum energy yield and can be applied to the monitoring of photovoltaic plants. © 2021 by the authors. Licensee MDPI, Basel, Switzerland."
50,19,1,14139,0.265822784810127,"Causality analysis of meteorologically sensitive in offshore wind power generation based on the time-lagged convergent cross mapping",2024,"10.1177/09576509241271873","Regarding the relationship between wind power generation and meteorological factors, previous studies tend to focus on the correlation between them, but correlation does not imply causation. In this context, we propose to use a combination of time-lagged convergent cross mapping (CCM) and graph network theory to investigate the causal relationship between wind power generation and meteorological factors. The effectiveness of time-lagged CCM is demonstrated by applying it to three scenarios of strong linear correlation, weak linear correlation and no linear correlation, respectively, and comparing it with Standard CCM and time-lagged Pearson correlation coefficient (PCC). Time-lagged CCM can accurately identify the causal relationship between wind power generation and meteorological factors and quantitatively assess the variables' causal intensity. Further, combined with graph network theory, we constructed a causal pattern diagram. From it, we can find that the causal relationship and intensity between wind power generation and meteorological factors also change dynamically throughout the year, following a specific temporal causal chain law. This finding is conducive to establishing a more accurate wind power prediction model, especially in the model’s feature selection and feature relationship analysis. © IMechE 2024."
50,19,2,27638,0.242937853107345,"Importance analysis and meta-model construction with correlated variables in evaluation of thermal performance of campus buildings",2015,"10.1016/j.buildenv.2015.04.021","Statistical energy modelling & analysis of building stock is becoming mainstream in the context of city or district scale analysis of energy saving measures. A common aspect in such analyses is that there is generally a set of key explanatory variables - or the main inputs - that are statistically related to a quantity of interest (end-use energy or CO2). In the context of energy use in buildings, it is not uncommon that the explanatory variables may be correlated. However, there has been little discussion about the correlated variables in building stock research. This paper uses a set of campus buildings as a demonstrative case study to investigate the application of variable importance and meta-model construction in the case of correlated inputs when quantifying energy demand of a building stock. The variable importance analysis can identify key factors that explain energy consumption of a building stock. To this end, it is necessary to apply methods suitable for correlated inputs because the observational data (inputs) of buildings are usually correlated. For constructing statistical energy meta-models, two types of regression models are used: linear and non-parametric models. The results indicate that the linear models perform well compared to the complicated non-parametric models in this case. In addition, a simple transformation of the response, commonly used in linear regression, can improve predictive performance of both the linear and non-parametric models. © 2015 Elsevier Ltd."
50,19,3,12425,0.230769230769231,"Multiple Linear Regression-Based Correlation Analysis of Various Critical Weather Factors and Solar Energy Generation in Smart Homes",2025,"10.3390/engproc2025087106","The smart home concept, transforming traditional homes into smart homes thanks to technological advancements, is widespread around the world. In addition, energy consumers are also becoming energy producers by adding renewable energy sources, namely solar, wind, etc., to their homes along with traditional energy sources. However, intermittent weather conditions impact the power generation of renewable sources. Hence, there is a need to understand the correlation between several weather parameters and power generation. Traditional statistical methods such as Pearson, and Spearman, Kendall’s Tau, and Phi correlation coefficients are available but are limited to only two variables. Instead, multiple linear regression (MLR) offers multivariate analysis. Thus, this paper employs MLR to analyze the correlation between weather conditions such as temperature, apparent temperature, visibility, humidity, pressure, wind speed, dew point, precipitation, and power generation in kW. All the weather conditions are independent variables, and the generated power is a dependent variable. The key objective is to investigate the significant predictors and their impact on power generation. To implement this, a recent smart home dataset titled “Smart Home Dataset with Weather Information” that provides the required information was downloaded from Kaggle. This dataset contains 32 variables and 503,910 observations. The whole dataset with the considered variables (1 dependent variable and 11 independent variables) is utilized to implement the proposed correlation analysis. A regression model is developed to find the correlation between the parameters mentioned above in the dataset, and the multicollinearity among the independent variables is presented using the variance inflation factor (VIF). If the VIF value is more than 10, it represents high multicollinearity. The results showcase that those variables, such as temperature, humidity, apparent_temperature, and dew_point, produce VIF values of 296.67, 37.35, 126.29, and 152.15, respectively, and are thereby considered critical weather parameters that significantly influence solar energy generation. This aids in better generation and load management planning in smart homes. © 2025 by the authors. Licensee MDPI, Basel, Switzerland."
50,19,4,14306,0.218181818181818,"Analysis of factors influencing energy consumption of electric vehicles: Statistical, predictive, and causal perspectives",2024,"10.1016/j.apenergy.2024.124110","Analyzing the influence of various factors on the energy consumption of Electric Vehicles (EVs) yields a positive impact on mitigating range anxiety. Nevertheless, prevailing research predominantly relies on statistical or predictive methodologies to assess the influence of factors on energy consumption, offering limited causal insights. This study addresses this gap by utilizing the double/debiased machine learning (DML) combined with bootstrap-of-little-bags (BIB) inference approach to make causal inferences concerning the influence of factors on energy consumption. Furthermore, the study introduces a comprehensive framework that integrates statistical, predictive, and causal perspectives to examine the consistency and discrepancies in the influence of twelve factors on energy consumption. Notably, it unveils variations in the influence of these factors on energy consumption concerning different trip categories. Field datasets are utilized for framework validation, covering 20,385 valid trips from eight cities and four vehicle models. The findings demonstrate that DML can yield interpretable causal inferences, and the framework allows these three perspectives to complement each other, unveiling insights that remain concealed when using a single method. Furthermore, even for the same factor, there are variations in the influence on energy consumption across different trip categories. The proposed framework opens avenues for a comprehensive understanding of influencing factors on energy consumption of EVs, crucial for eco-driving and energy consumption predictions. © 2024 Elsevier Ltd"
50,19,5,26793,0.2,"Hydropower externalities: A meta-analysis",2016,"10.1016/j.eneco.2016.04.016","This paper presents a meta-analysis of existing research related to the economic valuation of the external effects of hydropower. A database consisting of 81 observations derived from 29 studies valuing the non-market impacts of hydropower electricity generation is constructed with the main aim to quantify and explain the economic values for positive and negative hydropower externalities. Different meta-regression model specifications are used to test the robustness of significant determinants of non-market values, including different types of hydropower impacts. The explanatory and predictive power of the estimated models is relatively high. Whilst controlling for sample and study characteristics, we find significant evidence for public aversion towards deteriorations of landscape, vegetation and wildlife caused by hydropower projects. There is however only weak evidence of willingness to pay for mitigating these effects. The main positive externality of hydropower generation, the avoidance of greenhouse gas emission, positively influences welfare estimates when combined with the share of hydropower in national energy production. Sensitivity to scope is detected, but not linked to specific externalities or non-market valuation methods. © 2016 Elsevier B.V."
50,20,1,47904,0.41358024691358,"A 22nm, 10.8 μ W/15.1 μ W Dual Computing Modes High Power-Performance-Area Efficiency Domained Background Noise Aware Keyword- Spotting Processor",2020,"10.1109/TCSI.2020.2997913","This paper proposes a high power-performance-area efficient background noise aware keyword-spotting (KWS) processor based on an optimized binarized weight network (BWN). To reduce the power consumption while maintaining the system recognition accuracy for different background noise, the KWS processor with a SNR prediction module can be adaptively configured to use dual computing modes (standard computing mode and approximate computing mode) for both high recognition accuracy under high background noise and ultra-low power consumption under low background noise. The mel-scale frequency cepstral coefficients (MFCC) module is optimized with approximate computing technologies, which can reduce the power consumption by up to 3.1× and 5.7× for high/low background noise, respectively. Based on the evaluation of the architecture design space exploration, an ultra-low power BWN accelerator with low voltage, area and leakage power and using precision self-adaptive approximate computing units was proposed. Evaluated under 22nm process technology, this work can support up to 10 keywords real time recognition with power consumption of 15.1μW for high background noise and 10.8μW for low background noise. Compared to the state-of-the-art KWS architectures, our work can achieve ultra-low power consumption (about 1.7× reduced), while maintaining high system capability and adaptability.  © 2004-2012 IEEE."
50,20,2,12551,0.412587412587413,"A 1998-Mpixels/s 75-pJ/pixel Slice-Alternated Display Stream Compression Encoder",2025,"10.1109/TCSII.2025.3571769","Display Stream Compression (DSC) standard provides visually lossless video quality while maintaining low latency and low cost. In this brief, an efficient DSC encoder architecture is proposed, which supports 1, 2, and 4 slices per line, based on three novel techniques: 1) slice-alternated architecture, which reuses on-chip memory and computing resources across multiple slices; 2) unbalanced prediction loop pipeline address timing constraints caused by dependencies among prediction pixels, and achieve a throughput of 3 pixels/cycle; 3) default update and special group adjustment are proposed in index color history (ICH) to achieve minimal delay and higher throughput. Implemented in TSMC 28nm CMOS technology, the proposed DSC encoder occupies a core area of 0.6 mm2 with 440K logic gates and 36.8 KB of SRAM. Operating at 333 MHz, it delivers a throughput of 1998 Mpixels/s, enabling real-time processing of 4K UHD resolution. It also demonstrates exceptional area efficiency, achieving a throughput-to-area ratio of 3330 Mpps/mm2. Furthermore, it maintains a power consumption of 150 mW (75 pJ/pixel). Compared to the state-of-the-art studies, this design achieves improvements of up to 1.4x, 2x, and 1.2x in throughput, area efficiency, and energy consumption respectively. © 2004-2012 IEEE."
50,20,3,45712,0.405405405405405,"Approximate versatile video coding fractional interpolation filters and their hardware implementations",2021,"10.1109/TCE.2021.3107460","In this paper, approximate Versatile Video Coding (VVC) fractional interpolation (FI) filters are proposed. The proposed approximate VVC FI filters reduce computational complexity of VVC FI at the expense of very small quality loss. In this paper, four VVC FI hardware implementing the proposed approximate VVC FI filters are also proposed. The proposed approximate VVC FI hardware have higher speed, smaller area, and up to 51% lower power consumption than the exact VVC FI hardware. Therefore, they can be used in consumer electronics devices requiring high speed, small area, low power consuming VVC encoder hardware.  © 1975-2011 IEEE."
50,20,4,21934,0.396103896103896,"A hardware-efficient block matching algorithm and its hardware design for variable block size motion estimation in ultra-high-definition video encoding",2019,"10.1145/3290408","Variable block size motion estimation has contributed greatly to achieving an optimal interframe encoding, but involves high computational complexity and huge memory access, which is the most critical bottleneck in ultra-high-definition video encoding. This article presents a hardware-efficient block matching algorithm with an efficient hardware design that is able to reduce the computational complexity of motion estimation while providing a sustained and steady coding performance for high-quality video encoding. A three-level memory organization is proposed to reduce memory bandwidth requirement while supporting a predictive common search window. By applying multiple search strategies and early termination, the proposed design provides 1.8 to 3.7 times higher hardware efficiency than other works. Furthermore, on-chip memory has been reduced by 96.5% and off-chip bandwidth requirement has been reduced by 39.4% thanks to the proposed three-level memory organization. The corresponding power consumption is only 198mW at the highest working frequency of 500MHz. The proposed design is attractive for high-quality video encoding in real-time applications with low power consumption. © 2019 Association for Computing Machinery."
50,20,5,23263,0.390243902439024,"Worst Case Driven Display Frame Compression for Energy-Efficient Ultra-HD Display Processing",2018,"10.1109/TMM.2017.2762004","Display frame compression is an effiective technique to address the challenge of external memory access in ultrahigh definition video display system. Nevertheless, previously proposed display frame compression designs are inadequate in terms of either energy efficiency or throughput. This paper aims to exploit the algorithm and very large scale integration (VLSI) architecture of a worst case driven display frame compression. By using a prediction-and-compression framework and a semi-fixed length coding scheme, the proposed design can achieve the much better balance between compression efficiency and throughput, and substantially reduce the bandwidth requirement and energy consumption of external memory system in the meanwhile. Extensive experiments demonstrate that the proposed display frame compression achieves 5.7-dB peak signal-to-noise ratio improvement, 3.1% compression ratio reduction, 3 × throughput, and 66.4% hardware cost saving, compared with the best previous work. In addition, the proposed VLSI design can support the throughput of 4 K × 2 K@60 Hz and reduce at least 17.6% energy consumption of external memory system by exploiting dynamic voltage and frequency scaling, compared with conventional display frame compression works. © 1999-2012 IEEE."
50,21,1,15496,0.244019138755981,"InfoCAVB-MemoryFormer: Forecasting of wind and photovoltaic power through the interaction of data reconstruction and data augmentation",2024,"10.1016/j.apenergy.2024.123745","Rare or missing data pose significant challenges in the prediction of wind power (WP) and photovoltaic power (PV). Many methods address the data scarcity issue solely through augmentation techniques, often neglecting the impact of missing data on the augmentation process. When data augmentation is performed on missing datasets, the prediction accuracy cannot be further improved, and this is called as an extreme data scarcity problem. To solve this problem, we introduce two methods, called Information Maximizing Collaborative Adversarial Variational Bayes (InfoCAVB) and MemoryFormer, to achieve data augmentation based on missing data reconstruction. In this paper, the augmentation and reconstruction process are performed at the same time. When the reconstruction process is performed, InfoCAVB utilizes adversarial training to construct variational bayes that approximates the posterior distribution of real data to recover missing data. Meanwhile, in the augmentation process, InfoCAVB maximizes the mutual information between real data and reconstruction data to establish correspondences between specific dimensions of augmentation data and the features of real and reconstruction data, respectively. The advantage of InfoCAVB lies in incorporating data augmentation into data reconstruction through the information maximizing principle. Finally, we propose a MemoryFormer adapted for InfoCAVB to predict WP and PV, and the benefit of MemoryFormer lies in excavating the potential temporal correlations between reconstructed and augmented data. MemoryFormer embeds the distribution of real data into the generated data through memory units, ensuring consistent distribution during the training process of discrete reconstructed and augmented data. Experimental results indicate that the proposed InfoCAVB-MemoryFormer reduces the RMSE averages by 15.7%, 14.1%, and 5.92% for WP prediction and 28.23%, 22.67%, and 12.21% for PV prediction compared to other state-of-the-art model models, demonstrating the effectiveness of the proposed approach in extreme data scarcity scenarios. © 2023"
50,21,2,22017,0.233766233766234,"Analysis and impact evaluation of missing data imputation in day-ahead PV generation forecasting",2019,"10.3390/app9010204","Over the past decade, PV power plants have increasingly contributed to power generation. However, PV power generation widely varies due to environmental factors; thus, the accurate forecasting of PV generation becomes essential. Meanwhile, weather data for environmental factors include many missing values; for example, when we estimated the missing values in the precipitation data of the Korea Meteorological Agency, they amounted to ~16% from 2015-2016, and further, 19% of the weather data were missing for 2017. Such missing values deteriorate the PV power generation prediction performance, and they need to be eliminated by filling in other values. Here, we explore the impact of missing data imputation methods that can be used to replace these missing values. We apply four missing data imputation methods to the training data and test data of the prediction model based on support vector regression. When the k-nearest neighbors method is applied to the test data, the prediction performance yields results closest to those for the original data with no missing values, and the prediction model's performance is stable even when the missing data rate increases. Therefore, we conclude that the most appropriate missing data imputation for application to PV forecasting is the KNN method. © 2019 by the authors."
50,21,3,18681,0.222772277227723,"Research on Interpolation Method for Missing Electricity Consumption Data",2024,"10.32604/cmc.2024.048522","Missing value is one of the main factors that cause dirty data. Without high-quality data, there will be no reliable analysis results and precise decision-making. Therefore, the data warehouse needs to integrate high-quality data consistently. In the power system, the electricity consumption data of some large users cannot be normally collected resulting in missing data, which affects the calculation of power supply and eventually leads to a large error in the daily power line loss rate. For the problem of missing electricity consumption data, this study proposes a group method of data handling (GMDH) based data interpolation method in distribution power networks and applies it in the analysis of actually collected electricity data. First, the dependent and independent variables are defined from the original data, and the upper and lower limits of missing values are determined according to prior knowledge or existing data information. All missing data are randomly interpolated within the upper and lower limits. Then, the GMDH network is established to obtain the optimal complexity model, which is used to predict the missing data to replace the last imputed electricity consumption data. At last, this process is implemented iteratively until the missing values do not change. Under a relatively small noise level (α = 0.25), the proposed approach achieves a maximum error of no more than 0.605%. Experimental findings demonstrate the efficacy and feasibility of the proposed approach, which realizes the transformation from incomplete data to complete data. Also, this proposed data interpolation approach provides a strong basis for the electricity theft diagnosis and metering fault analysis of electricity enterprises. © 2024 Tech Science Press. All rights reserved."
50,21,4,14101,0.218543046357616,"Electricity Load Forecasting using Hybrid Datasets with Linear Interpolation and Synthetic Data",2024,"10.48084/etasr.8577","Electricity load forecasting is an important aspect of power system management. Improving forecasting accuracy ensures reliable electricity supply, grid operations, and cost savings. Often, collected data consist of Missing Values (MVs), anomalies, outliers, or other inconsistencies caused by power failures, metering errors, data collection errors, hardware failures, network failures, or other unexpected events. This study uses real-world data to investigate the possibility of using synthetically generated data as an alternative to filling in MVs. Three datasets were created from an original one based on different imputation methods. The imputation methods employed were linear interpolation, imputation using synthetic data, and a proposed hybrid method based on linear interpolation and synthetic data. The performance of the three datasets was compared using deep learning, machine learning, and statistical models and verified based on forecasting accuracy improvements. The findings demonstrate that the hybrid dataset outperformed the other interpolation methods based on the forecasting accuracy of the models. © by the authors."
50,21,5,41588,0.208092485549133,"Missing Value Filling Based on the Collaboration of Cloud and Edge in Artificial Intelligence of Things",2022,"10.1109/TII.2021.3126110","With the development of 5G technology and Internet of Things, all kinds of real life data are collected and recorded by a large number of sensors. It is of great significance to mine and analyze the hidden information in the data for applications like future prediction. However, due to interferences or instability of collection equipment, collected sensory data are often incomplete, and this incompleteness hinders the in-depth analysis of data in the cloud. Therefore, processing around missing values is significant. Relying on cloud machine learning methods is not enough to deal with the problem of missing data in the Artificial Intelligence of Things (AIoT) environment, however, edge computing provides a promising solution. In this article, gated recurrent units filling is employed at the edge nodes. A mobile edge node can not only find the historical information of the current missing data node but also acquire the data of the nodes adjacent to the missing data node. These ensure that the missing data are restored to the maximum extent at the source. The experimental results show that the missing value filling based on edge computing not only outperforms other filling methods in quality but also greatly reduces the energy consumption in AIoT.  © 2005-2012 IEEE."
50,22,1,44615,0.289617486338798,"A general multi-source ensemble transfer learning framework integrate of LSTM-DANN and similarity metric for building energy prediction",2021,"10.1016/j.enbuild.2021.111435","Transfer learning can improve building energy prediction performance by utilizing the knowledge learned from source domain. However, most studies focus on the single-source transfer learning and may lead to model performance degradation when there exists large domain shift between the single source domain and target domain. To address this issue, this study proposes a multi-source ensemble transfer learning (Multi-LSTM-DANN) framework integrate of LSTM-DANN neural network and similarity metric, which can enhance the prediction performance of target building power consumption by using multi-source building data (domain). LSTM-DANN is first used to extract the domain invariant features between each pair of source domain and target domain. Then maximum mean discrepancy (MMD) is applied to metric the distance between each pair of the extracted domain invariant features. Finally, the reciprocal of MMD is used as similarity metric index to calculate the regression weight and prediction value of the proposed Multi-LSTM-DANN model. Experiments with different number of source domains are conducted to demonstrate the effectiveness of the proposed Multi-LSTM-DANN framework. Results demonstrate that most multi-source transfer learning models can enhance the prediction performance of the target building power consumption compared to the corresponding single-source transfer learning models. The proposed Multi-LSTM-DANN framework can provide guiding significance for the application of multi-source building data in the future. © 2021 Elsevier B.V."
50,22,2,41029,0.284883720930233,"Research on Adversarial Domain Adaptation Method and Its Application in Power Load Forecasting",2022,"10.3390/math10183223","Domain adaptation has been used to transfer the knowledge from the source domain to the target domain where training data is insufficient in the target domain; thus, it can overcome the data shortage problem of power load forecasting effectively. Inspired by Generative Adversarial Networks (GANs), adversarial domain adaptation transfers knowledge in adversarial learning. Existing adversarial domain adaptation faces the problems of adversarial disequilibrium and a lack of transferability quantification, which will eventually decrease the prediction accuracy. To address this issue, a novel adversarial domain adaptation method is proposed. Firstly, by analyzing the causes of the adversarial disequilibrium, an initial state fusion strategy is proposed to improve the reliability of the domain discriminator, thus maintaining the adversarial equilibrium. Secondly, domain similarity is calculated to quantify the transferability of source domain samples based on information entropy; through weighting in the process of domain alignment, the knowledge is transferred selectively and the negative transfer is suppressed. Finally, the Building Data Genome Project 2 (BDGP2) dataset is used to validate the proposed method. The experimental results demonstrate that the proposed method can alleviate the problem of adversarial disequilibrium and reasonably quantify the transferability to improve the accuracy of power load forecasting. © 2022 by the authors."
50,22,3,30627,0.283018867924528,"Wave power atlas of Eastern Mediterranean and Aegean Seas",2013,"10.1016/j.energy.2013.02.060","Wave energy potential of the Eastern Mediterranean Sea Basin was assessed and characterized. Wave fields obtained from 3rd generation spectral wave model for years 1994-2009 by using wind data from European Center for Medium-Range Weather Forecasts (ECMWF) were used in order to calculate the wave powers. Wave model was calibrated using the wave measurements conducted at three different stations. Wave model simulated the wave characteristics such as significant wave heights (Hs) and mean wave periods (Tm) with high accuracy. Wave power atlas was generated based on 15-year time-averaged wave data. Also wave power roses and distribution tables in means of periods and heights for different regions were presented. Mean wave power found to be below 2kW/m along the coasts of the whole model area. The most energetic coast of the Southern Mediterranean Basin is Egyptian coastlying between Nile Delta and the Libya border with a potential of above 4kW/m. Some regions along the coasts of some Greek Islands also have potential above 4kW/m within the Aegean Sea Basin. The eastern part of the model area is found to be the least energetic. The most energetic sea states have significant wave heights between 1 and 4m and wave energy periods between 4 and 8s. Seasonal trends were also investigated in this study. The mean wave power in winter is roughly 2 times larger than annual mean. © 2013 Elsevier Ltd."
50,22,4,11806,0.24896265560166,"An ensemble strategy for transfer learning based human thermal comfort prediction: Field experimental study",2025,"10.1016/j.enbuild.2025.115344","Accurate prediction of human thermal comfort plays an important role in improving indoor comfort and reducing energy consumption. With the continuous innovation and improvement of physiological sensing technologies, data-driven models show better predictive performance than traditional predictive mean vote (PMV) model. However, the high performance of data-driven models requires sufficient and high-quality labeled data as input, which is difficult to access in this field. Transfer learning (TL) predicts target tasks by learning knowledge from similar domain, thus reducing the required data resource from target task. At present, transfer learning based thermal comfort predictions mostly applies model-based TL (MBTL) models and used public dataset as source domain. However, the predictive performance of such strategy lacks sufficient comparison and analysis. This study constructs three source domain datasets through two field experiments and one public data source, respectively. Their auxiliary training effects in TL models are fully compared. Three major TL methods with different mechanisms are implemented and their predictive performances are investigated. On this basis, a parallel ensemble strategy using hard / soft voting methods is proposed to improve the prediction accuracy and generalization performances simultaneously. Results show that: 1) if field experiment is available, thermal stepped experiment could provide more effective source domain data than public data source; 2) in addition to the applied MBTL model, the other two TL models (instance based TL, feature based TL) for this study are also very competitive, especially when target domain data is sparse. By hard voting method, the ensemble strategy containing these three sub TL models always achieve the best prediction accuracy under different amounts of target domain sampling data. Thus, it shows great potential in future practice of thermal comfort prediction. © 2025 Elsevier B.V."
50,22,5,6899,0.239795918367347,"Analysis of wave focusing characteristics of parabolic reflecting wall",2026,"10.1080/17445302.2025.2454111","Extraction of energy from the waves has drawn considerable interest due to its abundant availability and predictable characteristics. Although energy is available all along the wave, normal to wave direction, the majority of the existing wave energy converters (WECs) typically capture energy from only a part of it. One of the cost effective and efficient solutions for harnessing incident wave energy is by integrating WECs with the breakwater. It will be more beneficial if the breakwater is designed to gather and focus the energy towards the inlet of a WEC, which improves its efficiency. Therefore, to achieve this purpose, a parabolic wall/breakwater was proposed, which is inspired from the concentrated solar power (CSP) technology. In this study, experiments were conducted to investigate the free surface elevation at different locations in front of the parabolic wall. The results indicate that when the focal point of the parabolic wall matches with 0.5 times the wave length, the wave height at that location reaches up to 4.3 times the incident wave height for regular waves. Additionally, under random wave incidence, the maximum wave amplification at the focal point was observed to reach up to 2.7 times the significant wave height, making it an ideal location for harnessing wave energy. Further, the wave amplification ratio remains consistent for different wave heights at a given relative water depth (d/L), indicating that wave amplification primarily depends on the wave frequency rather than incident wave height. It was also observed that changes in water depth do not significantly impact the maximum wave amplification. These measurements were supported by 3D numerical simulations which were performed using open-source CFD model REEF3D. © 2025 Informa UK Limited, trading as Taylor & Francis Group."
50,23,1,21043,0.417808219178082,"Decentralized model predictive hierarchical control strategy for islanded AC microgrids",2019,"10.1016/j.epsr.2019.01.010","This paper presents decentralized Model Predictive Control (MPC) based hierarchical control scheme with both primary and secondary level for an islanded AC microgrid to address power quality and unequal power sharing problems. The control scheme consists of an inner control loop, primary control and secondary control. Finite Control Set-Model Predictive Control (FCS-MPC) is incorporated in the inner loop to track the reference voltage and fix the capacitor voltage in each Distributed Generator (DG) unit. Primary control comprises of virtual impedance loop and droop control to control power flow and power sharing among DG systems. Moreover, state space predictor based secondary control is proposed for regulating frequency of the microgrid and node voltage to their nominal values in islanded operation. Furthermore, the performance of the proposed control method is analyzed with the static model of dynamic loads and validated with conventional control scheme under mismatched feeder impedance. © 2019 Elsevier B.V."
50,23,2,30486,0.377906976744186,"Predictive direct virtual torque and power control of doubly fed induction generators for fast and smooth grid synchronization and flexible power regulation",2013,"10.1109/TPEL.2012.2219321","Predictive direct torque control of the electric motors has been well developed. It is simple and has excellent steady state and transient performance. However, further developments are still under investigation for applications in the field of power generation. This paper presents a predictive direct virtual torque and power control strategy for a doubly fed induction generator, which allows fast and smooth grid synchronization, and flexible active and reactive power regulation. In the no-load mode, predictive direct virtual torque control is employed to meet the grid synchronization conditions. In the grid-connected mode, predictive direct power control is utilized to achieve flexible active and reactive power regulation. To simplify the control system structure and improve the reliability, a sensorless rotor position scheme is proposed. Furthermore, a model-based predictive scheme is introduced to compensate for a one-step delay in the digital implementation. The proposed control strategy is very simple and robust. There is constant switching frequency, while the requirement of smooth and fast grid synchronization is fulfilled. The transition from no load to flexible power regulation is achieved without changing the switching table. The proposed control strategy was tested by simulation using MATLAB/Simulink and experimentally validated on a 20-kW laboratory prototype. © 2013 IEEE."
50,23,3,14319,0.372340425531915,"Optimized Distributed Control for Power Sharing and Voltage-Frequency Regulation in Islanded Microgrids",2025,"10.1109/ACCESS.2025.3586743","This study examines the interactions among multiple distributed generators in an islanded microgrid with predominantly resistive line impedances. The primary objective is to ensure stable frequency and voltage regulation under disturbances, such as load changes while achieving accurate power sharing. A multiagent distributed control system, based on a hierarchical control structure, is implemented to facilitate the seamless integration of energy resources into the microgrid. The proposed hierarchical control framework consists of Finite Control Set Model Predictive Control (FCS-MPC)-based zero-level control, inverse droop-based primary control, and a finite-time optimal distributed secondary controller (SC). The FCS-MPC ensures precise voltage and current regulation by generating optimal switching pulses for each distributed generator (DG), thereby improving power delivery accuracy. Inverse droop control effectively decouples active and reactive power in resistive-dominant lines, ensuring proper load sharing. The secondary controller restores voltage and frequency with finite-time convergence, enhancing overall system stability. A dedicated communication network enables real-time coordination among the DGs, ensuring efficient operation under varying grid conditions. The proposed distributed secondary control is assessed by incorporating FCS-MPC-based inner control. Controller hardware in the loop (C-HIL) experimental tests are conducted with three DGs having different line impedances and local loads. The results validate the controller’s performance in voltage and frequency restoration and power sharing. © 2013 IEEE."
50,23,4,41580,0.36551724137931,"A Nonlinear Adaptive Backstepping Controller for Stabilizing the DC Bus Voltage of an Islanded Hybrid Microgrid",2022,"10.1109/JESTIE.2022.3160666","A bidirectional interlinking converter (BIC) interconnects the ac and dc buses of a hybrid microgrid (HMG). Under certain operating conditions, the BIC may appear as constant power load to the dc bus causing low-frequency oscillations in it. This instability is observed during the power flow from dc to ac buses and is attributed to an interaction between the input and output impedances seen at the point of interface. In this article, an active damping scheme based on an adaptive backstepping controller (ABC) is proposed for the BIC of an islanded HMG to address the voltage instability in the dc bus. The proposed scheme can be easily integrated with a conventional backstepping controller and an attractive feature is its ability to disengage itself from the ac voltage controller of the BIC as soon as voltage oscillations in the dc bus die out. Thus, the active damper does not deteriorate the ac voltage quality at steady state. The proposed method uses fewer current sensors as compared with a recently reported active damping technique based on predictive control. Typical of a backstepping controller, large signal stability is ensured while deriving the control and adaptation laws. Experimental validation is included.  © 2020 IEEE."
50,23,5,14170,0.351239669421488,"Multi-objective predictive control of cascaded H-bridge multilevel inverter based grid integrated PV based distributed generation system with improved power quality features",2024,"10.1016/j.prime.2024.100832","Rise in the distributed generation (DG) systems to cater to the continuously growing energy demand and provide a sustainable alternative to the conventional system of energy generation, presents additional challenges of grid synchronization, harmonic compensation, active and reactive power control, voltage transients, islanding etc. in the power generation system. This paper introduces a novel approach to controlling photovoltaic (PV) inverters through the use of model predictive control (MPC) as the main control strategy. The proposed model predictive current controller for grid-connected cascaded H-bridge multilevel inverters (CHBMLI) is designed to minimize the computational effort required to select the optimal switching vector. This approach improves active power flow control, harmonic mitigation, reactive power compensation, and capacitor voltage balancing of DC-link capacitors. The comprehensive control scheme for CHBMLI eliminates the need for additional active power filters (APFs), which are commonly employed to enhance power quality at the grid connection point in distributed generation (DG) systems. In this paper, two different DC-DC converters are utilized to track the DC link voltage, ensuring maximum power output from the PV system. The P&O optimization technique is employed to achieve this maximum power. In order to improve the output power quality, the load active (both fundamental and harmonic) and reactive power are estimated in every sampling time by sensing different electrical parameters of the load. Based on the harmonic and reactive power requirement of the load, the reference signal has been and hence the optimal switching pulses are generated through the MPC controller. With reference to this the load harmonic as well as reactive power requirement of the load have been supplied by the Inverter thereby grid side power quality gets improved. Furthermore, an optimal switching sequence is selected through the proposed controller, out of the available redundant voltage vector of the CHBMLI to control the input DC link voltage of individual H-Bridge. The proposed control scheme's efficacy has been evaluated through simulations performed in MATLAB. Additionally, its performance has been verified through practical experiments using a laboratory-created model of the Photovoltaic Distributed Generation (PVDG) system. © 2024 The Authors"
50,24,1,32694,0.341463414634146,"Drying strategies for fluidized-bed drying of paddy",2009,"10.2202/1556-3758.1401","The main objective of this work was to determine an effective moisture diffusivity of long grain rice during fluidized-bed drying (FBD) with inlet drying temperatures ranging of 40-150°C by 10°C/step and to investigate the specific energy consumption of the FBD process. Three initial moisture contents of the local indica paddy were set at 25.0, 28.8 and 32.5% dry-basis. The experimental results of thin-layer fluidized-bed drying for the long grain rice variety were determined and statistically analyzed by non-linear regression method. The results showed that an effective diffusion coefficient was highly dependent on the drying temperature, compared to initial moisture content. Consequently, the mathematical simulation of FBD, using the developed thin-layer drying mentioned above, was evaluated and used for predicting the paddy drying system. The simulated value of energy consumption in each of the drying conditions was comparatively simulated. The simulated results showed that a FBD with low temperatures and low initial moisture content gave higher specific energy consumption than drying with high temperatures and high initial moisture contents. The total specific energy consumption increased with a decreased fraction of re-circulated outlet drying air. According to the simulation results and our previous work, the conclusion is that the long grain paddy drying with FBD technique under a high initial moisture content and drying air temperature over 100°C is the good drying condition for recommendation. © 2009 The Berkeley Electronic Press."
50,24,2,28210,0.251655629139073,"Drying kinetics of technical specified rubber",2015,"10.1016/j.inpa.2015.05.001","This paper reports the study of crumb rubber drying in different experimental designs. It is important to understand the characteristics of crumb rubber drying in order to formulate a better drying strategy that could give higher energy efficiency. Four experiments were carried out with constant heat at maximum 100 °C and a stainless steel container was used to hold the sample of crumb rubber under study. The surface temperature profile of the rubber was investigated using two types of drying methods, normal hot air drying and vacuum drying. It was found that when the sample was dried, external surface temperature for drying with hot air dryer was higher than vacuum dryer. The results showed the evolution of temperature profile was not in good agreement with the prediction which revealed that there was no temperature gradient within the drying samples. The energy consumption for vacuum drying was higher compared to hot air drying, where there was a difference of 0.7079 MJ/kg H2O evaporated for drying temperature at 100 °C. The best fit model generated from the experimental data was the modified Henderson and Pabis model and the highest effective diffusivity obtained was 5.243 × 10−9 m2/s heating by vacuum oven at 90 °C under zero atmospheric pressure. © 2015 China Agricultural University"
50,24,3,40557,0.235632183908046,"Comparison of barrel-shaped fixed bed drying for different ventilation methods by mathematic simulation",2022,"10.1016/j.csite.2022.102312","Unsteady one-dimensional partial differential equations for heat and mass transfer in peanut drying are used in mathematical simulations to compare the drying performance of a barrel-shaped bed in three ventilation modes: bottom up, inside out and outside in. Results obtained using the finite difference scheme show that the mathematical simulation reliably predicts the drying process of peanuts, and that the drying delay of bottom-up ventilation is the most significant at the beginning of drying. This is because the drying enhancement afforded by the high average velocity of air along the ventilation direction is insufficient to offset the drying delay caused by the large ventilation thickness compared with that afforded by the inside-out and outside-in ventilation. Furthermore, as the air volume flow increases, the time consumption and moisture content difference decrease, whereas the productivity, energy consumption, and uniformity increase for all three ventilation modes, consistent with the classical ventilation drying law. Under the same air volume flow, the time and energy consumptions for the bottom-up ventilation are the lowest, followed by those for the outside-in and inside-out ventilation. The productivity afforded by the bottom-up ventilation is the highest, followed by that by the outside-in and inside-out ventilation. The outside-in ventilation indicates the least moisture content difference and the best drying uniformity. Meanwhile, the inside-out ventilation indicates the most significant moisture content difference and the worst drying uniformity. © 2022 The Author(s)."
50,24,4,30019,0.232876712328767,"Far-infrared drying characteristics of mushroom slices",2013,"10.1515/cppm-2013-0035","In this study, infrared drying characteristic of mushroom slices was investigated in the temperature range of 50-90°C. The drying data were fitted to five thin-layer drying models. The performance of these models was compared using the determination of coefficient (R2), reduced chi-square (R2), and root mean square error between the observed and predicted moisture ratios. The values of the diffusivity coefficients at each temperature were obtained using Fick's second law of diffusion. The drying processes were completed within 60-168 min at different temperatures. Experimental drying curves showed only a falling drying rate period. The results show that the logarithmic model is the most appropriate model for infrared drying behavior of thin-layer mushroom slices. A third-order polynomial relationship was found to correlate the effective moisture diffusivity with moisture content. The average effective moisture diffusivity increased with increasing temperature and decrease in moisture content of mushroom slices and varied from 8.039 × 10?10 to 20.618 × 10?10 m2/s. Arrhenius relation with an activation energy value of 21.85 kJ/mol expressed the effect of temperature on the average diffusivity. The minimum and the maximum energy requirements for drying of mushroom slices were also determined as 2.87 kW h/kg water and 5.36 kW h/kg water for 90 and 50°C, respectively."
50,24,5,44429,0.232258064516129,"Development and testing of novel photovoltaic-thermal collector-based solar dryer for green tea drying application",2022,"10.1016/j.solener.2021.12.030","A sustainable solar based PVT tea drying system has been developed to minimize the dependency on the non-renewable commercial tea drying system. In this work, the effect of operating conditions on the performance of a photovoltaic-thermal (PVT) collector-based solar dryer is investigated under sunny and cloudy weather conditions for three different cases- Case-I (natural convection), Case-II (forced convection with an air velocity of 0.096 m/s), and Case-III (forced convection with an air velocity of 0.014 m/s). Firstly, energy performance of the PVT system has been evaluated for all the three cases under sunny and cloudy days, which show that the energy performance has been enhanced to a maximum value of 58.71% and 53.95% for sunny days and cloudy days, respectively, and these are obtained in case of case-III. Then the drying of green tea under mixed-mode drying (MMD) and indirect mode drying (IMD) are presented under sunny days for each of the three cases and compared with open sun drying (OSD) and shade drying (SD). The moisture content has been reduced from 2.95 (d.b.) to 0.14 (d.b.) in all the cases of drying modes. Further, the drying kinetics of green tea leaves is compared using existing models, and a new drying model is proposed, which is found to predict the moisture ratio better. The maximum PVT dryer efficiency, moisture effective diffusivity, and specific moisture extraction rate (SMER) are 26.37%, 4.97 × 10−9 m2/s, and 0.6125 kg/kWh, respectively, for MMD process. © 2021"
50,25,1,27050,0.513227513227513,"Resource provisioning and scheduling in clouds: QoS perspective",2016,"10.1007/s11227-016-1626-x","Resource provisioning of appropriate resources to cloud workloads depends on the quality of service (QoS) requirements of cloud applications and is a challenging task. In cloud environment, heterogeneity, uncertainty and dispersion of resources encounter a problem of allocation of resources, which cannot be addressed with existing resource management frameworks. Resource scheduling, if done after efficient resource provisioning, will be more effective and the cloud resources would be scheduled as per the user requirements (QoS) on provisioned resources. Execution of cloud workloads should be as per QoS parameters to fully satisfy the cloud consumer. Therefore, based on QoS parameters, it is mandatory to predict and verify the resource provisioning before actual resource scheduling. In this paper, a resource provisioning and scheduling framework has been presented which caters to provisioned resource distribution and scheduling of resources. Cloud workloads have been re-clustered using k-means-based clustering algorithm after firstly clustering them through workload patterns to identify the QoS requirements of a workload, and then based on identified QoS requirements resources are provisioned before actual scheduling. Further, scheduling has been done based on different scheduling policies. Finally, the performance of the proposed framework has been evaluated in both real and simulated cloud environment and experimental results show that the framework provisions and schedules resource efficiently by considering energy consumption, execution cost and execution time as QoS parameters. © 2016, Springer Science+Business Media New York."
50,25,2,38856,0.427927927927928,"LiMPO: lightweight mobility prediction and offloading framework using machine learning for mobile edge computing",2023,"10.1007/s10586-021-03518-7","Several applications have emerged with the proliferation of mobile devices to provide communication, learning, social networking, entertainment, and community computing services. Such applications include augmented reality, online gaming, and other real-time applications that need higher computational resources. These applications, executing on mobile devices, often need to access external computing resources and offload the application tasks to the cloud or mobile edge computing (MEC) servers. However, delivering task offloading results to the users in the MEC environment is a challenge, certainly when user mobility is high. Sub-optimal server selection at the offloading stage increases latency, energy consumption and deteriorates both quality of experience and quality of service. Existing techniques proposed in the literature handle computation offloading and mobility management separately. Without considering the real-time mobility factors, the solutions produced are sub-optimal. Some solutions exist to manage mobility, but they involve higher time complexity. We consider the user mobility in offloading decisions and present a lightweight mobility prediction and offloading (LiMPO) framework that offloads the compute-intensive tasks to the predicted user location using artificial neural networks with less complexity. In addition, we propose a multi-objective genetic algorithm based server selection technique that jointly optimizes latency and energy consumption while improving the resource utilization of MEC servers. The performance of the proposed framework is compared with two other techniques task-assignment with optimized mobility and dynamic mobility-aware offloading algorithm for edge computing. The simulation results show that LiMPO outperforms the others by latency reduction, energy efficiency, and enhanced resource utilization. © 2022, The Author(s), under exclusive licence to Springer Science+Business Media, LLC, part of Springer Nature."
50,25,3,19080,0.427745664739884,"Joint Task Allocation and Computation Offloading in Mobile Edge Computing With Energy Harvesting",2024,"10.1109/JIOT.2024.3447159","Mobile edge computing (MEC) is a burgeoning paradigm that MEC servers provide the computing capabilities to release the workload of the mobile devices by transferring the computational tasks, which can vastly reduce the latency and energy cost for executing tasks. In consideration of the battery capacity limitation with the mobile devices, the computation task process may be interrupted. To improve the computational service capacity as well as the popularity of the green computing, the energy of mobile devices is considered to be supplied effectively by energy harvesting (EH), capturing the energy from the environment. We propose an effective task allocation strategy that minimizes the weight sum of energy cost and computational latency of mobile devices in an MEC system with EH. Furthermore, we construct a task queue to fetch the upcoming tasks for mobile devices. On the basis of the Lyapunov optimization approach, we propose an online Lyapunov optimization-based dynamic task allocation (LODTA) algorithm that determines the task assignment policy through adjusting mobile devices with the CPU execution frequency and the transmission power caused by offloading. The LODTA algorithm has a superiority that only the current system state is necessary for the task allocation strategy, but without predicting the future state. In our simulation, the proposed model and algorithm can stabilize the battery energy level with a trade-off between energy consumption and execution latency.  © 2014 IEEE."
50,25,4,47570,0.413265306122449,"A Predictive Priority-Based Dynamic Resource Provisioning Scheme with Load Balancing in Heterogeneous Cloud Computing",2021,"10.1109/ACCESS.2021.3074833","In cloud computing, resource provisioning is a key challenging task due to dynamic resource provisioning for the applications. As per the workload requirements of the application's resources should be dynamically allocated for the application. Disparities in resource provisioning produce energy, cost wastages, and additionally, it affects Quality of Service (QoS) and increases Service Level Agreement (SLA) violations. So, applications allocated resources quantity should match with the applications required resources quantity. Load balancing in cloud computing can be addressed through optimal scheduling techniques, whereas this solution belongs to the NP-Complete optimization problem category. However, the cloud providers always face resource management issues for variable cloud workloads in the heterogeneous system environment. This issue has been solved by the proposed Predictive Priority-based Modified Heterogeneous Earliest Finish Time (PMHEFT) algorithm, which can estimate the application's upcoming resource demands. This research contributes towards developing the prediction-based model for efficient and dynamic resource provisioning in a heterogamous system environment to fulfill the end user's requirements. Existing algorithms fail to meet the user's Quality of Service (QoS) requirements such as makespan minimization and budget constraints satisfaction, or to incorporate cloud computing principles, i.e., elasticity and heterogeneity of computing resources. In this paper, we proposed a PMHEFT algorithm to minimize the makespan of a given workflow application by improving the load balancing across all the virtual machines. Experimental results show that our proposed algorithm's makespan, efficiency, and power consumption are better than other algorithms.  © 2013 IEEE."
50,25,5,13551,0.40625,"MVPOA: A Learning-Based Vehicle Proposal Offloading for Cloud-Edge-Vehicle Networks",2025,"10.1109/JIOT.2024.3524469","Vehicular edge computing (VEC) is an emerging computing paradigm that is rapidly advancing the development of the Internet of Vehicles (IoV). However, edge server has limited data storage capacity and computing resource, making it difficult to handle the massive offloading requests from IoV applications. Moreover, the mobility of vehicles and dynamic data traffic make it highly challenging to design optimal offloading and resource allocation strategies. To address the challenges mentioned above, we design a cloud-edge-vehicle hierarchical architecture for IoV task offloading, introducing a cloud server to assist in computation and alleviate the overload pressure on edge server. Considering the impact of vehicle mobility on task offloading, we propose a mobility detection method to predict which vehicles might leave the communication range of the base station, thereby preventing task offloading failures. Additionally, to achieve efficient task offloading and resource allocation in this complex IoV system, we propose a multiagent-reinforcement-learning-based vehicle proposal offloading algorithm (MVPOA). This algorithm enables vehicles to autonomously decide whether to process tasks locally or propose offloading to edge server. The edge server then decides whether to accept offloading requests based on task priority and sends rejected tasks to cloud server for processing, thereby maximizing the utilization of resources at each layer of the system. Simulation results demonstrate that MVPOA outperforms other baseline approaches in optimizing system delay and energy consumption.  © 2014 IEEE."
50,26,1,34256,0.288,"Short-term electricity demand forecasting using double seasonal exponential smoothing",2003,"10.1057/palgrave.jors.2601589","This paper considers univariate online electricity demand forecasting for lead times from a half-hour-ahead to a day-ahead. A time series of demand recorded at half-hourly intervals contains more than one seasonal pattern. A within-day seasonal cycle is apparent from the similarity of the demand profile from one day to the next, and a within-week seasonal cycle is evident when one compares the demand on the corresponding day of the adjacent weeks. There is strong appeal in using a forecasting method that is able to capture both seasonalities. The multiplicative seasonal ARIMA model has been adapted for this purpose. In this paper, we adapt the Holt-Winters exponential smoothing formulation so that it can accommodate two seasonalities. We correct for residual autocorrelation using a simple autoregressive model. The forecasts produced by the new double seasonal Holt-Winters method outperform those from traditional Holt-Winter and from a well-specified multiplicative double seasonal ARIMA model."
50,26,2,31212,0.254777070063694,"Forecasting intraday time series with multiple seasonal cycles using parsimonious seasonal exponential smoothing",2012,"10.1016/j.omega.2010.03.004","This paper concerns the forecasting of seasonal intraday time series that exhibit repeating intraweek and intraday cycles. A recently proposed exponential smoothing method involves smoothing a different intraday cycle for each distinct type of day of the week. Similar days are allocated identical intraday cycles. A limitation is that the method allows only whole days to be treated as identical. We introduce a new exponential smoothing formulation that allows parts of different days of the week to be treated as identical. The result is a method that involves the smoothing and initialisation of fewer terms. We evaluate forecasting up to a day ahead using two empirical studies. For electricity load data, the new method compares well with a range of alternatives. The second study involves a series of arrivals at a call centre that is open for a shorter duration at the weekends than on weekdays. Among the variety of methods considered, the new method is the only one that can model in a satisfactory way in this situation, where the number of periods on each day of the week is not the same. © 2011 Elsevier Ltd."
50,26,3,35863,0.244791666666667,"Feature averaging of historical meteorological data with machine and deep learning assist wind farm power performance analysis and forecasts",2023,"10.1007/s12667-022-00502-x","A novel feature-averaging technique of meteorological input data from recent past hours assists wind power generation forecasts from individual wind farms by capturing recent changes in conditions. Seven machine learning models and one deep learning model are configured to evaluate that data averaging technique using published 13,140 hourly data records for each of seven wind farms over an 18 months period. The datasets involve just four historically forecasted weather variables averaged in 12-hourly intervals over the previous 48 h for each hourly power record. This generates 16 time-related input variables for each hourly record. The convolutional neural network (CNN) performs best in training and testing on a supervised learning basis. However, the Adaboost (ADA) model is most accurate for semi-supervised forecasting (RMSE averages 0.177). The ADA achieves forecasting accuracy of RMSE = 0.154 on a t + 1 to t + 30 h ahead basis, outperforming on average, a seasonal autoregressive integrated moving average (SARIMA) model (RMSE = 0.183), trained with the univariate historical hourly power generated. The SARIMA model proved most accurate in forecasting t + 1 to t + 4 h ahead, whereas the ADA model provided more accurate forecasts for most of the hours in the t + 5 to t + 30 interval spread over a 12-month period. By adding additional variables the accuracy of the ADA model could potentially be further improved. Nevertheless, the results presented highlight the effectiveness of applying the proposed time-averaged feature selection technique. © 2022, The Author(s), under exclusive licence to Springer-Verlag GmbH Germany, part of Springer Nature."
50,26,4,37393,0.244186046511628,"Sensitivity analysis for forecasting Brazilian electricity demand using artificial neural networks and hybrid models based on Autoregressive Integrated Moving Average",2023,"10.1016/j.energy.2023.127365","Several studies focus on improving forecasting techniques to capture multiple patterns in time series. The evolution of computing hardware has made possible to solve complex equations with large amount of data, such as the one used in neural networks. On the other hand, time series methods such as ARIMA (Autoregressive Integrated Moving Average) could also have a good approximation with low computational resources. Nonetheless, to improve the ARIMA approximations, it could be combined with other techniques such as Wavelet Transform or Fourier Transform. Therefore, this work evaluates the appropriate utilization to make predictions for different time horizons (2, 5 and 10 years) and different time frequencies (days, months, and years) using artificial neural network, ARIMA combined with Wavelet Transform, or Fourier Transform. The results show that Artificial Neural Networks provides a better approach for short-term horizons considering either time frequency, ARIMA with Fourier Transform has the best approximation for the monthly time series and either time horizons and ARIMA with Wavelet Transform has the best approximation for medium-term and long-term periods with either time frequency. © 2023 Elsevier Ltd"
50,26,5,46112,0.242647058823529,"Time series analysis of electric energy consumption using autoregressive integrated moving average model and Holt Winters model",2021,"10.12928/TELKOMNIKA.v19i3.15303","With the increasing demand of energy, the energy production is not that much sufficient and that's why it has become an important issue to make accurate prediction of energy consumption for efficient management of energy. Hence appropriate demand side forecasting has a great economical worth. Objective of our paper is to render representations of a suitable time series forecasting model using autoregressive integrated moving average (ARIMA) and Holt Winters model for the energy consumption of Ohio/Kentucky and also predict the accuracy considering different periods (daily, weekly, monthly). We apply these two models and observe that Holt Winters model outperforms ARIMA model in each (daily, weekly and monthly observations) of the cases. We also make a comparison among few other existing analyses of time series forecasting and find out that the mean absolute percentage error (MASE) of Holt Winters model is least considering the monthly data. © 2021. All Rights Reserved."
50,27,1,22239,0.305164319248826,"A framework for generating and evaluating façade designs using a multi-agent system approach",2018,"10.1177/1478077118805874","Digital design paradigms in architecture have been rooted in representational models which are geometry centered and therefore fail to capture building complexity holistically. Due to a lack of computational design methodologies, existing digital design workflows do little in predicting design performance in the early design stage and in most cases analysis and design optimization are done after a design is fixed. This work proposes a new computational design methodology, intended for use in the area of conceptual design of building design. The proposed methodology is implemented into a multi-agent system design toolkit which facilitates the generation of design alternatives using stochastic algorithms and their evaluation using multiple environmental performance metrics. The method allows the user to probabilistically explore the solution space by modeling the design parameters’ architectural design components (i.e. façade panel) into modular programming blocks (agents) which interact in a bottom-up fashion. Different problem requirements (i.e. level of daylight inside a space, openings) described into agents’ behavior allow for the coupling of data from different engineering fields (environmental design, structural design) into the a priori formation of architectural geometry. In the presented design experiment, a façade panel is modeled into an agent-based fashion and the multi-agent system toolkit is used to generate and evolve alternative façade panel configurations based on environmental parameters (daylight, energy consumption). The designer can develop the façade panel geometry, design behaviors, and performance criteria to evaluate the design alternatives. The toolkit relies on modular and functionally specific programming modules (agents), which provide a platform for façade design exploration by combining existing three-dimensional modeling and analysis software. © The Author(s) 2018."
50,27,2,32457,0.301282051282051,"Rapid design space exploration using legacy design data and technology scaling trend",2010,"10.1016/j.vlsi.2009.11.002","Rapid and effective design space exploration at all stages of a design process enables faster design convergence and shorter time-to-market. This is particularly important during the early stage of a design where design decisions can have a significant impact on design convergence. This paper describes a methodology for design space exploration using design target prediction models. These models are driven by legacy design data, technology scaling trends and, an in situ model-fitting process. Experiments on ISCAS benchmark circuits validate the feasibility of the proposed approach and yielded power centric designs that improved power by 7-32% for a corresponding 0-9% performance impact; or performance centric designs with improved performance of 10.31-17% for a corresponding 2-3.85% power penalty. Evolutionary algorithm based Pareto analysis on an industrial 65 nm design uncovered design tradeoffs which are not obvious to designers and optimize both power and performance. The high performance design option of the industrial design improved the straight-ported design's performance by 29% with a 2.5% power penalty, whereas the low power design option reduced the straight-ported design's power consumption by 40% for a 9% performance penalty. © 2009 Elsevier B.V. All rights reserved."
50,27,3,22203,0.253521126760563,"An extensible framework for software configuration optimization on heterogeneous computing systems: Time and energy case study",2019,"10.1016/j.infsof.2018.08.003","Context: Application of component based software engineering methods to heterogeneous computing (HC) enables different software configurations to realize the same function with different non–functional properties (NFP). Finding the best software configuration with respect to multiple NFPs is a non–trivial task. Objective: We propose a Software Component Allocation Framework (SCAF) with the goal to acquire a (sub–) optimal software configuration with respect to multiple NFPs, thus providing performance prediction of a software configuration in its early design phase. We focus on the software configuration optimization for the average energy consumption and average execution time. Method: We validated SCAF through its instantiation on a real–world demonstrator and a simulation. Firstly, we verified the correctness of our model through comparing the performance prediction of six software configurations to the actual performance, obtained through extensive measurements with a confidence interval of 95%. Secondly, to demonstrate how SCAF scales up, we performed software configuration optimization on 55 generated use–cases (with solution spaces ranging from 1030 to 3070) and benchmark the results against best performing random configurations. Results: The performance of a configuration as predicted by our framework matched the configuration implemented and measured on a real–world platform. Furthermore, by applying the genetic algorithm and simulated annealing to the weight function given in SCAF, we obtain sub–optimal software configurations differing in performance at most 7% and 13% from the optimal configuration (respectfully). Conclusion: SCAF is capable of correctly describing a HC platform and reliably predict the performance of software configuration in the early design phase. Automated in the form of an Eclipse plugin, SCAF allows software architects to model architectural constraints and preferences, acting as a multi–criterion software architecture decision support system. In addition to said, we also point out several interesting research directions, to further investigate and improve our approach. © 2018"
50,27,4,22752,0.23463687150838,"A high-fidelity design methodology using LES-based simulation and POD-based emulation: A case study of swirl injectors",2018,"10.1016/j.cja.2018.07.004","Engineering design is undergoing a paradigm shift from design for performance to design for affordability, operability, and durability, seeking multi-objective optimization. To facilitate this transformation, significantly extended design freedom and knowledge must be available in the early design stages. This paper presents a high-fidelity framework for design and optimization of the liquid swirl injectors that are widely used in aerospace propulsion and power-generation systems. The framework assembles a set of techniques, including Design Of Experiment (DOE), high-fidelity Large Eddy Simulations (LES), machine learning, Proper Orthogonal Decomposition (POD)-based Kriging surrogate modeling (emulation), inverse problem optimization, and uncertainty quantification. LES-based simulations can reveal detailed spatiotemporal evolution of flow structures and flame dynamics in a high-fidelity manner, and identify important injector design parameters according to their effects on propellant mixing, flame stabilization, and thermal protection. For a given a space of design parameters, DOE determines the number of design points to perform LES-based simulations. POD-based emulations, trained by the LES database, can effectively explore the design space and deduce an optimal group of design parameters in a turn-around time that is reduced by three orders of magnitude. The accuracy of the emulated results is validated, and the uncertainty of prediction is quantified. The proposed design methodology is expected to profoundly extend the knowledge base and reduce the cost for initial design stages. © 2018 Chinese Society of Aeronautics and Astronautics"
50,27,5,29587,0.228260869565217,"On the development of multi-linear regression analysis to assess energy consumption in the early stages of building design",2014,"10.1016/j.enbuild.2014.07.096","Modeling of energy consumption in buildings is essential for different applications such as building energy management and establishing baselines. This makes building energy consumption estimation as a key tool to reduce energy consumption and emissions. Energy performance of building is complex, since it depends on several parameters related to the building characteristics, equipment and systems, weather, occupants, and sociological influences. This paper presents a new model to predict and quantify energy consumption in commercial buildings in the early stages of building design. Building simulation software including eQUEST and DOE-2 was used to build and simulate individual building configuration that were generated using Monte Carlo simulation techniques. Ten thousands simulations for seven building shapes were performed to create a comprehensive dataset covering the full ranges of design parameters. The present study considered building materials, their thickness, building shape, and occupant schedule as design variables since building energy performance is sensitive to these variables. Then, the results of the energy simulations were implemented into a set of regression equation to predict the energy consumption in each design scenario. A good agreement was seen between the predicted data based on the developed regression model and DOE simulation and the maximum error was less than 5%. It is envisioned that the developed regression models can be used to estimate the total energy consumption in the early stages of the design when different building schemes and design concepts are being considered. © 2014 Elsevier B.V."
50,28,1,11043,0.385869565217391,"A Short-Term Electricity Load Complementary Forecasting Method Based on Bi-Level Decomposition and Complexity Analysis",2025,"10.3390/math13071066","With the increasing complexity of the power system and the increasing load volatility, accurate load forecasting plays a vital role in ensuring the safety of power supply, optimizing scheduling decisions and resource allocation. However, the traditional single model has limitations in extracting the multi-frequency features of load data and processing components with varying complexity. Therefore, this paper proposes a complementary forecasting method based on bi-level decomposition and complexity analysis. In the paper, Pyraformer is used as a complementary model for the Single Channel Enhanced Periodicity Decoupling Framework (SCEPDF). Firstly, a Hodrick Prescott Filter (HP Filter) is used to decompose the electricity data, extracting the trend and periodic components. Complete Ensemble Empirical Mode Decomposition with Adaptive Noise (CEEMDAN) is used to further decompose the periodic components to obtain several IMF components. Secondly, based on the sample entropy, spectral entropy, and Lempel–Ziv complexity, a complexity evaluation index system is constructed to comprehensively analyze the complexity of each IMF component. Then, based on the comprehensive complexity of each IMF component, different components are fed into the complementary model. The predicted values of each component are combined to obtain the final result. Finally, the proposed method is tested on the quarterly electrical load dataset. The effectiveness of the proposed method is verified through comparative and ablation experiments. The experimental results show that the proposed method demonstrates excellent performance in short-term electricity load forecasting tasks. © 2025 by the authors."
50,28,2,13028,0.375,"An error-corrected deep Autoformer model via Bayesian optimization algorithm and secondary decomposition for photovoltaic power prediction",2025,"10.1016/j.apenergy.2024.124738","Accurate PV power prediction is crucial for stable grid operation and rational dispatch. However, due to the instability of PV power generation, PV power prediction still has great challenges. Therefore, an Autoformer model based on secondary decomposition, Bayesian optimization and error correction for PV power prediction. In order to reduce the complexity of the data and fully extract the features, two decomposition methods are employed. First, empirical mode decomposition (EMD) is applied to decompose the PV power series at the first level. Then, the sample entropy (SE) is introduced to measure the complexity of each component, and the variational mode decomposition (VMD) is employed to implement secondary decomposition of the component with the highest complexity. Secondly, a Bayesian optimization algorithm enhanced Autoformer model is developed for predicting each component, and the predicted component results are aggregated to obtain preliminary PV power prediction results. Finally, the preliminary prediction results are error corrected using a least squares support vector machine. A four-month PV dataset from a PV power plant in Hangzhou, China is utilized to validate the effectiveness of the proposed model. The experimental results show that the model after primary decomposition is superior to the single model, and the prediction accuracy is substantially improved after secondary decomposition. The proposed model has the best prediction performance in predicting the PV power for different seasons, which shows good robustness. © 2024 Elsevier Ltd"
50,28,3,15271,0.374149659863946,"Short-term prediction of photovoltaic power based on quadratic decomposition and residual correction",2024,"10.1016/j.epsr.2024.110968","Photovoltaic (PV) power generation is highly nonlinear and stochastic, and accurate prediction of PV power plays a crucial role in PV grid connection and power plant operation and scheduling. A short-term PV power combination prediction model based on quadratic decomposition and residual correction is proposed to improve the prediction accuracy of PV power. The quadratic decomposition method used in this case involves the Improved Complete Ensemble Empirical Mode Decomposition with Adaptive Noise (ICEEMDAN), Sample Entropy (SE), and Variational Mode Decomposition (VMD) techniques. These techniques are applied to the PV power data to obtain smoother intrinsic modal function components. Residual correction is a process that involves predicting the sequence of residuals generated from the initial prediction results and using them to correct the initial predictions to obtain the final expected values. The experiments were conducted with the measured data from the DKA (Desert Knowledge Australia) Solar center in Australia, and the results show that the proposed combined model is better than the other models in predicting the results and effectively improves the accuracy of the short-term PV power prediction. © 2024"
50,28,4,17212,0.363636363636364,"A novel hybrid model based on modal decomposition and error correction for building energy consumption prediction",2024,"10.1016/j.energy.2024.130811","Accurate energy consumption prediction is pivotal in supporting efficient grid scheduling and enhancing renewable energy penetration. This paper proposes a novel hybrid prediction model called CEEMDAN-SE-EC-BiLSTM. The proposed model utilizes Complete Ensemble Empirical Mode Decomposition with Adaptive Noise (CEEMDAN) to decompose the original energy consumption data into Intrinsic Mode Functions (IMFs). Afterwards, Sample Entropy (SE) is employed to evaluate the complexity of the IMFs. The complexed IMFs are then transformed into simpler IMFs using a second decomposition. All IMFs are predicted using Bidirectional Long Short-Term Memory (BiLSTM) to attain the initial predicted sequence. To further refine the prediction, an Error Correction (EC) technique is introduced. This involves subtracting the initial predicted sequence from the original sequence to obtain the error sequence, which is then decomposed using CEEMDAN. Subsequently, the decomposed error sequence is predicted using BiLSTM to generate the error prediction sequence. Finally, the predicted results and the error prediction are combined to obtain the final energy forecast sequence. To verify the superior performance of the proposed method, the model is tested on five selected buildings and benchmarked against seven prediction models. The experimental results indicate that the proposed hybrid prediction model achieves the highest accuracy in building energy prediction. © 2024 Elsevier Ltd"
50,28,5,5476,0.360759493670886,"Multi-task Prediction of Two-stage Optical Storage Microgrids Based on Mode Decomposition and Reconstruction; [基于模态分解与重构的两阶段光储微网多任务短期预测*]",2026,"10.11985/JEE.260079","Photovoltaic and power consumption load forecasting is an important part of the dispatching of photovoltaic storage microgrids. In order to improve the precision of short-term joint prediction, a two-stage multi-task short-term prediction model based on modal decomposition and reconstruction is proposed. Firstly, in the first stage, the complementary ensemble empirical mode decomposition (CEEMDAN) algorithm is utilized to perform multi-scale decomposition on the original photovoltaic and power consumption load sequences, obtaining multiple modal components. Secondly, the sample entropy (SE) reconstruction algorithm is used to measure and rank the complexity of each component. The components are grouped and reconstructed according to the sample entropy to reduce the sequence complexity. Finally, in the second stage, the FTCN-MOSE multi-task combination model based on the soft sharing mechanism is used to jointly predict each reconstructed component, fully explore the potential correlation characteristics between photovoltaic and load, and superimpose the prediction results to obtain the final photovoltaic power generation power and power consumption load power. Compared with the traditional model, the results show that the proposed model takes less time and has higher prediction accuracy. © 2026, Editorial Office of Journal of Electrical Engineering. All rights reserved."
50,29,1,45735,0.292857142857143,"Microeconomic models of electricity storage: Price Forecasting, arbitrage limits, curtailment insurance, and transmission line utilization",2021,"10.1016/j.eneco.2021.105390","This paper develops microeconomic models of electricity storage. The full economic potential of price arbitrage with nodal storage hinges not only on battery characteristics (energy-to-power ratio) but crucially also on the quality of price forecasting. Economic theory can also quantify the intrinsic profitability limitations as increased storage deployment smoothes price variations. The profitability of supply-side storage for intermittent power producers depends on the exposure to curtailment risk and thus the empirical distribution of negative price episodes. Demand-side storage can be economical when improved utilization of existing power lines avoids expanding them, and this trade-off potential is captured in a theoretical model. Economic magnitudes are explored with zonal prices from Ontario, which has some of the most volatile electricity prices in North America. Wider use of locational marginal prices in wholesale electricity markets will incentivize efficient deployment of electricity storage and also induce intermittent power producers to internalize curtailment risk appropriately. © 2021 Elsevier B.V."
50,29,2,22729,0.291666666666667,"Energy-cost-aware flow shop scheduling considering intermittent renewables, energy storage, and real-time electricity pricing",2018,"10.1002/er.4130","The industrial sector is one of the major energy consumers that contribute to global climate change. Demand response programs and on-site renewable energy provide great opportunities for the industrial sector to both go green and lower production costs. In this paper, a 2-stage stochastic flow shop scheduling problem is proposed to minimize the total electricity purchase cost. The energy demand of the designed manufacturing system is met by on-site renewables, energy storage, as well as the supply from the power grid. The volatile price, such as day-ahead and real-time pricing, applies to the portion supplied by the power grid. The first stage of the formulated model determines optimal job schedules and minimizes day-ahead purchase commitment cost that considers forecasted renewable generation. The volatility of the real-time electricity price and the variability of renewable generation are considered in the second stage of the model to compensate for errors of the forecasted renewable supply; the model will also minimize the total cost of real-time electricity supplied by the real-time pricing market and maximize the total profit of renewable fed into the grid. Case study results show that cost savings because of on-site renewables are significant. Seasonal cost saving differences are also observed. The cost saving in summer is higher than that in winter with solar and wind supply in the system. Although the battery system also contributes to the cost saving, its effect is not as significant as the renewables. © 2018 John Wiley & Sons, Ltd."
50,29,3,42652,0.291338582677165,"Electricity storage and market power",2022,"10.1016/j.enpol.2022.112872","Electricity storage is likely to be an important factor in balancing fluctuations in renewable generators' output, but concentrated ownership could lead to market power. We model this for short-term (daily) storage in the British electricity wholesale market, with generating companies acting as either price-takers or Cournot competitors. We discuss how competitive storage charging and discharging behaviour depends on the balance between the market price and shadow price of stored electricity. Electricity storage raises welfare, consumer surplus and renewable generators’ revenues, while reducing revenues for conventional generators. Market power in storage slightly reduces the welfare gains; Cournot behaviour by generators reduces welfare but has relatively little impact on the incremental effect of storage. Market power in electricity storage is undesirable, but market power in generation is much worse. The interactions between market power in generation and in storage are complex, suggesting that predictions from one market may not apply elsewhere and context-specific modelling will be valuable. © 2022 Elsevier Ltd"
50,29,4,19700,0.29064039408867,"Econometric modeling of carbon price impacts on the bidding mechanism between different energy sources in the electricity market",2024,"10.2478/amns-2024-3127","Virtual power plants (VPPs) can aggregate different energy sources into a whole to participate in the electricity market and carbon trading market, and as the scale of VPPs continues to expand, they will also be transformed from the original price takers to price makers. The paper considers VPP as a price setter and suggests a two-tier bidding strategy for the VPP day-ahead electricity market that incorporates the impact of the carbon price. Among them, the upper-layer model aims to maximize the expected revenue of VPP, while the lower-layer model aims to minimize the system clearing cost. The dynamic carbon emission factor is used in the strategy to create a market incentive factor that corrects the offer price of each unit before clearing it again. Finally, the optimal bidding strategy, as well as the operation plan of the VPP, are given through an arithmetic example, and the impact of the uncertainty in the wind farm output forecast in the VPP on the expected return of the VPP is analyzed. The impact of carbon prices on power prices, output, and rates of energy demand change are further explored to provide a basis for the compensation mechanism for ecological protection of carbon values. The arithmetic example shows that VPP can influence the market price through strategic bidding decisions, and after considering the carbon price, the power market clearing price is 4.46 yuan/MWh, and the maximum gain is obtained as 225.54. The consumption rate of new energy units such as WT and PV is increased, the carbon emissions are reduced, and the total gain of VPP is increased. The increase in carbon prices and the offer of traditional generators increase the amount of electricity cleared by renewable energy units, while the increase in carbon quota ratio and the offer of new energy generators increase the average clearing price. © 2024 Anqi He., published by Sciendo."
50,29,5,11547,0.285067873303167,"An hourly-resolution capacity sharing market for generation-side clustered renewable-storage plants",2025,"10.1016/j.apenergy.2024.124964","With the increasing penetration of renewable energy on the generation side, their volatility greatly challenges power balancing in the power grids. Deploying energy storage in wind farms, solar stations, and collection stations allow renewable plants to sell energy guided by the electricity price signal and increase their market revenues. This paper considers a representative scenario on the generation side. Wind farms and solar stations managed by different entities sell energy to a market through a collection station, aiming to maximize individual profits. Each renewable plant is equipped with a local battery in order to store energy and wait for a higher price. They can also rent some capacity from a shared energy storage unit at the collection station for better profitability. This paper designs a day-ahead hourly-resolution capacity rental market for the shared energy storage in the collection station and proposes an online operation policy for individual renewable plants. In the day-ahead market, renewable plants bid their needs of storage capacity in each time period based on the rental price and a batch of renewable power scenarios in the next day, and then the market is cleared at the Stackelberg equilibrium where the shared storage acts as the leader. Given the capacity obtained from the day-ahead market, each renewable plant obtains reference storage level trajectories in the pre-specified scenarios as experiences. In the real-time stage, the dispatch of local and shared storage units is determined from the conditional expectation of experiences, where the conditional distribution is generated by kernel regression using dynamic time warping as the distance measure. This proposed method does not rely on renewable power forecasts and is easy to implement. Numerical results validate the economy of the proposed method. Compared to the autarky mode, the profit of a renewable plant is increased by 40.6% on average. Compared to the ideal optimum, the optimality gap of the proposed method is 1.4% on average. © 2024 Elsevier Ltd"
50,30,1,11626,0.226744186046512,"Transformer-based probabilistic demand forecasting with adaptive online learning",2025,"10.1016/j.epsr.2024.111255","Demand forecasting is crucial for the operation and planning of the energy and power industry. Accurate demand forecasting can assist decision-makers in reducing operational or planning costs while optimizing supply chains and resource utilization. Due to various uncertainties and dynamically changing environments, traditional offline deterministic forecasting methods may face difficulty in forecasting demands accurately and be unable to effectively quantify the uncertainties in forecasts. To adapt to dynamic environmental changes, several online learning methods have been proposed, which require large computational resources. To overcome this limitation, this paper proposes a Transformer-based probabilistic demand forecasting with an adaptive online learning algorithm. More specifically, we design a probabilistic decoder for the Transformer to quantify forecast uncertainty. Furthermore, an adaptive online learning algorithm is employed to selectively update parameters based on an adaptive update strategy, reducing computational burden while allowing for timely adaptation to dynamic environmental changes. The performance of the proposed method is evaluated on multiple benchmark datasets and real electricity demand data from fused magnesium furnace (FMF). The results show that the proposed method exhibits superior accuracy in both deterministic and probabilistic forecasting scenarios. Finally, through ablation experiments, the effectiveness of the proposed adaptive online probabilistic forecasting algorithm is validated. © 2024 Elsevier B.V."
50,30,2,2727,0.209302325581395,"Intelligent Energy Management Strategy for PHEV with Adaptive Rule-Parameter Updating",2026,"10.3390/wevj17060303","To address the poor adaptability to diverse driving cycles and the imbalance between optimization performance and computational efficiency in existing energy management strategies (EMSs) for plug-in hybrid electric vehicles (PHEVs), this paper proposes a lightweight intelligent EMS (IEMS) with adaptive rule-parameter updating. The key contributions lie in constructing an optimized rule library using parameter optimization, and developing an online adaptive updating mechanism for rule parameters combined with driving cycle prediction, realizing dynamic self-adjustment of energy management rules. The results show that compared with the rule-based EMS (RBEMS), the strategy reduces energy consumption by 9.09%, 10.85% and 9.25% under NEDC, WLTC and real-world test cycles, respectively, with drastically lower computation times than dynamic programming (DP). The proposed IEMS can effectively balance fuel economy, driving cycle adaptability and computational efficiency. © 2026 by the authors."
50,30,3,43431,0.206030150753769,"The interactive dispatch strategy for thermostatically controlled loads based on the source–load collaborative evolution",2022,"10.1016/j.apenergy.2021.118395","With the urbanization and the decarbonization of the heating sector, thermostatically controlled loads (TCLs) with a rising energy consumption proportion, have become important demand response (DR) resources, which can provide considerable regulation flexibility for transition to renewable energy. Depending on the measurement or the forecast, TCLs dispatch methods established from the static perspective, failed to sufficiently consider the impact of DR chain reactions and the varying characteristics of TCLs response flexibility, which lead to the deterioration of the reliability and the availability of its dispatch potential. To address these issues, this paper proposes an interactive dispatch strategy based on the source–load collaborative evolution. Firstly, in light of system dynamics, a response evolution dynamic model is established by dividing of TCLs response process into multiple subsystems, which constitutes a comprehensive picture of TCLs response dynamics. Secondly, TCLs response flexibility is evaluated from the current and the evolution perspectives, which can enhance the reliability and stability of TCLs response by considering the potential response flexibility variations caused by the chain reaction of responses. Thirdly, an interactive dispatch strategy is devised by synthesizing of the source–load collaborative evolution dynamics from the dimensions of the elaborate state and the equivalent energy, which not only improves the dispatch performance, but also reduces the computational complexity. Based on the established strategy, TCLs response flexibility can be guided explicitly and quantitatively, like the energy storage in the dispatch, which improves the controllability and feasibility of TCLs response in DR service. Finally, the validity of the proposed strategy is verified via the comparison of it with the methods based on the static response mode. © 2022 Elsevier Ltd"
50,30,4,13292,0.2,"Data-Knowledge-Driven Multiobjective Adaptive Optimal Control for Wastewater Treatment Processes under Multiple Operating Conditions",2025,"10.1109/TCYB.2025.3531514","Wastewater treatment processes (WWTPs) are operated under multiple operating conditions. Designing an appropriate optimal control strategy based on the identification of operating conditions is crucial for ensuring the safe operation of WWTPs. To effectively deal with the problem of multiple operating conditions in WWTPs, a data-knowledge-driven multiobjective adaptive optimal control (DK-MAOC) strategy is proposed. First, a fuzzy neural network (FNN) is employed as the prediction model to obtain the concentrations of nitrate and total nitrogen. Then, the operating conditions of WWTPs can be determined. Second, an adaptive objective function (AOF) is proposed to dynamically adjust the weights of operating indices to meet the operational requirements of each operating condition. In particular, the AOF integrates operating requirements and tracking errors to simultaneously consider the feasibility of the controller when solving setpoints. Third, due to the differences in data distribution under each operating condition, real-time data during condition changing is insufficient to accurately predict. A data-knowledge-driven model, incorporating operational knowledge into the FNN-based predictive model, is established to predict the future dynamics of WWTPs. Finally, a collaborative gradient descent algorithm is proposed to simultaneously solve for setpoints and control laws. The effectiveness of the proposed DK-MAOC is tested on the Benchmark Simulation Model No. 1. The experimental results indicate that DK-MAOC can effectively avoid the situation of effluent nitrate nitrogen and total nitrogen exceeding the standards while reducing energy consumption of WWTPs. Therefore, the proposed DK-MAOC can guarantee optimal operation of WWTPs. © 2025 IEEE."
50,30,5,46903,0.188524590163934,"Research on energy management strategy of fuel cell power generation system based on Grey–Markov chain power prediction",2021,"10.1016/j.egyr.2021.01.063","Fuel cell power generation system is a potential renewable power source. To reduce hydrogen consumption and enhance the dynamic performance of the system, Grey–Markov chain power prediction energy management strategy for fuel cell power generation systems was proposed. Firstly, topology of the system is proposed, and mathematical model was established through mechanism analysis. Secondly, framework of power prediction of the system was presented, and Grey–Markov chain model was proposed to predict load power of the fuel cell power system, based on which energy management of the system was implemented. Finally, the proposed energy management strategy was compared with rule-based strategy by experiment. The results show that the proposed power prediction energy management strategy can accurately predict the load power in advance and reduce hydrogen consumption in the fuel cell power generation system. © 2021 The Author(s)"
50,31,1,47352,0.342281879194631,"A variable-order fractional discrete grey model and its application",2021,"10.3233/JIFS-210871","Fractional order grey model is effective in describing the uncertainty of the system. In this paper, we propose a novel variable-order fractional discrete grey model (short for VOFDGM(1,1)) by combining the discrete grey model and variable-order fractional accumulation, which is a more general form of the DGM(1,1). The detailed modeling procedure of the presented model is first systematically studied, in particular, matrix perturbation theory is used to prove the validity in terms of the stability of the model, and then, the model parameters are optimized by the whale optimization algorithm. The accuracy of the proposed model is verified by comparing it with classical models on six data sequences with different forms. Finally, the model is applied to predict the electricity consumption of Beijing and Liaoning Province of China, and the results show that the model has a better prediction performance compared with the other four commonly-used grey models. To the best of our knowledge, this is the first time that the variable-order fractional accumulation is introduced into the discrete grey model, which greatly increases the prediction accuracy of the DGM(1,1) and extends the application range of grey models.  © 2021 - IOS Press. All rights reserved."
50,31,2,43727,0.324607329842932,"The application of an optimized fractional order accumulated grey model with variable parameters in the total energy consumption of Jiangsu Province and the consumption level of Chinese residents",2022,"10.3934/era.2022042","Fractional order imply the idea of “in between”, the grey model generated by fractional accumulation has better prediction and adaptability than that generated by first-order accumulation. General grey model of the differential equation of the left is a cumulative function derivative of time, in order to improve the adaptability of the model and prediction ability, general fractional order differential equation model is presented. In this paper, on the basis of the derivation of time t extensions to the derivation of tu, added a variable coefficient, and through the integral differential equation and tectonic background value. We establish an optimized fractional order cumulative grey model with variable parameters, i.e., optimized fractional order accumulated grey model (FOGM (1,1)). By using the Particle swarm optimization (PSO) algorithm, we search for the order and variable parameters of the optimal fractional order. Then we apply the proposed model to predict the total energy consumption of Jiangsu province and the consumption level of Chinese residents. The results indicate that the proposed model has high fitting and prediction accuracy compared to other classical grey prediction models, such as grey model (GM (1,1)), nonhomogeneous grey model (NGM (1,1)) and fractional order accumulated grey model (FGM (1,1)). It also validates that the proposed model is a practical and promising model for forecasting the energy consumption as well as the consumption level of Chinese residents © 2022 the Author(s), licensee AIMS Press. This is an open access article distributed under the terms of the Creative Commons Attribution License (http://creativecommons.org/licenses/by/4.0)"
50,31,3,20826,0.27027027027027,"A novel fractional time delayed grey model with Grey Wolf Optimizer and its applications in forecasting the natural gas and coal consumption in Chongqing China",2019,"10.1016/j.energy.2019.04.096","Introduction of the fractional order accumulation has made significant contributions to the development of forecasting methods, and fractional grey models play a key role in such new methods. However, the fractional grey models may also be inaccurate in some cases as they do not consider the time delayed effect. To further improve the applicability of the existing fractional grey models, a novel fractional grey model called the fractional time delayed grey model is proposed in this paper. The essence of the fractional time delayed term is discussed, revealing that the fractional time delayed term is essentially a function between the polynomial functions with integer order, which can be more flexible to improve the modelling accuracy. The cutting-edge Grey Wolf Optimizer is introduced to find the optimal value of fractional order. Detailed modelling procedures, including the computational steps and the intelligent optimization algorithm, have been clearly presented. Four real world case studies are used to validate the effectiveness of the proposed model, in comparison with 8 existing grey models. Finally the proposed model is applied to forecast the coal and natural gas consumption of Chongqing China, the results show that the proposed model significantly outperforms the other 8 existing grey models. © 2019 Elsevier Ltd"
50,31,4,45212,0.26797385620915,"Application of a novel grey Bernoulli model to predict the global consumption of renewable energy",2021,"10.1016/j.egyr.2021.10.070","Accurate prediction of renewable energy can provide an important basis for national energy security and the government to formulate policies. Therefore, according to the non-linearity of energy prediction system, this paper proposes a new nonlinear grey Bernoulli optimization model by the grey Bernoulli extended model, which is a nonlinear grey prediction model, and studies the properties of the new model. The order and nonlinear coefficient of the new model are optimized by Particle Swarm Optimization. Then, through the consumption of global renewable energy, such as solar, wind and hydropower as empirical analyses, the results of the four evaluation indicators show that the new model works better than the original model, which has higher prediction accuracy than before and makes the prediction model more applicable. At the same time, the model results were compared with the weighted grey model, Verhulst and the discrete grey model, and the new model has the highest accuracy. Finally, the new model is used to forecast the global consumption of wind, solar and hydropower energy in 2019–2023. The results will provide important forecasting information for global energy conservation and emission reduction policies. © 2021 The Authors"
50,31,5,17629,0.261538461538462,"Application of a novel quadratic polynomial discrete grey model to forecast energy consumption of China",2024,"10.24200/sci.2023.53774.3405","The discrete grey modelling technique is a novel methodology of grey prediction models, which is effective to improve the effectiveness and applicability of grey models. In order to build a more general and effective univariate grey prediction model, the discrete grey modelling technique is utilised in this paper to build a Quadratic Polynomial Discrete Grey Model (QPDGM). The properties of the QPDGM have been discussed, which indicate that the new model can be regarded as an extension of the conventional discrete grey model and nonhomogeneous grey model, and it is also coincidence with three classes of exponential sequences. The QPDGM is finally applied to predict the energy consumption of China, including the electric power, crude oil and natural gas consumptions. The results have been compared to some commonly used univariate grey prediction models, which indicates the QPDGM is generally more accurate than other models.  © 2024 Sharif University of Technology."
50,32,1,28146,0.391891891891892,"Verification of computational optimum tilt angles of a photovoltaic module using an experimental photovoltaic system",2015,"10.1002/ep.12066","Determination of the optimum tilt angles of a photovoltaic module is of great importance because the power of photovoltaic module is highly dependent on the incident solar radiation. The purpose of this research was to verify the computational optimum tilt angles of a PV module by conducting an experimental research in Kerman-Iran. For achieving this, first, the optimum tilt angles were found using a computational model which predicts the module output energy at different tilt angles. Second, monthly, seasonal, biannual, and annual optimum tilt angles of a photovoltaic module were measured. The experimental optimum tilt angles were obtained based on 1 year measured data of the output energies of photovoltaic modules. The experiments were carried out by measuring the output electrical power of six photovoltaic modules which were inclined toward the south at different tilt angles throughout the year. The experimental optimum tilt angles were then determined based on the maximum output energy of the PV modules. Finally, the computational optimum tilt angle and the experimental optimum tilt angle were compared with each other. The results showed differences between the calculated and the measured optimum tilt angles of a PV module in the region under investigation. It was revealed that the measured annual optimum tilt angle is higher than the calculated annual optimum tilt angle. This difference was due to lack of the environmental parameter influences such as dust deposition on the PV front surface in the computational model. This study clearly showed that fixing the photovoltaic module based on the calculated annual optimum tilt angles decreases 3% the electrical output energy of photovoltaic module throughout the year compared with that fixed at the experimental optimum tilt angle. © 2014 American Institute of Chemical Engineers Environ Prog."
50,32,2,31960,0.325153374233129,"Tracking benefits for solar collectors installed in Bangalore",2011,"10.1063/1.3558863","The amount of energy that can be extracted from the solar radiation by solar collectors or photovoltaic systems depends mainly on the installation angle of the collector (tilt angle) and the tracking method used to follow the Sun. In this paper, the optimum tilt angle for Bangalore (12°58′) has been calculated under various tracking conditions. For a fixed tilt angle collector facing south, the optimum tilt angle is estimated to be between 15° and 17° and is not very sensitive to radiation data type. Fixed tilt angle collectors and collectors tilted on a monthly basis produced only marginal benefit (<5% and <10%, respectively) compared to horizontal orientation. However, for continuously tracked systems, benefits are as high as 35%. At least three sets of solar radiation data are available for Bangalore from different sources. It has been shown that they have considerable differences in their direct and diffuse content. All these data have been used to quantify tracking benefits to understand their sensitivity. Limited amount of available in-house data indicates higher diffuse fraction in solar radiation than predicted by historic data and satellite models. Hence, the benefits due to tilting are reduced. © 2011 American Institute of Physics."
50,32,3,32070,0.318352059925094,"Increasing the solar photovoltaic energy capture on sunny and cloudy days",2011,"10.1016/j.solener.2010.10.015","This report analyzes an extensive set of measurements of the solar irradiance made using four identical solar arrays and associated solar sensors (collectively referred to as solar collectors) with different tilt angles relative to the earth's surface, and thus the position of the sun, in order to determine an optimal tracking algorithm for capturing solar radiation. The study included a variety of ambient conditions including different seasons and both cloudy and cloud-free conditions. One set of solar collectors was always approximately pointed directly toward the sun (DTS) for a period around solar noon. These solar collectors thus captured the direct beam component of the solar radiation that predominates on sunny days. We found that on sunny days, solar collectors with a DTS configuration captured more solar energy in accordance with the well-known cosine dependence for the response of a flat-surfaced solar collector to the angle of incidence with direct beam radiation. In particular, a DTS orientation was found to capture up to twice as much solar energy as a horizontal (H) orientation in which the array is tilted toward the zenith. Another set of solar collectors always had an H orientation, and this best captured the diffuse component of the solar radiation that predominates on cloudy days. The dependence of the H/DTS ratio on the solar-collector tilt angle was in approximate agreement with the Isotropic Diffuse Model derived for heavily overcast conditions. During cloudy periods, we found that an H configuration increased the solar energy capture by nearly 40% compared to a DTS configuration during the same period, and we estimate the solar energy increase of an H configuration over a system that tracks the obscured solar disk could reach 50% over a whole heavily-overcast day. On an annual basis the increase is predicted to be much less, typically only about 1%, because the contribution of cloudy days to the total annual solar energy captured by a photovoltaic system is small. These results are consistent with the solar tracking algorithm optimized for cloudy conditions that we proposed in an earlier report and that was based on a much smaller data set. Improving the harvesting of solar energy on cloudy days deserves wider attention due to increasing efforts to utilize renewable solar energy. In particular, increasing the output of distributed solar power systems on cloudy days is important to developing solar-powered home fueling and charging systems for hydrogen-powered fuel-cell electric and battery-powered vehicles, respectively, because it reduces the system size and cost for solar power systems that are designed to have sufficient energy output on the worst (cloudy) days. © 2010 Elsevier Ltd."
50,32,4,34232,0.315789473684211,"Performance evaluation of photovoltaic modules at different tilt angles and orientations",2004,"10.1016/j.enconman.2003.11.013","In the present study, the performance of mono-crystalline silicon type PV modules has been investigated theoretically at different tilt angles and orientations. The annual performance was predicted using a Fortran computer subprogram constructed based on the analysis and connected to the TRNSYS simulation program. The subprogram was experimentally verified at different meteorological conditions and design parameters in a previous study by the authors based on the meteorological conditions of Cairo (Egypt). It is found that the optimum value of yearly maximum output energy (i.e. the yearly output energy at the maximum power point) can be obtained from PV modules oriented facing south with a tilt angle in the range of 20-30°. Besides, the yearly maximum output energy of the PV modules mounted at different tilt angles and orientations is obtained as a fraction of its optimum value at the optimum tilt angle and orientation. © 2003 Elsevier Ltd. All rights reserved."
50,32,5,33011,0.315436241610738,"Output energy of a photovoltaic module mounted on a single-axis tracking system",2009,"10.1016/j.apenergy.2009.02.006","In this study, the electric energy from a photovoltaic module was calculated theoretically at different azimuths and tilt angles in Taiwan. The gain of the module mounted on a single-axis tracking panel relative to a traditional fixed panel was analyzed. To simulate different operation environments, both types of radiation will be considered in addition to observed radiation, i.e. the extraterrestrial radiation and the global radiation predicted by an empirical model. The results show that the optimal tilt angle obtained from the observed data is flatter than those from other two radiation types and becomes flatter while the panel deviates from due south. The yearly gains obtained from the extraterrestrial, predicted and observed radiations are 51.4%, 28.5% and 18.7%, respectively, if a single-axis tracked panel is installed with the yearly optimal tilt angle; the similar gains are 45.3%, 25.9% and 17.5%, respectively, while the panel is adjusted to its monthly optimal angle each month. The amount of yearly energy in due west (or east) is less than its maximum in due south by about 11%, 10% and 5% for the extraterrestrial, predicted and observed radiation respectively. The yearly conversion efficiency of a fixed module is 10.2%, 9.2% and 8.3% for the extraterrestrial, predicted and observed radiation, respectively. © 2009 Elsevier Ltd. All rights reserved."
50,33,1,23049,0.313513513513514,"Inspired grey wolf optimizer for solving large-scale function optimization problems",2018,"10.1016/j.apm.2018.03.005","Grey wolf optimizer algorithm was recently presented as a new heuristic search algorithm with satisfactory results in real-valued and binary encoded optimization problems that are categorized in swarm intelligence optimization techniques. This algorithm is more effective than some conventional population-based algorithms, such as particle swarm optimization, differential evolution and gravitational search algorithm. Some grey wolf optimizer variants were developed by researchers to improve the performance of the basic grey wolf optimizer algorithm. Inspired by particle swarm optimization algorithm, this study investigates the performance of a new algorithm called Inspired grey wolf optimizer which extends the original grey wolf optimizer by adding two features, namely, a nonlinear adjustment strategy of the control parameter, and a modified position-updating equation based on the personal historical best position and the global best position. Experiments are performed on four classical high-dimensional benchmark functions, four test functions proposed in the IEEE Congress on Evolutionary Computation 2005 special session, three well-known engineering design problems, and one real-world problem. The results show that the proposed algorithm can find more accurate solutions and has higher convergence rate and less number of fitness function evaluations than the other compared techniques. © 2018 Elsevier Inc."
50,33,2,15581,0.293785310734463,"Decomposition based multi-objective evolutionary algorithm for energy-saving design of homestay buildings",2024,"10.61435/ijred.2024.60308","To improve the prediction accuracy of energy-saving design for homestay buildings, a multi-objective optimization model is studied. A model of multi-objective optimization algorithm for energy efficiency design of home stay buildings based on decomposition multi-objective evolutionary algorithm is proposed. Decomposition based multi-objective evolutionary algorithm is selected. To select the preliminary algorithm for achieving energy-saving design of homestay buildings, it divides the objectives into algorithm determination and model construction and uses multi-objective optimization algorithms to solve the proposed optimization model. The validation results show that the minimum discomfort time calculated using the non-dominated sorting genetic algorithm is 555.30 and the energy consumption is 7.68, while the minimum discomfort time calculated using the non-dominated sorting genetic algorithm method is 896 and the energy consumption is 8.92. With alternative model, the speed of multi-objective Evolutionary algorithm is the fastest, reaching 6105.44 seconds, which is 68.80% lower than the proposed method. With the help of substitutes, the computational speed of the multi-objective particle swarm optimization algorithm has been greatly improved. Its computational speed has reached 1217.231 seconds, while the fastest multi-objective particle swarm optimization algorithm among the four comparison methods is only 3868.591 seconds. Although the individual improvement is not significant, the overall optimization is still considerable and has strategic foresight in the decision-making plan of decision-makers. © 2024.The Author(s)."
50,33,3,36326,0.26865671641791,"Implementation of Chaotic Reverse Slime Mould Algorithm Based on the Dandelion Optimizer",2023,"10.3390/biomimetics8060482","This paper presents a hybrid algorithm based on the slime mould algorithm (SMA) and the mixed dandelion optimizer. The hybrid algorithm improves the convergence speed and prevents the algorithm from falling into the local optimal. (1) The Bernoulli chaotic mapping is added in the initialization phase to enrich the population diversity. (2) The Brownian motion and Lévy flight strategy are added to further enhance the global search ability and local exploitation performance of the slime mould. (3) The specular reflection learning is added in the late iteration to improve the population search ability and avoid falling into local optimality. The experimental results show that the convergence speed and precision of the improved algorithm are improved in the standard test functions. At last, this paper optimizes the parameters of the Extreme Learning Machine (ELM) model with the improved method and applies it to the power load forecasting problem. The effectiveness of the improved method in solving practical engineering problems is further verified. © 2023 by the authors."
50,33,4,4670,0.263736263736264,"Transformer-accelerated multi-objective high-dimensional multi-fractional-order optimization algorithm for proportional-integral controller parameters tuning of doubly-fed induction generators",2026,"10.1016/j.swevo.2026.102325","To address the slow tuning of proportional-integral (PI) controller parameters for doubly-fed induction generators (DFIGs) using current multi-objective optimization algorithms (MOOAs), the present study proposes a Transformer-accelerated multi-objective high-dimensional multi-fractional-order optimization algorithm (Transformer-MOHDMFOO). The Transformer-MOHDMFOO incorporates Transformer-based acceleration into the iterative process by replacing part of the iterations with the predictive capabilities of the Transformer, thereby significantly reducing computational time. Simulation experiments are conducted on the Transformer-MOHDMFOO under three operating conditions: step wind speed, sinusoidal wind speed, and power grid voltage sag. Meanwhile, the Transformer-MOHDMFOO is compared with four multi-objective optimization algorithms: the multi-objective high-dimensional multi-fractional-order optimization (MOHDMFOO), the multi-objective gray wolf optimizer (MOGWO), the multi-objective particle swarm optimizer (MOPSO), and the multi-objective grasshopper optimization algorithm (MOGOA). The experimental results validate the feasibility and reliability of the PI parameters tuned by the Transformer-MOHDMFOO. The Transformer-MOHDMFOO consumes 75% less time than the MOHDMFOO and 36% less time than the MOGWO, MOPSO, and MOGOA. The Transformer-MOHDMFOO algorithm dominates the four comparison algorithms on the Pareto frontier. In terms of reactive power error, the objective function values of the solution set obtained by Transformer-MOHDMFOO are six orders of magnitude smaller than those of the comparison algorithms. The Pareto solution set obtained by the Transformer-MOHDMFOO performs best overall in terms of the hypervolume (HV) index, spread index, and R2 indicator. The PI parameters obtained by the Transformer-MOHDMFOO can maintain the efficient and stable operation of the doubly-fed induction generator-wind turbine system (DFIG-WTS). The Transformer-MOHDMFOO promotes the power generation efficiency of DFIGs. © 2026 Elsevier B.V."
50,33,5,33210,0.259259259259259,"Parameter optimization of nonlinear grey Bernoulli model using particle swarm optimization",2009,"10.1016/j.amc.2008.10.045","Nonlinear grey Bernoulli model (NGBM) is a novel grey forecasting model which is a simple modification of GM(1, 1) together with Bernoulli differential equation. This paper presents a new parameter optimization scheme of NGBM using the particle swarm optimization (PSO) algorithm. The power index of Bernoulli differential equation and production coefficient of the background value are considered as decision variables and the forecasting error is taken as the optimization objective. Parameter optimization of NGBM is formulated as the combinatorial optimization problem and would be solved collectively using PSO technique. Once the PSO finds the optimal parameters of NGBM, the model can be optimized. NGBM with this parameter optimization algorithm is then applied in long-term power load forecasting. Results show that NGBM has remarkably improved the forecasting accuracy and PSO is an effective global optimization algorithm suitable for the parameter optimization of NGBM. © 2008 Elsevier Inc. All rights reserved."
50,34,1,47776,0.420849420849421,"Analysis of senegal type vertical axis wind turbines arrangement in wind farm",2021,"10.2174/1872212113666191008121038","Background: In a wind farm, the wind speed of the downstream wind turbine will be lower than the wind speed of the upstream wind turbine due to the influence of the wake. Therefore, the wake of wind turbines is one of the uncertain factors predicting the annual power generation of the wind farms. The study on the wake can effectively improve the efficiency of power generation. The arrangement of vertical axis wind turbines in wind farms is rarely studied. Therefore, it is im-portant to study the vertical layout of wind turbines under the influence of wakes to obtain the best layout and unit spacing. Objective: The objective of this study is to obtain the optimal layout and unit distance of wind turbines in Senegal wind farms by studying the arrangement of Senegal vertical axis wind turbines in wind farms. Methods: Based on the ANSYS CFX flow field calculation module, the fluid dynamics model of the Senegal fan was established and the flow field simulation analysis was carried out. Based on the Jensen wake model and its improved model, three layout methods for the wind farm wind turbines were proposed: two units were arranged in series, two units were arranged in parallel, and three units were staggered. Through the simulation model, the wind energy utilization coefficient and wind speed of the wind turbine in the wind farm were obtained. Results: The optimal separation distance between the units was analyzed from four different an-gles: wind energy utilization coefficient, torque analysis, downstream tail flow and wind speed cloud contour. Finally, based on the optimal arrangement and unit distance, a triangular staggered wind farm composed of 10 units was established, and the integrated flow field characteristics of the whole wind farm were simulated and analyzed. The integrated flow field wake characteristics of the wind farm were obtained. Conclusion: In all the three arrangements, the optimum distance between the units must be three times the diameter of the wind turbine. This arrangement ensures that most of the units are unaffect-ed by the wake, the area affected by the low-velocity wake of the wind farm is small, and the area affected by the high-speed wake is large. © 2021 Bentham Science Publishers."
50,34,2,31484,0.374358974358974,"Using nacelle-based wind speed observations to improve power curve modeling for wind power forecasting",2012,"10.1002/we.465","Wind power forecasting for projection times of 0-48 h can have a particular value in facilitating the integration of wind power into power systems. Accurate observations of the wind speed received by wind turbines are important inputs for some of the most useful methods for making such forecasts. In particular, they are used to derive power curves relating wind speeds to wind power production. By using power curve modeling, this paper compares two types of wind speed observations typically available at wind farms: the wind speed and wind direction measurements at the nacelles of the wind turbines and those at one or more on-site meteorological masts (met masts). For the three Australian wind farms studied in this project, the results favor the nacelle-based observations despite the inherent interference from the nacelle and the blades and despite calibration corrections to the met mast observations. This trend was found to be stronger for wind farm sites with more complex terrain. In addition, a numerical weather prediction (NWP) system was used to show that, for the wind farms studied, smaller single time-series forecast errors can be achieved with the average wind speed from the nacelle-based observations. This suggests that the nacelle-average observations are more representative of the wind behavior predicted by an NWP system than the met mast observations. Also, when using an NWP system to predict wind farm power production, it suggests the use of a wind farm power curve based on nacelle-average observations instead of met mast observations. Further, it suggests that historical and real-time nacelle-average observations should be calculated for large wind farms and used in wind power forecasting. © 2011 John Wiley & Sons, Ltd."
50,34,3,49163,0.365168539325843,"Partial repowering analysis of a wind farm by turbine hub height variation to mitigate neighboring wind farm wake interference using mesoscale simulations",2020,"10.1016/j.apenergy.2020.115050","Repowering augments the power generation capacity of a wind farm in order to enhance the exploitation of the high mean wind speed regions. In this study, a partial repowering strategy has been discussed for an onshore commercial-scale wind farm with deteriorated performance under the influence of wakes originating from upstream wind farms. The mesoscale Weather Research and Forecasting (WRF) model with Wind Farm Parameterization has been employed to evaluate the wind speed and power deficit observed by the individual wind turbine generators. Wakes induced by the upstream wind farms are observed to cause a reduction in wind speed and power output by up to 15% and 35%, respectively. The predicted power was also validated by the observed data for each turbine generator. The hub heights of selected wind turbines with the highest power deficit are varied to alleviate the influence of upstream wind farm wake interference. Power output and wind shear profiles have been evaluated at new hub heights of 61.5 m and 100 m, and results are compared with the existing hub height turbine generators at 80 m. Power output reduced by up to 12% at the lower hub height of 61.5 m as compared to the default case, while an increase of about 13.6% is observed for the 100 m hub height case. A mean increase of 7.5% is estimated in the total wind power generation from the wind farm under evaluation. This paper presents a theoretical and engineering platform for partial repowering of wind farms with depleted generation due to inter-farm wake interaction. © 2020 Elsevier Ltd"
50,34,4,25314,0.350467289719626,"Stochastic prediction of wind generating resources using the enhanced ensemble model for Jeju Island's wind farms in South Korea",2017,"10.3390/su9050817","Due to the intermittency of wind power generation, it is very hard to manage its system operation and planning. In order to incorporate higher wind power penetrations into power systems that maintain secure and economic power system operation, an accurate and efficient estimation of wind power outputs is needed. In this paper, we propose the stochastic prediction of wind generating resources using an enhanced ensemble model for Jeju Island's wind farms in South Korea. When selecting the potential sites of wind farms, wind speed data at points of interest are not always available. We apply the Kriging method, which is one of spatial interpolation, to estimate wind speed at potential sites. We also consider a wind profile power law to correct wind speed along the turbine height and terrain characteristics. After that, we used estimated wind speed data to calculate wind power output and select the best wind farm sites using aWeibull distribution. Probability density function (PDF) or cumulative density function (CDF) is used to estimate the probability of wind speed. The wind speed data is classified along the manufacturer's power curve data. Therefore, the probability of wind speed is also given in accordance with classified values. The average wind power output is estimated in the form of a confidence interval. The empirical data of meteorological towers from Jeju Island in Korea is used to interpolate the wind speed data spatially at potential sites. Finally, we propose the best wind farm site among the four potential wind farm sites. © 2017 by the authors."
50,34,5,48432,0.348484848484849,"How wind speed shear and directional veer affect the power production of a megawatt-scale operational wind turbine",2020,"10.5194/wes-5-1169-2020","Most megawatt-scale wind turbines align themselves into the wind as defined by the wind speed at or near the center of the rotor (hub height). However, both wind speed and wind direction can change with height across the area swept by the turbine blades. A turbine aligned to hub-height winds might experience suboptimal or superoptimal power production, depending on the changes inthe vertical profile of wind, also known as shear. Using observed winds and power production over 6months at a site in the high plains of North America, we quantify the sensitivity of a wind turbine's power production to wind speed shear and directional veer as well as atmospheric stability. We measure shear using metrics such as α (the log-law wind shear exponent), βbulk (a measure of bulk rotor-disk-layer veer), βtotal (a measure of total rotor-disk-layer veer), and rotor-equivalent wind speed (REWS; a measure of actual momentum encountered by the turbine by accounting for shear). We also consider the REWS with the inclusion of directional veer, REWSθ, although statistically significant differences in power production do not occur between REWS and REWSθ at our site. When REWS differs from the hub-height wind speed (as measured by either the lidar or a transfer function-corrected nacelle anemometer), the turbine power generation also differs from the mean power curve in a statistically significant way. This change in power can be morethan 70 kW or up to 5% of the rated power for a single 1.5MW utility-scale turbine. Over a theoretical 100-turbine wind farm, these changes could lead to instantaneous power prediction gains or losses equivalent to the addition or loss of multiple utility-scale turbines. At this site, REWS is themost useful metric for segregating the turbine's power curve into high and low cases of power production when compared to the other shear or stability metrics. Therefore, REWS enables improved forecasts of power production.  © 2020 Author(s)."
50,35,1,29811,0.368181818181818,"A novel method for the bi-directional transformation between human living activities and appliance power consumption patterns",2014,"10.1587/transinf.E97.D.275","This paper describes a novel method for the bi-directional transformation between the power consumption patterns of appliances and human living activities. We have been proposing a demand-side energy management system that aims to cut down the peak power consumption and save the electric energy in a household while keeping user's quality of life based on the plan of electricity use and the dynamic priorities of the appliances. The plan of electricity use could be established in advance by predicting appliance power consumption. Regarding the priority of each appliance, it changes according to user's daily living activities, such as cooking, bathing, or entertainment. To evaluate real-time appliance priorities, real-time living activity estimation is needed. In this paper, we address the problem of the bi-directional transformation between personal living activities and power consumption patterns of appliances. We assume that personal living activities and appliance power consumption patterns are related via the following two elements: personal appliance usage patterns, and the location of people. We first propose a Living Activity - Power Consumption Model as a generative model to represent the relationship between living activities and appliance power consumption patterns, via the two elements. We then propose a method for the bidirectional transformation between living activities and appliance power consumption patterns on the model, including the estimation of personal living activities from measured appliance power consumption patterns, and the generation of appliance power consumption patterns from given living activities. Experiments conducted on real daily life demonstrate that our method can estimate living activities that are almost consistent with the real ones. We also confirm through case study that our method is applicable for simulating appliance power consumption patterns. Our contributions in this paper would be effective in saving electric energy, and may be applied to remotely monitor the daily living of older people. Copyright © 2014 The Institute of Electronics, Information and Communication Engineers."
50,35,2,39775,0.337142857142857,"Analysis of social–Psychological factors and financial incentives in demand response and residential energy behavior",2023,"10.3389/fenrg.2023.932134","Introduction: Demand response programs are promising approaches to balance supply and demand and reduce or shift peak hour loads. However, the impacts of residents’ behavioral patterns and social–psychological factors on these programs are poorly understood. Method: We used an extended model of the theory of planned behavior to understand how social–psychological factors, demographics, and household characteristics influence the demand response behaviors (i.e., adjusting A/C and shifting the time of use) of 826 US residents who participated in our study. Results: We found that low-income households (43.7%) reported as more likely to respond to the behavior of raising A/C thermostat settings when no one is home compared to higher-income residents. Thermal comfort needs (β = 0.34) and participants’ age (β = 0.02) increased the financial incentives requested to accept higher A/C temperatures while someone is home. Thermal comfort needs (β = 0.36) and energy-saving habits (β = −0.11) are the significant predictors of increased incentives requested for higher A/C temperatures when no one is home. Older adults request higher financial incentives for shifting washer and dryer usage than younger residents. Finally, attitudes toward energy saving are the strongest predictor of electricity curtailment behavioral intention, followed by perceived behavioral control, subjective norms, cost and environmental concerns, and energy-saving habits. Discussion: This finding suggests the potential of social–psychological variables in shaping energy consumption behaviors. This study provides insights for designing effective demand response programs and broadly analyzing energy behavioral patterns. Copyright © 2023 Chen, Xu, Cao, Mockus and Shi."
50,35,3,25177,0.320261437908497,"Electricity forecasting on the individual household level enhanced based on activity patterns",2017,"10.1371/journal.pone.0174098","Leveraging smart metering solutions to support energy efficiency on the individual household level poses novel research challenges in monitoring usage and providing accurate load forecasting. Forecasting electricity usage is an especially important component that can provide intelligence to smart meters. In this paper, we propose an enhanced approach for load forecasting at the household level. The impacts of residents' daily activities and appliance usages on the power consumption of the entire household are incorporated to improve the accuracy of the forecasting model. The contributions of this paper are threefold: (1) we addressed short-term electricity load forecasting for 24 hours ahead, not on the aggregate but on the individual household level, which fits into the Residential Power Load Forecasting (RPLF) methods; (2) for the forecasting, we utilized a household specific dataset of behaviors that influence power consumption, which was derived using segmentation and sequence mining algorithms; and (3) an extensive load forecasting study using different forecasting algorithms enhanced by the household activity patterns was undertaken. © 2017 Gajowniczek, Zabkowski. This is an open access article distributed under the terms of the Creative Commons Attribution License, which permits unrestricted use, distribution, and reproduction in any medium, provided the original author and source are credited."
50,35,4,25541,0.316239316239316,"Disentangling household and individual actors in explaining private electricity consumption",2017,"10.1007/s12053-016-9435-x","Previous research often regard household and individual as synonymous actors, although the overall household electricity consumption is the aggregate of diverging actions by individual household members. We disentangle the impact of actor-specific predictors on household and individual electricity consumption, employing regression models to data of 204 Austrian multi-person households. Predictors add more to the explained variance of household and individual electricity consumption if they are located at the same actor level as the dependent variable. While household electricity consumption is best predicted by the household context and value/knowledge factors, individual electricity consumption depends foremost on habit and whether a person stays at home during the day. The study exemplifies that future research and interventions need to decompose actor levels to better understand and target the drivers of private electricity consumption. Methodological challenges in measuring individual and household consumption behaviour are discussed. © 2016, The Author(s)."
50,35,5,22680,0.312056737588652,"Inaccurate consumer perceptions of monetary savings in a demand-side response programme predict programme acceptance",2018,"10.1038/s41560-018-0285-y","Demand-side response (DSR) measures are critical to integrating variable renewable generation into electric grids. Time-of-use rates (TOU) are a common DSR mechanism that seeks to shift electricity use to low-demand times using financial instruments. However, consumers generally have a poor understanding of their electricity use and bills, raising questions about the extent to which TOU participation is driven by perceptions of savings versus actual savings. We find that among 8,702 residents who opted into a pilot TOU programme, the TOU treatment decreases on-peak use compared to a control group, but this effect is small. Perceived savings is the strongest predictor of intent to remain on TOU, over and above actual savings, even though it is only weakly related to actual changes in bills and usage. Residents may thus join DSR programmes based on perceived savings without achieving actual monetary or energy use savings, which may undermine the goals of these programmes. © 2018, The Author(s), under exclusive licence to Springer Nature Limited."
50,36,1,27750,0.388888888888889,"Determination of optimum window to externalwall ratio for offices in a hot and humid climate",2016,"10.3390/su8020187","Heat loss and gain through windows has a very high impact on the thermal comfort of offices. This paper analyzes a standard low energy consumption university office that has a standard envelope. Dynamic thermal simulations with EDSL Tas software, a predicted mean vote (PMV), and a predicted percentage of dissatisfied (PPD) with all local discomfort as stated in ASHRAE, ISO 7730: 2005, EN 15251: 2007 were used for thermal sensation, in order to optimize the best window to external wall proportion in a hot and humid climate that exists in the Famagusta case study. A simulated office building is oriented east to west in order to take advantage of the wind direction. In May 45% (PPD < 6%-0.7% open window), 93% (PPD < 10-0.2 open window), and 97% (PPD < 15%-0.1% open window) thermal comfort scores are obtained when the window to external wall ratio (WWR) is 10%. In October 43% (PPD < 6%-0.7% open window), 86% (PPD < 10-0.2 open window), and 92% (PPD < 15%-0.1% open window) thermal comfort scores are obtained when the WWR is 10%. In September 49% (PPD < 10% full open window) and 51% (PPD < 15%-0.1% open window) thermal comfort scores are obtained when the WWR is 10%. © 2016 by the authors."
50,36,2,2368,0.356020942408377,"Numerical investigation of window design strategies for energy efficiency and thermal–visual comfort in buildings",2026,"10.1016/j.rineng.2026.110689","Window design plays a decisive role in energy performance, daylighting, and occupants’ comfort in buildings. This work investigates the effects of window shape and glazing type on energy consumption as well as indoor thermal and visual comfort in a five-story institutional building under the hot and humid climate of Bangladesh. The study compares twenty configurations, combining four window shapes (rectangular, arched, Palladian and bay) with five single-glazed tinted glass types (clear, blue, bronze, green, and grey; all 6 mm). Annual simulations were performed in DesignBuilder using the EnergyPlus engine to assess energy consumption, cooling demand, lighting load, solar heat gains, daylight availability, and comfort indicators such as Predicted Mean Vote (PMV), percentage of thermal, and visual comfort hours. Rectangular clear configuration was taken as the baseline. Results show that the Palladian green glass configuration offered the best performance, reducing annual energy use by 8.56% compared to the baseline, with a monthly average PMV of 1.88 and thermal comfort maintained for 32.1% of occupied hours. Bay clear windows showed the poorest performance with the highest energy use. Although the Palladian green configuration reduced cooling demand and increased thermal performance, the glass was darker and yielded a lower daylight, reducing visual comfort as compared to the clear glazing. In general, the results from this study suggest that the green glazing incorporated with the Palladian windows can contribute positively to reducing building energy demand and thermal comfort in hot and humid climates, although complementary solutions could be needed to fulfill acceptable visual comfort. © 2026 The Authors."
50,36,3,27871,0.343558282208589,"Energy performance of windows in office buildings considering daylight integration and visual comfort in hot climates",2015,"10.1016/j.enbuild.2015.09.024","In hot climates, the exterior envelope of office buildings can significantly contribute to the building's energy consumption. Windows are considered as a major source of heat gain and can contribute to the reduction of energy when daylighting is integrated with artificial lighting. However, with daylighting, the possibility of visual discomfort is likely to arise due to the uncontrolled light. The present study focuses on investigating the energy savings when daylight and artificial light are integrated while maintaining visual comfort. In order to assess visual comfort, both glare index and DaylightFactor are studied. A typical office in a hot climate is modeled using the simulation program, DesignBuilder. We predict the energy and visual performance for three different types of glazed windows. For all types of modeled windows a significant reduction in the annual cooling and building energy consumption was observed. For example, a 14% reduction in total building energy consumption was obtained with daylight integration for the double-glazed clear glass windows and a 16% reduction was obtained for double-glazed low-E windows. It has been observed that in all cases visual comfort was not achieved. By employing automatic interior shading control, visual comfort was achieved with no significant reduction in energy savings. © 2015 Elsevier B.V. All rights reserved."
50,36,4,36314,0.336633663366337,"Enhancing Sustainability in Building Design: Hybrid Approaches for Evaluating the Impact of Building Orientation on Thermal Comfort in Semi-Arid Climates",2023,"10.3390/su152015180","The evaluation of human thermal comfort inside buildings plays a pivotal role in reducing energy consumption and enhancing sustainability in the built environment. The estimation of thermal comfort is based on objective (physical factors) and subjective (psychological factors) aspects. This study aimed to find a hybrid way to evaluate more accurate thermal comfort in the buildings as per their orientations. This study assessed the effect of building orientation on thermal comfort conditions in row houses in semi-arid climates, based on a synthesis of the predictive mean vote (PMV) model and the thermal sensation vote (TSV). For this purpose, row houses were selected in the region of this study. This study concluded that the PMV model calculates a lower thermal comfort level than the TSV method, and that the thermal comfort demand within the houses was higher than ASHRAE Standard 55. The occupants inside the houses had a lower thermal tolerance. This implied that the residents of these buildings can consume more energy during the summer, typically the harshest season. This study presented new mathematical models for occupants’ thermal comfort evaluation in the study region, depending on the building’s orientation. In both models, for assessing thermal performance during both the summer and winter seasons, east-facing buildings consistently ranked as the second-best orientation. This suggested that, overall, east-facing buildings can be considered the best choice throughout the entire year in terms of thermal comfort. This study suggested a novel indicator to evaluate the optimum building orientation in the study area in terms of thermal performance. © 2023 by the authors."
50,36,5,40145,0.333333333333333,"Evaluation of Passive Cooling and Thermal Comfort in Historical Residential Buildings in Zanzibar",2022,"10.3390/buildings12122149","Indoor thermal comfort is essential for occupants’ well-being, productivity, and efficiency. Global climate change is leading to extremely high temperatures and more intense solar radiation, especially in hot, humid areas. Passive cooling is considered to be one of the environmental design strategies by which to create indoor thermal comfort conditions and minimize buildings’ energy consumption. However, little evidence has been found regarding the effect of passive cooling on the thermal comfort of historical buildings in hot–dry or hot–humid areas. Therefore, we explored the passive cooling features (north-south orientation, natural ventilation, window shading, and light color painted walls) applied in historic residential buildings in Zanzibar and evaluated the residents’ thermal responses and comfort perception based on questionnaires and field surveys. The results showed that the average predicted mean votes (PMVs) were 1.23 and 0.85 for the two historical case study buildings; the average predicted percentages of dissatisfaction (PPD) were 37.35% and 20.56%, respectively. These results indicate that the thermal conditions were not within the acceptable range of ASHRAE Standard 55. Further techniques, such as the use of lime plaster, wash lime, and appropriate organization, are suggested for the improvement of indoor thermal comfort in historical buildings in Zanzibar. This study provides guidelines to assist architects in designing energy-efficient residential buildings, taking into account cultural heritage and thermal comfort in buildings. © 2022 by the authors."
50,37,1,48898,0.452830188679245,"Tool tip cutting specific energy prediction model and the influence of machining parameters and tool wear in milling",2020,"10.1177/0954405420911298","Most of the existing energy-consumption models of machine tools are related to specific machine components and hence cannot be applied to other machine tools with different specifications. In order to help operators optimize machining parameters for improving energy efficiency, the tool tip cutting specific energy prediction model based on machining parameters and tool wear in milling is developed, which is independent of the standby power of machine tools and the spindle no-load power. Then, the prediction accuracy of the proposed model is verified with dry milling AISI 1045 steel experiments. Finally, the influence of machining parameters and tool wear on tool tip cutting specific energy is studied. The developed model is independent of machine components, so it can reveal the influence of machining parameters and tool wear on tool tip cutting specific energy. The tool tip cutting specific energy reduces with the increase in the cutting depth, side cutting depth, feed rate, and cutting speed, while increases linearly as the tool wears gradually. The research results are helpful to formulate efficient and energy-saving processing schemes on various milling machines. © IMechE 2020."
50,37,2,44255,0.43452380952381,"Prediction models for energy consumption and surface quality in stainless steel milling",2021,"10.1007/s00170-021-07971-x","Stainless steel is a kind of difficult-to-machine material, and the work hardening in milling easily leads to high energy consumption and poor surface quality. Thus, the influence of machined surface hardness on energy consumption and surface quality cannot be ignored. To solve this problem, the prediction models for machine tool specific energy consumption and surface roughness are developed with tool wear and machined surface hardness considered firstly. Then, the validity of the models is verified through AISI 304 stainless steel milling experiments. The results show that the prediction accuracy of the machine tool specific energy consumption model can reach 98.7%, and the roughness model can reach 96.8%. Later, according to the developed prediction models, the influence of milling parameters, surface hardness, and tool wear on the machine specific energy consumption and surface roughness is studied. Results show that in stainless steel milling, the most significant parameter for surface roughness is the machined surface hardness, while that for energy consumption is the feed per tooth. The machine specific energy consumption increases linearly with the increase of the tool wear and the machined surface hardness gradually. The proposed models are helpful to optimize the process parameters for energy-saving and high-quality machining of stainless steel. © 2021, The Author(s), under exclusive licence to Springer-Verlag London Ltd., part of Springer Nature."
50,37,3,35453,0.421383647798742,"OPTIMIZATION EXPERIMENTAL STUDY OF MACHINING ENERGY CONSUMPTION OF ZIG-ZAG MILLING CUTTING PATH USING RSM",2023,"10.11113/jm.v46.487","Machining operations in CNC milling which remove the work material require power and energy to activate the machine components such as spindle motor, table and tool movement in order to withstand the high friction and load between tool and work material. Energy consumption during cutting operation is greatly influenced by the machining condition and parameters. This experimental research aims to investigate how energy responds to changes in the machining parameters such as depth of cut, spindle speed, and feed rate during face milling operation of CNC machine. The high-speed steel (HSS) tool with a 10mm diameter was used to face mill the 40mm x 40mm of Aluminum 6061. The design of experiment technique using Response Surface Methodology (RSM) is utilized to optimize the experimental work. Power usage and machining time were recorded for each machining process, which is then used to determine the machining energy consumption. The interaction between machining parameter and energy is comprehensively visualized using surface and contour plot. Additionally, the ANOVA analysis investigates the feed rate as the most influential parameter to the machining energy. Finally, the regression equation of machining energy is generated with reliability (R) value of 0.88 which can be used as an energy prediction model. © 2023 Penerbit UTM Press. All rights reserved."
50,37,4,10289,0.419811320754717,"Optimization of milling process of AISI 4340 Steel for enhanced tool life and surface quality using response surface methodology and bayesian technique",2025,"10.1016/j.rineng.2025.105097","Milling is a widely used machining process in the manufacturing industry employed to remove material from a workpiece. Cutting inserts suffer wear during milling operations, lowering their useful tool life. In order to reduce friction and energy consumption, several nanoparticles (NPs) have been studied as additives for cutting fluids. Furthermore, optimizing milling parameters such as spindle rotational speed, depth of cut, and feed rate is crucial for increasing tool life and improving productivity. In this study, TiO2 NPs were added to the cutting fluid used for milling AISI 4340 steel. Laboratory experiments in a four-ball tribotester showed that a NPs can reduce the wear scar diameter and surface roughness Ra of steel balls. A Box-Behnken design of experiments was performed to optimize the input milling parameters and NP content to enhance the response characteristics of Ra (related to the surface quality of the workpiece), insert radius (tool wear), and spindle load (related to energy consumption of the process). Response Surface Methodology (RSM) and Bayesian Optimization (BO) technique were used to optimize the milling process. RSM presented R2 values of 99%, 51%, and 58% for spindle load, insert wear, and Ra, respectively. Through BO the insert radius obtained an R2 of 59% considering spindle load as an input variable, so that it can be utilized in a monitoring system to predict tool wear, therefore enhancing tool life and utilization ratio. The analysis of the relationships and effects among the response variables showed that insert radius is the most important factor for the Ra, and the R2 for this BO model was 98%. The Multi-Response Surface Methodology showed that values of N of 723 rpm, d of 0.008 in, f of 12.5 in/min and 0.05 wt.% NPs minimize all response variables together. It was observed that the addition of NPs may reduce response variables due to a mending and load-bearing tribological effect. Finally, this optimization study allows for improved quality of manufactured parts, reduced energy consumption, and increased productivity. © 2025 The Author(s)"
50,37,5,44099,0.418181818181818,"A Supervised Machine Learning Model for Tool Condition Monitoring in Smart Manufacturing",2022,"10.14429/dsj.72.17533","In the current industry 4.0 scenario, good quality cutting tools result in a good surface finish, minimum vibrations, low power consumption, and reduction of machining time. Monitoring tool wear plays a crucial role in manufacturing quality components. In addition to tool monitoring, wear prediction assists the manufacturing systems in making tool-changing decisions. This paper introduces an industrial use case supervised machine learning model to predict the turning tool wear. Cutting forces, the surface roughness of a specimen, and flank wear of tool insert are measured for corresponding spindle speed, feed rate, and depth of cut. Those turning test datasets are applied in machine learning for tool wear predictions. The test was conducted using SNMG TiN Coated Silicon Carbide tool insert in turning of EN8 steel specimen. The dataset of cutting forces, surface finish, and flank wear is extracted from 200 turning tests with varied spindle speed, feed rate, and depth of cut. Random forest regression, Support vector regression, K Nearest Neighbour regression machine learning algorithms are used to predict the tool wear. R squared, the technique shows the random forest machine learning model predicts the tool wear of 91.82% of accuracy validated with the experimental trials. The experimental results exhibit flank wear is mainly influenced by the feed rate followed by the spindle speed and depth of cut. The reduction of flank wear with a lower feed rate can be achieved with a good surface finish of the workpiece. The proposed model may be helpful in tool wear prediction and making tool-changing decisions, which leads to achieving good quality machined components. Moreover, the machine learning model is adaptable for industry 4.0 and cloud environments for intelligent manufacturing systems.  © 2022, DESIDOC."
50,38,1,20453,0.207317073170732,"Area Moment and Error Based Forecasting Difficulty and its Application in Inflow Forecasting Level Evaluation",2019,"10.1007/s11269-019-02414-5","As an important input of hydropower stations operation, the forecasted inflow provided by forecaster directly determines the power generation efficiency of hydropower stations. In order to promote the self-improvement of forecasters’ forecasting level through effective reward and punishment, it is necessary to determine a fair and reasonable comprehensive forecasting level evaluation method. In view of this, this paper puts forward the concept of forecasting difficulty, and classifies the external forecasting situations according to different rainfall conditions, different forecasting foresight periods and different inflow levels. Based on the physical meaning of forecasting difficulty, a new calculation method of forecasting difficulty using the error distribution and area moment is proposed in this paper, which can realize the forecasting difficulty calculation under different situations and different forecasting level standards. Coupling the forecasting difficulty coefficient with the forecasting level evaluation, a comprehensive forecasting level evaluation method of forecasters is proposed. The case study results show that, because the forecasting difficulty of different forecasting situations are considered in the proposed method, the higher the forecast accuracy of a forecaster in difficult situations (such as rainy situation), the higher his/her comprehensive forecast level. The result obtained by this method is fairer and more reasonable compared with the traditional method, which is of great significance to promote the forecasting level of forecasters in difficult situations. © 2019, Springer Nature B.V."
50,38,2,35313,0.18974358974359,"Optimal Configuration Analysis Method of Energy Storage System Based on “Equal Area Criterion”",2023,"10.3390/en16247940","In order to solve the problem of randomness and volatility caused by the rapid growth of renewable energy (RE), energy storage systems (ESSs)—as an important means of regulation—can effectively improve the flexible regulation capacity of power systems utilizing a high proportion of RE. Most of the current ESS capacity configuration procedures are carried out based on the typical scenario method or time series production simulation. This method tends to determine the size of the ESS configuration through multiple trial simulations. Uncertainty of simulation prediction data can result in the existence of an excess capacity or lack of configured capacity. In addition, this method reflects the ESS demand under specific targets, but it fails to fully utilize RE generation characteristics. The configuration process lacks the mathematical mechanism of RE consumption, and the calculation process is too complicated. In view of the shortcomings of traditional ESS optimal configuration methods, this paper examines the mathematical mechanism of RE consumption and proposes the ESS optimal configuration analysis method based on “equal area criterion”. First, the principle of RE consumption is analyzed and the “RE consumption characteristic curve” is proposed according to RE characteristics. In addition, a working principle diagram of RE consumption, including ESS, is constructed to visually show the consumption capacity of RE and the working position of ESS. Then, the ESS optimal configuration process, based on the “equal area criterion”, is proposed to achieve an accurate match between ESS capacity demand and RE consumption targets. Finally, the power grid of a region in China is taken as an example. We prove that the proposed method can save 1.41 × 103 MWh of ESS capacity and provide a more “mathematical” and “convenient” systematic solution for RE consumption and ESS optimization compared to the production simulation method. © 2023 by the authors."
50,38,3,18370,0.184684684684685,"Multi-scenario investment forecast of new energy projects based on multiple linear regression and comprehensive evaluation model of differentiated project priorities",2024,"10.1016/j.heliyon.2023.e23771","As China's resource shortage and environmental pollution intensify, the demand for new energy and electric energy substitution is becoming higher and higher. Accurately predicting the investment scale of China's new energy projects is of great practical significance for improving the efficiency of resource allocation and economically meeting energy demand. This paper builds a scientific and precise investment model for new energy projects from both macro and micro perspectives. First, from a macro perspective, considering macro indicators such as the external environment and internal economy, an annual total investment forecast model based on multiple linear regression is constructed, in order to predict the annual total investment scale of new energy investment entities and achieve preliminary accurate investment; second, designed the evaluation index system of different project priorities from three perspectives of external environment, internal development of enterprises and social development, and constructed the comprehensive weight design method based on AN-EWM and the comprehensive evaluation method of TOPSIS, in order to realize the priority of differentiated projects. Sorting; finally, a new energy project located in a city in northern China is selected as the research subject, and a multi-scenario example analysis is carried out. The results show that the new energy project investment scale index system constructed in this paper can effectively evaluate the investment capacity of the main body of the new energy project, and can better predict the total investment of the new energy investment project, so that the deviation rate can be controlled within 5 %, and the priority evaluation model constructed in this paper can provide a complete calculation method and a reference method for the judgement of the investment priority, which can promote accurate investment. © 2023"
50,38,4,39715,0.180327868852459,"Research on Model Calibration Method of Chiller Plants Based on Error Reverse Correction with Limited Data",2023,"10.3390/en16020918","Model-based optimization is an important means by which to analyze the energy-saving potential of chiller plants. To obtain reliable energy-saving results, model calibration is essential, which strongly depends on operating data. However, sufficient data cannot always be satisfied in reality. To improve the prediction accuracy of the model with limited data, a model calibration method based on error reverse correction was investigated. A traditional optimization-based calibration method was first used for preliminary model calibration to obtain simulation data and simulation errors. Then, the sources of the simulation errors were analyzed to determine the distribution characteristics of the corresponding operating conditions of the model. Finally, the performance of the model was reversely corrected by adding a correction term to the original model. The proposed calibration method was tested on a chiller plant in Xiamen, China. The results showed that the proposed calibration method improved prediction accuracy by 2.61% (the coefficient of variation of the root mean square error (CV (RMSE)) was reduced from 3.96% to 1.35%) compared to the traditional method. The maximum mean bias error (MBE) for monthly chiller energy consumption was 2.66% with the proposed calibration method, while it was 10.42% with the traditional method. Overall, in scenarios with limited data, the proposed calibration method can effectively improve the accuracy of simulation results. © 2023 by the authors."
50,38,5,43632,0.17910447761194,"Mobile payment risk prediction of communication operators under new business model",2022,"10.1504/IJITM.2022.123400","In order to overcome the problems of low precision and high energy consumption existing in traditional methods, this paper studies the risk prediction of mobile payment of communication operators under the new business model. In this paper, the expert evaluation method is used to establish the mobile payment risk prediction index system of communication operators under the new business model. The analytic hierarchy process is used to calculate the weight of the prediction index through the structure of hierarchy, the construction of judgment matrix, the calculation of weight vector, the consistency test and the calculation of combined weight vector. The fuzzy comprehensive evaluation method is used to build the mobile payment risk prediction model. The prediction accuracy of the proposed method is always higher than 97%, the total CPU consumption is 34.64%, and the memory utilisation is 12.36%, which has high prediction accuracy and low prediction energy consumption. © 2022 Inderscience Enterprises Ltd.. All rights reserved."
50,39,1,15159,0.287878787878788,"Advancing sustainable energy systems: A decade of SETA research contribution to sustainable development goals",2024,"10.1016/j.seta.2024.103978","Sustainable Energy Technologies and Assessments (SETA) publishes high-quality research on sustainable energy technologies and is indexed in all leading search engines. The journal is highly influential among its peers, with an impact factor of 8.0 and a CiteScore of 8.4. It appears among the top 50 in Scopus's energy engineering and power technology category and features among the top 20 in Google Scholar's notable sustainable energy publications list. The SETA's multidisciplinary approach fosters collaboration and innovation in addressing sustainable energy challenges. Our comprehensive study of the journal examines its contribution to the Sustainable Development Goals (SDGs), particularly SDG 7 (Affordable and Clean Energy) and SDG 13 (Climate Action). Employing a novel methodological approach, we used a cocitation network to identify key SDG-focused research clusters within SETA. This was complemented by keyword co-occurrence and BERTopic modeling to reveal distinct thematic clusters and latent topics, marking first in the journal's analysis. This research underscores SETA's critical role in addressing global energy challenges and climate change through innovations in power generation, advanced storage technologies, and photovoltaic modeling strategies. These contributions significantly increase the efficiency and reliability of renewable energy systems and facilitate their integration into existing power grids. Furthermore, our analysis delves into advancements in biodiesel, hydrogen production, and solar thermal technologies, emphasizing the importance of clean energy in reducing environmental impacts. Wind energy and forecasting technologies also receive attention, highlighting the importance of technological precision in optimizing the role of wind power in the energy mix. This study also proposes future directions for research, including international cooperation and climate finance, to foster a more sustainable and equitable global energy landscape. © 2024 Elsevier Ltd"
50,39,2,9818,0.284883720930233,"Unpacking the role of green supply chain and renewable energy innovation in advancing environmental sustainability: A Quantile-Based approach",2025,"10.1016/j.rser.2025.115810","Renewable energy innovations and the green supply chain are essential to sustainable development goal 9. Furthermore, these elements play a key role in facilitating eco-friendly energy generation, indirectly aiding the progress towards SDG 9. Transitioning from conventional to green energy sources is vital for long-term sustainability and promoting an environmentally conscious framework. Consequently, this study explores the primary drivers of environmental sustainability, measured through the load capacity factor (LCF), from 1990Q1 to 2022Q4. Additional factors such as energy prices, GDP, and financial development are also analyzed. To address the asymmetric distribution and non-linearity of the data, this study applies advanced quantile-based methods, including quantile-on-quantile regression (QQR), quantile-on-quantile Granger causality (QQGC), and wavelet quantile regression (WQR). The results indicate that green supply chain (GSC) practices, energy prices (ENP), renewable energy innovations (REI), and financial development (FinD) all positively contribute to enhancing environmental sustainability, as reflected in the increased LF. In contrast, GDP has a negative impact on environmental sustainability, reducing LF across all quantiles. The findings of QQGC demonstrate that all key variables, including GSC, REI, ENP, GDP, and FinD, are significant predictors of LCF at different quantiles. Based on these insights, the study proposes policy recommendations aligned with SDG 9 to improve environmental sustainability further. © 2025 Elsevier Ltd"
50,39,3,5978,0.265822784810127,"Autonomous Vehicles in Warehouse Inventory Management: Insights from Malaysia’s National Telecommunication and Digital Infrastructure Provider",2026,"10.3926/jiem.8782","Purpose: This study examines the role of autonomous vehicles (AVs) in warehouse inventory management, with a specific focus on Malaysia’s national telecommunication and digital infrastructure provider. It identifies key challenges, operational efficiencies, and strategic implementation considerations to enhance supply chain resilience. Design/methodology/approach: A mixed-method research approach was employed, integrating qualitative interviews with logistics experts and a quantitative survey of warehouse personnel. Thematic analysis was applied to qualitative data, while Partial Least Squares Structural Equation Modeling (PLS-SEM) was used to analyze quantitative findings. Findings: The study highlights that workforce adaptation is the strongest predictor of successful AV adoption, with employee upskilling emerging as a critical factor. Despite AVs’ potential to optimize inventory accuracy and streamline operations, challenges such as budget constraints, cybersecurity risks, and system integration complexities persist. Notably, the research reveals a paradoxical misalignment between management support and AV adoption success, underscoring the need for strategic leadership engagement. Research limitations/implications: The study primarily focuses on a national telecommunication provider, limiting the broader applicability to diverse logistics sectors. Future research should explore AV integration across varied industries and regions to enhance generalizability. Practical implications: The findings provide logistics managers with an empirically driven framework for AV integration, emphasizing the importance of phased implementation, workforce readiness programs, and system compatibility measures. Additionally, the study informs policymakers on the regulatory considerations necessary for AV adoption in Malaysia’s telecommunications sector. Social implications: Automation in warehouse management raises workforce displacement concerns, necessitating proactive upskilling initiatives. The study also contributes to sustainable logistics practices by demonstrating AVs’ potential to reduce energy consumption and improve space utilization in warehouse environments. Originality/value: This research fills a critical gap in AV adoption literature by offering an empirically validated framework specific to warehouse inventory management in the telecommunications sector. It extends the Technology Acceptance Model (TAM) and Resource-Based View (RBV) theories to assess AV adoption drivers and barriers. © 2026, OmniaScience. All rights reserved."
50,39,4,18106,0.261904761904762,"Evolutionary Multi-Objective Feature Selection Algorithms on Multiple Smart Sustainable Community Indicator Datasets",2024,"10.3390/su16041511","The conceptual fusion of smart city and sustainability indicators has inspired the emergence of the smart sustainable city (SSC). Given the early stage of development in this field, most SSC studies have been primarily theoretical. Notably, existing empirical studies have overlooked the crucial aspect of feature engineering in the context of SSC, despite its significance in advancing SSC initiatives. This paper introduces an approach advocating for feature subset selection to maximize prediction accuracy and minimize computational time across diverse SSC indicators encompassing socio-cultural, economic, environmental, and governance categories. The study systematically collected multiple datasets on SSC indicators, covering various themes within the SSC framework. Employing six carefully chosen multiple-objective evolutionary feature selection algorithms, the research selected feature subsets. These subsets were then utilized in modeling algorithms to predict SSC indicators. The proposal enhanced prediction accuracy for life expectancy, online shopping intentions, energy consumption, air quality, water quality, and traffic flow for a smart and sustainable city by minimizing the subset features. The findings underscore the efficacy of feature subset selection in generating minimal features, thereby enhancing both prediction accuracy and computational efficiency in the realm of SSC indicators. For researchers aiming to develop sustainable systems for real-time data monitoring within SSC, the identified subset features offer a valuable resource, negating the necessity for extensive dataset collection. The provided SSC datasets are anticipated to serve as a catalyst, inspiring researchers to embark on empirical studies that explore SSC development from diverse perspectives, ultimately contributing to a more profound understanding of the SSC dynamics. © 2024 by the author."
50,39,5,19594,0.261682242990654,"BIM-driven energy simulation and optimization for net-zero tall buildings: sustainable construction management",2024,"10.3389/fbuil.2024.1296817","The growing demand for sustainable and energy-efficient buildings, particularly in the context of tall structures, has prompted increased attention to innovative solutions. Despite advancements in Building Information Modelling (BIM) technology, there exists a critical gap in understanding its comprehensive application for achieving net-zero energy consumption in tall buildings, particularly in the Malaysian construction industry. This research addresses this gap by presenting a novel strategy that integrates BIM technology with energy analysis tools for net-zero tall buildings in Malaysia. The aim of the study is to contribute valuable insights to the construction industry, policymakers, and researchers by conducting empirical research, utilizing case studies, validating the proposed framework, advancing sustainable design practices, and supporting the transition towards net-zero energy tall buildings in Malaysia. The methodology involves a three-phase approach, including qualitative analysis, a pilot survey, and a main questionnaire. Exploratory factor analysis (EFA) validates the categorization derived from qualitative interviews, while Partial Least Squares Structural Equation Modelling (PLS-SEM) assesses the convergent and discriminant validity of the measurement model. Hypotheses testing using bootstrapping establishes the significance of correlations between BIM deployment and key factors such as early design integration, enhanced energy efficiency, optimized system integration, predictive performance analysis, and validation of sustainable design. The research findings support the positive associations between BIM deployment and the mentioned factors, providing statistical significance through T-statistics and p-values. The implications of this research extend beyond the Malaysian context, offering valuable insights for architects, engineers, and stakeholders involved in designing and managing sustainable tall buildings. By addressing the identified gaps and leveraging BIM technology effectively, stakeholders can contribute to the construction of net-zero energy structures, aligning with global efforts towards sustainable and energy-efficient building practices. Copyright © 2024 Sajjad, Hu, Alshehri, Waqar, Khan, Bageis, Elaraki, Shohan and Benjeddou."
50,40,1,15250,0.27710843373494,"A Bayesian Approach for Modeling and Forecasting Solar Photovoltaic Power Generation",2024,"10.3390/e26100824","In this paper, we propose a Bayesian approach to estimate the curve of a function (Formula presented.) that models the solar power generated at k moments per day for n days and to forecast the curve for the (Formula presented.) th day by using the history of recorded values. We assume that (Formula presented.) is an unknown function and adopt a Bayesian model with a Gaussian-process prior on the vector of values (Formula presented.). An advantage of this approach is that we may estimate the curves of (Formula presented.) and (Formula presented.) as “smooth functions” obtained by interpolating between the points generated from a k-variate normal distribution with appropriate mean vector and covariance matrix. Since the joint posterior distribution for the parameters of interest does not have a known mathematical form, we describe how to implement a Gibbs sampling algorithm to obtain estimates for the parameters. The good performance of the proposed approach is illustrated using two simulation studies and an application to a real dataset. As performance measures, we calculate the absolute percentage error, the mean absolute percentage error (MAPE), and the root-mean-square error (RMSE). In all simulated cases and in the application to real-world data, the MAPE and RMSE values were all near 0, indicating the very good performance of the proposed approach. © 2024 by the authors."
50,40,2,2035,0.268595041322314,"Optimization of sustainable EDM parameters for machining Ti-6al-4v using ANN and PSO",2026,"10.1088/2631-8695/ae78a4","Electrical discharge machining of titanium alloys requires a balanced selection of machining parameters, as high discharge intensity can improve material removal while increasing electrode wear, overcut (OC), energy consumption, and surface damage. This work investigates the sustainable EDM of Ti-6Al-4V using deionized water as the dielectric medium and copper/brass electrodes. Peak current (Formula presented) (Formula presented), pulse-on time (Formula presented) (Formula presented), and gap voltage (Formula presented) (Formula presented) were varied using a central composite design, and the responses were evaluated as material removal rate (MRR, m (Formula presented) (Formula presented) (Formula presented) (Formula presented)), tool wear rate (TWR, (Formula presented) (Formula presented)), OC (µm), and discharge energy (J (Formula presented) (Formula presented)). MRR was calculated from workpiece mass loss and titanium alloy density, while TWR was calculated from electrode mass loss, electrode density, and machining time. Response surface methodology was used for factor screening, and artificial neural network modeling was used to predict nonlinear machining responses. Particle swarm optimization was then applied, using the trained ANN as the fitness evaluator, with TLBO as the benchmark optimizer. The optimized copper-electrode condition was (Formula presented) (Formula presented) A, (Formula presented) (Formula presented) µs, and (Formula presented) (Formula presented) V, producing MRR of 6.1 (Formula presented) (Formula presented) (Formula presented) (Formula presented), TWR of 0.003 (Formula presented) (Formula presented) (Formula presented) (Formula presented), and surface roughness of 1.4 µm. SEM and wear-track analysis confirmed the need to include surface integrity and tribological response during EDM parameter selection. Future innovation will extend the quantitative range of recast-layer thickness and surface chemistry, and evaluate real-time discharge monitoring for scalable industrial EDM control. © 2026 IOP Publishing Ltd. All rights, including for text and data mining, AI training, and similar technologies, are reserved. This article is available under the terms of the https://publishingsupport.iopscience.iop.org/iop-standard/v1."
50,40,3,29664,0.227642276422764,"Derivation and conformity measurement of a popular explicit analytic Borowy 2C PV module model",2014,"10.1007/s40565-014-0085-8","A popular explicit analytic Borowy 2C PV module model is proposed for power generation prediction. The maximum power point and the open-circuit point which are calculated in this model cannot be equal to the data given by manufacturers under standard test condition (STC). The derivation of this model has never been mentioned in any literatures. The parameter forms of 2C model in this paper are more simplified, and the model is decomposed into a STC sub-model and an incremental sub-model. The STC model is derived successfully from an ideal single-diode circuit model. Relative error estimations are developed to do the conformity error measurements. The analysis results showed that though the biases at those critical points are very small, the conformity will depend on both of the two ratio values Im/Isc and Vm/Voc, which can be used to verify whether 2C model is applicable for the PV module produced by a particular manufacturer. © 2014, The Author(s)."
50,40,4,41233,0.213592233009709,"Finite Iterative Forecasting Model Based on Fractional Generalized Pareto Motion",2022,"10.3390/fractalfract6090471","In this paper, an efficient prediction model based on the fractional generalized Pareto motion (fGPm) with Long-Range Dependent (LRD) and infinite variance characteristics is proposed. Firstly, we discuss the meaning of each parameter of the generalized Pareto distribution (GPD), and the LRD characteristics of the generalized Pareto motion are analyzed by taking into account the heavy-tailed characteristics of its distribution. Then, the mathematical relationship (Formula presented.) between the self-similar parameter (Formula presented.) and the tail parameter α is obtained. Also, the generalized Pareto increment distribution is obtained using statistical methods, which offers the subsequent derivation of the iterative forecasting model based on the increment form. Secondly, the tail parameter (Formula presented.) is introduced to generalize the integral expression of the fractional Brownian motion, and the integral expression of fGPm is obtained. Then, by discretizing the integral expression of fGPm, the statistical characteristics of infinite variance is shown. In addition, in order to study the LRD prediction characteristic of fGPm, LRD and self-similarity analysis are performed on fGPm, and the LRD prediction conditions (Formula presented.) is obtained. Compared to the fractional Brownian motion describing LRD by a self-similar parameter (Formula presented.), fGPm introduces the tail parameter (Formula presented.), which increases the flexibility of the LRD description. However, the two parameters are not independent, because of the LRD condition (Formula presented.). An iterative prediction model is obtained from the Langevin-type stochastic differential equation driven by fGPm. The prediction model inherits the LRD condition (Formula presented.) of fGPm and the time series, simulated by the Monte Carlo method, shows the superiority of the prediction model to predict data with high jumps. Finally, this paper uses power load data in two different situations (weekdays and weekends), used to verify the validity and general applicability of the forecasting model, which is compared with the fractional Brown prediction model, highlighting the “high jump data prediction advantage” of the fGPm prediction model. © 2022 by the authors."
50,40,5,37238,0.21259842519685,"Development and validation of a comprehensive methodology for predicting PAT performance curves",2023,"10.1016/j.energy.2023.127366","This paper presents a physics-based approach aimed to predict the performance curves of PATs (pumps as turbines). The methodology includes a tuning procedure, which allows the calibration of the physics-based model on a given dataset of pumps/PATs, and a prediction procedure, which allows the estimation of PAT performance curves for previously unknown PATs. The methodology is applied to six pumps/PATs, of which the performance curves were experimentally determined at different rotational speeds. A cross-validation process is applied in such manner that one of the six pumps/PATs is not employed for the tuning procedure and is used for validating the reliability of the prediction procedure. The results show that, in the range ±20% with respect to the experimental BEP, the deviation of the predicted PAT performance curves from experimental curves can be acceptable from an engineering point of view, with an average value of 13.4%, 14.0% and 12.4%, for head, power and efficiency, respectively. © 2023 Elsevier Ltd"
50,41,1,35318,0.378378378378378,"Spatio-temporal analysis of land use land cover change and its impact on land surface temperature of Sialkot City, Pakistan",2023,"10.1038/s41598-023-49608-x","The dynamic interplay between urbanization and its impacts on climate is a subject of recent concern, particularly in rapidly urbanizing cities of Pakistan. This research investigated the spatio-temporal effects of urban growth in terms of Land Use Land Cover changes on the thermal environment (Land Surface Temperature) of the Sialkot city, Pakistan using satellite data spanning four distinct time periods (1989, 2000, 2009 and 2020) and predicted changes for year 2030 by employing Cellular Automata Markov Chain Model. Satellite imagery (Landsat 5, 7 and 8) was processed, and maximum likelihood supervised classification was done to generate LULC maps for each of the aforementioned years. In addition to LULC classification, thermal bands of satellite data (for summer and winter) were processed to compute Land Surface Temperature (LST) of the city. The prediction of LULC changes and LST was done for year 2030 using Cellular Automata Markov Chain Model. The accuracy of classified and prediction maps was checked using Kappa Index. The LULC analysis revealed 4.14% increase in the built-up area and 3.43% decrease in vegetation cover of the city during 1989 to 2020. Both land covers are expected to change in the future (year 2030) by + 1.31% (built-up) and − 1.1% (vegetation). Furthermore, a declining trend in the barren land and water bodies was also observed over time. These LULC changes were found affecting the LST of study area. The transformation of vegetation cover into built-up area resulted in an increase in LST over time. A notable rise of 4.5 °C (summer) and 5.7 °C (winter) in the mean LST of Sialkot was observed during 1989 to 2020 and further increases are anticipated in year 2030. This study calls for attention of the policy makers to reduce human impact on the local climate of the city. The study will also help city developers in analyzing the urban population growth trend, finding suitable location to built new infrastructure by governmental authorities and how the rising temperature can affect energy demand and agriculture production of the city in future. © 2023, The Author(s)."
50,41,2,1842,0.368715083798883,"Climate change reshapes the relationship between urban morphology and energy performance: Building energy consumption and photovoltaic potential in severe cold regions",2026,"10.1016/j.enbuild.2026.117600","Climate change is altering both the building energy demand and the solar availability. However, systematic quantitative research on the relationship between urban morphology and both building energy consumption and photovoltaic (PV) power generation under future climate scenarios remains lacking, particularly in severe cold regions. This study aims to reveal the mechanism of urban block morphology on energy performance and its response characteristics to climate change. It modelled 360 residential blocks in Harbin as research cases. Through simulation and statistical methods, it explored the quantitative relationship between block morphology and energy performance under 2020s and 2050s climate scenarios. The building energy use intensity (EUI), PV power generation intensity (EGI), and net energy use intensity (NEUI) were used to evaluate the energy performance. The results showed that from the 2020s to the 2050s, EUI increased slightly by 0.12 kWh/m2, EGI decreased significantly by 3.8 kWh/m2, leading to an increase in NEUI of about 3.9 kWh/m2. The block morphology had a significantly greater impact on EGI than on EUI, with the shape factor being the most important prediction variable of both EUI and EGI in both scenarios. Under future climate scenarios, the importance of solar accessibility for NEUI control increased significantly. The energy performance advantages of different layout types changed under climate change; while row type blocks had the lowest NEUI in the current scenario, their EGI declined more significantly in the future scenario. This study provides a theoretical basis for climate-adaptive low-carbon urban design in severe cold regions. © 2026 Elsevier B.V."
50,41,3,43719,0.32967032967033,"Climate Change and Renewable Energy Generation in Europe—Long-Term Impact Assessment on Solar and Wind Energy Using High-Resolution Future Climate Data and Considering Climate Uncertainties",2022,"10.3390/en15010302","Climate change can strongly affect renewable energy production. The state of the art in projecting future renewable energy generation has focused on using regional climate prediction. However, regional climate prediction is characterized by inherent uncertainty due to the complexity of climate models. This work provides a comprehensive study to quantify the impact of climate uncertainties in projecting future renewable energy potential over five climate zones of Europe. Thirteen future climate scenarios, including five global climate models (GCMs) and three representative concentration pathways (RCPs), are downscaled by the RCA4 regional climate model (RCM) over 90 years (2010–2099), divided into three 30-year periods. Solar and wind energy production is projected considering short-/long-term climate variations and uncertainties in seven representative cities (Narvik, Gothenburg, Munich, Antwerp, Salzburg, Valencia, and Athens). The results showed that the uncertainty caused by GCMs has the most substantial impact on projecting renewable energy generation. The variations due to GCM selection can become even larger than long-term climate change variations over time. Climate change uncertainties lead to over 23% and 45% projection differences for solar PV and wind energy potential, respectively. While the signal of climate change in solar radiation is weak between scenarios and over time, wind energy generation is affected by 25%. © 2022 by the authors. Licensee MDPI, Basel, Switzerland."
50,41,4,33737,0.327731092436975,"Estimating the impacts of climate change and urbanization on building performance",2008,"10.1080/19401490802182079","Over the past 15 years, much scientific work has been published on the potential human impacts on climates. For their Third Assessment Report in 2001, the United Nations International Programme on Climate Change developed a set of economic development scenarios, which were then run with the four major general circulation models (GCM) to estimate the anthropogenesis-forced climate change. These GCMs produce worldwide grids of predicted monthly temperature, cloud, and precipitation deviations from the period 1961–1990. As this period is the same used for several major typical meteorological year data sets, these typical data sets can be used as a starting point for modifying weather files to represent predicted climate change. Over the past 50 years, studies of urban heat islands (UHI) or urbanization have provided detailed measurements of the diurnal and seasonal patterns and differences between urban and rural climatic conditions. While heat islands have been shown to be a function of both population and microclimatic and site conditions, they can be generalized into a predictable diurnal and seasonal pattern. Although the scientific literature is full of studies looking at the impact of climate change driven by human activity, there is very little research on the impact of climate change or urban heat islands on building operation and performance across the world. This article presents the methodology used to create weather files which represent climate change scenarios in 2100 and heat island impacts today. For this study, typical and extreme meteorological weather data were created for 25 locations (20 climate regions) to represent a range of predicted climate change and heat island scenarios for building simulation. Then prototypical small office buildings were created to represent typical, good, and low-energy practices around the world. The simulation results for these prototype buildings provide a snapshot view of the potential impacts of the set of climate scenarios on building performance. This includes location-specific building response, such as fuel swapping as heating and cooling ratios change, impacts on environmental emissions, impacts on equipment use and longevity comfort issues, and how low-energy building design incorporating renewables can significantly mitigate any potential climate variation. In this article, examples of how heat island and climate change scenarios affect diurnal patterns are presented as well as the annual energy performance impacts for three of the 25 locations. In cold climates, the net change to annual energy use due to climate change will be positive – reducing energy use on the order of 10% or more. For tropical climates, buildings will see an increase in overall energy use due to climate change, with some months increasing by more than 20% from current conditions. Temperate, mid-latitude climates will see the largest change but it will be a swapping from heating to cooling, including a significant reduction of 25% or more in heating energy and up to 15% increase in cooling energy. Buildings which are built to current standards such as ASHRAE/IESNA Standard 90.1-2004 will still see significant increases in energy demand over the twenty-first century. Low-energy buildings designed to minimize energy use will be the least affected, with impacts in the range of 5–10%. Unless the way buildings are designed, built, and operated changes significantly over the next decades, buildings will see substantial operating cost increases and possible disruptions in an already strained energy supply system. © 2008 International Building Performance Simulation Association (IBPSA)."
50,41,5,15305,0.323529411764706,"Exploring the natural ventilation potential of urban climate for high-rise buildings across different climatic zones",2024,"10.1016/j.jclepro.2024.143722","The natural cooling capacity of the environment can effectively reduce the building energy consumption by natural ventilation (NV). For architects, developing NV strategies requires a comprehensive understanding of the distribution characteristics of urban meteorology. This study investigates the vertical characteristics of urban local-scale meteorological parameters across climatic zones. It aims to assess the climatic potential for NV of outdoor air in high-rise buildings. Firstly, using Weather Research and Forecasting (WRF) model coupled with Local Climate Zone (LCZ) data and sounding data, the vertical distribution of meteorological parameters are explored in typical urban areas across different climatic zones. Then, based on an adaptive thermal comfort model, the climatic potential is assessed for NV in high-rise buildings via the indicator of annual natural ventilation hour (NVH). Finally, the characteristics of urban meteorology is further is analyzed in terms of its impact on the natural ventilation potential (NVP) in each climatic zone. Results indicate that air temperature decreases with height from 0 to 500 m, with more pronounced temperature gradients in compact building areas. Near the ground level, Kunming (Temperate Zone) has the most NVH, reaching 4,840 h annually. However, when building height exceeds 100 m, Guangzhou (Hot Summer and Warm Winter, HSWW) becomes more suitable for NV. In cold regions, low temperatures limit NVP during winter, while high humidity constrains it in Temperate and HSWW zones. Overall, the annual NVP in high-rise building areas exceeds that of low-rise building areas. These distribution characteristics of NVP are anticipated to promote the utilization of natural resources for sustainable urban development. © 2024 Elsevier Ltd"
50,42,1,19546,0.294520547945205,"Effects of ocean acidification on the interaction between calcifying oysters (Ostrea chilensis) and bioeroding sponges (Cliona sp.)",2024,"10.3389/fmars.2024.1444863","Ocean acidification can negatively affect a broad range of physiological processes in marine shelled molluscs. Marine bioeroding organisms could, in contrast, benefit from ocean acidification due to reduced energetic costs of bioerosion. Ocean acidification could thus exacerbate negative effects (e.g. reduced growth) of ocean acidification and shell borers on oysters. The aim of this study was to assess the impact of ocean acidification on the oyster Ostrea chilensis, the boring sponge Cliona sp., and their host-parasite relationship. We exposed three sets of organisms 1) O. chilensis, 2) Cliona sp., and 3) O. chilensis infested with Cliona sp. to pHT 8.03, 7.83, and 7.63. Reduced pH had no significant effect on calcification, respiration and clearance rate of uninfested O. chilensis. Low pH significantly reduced calcification leading to net dissolution of oyster shells at pHT 7.63 in sponge infested oysters. Net dissolution was likely caused by increased bioerosion by Cliona sp. at pHT 7.63. Additionally, declining pH and sponge infestation had a significant negative antagonistic effect (less negative than predicted additively) on clearance rate. This interaction suggests that sponge infested oysters increase clearance rates to cope with higher energy demand of increased shell repair resulting from higher boring activity of Cliona sp. at low seawater pH. O. chilensis body condition was unaffected by sponge infestation, pH, and the interaction of the two. The reduction in calcification rate suggests sponge infestation and ocean acidification together would exacerbate direct (reduced growth) and indirect (e.g., increased predation) negative effects on oyster health and survival. Our results indicate that ocean acidification by the end of the century could have severe consequences for marine molluscs with boring organisms. Copyright © 2024 Böök, Krieger, Phillips, Michael, Bell, Dillon and Cornwall."
50,42,2,29350,0.216049382716049,"Operational characteristics of oscillatory micro-screen emulsifier: Coupling effects and energy dissipation",2014,"10.1016/j.ces.2014.06.037","Production of oil in water (O/W) emulsion using oscillatory high porosity woven metal microscreen (WMMS) is investigated both experimentally and theoretically. The investigation included coupling effects of design and operating parameters on droplet size and distribution. Results demonstrate the ability to produce emulsions with predictable characteristics and to achieve high dispersed phase concentrations at low energy requirements. Increasing oscillation intensity resulted in smaller droplet size due to the increase in both surface shear and surfactant transfer rate to the droplets surface. The expansion rate of the later increased with increasing the dispersed phase flow resulting in faster surfactant depletion. Using bi-surfactants in both the continuous and dispersed phases resulted in smaller droplet size due to lower interfacial tension. Decreasing the emulsification channel width decreased droplet size due to the increase in the relative surface shear as well as the energy dissipation density. The presence of surface roughness resulted in smaller droplet sizes but had an adverse effect on the dispersion uniformity, which was also affected by lateral vibrations. Both led to localized energy dissipation and droplets breakage near the edges. An order of magnitude assessment of power consumption showed favourable energy requirement (kWh/m3) of the proposed approach compared to other techniques. © 2014 Elsevier Ltd."
50,42,3,27491,0.212121212121212,"Optimization of microwave dewatering of an Indonesian lignite",2016,"10.1016/j.fuproc.2015.12.015","Dewatering of an Indonesian lignite with microwave irradiation was optimized to increase dewatering rate and decrease energy consumption. The energy consumption of the microwave dewatering process was affected by different factors, including addition of microwave absorber, diameter-to-height ratio of lignite pile, particle size and initial moisture content of lignite. The experiment results indicated that adding absorber carbon materials (activated carbon and graphite) and metal oxides (Fe3O4, MnO2, etc.) could increase the dewatering rate and decrease the energy consumption. With increased diameter-to-height ratio of lignite pile, dewatering rate initially increased and then decreased. An optimum value exists for diameter-to-height ratio, which presents maximum dewatering rate but with minimum energy consumption. The enhancement of heat accumulation caused by larger particle size increased the dewatering rate of lignite and decreased energy consumption. The energy consumption decreased with increased lignite weight and initial moisture content. However, the energy consumption initially decreased and then increased with enhanced microwave power. Electric power consumption can be well predicted on the basis of the microwave dewatering kinetics of lignite, which can be well described by the Page model under different conditions. © 2015 Elsevier B.V. All rights reserved."
50,42,4,38121,0.212121212121212,"Experiment and Analysis on Friction Damage and Energy Loss Characteristics of Potatoes",2023,"10.3390/app13053269","In view of the problem that the research of potato friction damage is not sufficiently systematic and the characteristics of potato friction damage and energy loss are not clear, this paper investigates the initial height, potato mass, potato varieties, friction materials and temperature as experimental factors and the epidermal damage proportion as the evaluation index, filtering for significant factors by a factorial test. On this basis, the proportion of epidermal damage and the ratio of energy consumption loss were used as evaluation indicators to conduct a single factor test for significant factors. Thereby, the influence of these factors on friction damage and energy loss characteristics of potato were further investigated. The results show that the initial height, potato mass and potato varieties were the significant factors affecting the proportion of epidermal damage of potatoes. With the increase in initial height, the proportion of epidermal damage and ratio of energy consumption loss gradually increased. With the increment in potato mass, the proportion of epidermal damage gradually increased, and the energy consumption loss ratio gradually decreased. The epidermal damage proportion and energy consumption loss ratio of potato varieties were ranked as Xisen 1 > Jizhang 12 > Xisen 6 > Xuechuanhong > Netherlands 15, and Netherlands 15 > Xisen 6 > Xisen 1 > Xuechuanhong > Jizhang 12, respectively. The energy loss ratio and epidermal damage proportion were highly correlated at initial height and potato mass. A mathematical model for predicting the proportion of epidermal damage using energy consumption loss ratio is proposed: η1 = 0.8861ζ − 0.2062 (R2 = 0.8626), η2 = −0.5813ζ + 0.2394 (R2 = 0.8537). © 2023 by the authors."
50,42,5,5260,0.198067632850242,"EFFECTS OF DISTILLERS DRIED GRAINS WITH SOLUBLES REPLACING SOYBEAN MEAL ON PELLETING CHARACTERISTICS OF MASH FEED AND OPTIMIZATION OF PROCESSING PARAMETERS",2026,"10.13031/ja.16555","This study investigated the effects of replacing soybean meal with Distillers Dried Grains with Solubles (DDGS) at different proportions on the physicochemical and pelleting characteristics, as well as pellet quality of corn-soybean meal mash feed. A Box-Behnken design was used with replacement ratio (0%, 25%, 50%), conditioning temperature (75, 80, 85℃), and conditioning time (45, 135, 225 s) as independent variables, while power consumption per ton, pellet formation rate, and pellet durability index served as dependent variables. A total of 17 pelleting experiments were conducted. The results showed that: (1) Increasing DDGS replacement ratio significantly decreased angle of repose, angle of friction, apparent density, and tapped density, but increased compressibility (P < 0.05); it also significantly decreased peak viscosity, trough viscosity, final viscosity, and setback, while increasing pasting temperature (P < 0.05). Higher replacement ratios gradually decreased power consumption per ton and pellet durability index, while pellet formation rate initially increased then declined at approximately 18% replacement. (2) With increasing conditioning temperature, power consumption per ton initially decreased and then increased at approximately 82℃, whereas pellet formation rate and pellet durability index peaked at about 79℃ and 81℃, respectively. Prolonged conditioning time reduced power consumption per ton initially and then increased, with opposite trends for pellet formation rate, transition periods for both ranged 70–145 s, while the changes of pellet durability index were relatively small. (3) Variance analysis indicated that DDGS replacement ratio had the greatest effect on pelleting characteristics, followed by conditioning temperature and time. Response surface methodology established reliable predictive models for pelleting characteristics under different replacement ratios. Overall, replacing soybean meal with DDGS significantly reduced power consumption per ton, although an excessively high replacement ratio adversely affected the pellet quality. © 2026 American Society of Agricultural and Biological Engineers."
50,43,1,36115,0.340314136125654,"Performance prediction on a novel dual-mode heat pump with a hybrid photovoltaic/micro-channel heat pipe/fin heat exchanger",2023,"10.1016/j.enconman.2023.117505","In traditional photovoltaic heat pumps, the photovoltaic (PV) cells and condenser would hinder each other's heat dissipation in the reverse cooling mode, resulting in a drop in both cooling and electrical performance. Besides, it also has an excessive dependence on irradiance in the heating mode. To address these problems, a novel dual-mode heat pump with a hybrid photovoltaic/micro-channel heat pipe/fin heat exchanger is proposed in this paper. The novel system utilizes micro-channel heat pipe and double-circuit to adjust the heat transfer direction of refrigerant and PV, so that the refrigerant could absorb heat from PV when heating and not release heat to it when cooling. The mathematical model is established and validated. The system performance in cooling and heating modes is investigated in dynamic condition. Additionally, a study on the impact of solar irradiance, ambient temperature, wind speed, and water temperature is conducted. On a typical summer day, the novel system can provide 1993 W cooling capacity and generate electricity at 127.9 W with 22.73 °C PV temperature averagely. On a typical winter day, its mean heating capacity, electricity generation, and comprehensive coefficient of performance are 1756 W, 148.6 W, and 5.28 respectively. In the cooling mode, with the irradiance increasing from 200 W/m2 to 1000 W/m2, the PV output is lifted by 182.5 W, and the cooling capacity drops by only 0.11%. In the heating mode, the ambient temperature has a more obvious influence on heating capacity than other factors. Results show that the novel system demonstrates an excellent comprehensive performance, especially improving the cooling and electrical capacity in the clear summer day. © 2023"
50,43,2,26780,0.313333333333333,"Tiles as solar air heater to support a heat pump for residential air conditioning",2016,"10.1016/j.applthermaleng.2016.03.009","Solar air heaters are seen as a promising option for reducing the building energy demand in particular when combined with heat pumps. In this work, a modeling tool to predict the performances of heat pump driven by solar heater is developed. In particular, the channel between the base of the roof and the tiles is considered. As a case study, a detached house in northern Italy is taken into consideration. Results show that the air temperature variation ranges from 2°C to 20°C leading to a heat recovered between 2 kW and 7 kW in winter and summer time, respectively. There is no significant variation of air temperature and heat recovered between the two considered orientation (N-S and E-W), whilst the integration of the PV cell in the tile reduces the thermal energy by 15%. The heat recovered enhances the heat pump COP, reducing the Primary Energy Consumption of a conventional heat pump by 5%, and achieved with limited additional costs. The impact of the electricity generated is more important also because the excess can be sold to the grid and not wasted as for the heat recovered in summer time. © 2016 Elsevier Ltd. All rights reserved."
50,43,3,28158,0.310344827586207,"Performance evaluation of an indirect pre-cooling evaporative heat exchanger operating in hot and humid climate",2015,"10.1016/j.enconman.2015.02.025","A hybrid system, that combines an indirect evaporative heat exchanger (IEHX) and a vapor compression system, is introduced for humid tropical climate application. The chief purpose of the IEHX is to pre-cool the incoming air for vapor compression system. In the IEHX unit, the outdoor humid air in the product channel may potentially condense when heat is exchanged with the room exhaust air. A computational model has been developed to theoretically investigate the performance of an IEHX with condensation from the product air by employing the room exhaust air as the working air. We validated the model by comparing its temperature distribution and predicted heat flux against experimental data acquired from literature sources. The numerical model showed good agreement with the experimental findings with maximum average discrepancy of 9.7%. The validated model was employed to investigate the performance of two types of IEHX in terms of the air treatment process, temperature and humidity distribution, cooling effectiveness, cooling capacity, and energy consumption. Simulation results have indicated that the IEHX unit is able to fulfill 47% of the cooling load for the outdoor humid air while incurring a small amount of fan power. Consequently, the hybrid system is able to realize significant energy savings. © 2015 Elsevier Ltd. All rights reserved."
50,43,4,30510,0.30952380952381,"Study of an innovative ejector heat pump-boosted district heating system",2013,"10.1016/j.applthermaleng.2013.04.021","An Ejector heat pump-boosted District Heating (EDH) system is proposed to improve the heating capacity of existing district heating systems with Combined Heat and Power (CHP). In the EDH, two ejector heat pumps are installed: a primary heat pump (HP1) at the heating station and a secondary heat pump (HP2) at the heating substation. With the EDH, the low-grade waste heat from circulating cooling water in the CHP is recycled and the temperature difference between the water supply and the return of the primary heating network is increased. A thermodynamic model was provided. An experimental study was carried out for both HP1 and HP2 to verify the predicting performance. The results show that the COP of HP 1 can reach 1.5-1.9, and the return water temperature of the primary heating network could be decreased to 35 C with HP2. A typical case study for the EDH was analyzed. © 2013 Elsevier Ltd. All rights reserved."
50,43,5,38768,0.307086614173228,"Performance characterization of M-cycle indirect evaporative cooler and heat recovery ventilator for commercial buildings – Experiments and model",2023,"10.1016/j.enbuild.2022.112762","Evaporative cooling systems in buildings can dramatically reduce greenhouse gas emissions due to their low energy consumption, lack of ecologically harmful refrigerants and their diverse applications. Indirect evaporative cooling (IEC) uses water in the secondary air stream to cool the primary air without adding humidity to the indoor environment. The Maisotsenko Cycle (M−Cycle) design of an IEC has the potential to approach dew-point on the primary air by pre-cooling the secondary air stream before extracting heat in cross-flow with the primary air. Separately, a variety of technologies exist for energy recovery in commercial buildings to pre-condition ventilation air. In this study a M−cycle heat and mass exchanger was used as a heat recovery ventilator (HRV) to recover energy from the exhaust air stream during winter and as an IEC during summer to cool the ventilation air. Experiments were performed by operating the full-size IEC/HRV system with a maximum air flow rate of 2210 m3/hr in conjunction with indoor and outdoor environmental chambers simulating respective environments. The experimental results showed HRV heating sensible effectiveness between 67 % and 63 % and IEC cooling total effectiveness between 81 % and 71 % with increasing air flow rates. A detailed numerical model was developed to predict the performance of the IEC/HRV over a large range of operating conditions. The IEC model simulates heat and mass transfer from water evaporation in the secondary air and potentially from condensation in the primary air during summer season operation. The HRV model simulates heat transfer and potentially mass transfer from secondary air condensation during winter season operation. The detailed physics-based model was compared with experimental data, and it predicted the performance with high accuracy for both summer and winter operating conditions. The average absolute errors for supply air temperature between the experimental results and model predictions were 0.2 °C in HRV winter mode and 1.0 °C in IEC summer mode. The validated IEC model was used to further explore the possibility of combined ventilation and passive space cooling without a supplemental air-conditioner. The analysis shows that utilizing IEC for summer operation offers high cooling COP and even the potential for passive space cooling, which is not possible with conventional energy recovery ventilators (ERV). © 2022 The Authors"
50,44,1,15311,0.248366013071895,"Determining the model for short-term load forecasting using fuzzy logic and ANFIS",2024,"10.1007/s00500-024-09882-x","Short-term load forecasting (STLF) usually begins by grouping data according to various criteria, most often by days of the week. Then, based on the obtained segments, independent models are created. Each model’s prediction uses only one segment of the data. This paper proposes a new approach to model formation based on the correlation between the forecasted day and previous days. The proposed approach is compared with the usual approach where data segments are obtained by grouping according to days of the week. The models were created using fuzzy logic and ANFIS. The mean absolute percentage errors of the new approach and the usual approach using ANFIS in terms of prediction accuracy are obtained as 2.89 and 4.15, respectively. The mean absolute percentage errors for the new approach and the usual approach are 3.39 and 4.78, respectively, when fuzzy logic is used. The results showed that when the proposed method is used, forecasts for the day ahead are much more accurate in both cases. © The Author(s), under exclusive licence to Springer-Verlag GmbH Germany, part of Springer Nature 2024."
50,44,2,46467,0.2,"Research of power load prediction based on boost clustering",2021,"10.1007/s00500-021-05632-5","Power load prediction which helps make the optimal decision for energy management is of great significance to the safe, reliable, and economical operation of the power system. It is also a challenging task; however, if every large customer of a special transformer is modeled and forecasted for power load, a huge amount of calculation work is needed and it is not practical. Therefore, in this study, we propose a boost clustering-based approach for the prediction of power load. The traditional k-means algorithm is enhanced, and the initial cluster centers are determined in advance instead of random selection. Then, the enhanced k-means paired with the HAC algorithm are used for the clustering of power consumption users. Next, the power load of each group is predicted after the users are clustered into the different groups, and the predicted results of each group are finally summed to obtain the prediction value of the power load. Experimental findings demonstrate the validity of the proposed procedure, and the boost clustering-based approach significantly outperforms the direct prediction approach in the empirical analysis. © 2021, The Author(s), under exclusive licence to Springer-Verlag GmbH, DE part of Springer Nature."
50,44,3,40728,0.185185185185185,"Trust-based energy-aware routing using GEOSR protocol for Ad-Hoc sensor networks",2022,"10.1007/s11276-022-02991-1","The openness nature of the Ad-hoc sensor networks emerged as a security threat in this network environment that leads to packets drop, network overhead, high range energy consumption, and transmission delay. Previous methods such as Trust-Based Malicious Nodes Detection in AD-hoc (TBMND) and Security based Data-Aware Routing Protocol (SDARP) found that this happens due to malicious nodes in the network. A malicious node in a network degrades its efficiency that also affects the routing decision making and also makes error decisions in route selection. Trust vector model and Trust-based Secure Routing (TBSR) have made attempts to evaluate trust nodes via various techniques, but unfortunately, the accuracy level has not been reached to the required range. In this paper, a trust-based energy-aware routing using GEOSR protocol for Ad-hoc sensor networks is presented for providing an energy-efficient and secured routing. In this trust-based energy-aware routing, initially the sensor nodes are deployed in the ad-hoc network. The clustering is performed based on the estimation of distance among the each nodes and the cluster head (CH) is selected based on the threshold value. After CH selection, the trust evaluation is performed for identify the trust and untrusted nodes present in the network. The untrusted node is considered as malicious node which is detected and blocked. The trusted nodes are forwarded to select the optimal routing path for secured transmission. Golden Eagle Optimized Secure Routing (GEOSR) is introduced for selecting the optimal routing path based on the parameters such as distance delay and energy objective function. Thus, energy-efficient and secured routing were done using the GEOSR protocol. GEOSR protocol was then implemented in the NS-2 simulation tool and then compared with existing techniques. GEOSR protocol shows 95% of residual energy for the prediction of two malicious nodes. Thus GEOSR was suitable for real-time applications. © 2022, The Author(s), under exclusive licence to Springer Science+Business Media, LLC, part of Springer Nature."
50,44,4,39167,0.184713375796178,"Research on Short-Term Load Forecasting of Distribution Stations Based on the Clustering Improvement Fuzzy Time Series Algorithm",2023,"10.32604/cmes.2023.025396","An improved fuzzy time series algorithm based on clustering is designed in this paper. The algorithm is successfully applied to short-term load forecasting in the distribution stations. Firstly, the K-means clustering method is used to cluster the data, and the midpoint of two adjacent clustering centers is taken as the dividing point of domain division. On this basis, the data is fuzzed to form a fuzzy time series. Secondly, a high-order fuzzy relation with multiple antecedents is established according to the main measurement indexes of power load, which is used to predict the short-term trend change of load in the distribution stations. Matlab/Simulink simulation results show that the load forecasting errors of the typical fuzzy time series on the time scale of one day and one week are [−50, 20] and [−50, 30], while the load forecasting errors of the improved fuzzy time series on the time scale of one day and one week are [−20, 15] and [−20, 25]. It shows that the fuzzy time series algorithm improved by clustering improves the prediction accuracy and can effectively predict the short-term load trend of distribution stations. © 2023 Tech Science Press. All rights reserved."
50,44,5,27267,0.18125,"Load interval prediction of the power system based on type-2 fuzzy theory",2016,"10.14257/ijgdc.2016.9.2.08","According to the power load has strong randomness and difficult to forecast, the introduction of the two types of fuzzy logic in order to improve the prediction accuracy. The interval type two non-single valued two type Mamdani fuzzy model for power load time series forecasting, and reverse the spread of a similarity of a singular value decomposition iterative blending algorithm to simplify the redundant rules in the model of fuzzy sets and redundant fuzzy rules, in order to eliminate the adverse effects. For ordinary type-2 fuzzy sets, uncertainty of the trace and once the membership function is the most important factor, therefore in the calculation formula for construction of two kinds of measure when considering these two factors; analysis of the ordinary type-2 fuzzy inclusion degree properties; discussed two kinds of conversion between the new measure of the relationship, revealing its internal relations; finally through an example to verify the performance of the new measure ordinary type-2, and the fuzzy similarity and Yang Shih clustering method combining cluster analysis used in Gauss plain type-2 fuzzy sets, obtained the reasonable clustering results, verify the rationality of the new measure and effectiveness. © 2016 SERSC."
50,45,1,28866,0.406896551724138,"Resource demand growth and sustainability due to increased world consumption",2015,"10.3390/su7033430","The paper aims at continuing the discussion on sustainability and attempts to forecast the impossibility of the expanding consumption worldwide due to the planet's limited resources. As the population of China, India and other developing countries continue to increase, they would also require more natural and financial resources to sustain their growth. We coarsely estimate the volumes of these resources (energy, food, freshwater) and the gross domestic product (GDP) that would need to be achieved to bring the population of India and China to the current levels of consumption in the United States. We also provide estimations for potentially needed immediate growth of the world resource consumption to meet this equality requirement. Given the tight historical correlation between GDP and energy consumption, the needed increase of GDP per capita in the developing world to the levels of the U.S. would deplete explored fossil fuel reserves in less than two decades. These estimates predict that the world economy would need to find a development model where growth would be achieved without heavy dependence on fossil fuels. © 2015 by the authors."
50,45,2,23813,0.382978723404255,"Trends of energy demand in the Middle East: A sectoral level analysis",2018,"10.1002/er.3861","The Middle East region is a key player in the world energy market today. It holds approximately over 50% of the world's proven fossil fuel reserves. Yet, the region is significantly challenged by the large dependence on finite fossil fuel resources in its primary energy supply. The intricate relationship between climate change mitigation and the development of energy systems underlines great uncertainty over the future of energy development in the Middle East. Such uncertainty is greatly linked to growing energy demands and the region's capacity to transition to low-carbon energy systems. Over the past 20 years, the total primary energy demand in the Middle has almost tripled due to rapid population growth and economic development. Notably, most of the growing energy demand was concentrated in 5 countries, Iran, Saudi Arabia, Iraq, Kuwait, and the UAE. These 5 countries represented around 82% of the total primary energy demand in 2015, with Saudi Arabia and Iran alone accounted for 60%. The core question of this paper is what are the possible implications of growing energy demands in these countries and which sectors will entail significant increases in the projected energy requirements? The significance of the work presented here stems from analyzing 4 major countries that constitute the largest share in Middle East's total energy consumption and associated emissions. Examining these 4 countries together is important to highlight how future increase in these countries could largely affect the overall energy demand from the Middle East region in the next 20 years. Thus, the scope of the paper is looking at energy demand implications in 4 countries, Iran, Saudi Arabia, Kuwait, and the United Arab Emirates (UAE). Iraq is excluded from the analysis due to the large political uncertainty associated with Iraq's energy development. Here, a regression model is used to forecast energy demand from 5 economic sectors across the 4 countries using projected increase in population and gross domestic product (GDP) by 2030. Results indicate that most of the projected energy demand will be from Iran and Saudi Arabia. In addition, industry and transportation sectors will witness the largest increase among the 5 sectors examined in the paper. For instance, industry and transportation sector will collectively account for 52% and 67% of the projected energy demand in Iran and Saudi Arabia, respectively. Such results are important to highlight when ascertaining sectoral level implications of future energy demands and to determine potential areas where energy savings can be made. Copyright © 2017 John Wiley & Sons, Ltd."
50,45,3,33154,0.36283185840708,"Turkey's energy production, consumption, and policies, until 2020",2009,"10.1080/15567240701621141","Energy has always been critical for economic growth and social development. As economies develop, energy consumption grows more or less in parallel. An adequate and affordable energy supply is needed to meet the demands of industry, commerce, and domestic users and to enable the movement of people and goods. In this study, Turkish energy production, energy consumption, installed electric power capacity, energy reserves, energy policies, primary energy demand projection, and market evaluation are investigated and evaluated. Turkey has been experiencing substantial demand growth in all segments of the energy sector. The primary energy need of Turkey has been growing. Recent forecasts indicate that this trend will continue as a result of rapid urbanization and industrialization. Primary energy demand is projected to reach 150 million toe in 2020."
50,45,4,32153,0.361111111111111,"Current demographics suggest future energy supplies will be inadequate to slow human population growth",2010,"10.1371/journal.pone.0013206","Influential demographic projections suggest that the global human population will stabilize at about 9-10 billion people by mid-century. These projections rest on two fundamental assumptions. The first is that the energy needed to fuel development and the associated decline in fertility will keep pace with energy demand far into the future. The second is that the demographic transition is irreversible such that once countries start down the path to lower fertility they cannot reverse to higher fertility. Both of these assumptions are problematic and may have an effect on population projections. Here we examine these assumptions explicitly. Specifically, given the theoretical and empirical relation between energy-use and population growth rates, we ask how the availability of energy is likely to affect population growth through 2050. Using a cross-country data set, we show that human population growth rates are negatively related to per-capita energy consumption, with zero growth occurring at ~13 kW, suggesting that the global human population will stop growing only if individuals have access to this amount of power. Further, we find that current projected future energy supply rates are far below the supply needed to fuel a global demographic transition to zero growth, suggesting that the predicted leveling-off of the global population by mid-century is unlikely to occur, in the absence of a transition to an alternative energy source. Direct consideration of the energetic constraints underlying the demographic transition results in a qualitatively different population projection than produced when the energetic constraints are ignored. We suggest that energetic constraints be incorporated into future population projections. © 2010 DeLong et al."
50,45,5,45,0.353488372093023,"Causality relationship among renewable energy consumption, carbon emission and economic growth: Empirical evidence from Bangladesh",2026,"10.1016/j.ssaho.2026.103249","This paper analyses the causal association between renewable energy consumption, carbon emissions (CO2), and economic growth (GDP) for 1990-2019 in Bangladesh. In this work, the autoregressive distributed lag (ARDL) bound test and Granger causality approach are used to assess both the short and long-run relationships among variables. The empirical findings support the presence of co-integration between variables. The estimates of autoregressive distributed lag (ARDL) model suggest that carbon emissions led to elevated economic growth, whereas economic growth and renewable energy usage have a negative relationship. The Granger causality results reveal a predictive bidirectional causality between renewable energy consumption and economic growth, as well as predictive unidirectional causality from carbon emissions to both economic growth and renewable energy consumption in the long run. The results also reveal the existence of unidirectional causality from carbon emissions to economic growth and renewable energy usage to carbon emissions in the short run. Overall, the results suggest that Bangladesh's current economic expansion remains related with growing energy demand and continued fossil fuel reliance in the short run, which may limit rapid renewable energy transition. However, in the long run, increasing its share should eventually help induce further economic success. Therefore, Bangladesh should formulate policies targeting the trade-off between pollution and environment conservation without undermining its prosperity. Bangladesh should integrate renewable energy into its national grid, offer financial incentives for private sector investment in renewable projects, implement strict carbon emission regulations, introduce carbon pricing mechanisms, and invest in clean energy research and development to achieve sustainable economic growth and reduce environmental impacts. Copyright © 2026. Published by Elsevier Ltd."
50,46,1,40440,0.453125,"Numerical Investigation of Slurry Pressure Drop at Different Pipe Roughness in a Straight Pipe Using CFD",2022,"10.1007/s13369-022-06583-1","Slurry flow (water–glass beads) through a horizontal pipe of diameter, 0.0549 m and length, 3.8 m with two particle sizes, i.e., 125- and 440-micron, has been numerically modeled and investigated based on the kinetic theory of slurry transportation. The effect of particles interaction on the pipe flow characteristics such as velocity profile, wall shear stress, vector regime, granular pressure and temperature has been evaluated at different solid concentration and flow velocity range. It is well established that the pressure drop is the key parameter for the design of efficient slurry pipeline system, which is influenced by factors such as flow velocity, slurry viscosity, solid concentration, pipe material and pipe geometry. However, to best of our knowledge, the estimation of pressure drop at different pipe roughness height and a concentration range of 40–60% is not yet established. Therefore, in the present work, the numerical simulation is carried out for slurry flow through a horizontal pipeline at different roughness heights (Rh = 10–50 micron) and Prandtl numbers, i.e., 1.34, 2.14, 3.42 and 5.83. The kinetic parameters are calculated at a flow velocity (Vm) of 1–5 ms−1 and solid concentration (Cw) range of 40–60%. The results and procedure of the current simulation are validated against the available experimental results in the literature. The outcomes of the present work reveals that pressure drop increases with increase in pipe roughness height for the chosen velocity and solid concentration range. In addition, the larger particle is found to have more influence on the pressure, velocity, temperature distribution for the entire range of flow velocity and solid concentration. Furthermore, settling velocity and specific energy consumption are also predicted and discussed through the slurry pipeline. The findings show that the settling velocity of particle increases with increase in particle size at different Prandtl number. The energy efficiency for solid transportation through pipeline at different Prandtl numbers and particle size are also evaluated. Based on the results, it is concluded that specific energy efficiency varies with solid concentration and particle size, i.e., higher concentration and larger particle size demonstrates higher energy consumption. Furthermore, fluid at low Prandtl number exhibits higher energy consumptions. In order to design the efficient slurry pipeline system, it is recommended that the slurry must be transported at low velocity and high Prandtl number. © 2022, The Author(s)."
50,46,2,692,0.407185628742515,"Numerical Investigation on Hydraulic Conveying of Fine Slag Particles Based on a Coupled Modeling",2026,"10.1115/1.4072128","Hydraulic conveying is a core technology for fine slag transportation due to its continuity characteristics. However, research on hydraulic conveying of microsized particles with varying sizes remains limited, thereby constraining the optimization design of the transport system. This study employs a coupled computational fluid dynamics-discrete element method (CFD-DEM) model to simulate the hydraulic conveying process of microsized particles in pipelines. We systematically examine the influence of transport velocity, particle concentration, particle density, and pipe inclination angle on the characteristics of the two-phase flow. The findings suggest that relatively optimal particle suspension is achieved at a transport velocity of 3-4 m/s, whereas excessive velocity (>5 m/s) induces particle clustering, resulting in an increase in pressure drop; particle concentration exceeding 7.4% generates slug flow, severely impacting transport efficiency; increasing particle density intensifies the deposition, and the pressure drop rises. Furthermore, the pressure drop is predicted to reach a maximum at a pipe inclination of 60 deg, and horizontal pipes exhibit the highest particle axial velocity. This study elucidates the flow regime transition patterns and energy consumption characteristics in hydraulic conveying, providing essential insights for the optimization design of related transport systems.  © 2026 by ASME. "
50,46,3,47624,0.388739946380697,"Flow instability investigation at supercritical pressures in parallel channels by computational fluid dynamics adopting low- And high-power boundaries",2021,"10.1115/1.4046255","Supercritical water-cooled reactor (SCWR), which is considered as the logical extension of existing light water reactors (LWRs) (pressurized water reactor and boiling water reactor (BWR)), has the potential of increasing the efficiency of power generation to 45% compared to 33% of that of LWRs. But without the challenges of heat transfer and hydrodynamics, and reactor core design materials due to supercritical flow instability which is associated with sharp variation in fluid properties near the vicinity of the pseudocritical temperature. Supercritical flow instability therefore needs to be addressed ahead of the deployment and operation of SCWR in the near future. The main purpose of this study is to carry out flow instability analysis in parallel channels with supercritical water. The study also aims at examining the capability of using three-dimensional (3D) simulation of turbulent flow in arbitrary regions computational continuum mechanics C++ based code (3D STAR-CCM+ CFD code) to predict flow oscillation amplitude and periods, and instability power boundaries at low-power boundary (LPB) and at high-power boundary (HPB). Parameters considered in the investigation include mass flowrate, system pressure, and gravity. Two different threshold power instability boundaries were obtained from the study. These instability power boundaries include lower threshold where stability of the parallel channel system decreases with increasing coolant inlet temperature, and upper threshold where stability of the parallel channel system increases with increasing coolant inlet temperature. From the results of the investigation, it can be found that: (1) for LPB at 23MPa, only lower threshold was obtained as flow instability power boundary; and for HPB at 23MPa, both lower and upper thresholds were obtained as flow instability power boundaries. The numerical findings quite well agree with the experimental findings at 23MPa for both LPB and HPB; (2) only lower threshold was obtained as flow instability power boundary at both 23MPa and 25MPa for LPB. For HPB, both lower and upper thresholds were obtained as flow instability power boundaries at both 23MPa and 25MPa; (3) only lower threshold was obtained as flow instability power boundary for the parallel channel system with or without gravity influence for LPB. For HPB, both lower and upper threshold flow instability power boundaries were obtained for the parallel channel system with gravity influence, but only lower threshold flow instability power boundary was obtained for system without gravity influence; (4) only lower threshold was obtained as flow instability power boundary at system mass flowrates of 125 kg/h and 145 kg/h for LPB. For HPB, both lower and upper threshold flow instability power boundaries were obtained for system mass flowrate of 125 kg/h, but only lower threshold flow instability power boundary was obtained for system mass flowrate of 145 kg/h. For both LPB and HPB, the numerical findings agree quite well with the experimental results for a system operated at 125 kg/h and 145 kg/h; (5) the investigated parameters such as mass flowrate, pressure, and gravity have significant effects on amplitude of mass flow oscillation, but have little effects on the period of mass flow oscillation for both LPB and HPB. Results from the numerical simulation were compared with the results from the experiment for both LPB and HPB. The numerical amplitude results obtained were far less than the amplitude results obtained from the experiment. But there was no significant difference between the oscillation periods obtained from both the numerical simulation and experiment. (6) Flow instability studies including predicting flow oscillation amplitude and periods, and instability power boundaries could be carried out using 3D STAR-CCM+ CFD code. The effects of heating structures on flow instability results have not been considered in this study. Previous studies have shown that including heating structures in geometrical models for numerical studies may have effects on flow instability results. More experimental studies are needed for validation of similar numerical studies carried out at supercritical pressures using various numerical tools. © 2021 by ASME."
50,46,4,48913,0.388571428571429,"Numerical simulation and comparative analysis of pressure drop estimation in horizontal and vertical slurry pipeline",2020,"10.15282/JMES.14.2.2020.06.0518","Transportation of solids with water as a carrier in the form of slurry through long length pipelines is widely used by many industries and power plants. The transportation of slurry through vertical pipeline is a challenging task and require modification to overcome the pressure loss and power consumption requirements. In this perspective, numerical simulation of three-dimensional horizontal slurry pipeline (HSPL) and vertical slurry pipeline (VSPL) carrying glass beads solid particulates of spherical diameter 440 μm and density 2,470 kg/m3 is carried out. The 3D computational model for horizontal and vertical slurry pipeline is developed for a pipe of 0.0549 m diameter and analyzed in available commercial software ANSYS Fluent 16. The simulation is conducted by using Eulerian multiphase model with RNG k-ϵ turbulence closure at solid concentration range 10 - 20% (by volume) for mean flow velocities ranging from 1-4 ms-1. It is found that the pressure drop rises for both HSPL and VSPL with escalation in mean flow velocity and solid concentration. The predicted pressure drop in VSPL is found to follow the same pattern as with HSPL but higher in magnitude for all chosen velocity and solid concentration range. The obtained results of predicted pressure drop in HSPL are validated with the available experimental data in the literature. A parametric study is conducted with the aim of visualizing and understanding the slurry flow behavior in HSPL and VSPL. Finally, the results of solid concentration contour, velocity contour, solid concentration profiles, velocity profiles and pressure drop are predicted for both the slurry pipelines. © The Authors 2020."
50,46,5,33256,0.385135135135135,"Hydrodynamics and energy consumption studies in a three-phase liquid circulating three-phase fluid bed contactor",2009,"10.1016/j.expthermflusci.2009.02.002","The hydrodynamics and energy consumption have been studied in a cold flow, bubbling and turbulent, pressurized gas-liquid-solid three-phase fluidized bed (0.15 m ID × 1 m height) with concurrent gas-liquid up flow is proposed with the intention of increasing the gas hold up. The hydrodynamic behaviour is described and characterised by some specific gas and liquid velocities. Particles are easily fluidized and can be uniformly distributed over the whole height of the column. The effect of parameters like liquid flow rate, gas flow rate, particle loading, particle size, and solid density on gas hold up and effect of gas flow rate, solid density and particle size on solid hold up, energy consumption and minimum fluidization velocity has been studied. At the elevated pressures a superior method for better prediction of minimum fluidization velocity and terminal settling velocities has been adopted. The results have been interpreted with Bernoulli's theorem and Richardson-Zaki equation. Based on the assumption of the gas and liquid as a pretend fluid, a simplification has been made to predict the particle terminal settling velocities. The Richardson-Zaki parameter n′ was compared with Renzo's results. A correlation has been proposed with the experimental results for the three-phase fluidization. © 2009 Elsevier Inc. All rights reserved."
50,47,1,18126,0.30939226519337,"Research on key technologies of high energy efficiency and low power consumption of new data acquisition equipment of power Internet of Things based on artificial intelligence",2024,"10.1016/j.ijft.2024.100575","Energy efficiency is a critical problem that drives consideration of smart cities and urban areas' development. Energy security and the smart environment face enormous problems because of the dramatic rise in energy consumption brought on by rising population levels and the widespread use of new data-collecting technologies. Traditional smart grids can be updated with IoT-based smart metering (SM) and advanced metering infrastructure (AMI) technologies by revealing previously hidden information about electrical power by implementing a communication system between utilities and consumers during the power transaction process. The smart distribution and energy consumption in smart city environments are strongly supported by the Internet of Things (IoT) and Artificial Intelligence (AI). Hence, this paper suggests the IoT and AI-assisted Smart Metering System (IoT–AI–SMS) as a new data acquisition equipment for predicting energy consumption in smart cities. The information is taken from Energy Efficiency Datasets to examine smart cities' energy consumption. This research offers a Recurrent Neural Network (RNN) for load forecasting using smart meter data. This technique allows training a single model with all participating smart meters without exchanging local information. Considering the customers' needs, the model developed scheduled the controllable loads and offered optimal dispatch of distributed generation in the smart grid. © 2024"
50,47,2,12511,0.307692307692308,"A framework for blockchain-based management of IoT-driven data sharing",2025,"10.21833/ijaas.2025.01.020","Big data systems rely on acquiring, analyzing, and processing diverse data sets to enable predictive analytics in decision support systems. The integration of Internet of Things (IoT) devices generates vast amounts of data, creating challenges related to security, scalability, and efficient data management in mobile environments. Traditional IoT data sharing platforms often depend on Trusted Third Parties (TTPs), which compromise security, transparency, and trust, while also facing constraints like limited storage, privacy concerns, and high energy consumption. This research proposes a blockchain-based IoT data management platform utilizing the InterPlanetary File System (IPFS) to address these issues. The platform defines data access roles through smart contracts, ensuring data integrity and security while modernizing legacy systems. Experimental evaluation demonstrates the platform's efficiency in energy consumption and storage management for smart communication contracts. Key contributions include a blockchain-based architecture, algorithms for implementation, and validation using satellite-sensed data, advancing decentralized data management solutions. © 2025 The Authors."
50,47,3,13714,0.305084745762712,"SQAHO-IoMT: A Post-Quantum Secure and AI-Resilient Aggregation Framework for Smart Healthcare Systems",2025,"10.1109/JBHI.2025.3638745","The integration of smart technology into the Internet of Medical Things (IoMT) offers transformative capabilities for precision medicine, enabling real-time, patient specific modeling, predictive diagnostics, and secure re mote monitoring. However, the growing complexity of AI enabled healthcare systems introduces heightened risks from both conventional and emerging threats, including quantum computing and Artificial Intelligence (AI)-driven attacks. We propose SQAHO-IoMT, Secure Quantum Aggregation with Hardened Obfuscation, a unified security framework designed to protect resource-constrained med ical devices and their digital counterparts. SQAHO-IoMT employs Ring-LWE–based post-quantum encryption with a hierarchical key structure to support efficient homo morphic aggregation of patient data, ensuring privacy preserving synchronization between different entities of IoMT. To counter AI-based reverse engineering of aggre gation logic and device behavior, the framework introduces noise-flooded obfuscation. A threshold-based key-sharing mechanism further strengthens compromise tolerance and supports decentralized resilience in IoMT ecosystems. For mal security analysis confirms 100-bit quantum resistance against key recovery and logic extraction, along with 128-bit post-quantum integrity through optimized digital signatures. Evaluation on a 32-bit ARM Cortex-M4 demonstrates low latency performance (81.1 ms end-to-end) and minimal energy consumption (0.13 mJ per device per sample) for 100-node deployments. By combining post-quantum cryp tography with AI-aware obfuscation, SQAHO-IoMT advances secure, trustworthy data aggregation in smart healthcare, facilitating reliable analytics for personalized treatment, critical care monitoring, and remote patient management. © 2013 IEEE."
50,47,4,12685,0.294117647058824,"Grid Modernization in the Age of Artificial Intelligence and Cloud: Synergies Between Grid Modernization, Artificial Intelligence, and Cloud",2025,"10.1109/MPE.2025.3565467","The electric power grid faces unprecedented challenges as it evolves to meet rising energy demands, integrate renewable sources, and adapt to new technologies. This paper explores how cloud computing and artificial intelligence (AI) are emerging as transformative solutions for grid modernization. Cloud platforms provide the scalable infrastructure and computing power needed to process vast amounts of grid data, while AI enables advanced analytics and decision-making capabilities. Together, these technologies are revolutionizing grid operations across multiple domains. Key applications include intelligent solutions for data center integration, accelerating generator interconnection processes, facilitating distributed energy resource management at scale, enabling data-driven predictive maintenance, enhancing grid resilience and self-healing, optimizing energy generation and distribution, and implementing advanced cybersecurity measures. The article discusses several real-world implementations demonstrating significant operational improvements and cost savings for utilities. It also examines emerging trends like generative AI and multiagent systems that promise to further enhance grid capabilities. While highlighting the immense potential of cloud and AI technologies, the authors emphasize that successful adoption requires a holistic approach encompassing organizational change, workforce development, and regulatory evolution. Looking ahead, the convergence of cloud and AI is poised to create a more intelligent, efficient, and reliable power grid to meet future energy needs. However, realizing this vision will require ongoing collaboration among utilities, technology providers, regulators, and researchers.  © IEEE. 2003-2012 IEEE."
50,47,5,22513,0.294117647058824,"Design and implementation of a security improvement framework of Zigbee network for intelligent monitoring in IoT Platform",2018,"10.3390/app8112305","Internet of Things (IoT) opens new horizons by enabling automated procedures without human interaction using IP connectivity. IoT deals with devices, called things, represented as any items from our daily life that are enhanced with computing or communication facilities. Among various mobile communications, Zigbee communication is broadly used in controlling or monitoring applications due to its low data rate and low power consumption. Securing IoT systems has been the main concern for the research community. In this paper, different security threats of Zigbee networks in the IoT platform have been addressed to predict the potential security threats of Zigbee protocol and a Security Improvement Framework (SIF) has been designed for intelligent monitoring in an office/corporate environment. Our proposed SIF can predict and protect against various potential malicious attacks in the Zigbee network and respond accordingly through a notification to the system administrator. This framework (SIF) is designed to make automated decisions immediately based on real-time data which are defined by the system administrator. Finally, the designed SIF has been implemented in an office security system as a case study for real-time monitoring. This office security system is evaluated based on the capacity of detecting potential security attacks. The evaluation results show that the proposed SIF is capable of detecting and protecting against several potential security attacks efficiently, enabling a more secure way of intelligent monitoring in the IoT platform. © 2018 by the authors."
50,48,1,20007,0.214659685863874,"Planning and operation of an integrated energy system in a Swedish building",2019,"10.1016/j.enconman.2019.111920","More flexibility measures are required due to the increasing capacities of variable renewable energies (VRE). In buildings, the integration of energy supplies forms integrated energy systems (IES). IESs can provide flexibility and increase the VRE penetration level. To upgrade a current building energy system into an IES, several energy conversion and storage components are needed. How to decide the component capacities and operate the IES were investigated separately in studies on system planning and system operation. However, a research gap exists that the system configuration from system planning is not validated by actual operation conditions in system operation. Meanwhile, studies on system operation assume that IES configurations are predetermined. This work combines system planning and system operation. The IES configuration is determined by mixed integer linear programming in system planning. Actual operation conditions and forecast errors are considered in system operation. The actual operation profiles are obtained through year-round simulations of different energy management systems. The results indicate that the system configuration from system planning can meet energy demands in system operation. Among different energy management systems, the combination of robust optimization and receding horizon optimization achieves the lowest yearly operation cost. Meanwhile, two scenarios that represent high and low forecast accuracies are studied. Under the high and low forecast accuracy scenarios, the yearly operation costs are about 4% and 6% higher than that obtained from system planning. © 2019 Elsevier Ltd"
50,48,2,39099,0.188679245283019,"Power grid operation optimization and forecasting using a combined forecasting system",2023,"10.1002/for.2888","Reliable photovoltaic and wind power generation forecasts are essential for efficient power systems operations. A combined forecasting system is developed, which integrates a data preprocessing method, a sub-predictor selection rule, and a multi-objective optimization to integrate various forecasting models. The proposed system effectively aggregates the advantages of all algorithms involved, facilitating greater prediction precision and stability. Experiments indicated that the proposed system can achieve higher quality point and interval forecasting performance relative to the comparative approaches. © 2022 John Wiley & Sons Ltd."
50,48,3,26628,0.181818181818182,"Conditional value-at-risk-based optimal spinning reserve for wind integrated power system",2016,"10.1002/etep.2180","In wind-integrated power systems, the stochastic and random wind power brings more uncertainties to power system operation. To address multiple uncertain factors including wind power forecast error, generator failure, and load forecast error, a conditional value-at-risk (CVaR)-based optimal spinning reserve determination method for wind-integrated power system is proposed in this paper with consideration of both reliability and economy of system operation under a certain level of risk. The CVaR model of spinning reserve considering different uncertain factors is built and then incorporated into the coordinated scheduling model of power generation and spinning reserve in wind integrated power system. The optimization model is solved by mix integer linear programming, and the CVaR-based spinning reserve allocation and the power output of each unit are optimally determined at a certain confidence level. The proposed method can provide a trade-off between the economy and reliability of system operation with respect to the confidence level of risk. Simulation results on 10-unit system and 100-unit system demonstrate the effectiveness of the proposed method. Copyright © 2016 John Wiley & Sons, Ltd. Copyright © 2016 John Wiley & Sons, Ltd."
50,48,4,13954,0.170068027210884,"Design and verification of a novel energy-efficient pump-valve primary-auxiliary electro-hydraulic steering system for multi-axle heavy vehicles",2024,"10.1016/j.energy.2024.133473","Multi-axle heavy vehicles employ a variable-length tie rod steering system to achieve precise multi-mode steering. However, the single-axle steering system need integrate two sets of electro-hydraulic control systems (EHCSs), resulting in the energy consumption significant increase. This paper proposes a novel energy-efficient pump-valve primary-auxiliary electro-hydraulic steering system (PVPA EHSS) which compose of a pump-controlled dual-steering cylinders primary system and a valve-controlled variable-length tie rod cylinder auxiliary system. The proposed system utilizes a single pump to drive both the primary and auxiliary EHCSs simultaneously, enabling high-precision and high-efficiency steering with multi steering modes. Additionally, to suppress the flow disturbance of the auxiliary system branch flow on the single-pump-controlled steering primary system, the interaction between the flow of the auxiliary system and the flow of the primary system in each steering phase is studied. A pump flow feedforward-angle feedback composite control strategy incorporating branch flow prediction is proposed to mitigate the disturbance and ensure the accurate steering of left and right tires. The experimental results demonstrate that compared to the traditional variable-length tie rod steering system, the proposed system reduces energy consumption by 58.66 %, and achieves precise adaptation of the left and right tire angles in multi steering modes. © 2024"
50,48,5,14785,0.161111111111111,"Research on carbon emission accounting and low carbon operation methods for urban water supply systems",2024,"10.1016/j.jwpe.2024.106438","Under the environment of global warming, how to promote the innovative and efficient development of water supply system is the key to sustainable urban development. There is still room for improvement in the study of carbon emissions in urban water supply systems and there is a lack of appropriate rationale for low-carbon operation and management of waterworks. A water-energy-carbon (WEC) framework is established in Fuzhou to account for the carbon emissions from 2013 to 2022 and the level of coupling and coordination development is evaluated in this study. A multi-objective optimization model and a system dynamics (SD) model were developed to optimize the low-carbon operation of the water supply system and predict future climate impacts. We also provide a quantitative and qualitative evaluation method for low-carbon operation. The results show that carbon emissions generated by electricity consumption and chemical use in the water supply system contribute greatly, and the coupling coordination level is high. Under different scenarios, the optimal solutions of carbon emissions, carcinogenic risk factors and unit energy economy range from 1.63 to 3.82 kt CO2-eq, 4.4 × 10−5 to 2.7 × 10−4, and 0.26 to 0.73 RMB/MJ. In the SD model, the water supply system can achieve 17 % and 20 % carbon reduction in 2025 and 2030. Its carbon reduction direction is mainly reflected in public service water use. This study provides a reference for optimizing the operation of water supply systems. © 2024 Elsevier Ltd"
50,49,1,26138,0.430232558139535,"Finite element analysis of HSS semi-rigid composite joints with precast concrete slabs and demountable bolted shear connectors",2016,"10.1016/j.finel.2016.08.003","High-strength steel has a higher yield strength, greater corrosion resistance and superior toughness compared to mild steel, and its use can contribute to the sustainability of a steel structure by increasing its structural life whilst reducing steel usage and maintenance. In addition, using deconstructable steel-concrete composite floors can facilitate component recycling and reuse and can improve the sustainability of the building industry significantly by reducing energy consumption and construction waste at demolition. This paper investigates the structural behaviour of an innovative beam-to-column composite semi-rigid joint with deconstructable post-installed friction-grip bolted shear connectors and grade S690 high strength steel flush end plates. Non-linear continuum-based finite element models are developed and validated against results of four full-scale laboratory tests of this innovative joint. The validated finite element models are used for conducting an extensive parametric study in which the effects of the reinforcement ratio, thickness of the precast concrete slab, degree of shear connection, number of bolted shear connectors, size of the bolts in the connection zone, size of the steel beam and thickness of the flush end plate on the structural behaviour of a composite joint with deconstructable post-installed friction-grip bolted shear connectors and grade S690 high strength steel flush end plates are investigated. A simple analytical model is proposed to predict the moment capacity and rotation capacity of this type of composite joint. © 2016 Elsevier B.V."
50,49,2,14694,0.411764705882353,"Output Voltage Model and Mechanical-Magnetic Design of Magnetostrictive Vibration Energy Harvester with a Rotating Up-Frequency Structure; [旋转升频结构磁致伸缩振动能量收集器输出电压模型与机-磁设计]",2024,"10.19595/j.cnki.1000-6753.tces.231946","A vibration energy harvester can harvest vibration energy in the environment and convert it into electrical energy to power the sensors in the Internet of Things. Human walking contains high-quality vibration energy, which serves as the energy source for vibration energy harvesters due to its abundant availability, high energy conversion efficiency, and environmental friendliness. It is difficult to harvest human walking vibration due to its low frequency. Converting the low-frequency vibration of human walking into high-frequency vibration has attracted attention. In previous studies, vibration energy harvesters typically increase frequency by raising excitation frequency or inducing free vibration. When walking frequency changes, the up-frequency method of raising the excitation frequency changes the voltage frequency, resulting in the best load resistance change and reducing the output power. The up-frequency method of inducing free vibration does not increase the external excitation frequency, which has relatively low output power. This paper designs a magnetostrictive vibration energy harvester with a rotating up-frequency structure. It consists of a rotating up-frequency structure, a magnetostrictive structure, coils, and bias magnets. The main body of the rotating up-frequency structure comprises a torsion bar and a flywheel with a dumbbell-shaped hole. The magnetostrictive structure includes four magnetostrictive metal sheets spliced by Galfenol and steel sheets. The torsion bar and flywheel interact to convert low-frequency linear vibration into rotating high-frequency excitation vibration of the flywheel. The flywheel plucks the magnetostrictive metal sheet with a high excitation frequency to generate free vibration. The vibration energy harvester increases the excitation frequency while inducing free vibration, which can effectively improve the output power. To characterize the excitation vibration and free vibration, based on the theory of Euler-Bernoulli beam theory, the vibration equation of the magnetostrictive metal sheet after being excited is given. According to the classical machine-magnetic coupling model and the Jiles-Atherton physical model, the relationship between stress and magnetization strength is derived. Combined with Faraday's law of electromagnetic induction, the distributed dynamic output voltage model is established. This model can predict the output voltage at different excitation frequencies. Based on this model, the mechanical-magnetic structural parameter optimization design is carried out. The parameters of the magnetostrictive metal sheet, the bias magnet, and the rotating up-frequency structure are determined. A comprehensive experimental system is established to test the device. The peak-to-peak voltage and output voltage signal by the proposed model are compared. The average relative deviation of the peak-to-peak voltage and the output voltage signal is 4.9% and 8.2%, respectively. The experimental results show that the output power is proportional to the excitation frequency. The optimum load resistance is always 800 Ω as the excitation frequency changes, simplifying the impedance-matching process. The maximum peak-to-peak voltage of the device is 58.60 V, the maximum root mean square (RMS) voltage is 9.53 V, and the maximum RMS power is 56.20 mW. The magnetostrictive vibration energy harvester with a rotating up-frequency structure solves the problem of impedance matching, which improves the output power. The proposed distributed dynamic output voltage model can effectively predict the output characteristics. This study can provide structural and theoretical guidance for up-frequency structure vibration energy harvesters for human walking vibration. © 2024 China Machine Press. All rights reserved."
50,49,3,30346,0.394557823129252,"A resonant frequency self-tunable rotation energy harvester based on magnetoelectric transducer",2013,"10.1016/j.sna.2013.01.034","This paper presents a passive self-tuning energy harvester based on magnetoelectric (ME) transducer for potential powering the wireless sensors in rotational applications. The harvester has two cylindrical magnets arranged on the free end of a cantilever beam, and two hollow magnets with ME transducers inside their cavities are located symmetrically beside the beam and enfaced with the cylindrical magnets. With the beam radial-oriented, the harvester rotates around a horizontal axis, and the alternation of the gravity component causes the magnets on beam to move relative to the transducers, which induces the electrical power generation. Due to the axial tensile stress caused by the centrifugal force, the resonant frequency is tuned to track the rotation frequency over a wide frequency range, which enables the harvester a broad working bandwidth. Furthermore, the attractive magnetic forces between the magnets lower the initial resonant frequency of the beam and enlarge the vibration amplitude. Consequently, the electrical output performances over the target frequency range (below 20 Hz) are improved. A prototype is fabricated and tested. The experimental results are in agreement with the theoretical predictions. The prototype generates a maximum power of 517 μW at a rotation frequency of 9.8 Hz, corresponding to a half-power bandwidth of 13.5 Hz. © 2013 Elsevier B.V."
50,49,4,40147,0.378504672897196,"Experimental investigation on mechanical properties of glass fiber reinforced recycled aggregate concrete under uniaxial cyclic compression",2022,"10.1016/j.clema.2022.100164","In this investigation, glass fiber (GF) was incorporated into recycled concrete to form a new sustainable material (glass fiber reinforced recycled concrete) to solve the shortcomings of easy cracking and high brittleness of recycled concrete. At present, there are few investigations and experiments on the mechanical properties of the material under uniaxial cyclic compression, and there is a lack of prediction of the behavior of the material in a specific mechanical environment. Thus, this investigation focuses on the stress–strain relationship and mechanical properties of glass fiber reinforced recycled concrete (GFRAC) under uniaxial cyclic compression. In order to achieve this goal, the stress and strain of the specimen under cyclic compression were discussed by designing three variables: recycled aggregate replacement rate, glass fiber content, and loading rate. The failure process of GFRAC under cyclic loading was observed and recorded, and the failure mechanism of GFRAC was analyzed in depth from macro to micro levels. The stress–strain curve law of GFRAC under cyclic action is summarized. The plastic strain and stiffness degradation law of recycled glass fiber reinforced concrete were revealed. The hysteretic energy consumption of each cycle is quantified and compared. The results show that, under the influence of GF content and recycled aggregate replacement percentage, GFRAC specimens appeared oblique shear failure, splitting failure and oblique shear & splitting failure under cyclic action. The stress–strain envelope curve of GFRAC under cyclic loading is similar to the monotonic one. Increasing the replacement ratio of aggregates can increase the peak strain of the specimen under cyclic action, and the maximum improvement value can reach 12.62 percent. The addition of GF can improve the ductility of recycled concrete, increase the hysteresis energy consumption, and finally affect the stiffness degradation rate of the specimen. Among them, under the same recycled aggregate replacement rate and the same cycle numbers, the stiffness degradation rate of the specimen with 0.05 % GF content is twice that of the specimen with 0.15 % GF content. This investigation provides a theoretical basis and reference for further research on GFRAC. © 2022"
50,49,5,39499,0.356164383561644,"Cyclic behavior of column-to-column connections in novel prefabricated H-shaped steel beam to CFST column joint",2023,"10.1016/j.jcsr.2022.107657","This paper presents a novel form of prefabricated H-shaped steel beam to concrete-filled steel tubular (CFST) column joints. The behavior of such novel beam-to-column joints was investigated through cyclic loading tests on four joint specimens. The examined parameters included the thickness and the yield stress of the column steel tube, and the distance between the transfer sleeve and the flange of the steel beam. The hysteretic behavior, failure modes, flexural stiffness and capacity, and energy consumption of the joint specimens were discussed in detail. Particularly, the effectiveness of the proposed column-to-column connections, which are critical sections of the proposed joints, in transferring bending moments between column segments was evaluated. The test results indicated that the proposed beam-to-column joints exhibited great flexural capacity and energy dissipation capacity. It was also found that the thickness and yield stress of the steel column tube significantly affect the flexural capacity of the column-column connection and the shear deformation of the panel zone. Finally, accurate finite element model was developed for the prediction of main mechanical properties, such as initial stiffness, yield strength, and maximum strength. © 2022 Elsevier Ltd"
50,50,1,29176,0.361538461538462,"Two-stage robust generation expansion planning: A mixed integer linear programming model",2014,"10.1109/TPWRS.2013.2287457","This paper presents a new uncertainty handling framework for optimal generation expansion planning (GEP) amalgamating the notions of single-stage and two-stage robust optimization (RO). The proposed multiyear robust GEP methodology, as a tractable mixed integer linear programming optimization problem, copes with the inherent planning uncertainties associated with forecasted electricity load demand, as well as estimated investment and operation costs through distribution-free bounded intervals producing polyhedral uncertainty sets. The optimal generation expansion plan obtained from the proposed RO approach is immunized against worst-case planning uncertainties considering the adopted degree of conservatism for each uncertainty set. Therefore, the proposed methodology is capable of controlling the robustness of the optimal investment schedule regarding the enforced planning uncertainties. Simulation results demonstrate the efficacy and efficiency of the proposed RO framework throughout GEP studies. © 1969-2012 IEEE."
50,50,2,22009,0.315436241610738,"Two-Stage Robust Security Constrained Unit Commitment Considering the Spatiotemporal Correlation of Uncertainty Prediction Error",2019,"10.1109/ACCESS.2019.2895625","Robust optimization (RO) is an important tool to solve the security-constrained unit commitment (SCUC) problem for a power system with large-scale wind power. The main disadvantage of RO is that it is overly conservative, and the conservativeness of RO can be attributed to the uncertainty set used in the formulation. This paper proposes a two-stage robust SCUC model considering the spatiotemporal correlation of the uncertainty prediction error. First, based on the historical data, a polyhedral uncertainty set that can describe the spatialoral correlation of uncertainties is established, and the analytical relationship between confidence probability and the uncertain set is given. Second, a two-stage robust SCUC model with the objective of minimizing the operating cost under the forecasting scenarios is proposed based on the polyhedral set. Third, the Benders decomposition method is used to solve the proposed model according to its characteristics. The simulation results on the modified IEEE-30 and IEEE-118 bus system demonstrate that the proposed method can reduce the conservativeness of RO and guarantee the security and economy of the unit commitment. © 2013 IEEE."
50,50,3,26749,0.313253012048193,"Integration of renewable generation uncertainties into stochastic unit commitment considering reserve and risk: A comparative study",2016,"10.1016/j.energy.2016.03.007","The uncertainties of renewable energy have brought great challenges to power system commitment, dispatches and reserve requirement. This paper presents a comparative study on integration of renewable generation uncertainties into SCUC (stochastic security-constrained unit commitment) considering reserve and risk. Renewable forecast uncertainties are captured by a list of PIs (prediction intervals). A new scenario generation method is proposed to generate scenarios from these PIs. Different system uncertainties are considered as scenarios in the stochastic SCUC problem formulation. Two comparative simulations with single (E1: wind only) and multiple sources of uncertainty (E2: load, wind, solar and generation outages) are investigated. Five deterministic and four stochastic case studies are performed. Different generation costs, reserve strategies and associated risks are compared under various scenarios. Demonstrated results indicate the overall costs of E2 is lower than E1 due to penetration of solar power and the associated risk in deterministic cases of E2 is higher than E1. It implies the superimposed effect of uncertainties during uncertainty integration. The results also demonstrate that power systems run a higher level of risk during peak load hours, and that stochastic models are more robust than deterministic ones. © 2016 Elsevier Ltd."
50,50,4,29036,0.31,"Two-level unit commitment and reserve level adjustment considering large-scale wind power integration",2014,"10.1002/etep.1812","Integrating wind power generation into bulk power grids imposes significant challenging to system operations due to the stochastic variation and limited predictability of wind power generation. One of the key issues is how to optimally schedule various units and determine a proper spinning reserve level to guarantee a reliable operation of the integrated system in a robust and economic manner. In this paper, we propose a two-level unit commitment (TLUC) for power systems facing large uncertainties in the context of adjustable robust optimization. The commitment decision acts as first-stage decisions that need to be robust against uncertainty, whereas the output decision acts as adjustable decisions that is decided after uncertainty is revealed. This decision mechanism naturally decomposes a conventional unit commitment (UC) problem into two levels, the upper level provides unit working status, whereas the lower level checks if there is at least one dispatch solution under uncertainty subject to the status. Unlike conventional UC, where the reserve level is fixed from operating experiences, in TLUC, the reserve level also acts as a decision variable in the upper level that controls the robustness of UC decisions. A heuristic algorithm is developed to solve this TLUC problem, providing the robust UC decision against uncertainty as well as the minimal spinning reserve level required to maintain reliability. Numerical experiments are carried out on the IEEE 39-bus system and large-scale realistic Guangdong power grid in China and demonstrate the effectiveness of our approach. Copyright © 2013 John Wiley & Sons, Ltd."
50,50,5,41136,0.309210526315789,"Solar photovoltaic dispatch margins with stochastic unbalanced demand in distribution networks",2022,"10.1016/j.ijepes.2022.107976","The increase in the generation capacity of the variable photovoltaic units introduces new challenges to the operation of the unbalanced three-phase distribution networks. In this paper, a two-stage optimization problem is formulated to identify the feasible dispatch margins of photovoltaic generation considering the distribution network operation constraints. The proposed problem is solved using the column-and-constraint generation approach. The distribution network constraints are formulated as second-order cone constraints. The uncertainty in the forecasted demand and maximum photovoltaic generation as well as the unbalanced operation of the distribution network is considered in the proposed approach. The dispatch margins of photovoltaic generation are quantified considering the worst-case realization of demand in the distribution network. The impacts of energy storage and the ramping limits of the dispatchable generation resources on the dispatch margins of photovoltaic generation are addressed in this network. The dispatch margins of photovoltaic generation are quantified in the modified IEEE 13-bus system. It is shown that enforcing the ramping rates for the dispatchable units will increase the lower dispatch margins of photovoltaic generation, and leveraging energy storage increases the difference between the lower and upper photovoltaic dispatch margins. © 2022 Elsevier Ltd"
