Author,Patent_Publications,Patent_Citations,Policy_Publications,Policy_Citations
"A, Ruhan (57034165500)",1,1,0,0
"Aagaard, Todd (26665317600)",0,0,1,2
"Aatola, Piia (35329261100)",0,0,1,26
"Aazhang, Behnaam (7006212666)",1,5,0,0
"Ababei, Cristinel (6603028022)",2,4,0,0
"Abad, Alberto (57070754600)",1,3,0,0
"Abad, G. (22333375200)",1,1,0,0
"Abad, Jose (56767698200)",0,0,1,2
"Abada, Ibrahim (37118532100)",0,0,2,6
"Abadie, Marc O. (14047907000)",0,0,1,7
"Abadie, Marc Olivier (14047907000)",0,0,1,1
"Abadleh, Ahmad (56407158200)",1,1,0,0
"Abaee, Mojtaba (57207469381)",1,3,0,0
"Abah, Emmanuel Owoicho (57215565440)",0,0,1,1
"Abaide, Alzenira da Rosa (8714344900)",0,0,1,2
"Abanades, Stéphane (6603568411)",2,6,0,0
"Abas, Naeem (56429444900)",1,1,0,0
"Abate, Antonio (35167776300)",1,2,0,0
"Abawajy, Jemal (8937496700)",1,1,0,0
"Abbad, Juan Rivier (24759555000)",1,1,1,1
"Abbas, Ahmad I. (57190125964)",0,0,1,2
"Abbas, Ghulam (57203423498)",1,1,0,0
"Abbas, Ghulam (59128538100)",1,1,0,0
"Abbas, Sagheer (57202833192)",0,0,1,1
"Abbas, Ziaul Haq (35202913400)",1,1,0,0
"Abbasi, Ehsan (23007655800)",1,3,0,0
"Abbasi, Hamid (7004049609)",0,0,1,2
"Abbasi, Mohammad Reza (57218355700)",1,1,0,0
"Abbaspour, Mohammadjavad (59455659400)",0,0,1,1
"Abbes, Dhaker (36681868700)",2,4,0,0
"Abbou, Ahmed (24821294900)",1,2,0,0
"Abboud, Alexander W. (57191614158)",0,0,1,2
"Abd El Khalek, Nour El Din (57191041507)",0,0,1,1
"Abd Elaziz, Mohamed (57195591068)",1,1,0,0
"Abd, Mehmmood A. (55763502600)",1,1,0,0
"Abdalisousan, Ashkan (56464320300)",1,1,0,0
"Abdalla, Ammar Atif (57215426207)",1,1,0,0
"Abdalla, Omer M. (57205487446)",1,1,0,0
"Abdallah, I. (56454196800)",1,3,0,0
"Abdallah, Marwan (57221832890)",1,2,0,0
"Abdallah, Moatassem (55926763100)",1,1,0,0
"Abdallah, Monica (60398917400)",1,2,0,0
"Abdallat, Yousef (55023825600)",0,0,1,2
"Abdel Aleem, Shady H.E. (35995314900)",0,0,1,1
"Abdel Magid, Salma (57210555604)",1,1,0,0
"Abdel-Aal, R.E. (7004092846)",0,0,1,1
"Abdel-Hadi, Ahmad (57219782344)",0,0,1,2
"Abdel-Rahman, Mohamed A. E. (57192780780)",1,1,0,0
"AbdelMoety, Ahmed (57214272287)",1,1,0,0
"Abdelaziz, Ahmed (57000066100)",1,1,0,0
"Abdelkhalikh Idriss, Idriss (57219992135)",0,0,1,17
"Abdellatif, Abdallah (57304215000)",0,0,1,2
"Abdelrahem, Mohamed (56951337100)",1,1,0,0
"Abdelsattar, Montaser (60618494800)",1,1,0,0
"Abdi, Roozbeh (57223149904)",1,1,0,0
"Abdin, Zainul (57191905867)",0,0,1,1
"Abdolrashidi, Amirali (56495505500)",0,0,1,5
"Abdul Aziz, A.R. (24167305500)",0,0,1,1
"Abdul Aziz, Mohd Sharizal (36695908700)",1,4,0,0
"Abdul Majeed, Wameath S. (54402262400)",0,0,1,1
"Abdul Rahman, Hasimah (11639676300)",1,3,0,0
"Abdul Raman, Abdul Aziz (24167305500)",1,1,0,0
"Abdulaal, Mohammed (57235959000)",1,1,0,0
"Abduljabbar, Mustafa (56884458400)",1,1,0,0
"Abdulkhaleq, M. (13004125500)",0,0,1,6
"Abdulla, Ahmed (55188482400)",0,0,1,1
Abdullah (57221134434),1,1,0,0
"Abdullah, Lazim (35228592500)",0,0,1,1
"Abedinia, Oveis (36924416300)",1,1,0,0
"Abela, Alan (55775541900)",0,0,1,1
"Abella, Jaume (54953444600)",1,2,0,0
"Aben, Filip (57200964767)",0,0,1,1
"Abeydeera, Maleen (56829626900)",1,2,0,0
"Abhari, Reza S. (7004180630)",0,0,1,3
"Abhyankar, Abhijit R. (36789930200)",0,0,1,1
"Abid, Md. Shadman (57289532000)",1,1,0,0
"Abidi, Asad A. (7006802571)",1,2,0,0
"Abido, Mohamed A. (56048231100)",0,0,1,2
"Abo-Zahhad, Essam M. (57190284061)",1,1,0,0
"Aboagye, Bernard (57193848345)",0,0,1,1
"Abolhasan, Mehran (7801527582)",1,1,0,0
"Aboluhom, Abdulatif Ahmed Ali (59300180400)",1,1,0,0
"Abou-Zeid, Hatem (59878870100)",1,4,0,0
"Aboud, Aref (57437876600)",0,0,1,4
"Aboul Ela, Hanaa H.A. (58540424900)",1,1,0,0
"Abraham, Ajith (7202760099)",1,1,0,0
"Abraham, Raju (7202080270)",0,0,1,2
"Abrahão, Gabriel Medeiros (55522518300)",0,0,1,2
"Abrams, Jesse F. (56964747700)",1,3,1,37
"Abras, Shadi (23003629300)",1,2,0,0
"Abrell, Jan (35728268800)",0,0,1,6
"Abreu, Joana M. (36681826300)",1,7,0,0
"Absalon, Damian (22940112900)",0,0,1,1
"Abu Sharkh, Mohamed (55936522000)",1,1,0,0
"Abu-Hamed, Tareq (23090549100)",1,1,1,1
"Abu-Hijleh, Bassam (55950978500)",0,0,1,1
"Abu-Reesh, Ibrahim M (6701483235)",1,1,0,0
"Abu-Rub, Haitham (24466485200)",2,2,1,1
"Abuhmaidan, Khaled (57203211471)",1,1,0,0
"Abyaneh, Hossein Askarian (6505763397)",0,0,1,1
"Aceves, Salvador M. (7003484570)",0,0,1,1
"Acha, Salvador (7801621970)",0,0,1,1
"Achariyaviriya, Witsarut (57212228172)",0,0,1,1
"Acheampong, Alex O. (57203171610)",0,0,1,1
"Acker, Tom (8201395300)",1,1,1,2
"Ackermann, Marko (12645760100)",1,1,1,2
"Ackermann, Thomas (7004629025)",0,0,1,23
"Acuna, Pablo (57125933500)",2,3,2,2
"Adam, Marius (39861001000)",1,1,0,0
"Adam, Rick (57219575291)",1,1,0,0
"Adams, F. Gerard (7201650417)",0,0,1,8
"Adams, Neil (56572149800)",0,0,1,3
"Adams, Samuel (23468473900)",0,0,1,5
"Adamson, Richard (57191709470)",1,1,0,0
"Adaramola, Muyiwa Samuel (14219113600)",0,0,1,1
"Adebayo, Tomiwa Sunday (57218099170)",0,0,1,1
"Adebiyi, Abayomi A. (57197732250)",0,0,1,2
"Adeepa Fernando, K.N. (59497015800)",1,1,0,0
"Adegbija, Tosiron (55549600100)",1,1,0,0
"Adenikinju, Adeola F. (6507983058)",0,0,1,1
"Adeoti, O. (57221543209)",0,0,1,5
"Adeoye, Omotola (57202418682)",0,0,1,4
"Adepetu, Adedamola (55224324800)",0,0,1,4
"Adetutu, Morakinyo O. (56024840100)",0,0,1,4
"Adhikari, Kabita (56808983400)",1,1,0,0
"Adhikari, Mainak (56340886300)",0,0,1,1
"Adiarso, Adiarso (58130963100)",0,0,1,2
"Adika, Christopher O. (55510989200)",0,0,1,1
"Adil, Muhammad (57223827266)",1,2,0,0
"Adjei, Mavis (57222585489)",0,0,1,2
"Adkins, Edwin (35193454400)",0,0,1,11
"Adnan, Muflih A. (57193333222)",1,2,0,0
"Adnan, Muhammad (57202148581)",0,0,1,1
"Adnan, Muhammad (57203254382)",0,0,1,3
"Adnan, Muhammad (58666286900)",1,1,0,0
"Adnane, Marouane (57222002376)",1,1,0,0
"Adolfsson, Göran (36979345200)",1,4,0,0
"Adom, Philip Kofi (54879382100)",0,0,1,3
"Adoram-Kershner, Lauren Andrea (57202390011)",1,1,0,0
"Adouane, M. (56031639500)",0,0,1,1
"Adu-Gyamfi, Gibbson (57222584596)",0,0,1,2
"Adu-Poku, Isaac (56079273500)",0,0,1,11
"Adua, Lazarus (26422798100)",0,0,1,17
"Adánez, Juan (7004924422)",1,3,0,0
"Adéchina Alamou, Eric (57189033710)",0,0,1,1
"Affandi, Nor Dalila Nor (35721548600)",1,1,1,1
"Afgan, Naim (7007071204)",0,0,2,3
"Afrasyabi, Hadi (57193555529)",1,2,0,0
"Afroz, Zakia (57199274543)",1,4,1,1
"Afshar Ghotli, Reza (55524262900)",1,1,0,0
"Aftab, Muhammad (58097628500)",1,1,0,0
"Afzaal, Ayesha (56127328500)",1,1,0,0
"Afzal, Bilal (59267805000)",0,0,1,1
"Afzal, Muhammad Khalil (7102789828)",1,2,0,0
"Afzalan, Milad (57195302032)",0,0,1,3
"Afzali-Kusha, Ali (8568812600)",2,2,0,0
"Afzali-Kusha, Hassan (55511984900)",1,1,0,0
"Agalgaonkar, A.P. (8971592600)",1,2,2,2
"Agarwal, Amit (57195848721)",2,22,0,0
"Agarwal, Nikunj (56412429900)",1,3,0,0
"Agarwal, Rishi (57676888700)",1,3,0,0
"Agarwal, Sukarn (57192556874)",1,1,0,0
"Agarwal, Udit (58334396600)",1,1,0,0
"Agarwal, Vivek (57204083493)",1,4,0,0
"Agathokleous, Rafaela A. (55552252200)",0,0,1,2
"Agbossou, K. (56238417000)",0,0,1,1
"Agdas, Duzgun (36459489300)",0,0,1,1
"Agelidis, Vassilios G. (7003492499)",1,1,1,1
"Agert, Carsten (6602330912)",1,2,1,2
"Agga, Ali (57224473932)",1,2,0,0
"Aggarwal, Vikas (57208402125)",1,1,0,0
"Aggidis, George (9338335100)",0,0,1,15
"Aggour, Mohamed (36932620800)",1,1,0,0
"Agha-Hossein, M.M. (55843320800)",0,0,1,3
"AghaKouchak, Amir (30267501800)",0,0,1,11
"Aghaei, Jamshid (8691894800)",0,0,1,1
"Aghajanzadeh, Arian (57194112868)",0,0,1,2
"Agliardi, Gian Luca (57191707551)",0,0,1,1
"Agostini, Luciano (7003901148)",2,2,0,0
"Agoua, Xwegnon Ghislain (57195605909)",1,1,0,0
"Agrawal, Ajay K. (7202771693)",1,2,0,0
"Agrawal, Nikhil (57197023804)",0,0,1,2
"Agrell, Per J. (6603948328)",0,0,1,1
"Agromayor, Roberto (57189891803)",1,1,0,0
"Agsten, Michael (36997134900)",0,0,1,3
"Aguado, Mónica (7005146913)",0,0,1,3
"Aguiar, Javier (9839158800)",1,1,0,0
"Aguiar, Javier M. (9839158800)",2,8,2,2
"Aguiar, L. Mazorra (57269129600)",0,0,1,2
"Aguiar, P. (23966379400)",1,1,0,0
"Aguiar, R. (24323784600)",0,0,1,1
"Aguilera, Ricardo P. (22233432100)",1,1,1,1
"Ahadi, Mohammad Sadegh (56674267400)",0,0,1,3
"Ahamed, Sheikh Iqbal (7005199740)",1,2,1,1
"Ahamed, Zaakki (58099936000)",1,1,0,0
"Ahanchian, Mohammad (30367449000)",0,0,1,1
"Ahiduzzaman, Md (26424506600)",0,0,1,2
"Ahilan, C. (27267522200)",1,2,0,0
"Ahjum, Fadiel (56784357100)",0,0,1,2
"Ahlgren, Erik O. (7004177316)",0,0,1,3
"Ahlstrom, Mark (6602694441)",0,0,1,4
"Ahlstrom, Mark L. (6602694441)",0,0,1,3
"Ahmad Ansari, Ejaz (35775990200)",1,1,0,0
"Ahmad, A. (16306307100)",1,1,0,0
"Ahmad, Ashfaq (57212237883)",0,0,1,1
"Ahmad, Ashfaq (57214160482)",1,1,0,0
"Ahmad, Hassan Afroze (57219704171)",1,2,0,0
"Ahmad, Iftekhar (55262666400)",1,1,0,0
"Ahmad, Jameel (56470359900)",1,1,0,0
"Ahmad, Lujean (57205733739)",0,0,1,2
"Ahmad, Md Waseem (57220774055)",1,3,0,0
"Ahmad, Muhammad Waseem (56732297100)",1,3,1,1
"Ahmad, Naveed (57223825702)",1,2,0,0
"Ahmad, Rashid (58279952900)",2,2,0,0
"Ahmad, Sajeer (57401745200)",1,1,0,0
"Ahmad, Shabir (57209916504)",1,4,0,0
"Ahmad, Zulfiqar (57213608630)",1,1,0,0
"Ahmadi, Abdollah (55260053400)",0,0,1,1
"Ahmadi, Amirhossein (57218916773)",1,1,0,0
"Ahmadi, Mohsen (57208807826)",0,0,1,1
"Ahmadian, Reza (35489998100)",0,0,2,4
"Ahmadian, Sajad (56538161600)",1,1,0,0
"Ahmadinia, Ali (8980583700)",1,5,0,0
"Ahmadzadeh, Saeid (37063025900)",0,0,1,1
"Ahmarinejad, Amir (57193512971)",0,0,1,2
"Ahmed, Ali (15059931200)",0,0,1,1
"Ahmed, Ali Najah (57214837520)",0,0,1,1
"Ahmed, Ashraf A. (55448609200)",1,3,0,0
"Ahmed, Fahad (57214278101)",1,2,0,0
"Ahmed, Faizan (57214156093)",1,4,0,0
"Ahmed, Faraedoon W. (57208837852)",1,1,1,3
"Ahmed, Ijaz (59833808800)",0,0,1,3
"Ahmed, Kaiser (56587420500)",0,0,1,1
"Ahmed, Khaled H. (24466608900)",1,2,0,0
"Ahmed, Mostafa (57217377130)",1,1,0,0
"Ahmed, Nadia (56508901700)",0,0,1,1
"Ahmed, Qadeer (25222412300)",0,0,1,1
"Ahmed, Riyadh Khlf (57202361428)",0,0,1,1
"Ahmed, Salman (59440776900)",1,1,0,0
"Ahmed, Shakir D. (57214450547)",1,1,1,1
"Ahmed, Syed Khaleel (25926812900)",1,3,0,0
"Ahmed, T. (57188993166)",0,0,1,1
"Ahmed, Tamer S. (57225754618)",2,2,1,1
"Ahmed, Toufik (7202098626)",1,7,0,0
"Ahmed, Usman (57204392052)",1,1,0,0
"Ahn, B.C. (7202791563)",1,70,0,0
"Ahn, Chang Wook (59653980300)",1,1,0,0
"Ahn, Changsun (35174212100)",2,5,0,0
"Ahn, Hogeun (57607423900)",1,1,0,0
"Ahn, Hyun (57203865287)",1,1,0,0
"Ahn, Hyung-Keun (7202928366)",1,1,0,0
"Ahn, Hyungwoong (7202928329)",1,5,0,0
"Ahn, Jeongmin (7403019370)",1,1,0,0
"Ahn, Jonghoon (57190002544)",0,0,1,2
"Ahn, Junwhan (37048466400)",1,2,0,0
"Ahn, K. (7202870650)",0,0,1,5
"Ahn, Seong-Hyeon (58064165400)",1,1,0,0
"Ahn, Sung-Hoon (57203543760)",0,0,1,5
"Ahn, Young-Hwan (57203999378)",0,0,1,1
"Aho-Mantila, L. (24398155900)",0,0,1,1
"Ahola, J. (8980526500)",0,0,1,3
"Ahshan, Razzaqul (23096981600)",1,1,0,0
"Ahunbay, M. Göktuğ (6506329950)",1,2,0,0
"Ahvar, Ehsan (24723816700)",1,4,1,3
"Ahvar, Shohreh (55428250000)",1,4,1,3
"Ai, Feifan (57873721100)",1,1,0,0
"Ai, Jia (58154256900)",1,1,0,0
"Ai, Qian (8704400400)",2,3,0,0
"Ai, Qinglin (8419980600)",1,2,0,0
"Ai, Xiaomeng (55267957100)",1,1,0,0
"Ai, Xing (7102502941)",1,2,0,0
"Aichernig, Christian (9246852500)",1,4,1,2
"Aiello, Marco (8563998100)",1,2,0,0
"Aized, Tauseef (22033674000)",0,0,1,3
"Aizenberg, Joanna (57203075066)",1,1,0,0
"Ajabshirchi, Yahya (54880614300)",0,0,1,4
"Ajayi, Anuoluwapo O. (57207576395)",1,3,0,0
"Ajenifuja, Abdulmalik (57215504843)",1,1,0,0
"Akadiri, Seyi Saint (57195961312)",0,0,1,1
"Akar, Sertaç (15019033900)",1,2,1,1
"Akay, Diyar (6507100086)",0,0,1,1
"Akbar, Mariam (15764791400)",1,1,0,0
"Akbar, Saeed (57200550038)",1,2,0,0
"Akbari, Ali (57217333162)",1,1,0,0
"Akbari, Behzad (58866454300)",1,1,0,0
"Akbari, Ehsan (57545495700)",1,1,0,0
"Akbari, Hashem (35355580500)",0,0,1,5
"Akbarzadeh, Aliakbar (7004483733)",2,2,1,1
"Akbaş, Halil (56803528600)",0,0,1,1
"Akella, Venkatesh (7004736271)",1,3,0,0
"Akers, R. (7102196668)",0,0,1,2
"Akgul, Cagla Meral (57761885200)",0,0,1,1
"Akhtar, Iram (57194519325)",0,0,1,1
"Akhter, Muhammad Naveed (57225797643)",1,1,0,0
"Akimov, Alexandr (24390517700)",0,0,1,1
"Akinade, Olugbenga O. (56770159900)",1,3,0,0
"Akinbami, J.-F.K. (6603552654)",0,0,1,5
"Akinosho, Taofeek D. (57219306135)",1,3,0,0
"Akintande, Olalekan J. (57203418430)",0,0,1,1
"Akinwumi, I.O. (6507167076)",0,0,1,5
"Akinyemi, Ayodeji S. (57682343700)",0,0,1,2
"Akira Yamachita, Roberto (14038467100)",0,0,1,4
"Akisawa, Atsushi (7004229089)",0,0,1,4
"Akkurt, Nevzat (57214078074)",0,0,1,1
"Akkurt, Sedat (6602100845)",1,2,0,0
"Akpan, Ikpe Justice (55203440600)",0,0,1,1
"Akpinar, Adem (58356740800)",1,1,0,0
"Akpoti, Komlavi (57204043429)",0,0,1,1
"Akram, Ali Sheraz (57671149000)",0,0,1,1
"Akram, Rizwan (12800833800)",1,1,0,0
"Akroyd, Jethro (35721459200)",0,0,2,31
"Akshay, K.C. (58945532000)",1,1,0,0
"Aksoy, U. Teoman (14040171700)",0,0,1,2
"Aktaa, Jarir (55943334800)",1,1,0,0
"Akyol, Ilkim Canli (59935604900)",0,0,1,1
"Al Abri, Mohammed (12763961700)",1,4,0,0
"Al Abri, Rashid (54947304900)",2,2,0,0
"Al Awadhi, Talal (21933477700)",0,0,1,1
"Al Faruque, Mohammad Abdullah (9332640800)",1,1,0,0
"Al Hamadi, Hussam (58818159500)",0,0,1,1
"Al Hinai, Amir (39761537200)",0,0,1,1
"Al Jebaei, Hussein (57219391514)",1,1,1,1
"Al Kez, Dlzar (57216830620)",1,1,1,3
"Al Khalidy, Mohammed Majid (42260939500)",1,1,0,0
"Al Maashri, Ahmed (23048731900)",1,1,0,0
"Al Mamlook, Rabia Emhamed (57216370112)",1,1,0,0
"Al Qadi, Shireen (57478061000)",0,0,1,1
"Al Shurafa, Mahmoud A. M. (57225128580)",1,1,0,0
"Al Yahyai, Sultan (35361681800)",1,1,0,0
"Al Zubaidy, Sarim (6603814797)",0,0,1,3
"Al-Abri, Mohammed (12763961700)",1,1,0,0
"Al-Ajlan, S.A. (6505820735)",0,0,1,6
"Al-Alawi, Ali (15076623600)",1,1,0,0
"Al-Ali, A.R. (7005259343)",1,1,1,1
"Al-Ali, Elham M. (55756627600)",1,2,0,0
"Al-Amoudi, A. (6602578932)",1,4,0,0
"Al-Ashouri, Amran (57195521501)",1,2,0,0
"Al-Aswad, Mohammed (57222362318)",1,1,0,0
"Al-Atrash, Hussam (6503970547)",1,1,0,0
"Al-Badi, Reem (57739162700)",1,1,0,0
"Al-Baghdadi, Maher A.R. Sadiq (35618148200)",1,2,0,0
"Al-Balushi, Haitham (57204945034)",1,1,0,0
"Al-Dabbas, Khaled (57963904800)",0,0,1,2
"Al-Fadhli, Fahad M. (55376324600)",0,0,1,2
"Al-Fattah, Saud M. (6602566492)",0,0,1,1
"Al-Ghamdi, Sami G. (56439247500)",0,0,5,7
"Al-Ghandoor, Ahmed (17134484900)",1,1,1,2
"Al-Greer, Maher (57202807603)",0,0,1,2
"Al-Habaibeh, Amin (6602580607)",0,0,1,2
"Al-Hallaj, Said (6701325751)",1,1,0,0
"Al-Hamadi, H.M. (57200280435)",1,2,0,0
"Al-Hamdan, Qusai Z. (6505503210)",1,1,0,0
"Al-Haq, A. (57220212193)",0,0,1,2
"Al-Hashimi, Bashir M. (7005831322)",2,7,5,5
"Al-Hawaj, Osamah M. (35585219000)",2,2,0,0
"Al-Hazemi, Fawaz (35316766000)",0,0,1,1
"Al-Hinai, Amer (39761537200)",1,1,0,0
"Al-Hinti, Ismael (15057538400)",1,1,1,2
"Al-Ibrahim, A.M. (6602918114)",0,0,1,6
"Al-Jahwary, Mohammed (57404017800)",1,2,0,0
"Al-Janabi, Haroun A.K. Shahad (6506828710)",1,2,0,0
"Al-Juwayhel, F. (6603557061)",1,1,0,0
"Al-Maiyah, Sura (16024061100)",0,0,1,1
"Al-Mansour, Fouad (6507405187)",0,0,1,2
"Al-Mumin, Adil (6508281784)",0,0,2,2
"Al-Ogaili, Ali Saadon (57189511897)",1,2,0,0
"Al-Omari, Ahmed (56625689600)",0,0,1,3
"Al-Qadi, Imad L. (7006858361)",1,1,2,5
"Al-Qattan, M.J. (22978154900)",1,1,0,0
"Al-Rashed, Abdullah A.A.A. (35241734600)",0,0,1,1
"Al-Rasheedi, Majed (6508376005)",0,0,1,1
"Al-Rawashdeh, Mohammad (54884592300)",1,1,0,0
"Al-Raweshidy, Hamed S. (35586300900)",0,0,1,1
"Al-Rimy, Bander Ali Saleh (57200494876)",1,1,0,0
"Al-Saggaf, Ahmed (57195738891)",1,1,0,0
"Al-Sawafta, Israa (57208326092)",1,1,0,0
"Al-Shammari, Nayef N. (57212141225)",1,1,0,0
"Al-Sharafi, Ali M. (24329308100)",1,1,0,0
"Al-Shehri, Abdallah Nasser Zuheir (35072539500)",1,1,0,0
"Al-Shqeerat, Khalil Hamdi Ateyeh (42261171800)",1,1,0,0
"Al-Sulaiman, Fahad A. (6701780510)",1,1,1,1
"Al-Yahyai, Sultan (35361681800)",0,0,1,1
"Al-Zadjali, Saira (57212144318)",1,1,0,0
"Al-ajmi, Farraj F. (8860437400)",0,0,1,4
"AlHaddad, Ulaa (58555148800)",0,0,1,2
"AlKhaled, Saud (57195578619)",0,0,1,1
"AlSaggaf, Ahmed (46661676700)",1,2,0,0
"AlSkaif, T.A. (56652204500)",1,1,0,0
"Ala'Anzy, Mohammed Alaa (59193748300)",1,1,0,0
"Ala-Kotila, Paula (57219357203)",0,0,1,1
"Alabdulali, Haitham A. (57221280921)",0,0,1,2
"Alahakoon, Damminda (6602546111)",0,0,1,2
"Alahmad, Mahmoud (6506067729)",1,2,1,1
"Alajmi, Turki (57216612900)",0,0,1,1
"Alam, Md. Saniul (57199297973)",0,0,1,9
"Alam, Mohammad Mahtab (57199298082)",0,0,1,2
"Alam, Morshed (35344469200)",0,0,3,5
"Alam, Muhammad A. (58631630100)",0,0,1,2
"Alam, Muhammad Ashraful (58631630100)",0,0,1,1
"Alam, S. M. Mahfuz (57655500800)",0,0,1,1
"Alam, S. M. Shafiul (57195396198)",1,3,0,0
"Alamaniotis, Miltiadis (34968907400)",0,0,1,1
"Alamdari, Pourya (53163218600)",0,0,1,1
"Alameh, Kamal (7004211082)",1,3,0,0
"Alamin, Yaser Imad (57193949013)",1,1,0,0
"Alanezi, Abdulrahman (57218836675)",2,2,0,0
"Alanzi, Amal M. (58099552100)",1,2,0,0
"Alapont-Ramón, José Luis (57209715171)",0,0,1,1
"Alasali, Feras (57191250074)",1,1,0,0
"Alasmary, Hisham (57204050172)",1,1,0,0
"Alasmary, Waleed (57191952444)",1,1,0,0
"Alavalapati, Janaki R.R. (6701682565)",0,0,1,3
"Alawaji, Saleh H. (56636499600)",0,0,1,4
"Albatayneh, Aiman (34567873800)",0,0,2,2
"Albelwi, Saleh (56275613600)",1,1,0,0
"Alberini, Anna (6701713403)",0,0,4,32
"Albert, Adrian (57206393627)",2,10,1,5
"Albertani, Roberto (9840634400)",0,0,1,1
"Albrecht, Steve (55048127900)",1,2,0,0
"Alcalde, Alfonso (57194573915)",0,0,1,1
"Alcalde, Roberto (55116017700)",0,0,1,1
"Alcott, B. (8516887400)",0,0,1,27
"Alcázar-Ortega, Manuel (36247274000)",0,0,2,2
"Aldalbahi, Adel (57190337218)",1,1,0,0
"Aldarraji, Morteza (58882345800)",0,0,1,1
"Aldaz, V.A. (7006465363)",0,0,1,1
"Aldeen, Mohammad (7003956702)",0,0,1,1
"Alden, Rosemary E. (57215411784)",1,2,0,0
"Alderete Peralta, Ali (57287203000)",0,0,1,1
"Aldossary, Mohammad (57196280567)",1,5,0,0
"Ale, B.B. (57225471326)",0,0,1,1
"Alecu, C. (55681553600)",0,0,1,4
"Aleem, Muhammad (16554023500)",1,1,0,0
"Aleixandre, Manuel (8220265900)",0,0,1,1
"Aleixendri Muñoz, Cristina (57193683767)",0,0,1,2
"Alemi, Farzad (57201271427)",0,0,1,2
"Alemneh, Esubalew (57201989800)",1,1,0,0
"Alemrajabi, Ali Akbar (21933504300)",0,0,1,1
"Alenezi, Abdulrahman (57191514302)",0,0,1,2
"Alenezi, Faisal Q. (57200695808)",0,0,1,1
"Alenezi, Mohammad R. (55843705700)",0,0,1,3
"Aleo, Francesco (6507721221)",1,1,0,0
"Alepuz, Salvador (6602313557)",1,4,0,0
"Alessandri, Andrea (8621378900)",0,0,1,1
"Alessandrini, S. (6603308366)",1,3,1,4
"Alessandrini, Stefano (6603308366)",0,0,2,2
"Alet, Ferran (57204467074)",1,2,1,17
"Alet, Pierre-Jean (57217980057)",1,1,0,0
"Alexander, Anneliese (55536374400)",0,0,1,1
"Alexandridis, Alex (7003596220)",1,1,0,0
"Alexiadis, Minas C. (6508260255)",1,1,0,0
"Alfarraj, Osama (36772742100)",1,1,0,0
"Alfraihi, Hessa (57188833641)",1,1,0,0
"Algarni, Abdulmohsen (26421927200)",1,1,0,0
"Algarni, Fahad (55339318200)",0,0,1,3
"Algburi, Sameer (57195281087)",0,0,1,1
"Alghamdi, Abdullah (60332049600)",1,1,0,0
"Alghamdi, F. (57508855900)",0,0,1,6
"Alghamdi, Mansoor (57213626210)",1,1,0,0
"Alhajeri, Hamad M. (57192696822)",0,0,1,2
"Alhajeri, Nawaf S. (42960895400)",0,0,1,2
"Alhameli, Falah (57207579053)",1,1,0,0
"Alhamwi, Alaa (56461335000)",0,0,1,2
"Alharbi, Abdullah G. (57206336816)",1,1,0,0
"Alharbi, Fahad Radhi (57221043414)",1,1,0,0
"Alharbi, Hisham (56572678700)",1,1,0,0
"Alharbi, Salah S. (58254428300)",1,1,0,0
"Alharthi, Saleha (59326982800)",1,2,0,0
"Alhendal, Yousuf (36679636800)",0,0,1,2
"Alhindawi, Ibrahim (57221416148)",0,0,1,1
"Alhumaima, Raad S. (57076747500)",0,0,1,1
"Alhussein, Musaed (55960576300)",1,2,0,0
"Ali Alhussan, Amel (57188740003)",0,0,1,1
"Ali, Aamir (57210212597)",1,1,0,0
"Ali, Abdallah Y.M. (57203841325)",1,1,0,0
"Ali, Amjad (58961288400)",1,1,0,0
"Ali, Amjad Jebril (58087634900)",0,0,1,1
"Ali, Ayesha Haider (56418958200)",1,1,0,0
"Ali, Faizan (57219054176)",1,1,0,0
"Ali, Faizan Safdar (57219054176)",1,1,0,0
"Ali, Ghulam (59157827100)",1,1,0,0
"Ali, Husan (55697888500)",1,1,0,0
"Ali, Mansoor (57209565855)",0,0,1,3
"Ali, Mohammad (25221258400)",0,0,1,1
"Ali, Mohd. Hasan (57817710500)",0,0,1,1
"Ali, Muhammad (57338456000)",0,0,1,2
"Ali, Mumtaz (57040280100)",1,2,0,0
"Ali, Saqib (7403094290)",1,3,0,0
"Ali, Sharif Shofirun Sharif (57215010212)",0,0,1,2
"Ali, Syed Farooq (35365789500)",1,1,0,0
"Ali, Tariq (57194635650)",1,1,0,0
"Ali, Ummi Ene (59670900800)",0,0,1,1
"Ali, Usman (15057533800)",1,3,2,4
"Ali, Ziad M. (57193602500)",1,1,0,0
"Alibabaei, Khadijeh (57194767293)",1,1,1,1
"Alibaş, Şirin (58235353000)",0,0,1,2
"Alici, Gursel (7003543070)",1,5,0,0
"Alimgeer, Khurram Saleem (24450234400)",1,1,0,0
"Alimohammad, Amir (14057554500)",1,3,0,0
"Alipour, Manijeh (57197574265)",0,0,1,2
"Alipour, Panteha (57210156364)",0,0,1,1
"Alippi, Cesare (7004582186)",1,9,0,0
"Alizadeh, Rana (56684736800)",1,1,0,0
"Aljehani, Ahmed (57200629212)",1,1,0,0
"Aljohani, Abdulah Jeza (59157729000)",1,1,0,0
"Aljuheshi, Fares (57189584115)",1,2,1,1
"Alkemade, Floortje (57192278368)",0,0,1,2
"Alkhalifah, Tamim (57373280100)",1,1,0,0
"Alkhazi, Ibrahim S. (57191156543)",1,1,0,0
"Alkhudhiri, Abdullah (50160911800)",1,8,0,0
"Alkmim, Aline Ribeiro (56306432200)",0,0,1,1
"Allam, Z. (57205544315)",0,0,1,3
"Allanore, Antoine (22939882300)",1,34,1,2
"Allard, Fabian (57194112599)",0,0,1,2
"Allegrini, Jonas (53363304900)",1,4,1,2
"Allen, David T. (7404327447)",0,0,2,10
"Allen, Mark G. (7404104565)",1,1,0,0
"Allen, Summer (34976142600)",0,0,1,19
"Allen, Thomas G. (55244289400)",1,1,0,0
"Allendorf, Mark D. (7003812818)",1,3,0,0
"Alli, Hasan (6602783154)",1,3,0,0
"Allison, G. (7102736044)",0,0,1,1
"Allmark, Matthew (57021949900)",0,0,1,1
"Allouhi, Amine (56335148300)",0,0,1,1
"Almaghrebi, Ahmad (57203062539)",1,2,1,1
"Almahmoud, Sulaiman (57194067154)",0,0,1,1
"Almajano, J. (57207879510)",0,0,1,1
"Almajed, Hisham (57208622898)",1,1,0,0
"Almakhles, Dhafer (56663152700)",0,0,1,2
"Almeida, Carlos (10040479200)",0,0,1,1
"Almeida-Galárraga, D. (57200308316)",0,0,1,2
"Almeshaiei, Eisa (6505728841)",1,7,0,0
"Almogren, Ahmad (8970033500)",1,1,0,0
"Almohaimeed, Ziyad M. (57235239200)",1,1,0,0
"Almutairi, Abdulrahman (57027483200)",0,0,1,2
"Almutairi, Kamel (56708653300)",0,0,1,3
"Alnaqi, Abdulwahab A. (52663266000)",0,0,1,1
"Aloi, Gianluca (6603221755)",1,3,0,0
"Alongi, A. (56622842600)",0,0,1,1
"Alonso de Armiño, Carlos (57202513750)",0,0,1,1
"Alonso, Belen (57209641483)",0,0,1,1
"Alonso, J. (57219382156)",2,2,0,0
"Alonso, Paulo Sergio R. (7102303020)",0,0,1,1
"Alonso-Montesinos, J. (57219382156)",1,1,0,0
"Alonso-Àlvarez, D. (23098985200)",1,1,0,0
"Alonso-Álvarez, Diego (23098985200)",1,1,0,0
"Alonso‐de‐linaje, Nicolas G. (57225080288)",0,0,1,1
"Aloqaily, Moayad (35226211500)",2,2,0,0
"Alotaibi, E. (24780621500)",1,2,0,0
"Alotaibi, Moneerah (59311108700)",1,1,0,0
"Alotaibi, Sorour (6507831696)",1,1,1,1
"Alova, Galina (57218676472)",0,0,1,11
"Alowish, Mazen (57193544735)",1,1,0,0
"Alpino, Matteo (57225215275)",0,0,1,1
"Alqahtani, Ayedh (55332316200)",0,0,1,1
"Alquthami, Thamer (36650413200)",1,1,0,0
"Alrajeh, Nabil (36338477200)",0,0,1,1
"Alrashidi, Malek (56405416200)",1,1,0,0
"Alrefae, Waleed (57396538400)",0,0,1,2
"Alruwais, Nuha (58000746700)",1,1,0,0
"Alsalman, L. (57222667992)",1,2,0,0
"Alsarraf, Jalal (36609904400)",0,0,1,1
"Alseiari, Anoud (59327050900)",1,2,0,0
"Alshammari, Faisal (57218904840)",0,0,1,2
"Alshamrani, Rayan (57220572324)",0,0,1,3
"Alshamsi, Afra (59326982900)",1,2,0,0
"Alsharabi, Naif (23388600400)",1,1,0,0
"Alshathri, Samah (57190885945)",1,1,0,0
"Alsolami, Fawaz (55336401100)",1,1,0,0
"Alsotary, Omar (58001860000)",0,0,1,1
"Alstone, Peter (55180596300)",0,0,1,1
"Alsultanny, Yas A. (6508281276)",1,1,0,0
"Altamirano, Hector (26533827300)",0,0,1,4
"Altan, H. (58433566500)",0,0,1,3
"Alterman, Dariusz (22033559100)",0,0,1,1
"Althbiti, Ashrf (57220577635)",0,0,1,3
"Altwegg, Peter (14718931900)",1,6,1,2
"Alvarado, S. (7004544275)",0,0,1,5
"Alvarado-Uribe, Joanna (57195231877)",1,1,0,0
"Alvarenga, Jack (26634669200)",1,1,0,0
"Alvarez, Graciela (56217406400)",0,0,1,1
"Alvarez, Lluc (7201392087)",1,8,0,0
"Alvehag, Karin (24757978200)",0,0,1,1
"Alves, Hirley (43561108200)",1,2,0,0
"Alves, Priscila Aparecida (56072344900)",0,0,1,8
"Alves, Rita (59858538200)",1,1,0,0
"Alves, Rita M. B. (7102691270)",0,0,1,5
"Alves, Rodrigo Silva (57195366143)",0,0,1,1
"Alwakeel, Ahmed M. (57204557471)",0,0,1,1
"Alwarafy, Abdulmalik (57188634514)",1,2,0,0
"Aly, Ahmed Z. (57201482332)",0,0,1,2
"Aly, Hamed H. (37006389200)",1,1,0,0
"Aly, Hamed H.H. (37006389200)",0,0,1,2
"Aly, Rasha F. (24821009100)",1,1,0,0
"Alyousef, Ammar (56728545400)",0,0,1,4
"Alzaatreh, Ammar (57203113283)",0,0,1,1
"Alzanki, Talal H. (6507493334)",0,0,1,3
"Alzoubi, Asem (58001860100)",0,0,1,1
"Al‐nabhan, Najla (55347507600)",1,1,0,0
"Amani, Ali Moradi (36843304800)",1,1,0,0
"Amano, Hideharu (7201933332)",2,9,0,0
"Amano, Ryoichi S. (24340964100)",0,0,1,2
"Amano, Yoshiharu (35618383400)",1,1,0,0
"Amaral, Míriam Cristina Santos (24402429800)",0,0,1,1
"Amaratunga, Gehan A.J. (35592328300)",1,7,0,0
"Amarawickrama, Himanshu A. (10241529600)",0,0,1,3
"Amato, Alessandro (57197635205)",1,1,1,2
"Amatya, R. (24069824900)",1,1,0,0
"Amaya, Jorge (56213069100)",0,0,1,1
"Ambat, Anitha (59346911800)",1,1,0,0
"Ambrose, Michael (55952548300)",0,0,1,4
"Ameglio, A. (36474570400)",1,1,0,0
"Ameli, Hossein (55616304700)",1,1,0,0
"Amelin, Mikael (24437869300)",0,0,1,5
"Amelio, M. (6602743723)",1,1,0,0
"Amelio, Mario (6602743723)",1,8,1,1
"Ameur, Arechkik (57209303622)",1,1,0,0
"Ameur, Houari (55146225400)",1,2,0,0
"Amillo, Ana Maria Gracia (56677779000)",0,0,1,2
"Amin, Muhammad Bilal (55204650200)",1,2,0,0
"Amini, Amineh (43660893300)",1,3,0,0
"Amini, M. Hadi (56682556800)",1,1,1,1
"Amini, Mohammad Reza (56233614400)",1,2,0,0
"Aminossadati, Saiied M. (10739803900)",0,0,1,1
"Aminov, R.Z. (7006689108)",1,2,2,4
"Amira, Abbes (23003399100)",0,0,1,5
"Amirhosseini, Diba Zia (57203975991)",0,0,1,3
"Amiri Atashgah, M.A. (55863183300)",1,1,0,0
"Amirnekooei, K. (55354567500)",0,0,1,1
"Amjad, Ahsan (57220340261)",1,2,0,0
"Amjady, Nima (6603429143)",2,2,1,2
"Ammar, Mostafa H. (7101794221)",1,6,0,0
"Ammari, Ahmed Chiheb (14055553300)",1,4,0,0
"Amoabeng, Kofi Owura (57191343289)",0,0,1,1
"Amoussou, Ernest (37028102400)",0,0,1,1
"An, Fulai (57194277482)",1,1,0,0
"An, Guoqing (16678723400)",1,1,0,0
"An, Hyochan (57218368785)",1,1,0,0
"An, Lin (36699223400)",1,1,0,0
"An, Ning (26659438300)",0,0,1,1
"An, Qi (35780471800)",1,2,0,0
"An, Qinglong (35298687100)",1,1,0,0
"An, Sihai (57328530600)",1,1,0,0
"An, Xiaonan (57205198585)",1,2,0,0
"An, Xueli (12792208300)",2,3,0,0
"An, Yuan (36082392300)",1,1,0,0
"An, Zhao (57475338200)",1,1,0,0
"An, Zhenyi (59001237600)",1,1,0,0
"An, Zuxu (58788970600)",1,1,0,0
"Anable, Jillian (23007448200)",0,0,1,16
"Anagnostopoulos, Konstantinos (57215909142)",0,0,1,12
"Anand, Atul (24484501200)",1,1,0,0
"Anand, Prashant (57196454077)",0,0,1,3
"Anand, Sandeep (57194243844)",1,3,0,0
"Anandarajah, Gabrial (15724562400)",0,0,1,3
"Anastasi, Giuseppe (55244138600)",1,9,0,0
"Anaya, Jose Javier (57195283145)",1,4,0,0
"Ancell, Amos (57377953700)",0,0,1,3
"Anders, Mark A. (7101745459)",1,12,0,0
"Anders, Sven (56344022000)",0,0,1,3
"Andersen, F.M. (7102021069)",0,0,1,2
"Andersen, Per Dannemand (13305159500)",0,0,1,6
"Andersen, Rune K. (24448187200)",0,0,1,2
"Anderson, Ben (7404263295)",0,0,1,4
"Anderson, Benjamin (57215666398)",1,1,0,0
"Anderson, Daria Nesterovich (56822689600)",1,2,0,0
"Anderson, Frank C. (7202749437)",0,0,1,1
"Anderson, Kyle (55455174000)",0,0,1,1
"Anderson, M.L. (57087347600)",0,0,1,4
"Anderson, Michael J. (57203331733)",1,25,0,0
"Anderson, Mike (57198603007)",0,0,1,6
"Anderson, Tim (9638159600)",0,0,1,2
"Andersson, E. (59774365000)",1,1,0,0
"Andersson, Goran (35551833700)",1,1,2,6
"Andersson, Göran (35552392600)",1,1,2,24
"Andersson, Lennart (56195453300)",0,0,1,2
"Andersson, Peter (57026308500)",1,7,2,16
"Andersson, Tom R. (57217145251)",1,2,1,17
"Andert, Jakob (57189853558)",1,2,0,0
"Andika, Riezqa (56197952200)",2,2,0,0
"Ando, Ryu (57209255113)",1,2,0,0
"Andoulsi, Ridha (7801601139)",1,1,0,0
"Andrade, José (57195930847)",0,0,1,1
"Andrade, Luís P. (36480982700)",0,0,1,1
"Andrade, Ricardo Guimarães (47961787100)",0,0,1,1
"Andrade, Suely Ferraz De (56379721600)",0,0,1,3
"Andreasen, Jesper Graa (56255273600)",0,0,1,1
"Andreev, Maksim (57211443559)",1,1,0,0
"Andreev, Sergey (27067535800)",1,1,0,0
"Andrenko, Andrey S. (6603901424)",1,1,0,0
"Andreopoulos, Yiannis (57207530477)",1,7,0,0
"Andreotti, Diego (59347746600)",1,1,0,0
"Andres, Michael (35122427500)",0,0,1,3
"Andresen, G.B. (15821805900)",0,0,1,5
"Andresen, Gorm B. (15821805900)",0,0,1,2
"Andresen, Trond (6603917743)",0,0,2,2
"Andrew, Lachlan (7005545530)",1,2,0,0
"Andrews, Rob W. (7402136059)",1,7,2,7
"Andrews, Sean C. (25921910000)",1,1,0,0
"Andriamanarina, Ernest (55818403400)",0,0,1,1
"Andric, Ivan (56346664900)",0,0,1,3
"André, P. (7202964296)",1,3,1,2
"Aneiros, Germán (7801423012)",1,1,0,0
"Aneke, Edo (14321150600)",1,26,0,0
"Ang, B.W. (7007186262)",0,0,1,1
"Ang, Lay Kee (55258601600)",1,1,0,0
"Ang, Yee Sin (36727050600)",1,1,0,0
"Angeles, M.E. (15071316400)",0,0,1,2
"Angelotti, A. (36817356200)",0,0,1,1
"Angeloudis, A. (55350827400)",0,0,1,1
"Angeloudis, Athanasios (55350827400)",0,0,1,3
"Anghel, Ionut (24474220800)",0,0,3,3
"Anguita, Davide (7004764744)",0,0,1,1
"Anh, Le Hoang (59422784800)",1,1,0,0
"Anilkumar, Patel Hardik (56906831200)",1,2,0,0
"Aniruddhan, Sankaran (9041994000)",1,1,0,0
"Anis, Mohab (7004007739)",1,2,0,0
"Anisi, Mohammad Hossein (24469576200)",1,2,0,0
"Anisuzzaman, M. (57205300952)",0,0,1,5
"Anitescu, Mihai (6604042478)",1,2,0,0
"Anjum, Adeel (50260965900)",1,2,0,0
"Anjum, Fatima (59430033600)",1,1,0,0
"Anjum, Hafeez (57222476040)",1,1,0,0
"Anmula, Praveen (35309465600)",1,1,0,0
"Ann Piette, Mary (57218848068)",1,1,0,0
"Annoni, Jennifer (57210564217)",0,0,1,1
"Ansari, Mohammad (55452791300)",1,1,0,0
"Ansari, Mohd Faizan (57221608762)",0,0,1,1
"Ansari, Nirwan (35566981800)",2,3,0,0
"Antal, Marcel (55975539000)",0,0,2,2
"Antikainen, Riina (8255538200)",0,0,1,2
"Antoine, Marc (35607582000)",1,8,0,0
"Antomarioni, Sara (57200248883)",1,2,0,0
"Anton Vadimovich, Kozlov (57226629031)",0,0,1,1
"Antonelli, Fabrizio (35224553700)",1,2,1,3
"Antonesi, Gabriel (58416523300)",0,0,1,1
"Antoniadou-Plytaria, Kyriaki (57193451446)",1,1,0,0
"Antoniolli, Cibele Bossa (57191340063)",0,0,1,1
"Antoniou, Georgia (57210116305)",1,2,0,0
"Antoniu, Turcu (24829619100)",1,1,0,0
"Antonopoulos, Christos D. (8854027300)",1,6,0,0
"Antonopoulos, Christos P. (15061034300)",0,0,1,1
"Antonopoulos, K.A. (7007058610)",0,0,1,1
"Antonopoulos, Nick (6603313653)",1,2,0,0
"Antretter, Florian (55210812400)",0,0,1,5
"Antsaklis, Panos (7005190857)",0,0,1,1
"Anttonen, Antti (24723602200)",0,0,1,3
"Antunes, Dalila (54386630600)",0,0,1,12
"Antweiler, Werner (6603153919)",0,0,1,1
"Antwi Ofosu, Eric (36338179500)",0,0,1,1
"Antón, Miguel Ángel (35847296500)",1,4,0,0
"Anuar, Nor Badrul (22733749500)",1,3,0,0
"Anvari, Mehrnaz (55258890600)",0,0,1,1
"Anvari-Moghaddam, Amjad (54794917300)",1,1,0,0
"Anwar, Adnan (54892893300)",1,1,0,0
"Anwar, Muhammad Bashar (56428546600)",0,0,2,3
"Apadula, Francesco (6506131141)",0,0,1,2
"Aparicio-Fernández, Carolina (56073900100)",0,0,1,8
"Apaydin, Halit (56021636300)",1,2,0,0
"Aphale, Omkar (56111488400)",0,0,1,1
"Apiletti, Daniele (22033825500)",0,0,1,1
"Apolloni, R. (36983830700)",1,13,0,0
"Apolonio, Raquel Moussalem (57221678750)",0,0,1,1
"Apostolaki-Iosifidou, Elpiniki (55502146900)",0,0,1,1
"Apostoleris, Harry (56509521400)",0,0,1,1
"Apostolo, Guilherme Henrique (57212227422)",1,1,0,0
"Apostolopoulou, Dimitra (55511179000)",0,0,2,3
"Apostolopoulou, Maria (57195996073)",1,3,0,0
"Appaji, Setti Vidya Sagar (57208057289)",0,0,1,1
"Appino, Riccardo Remo (57196078520)",0,0,1,1
"Applebaum, Scott L. (7004849555)",0,0,1,3
"Aprilely, A.F. (56437687500)",0,0,1,1
"Apt, Jay (6603043794)",0,0,1,4
"Arabkoohsar, Ahmad (44760944000)",0,0,1,2
"Arafat, Syed Muhammad (57205348453)",1,2,0,0
"Aragón, Juan L. (7007015274)",1,74,0,0
"Araj, Georges (7004383576)",1,18,0,0
"Arakawa, Asuka (56487203700)",1,4,0,0
"Arakawa, R. (59811735200)",0,0,1,1
"Aranda, Juan (55319295800)",0,0,1,1
"Arandian, Behdad (56108809600)",0,0,1,1
"Arapakis, Ioannis (25824652800)",1,2,0,0
"Arastehfar, Sana (57869996500)",1,1,0,0
"Arato, Elisabetta (7003398165)",1,2,0,0
"Aravena, Cristian (57211071563)",1,2,0,0
"Araya, Daniel B. (57192671977)",1,8,0,0
"Araújo, Kathleen (57197198605)",0,0,1,1
"Araújo, Madalena (7202962556)",0,0,1,2
"Arbelaitz, Olatz (8978154200)",1,4,0,0
"Arbiter, Beno (57193524317)",0,0,1,1
"Arbogast, P. (7004585020)",0,0,2,4
"Arce, Guadalupe (57193236444)",0,0,1,3
"Archambaud, Jean-Pierre (6508052097)",1,11,0,0
"Archer, C.L. (7102073856)",1,1,0,0
"Archer, David W. (56040498100)",0,0,1,1
"Arcidiacono, Vincenzo (53866139900)",0,0,1,12
"Ardabili, Sina (57189099323)",0,0,1,1
"Ardani, M.I. (57217976217)",1,1,0,0
"Ardehali, M.M. (6603687996)",0,0,2,2
Ardiansyah (55648325500),1,1,0,0
"Ardjmand, Ehsan (55625571400)",0,0,1,1
"Ardo, Shane (15047514900)",2,5,1,1
"Aref, Walid G. (7004076858)",1,7,0,0
"Arefi, Mohammad M. (59235513100)",0,0,1,1
"Arendt, K. (37074205700)",1,1,1,2
"Arendt, Krzysztof (37074205700)",1,3,1,1
"Aretakis, N. (6603886892)",1,1,0,0
"Arghandeh, Reza (35193500400)",1,1,1,1
"Argiolas, Alfredo (57202415234)",1,4,0,0
"Arias, Hector Raul Chavez (60234375800)",1,1,0,0
"Arias, Mariz B. (57191410803)",0,0,1,1
"Arias-Rodriguez, Lenin (56495693800)",0,0,1,1
"Arinez, Jorge (23093135300)",1,79,0,0
"Arisha, Khaled (6506079505)",1,2,1,1
"Aristizábal, A.J. (57201009539)",0,0,1,20
"Arjunan, Pandarasamy (45560959000)",1,1,0,0
"Armbruster, Alfons (56596440700)",0,0,1,3
"Armitage, Peter (54392394200)",0,0,1,2
"Arnaiz-González, Álvar (57189602921)",1,2,0,0
"Arnal, Daniel (7003647520)",1,11,0,0
"Arnau, Francisco J. (8708644600)",1,1,0,0
"Arnaudov, Dimitar (55602296400)",1,1,0,0
"Arndt, D.C. (7004940898)",0,0,2,6
"Arndt, Deon C. (7004940898)",1,1,0,0
"Arnedillo, Oscar (26322278100)",0,0,1,2
"Arnesano, Marco (56418947300)",1,1,0,0
"Arnold, David P. (8971174200)",1,1,0,0
"Arnold, Paul M. (7202944018)",1,2,0,0
"Arnold, Richard (15070007200)",0,0,1,19
"Arnqvist, J. (6507130221)",0,0,1,6
"Arora, Anuj (56780994000)",1,1,0,0
"Arora, Pratham (56941447600)",0,0,1,2
"Arora, Siddharth (15063905500)",1,1,1,1
"Arora, Sumedha (57209975205)",1,1,0,0
"Arregi, Beñat (57214994446)",0,0,1,1
"Arriaza, H. (6504289394)",0,0,1,8
"Arribas, Juan José (37664488300)",0,0,1,1
"Arruti, Axel (36172339200)",1,3,0,0
"Arsenault, Richard (52263165300)",0,0,1,3
"Arshad, Selvia (57666944000)",0,0,1,1
"Arslan, Serdar (57767747500)",1,2,0,0
"Arslanturk, Yalcin (36135405700)",0,0,1,2
"Arsovski, Igor (15922314600)",1,1,0,0
"Arthur, Simon (36444820800)",0,0,1,2
"Arumugam, Prakash (57203961171)",1,1,0,0
"Arya, Rajesh Chand (15743687300)",1,2,0,0
"Aryal, Jagannath (16315027400)",0,0,1,2
"Aryan, Nasim Pour (57205044686)",1,15,0,0
"Arévalo, Pilar C. (55190291000)",0,0,1,5
"Asad, Muhammad Saqlain (57222182847)",1,2,0,0
"Asadi, Houshyar (54999487100)",1,2,0,0
"Asadi, Somayeh (56195559800)",0,0,1,1
"Asadipour, Ali (57216089509)",0,0,1,1
"Asahi, Takahiro (59140374900)",1,1,1,5
"Asborno, Magdalena I. (57202193341)",0,0,1,1
"Ascia, Giuseppe (6701338706)",1,1,0,0
"Ascione, Fabrizio (24167822400)",1,2,2,3
"Asdrubali, Francesco (57215601725)",0,0,1,2
"Aseere, Ali Mohammad (36607427800)",1,1,0,0
"Asencio-Cortés, Gualberto (38460962400)",1,2,0,0
"Asensio, F.J. (56490842300)",1,1,0,0
"Asfour, Shihab (7004245315)",1,1,1,1
"Asgarpour, Sahand (57550712600)",0,0,1,4
"Asghar, Ahmad (57210694927)",1,4,0,0
"Asgharzadeh, Amir (57192297634)",1,3,0,0
"Ashby, David S. (57147080300)",1,2,0,0
"Asheghi, Mehdi (7003443933)",1,3,0,0
"Ashfaq, Moetasim (21734205100)",0,0,1,8
"Ashley-Smith, Jonathan (55574190639)",0,0,1,5
"Ashok, Raksit (58911345900)",1,19,0,0
"Ashok, S. (15130732000)",1,6,0,0
"Ashraf, Bilal (57491531100)",1,1,0,0
"Ashraf, Imtiaz (6701483151)",1,2,0,0
"Ashraf, Muhammad Mansoor (57197327692)",1,1,0,0
"Ashraf, Nouman (57190585362)",1,1,0,0
"Ashraf, Waqar Muhammad (57211976397)",1,2,0,0
"Ashrafi, Omid (16303233200)",1,2,0,0
"Ashtari, Ali (8971204600)",1,8,1,2
"Ashtine, Masaō (57003504000)",0,0,1,1
"Ashurst, William R. (7003535467)",1,1,0,0
"Asif, Mansoor (57201076443)",2,2,0,0
"Askar, Khalid (55445941300)",1,1,0,0
"Askounis, Dimitris (6603428475)",2,2,1,1
"Aslam, Ayesha (58973427500)",1,1,0,0
"Aslam, Sheraz (57201363298)",1,1,0,0
"Aslan, A. (26654080500)",0,0,1,1
"Aslani, Alireza (55093935000)",1,2,1,1
"Aspuru-Guzik, Alán (6507007526)",1,2,0,0
"Assad, M.E.H. (57221257592)",0,0,1,1
"Assareh, E. (35145449000)",0,0,1,2
"Assari, M.R. (35193618000)",0,0,1,2
"Assi, Chadi (6603706480)",1,2,0,0
"Assouline, Dan (57164692100)",0,0,1,1
"Astiaso Garcia, D. (57211258655)",0,0,1,1
"Astolfi, Marco (54965350600)",1,2,1,2
"Asunta, O. (26655321000)",0,0,1,1
"Asuzu, Obioma Chinenyenwa (57554507200)",0,0,1,1
"Asvadi-Kermani, Omid (57226448976)",1,2,0,0
"Asvapathanagul, Pitiporn (36135509100)",0,0,1,3
"Aswani, Anil (23391951400)",1,1,0,0
"Asyraf, M.R.M. (57205295733)",0,0,1,2
"Atabi, Farideh (57200124472)",0,0,1,1
"Ataimisch, Nabeel (57192811335)",1,4,1,2
"Atak, Mehmet (35799462800)",0,0,1,1
"Atakhanova, Zauresh (15762189500)",0,0,1,6
"Atallah, Fady (54406510100)",1,1,0,0
"Ataman, C. (7801356401)",1,21,0,0
"Atay, Stefan (57215694567)",1,1,0,0
"Athar, Atifa (57205156055)",0,0,1,1
"Athavale, Jayati (56217400600)",1,1,0,0
"Atherley-Ikechi, Marsha (57210598624)",0,0,1,1
"Athienitis, Andreas (7003723013)",1,1,0,0
"Athiyarath, Srihari (57563695300)",1,1,0,0
"Atienza, David (56259926900)",3,21,0,0
"Atif, M.R. (6601972929)",0,0,1,1
"Atif, Morad R (6601972929)",1,1,0,0
"Atiya, Eman G. (55549407700)",0,0,1,2
"Atkinson, C.M. (57192407465)",1,2,0,0
"Atkinson, S.N. (7202603081)",0,0,1,14
"Atkiss, Steve (56582425200)",0,0,1,1
"Atli, D. (55226431900)",0,0,1,1
"Atri, Mohamed (23017853700)",1,2,0,0
"Atsonios, Konstantinos (35848147000)",0,0,1,1
"Attari, Shahzeen Z. (36146748300)",0,0,1,10
"Attaviriyanupap, Pathom (6602566642)",1,2,0,0
"Attia, Peter M. (55507104700)",1,2,0,0
"Atwood, T.C. (55982444100)",0,0,1,14
"Au, W.H. (7202383087)",0,0,1,2
"Aubin, Joël (7101701284)",0,0,1,1
"Auder, Benjamin (26022814200)",1,2,0,0
"Auer, Hans (55368070200)",1,1,0,0
"Augenbroe, Godfried L.M. (6604097994)",0,0,1,1
"Augier, F. (6602351096)",1,2,0,0
"Augusta Sophy Beulet, P. (56997434400)",1,2,0,0
"Auld, Alison (55812308100)",0,0,1,3
"Ault, David J. (57362463700)",0,0,1,1
"Ault, Graham (7004110856)",1,1,0,0
"Aurangzeb, Khursheed (57194517674)",1,2,0,0
"Aurangzeb, Muhammad (57193069959)",1,1,0,0
"Auray, Stéphane (6508342849)",0,0,1,3
"Ausavarungnirun, Rachata (37099692600)",1,3,0,0
"Ausubel, J.H. (7003513651)",0,0,1,27
"Auvity, B. (10045715400)",0,0,1,2
"Auweter, Axel (50360916300)",1,2,0,0
"Avagianos, Ioannis (57194035259)",0,0,1,1
"Avanzi, Francesco (55631580800)",0,0,1,6
"Avci, Mesut (55453360400)",1,1,0,0
"Avenant, J. (58401093600)",0,0,1,1
"Averback, Robert S. (7005779390)",0,0,1,2
"Averta, Giuseppe (57195416332)",0,0,1,1
"Avesani, Diego (55557854600)",1,1,0,0
"Avestruz, Al-Thaddeus (6506775261)",1,4,0,0
"Avila, Adolfo M. (36985464200)",1,1,1,2
"Avlani, Shitij (57212414418)",1,1,0,0
"Avrahami, Idit (6506024735)",1,3,0,0
"Avramidis, Iason-Iraklis (57204075533)",0,0,1,1
"Awan, Ahmed-Bilal (56082802700)",1,2,0,0
"Awan, Kamran Ahmad (57205645452)",1,1,0,0
"Awan, Usman (57209661324)",0,0,1,2
"Awang, Azahan (26654681600)",0,0,1,2
"Awasthi, Anshul (57200286247)",0,0,1,1
"Axinte, Dragos A. (55914877300)",1,2,0,0
"Axley, James (6603844433)",0,0,1,1
"Ayala H, Luis F. (16400982500)",1,1,0,0
"Ayala, H.J. Bartolí (6504594258)",1,2,1,5
"Ayala, José L. (7005129065)",2,3,0,0
"Ayala, Magno (57191840859)",0,0,2,7
"Ayalew, Semu Moges (6507460147)",0,0,1,1
"Aybar, Hikmet S. (6602741347)",0,0,1,4
"Aydemir, Ali (57197750227)",0,0,1,2
"Aydin, Erkan (55647998000)",1,1,0,0
"Aydinalp, Merih (23097066300)",1,1,2,6
"Aydinalp-Koksal, Merih (23097066300)",1,1,1,1
"Aydın, Nezir (56405234700)",0,0,1,2
"Aye, Lu (6603952630)",0,0,2,3
"Ayertey, Winfred (58760717600)",0,0,1,1
"Ayguade, Eduard (7003451410)",1,8,0,0
"Ayguadé, Eduard (7003451410)",1,2,0,0
"Ayob, Masri (6603040714)",1,2,0,0
"Ayompe, L.M. (35728111700)",1,1,0,0
"Ayub, Mohammed (57220507818)",1,1,0,0
"Ayón, X. (57023977200)",1,1,0,0
"Azad, Nasser L. (15847774500)",1,1,0,0
"Azadeh, A. (56268189600)",1,1,1,1
"Azadeh, S. Sharif (55659519500)",1,2,0,0
"Azam, Mohammad S. (57198206170)",1,4,0,0
"Azam, Muhammad Furqan (57224310729)",1,1,0,0
"Azam, Sami (54894635100)",1,1,0,0
"Azar, Ahmad Taher (57208175025)",1,1,0,0
"Azar, Elie (36975172200)",2,3,1,1
"Azar, Joseph (57202739998)",1,2,0,0
"Azar, Marc (57197514993)",1,1,0,0
"Azarabadi, Habib (57194419075)",0,0,1,15
"Azarinejadian, Fatemeh (57195955916)",1,1,0,0
"Azcárate, Cristina (6603218067)",0,0,1,3
"Azeem, Fawad (57188708157)",1,1,0,0
"Azevedo, Arnaldo (21741771000)",1,1,0,0
"Azevedo, Inês M. L. (57211166980)",0,0,1,16
"Azevedo, Inês M.L. (57211166980)",0,0,1,5
"Azevedo, Isabel (7006492454)",0,0,1,5
"Azimi, Mohammadamin (59867797800)",0,0,1,1
"Azis, Muhammad Mufti (35799405900)",1,2,0,0
"Azizi, Ali (56898669000)",0,0,1,1
"Azizi, Aydin (26638698600)",1,1,1,3
"Azizi, Saeed (55574123056)",0,0,1,1
"Azizipanah-Abarghooee, Rasoul (54683461800)",0,0,1,1
"Aznar, Fidel (12809359100)",1,1,0,0
"Azpiroz, Jon M. (54790836900)",1,1,0,0
"Aïd, René (7801600844)",1,1,0,0
"Aïssani, S. (24175864300)",1,1,0,0
"Ağbulut, Ümit (57202959651)",1,1,0,0
"Baaklini, Elias (36661993800)",1,3,0,0
"Baba, Fuad Mutasim (56769390100)",0,0,1,1
"Babaoglu, Ozalp (35599124900)",1,2,0,0
"Babarit, Aurélien (6505871520)",1,2,1,4
"Babich, Alexander (7004801306)",1,1,1,1
"Babich, Francesco (57193844372)",0,0,1,1
"Babich, R. (12800196300)",1,2,0,0
"Babin, Bruce (16641873300)",1,1,0,0
"Babu, T. Sudhakar (56267551500)",1,1,0,0
"Babulal, C.K. (6508304298)",1,1,0,0
"Baca Ruiz, Luis Gonzaga (57226047689)",0,0,1,4
"Bacchin, J.M.G. (23479496100)",1,3,1,2
"Bach, Quang-Vu (23033338600)",1,2,0,0
"Bachanek, Konrad Henryk (57224402721)",0,0,1,2
"Bacher, Peder (27667564700)",3,18,2,7
"Bachorz, Rafał A. (58310898900)",1,1,0,0
"Back, Ju Hyun (57162461300)",0,0,1,1
"Backhaus, Scott (6701326910)",0,0,1,4
"Backman, R. (7004505228)",1,3,1,4
"Backman, Rainer (7004505228)",1,5,0,0
"Backovic, Tamara (57221046610)",0,0,1,1
"Badami, Madhav G. (6602489220)",0,0,1,3
"Badawy, Wael (57225760311)",1,5,0,0
"Baddari, K. (6506818323)",1,4,0,0
"Bade Shrestha, S.O. (6507668206)",0,0,1,1
"Bader, M.S.H. (59843826500)",1,1,0,0
"Bader, Norbert (56429041100)",0,0,1,1
"Badger, J. (24490599800)",0,0,1,12
"Badosa, J. (16444236100)",0,0,1,2
"Badosa, Jordi (16444236100)",0,0,1,2
"Badr, E.A. (35616614100)",0,0,1,4
"Badr, Elie (35616614100)",0,0,1,2
"Badr, Mahmoud M. (57220521338)",1,1,0,0
"Badurally Adam, N.R. (54384946200)",0,0,1,1
"Bae, Chan-Ho (60220572600)",1,1,0,0
"Bae, Inpyo (57197856294)",1,1,0,0
"Bae, Jinwoo (57222479131)",1,1,0,0
"Bae, Jong-Ho (55339347700)",1,4,0,0
"Bae, Kuk Yeol (55322933600)",2,2,0,0
"Bae, Sungwoo (36824404800)",1,1,1,1
"Bae, Young Ho (35727541300)",1,1,1,3
"Baek, Jumi (57204914024)",0,0,1,2
"Baek, Seonhyeok (57201994598)",1,1,0,0
"Baek, Seungcheol (54683456200)",2,14,0,0
"Baek, Stephen (57191200449)",1,2,0,0
"Baek, Taehyeon (56112738600)",1,1,0,0
"Baembitov, Rashid (57220807322)",0,0,1,1
"Baenas, Tomás (36871474200)",1,1,0,0
"Baeten, Brecht (57188643250)",1,1,1,5
"Bagaria, Akriti (56781357700)",1,1,0,0
"Baggu, Murali (15847792100)",1,2,0,0
"Bagheri, Mehrdad (57146898300)",1,7,0,0
"Baghramian, A. (8336128800)",1,1,0,0
"Bagkeris, Emmanouil (42160994800)",0,0,1,1
"Baglivo, Cristina (56373742800)",0,0,1,4
"Bahadori, Alireza (56613643000)",0,0,1,1
"Bahadur, Vaibhav (16306542400)",1,1,0,0
"Bahai, Ahmad (6603784345)",1,2,0,0
"Bahaj, A.S. (7003656285)",1,1,3,4
"Bahaj, AbuBakr S. (7003656285)",0,0,1,1
"Bahmani-Firouzi, Bahman (15922058600)",0,0,1,1
"Bahnfleth, William (7004444149)",0,0,1,2
"Bahr, David F. (7005890211)",1,25,0,0
"Bahrami, Salman (37050685900)",1,1,0,0
"Bahrami, Shahab (56033004500)",1,1,0,0
"Bahri, Parisa A. (6701758489)",0,0,1,5
"Bahsoon, Rami (6508251119)",1,1,0,0
"Bahukudumbi, Sudarshan (23666266500)",1,5,0,0
"Bai, Fanfei (57193900559)",1,1,0,0
"Bai, Feifei (53879523700)",1,1,0,0
"Bai, Jianbo (24491633000)",1,1,0,0
"Bai, Jikang (57765408400)",1,1,0,0
"Bai, Jinwen (56594127700)",1,1,0,0
"Bai, L. (22984323800)",0,0,1,1
"Bai, Na (58627753800)",1,1,0,0
"Bai, Shengkui (59677346200)",1,1,0,0
"Bai, Ting (57198248157)",0,0,1,1
"Bai, Xiao (35208037700)",1,2,0,0
"Bai, Xiaofei (60348944100)",1,1,0,0
"Bai, Xiaoqing (56288445600)",1,1,0,0
"Bai, Ying-Wen (7402572296)",1,4,0,0
"Bai, Yiyi (57199323214)",0,0,1,9
"Bai, Yu (57742348800)",1,1,0,0
"Bai, Yu (58088237800)",1,1,0,0
"Bai, Yu-Ting (56158361300)",1,2,0,0
"Bai, Yunfei (59323604000)",1,4,0,0
"Bai, Ziyi (57361946800)",1,1,0,0
"Baig, Dur-E-Zehra (36717267900)",1,1,0,0
"Baig, Hasan (56105364200)",1,2,0,0
"Baik, Gunwoo (58756917300)",1,1,0,0
"Baik, Sung Wook (7102833923)",4,5,1,1
"Baik, Sunhee (57194651086)",0,0,1,3
"Bailek, Nadjem (57194079387)",0,0,1,1
"Bailey, Chris (55597761500)",1,1,1,1
"Bailis, Rob (8318149800)",0,0,1,13
"Bairamov, A.N. (35224451800)",1,2,1,2
"Baird, Patrick J. (9845709000)",1,1,0,0
"Bajan, Bartłomiej (57211906058)",0,0,1,2
"Bajic, Ivan V. (6602479101)",2,2,0,0
"Bak-Jensen, Birgitte (6602910266)",0,0,1,1
"Baker, Keith J. (57568558400)",0,0,1,4
"Baker, Kyri (55510847700)",1,1,1,12
"Baker, Michael W. (7403075124)",1,254,1,4
"Baker, Thar (34267505000)",1,1,0,0
"Baker, Thomas A. (57212327449)",1,2,0,0
"Bakhtvar, Mostafa (55512314200)",1,1,0,0
"Bakic, Vukman (14044632400)",0,0,1,1
"Bakkaloglu, Bertan (15753285000)",1,3,0,0
"Bakker, S.J. (57190223116)",0,0,1,11
"Bala Chandran, Rohini (55545472400)",1,4,1,1
"Bala, Anju (58317196700)",1,1,0,0
"Baladron, Carlos (6507093753)",2,6,0,0
"Baladrón, Carlos (6507093753)",1,3,2,2
"Balaji, D. (56976235400)",0,0,1,2
"Balakrishna, N. (55405656000)",0,0,1,3
"Balakumar, P. (57437377900)",0,0,1,1
"Balamurugan, Sivasathya Pradha (57221681881)",0,0,1,1
"Balaras, Constantinos A. (7003592409)",0,0,1,4
"Balash, Peter (6504596211)",0,0,1,1
"Balasubramanian, R. (59029907900)",0,0,1,1
"Balatsky, Alexander V. (7006492432)",1,2,1,1
"Balatsky, Galina I. (15520940500)",1,2,1,1
"Balcilar, Mehmet (55921038200)",0,0,1,2
"Baldassarre, A. (58943521900)",0,0,1,1
"Baldea, Michael (7801529672)",3,43,1,4
"Baldick, Ross (56350289900)",0,0,1,3
"Baldini, Mattia (57190816642)",0,0,1,2
"Baldock, T.E. (6604021278)",0,0,1,8
"Balestrassi, P.P. (16174439400)",1,2,0,0
"Balezentis, Tomas (37062856100)",1,1,0,0
"Balkanski, Yves (6701597468)",0,0,1,1
"Ball, A. (7202932654)",1,1,0,0
"Ballabio, Guido (57224220213)",0,0,1,1
"Ballard, Ian (6601978715)",1,2,0,0
"Baloch, Ahmer A.B. (56428885600)",0,0,1,1
"Balog, Robert S. (6602691172)",1,1,0,0
"Balogun, Emmanuel (57232060100)",1,2,0,0
"Baloyi, Jeffrey (55313201700)",0,0,1,1
"Balta-Ozkan, Nazmiye (16424528900)",0,0,1,1
"Balteanu, Andreea (35274441000)",1,1,0,0
"Baltputnis, K. (57188630553)",0,0,1,2
"Bamdad, Keivan (57195568344)",0,0,1,2
"Bamisile, Olusola (57192639999)",0,0,1,17
"Bampi, Sergio (6602489732)",1,1,0,0
"Ban, Xiaojuan (55967253500)",1,1,0,0
"Banaei, Mohamad Reza (9338352200)",1,1,0,0
"Banales, Santiago (55225923700)",1,1,0,0
"Bandara, Kasun (57217764103)",0,0,1,1
"Banerjee, Amarnath (7402885810)",1,3,0,0
"Banerjee, Ayan (56438567300)",1,10,0,0
"Banerjee, R. (7201904905)",1,6,0,0
"Banerjee, Rangan (7201904905)",1,1,1,1
"Bang Lee, Siew (6503985724)",1,4,1,1
"Bang, Jun Ho (23090128300)",1,1,0,0
"Bang, Mads (58391521800)",1,3,0,0
"Bangalore, Pramod (54418489400)",1,16,0,0
"Bangga, Galih (57191955213)",0,0,1,3
"Banhart, Florian (7004765158)",0,0,1,2
"Banik, Udayan (57211447808)",1,2,0,0
"Banjac, Anita (57473436300)",1,1,0,0
"Bank, Jason (24079852300)",1,1,2,3
"Bankhead, Mark (15072469000)",0,0,1,1
"Bansal, Ajay Kumar (56648274800)",0,0,1,1
"Bansal, Ramesh C. (56022618100)",1,1,0,0
"Banunarayanan, Venkat (6508128358)",0,0,3,6
"Bao, Haibo (55258199400)",1,1,0,0
"Bao, Hujun (7102201533)",1,5,0,0
"Bao, Jun (55675564700)",1,1,0,0
"Bao, Minglei (57194324622)",1,2,0,0
"Bao, Nengsheng (7005515900)",1,1,0,0
"Bao, Peng (60690451300)",1,1,0,0
"Bao, Shujun (52563158000)",0,0,1,1
"Bao, Weidong (35736807800)",1,1,0,0
"Bao, Wen (7101934159)",1,1,0,0
"Bao, Yi (57193706646)",1,1,0,0
"Bao, Yukun (7202213567)",2,2,0,0
"Bao, Yuyun (8905994200)",1,4,0,0
"Bar-Ness, Y. (35576601100)",1,1,0,0
"Bar-Ziv, Ezra (7003435378)",1,1,0,0
"Barailler, Fabien (12646309700)",1,5,0,0
"Barakat, Mahmoud (57202641306)",1,1,1,3
"Baraldi, Piero (7101681322)",0,0,1,1
"Baran, Mesut E. (7103135819)",1,13,1,2
"Baranko, Kyle (57413230100)",0,0,1,2
"Baranowski, Lauryn L. (55320179600)",1,3,1,1
"Baranyai, Nóra Hegedusné (57192591291)",0,0,1,2
"Baranyai, Nóra Hegedűsné (57192591291)",0,0,2,2
"Barbarelli, S. (6504288979)",1,1,0,0
"Barbato, G. (7006644349)",0,0,1,2
"Barber, James (7402350514)",0,0,1,9
"Barboni, Leonardo (24474437700)",1,2,0,0
"Barbosa, António (57201862347)",0,0,1,1
"Barbose, Galen (15749838300)",0,0,2,10
"Barbour, Edward (42761014500)",0,0,1,4
"Barbouti, Sami (57203313864)",0,0,1,1
"Barcelo, Marc (36636822600)",1,1,0,0
"Barcelona, Hernan (55452435400)",1,1,0,0
"Barceló, Albert (55949951900)",1,3,0,0
"Barclay, Michael (36924987300)",1,1,0,0
"Bardazzi, Rossella (6505830232)",0,0,1,2
"Bardizza, Giorgio (22978172600)",0,0,1,2
"Bardow, André (56368898100)",1,1,0,0
"Bardy, Benoît G. (7004216646)",1,2,0,0
"Barea, Gustavo (56134935400)",0,0,1,1
"Bares, Lydia (57205649411)",0,0,1,2
"Bares, Pau (56233589800)",1,1,0,0
"Bargiotas, Dimitrios (6602891486)",1,1,0,0
"Barhamgi, Mahmoud (15622982000)",1,2,0,0
"Barigozzi, G. (9244354700)",1,4,0,0
"Baring-Gould, Ian (6508318558)",0,0,1,3
"Baris, Kemal (34567973500)",0,0,1,2
"Barlas, T.K. (19933469800)",1,1,0,0
"Barlow, Claire (7102705247)",0,0,1,2
"Barlow, Claire Y. (7102705247)",1,2,1,4
"Barnawi, Ahmed (56029486000)",1,5,0,0
"Barnes, Teresa M. (7202510060)",0,0,1,2
"Barnett, Allen (7203071501)",0,0,1,8
"Barone, G. (57202034121)",1,1,0,0
"Barooah, Prabir (6602148504)",0,0,1,1
"Barquín, Julián (24079790400)",0,0,1,1
"Barrena, J.A. (16067922300)",1,1,0,0
"Barrera, L. (24075290100)",1,1,0,0
"Barreras, Félix (55959869100)",1,2,0,0
"Barrett, D.J. (7201928465)",0,0,1,20
"Barrett, Enda (27567564400)",0,0,1,1
"Barrett, Mark (12803419900)",0,0,3,7
"Barricarte, Javier (55570674700)",1,3,1,1
"Barrie, Jill (23059772100)",1,9,0,0
"Barrientos, A. (12143940300)",1,1,0,0
"Barrington-Leigh, Christopher (6602588843)",0,0,1,1
"Barrios, A. (15820351100)",0,0,1,5
"Barron-Gafford, Greg A. (8596043800)",0,0,1,1
"Barros, Nathan (36134270800)",0,0,1,15
"Barroso-Muñoz, F.O. (56013617500)",1,1,0,0
"Barroso-Muñoz, Fabricio Omar (56013617500)",1,1,0,0
"Barrows, Clayton (35218804300)",0,0,1,8
"Barsali, Stefano (6602442610)",1,6,0,0
"Barsdell, B.R. (26641721300)",1,2,0,0
"Barth, Matthew (56028681700)",0,0,1,2
"Barth, Matthew J. (56028681700)",2,5,0,0
"Barth, R. (12780587000)",0,0,1,11
"Barth, Rüdiger (12780587000)",1,1,2,14
"Barthelmes, Verena M. (57170605200)",0,0,1,2
"Barthelmie, R.J. (7006294190)",1,3,2,9
"Barthelmie, Rebecca (7006294190)",0,0,1,2
"Barthem, Ronaldo B. (8630987400)",0,0,1,13
"Bartholomy, Obadiah (57193270433)",0,0,1,3
"Bartleet, Matthew (35602674800)",0,0,1,1
"Bartlett, Jill K. (57200169166)",0,0,1,1
"Bartling, Andrew W. (57218997769)",1,2,0,0
"Bartman, Alex R. (24528619700)",1,1,0,0
"Bartolini, Andrea (57216775622)",1,1,1,2
"Bartolini, Davide (55203965100)",1,2,0,0
"Barton, John P. (8840858700)",1,18,1,2
"Bartsch, Michael S. (18435945300)",1,2,0,0
"Bartusch, Cajsa (14051639000)",0,0,1,1
"Barua, Rajeev (7003524197)",1,11,0,0
"Baruah, D.C. (57204339313)",0,0,1,1
"Barus, Dhany Harmeidy (33267443100)",1,1,0,0
"Basaheeh, Ali (57209001989)",1,2,0,0
"Basak, Prasenjit (16511979100)",1,4,0,0
"Bashir, Komal (55635590700)",1,1,0,0
"Bashir, Tasarruf (57226781305)",1,1,0,0
"Bashiri, Hamed (23089992300)",1,2,0,0
"Basile, Angelo (55887645700)",1,8,1,1
"Basireddy, Karunakar Reddy (56451139600)",0,0,1,1
"Basit, Abdul (59172435200)",1,2,0,0
"Baskar, Chanthini (58000116100)",1,2,0,0
"Basmadjian, Robert (17433324400)",1,1,0,0
"Basnayake, B.F.A. (6507192808)",0,0,1,3
"Basoalto, H.C. (6506691613)",2,2,0,0
"Bassi, Andrea M. (26533971400)",0,0,1,8
"Bassini, Alessandra (55194521400)",0,0,1,2
"Basso, Rafael (56644399300)",3,5,0,0
"Basten, T. (6701835694)",1,3,0,0
"Basten, Twan (6701835694)",1,5,0,0
"Bastian, J. (57528962600)",0,0,1,2
"Basu, Biswajit (7102933896)",0,0,1,1
"Basu, Kalyan (35570280200)",1,12,0,0
"Basu, Sukanta (7403656752)",0,0,1,7
"Basuhail, Abdullah (6507564194)",1,1,1,2
"Basumatary, Nipam (57211605909)",1,2,0,0
"Basurto, Chantal (57193086424)",0,0,1,1
"Basurto, Nuño (57208838471)",0,0,1,1
"Batalla-Bejerano, Joan (57126202800)",0,0,1,4
"Batarseh, Issa (7004719208)",1,1,0,0
"Batista e Silva, Filipe (57197836044)",0,0,1,14
"Batlles, F.J. (6602731047)",3,3,0,0
"Batmunkh, Munkhbayar (55117544000)",1,1,0,0
"Battaglia, Peter (7003855044)",1,2,1,17
"Batterham, Rachel L. (7004418512)",0,0,1,4
"Battisti, Rodrigo (25928330400)",1,1,0,0
"Baturone, Iluminada (6701567942)",1,1,0,0
"Bauen, Ausilio (6701766154)",0,0,1,26
"Bauer, Michel (57204863944)",1,3,0,0
"Bauer, Peter (57218944645)",0,0,1,1
"Bauer, Peter H. (57217766211)",1,1,0,0
"Bauman, Fred (7004025205)",2,120,0,0
"Bauman, Jennifer (23007603900)",1,2,0,0
"Baume, Olivier (35232733900)",1,1,0,0
"Bausch, Andreas R. (57203632354)",1,1,0,0
"Bawendi, Moungi G. (7005959235)",1,1,0,0
"Baxter, Jason (7202282666)",0,0,1,3
"Bayat, Reza (57505236800)",1,2,0,0
"Bayoumi, Magdy A. (7102207253)",1,5,0,0
"Bayu, Yudhistira C. (57420899900)",1,1,0,0
"Bazant, Martin Z. (6701815508)",1,22,0,0
"Bazargan, Kia (6701408738)",1,1,0,0
"Bazilian, Morgan (6602946223)",0,0,1,4
"Bazine, Hasnaa (57204515571)",1,1,0,0
"Bazinski, S.J. (55886239200)",1,2,0,0
"Bazmohammadi, Najmeh (55364701400)",1,2,1,1
"Bañares-Alcántara, René (57202798592)",1,1,2,24
"Beal, Cara D. (9336033200)",0,0,1,1
"Beal, Corinne (35095865900)",0,0,1,26
"Beasley, Blair (57221783969)",0,0,1,2
"Beate Hovi, Inger (58026269100)",0,0,1,1
"Beauchea, Ryan (54583190000)",0,0,1,1
"Beausoleil-Morrison, I. (6603404639)",0,0,1,2
"Beausoleil-Morrison, Ian (6603404639)",0,0,1,1
"Becerik-Gerber, Burcin (57200377085)",2,3,0,0
"Becerra Villanueva, José A. (57210445691)",0,0,1,1
"Becerra, Alex (57203865822)",1,3,0,0
"Becerra, J.A. (57210445691)",1,1,2,3
"Becerra, Victor (7003871873)",1,1,0,0
"Becerril, Jorge (57192640141)",1,1,0,0
"Bechthold, Martin (6505474441)",1,1,0,0
"Beck, Christian (58424832800)",0,0,1,1
"Beck, S.B.M. (35568856600)",0,0,1,3
"Becker, Christiane (24460966100)",1,3,0,0
"Becker, Felix (56684218600)",1,1,0,0
"Becker, Florian (57204352596)",0,0,1,1
"Becker, S. (55837894300)",0,0,1,5
"Beckers, Camiel J.J. (57208082642)",1,2,0,0
"Beckers, Koenraad F. (55513510400)",0,0,1,8
"Beckert, Michael (55762824300)",0,0,1,2
"Beckham, Gregg T. (16240926200)",1,2,0,0
"Beckman, W.A. (7005504523)",1,2,0,0
"Becvar, Zdenek (23011752200)",1,1,0,0
"Bedi, Jatin (57201504761)",3,7,1,4
"Bednar, Dominic J. (57193652108)",0,0,1,16
"Bednarek, Tomasz (56580160600)",0,0,1,2
"Beetner, Daryl G. (6602719167)",1,1,0,0
"Begovic, Miroslav M. (7004957103)",1,1,1,1
"Begum, Rawshan Ara (14007780000)",0,0,1,1
"Behbahaninia, Ali (6504506947)",1,1,0,0
"Behboodi, Arash (24586773000)",1,1,0,0
"Behl, Madhur (40660946400)",1,1,0,0
"Behnam, Behzad (55968082900)",0,0,1,1
"Behnia, M. (55832863300)",1,4,0,0
"Behrang, M.A. (35145483000)",0,0,1,2
"Behrou, Reza (57193886669)",1,3,0,0
"Beinert, Andreas J. (57196121733)",1,1,0,0
"Beining, Marvin (57218600029)",0,0,1,1
"Bejan, A. (34767818800)",1,1,0,0
"Bejhed, R.S. (51863300700)",1,1,0,0
"Bekendam, Maria T. (57199151185)",0,0,1,4
"Bekoe, William (54879381100)",0,0,1,3
"Belarbi, Yacine (36602212000)",0,0,1,2
"Belaroussi, M.T. (6602205949)",1,1,0,0
"Belaïd, Fateh (36917920300)",0,0,1,10
"Beleiu, Horia Gheorghe (55330060600)",1,1,0,0
"Beletsioti, Georgia (56695338200)",1,1,0,0
"Belikov, Juri (24922502600)",0,0,1,1
"Bell, Frances (57192299429)",0,0,1,2
"Bell, Keith (7401917163)",1,1,0,0
"Bellel, N. (44761042400)",0,0,1,1
"Bellemans, Tom (55879836800)",1,3,1,1
"Belli, Alain (7103021788)",1,1,0,0
"Bellia, L. (6603930499)",0,0,1,2
"Bellman, Ryan (24343003700)",1,13,0,0
"Bello, Mobolaji (16030733200)",0,0,1,1
"Bellstädt, Daniel (57197744394)",0,0,1,2
"Belman-Flores, J.M. (56013556000)",1,1,0,0
"Belmans, Ronnie (16068077100)",0,0,6,14
"Belmont, Michael R. (16738068400)",0,0,1,1
"Belsam Jeba Ananth, M. (57192541256)",1,1,0,0
"Beltagy, Hani (56979372500)",0,0,1,1
"Belzer, Benjamin (6602139876)",1,3,0,0
"Bemporad, Alberto (7005030586)",1,37,0,0
"Ben Abdellah, Abdellatif (24477310000)",1,4,0,0
"Ben Ammar, Mohsen (17343698800)",0,0,1,22
"Ben Ammar, Rim (57190392790)",0,0,1,22
"Ben Chaabane, F. (55204397400)",1,2,0,0
"Ben Letaief, Khaled (55666697100)",1,1,0,0
"Ben Taieb, Souhaib (35745779800)",1,2,0,0
"Ben, Hui (56202606800)",0,0,1,2
"Ben-David, Tom (56548783500)",1,13,1,1
"Ben-Othman, Jalel (57189042083)",1,4,0,0
"Benabdelaziz, Kawtar (57194496229)",0,0,1,1
"Benammar, Mohieddine (6602121000)",0,0,1,2
"Benaouda, D. (15844746300)",1,3,0,0
"Benbassou, Ali (7801310641)",0,0,1,1
"Benbouzid, Mohamed (7003437800)",0,0,1,1
"Benchatti, Ahmed (15839180600)",1,1,0,0
"Benecki, Paweł (55644906700)",1,1,0,0
"Benetto, Enrico (24334369400)",0,0,1,6
"Bengea, Sorin C. (6506748794)",1,3,0,0
"Benhassine, Wassim (57197719024)",0,0,1,2
"Benick, Jan (24437425800)",1,1,0,0
"Benidris, Mohammed (52663130600)",1,2,0,0
"Benini, L. (35556997000)",1,4,0,0
"Benini, Luca (35556997000)",6,41,2,3
"Benjaber, Moaad (57190660338)",1,2,0,0
"Bennacer, Rachid (7003569712)",1,2,0,0
"Bennett, Christopher (57197965060)",0,0,1,1
"Bennett, Christopher H. (56970462500)",1,2,0,0
"Bennett, Christopher J. (57197965060)",0,0,1,3
"Bennett, Ian (35809875100)",1,1,0,0
"Bennis, Mehdi (23007914800)",1,2,0,0
"Bensaali, Faycal (6506260453)",0,0,1,5
"Benson, Christopher L. (55516864200)",1,6,1,1
"Benzaama, Mohammed-Hichem (57191156451)",1,1,0,0
"Benzarti, Karim (6603176955)",1,1,0,0
"Berardi, Umberto (58317471200)",2,3,4,5
"Bere, Justin (55672372600)",0,0,1,4
"Berenguel, M. (6701834872)",1,3,1,1
"Berenguel, Manuel (6701834872)",2,4,1,2
"Berg, Larry K. (7102266120)",0,0,2,5
"Berg, Miguel (18036452500)",1,8,0,0
"Berger, Karl Anton (7103356468)",1,1,0,0
"Berges, Mario (26326769400)",1,6,0,0
"Bergkvist, Mikael (6603465953)",0,0,1,1
"Berglund, Sixten (7006007963)",1,1,0,0
"Bergman, Karl (16201860000)",0,0,1,2
"Bergmann, Antje (55763200800)",0,0,1,2
"Bergsdal, Håvard (8699301600)",0,0,1,5
"Bergstrom, John C. (7202542153)",0,0,1,1
"Bergström, Hans (7005682116)",0,0,1,1
"Bergthorson, J.M. (8324271400)",1,13,1,3
"Berkane, Mohamed Lamine (25633485700)",1,1,0,0
"Bermel, Peter (6601959011)",1,5,1,1
"Bermeo-Ayerbe, Miguel Angel (57196064318)",1,1,0,0
"Bermúdez Miquel, José Miguel (57193677220)",0,0,1,2
"Bernabé-Moreno, Juan (56201964600)",0,0,1,3
"Bernal, Susan A. (25621436100)",0,0,1,1
"Bernal-Agustín, José L. (6507310480)",1,3,1,5
"Bernal-Escobedo, Luis (57205447415)",0,0,1,1
"Bernard, J. (36240340700)",1,6,0,0
"Bernardeli, Arthur (56512149000)",0,0,1,1
"Bernardini, Daniele (26421940500)",1,37,0,0
"Bernardini, Flavia (15845100200)",1,1,0,0
"Bernardo, Victoria (57189090107)",1,2,0,0
"Bernardon, D.P. (23024301200)",1,1,0,0
"Bernasconi, Davide (57214136369)",1,1,0,0
"Berndt, Dominik (57204848018)",1,3,0,0
"Bernert, M. (36600084400)",0,0,1,1
"Bernhart, Stephan H. (12774294900)",1,2,1,1
"Bernhoff, Hans (6602848522)",0,0,1,2
"Berno, Michele (57210845923)",1,2,0,0
"Berrada, Asmae (55698611000)",1,1,0,0
"Berrouk, Abdallah S. (15750216900)",1,2,0,0
"Berry, Adam (8710804300)",1,5,2,7
"Berry, Joel (58546780800)",1,7,0,0
"Berson, Arganthaël (22133702800)",0,0,1,3
"Bertacchini, A. (14833764900)",1,4,0,0
"Bertacchini, Alessandro (14833764900)",1,9,0,0
"Bertani, Dario (57015169600)",1,1,0,0
"Bertogna, Marko (21742126200)",2,7,1,1
"Bertolin, Chiara (25823678000)",0,0,1,5
"Berton, Lilian (35112729100)",1,1,0,0
"Bertoni, Mariana (8626411100)",0,0,1,4
"Bertram, Tobias (55912331900)",1,2,0,0
"Bertran, R. (36175462300)",1,3,0,0
"Bertran, Ramon (36175462300)",1,2,0,0
"Bertrand, François (7103266332)",1,1,0,0
"Bertrand, Sylvain (56742871500)",1,1,0,0
"Berwal, Deepak (56786319700)",1,1,0,0
"Besagni, Giorgio (56429601800)",1,1,0,0
"Bessa, R. (24921304700)",0,0,1,2
"Bessa, R.J. (24921304700)",1,1,0,0
"Bessa, Ricardo (24921304700)",1,2,1,1
"Bessa, Ricardo J. (24921304700)",2,2,0,0
"Bessec, Marie (8624460400)",0,0,1,2
"Besselink, Igo (9248982400)",1,1,1,2
"Besselink, Igo J.M. (9248982400)",1,2,0,0
"Bessler, David A. (7003934025)",0,0,1,13
"Bett, Philip E. (16041511100)",0,0,1,1
"Bettayeb, Maamar (7003970897)",1,1,0,0
"Betts, T.R. (16241117400)",0,0,1,2
"Beukes, J.P. (6602136905)",2,8,0,0
"Beus, Mateo (57195327287)",1,1,0,0
"Bevilacqua, Andrea (57559609400)",1,16,0,0
"Bexten, Thomas (57195107986)",1,1,0,0
"Beyene, Getachew Bekele (24401010100)",0,0,1,3
"Beyer, Hans Georg (57192183061)",1,2,1,6
"Beyer, Robert C.M. (57189616344)",0,0,1,1
"Bezhanishvili, Levan (57385805400)",0,0,2,3
"Bezian, Jean-Jacques (25822256700)",1,1,0,0
"Bhandarkar, Suchendra M. (7006828161)",1,1,0,0
"Bhanot, S. (13204669100)",1,1,0,0
"Bharany, Salil (57271146200)",1,1,0,0
"Bhargava, Lindsay J. (8086400700)",0,0,1,1
"Bhaskara Rao, B. (7403489007)",0,0,1,7
"Bhatia, Aviruch (38060947000)",0,0,1,1
"Bhatia, Bikram (56996919200)",1,1,0,0
"Bhatia, Richa (24597187700)",1,1,0,0
"Bhatt, Ankit (57188682064)",1,1,0,0
"Bhatt, Arpit (57217164613)",1,2,0,0
"Bhatt, Gaurang Ravindra (57193760946)",1,3,0,0
"Bhattacharya, Abhishek (57210519616)",0,0,1,1
"Bhattacharya, Atmadeep (55392075200)",0,0,1,1
"Bhattacharya, Jhilik (37015389000)",1,4,0,0
"Bhattacharya, Kankar (7101600850)",1,1,1,3
"Bhattacharya, Mita (7102111655)",0,0,1,5
"Bhattacharya, Prabir C. (7202370298)",0,0,1,1
"Bhattacharya, Ritabrata (57205900383)",1,1,0,0
"Bhattacharya, Sankar (36522279500)",1,2,0,0
"Bhattacharya, Subhashish (7404284094)",1,13,1,2
"Bhattacharyya, Subhes C. (7402157482)",0,0,1,5
"Bhatti, Amanat Ali (16644754500)",0,0,1,3
"Bhavaraju, Murty P. (6603766092)",1,1,1,6
"Bhave, Amit (7003319913)",0,0,1,26
"Bhering, Leonardo Lopes (6505766397)",0,0,1,1
"Bhimte, Amit (57191867569)",0,0,1,1
"Bhowmik, Subrata (57209139464)",0,0,2,4
"Bhoye, Motilal (57190583414)",1,3,0,0
"Bhuiyan, Md Zakirul Alam (35184906400)",1,1,0,0
"Bhuiyan, Mohammad M. (57213791556)",1,108,0,0
"Bhuiyan, Saiful (57191037244)",0,0,1,5
"Bhuvana, Venkata Pathuri (56176741400)",0,0,1,1
"Bi, Dao-Wei (16174555700)",1,1,0,0
"Bi, Daowei (16174555700)",1,1,0,0
"Bi, Guoling (37119997600)",1,1,0,0
"Bi, Jun (14826356600)",1,4,1,2
"Bi, Kaitao (57193280343)",1,2,0,0
"Bi, Xiaotao T. (7102242575)",0,0,1,2
"Bi, Yuanguo (23388616200)",1,1,0,0
"Bi, Zhuangzhuang (57912464200)",1,1,0,0
"Bialek, Janusz W. (7005917373)",0,0,1,1
"Bian, Haihong (26424487600)",1,1,0,0
"Bian, Jing (57193011213)",1,1,0,0
"Bian, Kai (57207819350)",1,1,0,0
"Bian, Ye (57194284221)",1,1,1,1
"Bian, Zhixi (7103314739)",0,0,1,3
"Bianchi, Giuseppe (55922192600)",0,0,1,1
"Bianchini, Alessandro (50560948100)",0,0,1,3
"Bianchini, Ricardo (7006939544)",1,27,2,2
"Bianco, Nicola (56705757600)",1,2,2,3
"Bianco, Vincenzo (26022781400)",0,0,4,20
"Białek, Jakub (57205567774)",1,1,0,0
"Bibeau, Eric (6603416024)",1,8,1,2
"Bicer, Yusuf (6602334568)",0,0,1,1
"Bickerstaff, Karen (6701735631)",0,0,1,3
"Bickley, Catherine J. (6506665260)",1,9,0,0
"Bidabadi, Behrooz Shirani (58401861200)",1,2,0,0
"Bidabadi, Farnoosh Shirani (58038190700)",1,2,0,0
"Biddy, Mary J. (6507462623)",1,2,0,0
"Bieber, Niclas (57197856857)",0,0,1,1
"Bifano, Thomas (7006329833)",1,8,0,0
"Bigano, Andrea (6507141274)",0,0,1,16
"Biggar, Darryl R. (35241925800)",0,0,2,4
"Biggs, Mark J. (35568383400)",1,1,0,0
"Bijarbooneh, Farshid Hassani (54413867500)",1,4,0,0
"Bijwe, P.R. (6701679530)",0,0,2,4
"Bilal, Muhammad (59054652200)",1,3,0,0
"Bilan, Yuriy (35239448800)",0,0,1,3
"Bilardo, Matteo (57207834903)",0,0,1,2
"Bildirici, Melike E. (25631769500)",0,0,1,1
"Bildstein, Olivier (8448158200)",0,0,1,1
"Bilge, Ayse Humeyra (7005981141)",0,0,1,1
"Bilgen, Bilge (6508137415)",0,0,1,1
"Bilgili, Levent (55791946800)",0,0,1,2
"Bilionis, Ilias (54998002300)",1,1,0,0
"Billerbeck, Anna (57221636499)",0,0,1,1
"Billinton, R.B. (57202737259)",1,1,0,0
"Billinton, Roy (57202737259)",1,1,1,2
"Bin, Wu (7403590865)",1,1,0,0
"Bin, Yan (55569847200)",1,8,1,1
"Bindal, Shilpa (59522052500)",0,0,1,1
"Binduhewa, Prabath (26649717700)",1,2,0,0
"Bingyan, Wang (57215625457)",0,0,1,1
"Binnie, Chris (57060022400)",0,0,1,1
"Binnig, Gerd (22970196300)",1,7,0,0
"Binns, Michael (25649187600)",1,2,0,0
"Binu, D. (59427730800)",0,0,1,2
"Biona, Jose Bienvenido Manuel (21742187700)",0,0,1,1
"Birgersson, Erik (56153302000)",1,1,1,2
"Biricik, Göksel (16229388000)",0,0,1,1
"Birkelund, Yngve (57190760592)",1,1,0,0
"Birkholz, Peter (23395660400)",1,2,0,0
"Birkner, Zoltán (57210639279)",0,0,1,1
"Birou, Iulian (25031060800)",1,1,0,0
"Bishop, Daniel (57933753000)",0,0,1,1
"Bisognin, Aimeric (55581928000)",1,4,0,0
"Bisquert, Juan (7005095919)",1,1,0,0
"Biswas, Dwaipayan (55576295700)",1,6,1,1
"Biswas, M.A. Rafe (57194596313)",1,4,0,0
"Biswas, Pratim (14031049800)",1,2,0,0
"Biswas, Trusha (58887650800)",0,0,1,1
"Biswas, Wahidul K. (6602349968)",1,1,1,2
"Bitsuamlak, Girma (7801424191)",1,8,0,0
"Bitsuamlak, Girma T. (7801424191)",1,1,0,0
"Biwole, Pascal Henry (24170959400)",0,0,1,3
"Björkman, Thomas (56646189600)",0,0,1,2
"Bjørner, Thomas Bue (55666021000)",0,0,1,4
"Blaabjerg, Frede (7004992352)",3,5,4,11
"Blaauw, David (7006597968)",1,1,0,0
"Blache, Fabrice (6602463429)",0,0,1,1
"Black, Jon (56005900500)",0,0,1,1
"Black, Jon (59834346400)",0,0,1,4
"Black, Mary (7402314312)",2,8,2,18
"Blades, Luke (56324223200)",0,0,1,4
"Blagojevic, Filip (22953137100)",1,6,0,0
"Blanc, P. (7202408584)",1,2,1,6
"Blanc, Philippe (7202408490)",0,0,1,1
"Blanchet, Pierre (7102260600)",1,2,0,0
"Blanco, Miguel (55905859200)",0,0,1,2
"Blanco, Rosa (36818001800)",0,0,1,3
"Blanco-Rodríguez, D. (36705790200)",0,0,1,3
"Blanke, Tobias (57215899928)",0,0,1,1
"Blasch, Julia (35306558800)",0,0,1,5
"Blasch, Julia E. (35306558800)",0,0,1,3
"Blasco, J.M. (16174230000)",1,15,0,0
"Blasiak, W. (6701346235)",0,0,1,1
"Blasnik, Michael (55241823200)",0,0,1,2
"Blazquez, Jorge (57189215534)",0,0,1,5
"Bliss, M. (25647359400)",0,0,1,2
"Blocken, B. (55906535400)",1,1,4,19
"Blodgett, Courtney (57195560194)",0,0,1,13
"Bloemhof, Gabriël (6508326653)",1,2,0,0
"Blomberg, Simon P. (7006212509)",0,0,1,16
"Blomqvist, L. (55520923500)",0,0,1,1
"Bloom, Aaron (57188731706)",0,0,2,21
"Bloomfield, Hannah (57192875643)",0,0,1,1
"Bloshenko, Tatiana (55827478300)",0,0,1,2
"Bludszuweit, H. (24536650800)",0,0,1,1
"Bludszuweit, Hans (24536650800)",1,2,1,2
"Blum, David (55842511600)",0,0,1,1
"Blumberga, Andra (55652372000)",0,0,1,2
"Blume, Christine (57219711277)",0,0,1,1
"Blume, Stefan (56458014400)",0,0,1,1
"Blumenfeld, Ian (15047603600)",1,1,1,1
"Blyth, William (21741958000)",0,0,1,1
"Blythe, Phil T. (7004368507)",1,1,1,4
"Bo, Cheng (57217626303)",1,2,0,0
"Boahen, Samuel (56600777000)",0,0,1,1
"Boateng, Emmanuel B. (57208512984)",0,0,1,1
"Boateng, Lennox (58617164900)",0,0,1,1
"Bobmann, T. (57148542300)",0,0,1,14
"Bocchino, Stefano (50260989500)",1,1,0,0
"Bochenski, Mikolaj (57212621936)",1,5,0,0
"Bochtis, Dionysis (24484566500)",1,1,0,0
"Bockelmann-Evans, Bettina (16201788000)",0,0,1,2
"Bode, Arndt (56113141300)",1,2,0,0
"Bodger, Pat (7003541599)",0,0,1,2
"Bodla, Muhammad Kamran (57220495435)",1,1,0,0
"Boegli, Alexis (7801311393)",1,2,0,0
"Boehlert, Brent (36520740500)",0,0,1,3
"Boehm, Robert F. (35610125800)",1,1,0,0
"Boekhoven, Job (36105801800)",1,1,0,0
"Boeri, A. (36668109500)",0,0,1,1
"Boero, A. (57188681313)",0,0,1,6
"Boerstra, Atze (35766486200)",0,0,1,1
"Boes, Robert M. (57204300896)",0,0,1,15
"Bofelli, D. (6504473717)",1,1,0,0
"Bogard, D.G. (7006601010)",1,2,1,2
"Bogenberger, Klaus (14070106400)",0,0,1,1
"Boghetti, Roberto (57212227686)",0,0,1,1
"Bogner, Konrad (6603588892)",1,1,0,0
"Bogomolov, Andrey (56028181600)",1,2,1,3
"Bohacek, Mark (57216222837)",1,3,1,3
"Bohn, Sven (56233227300)",0,0,1,3
"Boie, Inga (50861071600)",0,0,1,3
"Boie, Wulf (6508371823)",0,0,1,1
"Boillereaux, L. (57194128652)",0,0,1,2
"Bointner, Raphael (56231072600)",0,0,1,1
"Boissonnet, Guillaume (6602889495)",1,6,2,15
"Boitier, Baptiste (55956943100)",0,0,1,2
"Bojda, Nicholas (55123200300)",0,0,1,3
"Bojic, Milorad (56036239100)",0,0,1,1
"Bojić, Milorad (56036239100)",0,0,1,1
"Bokhari, Awais (55251309900)",0,0,1,1
"Bol, David (8521745800)",0,0,1,4
"Bolderdijk, Jan Willem (36674575600)",0,0,1,23
"Bolkesjø, Torjus Folsland (55664625300)",0,0,2,8
"Bolognani, Saverio (26433111900)",1,1,0,0
"Bolonio, David (56532020400)",0,0,2,6
"Bombelli, Ilaria (58114928700)",0,0,1,13
"Bomberger, Cory C. (55521287700)",1,2,0,0
"Bonaffini, Davide (56532524000)",0,0,1,3
"Bonanno, F. (57212263040)",1,1,0,0
"Bonaventura, D. (57193690986)",1,1,1,2
"Bond, C. (56048270300)",1,1,1,6
"Boneti, Carlos (24605010500)",1,3,0,0
"Bonetti, G. (55214765800)",1,4,0,0
"Bonini, Matteo (57224644501)",0,0,1,1
"Bonnin, X. (7004031477)",0,0,1,1
"Boomsma, T.K. (54942439300)",0,0,1,2
"Boopathy, Prabadevi (57219851336)",0,0,1,1
"Booth, M.S. (57202425632)",0,0,1,3
"Booysen, M.J. (51664541800)",0,0,1,1
"Bopp, Thomas (57220377133)",1,1,1,14
"Bor, Yunchang Jeffrey (7004535138)",0,0,1,1
"Borangiu, Theodor (24723653300)",1,27,0,0
"Bordass, B. (6603309547)",0,0,1,8
"Bordass, Bill (56318032600)",0,0,1,2
"Bordignon, S. (57196595240)",1,1,0,0
"Bordin, G. (51863096700)",1,1,0,0
"Bordoloi, P.K. (6602323391)",0,0,1,1
"Bordons Alba, Carlos (22133517500)",0,0,1,1
"Boretti, Alberto (57208229418)",0,0,1,1
"Borges, Bruno N. (36645656300)",1,1,0,0
"Borges, D. Damasceno (56485432200)",1,2,0,0
"Borggrefe, Frieder (25627351600)",0,0,1,27
"Borghesi, Andrea (56154931300)",1,1,1,2
"Borghetti, Alberto (57381372500)",1,1,0,0
"Borgianni, C. (6603845052)",0,0,1,3
"Borgianni, Carlo (6603845052)",0,0,1,1
"Boriboonsomsin, Kanok (14622172500)",2,5,0,0
"Boriskina, Svetlana V. (6701613358)",2,11,0,0
"Bork, Peer (7103061421)",0,0,1,1
"Borkowski, Esther (57223097754)",1,1,0,0
"Borland, Peter L. (58624119700)",0,0,1,1
"Borlaug, Brennan (57212228504)",0,0,1,34
"Bormans, Jan (56617293300)",1,7,0,0
"Bornemann, Jens (7006128443)",1,1,0,0
"Bornman, Waldo (57190951337)",1,1,0,0
"Boroojeni, Kianoosh G. (57092645400)",1,1,0,0
"Boroyevich, Dushan (35598746300)",1,1,0,0
"Borrajo Bastero, Josué (57278702000)",0,0,1,2
"Borrebæk, Per-Olof A. (57212385748)",0,0,1,1
"Borrelli, Francesco (35768822200)",3,251,1,3
"Borujeni, Masoud Salehi (57192832888)",0,0,1,1
"Borvarán, Dager (57186597300)",0,0,1,1
"Borysov, Stanislav S. (57193259113)",1,2,1,1
"Borza, Paul Nicolae (25031356400)",0,0,1,2
"Bose, Neil (35611441100)",1,1,0,0
"Bose, Pradip (7103009695)",1,3,0,0
"Bosio, Barbara (55888255600)",1,2,0,0
"Bosklopper, Th. G. J. (6508179180)",0,0,1,1
"Bosnić, Zoran (23566763400)",1,1,0,0
"Botai, J.O. (54986194000)",0,0,1,1
"Botella-Rocamora, P. (24467626100)",1,1,0,0
"Botero, Cristina (27367600500)",1,1,0,0
"Botha, C.P. (7006558655)",0,0,1,4
"Botman, Lola (57472660800)",0,0,1,1
"Botor, Benjamin (57119935500)",0,0,1,7
"Bott, Charles B. (6701449865)",0,0,1,3
"Botterud, A. (23011593900)",0,0,1,2
"Botterud, Audun (23011593900)",0,0,3,19
"Bottrell, Nathaniel (36781913300)",1,1,0,0
"Bou Soler, V. (35368141300)",1,2,1,5
"Bou-Rabee, Mohammed (7801531528)",0,0,1,1
"Bouachir, Ouns (56027475000)",2,2,0,0
"Bouaifi, M. (56618666100)",1,8,0,0
"Bouallou, Chakib (6603363939)",1,1,1,2
"Bouam, A. (24175723900)",1,1,0,0
"Bouarroudj, N. (57192163295)",0,0,1,1
"Bouazza, Kheir Eddine (6508025216)",1,2,0,0
"Boubekri, Mohamed (6603408031)",1,1,0,0
"Boucher, Jean Léon (57194017316)",0,0,1,1
"Bouchlaghem, D. (6508274996)",0,0,1,3
"Bouchlaghem, Dino (6508274996)",0,0,2,35
"Bouchouicha, Kada (42261008800)",0,0,1,1
"Boudenne, Abderrahim (6508308002)",1,1,0,0
"Boudet, Hilary Schaffer (36489170600)",0,0,1,3
"Bougard, Brano (6602233935)",1,2,0,0
"Bouhali, Othmane (57220521234)",1,1,0,0
"Boukelia, Taqiy Eddine (55578489100)",1,1,1,2
"Bouktif, Salah (7801624534)",1,10,0,0
"Boulakhbar, Mouaad (57218687932)",0,0,1,1
"Bould, David (6507284786)",0,0,1,2
"Boulet, Benoit (7003699556)",1,2,0,0
"Bourdais, Romain (23018100800)",1,8,1,1
"Bourdin, V. (6602689420)",0,0,1,2
"Bourseau, P. (6602501158)",1,2,0,0
"Boutina, Lyes (37076607300)",1,1,1,1
"Bouville, David (6505664359)",1,17,0,0
"Bouwman, Sonja (55979512200)",1,2,0,0
"Bouzerara, L. (8583484100)",1,1,0,0
"Bouzerdoum, A. (35570413200)",0,0,1,1
"Bouzerdoum, M. (55635602900)",1,3,0,0
"Bouzit, Mohamed (34975131400)",1,2,0,0
"Bovera, Filippo (57204735389)",2,3,0,0
"Bowers, Chris P. (8880287200)",1,1,0,0
"Bowers, Peter (57197281693)",1,2,0,0
"Bowman, Keith A. (56872475400)",1,2,0,0
"Boyd, Matthew (55616175600)",0,0,1,1
"Boyd, Stephen (35509523300)",1,3,0,0
"Boyer, H. (7005327227)",1,1,0,0
"Boyle, Fergal (25645685200)",0,0,1,1
"Boyle, Liza (56073259000)",0,0,1,11
"Boyle, Peter (56334872400)",1,1,0,0
"Boyle, Robert J. (55962642900)",0,0,1,2
"Boyuk, Dmitriy S. (55639817900)",0,0,1,2
"Boza, Pal (57222376560)",0,0,1,2
"Bozkurt, Ömer Özgur (56247159500)",0,0,1,1
"Bozorg, Mokhtar (36466107400)",0,0,2,6
"Bozorgzadeh, Elaheh (35596501200)",1,1,0,0
"Bracale, Antonio (8386475400)",1,3,2,6
"Bracco, Stefano (15049159900)",1,1,0,0
"Bracken, Cameron (55200873000)",0,0,1,1
"Bradbury, Kyle (34969075900)",0,0,1,1
"Braga, A.F.B. (57196534634)",1,3,1,2
"Braga, Marília (18036582600)",0,0,1,1
"Bragagnolo, S.N. (57218167611)",1,1,0,0
"Brahmam, Madala Guru (57951362000)",1,1,0,0
"Brancucci Martinez-Anido, Carlo (55001891800)",0,0,3,17
"Brancucci Martínez-Anido, C. (55001891800)",0,0,1,4
"Brancucci, Carlo (55001891800)",0,0,1,4
"Brand, Arno J. (16068268200)",0,0,1,1
"Brand, Christian (23018199200)",0,0,1,16
"Brand, H. (8246710900)",0,0,1,11
"Brand, Heike (8246710900)",1,1,1,9
"Brand, Peter (57195731957)",1,1,0,0
"Brandani, Federico (6603290158)",1,2,0,0
"Brandani, Pietro (57220268239)",1,5,0,0
"Brandani, Stefano (7005197732)",2,7,0,0
"Brandi, Silvio (57196345836)",2,4,0,0
"Brandner, Juergen J. (7003345259)",0,0,1,1
"Brandon, N.P. (7005362989)",1,1,1,2
"Brandon, Nigel Brandon (7005362989)",0,0,1,5
"Brandsma, Jeroen S. (57211058254)",0,0,1,3
"Brandt, Adam (16030675300)",2,2,0,0
"Brandt, Adam R. (16030675300)",0,0,2,7
"Brandt, Olivia (57695761400)",1,1,0,0
"Brandt, Tobias (55711523700)",0,0,1,1
"Brandtb, Adam (16030675300)",0,0,1,6
"Brangwynne, Clifford P. (8685632100)",1,7,0,0
"Branquinho, Mónica (56032687000)",1,1,0,0
"Branquinho, Omar (16549002500)",1,1,0,0
"Brasil, Augusto M. (6701469897)",1,1,0,0
"Brasington, Robert D. (36809094900)",1,1,0,0
"Braslavsky, Julio H. (6603834042)",2,3,0,0
"Bratteb, Helge (6505769303)",0,0,1,1
"Brattebø, Helge (6505769303)",0,0,1,5
"Braun, A. (26657879700)",1,1,0,0
"Braun, Axel (57023033200)",0,0,1,2
"Braun, James E. (57225702032)",1,1,0,0
"Braun, M. (55565624700)",1,1,2,4
"Braun, M.R. (57213768028)",0,0,1,3
"Braun, Martin (57191528586)",1,1,0,0
"Braun, Philipp (55811302700)",1,1,1,1
"Braun, R.J. (35605532900)",1,6,1,1
"Braun, Tobias (57215931033)",0,0,1,1
"Braunger, Steffen (57201986793)",1,2,0,0
"Bravo Dias, João (57211627683)",0,0,1,1
"Bravo, Ignacio (36129327000)",0,0,1,1
"Brayshaw, David James (25721803500)",0,0,1,3
"Brederlow, Ralf (6701824276)",1,1,0,0
"Breen, Sasuke (57200336052)",1,4,1,1
"Bregni, Leanne (57189319837)",0,0,1,1
"Breitung-Faes, S. (16066666100)",1,1,0,0
"Breitwisch, Matthew J. (7801531888)",2,123,0,0
"Brekke, Nick (56523136500)",1,1,0,0
"Brekken, Ted K. A. (16067825500)",1,2,0,0
"Brekken, Ted K.A. (16067825500)",0,0,1,1
"Brendel, Johannes (24342706500)",1,1,0,0
"Brendelberger, Stefan (24528567300)",1,2,1,1
"Brennan, D.J. (56268017000)",0,0,1,5
"Brennan, Desmond (57190378650)",1,1,0,0
"Brent, Alan Colin (6701413370)",0,0,1,12
"Bresciani, Antônio E. (35368290900)",0,0,1,5
"Breslow, Paul B. (6506227556)",0,0,1,28
"Bretschneider, Peter (24921065700)",0,0,1,3
"Brew-Hammond, Abeeku (6506383528)",0,0,1,11
"Brewster, Keith A. (57205299261)",0,0,1,1
"Breyer, Christian (39761029000)",0,0,1,2
"Brezina, Tadej (36611275700)",0,0,1,1
"Brezinsek, S. (6603110179)",0,0,1,1
"Briat, Vincent (55214981800)",0,0,1,5
"Brickett, Lynn (6508018094)",0,0,1,1
"Bridgwater, A. (7003451039)",0,0,1,1
"Briggs, J. (57192817949)",0,0,1,1
"Bright, Jamie M. (56549594900)",0,0,2,4
"Brighton, James (15041679200)",1,1,0,0
"Brijs, Tom (57198082120)",0,0,2,6
"Brincat, A. (6507224594)",1,15,0,0
"Brinkman, Greg (12792794300)",0,0,1,5
"Brinks, Hendrik (57204868618)",1,1,0,0
"Brinksmeier, Ekkard (35572364600)",1,2,0,0
"Brisse, Annabelle (24829999800)",1,1,1,2
"Brissette, François (6602079847)",0,0,1,3
"Brito, M.C. (7103088781)",1,2,1,2
"Brockway, Anna M (50660943500)",0,0,1,16
"Brockway, Anna M. (50660943500)",0,0,1,2
"Brockway, Paul E. (6602313047)",0,0,1,17
"Broekaert, Stijn (56611834200)",0,0,1,3
"Broekmans, Milo (57190740040)",0,0,1,1
"Broka, Z. (56888756100)",0,0,1,2
"Bronfman, Nicolás C. (6506186028)",0,0,1,5
"Brook, Barry W. (7003956690)",0,0,1,22
"Brooks, J.W. (57203584408)",2,2,0,0
"Brosch, Tobias (21833273000)",0,0,2,28
"Brossat, Xavier (55607268700)",1,1,0,0
"Broström, Tor (56121009500)",0,0,1,5
"Brouwer, Jacob (35616035100)",0,0,1,1
"Brouwer, Roy (7102772121)",0,0,1,4
"Brown, Craig (56381801100)",0,0,1,1
"Brown, Ed (55470653800)",0,0,1,1
"Brown, James (35133781600)",0,0,1,9
"Brown, James H. (7409452001)",1,1,1,10
"Brown, Marilyn A. (7405388601)",1,2,4,14
"Brown, Maxwell (56532804600)",0,0,1,1
"Brown, Richard (57193986002)",0,0,1,1
"Brown, Richard E. (55511913900)",0,0,1,3
"Brown, Richard E. (57193986002)",1,2,1,1
"Brown, Richard J. (56962718900)",1,1,1,5
"Brown, Thomas M. (56447631100)",1,3,0,0
"Brown, Zosia (24447766300)",0,0,1,3
"Browne, Oliver (55156245200)",0,0,1,2
"Brox, Piedad (9638935700)",1,1,0,0
"Brożyna, Jacek (57189362546)",0,0,1,1
"Bruce, Tom (7005744723)",0,0,1,1
"Brufau-Penella, J. (15622884600)",1,8,0,0
"Brummet, Thomas (57195520976)",0,0,1,1
"Brunberg, Kjell (35486708700)",0,0,1,2
"Brunelli, D. (22233293600)",1,4,0,0
"Brunelli, Davide (22233293600)",1,9,0,0
"Brunetto, C. (24460954500)",0,0,1,2
"Bruni, G. (7101609751)",1,10,0,0
"Bruninx, Kenneth (55368969800)",0,0,1,2
"Bruno, Marco (7202870250)",1,1,0,0
"Bruno, Martina (57219852009)",0,0,1,3
"Brunschwiler, Thomas (9532580800)",1,3,0,0
"Brunsell, Nathaniel A. (8987692000)",0,0,1,3
"Brunvand, Erik (6603359299)",1,2,0,0
"Brusamarello, Valner (6505913587)",1,1,0,0
"Bruzelius, Fredrik (6506181352)",1,1,0,0
"Bryan, Elizabeth (57193753208)",0,0,1,38
"Bryant, Matthew (57203196529)",1,1,0,0
"Bryden, Thomas S. (57193353266)",1,1,1,2
"Bu, Fan (53263099300)",1,1,0,0
"Bu, Seok-Jun (57194697819)",1,1,0,0
"Bu, Siqi (59299579400)",1,1,0,0
"Bu, Xiangyuan (14044631700)",1,1,0,0
"Bucci, F. (56009687800)",0,0,1,2
"Bucci, Francesco (56009687800)",0,0,1,2
"Buchli, Jonas (22333471400)",1,7,0,0
"Buck, Reiner (7101737010)",1,6,1,2
"Buckham, Bradley J. (6602528861)",0,0,1,2
"Buckley, A. (7102458611)",0,0,1,1
"Buckley, F. (58148167900)",0,0,1,1
"Buckner, Gregory (26643102100)",1,1,0,0
"Budd, Russell (8729421300)",0,0,1,2
"Buddhahai, Bundit (57200142792)",1,1,0,0
"Budiman, A.S. (57207514722)",1,5,0,0
"Buencuerpo, Jeronimo (6508210312)",0,0,1,2
"Bueno, Bruno (37664492300)",0,0,1,8
"Bueno, Julio L. (7102924278)",0,0,1,1
"Bueno-Lorenzo, Miriam (36781967600)",0,0,1,1
"Buerger, Stephen P. (6602713468)",1,1,0,0
"Buhan, Serkan (22033774400)",1,5,0,0
"Bui, Dinh-Mao (56707050300)",1,2,0,0
"Buisson, Jean (7006943047)",1,8,1,1
"Buja, Giuseppe (35549111500)",1,1,0,0
"Bujalski, Wojciech (36093888100)",1,1,0,0
"Bujlo, Piotr (9338351200)",1,2,0,0
"Bulatov, Yu N. (57194217945)",0,0,1,1
"Bullard, Autumn J. (57189365764)",1,1,0,0
"Bulović, Vladimir (7003553668)",0,0,1,9
"Bunescu, Razvan (8285251100)",1,1,0,0
"Bunger, A.P. (8662082600)",1,1,0,0
"Bunker, Ronald S. (57212950398)",0,0,1,2
"Bunn, Derek (7007068246)",0,0,1,1
"Bunt, J.R. (16634892900)",1,3,0,0
"Buonassisi, Tonio (6602921894)",0,0,1,1
"Buonomano, A. (53463179700)",1,1,0,0
"Buonomano, Annamaria (53463179700)",0,0,1,3
"Burago, Igor (57164701100)",1,1,0,0
"Burani, Erik (57556226000)",1,1,0,0
"Burbank Jr., Winston (26633552200)",0,0,1,1
"Burdett, Nigel (6603772763)",0,0,1,26
"Burger, Bruno (10142927900)",0,0,1,2
"Burger, Eric M. (56919313100)",1,1,0,0
"Burger, Oskar (12791759800)",0,0,1,1
"Burger, Paul (7202755809)",0,0,1,1
"Burger, Roelof (8536879700)",0,0,1,2
"Burgess, Matthew G. (56472378900)",0,0,1,34
"Burgett, Jon (24079925000)",1,1,1,1
"Burgio, Paolo (36661790800)",1,6,1,1
"Burgos, Rolando (7004843822)",1,1,0,0
"Burgos-Mellado, Claudio (56397843100)",1,1,0,0
"Burgués, Javier (36019787100)",1,5,0,0
"Burhan, Muhammad (24467425600)",1,1,0,0
"Burillo, Daniel (57192182881)",0,0,3,28
"Burkhardt, Alexander (58696548000)",0,0,1,1
"Burkholder, F.W. (23090169400)",1,2,0,0
"Burman, Esfandiar (55843415200)",0,0,1,1
"Burnett, J. (57208522476)",0,0,1,1
"Burnett, J. Wesley (35368159600)",0,0,1,1
"Burr, Geoffrey W. (7006204076)",1,120,0,0
"Burris, Collin G. (57205652072)",0,0,1,1
"Burrows, Keith (56400653600)",1,5,0,0
"Burrows, R. (7102643874)",0,0,1,1
"Burrows, Richard (7102643874)",0,0,1,2
"Burton, Patrick D. (55984000500)",0,0,1,11
"Burtraw, Dallas (6603790570)",0,0,1,15
"Busari, Ganiyu Adewale (57243793200)",1,1,0,0
"Bustillo, Andres (55956130100)",1,1,0,0
"Buswell, R.A. (6602107780)",0,0,2,8
"Buswell, Richard (6602107780)",0,0,1,20
"Buswell, Richard A. (6602107780)",0,0,1,15
"Butler-Purry, Karen L. (57293450200)",1,1,0,0
"Butrylo, Boguslaw (55942300400)",1,1,0,0
"Butson, Christopher R. (8732197800)",1,2,0,0
"Butt, Ali R. (8552023700)",1,1,0,0
"Butt, Nauman Zafar (23090075300)",0,0,1,2
"Buttazzo, Giorgio (7005028551)",1,1,0,0
"Buttazzo, Giorgio C. (7005028551)",1,1,1,1
"Buttry, Daniel A. (7004458919)",1,2,0,0
"Buys, Laurie (14830280000)",0,0,1,5
"Buyuktosunoglu, A. (6603171475)",1,3,0,0
"Buyuktosunoglu, Alper (6603171475)",1,3,0,0
"Buyya, Rajkumar (57194845546)",2,3,0,0
"Bynum, John D. (55199486700)",1,1,0,0
"Byrne, John (57212519443)",0,0,1,8
"Byrne, Miriam A. (7202358519)",0,0,1,1
"Byström, Roger (56195752500)",0,0,1,2
"Byun, Heejung (7103324864)",1,1,0,0
"Byun, Jinsung (35766301000)",2,4,1,1
"Byun, Yung-Cheol (8897891700)",1,2,0,0
"Báez, O. (57205267556)",0,0,1,20
"Bárbara, Diogo (58508054900)",0,0,1,2
"Bâra, Adela (36774820600)",0,0,1,1
"Bäker, Bernard (7401449579)",1,1,0,0
"Bédard, Karine (55189272200)",0,0,1,1
"Bódis, K. (6506207634)",0,0,1,4
"Böök, Herman (57204072764)",0,0,1,2
"Büchele, Richard (57191859393)",0,0,1,2
"Büchs, Jochen (7003856469)",1,1,0,0
"Bücker, Joris (59550061000)",0,0,1,3
"Bühle, L. (36489252700)",0,0,1,1
"Bühle, Lutz (36489252700)",0,0,1,3
"Büker, Karsten (56632951300)",0,0,1,11
"Bünning, Felix (57193351034)",0,0,1,2
"Bǎlan, Radu (56594610400)",1,2,0,0
"Caamaño-Martín, E. (6505937589)",0,0,2,3
"Caballero, David (52363102900)",0,0,1,5
"Cabello‐españon, Felipe (57225068246)",0,0,1,1
"Cabeza, L.F. (7004085845)",0,0,1,9
"Cabeza, Luisa F. (7004085845)",1,1,1,1
"Cabral, Joilson de Assis (57193556971)",0,0,1,1
"Cabral, Thiago Oliveira (59335691000)",0,0,1,1
"Cabreira, Taua M. (55616820100)",1,1,1,1
"Cabrera Mera, Absalón Guillermo (57223096716)",0,0,1,3
"Cabri, Giacomo (35511410700)",1,1,0,0
"Cacucciolo, Vito (56303483500)",1,1,0,0
"Cadamuro, Gabriel (56980014500)",0,0,1,1
"Cadarso, María-Ángeles (14044623200)",0,0,1,3
"Cadenas, E. (16038509200)",1,1,0,0
"Cadini, Francesco (8268636400)",0,0,1,1
"Cadirci, Isik (44862100700)",1,5,0,0
"Caetano, Tara (57188719594)",0,0,1,2
"Cahen, David (7005308690)",1,2,0,0
"Cai, Can (56903540200)",0,0,1,1
"Cai, Dongqing (13408408700)",1,1,0,0
"Cai, Dongsheng (55305675300)",0,0,1,17
"Cai, Fenglin (58510936100)",1,1,0,0
"Cai, Fulin (34867893400)",1,1,0,0
"Cai, Gaoyan (57222322421)",1,1,0,0
"Cai, Hanying (57403149200)",0,0,1,2
"Cai, Hongyi (57194728975)",1,1,0,0
"Cai, Huafeng (35975576700)",3,3,0,0
"Cai, Jun (35199541500)",1,2,0,0
"Cai, Kui (57220566004)",1,7,0,0
"Cai, Liping (59598648400)",1,2,0,0
"Cai, Mingjing (56272650700)",1,2,0,0
"Cai, Ning (55684299400)",1,1,0,0
"Cai, Peng (59063765600)",0,0,1,4
"Cai, Rong (55211831400)",1,1,0,0
"Cai, Sheng (57216367221)",1,1,0,0
"Cai, Shengze (57191196666)",1,1,0,0
"Cai, T. (57205509052)",1,5,0,0
"Cai, Tao (57205509052)",2,4,2,3
"Cai, Tianyi (57209544024)",1,2,0,0
"Cai, Wen-Jian (7401711135)",0,0,1,1
"Cai, Wenjia (16241086200)",0,0,1,2
"Cai, Wenjian (7401711135)",1,1,0,0
"Cai, Wentao (57261980000)",0,0,1,2
"Cai, Xiaobin (55453493500)",0,0,1,3
"Cai, Yanpeng (25225094200)",0,0,1,4
"Cai, Yi (57735900400)",1,1,0,0
"Cai, Yishan (55905593200)",1,3,0,0
"Cai, Yongyang (35796984200)",0,0,1,61
"Cai, Zhaohui (7402902112)",1,1,0,0
"Cai, Zhi (26665990100)",1,1,0,0
"Cai, Zhijian (58872575000)",1,1,0,0
"Caicedo, David (36997892900)",1,1,0,0
"Caine, Holden (55846553200)",0,0,1,7
"Calabretta, N. (6701797259)",1,1,0,0
"Calabretta, Nicola (6701797259)",2,38,0,0
"Calama-González, Carmen María (57201637759)",0,0,2,3
"Calautit, John (54787297700)",1,1,0,0
"Calautit, John Kaiser (54787297700)",0,0,1,2
"Calavia, Lorena (36619688900)",0,0,1,1
"Caldarelli, Guido (55139905100)",0,0,1,2
"Caldeira, Ken (7004807312)",0,0,1,3
"Calestani, Davide (9247685200)",1,1,1,1
"Caliez, Michaël (56157085400)",0,0,1,1
"Calili, Rodrigo F. (55902270900)",0,0,1,1
"Caliot, Cyril (14057602800)",1,1,0,0
"Calisgan, Sila Deniz (57203996642)",1,4,0,0
"Calkins, Andrew (55694459500)",1,2,0,0
"Callaway, Duncan (26038994100)",0,0,1,16
"Callaway, Duncan S. (26038994100)",5,47,6,27
"Callegari, C. (57195999981)",0,0,1,1
"Callejas, Ivan Julio Apolonio (54880598400)",0,0,1,1
"Callou, Gustavo (25633749100)",0,0,1,1
"Calnan, S. (16237826400)",0,0,1,1
"Calvin, Katherine (26640190700)",0,0,1,5
"Calvo-Flores, Miguel Delgado (55545228900)",0,0,1,4
"Calvo-Serrano, Raul (57194679043)",0,0,1,2
"Camargo, Antonio F.M. (7005064893)",0,0,1,1
"Cambazoglu, B. Barla (10140907500)",1,2,0,0
"Camilo, Fernando M. (57189341758)",0,0,1,1
"Caminero, Agustín C. (23466126400)",1,1,0,0
"Cammarata, Alberto (57223793796)",0,0,1,1
"Campanari, Stefano (6602182225)",0,0,1,1
"Campbell, Héctor (37100991600)",0,0,1,1
"Campbell, Kathy (15755507200)",0,0,1,2
"Campbell, Patrick G. (56378469000)",1,3,0,0
"Campbell, Roy (7005170835)",1,25,0,0
"Camponogara, E. (55921136200)",1,3,1,1
"Camponogara, Eduardo (55921136200)",1,1,0,0
"Campos, Edwin (7102998392)",0,0,1,1
"Campos, Vasco M. A. (57205226531)",1,1,0,0
"Camuffo, Dario (7006650174)",0,0,1,5
"Canada, Thomas (57224902737)",0,0,1,34
"Canale, Massimo (7003710852)",1,2,0,0
"Canale, Silvia (54413845300)",0,0,1,1
"Canbay, Caglar Selcuk (6508036742)",0,0,1,3
"Canberk, Berk (35084950600)",1,4,0,0
"Candelo-Becerra, John E. (55343580700)",1,1,0,0
"Candido, Christhina (26667557100)",0,0,2,2
"Canhoto, Paulo (24176666900)",1,1,0,0
"Canizares, Claudio A. (7005168966)",1,2,0,0
"Cannavale, Alessandro (26643650300)",1,1,0,0
"Cano, Jaime (56966174700)",0,0,1,1
"Cantatore, Eugenio (55884785900)",1,3,0,0
"Cantin, Heather P. (57190581305)",1,1,0,0
"Cané, C. (7003289774)",1,1,0,0
"Cao, Bin (57203997056)",1,1,0,0
"Cao, Buyang (7102832946)",1,1,0,0
"Cao, Cheng (57199934788)",1,1,0,0
"Cao, Di (57210508850)",1,1,1,1
"Cao, Feifei (56479913000)",1,3,0,0
"Cao, Guohong (7401709812)",1,3,0,0
"Cao, Haizhou (57821887000)",1,1,0,0
"Cao, Hongtao (58645267400)",1,1,0,0
"Cao, Huajun (7403346275)",2,2,0,0
"Cao, Huan (58026734000)",1,1,0,0
"Cao, Jiawei (57910138400)",1,1,0,0
"Cao, Jiayi (57092368500)",1,1,0,0
"Cao, Jie (56479625400)",1,1,0,0
"Cao, Jingfu (56611029800)",0,0,1,2
"Cao, Jingyu (57157924200)",1,1,0,0
"Cao, Junji (7403354324)",0,0,1,1
"Cao, Longchao (56849743700)",1,1,0,0
"Cao, Maoyong (7202868473)",1,1,0,0
"Cao, Min (57221594807)",1,5,0,0
"Cao, Nailiang (37035933300)",0,0,1,1
"Cao, Qiming (57365936700)",1,1,0,0
"Cao, Qing (57203559699)",1,2,0,0
"Cao, Ricardo (7103341400)",1,1,0,0
"Cao, Rui (57194651773)",0,0,1,1
"Cao, Sheng (57201408488)",1,2,0,0
"Cao, Shengxian (24780670800)",2,2,0,0
"Cao, Shi-Jie (57194325704)",3,5,1,2
"Cao, Shihua (35193461000)",1,1,0,0
"Cao, Shuyu (7202703635)",0,0,1,1
"Cao, Suzhen (55964115800)",0,0,1,3
"Cao, Tao (56241286400)",1,2,0,0
"Cao, Tao (57215533149)",1,1,0,0
"Cao, Tuan-Vu (57812086500)",1,4,0,0
"Cao, Weihua (7402082944)",1,1,0,0
"Cao, Wenping (57203305533)",1,2,0,0
"Cao, Wenyang (57193208389)",1,1,0,0
"Cao, Xia (55082564100)",1,1,0,0
"Cao, Xin (57201968815)",1,1,0,0
"Cao, Xinghui (57667836400)",1,1,0,0
"Cao, Yijia (7404523611)",1,2,0,0
"Cao, Yue (57212532553)",1,1,0,0
"Cao, Zhengnan (57207139062)",1,2,0,0
"Cao, Zhiao (57209499925)",1,1,0,0
"Cao, Zhibo (57302764400)",1,1,0,0
"Cao, xin (59806042700)",1,1,0,0
"Caous, Emilie Le (57216155458)",0,0,1,1
"Capdevila, Fina (36106733900)",0,0,1,2
"Capel-Timms, I. (57196217382)",0,0,1,16
"Capion, Karsten (36699168000)",0,0,1,1
"Capitanescu, Florin (6506825495)",0,0,1,1
"Capitán, Manuel Gutiérrez (55770719900)",0,0,1,2
"Capizzi, G. (7003416061)",1,1,0,0
"Capodieci, Nicola (44960985800)",1,6,1,1
"Caponi, Vincenzo (27867468800)",0,0,1,3
"Capozzoli, Alfonso (23018003200)",4,42,0,0
"Cappers, Peter (15822143100)",0,0,1,1
"Capretz, Miriam A.M. (6602631556)",3,13,0,0
"Caprino, Davide (56103888500)",0,0,1,2
"Caputo, Barbara (6701493146)",0,0,1,1
"Caramia, Pierluigi (6701729217)",0,0,1,3
"Carballo, R. (35291563900)",0,0,1,3
"Carbone, Giuseppe (58103042500)",1,1,0,0
"Carcadea, Elena (16021104300)",1,2,0,0
"Cardarelli, S. (57194473653)",1,1,0,0
"Cardella, U. (57193141312)",0,0,1,3
"Cardenas, Roberto (35608353200)",1,1,0,0
"Cardin, Michel-Alexandre (16308654600)",0,0,1,1
"Cardon, Joseph M. (56308192900)",1,1,0,0
"Cardoso, Gonçalo (55820471800)",0,0,1,1
"Careri, F. (36180696800)",0,0,1,12
"Carey, Van P. (35570639800)",1,2,0,0
"Carley, Sanya (26028537600)",0,0,1,21
"Carlos García-Díaz, J. (56243107700)",0,0,1,2
"Carlos, Jorge S. (35316722900)",0,0,1,1
"Carlson, Brian (57193518416)",1,2,0,0
"Carlson, Ola (7005685754)",1,1,0,0
"Carlson, Thomas J. (7101885643)",0,0,1,12
"Carlsson, Johan (56256039100)",0,0,1,1
"Carlton, Annmarie (7004091561)",0,0,1,2
"Carmeliet, Jan (7003734349)",1,4,4,6
"Carmelo, Paulo J. (6507022575)",1,2,0,0
"Carmon, David (60696094600)",0,0,1,1
"Carmona-Fernández, D. (14031153300)",2,2,0,0
"Carpentieri, Bruno (57191681163)",1,5,0,0
"Carpinelli, Guido (7006502338)",1,3,1,3
"Carpita, Mauro (6603270189)",0,0,2,6
"Carranza-García, Manuel (57205743857)",1,1,1,1
"Carravetta, Armando (56521531900)",1,2,0,0
"Carreno-Madinabeitia, Sheila (57195693331)",0,0,1,1
"Carrica, Daniel Oscar (6505977931)",1,1,0,0
"Carriere, Thomas (57213187431)",1,1,0,0
"Carrilho Da Graça, Guilherme (57314894400)",1,1,0,0
"Carrilho da Graça, Guilherme (57314894400)",0,0,1,1
"Carrillo, Rafael E. (24778243800)",1,1,0,0
"Carro, B.Belén (6507185110)",0,0,1,1
"Carro, Belen (6507185110)",2,6,0,0
"Carro, Belén (6507185110)",1,3,1,1
"Carroquino, Javier (55793709800)",1,2,0,0
"Carré, Patrick (56341888400)",1,3,1,4
"Carta, Corrado (57226232826)",1,1,0,0
"Carta, Salvatore (59734046700)",1,19,0,0
"Carter, Douglas R. (7402372421)",0,0,1,3
"Cartes, David A. (6602452196)",1,1,1,1
"Carvalho, D. (55024377500)",0,0,2,3
"Carvalho, L. (36674730700)",0,0,1,2
"Carvalho, M.G. (35584694100)",0,0,1,1
"Carvalho, Pedro M. S. (35179007100)",1,3,1,6
"Carvalho, Rexon (57193908940)",0,0,1,5
"Carvalho, Sidartha A.L. (56954457200)",1,1,0,0
"Carvallo, Juan Pablo (56541878200)",0,0,1,3
"Casado, Mayte Garcia (58429087300)",0,0,1,4
"Casali, A. (7007109249)",1,2,0,0
"Casalis, Grégoire (57203413777)",1,11,0,0
"Casarin, Roberto (8976184700)",0,0,1,1
"Casas, J.M. (7203049693)",1,1,0,0
"Casaseca-de-la-Higuera, Pablo (9744429500)",1,1,0,0
"Caselitz, Peter (24758076300)",1,21,1,2
"Casillas-Pérez, David (57189662377)",1,2,0,0
"Casper, Bryan (7003431144)",1,1,0,0
"Cassola, Fernando (56267668800)",0,0,1,1
"Castelliti, Diego (23110084900)",1,1,0,0
"Castigioni, Bruno De Almeida (57116493200)",0,0,1,8
"Castilla, M. (48361045500)",1,1,1,2
"Castilla, María Del Mar (48361045500)",1,3,1,2
"Castillo Correa, Carlos Gilmer (59326711000)",1,1,0,0
"Castillo, Anya (35199477900)",0,0,1,1
"Castillo, Edgar (7102964553)",0,0,1,4
"Castillo-Aguilella, Jose E. (8422496200)",0,0,1,2
"Castillo-Cagigal, M. (57211953485)",0,0,1,1
"Castor, Glaucio José Bezerra Cavalcante (60234424100)",1,1,0,0
"Castor, K.J. (57192161503)",1,1,0,0
"Castrejon-Campos, Omar (57213623224)",0,0,1,2
"Castro Verdezoto, Pedro L. (57210582296)",0,0,1,1
"Castro, A. (24170713300)",0,0,1,3
"Castro, J.M. (57199470819)",1,1,0,0
"Castro, Rui M.G. (55937371000)",0,0,1,2
"Castro, Vitor (7006824332)",0,0,1,1
"Castro-Rodríguez, Fidel (7801411949)",0,0,1,1
"Castronuovo, Edgardo D. (16314789600)",1,2,1,4
"Catalao, Joao P. S. (57204848031)",1,1,1,1
"Catalao, Joao P.S. (57204848031)",0,0,1,1
"Catalina, Tiberiu (24334339400)",0,0,1,1
"Catalão, J.P.S. (57204848031)",1,1,0,0
"Catalão, João P.S. (57204848031)",1,5,1,2
"Catania, Vincenzo (7006178644)",1,1,0,0
"Catchpole, Kylie (6701769144)",0,0,1,1
"Catchpole, Owen J. (6701363869)",1,2,0,0
"Cattani, Carlo (7004857300)",1,1,0,0
"Catthoor, Francky (7102959065)",2,7,0,0
"Cau, Giorgio (13102590900)",1,3,1,2
"Caulk, Robert A. (56560028000)",0,0,1,2
"Caulker, David (57814075100)",0,0,1,1
"Causone, Francesco (26026618000)",0,0,1,1
"Caussanel, Matthieu (6506707126)",1,1,0,0
"Cauwenberghs, Gert (7006056098)",1,2,0,0
"Cavagna, Simona (6603237817)",1,1,0,0
"Cavalcante, Renato L.G. (8960793600)",2,2,1,1
"Cavazzoni, Carlo (6603610421)",0,0,1,2
"Cavdar, Cicek (24178594900)",1,1,0,0
"Cavicchioli, Roberto (55061566600)",1,6,1,1
"Caviglia, Caterina (55844038100)",1,1,0,0
"Cawley, Peter (55788105900)",1,3,0,0
"Cawthorne, Dylan (57194647335)",0,0,1,1
"Cayan, D.R. (7005265210)",0,0,1,4
"Cazorla, Francisco J. (55129883300)",2,5,0,0
"Cazorla-Marín, A. (57201359772)",0,0,1,1
"Cazzola, Pierpaolo (33467531100)",0,0,1,3
"Ce, Li (57192837383)",1,1,0,0
"Ceballos, Hector G. (6602559714)",1,1,0,0
"Cebekhulu, Eric (57468589100)",0,0,1,1
"Cebulla, F. (57191381910)",0,0,1,1
"Cecchet, Emmanuel (55928808300)",1,7,0,0
"Ceccon, William Felipe (57222730633)",0,0,1,1
"Cecere, Carlo (55301259200)",0,0,1,2
"Cecilia, Andreu (57216152538)",1,2,0,0
"Ceglia, F. (57908378100)",0,0,1,1
"Celanovic, Ivan (6603380320)",2,6,1,1
"Celeste, Wanderley C. (23049374700)",0,0,1,1
"Cen, Haiyan (14044714100)",0,0,1,1
"Cen, Kefa (35564108300)",1,1,0,0
"Cena, Gianluca (7004475794)",1,1,0,0
"Cenek, Martin (58805816600)",0,0,1,1
"Centeno, Efraim (8905209900)",0,0,1,1
"Cerasa, Andrea (56921800800)",0,0,1,2
"Cerdá, Emilio (7003862334)",0,0,1,4
"Cerelli, E. (57210271729)",0,0,1,1
"Cerezo, Carlos (55814037900)",0,0,1,1
"Cerqueira, Ana Cláudia (36863292400)",0,0,1,1
"Cerquitelli, Tania (9738674400)",0,0,1,1
"Cerri, Carlos Clemente (35595461200)",0,0,1,8
"Cerri, Carlos Eduardo P. (7004291420)",0,0,1,8
"Cerri, Domingos Guilherme P. (15126775700)",0,0,1,8
"Cervone, G. (7801425389)",1,3,1,4
"Cervone, Guido (7801425389)",0,0,1,1
"Cesarini, Daniele (56116112200)",0,0,1,2
"Cesaro, Zac (57220047070)",0,0,1,15
"Cespedes, Mauricio (34978195100)",1,5,0,0
"Cetin, Kristen (56380075800)",1,3,0,0
"Cetin, Kristen S. (56380075800)",0,0,1,1
"Ceylan, Halil (35616018900)",1,3,0,0
"Ceylan, Halim (7004432706)",0,0,1,1
"Cezar, Gustavo Vianna (57188638221)",1,2,1,16
"Cha, Gichun (57189902672)",0,0,1,1
"Cha, Hae-Lim (57193383676)",1,1,0,0
"Cha, Hojung (7103181665)",2,15,1,1
"Cha, Youngsu (55295526700)",1,14,0,0
"Chabouni, Naima (57216225902)",0,0,1,2
"Chacartegui, R. (55915361700)",1,1,2,3
"Chacartegui, Ricardo (55915361700)",0,0,1,2
"Chacón, Miguel Crespo (57205433705)",0,0,1,1
"Chae, Woojin (56797869200)",1,14,0,0
"Chae, Young Tae (55277617700)",1,2,1,2
"Chahartaghi, Mahmood (57329179900)",0,0,1,1
"Chahla, C. (57160103400)",1,4,0,0
"Chai, Chong (59821887400)",1,1,0,0
"Chai, Fu (58044470500)",1,1,0,0
"Chai, Jian (34067502900)",0,0,1,1
"Chai, Minkang (57220205182)",1,2,0,0
"Chai, Songjian (56861777600)",2,4,1,1
"Chai, Tianyou (57576904000)",1,4,0,0
"Chai, Tianyou (7101628097)",1,1,0,0
"Chai, Xiang (56425150400)",1,1,0,0
"Chai, Yi (7102457044)",1,3,0,0
"Chaisakul, Papichaya (36493843700)",1,17,0,0
"Chaiwiwatworakul, P. (6506835910)",0,0,1,2
"Chakhchoukh, Yacine (34968921900)",0,0,1,2
"Chakrabarti, Anandaroop (55364532900)",1,1,0,0
"Chakrabarti, Arnab (7202579098)",1,5,0,0
"Chakrabarti, Chaitali (35554384700)",2,11,0,0
"Chakrabarti, M.H. (23018021200)",0,0,1,1
"Chakrabarty, Ankush (36898321800)",1,6,0,0
"Chakrabarty, Krishnendu (57203198425)",1,5,0,0
"Chakraborty, Debaditya (57188957880)",1,1,0,0
"Chakraborty, S. (58281377700)",1,21,0,0
"Chakraborty, Samarjit (35261592900)",2,8,0,0
"Chakraborty, Subhrajit (57220093420)",0,0,1,4
"Chakraborty, Sudipta (35228850500)",1,5,1,1
"Chakradhar, Srimat (7003995360)",1,1,0,0
"Chakroun, Walid (7003377168)",1,1,1,1
"Chalabi, Z. (6701780461)",0,0,2,2
"Chalabi, Zaid (6701780461)",0,0,5,16
"Chalmers, Alan (7102938771)",1,1,0,0
"Chambers, Jonathan (57202705583)",0,0,1,5
"Champagne, Victor (58148064500)",0,0,1,1
"Chan, Andy T. (57791658500)",0,0,1,3
"Chan, Apple (57198881667)",0,0,1,2
"Chan, Chi-Hang (35777796900)",1,1,0,0
"Chan, Edwin H.W. (58497318100)",0,0,1,2
"Chan, Jun Wei (58075592000)",0,0,1,1
"Chan, K.S. (55557794800)",1,5,0,0
"Chan, Ka Wing (55556350300)",1,1,1,1
"Chan, L.S. (57198881667)",0,0,1,1
"Chan, Lai-Cheong (54879871600)",1,2,0,0
"Chan, Mun Choon (14053507600)",1,3,0,0
"Chan, Nathan W. (36676856000)",0,0,1,6
"Chan, P.W. (35756335100)",0,0,1,1
"Chan, Pak-Wai (35756335100)",1,2,0,0
"Chan, S.C. (13310287100)",1,5,0,0
"Chan, Siew Hwa (7404255421)",1,1,0,0
"Chan, T.F. (22333321000)",1,2,0,0
"Chan, Wai Kin (13310083000)",1,1,0,0
"Chan, Wai Lok (13310339500)",1,1,0,0
"Chan, Walker (35197809200)",1,1,0,0
"Chan, Walker R. (35197809200)",1,5,2,2
"Chan, Wan-Yee (57197242438)",0,0,1,4
"Chana, Inderveer (36452127400)",1,3,0,0
"Chanchangi, Yusuf N. (57213838618)",1,1,0,0
"Chand, Duli (7006643234)",0,0,1,4
"Chandra, A. (7201668817)",1,2,0,0
"Chandra, Ambrish (7201668833)",1,1,0,0
"Chandra, Rohit (57208877184)",1,1,0,0
"Chandra, Subhash (57199285920)",0,0,1,7
"Chandrakasan, Anantha (35580673400)",1,2,0,0
"Chandrakasan, Anantha P. (35580673400)",2,16,0,0
"Chandramohan, Mahintham (35955687600)",1,5,1,1
"Chandramohanan Nair, P.S. (6505874361)",0,0,1,1
"Chandramowli, Shankar N. (36605803700)",0,0,1,23
"Chandran, Dileep (56658441100)",1,4,0,0
"Chandrasekar, Harish (57356058600)",0,0,1,8
"Chandrasekaran, K. (56583748900)",0,0,1,1
"Chang, Che-Wei (24821596800)",1,1,0,0
"Chang, Chen (57196076710)",1,1,0,0
"Chang, Christiana (34978253500)",1,4,1,1
"Chang, Chun-Hsiang (55844308000)",1,1,0,0
"Chang, Chun-Ming (57154845700)",1,2,0,0
"Chang, Cui-Zu (36238000700)",1,4,1,1
"Chang, G.W. (35214653200)",1,1,0,0
"Chang, Guiran (10043642000)",1,2,0,0
"Chang, Hong (55507038700)",1,1,0,0
"Chang, Hui-Ling (56133939100)",1,1,0,0
"Chang, Hyun Joon (36771365400)",0,0,1,2
"Chang, Ik-Joon (9533828300)",1,5,0,0
"Chang, Ji-En Morris (35087265700)",1,5,1,1
"Chang, Jia (57216947280)",1,1,0,0
"Chang, Jong-San (18933850100)",1,2,0,0
"Chang, Leland (7404274942)",1,3,0,0
"Chang, Man (8916284600)",1,5,0,0
"Chang, Ming-Feng (56301321200)",1,4,0,0
"Chang, Qianfei (24340525200)",1,1,0,0
"Chang, Rui (56179944300)",1,1,0,0
"Chang, Se-Dong (55494260800)",1,2,0,0
"Chang, Seongju (36612943300)",0,0,1,1
"Chang, Shan (9736077500)",1,1,0,0
"Chang, Soon-Jyh (8041791700)",1,4,0,0
"Chang, Suk Sang (56121714000)",1,1,0,0
"Chang, Sun J. (9233986600)",0,0,1,10
"Chang, Teng-Chang (55823056000)",1,2,0,0
"Chang, Tengfei (55968529600)",1,5,0,0
"Chang, Tsangyao (35095061300)",0,0,1,2
"Chang, Victor (56926234700)",1,1,0,0
"Chang, Wei-Chung (57203577380)",0,0,1,1
"Chang, Xianfa (57367327000)",1,1,0,0
"Chang, Xiaomin (57204732114)",1,1,0,0
"Chang, Xinyue (57206818625)",1,1,0,0
"Chang, Y.R. (16052303700)",1,1,0,0
"Chang, Yao-Jen (7501841996)",1,1,0,0
"Chang, Yen-Jen (7501841913)",1,1,0,0
"Chang, Yoosoon (7501843691)",0,0,2,28
"Chang, Yu-Ming (56412221000)",1,1,0,0
"Chang, Yuan (57216414312)",0,0,1,1
"Chang, Yuan-Hao (37062655300)",1,1,0,0
"Chang, Yuanyong (56606473600)",0,0,1,16
"Chang, Yufang (12764517600)",1,1,0,0
"Chang, Yung-Chung (7501841979)",1,1,0,0
"Chang, Z. (14022263800)",1,1,0,0
"Chang, Zhen-Cheng (58937259000)",1,1,0,0
"Chang-Silva, Roberto (58307255200)",1,1,0,0
"Changhong, Chen (59158718300)",0,0,1,1
"Chaniago, Yus Donald (56224473300)",1,1,0,0
"Chantzidakis, Matthew (15047476900)",1,7,0,0
"Chao, Christopher Y.H. (7403320307)",1,1,0,0
"Chao, Han-Chieh (7202973858)",1,2,0,0
"Chao, Huaipo (57793450100)",1,1,0,0
"Chao, Kuo-Ming (7202680681)",1,2,0,0
"Chao, L.U. (55976192000)",1,1,0,0
"Chao, Wei (57204322444)",1,1,0,0
"Chaouachi, Aymen (35572916300)",1,1,0,0
"Chaouch, Mohamed (56688340800)",1,1,0,0
"Chapalain, Georges (6603013864)",0,0,1,2
"Charabi, Yassine (55959072100)",0,0,2,3
"Charakopoulos, Avraam (24723529300)",1,1,0,0
"Charfeddine, Lanouar (55131152500)",0,0,1,2
"Charlier, Dorothée (55192207400)",0,0,1,4
"Charoenchaiprakit, Kanok (57226267217)",1,2,0,0
"Chartan, Erol Kevin (57200498707)",0,0,1,3
"Charwand, Mansour (55070899200)",0,0,1,1
"Charyloniuk, Wiktor (55663296500)",1,4,0,0
"Chatterjee, Bijoy Chand (56460899100)",1,2,0,0
"Chattopadhyay, Goutam (7006729055)",1,2,0,0
"Chattopadhyay, Siddhartha (12804434100)",1,1,0,0
"Chaturvedi, Nitin (36131024600)",1,1,0,0
"Chaturvedi, Nitin Dutt (55250600900)",1,1,1,1
"Chaturvedi, Shobhit (57213720223)",0,0,1,1
"Chatzarakis, G.E. (6602378212)",1,1,1,1
"Chatzipanagi, A. (26633658700)",0,0,1,8
"Chatzipoulka, Christina (57191195897)",0,0,1,2
"Chatzopoulou, Maria Anna (57192234138)",1,3,1,3
"Chau, Chi-Kin (15044059900)",2,3,0,0
"Chau, K.W. (24830082500)",0,0,1,1
"Chau, Kwok-wing (7202674661)",1,2,0,0
"Chau, Tatkei (57194062707)",1,1,0,0
"Chaudhuri, Tanaya (55647598300)",1,2,0,0
"Chauhan, Amisha (57194066738)",0,0,1,1
"Chauhan, Prakash (57191241822)",1,2,0,0
"Chauvin, Nicolas (57217731684)",1,31,0,0
"Chavali, Raghu Vamsi Krishna (55490178000)",0,0,1,1
"Chaver, D. (6506277764)",1,13,0,0
"Chaves, Inês (58507387000)",0,0,1,2
"Chaves, Pedro (57191040502)",1,1,0,0
"Chawla, Jasvipul S. (56236819200)",1,15,1,1
"Che Halin, Dewi Suriyani (36158106300)",1,4,0,0
"Che, Jinxing (25927002100)",2,2,0,0
"Che, Liang (55982501900)",3,3,0,0
"Che, Yifeng (57198347481)",0,0,1,1
"Cheal, C. (22233301000)",0,0,1,1
"Chebak, Ahmed (22333804400)",0,0,1,1
"Checconi, Fabio (35182711500)",0,0,1,2
"Cheddie, Denver F. (8719512200)",1,3,0,0
"Cheek, Roger W. (23099087500)",1,3,0,0
"Cheema, Muhammad Aamir (23391752700)",0,0,1,1
"Chehreh Chelgani, S. (22833745200)",1,1,0,0
"Chehreh Chelgani, Saeed (22833745200)",0,0,1,1
"Chehri, Abdellah (55666436200)",0,0,1,1
"Chemat, Farid (6701358586)",1,3,1,4
"Chemudupati, Venkata Gowtam S. (57203839379)",1,2,0,0
"Chen, Bin (55503929500)",0,0,1,1
"Chen, Bin (59521494000)",1,1,0,0
"Chen, Binqiang (57113886100)",1,3,0,0
"Chen, Biyu (21739390300)",1,1,0,0
"Chen, Biyun (56261192300)",1,2,0,0
"Chen, Bokan (56372611600)",1,1,1,1
"Chen, Boli (56021899900)",1,2,0,0
"Chen, C. (36011571900)",1,5,0,0
"Chen, Changsong (36011571900)",1,3,1,2
"Chen, Chao (56136055100)",1,3,0,0
"Chen, Chao (57208410146)",1,1,0,0
"Chen, Chao-Rong (8644139400)",2,4,0,0
"Chen, Chao-Shun (7501948087)",1,1,0,0
"Chen, Chaowen (57200192622)",1,1,0,0
"Chen, Chaoyang (58236380900)",1,1,0,0
"Chen, Chen (56488750500)",2,4,2,2
"Chen, Chen (57192218203)",1,5,0,0
"Chen, Chen (57206558867)",1,1,0,0
"Chen, Cheng (55925430000)",1,1,0,0
"Chen, Chien (48861129000)",1,1,0,0
"Chen, Chih-Sheng (23481009400)",0,0,1,2
"Chen, Chin-Ling (57214694244)",1,1,0,0
"Chen, Ching-Wei (54783966700)",1,1,0,0
"Chen, Chiung-An (59639101900)",1,2,0,0
"Chen, Chun (54964779100)",1,1,1,1
"Chen, Chunhong (12546097200)",1,3,0,0
"Chen, Chunling (33367446700)",2,2,0,0
"Chen, Cong (57571204800)",1,1,0,0
"Chen, Da-Ren (55724991200)",1,1,0,0
"Chen, Dali (7405453779)",2,2,0,0
"Chen, Dawei (57202746115)",1,1,0,0
"Chen, Dejie (59410252900)",1,1,0,0
"Chen, Deming (7405452600)",1,1,0,0
"Chen, Dong (56322939600)",0,0,2,5
"Chen, Donghui (57201348121)",1,1,0,0
"Chen, Duo-Wen (59482979300)",1,1,0,0
"Chen, Erheng (57209545624)",1,1,0,0
"Chen, F. (23026848600)",1,1,0,0
"Chen, Feng (55619289921)",2,2,0,0
"Chen, Feng (57216354252)",1,4,1,1
"Chen, Fulin (59874356100)",1,1,0,0
"Chen, G.Q. (7406541589)",0,0,1,1
"Chen, Gang (56939456700)",2,11,1,3
"Chen, Gang (57114115000)",1,1,0,0
"Chen, Gang (57114981400)",1,1,0,0
"Chen, Gang (59412416200)",1,1,0,0
"Chen, Geng (57201009023)",1,2,0,0
"Chen, Guang (57202929800)",1,1,0,0
"Chen, Guangda (59000301100)",1,1,0,0
"Chen, Guangyu (9733818500)",1,2,0,0
"Chen, Guanlin (59564554600)",1,1,0,0
"Chen, Guohua (58549071300)",1,1,0,0
"Chen, Haibo (35320797600)",0,0,1,1
"Chen, Hailang (57218862845)",1,1,0,0
"Chen, Hainan (57208726436)",1,1,0,0
"Chen, Haisheng (57192536693)",1,1,0,0
"Chen, Hao (57188745139)",1,1,0,0
"Chen, Hao (57191584510)",1,2,0,0
"Chen, Hao (57192534901)",0,0,1,1
"Chen, Hao (57222756220)",1,1,0,0
"Chen, Hao (59050762500)",1,1,0,0
"Chen, Haoran (57211431912)",1,2,0,0
"Chen, Haoran (59390704500)",1,1,0,0
"Chen, Homer H. (8236841800)",1,13,0,0
"Chen, Hong (56103899600)",4,5,0,0
"Chen, Hongbing (16033081500)",1,1,0,0
"Chen, Hongxu (57222009227)",1,2,0,0
"Chen, Hongyuan (57222320239)",1,1,0,0
"Chen, Houhe (16021403600)",1,1,0,0
"Chen, Hsiao-Chung (24823868900)",1,4,0,0
"Chen, Hua (57190745212)",0,0,1,1
"Chen, Hua (59825170700)",0,0,1,3
"Chen, Hua-yan (56416878200)",1,1,0,0
"Chen, Huaihao (57190977983)",1,4,0,0
"Chen, Hualing (14324138000)",1,1,0,0
"Chen, Huanxin (55743189700)",1,1,1,1
"Chen, Hui (57223043832)",1,1,0,0
"Chen, Huiming (57190813392)",1,2,0,0
"Chen, Huiying (7501607002)",1,2,0,0
"Chen, Irvin A. (26038990500)",1,1,0,0
"Chen, Ji (16443980300)",0,0,1,4
"Chen, Jian (55946692700)",1,2,0,0
"Chen, Jian (56841266100)",1,1,0,0
"Chen, Jian (58867044800)",1,1,0,0
"Chen, Jian-Jia (7501899944)",1,2,0,0
"Chen, Jianfei (57408967700)",1,1,0,0
"Chen, Jianli (57194027388)",1,1,0,0
"Chen, Jianmin (56411079900)",0,0,1,1
"Chen, Jianwen (55992292500)",1,1,0,0
"Chen, Jiaoliao (9746297900)",1,2,0,0
"Chen, Jiayu (56044368500)",2,34,2,3
"Chen, Jie (55717825800)",1,1,0,0
"Chen, Jie (56155732300)",3,4,0,0
"Chen, Jie (57190376307)",1,2,0,0
"Chen, Jie (57201263158)",1,1,0,0
"Chen, Jienan (36650201200)",1,1,0,0
"Chen, Jiezhi (57205067688)",1,1,0,0
"Chen, Jiming (55902702200)",2,3,0,0
"Chen, Jiming (57196106179)",1,4,0,0
"Chen, Jincan (7501896129)",1,1,0,0
"Chen, Jing (56191339600)",1,1,0,0
"Chen, Jing (57195313936)",1,1,0,0
"Chen, Jing-Kai (57200697483)",1,1,0,0
"Chen, Jingcheng (57221653915)",1,1,0,0
"Chen, Jingrui (57255970500)",1,1,0,0
"Chen, Jining (55860425800)",0,0,1,2
"Chen, Jinpeng (57483388700)",1,1,0,0
"Chen, Jintao (60399343800)",1,1,0,0
"Chen, Juan (57798447600)",1,1,0,0
"Chen, Jun (55273073500)",0,0,1,5
"Chen, Jun (56671506300)",1,1,0,0
"Chen, Jun (56713960400)",0,0,1,2
"Chen, Jun (57216622453)",1,1,0,0
"Chen, Junbin (59288830500)",1,1,0,0
"Chen, Junghui (57149154100)",1,1,0,0
"Chen, Junliang (7501878050)",1,1,0,0
"Chen, Jyh-Herng (7501878919)",1,1,0,0
"Chen, Kailun (57211264744)",0,0,1,1
"Chen, Kaiqi (57221474893)",1,1,0,0
"Chen, Kang (60348688300)",1,1,0,0
"Chen, Keqiang (56419049700)",1,1,0,0
"Chen, Kuilin (55612384500)",1,6,0,0
"Chen, Kwang-Cheng (7410240104)",1,1,0,0
"Chen, Lang (16038839900)",1,1,1,1
"Chen, Lei (57192614425)",1,4,0,0
"Chen, Lei (59281968100)",1,1,0,0
"Chen, Lei (7409438625)",2,73,0,0
"Chen, Liang (57192095855)",1,3,0,0
"Chen, Liang (57192609326)",0,0,1,1
"Chen, Liang (57441383000)",1,2,0,0
"Chen, Libo (57267549100)",1,1,0,0
"Chen, Lidong (7409437025)",1,1,0,0
"Chen, Ling (57193157981)",1,1,0,0
"Chen, Ling (57404063400)",1,1,0,0
"Chen, Lingjie (58963858600)",1,1,0,0
"Chen, Linglin (37103379600)",1,2,0,0
"Chen, Linying (57190968386)",1,1,0,0
"Chen, Liuyong (58753858100)",1,1,0,0
"Chen, Lu (57211998281)",1,2,0,0
"Chen, Lulu (59173769400)",1,1,0,0
"Chen, Luonan (26643448800)",2,5,0,0
"Chen, M.Z.Q. (35085827300)",2,4,0,0
"Chen, Mei (55578205000)",1,1,0,0
"Chen, Mengya (59156373700)",1,1,0,0
"Chen, Min (25821032200)",0,0,1,1
"Chen, Min (55880939000)",0,0,1,2
"Chen, Min-Lun (37110600000)",1,1,0,0
"Chen, Min-Rong (7407444148)",1,2,1,1
"Chen, Ming (57203254037)",1,1,0,0
"Chen, Mingbiao (57193079608)",1,1,0,0
"Chen, Minghui (56188685400)",0,0,1,1
"Chen, Mingzhe (57113807700)",1,1,0,0
"Chen, Mo-Shing (7406354462)",1,4,0,0
"Chen, Naishi (36805634500)",1,2,0,0
"Chen, Nan (57209342099)",0,0,1,2
"Chen, Nengcheng (7401911971)",0,0,1,1
"Chen, Niangjun (55756788600)",1,3,1,1
"Chen, Ning (23979600900)",1,1,0,0
"Chen, Pei (56801168100)",1,1,0,0
"Chen, Peiguang (58035237900)",1,1,0,0
"Chen, Peng (57750089800)",1,1,0,0
"Chen, Pengfei (57194416694)",1,1,0,0
"Chen, Qi (56900142500)",1,1,0,0
"Chen, Qi (59838689200)",2,3,0,0
"Chen, Qianbin (9635791600)",3,4,0,0
"Chen, Qiang (60012201200)",1,1,0,0
"Chen, Qifan (57212456022)",1,1,0,0
"Chen, Qifang (56083886600)",1,1,1,1
"Chen, Qin (8308841700)",0,0,1,2
"Chen, Qinghui (59386305300)",1,1,0,0
"Chen, Qixin (24922914700)",1,1,1,5
"Chen, Quan (56399603000)",0,0,1,1
"Chen, Richard L.-Y. (35267885200)",0,0,1,2
"Chen, Rong (9275915200)",0,0,1,4
"Chen, Runze (56018613300)",0,0,1,1
"Chen, S.-L. (7410255239)",1,1,0,0
"Chen, Scarlett (57208258223)",0,0,1,2
"Chen, Shaolong (60099240100)",1,1,0,0
"Chen, Shengyong (24491760700)",1,1,0,0
"Chen, Shih-Hung (57192605366)",1,120,0,0
"Chen, Shih-Lun (7410255239)",1,2,0,0
"Chen, Shuai (57223370738)",1,1,0,0
"Chen, Shuang (55779080000)",1,2,1,1
"Chen, Shuang (60384944900)",1,2,0,0
"Chen, Shuangyin (57497380100)",1,1,0,0
"Chen, Shuo (56553440400)",1,6,0,0
"Chen, Si (57210702942)",1,2,0,0
"Chen, Si (57210930292)",0,0,1,1
"Chen, Sihao (57299890200)",1,1,0,0
"Chen, Siheng (55314778300)",1,1,0,0
"Chen, Siqi (57208328807)",1,1,0,0
"Chen, Siyu (56113877900)",1,1,0,0
"Chen, Sizheng (56643543900)",1,1,0,0
"Chen, T. (7405454566)",0,0,1,1
"Chen, T.C. (15756977200)",0,0,1,1
"Chen, T.Y. (55505324800)",0,0,1,1
"Chen, Tao (56229792700)",1,1,0,0
"Chen, Tao (57189222199)",1,2,0,0
"Chen, Tianjiao (55568478700)",1,2,0,0
"Chen, Tinghui (57850939400)",1,1,0,0
"Chen, Wanyu (57201668706)",1,3,0,0
"Chen, Wei (57030892100)",1,1,0,0
"Chen, Wei (57043638300)",2,3,0,0
"Chen, Wei (57190767497)",1,1,0,0
"Chen, Wei (57202930731)",1,1,0,0
"Chen, Wei (57243930700)",0,0,1,1
"Chen, Wei-Hua (7409639471)",0,0,1,1
"Chen, Weimin (57469262500)",1,1,0,0
"Chen, Weiqi (60164471600)",1,1,0,0
"Chen, Wen (59410063900)",1,1,0,0
"Chen, Wenhao (57928182700)",1,1,0,0
"Chen, Wenjie (57215198590)",1,1,0,0
"Chen, Wenjun (57089517200)",1,1,0,0
"Chen, Wenying (55808020800)",0,0,1,7
"Chen, Xi (55286990800)",1,1,0,0
"Chen, Xi (56102770200)",1,4,1,1
"Chen, Xi (57196343690)",1,1,0,0
"Chen, Xi (57221955883)",1,1,0,0
"Chen, Xianfu (55822933300)",0,0,1,1
"Chen, Xiang (59130122700)",1,1,0,0
"Chen, Xiangguang (8887039600)",0,0,1,1
"Chen, Xiangnan (57202288918)",0,0,1,1
"Chen, Xiangping (37006451500)",1,2,0,0
"Chen, Xiangyi (57219005832)",1,1,0,0
"Chen, Xianqing (57221392727)",1,1,0,0
"Chen, Xiao (56316176500)",1,1,0,0
"Chen, Xiao-long (57218603757)",1,1,0,0
"Chen, Xiaofeng (57559210300)",0,0,1,1
"Chen, Xiaoju (56368665100)",0,0,1,1
"Chen, Xiaoming (57192469223)",0,0,1,1
"Chen, Xiaoping (35422101900)",1,2,0,0
"Chen, Xiaoqiao (57216103916)",1,1,0,0
"Chen, Xiaoquan (8064270500)",0,0,2,9
"Chen, Xiaotao (57190423340)",1,1,0,0
"Chen, Xiaowei (57118478800)",0,0,1,4
"Chen, Xiaowen (57222540002)",0,0,1,2
"Chen, Xiaoyang (57197718979)",2,3,0,0
"Chen, Xin (57133388600)",1,1,0,0
"Chen, Xin (57225125252)",2,3,0,0
"Chen, Xingying (23476842600)",1,1,0,0
"Chen, Xingzheng (56547823400)",1,1,0,0
"Chen, Xinyu (37068460300)",3,3,0,0
"Chen, Xiu-Zhi (57203381189)",1,4,0,0
"Chen, Xiyuan (12781348600)",1,1,0,0
"Chen, Xu (56877965800)",2,6,0,0
"Chen, Xu-Dong (57195608297)",1,1,0,0
"Chen, Xuejun (55156598600)",1,1,0,0
"Chen, Xueli (57204074743)",1,1,0,0
"Chen, Xuguang (36183740300)",1,1,0,0
"Chen, Xuhong (56996376200)",1,1,0,0
"Chen, Y.-F. (8597845300)",1,1,0,0
"Chen, Ya-Ning (55900043700)",0,0,1,2
"Chen, Yaheng (24450271800)",0,0,1,1
"Chen, Yan (56204538700)",1,1,0,0
"Chen, Yanbo (55165518700)",2,2,0,0
"Chen, Yang (57000194600)",1,1,0,0
"Chen, Yang (59457649300)",1,1,0,0
"Chen, Yangbo (58951735800)",1,1,0,0
"Chen, Yanping (60263237700)",1,1,0,0
"Chen, Ye (57202737038)",1,4,0,0
"Chen, Yen-Lin (35322122400)",1,4,0,0
"Chen, Yi (56505906900)",1,1,0,0
"Chen, Yi-Chao (36633797000)",1,1,0,0
"Chen, Yi-Chou (36105812600)",1,120,0,0
"Chen, Yi-Chung (59719506400)",0,0,1,2
"Chen, Yibo (57193117975)",1,1,0,0
"Chen, Yie-Tone (7601432636)",1,1,0,0
"Chen, Yihong (36559126000)",1,2,0,0
"Chen, Yihsu (7601428084)",0,0,1,2
"Chen, Yimin (57198522513)",0,0,1,1
"Chen, Yiming (59145301600)",1,1,0,0
"Chen, Yiming (59540790600)",1,1,0,0
"Chen, Ying (56004331800)",1,1,0,0
"Chen, Yining (57258344300)",1,2,0,0
"Chen, Yisong (55327500600)",0,0,1,1
"Chen, Yiting (56397718300)",0,0,1,3
"Chen, Yixin (57196271259)",1,2,0,0
"Chen, Yize (57200571266)",1,8,0,0
"Chen, Yong (55888835700)",1,1,0,0
"Chen, Yong (57225921061)",1,1,0,0
"Chen, Yongbao (57191709348)",2,2,0,0
"Chen, Yongdong (57220779814)",1,1,0,0
"Chen, You-Shyang (23134360200)",1,1,0,0
"Chen, Yougen (57196267887)",1,1,0,0
"Chen, Youming (56103292400)",2,2,0,0
"Chen, Young-Long (16174123900)",1,1,0,0
"Chen, Youqing (8332732500)",1,1,0,0
"Chen, Yu (59653121600)",1,1,0,0
"Chen, Yu-Cheng (57129570300)",1,1,0,0
"Chen, Yu-Kai (57137673300)",1,1,0,0
"Chen, Yuan (22033659200)",1,3,1,1
"Chen, Yuanlei (59818756300)",0,0,1,6
"Chen, Yue (59326161600)",1,1,0,0
"Chen, Yuge (57222473297)",1,1,0,0
"Chen, Yulong (57219442963)",1,1,0,0
"Chen, Yunlong (57258233000)",1,1,0,0
"Chen, Yuntian (57190944201)",4,4,0,0
"Chen, Z.M. (35209723900)",0,0,1,1
"Chen, Zaiqing (36633870500)",2,3,0,0
"Chen, Ze (58139864500)",0,0,1,1
"Chen, Zejun (57194116874)",0,0,1,2
"Chen, Zeqiang (23388684400)",0,0,1,1
"Chen, Zeyu (55574920900)",1,1,0,0
"Chen, Zhaohua (60348157600)",1,1,0,0
"Chen, Zhaoya (57189492529)",0,0,1,1
"Chen, Zhe (57060010900)",1,1,0,0
"Chen, Zhe (57201367302)",1,1,0,0
"Chen, Zhe (57207957994)",1,1,0,0
"Chen, Zhe (7409481493)",4,4,1,1
"Chen, Zhen (58914414600)",1,1,0,0
"Chen, Zhengchuan (55486248100)",2,2,0,0
"Chen, Zhenghong (55578783700)",1,1,0,0
"Chen, Zheyi (57210195346)",1,1,0,0
"Chen, Zheyuan (58562809900)",1,1,0,0
"Chen, Zhi (56939376400)",1,1,0,0
"Chen, Zhi (57075188000)",1,1,0,0
"Chen, Zhimin (57196282345)",1,1,0,0
"Chen, Zhipeng (57453903700)",1,2,0,0
"Chen, Zhiqian (57550421300)",1,1,0,0
"Chen, Zhisheng (57224530342)",1,2,0,0
"Chen, Zhiwei (59847165800)",1,2,0,0
"Chen, Zhiwen (56643411600)",1,1,0,0
"Chen, Zhiyao (60040555700)",1,1,0,0
"Chen, Zhiyong (55705623000)",1,1,0,0
"Chen, Zhong (57211811535)",1,2,0,0
"Chen, Zhong-Ho (35188547300)",1,3,0,0
"Chen, Zhoufan (58535908400)",1,1,0,0
"Chen, Zhuo (55701522100)",0,0,1,2
"Chen, Zhuolun (16032810400)",1,1,0,0
"Chen, Zixing (57557924600)",2,4,0,0
"Chen, Zonghai (57203879679)",1,1,0,0
"Chenel, Sergio (56422465700)",0,0,1,1
"Cheng, Bo (35239463100)",1,1,0,0
"Cheng, Cheng (57343870900)",1,1,0,0
"Cheng, Cheng-Li (55577999900)",0,0,1,1
"Cheng, Chi-Tsun (57188720201)",1,1,0,0
"Cheng, Chiang-Ho (27169034300)",0,0,1,1
"Cheng, Chuntian (7404796475)",2,3,1,1
"Cheng, Dazhao (56048653500)",1,1,0,0
"Cheng, Dingyi (56585260700)",1,1,0,0
"Cheng, Dongjian (57189308764)",1,1,0,0
"Cheng, Fuan (35239747500)",1,1,0,0
"Cheng, Hongbing (55854721200)",1,1,0,0
"Cheng, Jack C.P. (57204665849)",1,3,0,0
"Cheng, Jiawei (57195587251)",1,2,0,0
"Cheng, John W. M. (57199449579)",1,55,0,0
"Cheng, Ka Wai (16052135500)",1,2,1,2
"Cheng, Kanru (57210825248)",1,1,0,0
"Cheng, Kris (55234199500)",0,0,1,6
"Cheng, Kunlin (57189332779)",1,1,0,0
"Cheng, Lei (55474029900)",0,0,1,2
"Cheng, Liang (60234168500)",1,1,0,0
"Cheng, Lianglun (7403337601)",1,1,0,0
"Cheng, Lilin (57203687765)",6,8,1,1
"Cheng, Nuo (57785680100)",1,1,0,0
"Cheng, Peijun (57197716993)",1,1,0,0
"Cheng, Peng (55434345300)",1,4,0,0
"Cheng, Peng (57195940676)",1,2,0,0
"Cheng, Qian (57200228981)",1,1,0,0
"Cheng, Ray-Guang (8694536300)",1,1,0,0
"Cheng, Renyin (57457191800)",1,1,0,0
"Cheng, Sam (26867483100)",0,0,1,3
"Cheng, Shan (48561156400)",3,4,0,0
"Cheng, Sheng (57795722000)",0,0,1,1
"Cheng, Shi (57220824855)",0,0,1,1
"Cheng, Siyao (35181133000)",1,1,0,0
"Cheng, Vicky (14028023000)",0,0,1,1
"Cheng, Vincent (26663590900)",0,0,1,2
"Cheng, Wei (57204497082)",0,0,1,1
"Cheng, Xiangle (57196082131)",1,1,0,0
"Cheng, Xiaoyuan (57224850945)",1,1,0,0
"Cheng, Xiong (55253446200)",1,1,0,0
"Cheng, Xu (57195983527)",1,1,0,0
"Cheng, Xu (7401754741)",1,2,0,0
"Cheng, Xudong (24576676100)",0,0,1,1
"Cheng, Xueting (55510961200)",1,1,0,0
"Cheng, Xueyu (57190018587)",1,1,0,0
"Cheng, Yan (56829800300)",1,1,0,0
"Cheng, Yan-Ming (55487703200)",1,1,0,0
"Cheng, Yi (57199728374)",1,2,0,0
"Cheng, Yunlong (57679857300)",1,1,0,0
"Cheng, Zhenxing (59698741100)",1,1,0,0
"Cheng, Zixue (7401815203)",1,1,0,0
"Cheng, Zizhen (58187536300)",1,2,0,0
"Chenvidyakarn, Torwong (8984441200)",0,0,1,2
"Cheon, Seong-Yong (57204312886)",1,1,0,0
"Cheon, Seongpil (57195428910)",1,2,0,0
"Cheong, David (7005497222)",0,0,1,3
"Cheong, Taesu (41961126000)",1,1,0,0
"Cheong, Tsun Se (55858745900)",0,0,1,1
"Cher, Chen-Yong (6602599670)",1,3,0,0
"Cheriet, Mohamed (56216876600)",1,1,0,0
"Cherry, Jessie (10144109100)",0,0,1,2
"Cherry, Robert S. (35581774700)",0,0,1,2
"Chertkov, Michael (35550581400)",0,0,1,4
"Chertouk, Narimene (58034532400)",0,0,1,4
"Cherukuri, Ashish (35589452400)",1,1,0,0
"Cheruvu, N.S. (7004559231)",1,5,0,0
"Cheshire, Callum (58665093800)",0,0,2,5
"Chestek, Cynthia A. (12779584500)",1,1,0,0
"Chester, Mikhail V. (23995176100)",0,0,4,31
"Chetchatree, Pimsalisa (57219490059)",1,1,0,0
"Cheung, Kwok W. (57204632666)",1,2,0,0
"Cheung, Lewis T. O. (55626024300)",0,0,1,1
"Chevallier, Julien (35316737800)",0,0,2,16
"Chew, Benjamin Si Hao (57023178800)",1,1,0,0
"Chew, Lup Wai (56911968100)",0,0,1,1
"Chheda, Saurabh (6602731377)",1,19,0,0
"Chi, Chi-Hung (56346353600)",1,1,0,0
"Chi, Hong (7102258818)",1,1,0,0
"Chi, Hung-Lin (35096047900)",0,0,1,1
"Chi, Lian (57219486312)",1,1,0,0
"Chi, Lixun (57206202546)",1,1,0,0
"Chi, Qingqing (57221761657)",1,1,0,0
"Chi, Rui (56927891700)",1,1,0,0
"Chi, Xiaoni (55605778880)",1,1,0,0
"Chia, Keaton (57701612600)",0,0,1,1
"Chia, Yen Yee (56400409600)",1,1,0,0
"Chiang, Felicia (57202098182)",0,0,1,11
"Chiang, Hsiao-Dong (7402271848)",1,1,0,0
"Chiang, Ji-Rung (14036874900)",1,1,0,0
"Chiang, Kuei-Chun (57203017536)",1,1,0,0
"Chiang, Pen-Chi (7102736555)",1,3,0,0
"Chiappelli, Lisa (7801512753)",1,1,1,2
"Chiaraviglio, Luca (35145216100)",1,2,0,0
"Chiasserini, Carla-Fabiana (7004886008)",1,6,0,0
"Chiba, D. (8076567900)",1,6,0,0
"Chicco, Gianfranco (7003426118)",1,2,0,0
"Chick, L. (7003590067)",0,0,1,1
"Chien, Shao-Yi (7201952344)",1,1,0,0
"Chien, Wei-Che (57188709408)",1,2,0,0
"Chien, Yi-Fan (58645199700)",1,1,0,0
"Chien, Ying-Ren (16678640000)",1,1,0,0
"Chihi, Ines (54948272000)",0,0,1,1
"Chillingworth, Grace (55673024900)",0,0,1,2
"Chilton, John (7005677783)",0,0,1,2
"Chin, Hon Huin (57205458114)",1,2,0,0
"Chinarro, David (55373045100)",1,1,0,0
"Chinde, Venkatesh (55826523200)",1,1,0,0
"Chinnaraji, Ragupathi (57575448100)",1,1,0,0
"Chintakrinda, Kireeti (24764693500)",1,1,1,1
"Chintala, Rohit (56644577600)",1,10,0,0
"Chiodi, Alessandro (55194331000)",0,0,2,6
"Chiodo, Elio (6602897653)",1,3,0,0
"Chiong, Raymond (23395951300)",1,1,0,0
"Chiotellis, Stylianos (24823818500)",1,2,0,0
"Chirarattananon, S. (6701333537)",0,0,1,2
"Chitnis, Mona (36542085600)",0,0,1,2
"Chiu, Chin-Fong (7402303728)",1,1,0,0
"Chiu, Min-Sen (7101866216)",0,0,1,2
"Chiu, Pi-Feng (57111514300)",1,22,0,0
"Chlebowski, Jarosław (54997845300)",0,0,1,1
"Chmura, Chris (55857230300)",0,0,1,2
"Chng, Chin-Boon (36194688100)",1,1,0,0
"Cho, Byung-Lok (7401747673)",1,1,0,0
"Cho, Choong-Ho (13605834900)",0,0,1,1
"Cho, Eunho (57221091885)",1,3,0,0
"Cho, Gyu-Hyeong (55424052500)",1,2,0,0
"Cho, Haeran (36450319100)",1,1,0,0
"Cho, Honghyun (57141310000)",1,1,0,0
"Cho, Hye-Jin (57202091820)",1,1,0,0
"Cho, Hyun (25722954500)",1,1,0,0
"Cho, Hyun Sang (7403936444)",1,6,1,3
"Cho, Hyun-Seok (55361164400)",0,0,1,1
"Cho, Jegyeong (57226176436)",1,1,0,0
"Cho, Jihyeon (57218509054)",0,0,1,2
"Cho, Jin-Tae (22233508900)",0,0,1,1
"Cho, Jintae (22233508900)",1,2,0,0
"Cho, Kyung Ho (55581901100)",1,2,0,0
"Cho, Kyung Hwa (26022315200)",1,1,0,0
"Cho, Sangeun (57205186093)",1,1,0,0
"Cho, Soohwan (22833855800)",1,1,0,0
"Cho, Soolyeon (55349156000)",0,0,1,2
"Cho, Sooyoun (56840968400)",0,0,1,2
"Cho, Sung June (35200392500)",1,2,0,0
"Cho, Sung-Bae (7404884741)",2,7,1,3
"Cho, Sungrae (55542045700)",1,1,0,0
"Cho, Yong Cheol Peter (55472256700)",1,1,0,0
"Cho, Yongkwon (57216937102)",1,1,0,0
"Cho, Young-Hum (26636878700)",2,2,0,0
"Chodakowska, Ewa (57188755047)",1,2,0,0
"Choeum, Daranith (57208135374)",1,1,0,0
"Choi, Beomjin (7402755585)",0,0,1,2
"Choi, Byung Ho (55712667300)",1,1,1,3
"Choi, Dae-Hyun (54418463800)",2,2,0,0
"Choi, Doowon (57205351502)",0,0,1,1
"Choi, Eun-Young (56423943800)",0,0,1,1
"Choi, Eunjeong (57207765106)",1,1,0,0
"Choi, Hong-Jun (36024947000)",1,1,0,0
"Choi, Hoonjoo (56532206300)",1,1,0,0
"Choi, Jae-Hwan (56126548100)",0,0,1,1
"Choi, Jinho (57204012523)",1,1,0,0
"Choi, Joon-Ho (7501392848)",0,0,1,1
"Choi, Jungyun (56008055500)",1,1,0,0
"Choi, Ken (23975486700)",1,3,0,0
"Choi, Kihoon (8887966100)",1,4,0,0
"Choi, Kiyoung (7403949508)",2,3,0,0
"Choi, Myunghwan (56857060700)",1,1,0,0
"Choi, S.S. (57203929531)",1,5,0,0
"Choi, Sihyuk (49560982100)",1,4,1,4
"Choi, So-Won (57226501136)",1,1,0,0
"Choi, Soodon (57606889200)",1,1,0,0
"Choi, Sungyun (36179317600)",2,3,0,0
"Choi, Won Yong (57222669898)",1,2,0,0
"Choi, Wonchang (37009614900)",1,7,0,0
"Choi, Wonjae (57203145758)",0,0,1,4
"Choi, Woosung (35323938900)",1,1,0,0
"Choi, Wooyeol (55219943700)",1,1,0,0
"Choi, Yonghoon (57217787557)",1,1,0,0
"Choi, Yongok (57157825900)",0,0,1,3
"Chokani, Ndaona (6603833148)",0,0,1,3
"Chokor, Abbas (56315849300)",0,0,1,1
"Chola, Lumbwe (35195489800)",0,0,1,25
"Choley, Jean-Yves (16302890600)",0,0,1,1
"Chon, Yohan (36695950600)",2,15,1,1
"Chong, Daotong (35209933600)",1,2,0,0
"Chong, W.T. (36448921500)",1,11,0,0
"Chong, Y.-F. (36008357800)",0,0,1,6
"Chonka, Ashley (24461433400)",1,1,0,0
"Choo, Hyongsuk (57336583700)",1,1,0,0
"Choo, Myung-Lae (55649668600)",1,5,0,0
"Choon Ng, Kim (7403178980)",1,1,0,0
"Choquette, Kent D. (7101831545)",1,5,0,0
"Chou, Chien-Cheng (55710381200)",1,1,0,0
"Chou, Jui-Sheng (35772399000)",2,4,1,5
"Chou, Kee-Lee (7201905320)",0,0,1,1
"Chou, Li-Der (56060723000)",1,1,0,0
"Chou, Shuo-Yan (7401538435)",1,1,0,0
"Choudhary, Alok (24297881400)",1,2,0,0
"Choudhary, Ruchi (8253538700)",0,0,1,1
"Choudri, B.S. (55440063500)",0,0,1,1
"Choukulkar, Aditya (37861190300)",0,0,1,1
"Chow, Alice S. Y. (38361089000)",0,0,1,1
"Chow, David Hc (7103204606)",0,0,1,5
"Chow, Joe H. (7401728829)",1,1,1,3
"Chow, T.T. (35338718500)",0,0,2,3
"Chow, Tin-Tai (35338718500)",0,0,1,1
"Chowdhury, Debopriyo (22033617900)",1,3,0,0
"Chowdhury, Hemal (57196971861)",0,0,1,1
"Chowdhury, Mashrur (22949941100)",1,1,1,1
"Chowdhury, Raja (56864559800)",0,0,1,2
"Chowdhury, Ranjana (7101767078)",1,1,0,0
"Chowdhury, Souma (7201666250)",1,5,0,0
"Chowdhury, Sultana A. (57195451461)",1,1,0,0
"Chowdhury, Tamal (57217640562)",0,0,1,1
"Choy, Chun-Wing (57218676691)",0,0,1,2
"Choy, Wallace C. H. (7006202371)",1,1,0,0
"Chrastina, Daniel (22978969000)",1,17,0,0
"Chreng, Karodine (57431258900)",0,0,1,1
"Chrifi-Alaoui, Larbi (6507817404)",1,1,0,0
"Christen, Chase E. (57210602156)",0,0,1,2
"Christensen, Dane (56235639800)",1,1,1,12
"Christensen, K. (7202687712)",1,1,0,0
"Christensen, Ken (7202687712)",1,1,0,0
"Christensen, Richard N. (7202426303)",0,0,1,1
"Christiansen, Nils (56830250800)",0,0,1,2
"Christofides, Panagiotis D. (7005578768)",2,3,0,0
"Chrysopoulos, A. (54790704500)",0,0,1,1
"Chryssostomidis, Chrys (7003879179)",1,1,0,0
"Chu Van, Thuy (57196456361)",1,1,1,5
"Chu, Bo (57210070884)",1,2,0,0
"Chu, Chi-Cheng (14037000600)",1,1,0,0
"Chu, Chi-cheng (14037000600)",1,2,0,0
"Chu, Dan (57209342301)",1,1,0,0
"Chu, Edward T.-H. (57211735640)",1,2,0,0
"Chu, Hao-hua (7202364683)",1,1,0,0
"Chu, Jian (7402881088)",1,2,0,0
"Chu, Kang-Ching (54411950300)",0,0,1,3
"Chu, Peter (55178816600)",1,1,0,0
"Chu, Slo-Li (7403621884)",1,1,0,0
"Chu, Wen-Xiao (50261332200)",1,1,0,0
"Chu, Won-Shik (8379014500)",0,0,1,5
"Chu, Xiaoli (8536386700)",1,4,0,0
"Chu, Y.C. (7403050858)",2,4,0,0
"Chu, Yinghao (55933051500)",1,2,0,0
"Chu, Yiyi (57193706682)",1,1,0,0
"Chu, Zhaoqiang (57191825596)",1,4,0,0
"Chua, K.J. (26647348500)",1,1,0,0
"Chua, Kian Jon Ernest (26647348500)",1,1,0,0
"Chuang, Frank (55604867500)",1,119,0,0
"Chuang, Hung-Ming (7103110714)",1,1,0,0
"Chuang, Mei-Ling (57458494800)",1,1,0,0
"Chuang, Steve Tzu-Hsiung (56157132500)",1,3,0,0
"Chugh, Ragini (57205677686)",1,1,0,0
"Chui, Chee-Kong (7102093739)",1,1,0,0
"Chui, H. (7006642056)",1,1,0,0
"Chukwuneke, Jeremiah Lekwuwa (57205334308)",1,1,0,0
"Chun, Wongee (7005883852)",1,1,0,0
"Chung, C.Y. (7403613419)",1,2,0,0
"Chung, Chi Yung (7403613419)",1,3,0,0
"Chung, Daniel (34976574800)",1,4,0,0
"Chung, Haseung (7404006508)",1,1,0,0
"Chung, Henry Shu-Hung (7404007467)",1,3,0,0
"Chung, Il-Yop (7201867868)",0,0,1,1
"Chung, Jaehoon (57210358381)",1,1,0,0
"Chung, Ki-Seok (36996435900)",2,4,0,0
"Chung, Sung Woo (7404293097)",2,4,0,0
"Chung, T.M. (7401571410)",0,0,1,1
"Chung, Yongjoo (55471337900)",1,1,0,0
"Chunyang, Liu (60653601100)",1,1,0,0
"Churchfield, Matthew (16641812200)",0,0,1,1
"Churchfield, Matthew J. (16641812200)",0,0,1,2
"Chávez, R.-H. (7004297185)",1,1,0,0
"Ciais, Philippe (55399842300)",0,0,1,1
"Ciampi, Francesco Giuseppe (59222968900)",0,0,1,1
"Ciancio, Virgilio (57195986728)",0,0,1,3
"Ciapanna, Emanuela (36969047600)",0,0,1,1
"Cicilio, Phylicia (57200512246)",0,0,1,1
"Cid-Pastor, Angel (8688897900)",1,2,0,0
"Cifelli, R. (7006874359)",0,0,1,4
"Ciftci, Okan (57205618325)",1,2,0,0
"Cifuentes, L. (7006561759)",1,1,0,0
"Cifuentes, Luis A. (7006561768)",0,0,1,5
"Cigler, Jirˇi´ (36135478900)",1,4,0,0
"Cigler, Jiří (36135478900)",2,7,2,4
"Cigolotti, V. (24178405900)",1,1,0,0
"Cioara, Tudor (24473952700)",0,0,3,3
"Ciobotaru, Alexandru (57550316300)",1,1,0,0
"Cipcigan, Liana (21738966700)",1,1,0,0
"Cipcigan, Liana M. (21738966700)",1,2,0,0
"Cipiti, B.B. (6508178045)",1,1,0,0
"Circella, Giovanni (21833880500)",0,0,1,2
"Cirillo, Cinzia (58731175200)",0,0,1,1
"Cirillo, Flavio (56404335900)",1,2,0,0
"Cirstea, Stefan Dragos (57193694740)",1,1,0,0
"Citino, Luca (56574187600)",0,0,1,1
"Ciuffo, Biagio (55932397200)",1,1,2,14
"Ciulla, G. (35785716300)",1,1,0,0
"Ciullo, Delia (24722798900)",1,2,0,0
"Civerchia, Federico (57193016471)",1,1,0,0
"Clack, Christopher T. M. (56880164500)",0,0,1,1
"Cladouhos, Trenton T. (6603217834)",0,0,1,2
"Claessens, Bert (40560974900)",1,1,0,0
"Clague, R. (16027639500)",0,0,1,2
"Claret, Francis (6603663559)",0,0,1,1
"Claridge, David E. (7005042397)",1,1,0,0
"Clark, Brett (7401726008)",0,0,1,17
"Clark, M.A. (35613293300)",1,2,0,0
"Clark, Mark (57203945403)",1,1,0,0
"Clark, N.N. (7202886390)",1,2,0,0
"Clark, Robin T. (7406319763)",0,0,1,1
"Clarke, Alan (55672536400)",0,0,1,4
"Clarke, Leon (14626095800)",0,0,1,27
"Clarke, Nathan (8961310300)",1,1,0,0
"Clarke, Siobhán (7402969191)",1,3,0,0
"Claumann, Carlos Alberto (26425023000)",1,1,0,0
"Clausen, Anders (56239528100)",1,3,1,1
"Clausen, Niels-Erik (36659097300)",1,1,1,1
"Clausse, M. (36752398000)",1,1,0,0
"Clauß, John (57205352979)",1,2,1,2
"Clayton, Christopher E. (7201900756)",1,1,1,1
"Cleary, Paul W. (7202290548)",1,1,0,0
"Clemens, Torsten (29667531500)",0,0,1,1
"Clement-Nyns, Kristien (24824100300)",1,12,1,16
"Clemente, D. (55890691500)",0,0,1,1
"Clemente-Jul, Carmen (7801359099)",0,0,1,2
"Clifford, Eoghan (7007184321)",0,0,1,4
"Clifton-Brown, John (6603044413)",0,0,1,4
"Clinch, J. Peter (55667404600)",0,0,1,5
"Cline, Joel (57206224980)",0,0,1,3
"Clodic, Gaël (57201275331)",0,0,1,4
"Cludius, Johanna (16318899100)",0,0,1,24
"Cobben, J.F.G. (9743704400)",0,0,1,2
"Cocco, Daniele (35877304100)",1,3,1,2
"Coch Roura, Helena (6603101372)",0,0,1,2
"Cochepin, Benoit (14123109700)",0,0,1,1
"Cochran, Kevin R. (7004418755)",1,1,0,0
"Cochran, Michael (17433352600)",1,1,0,0
"Cocina, Valeria (55515533500)",1,2,0,0
"Cockerill, Tim T. (23003466700)",0,0,1,6
"Cockerill, Timothy T. (23003466700)",1,1,1,7
"Coculescu, Cristina (35118630800)",0,0,1,1
"Cocuzza, Matteo (6603313588)",1,1,1,1
"Codjo, Egnonnumi Lorraine (57219798942)",1,1,0,0
"Coelho, António (55938907000)",0,0,1,1
"Coenen, Frans H.J.M. (7004902560)",0,0,1,4
"Coenen, J.W. (16314862700)",0,0,1,1
"Cogliani, Euro (16306362900)",0,0,1,2
"Cohen, Itamar (24328681700)",1,1,0,0
"Cohen, Jed (56003235700)",0,0,1,1
"Cohen, R. (57199361473)",0,0,1,8
"Cohen, Reuven (7404157285)",1,7,0,0
"Cohen, Yoram (57204706469)",1,1,0,0
"Cohn, Robert (7102697010)",1,2,0,0
"Coimbra, Carlos F.M. (55393617400)",2,7,3,9
"Coit, David W. (7006816402)",0,0,1,2
"Colak, Ilhami (6602990030)",0,0,1,1
"Colbertaldo, Paolo (56960631600)",0,0,1,1
"Cole, Raymond J. (7401590488)",0,0,1,3
"Cole, Wesley J. (55428263100)",3,43,4,13
"Colella, Francesco (35602831700)",0,0,1,3
"Coleman, André M. (23479202500)",0,0,1,3
"Coleman, T. (56828858800)",0,0,1,4
"Colla, Valentina (6603349079)",1,1,1,2
"Collado, Jorge (56624188600)",1,1,0,0
"Collier, Craig (55537426100)",0,0,1,4
"Collier, John (36928809200)",1,8,0,0
"Collier, William (59197630500)",0,0,1,1
"Collin, Adam J. (23569248300)",0,0,1,2
"Colling, B. (54392699600)",0,0,1,2
"Collins, Edward Randolph (14069926400)",0,0,1,1
"Collins, Emmanuel G. (7201612640)",0,0,1,1
"Collins, John (55461319800)",0,0,1,1
"Collins, Jonathan (55461345200)",0,0,1,2
"Collins, Lisa (35723898100)",0,0,1,1
"Collins, Lyle (56581232700)",1,1,0,0
"Collotta, Mario (24461190300)",1,1,0,0
"Colombo, Emanuela (57197789696)",0,0,1,2
"Colombo, Moreno (57218251406)",0,0,1,1
"Comeau, Félix-Antoine (56117722400)",0,0,1,1
"Comeau, Louise (56847294500)",0,0,1,3
"Commar, Luiz Felipe Sant’Anna (57222490914)",0,0,1,2
"Comodi, Gabriele (56062593000)",1,1,1,2
"Comoglio, Claudio (16174255600)",0,0,1,15
"Compagnon, Raphaël (6603270585)",0,0,1,2
"Comparatore, Leonardo (57193015984)",0,0,1,2
"Compare, Michele (24398421000)",0,0,1,1
"Conca, V. (57215085184)",0,0,1,2
"Conceição, E.Z.E. (6603299150)",1,4,1,3
"Conceição, Ruhan (55314937300)",1,1,0,0
"Conejo, Antonio J. (57203051526)",0,0,1,2
"Coney, Mike W. (36850385000)",1,28,0,0
"Cong, Lanmei (52563329200)",1,1,0,0
"Cong, Peizhuang (57215897784)",1,1,0,0
"Congdon, Paul T. (35112920000)",1,3,0,0
"Congedo, Paolo Maria (58543015600)",0,0,1,4
"Connell, Niall (56711045500)",0,0,1,3
"Conners, Richard W. (7003865495)",1,1,1,1
"Connolly, D. (56370213600)",0,0,3,17
"Connolly, David (56370213600)",0,0,1,3
"Connors, Richard (15032264000)",0,0,1,1
"Conradie, Peter (57195934031)",0,0,1,1
"Conroy, G. (55638686700)",1,1,0,0
"Constantinescu, Emil M. (8914733000)",1,2,0,0
"Conteh, Foday (57193651861)",0,0,1,1
"Conteh, Michael A. (58534925700)",0,0,1,1
"Contestabile, M. (26435131600)",0,0,1,2
"Contestabile, Marcello (26435131600)",0,0,1,5
"Conti, Paolo (57202042432)",1,2,0,0
"Cony, Marco (25626187300)",1,1,0,0
"Cook, Diane (12806484400)",1,1,0,0
"Cook, Diane (57203550685)",0,0,1,1
"Cook, Malcolm (8088592400)",0,0,2,2
"Cook, Malcolm J. (8088592400)",0,0,1,1
"Cook-Chennault, K.A. (25651701700)",1,18,0,0
"Cooper, Elizabeth (57221618853)",0,0,1,1
"Cooper, Joshua (57199154174)",1,2,0,0
"Cooper, Ken B. (7402066565)",1,2,0,0
"Cooper, Paul (55603540500)",2,2,2,3
"Cooper, Robert (57221417257)",1,2,0,0
"Coors, Volker (55906599400)",1,1,0,0
"Coosemans, Thierry (55453085900)",2,6,1,1
"Copp, David A. (56692417300)",0,0,1,1
"Coppens, Marc-Olivier (54790515100)",1,3,0,0
"Coppin, Peter (7003886670)",1,1,0,0
"Copping, Andrea E. (6603885380)",0,0,1,1
"Coraci, Davide (57222172947)",1,1,0,0
"Corbin, Charles D. (35261754500)",1,69,1,1
"Corches, Cosmina (57215212909)",1,1,0,0
"Corcoran, B. (55224457100)",0,0,1,4
"Corcoran, Bethany A. (56201798500)",0,0,1,1
"Cordero, Raul R. (8596522500)",0,0,1,1
"Cordiner, S. (6602950580)",1,10,0,0
"Cordoba, Miguel (57209041836)",0,0,1,3
"Corgnati, Stefano P. (14627354500)",0,0,1,2
"Cornaro, C. (6506700491)",0,0,1,2
"Cornaro, Cristina (6506700491)",0,0,4,12
"Corner, Mark D. (15043898100)",1,6,0,0
"Coropceanu, Igor (55627539700)",1,1,0,0
"Corporaal, H. (7003345585)",1,3,0,0
"Corporaal, Henk (7003345585)",1,5,0,0
"Corradi, Olivier (55212207300)",1,1,0,0
"Corre, Olivier Le (6602453347)",0,0,1,1
"Correa, Alejandro (55496424800)",1,1,0,0
"Correa-Baena, Juan-Pablo (55488740200)",1,2,0,0
"Correia, J. (57647312700)",0,0,1,1
"Corriou, J.P. (7004414755)",0,0,1,5
"Corriou, Jean Pierre (7004414755)",0,0,1,4
"Cortiços, Nuno D. (57190673653)",0,0,1,1
"Corton, J. (55250268600)",0,0,1,1
"Corton, John (55250268600)",0,0,1,3
"Cortés, Cristián E. (7006195650)",0,0,1,1
"Corvalán, Roberto M. (6603407868)",0,0,1,1
"Corwin, Alex D. (7006343025)",1,1,0,0
"Costa Bortoni, Edson da (6506602516)",0,0,1,4
"Costa, Carlos (57190760644)",0,0,1,1
"Costa, D.P. (24346625300)",0,0,1,14
"Costa, M. (56343088300)",0,0,1,1
"Costa, Marcos Heil (7402846689)",0,0,1,2
"Costa, Maria João (59377344900)",1,1,0,0
"Costa, Mario (57199441720)",1,1,0,0
"Costa, Mário (56343088300)",1,1,0,0
"Costa, Paulo (57191194740)",0,0,1,2
"Costa, Rogério Luís de C. (7801604983)",1,1,0,0
"Costa-Castelló, Ramon (7801604563)",1,2,0,0
"Costa-Font, Joan (8293209700)",0,0,1,3
"Coster, D.P. (35502668400)",0,0,1,1
"Cotellucci, Andrea (57388134500)",1,1,0,0
"Cotilla-Sanchez, Eduardo (36642360600)",0,0,1,1
"Cottone, Francesco (22034098700)",1,3,1,1
"Coté, Gerard L. (24429621800)",1,14,0,0
"Coudevylle, Jean-Rene (6508238049)",1,17,0,0
"Coulibaly, Samir Franck Amadou (59179252200)",0,0,1,1
"Coulié, Julien (25227718000)",1,5,0,0
"Courellis, Hristos (57188743922)",1,2,0,0
"Courtney, D. (36598112300)",1,21,0,0
"Cousin, Julien (22834074700)",1,31,0,0
"Couto, A. (56699659500)",0,0,1,1
"Couto, António (56699659500)",0,0,2,4
"Couturier, Raphaël (8655841300)",1,2,0,0
"Couçeiro, Diogo (57444554900)",0,0,1,2
"Covrig, Catalin-Felix (55233970600)",0,0,1,1
"Coward, Andrew H. (24343053000)",1,1,0,0
"Cox, Brian L. (55838509786)",0,0,1,11
"Cox, Matt (55611646600)",0,0,1,8
"Cox, Robert W. (36080384400)",1,4,0,0
"Coyne, Bryan (57214699712)",0,0,1,1
"Cozza, Stefano (57203803352)",0,0,1,5
"Craglia, Matteo (57211052185)",0,0,1,3
"Craig, Francis (55826432600)",0,0,1,2
"Craig, Michael (49662986400)",0,0,1,4
"Craig, Michael T (49662986400)",0,0,1,1
"Crane, R.I. (7202984956)",0,0,1,2
"Craven, Darren (56519464800)",1,1,0,0
"Crawford, Broderick (23395875300)",1,3,0,0
"Crawford, Curran (7201811021)",1,2,2,2
"Crawford, Nathan C. (56810615100)",0,0,1,1
"Crawford-Brown, Doug (7003721862)",0,0,1,9
"Crawl, Drury B. (56556718600)",0,0,1,1
"Creamer, Germán G. (6603915895)",0,0,1,2
"Creatore, Mariadriana (6603603674)",1,2,0,0
"Crespi, Noel (17433279200)",1,4,1,3
"Crespo del Granado, Pedro (36650219400)",0,0,1,1
"Cretu, Ana-Maria (6603601559)",0,0,1,2
"Creutzig, Felix (23995215600)",0,0,1,5
"Crijns-Graus, Wina (56400956700)",0,0,2,5
"Cripps, A. (7004284773)",0,0,1,3
"Cripps, Andrew (7004284773)",0,0,2,35
"Cristalli, C. (57193261403)",0,0,1,1
"Cristalli, Cristina (57193261403)",1,1,0,0
"Cristea, S. (6602258709)",1,1,0,0
"Crisóstomo, G. (6508052533)",1,1,0,0
"Crnković, Ivica (6701375391)",1,2,0,0
"Croce, Alessandro (7005980921)",0,0,1,3
"Crompton, Paul (8042376900)",0,0,1,14
"Cropper, Paul C. (6602464304)",0,0,1,1
"Crosbie, Tracey (15768678900)",0,0,2,3
"Cross, A. (7202736414)",1,1,0,0
"Cross, Andrew M. (7202736414)",1,3,0,0
"Cross, Graham L.W. (8654776000)",1,7,0,0
"Crossin, Enda (23479292600)",0,0,1,2
"Crow, M.L. (7102457813)",1,1,0,0
"Crowley, Christian (57225726687)",0,0,1,2
"Croxford, Ben (6602994480)",0,0,1,5
"Crozier, Constance (57201549782)",0,0,2,3
"Crudden, D.J. (55515336300)",1,1,0,0
"Cruden, Andrew (7004581440)",1,1,1,2
"Cruz, Carlos (57211060381)",0,0,1,1
"Cruz, José Ignacio (57213471571)",0,0,1,3
"Cruz, Pedro L. (57215491954)",1,6,0,0
"Csaba, Mako (57700573800)",0,0,1,1
"Csala, Denes (56223929700)",1,1,0,0
"Cuadrado, Felix (23008194000)",1,1,0,0
"Cucchi, Matteo (57211318079)",1,2,0,0
"Cucco, Bruno (57205493958)",0,0,1,1
"Cudjoe, Dan (57215588332)",0,0,1,2
"Cuenca, Ángel (12344784600)",1,1,0,0
"Cugliari, Jairo (55606863200)",1,2,0,0
"Cui, Baihui (57202782251)",1,1,0,0
"Cui, Borui (57194512561)",1,1,0,0
"Cui, Can (57666255700)",1,1,1,1
"Cui, Chenggang (59662814400)",1,2,0,0
"Cui, Daxiang (35263676000)",1,2,0,0
"Cui, Dingsong (57226196240)",0,0,1,1
"Cui, Guangkai (58038262500)",1,1,0,0
"Cui, Hui (36808950600)",1,1,0,0
"Cui, Jun-Hong (13806119500)",2,3,0,0
"Cui, Kai (36571401400)",1,5,0,0
"Cui, Mingjian (36678682700)",4,6,4,12
"Cui, Naiyu (58802933600)",1,1,0,0
"Cui, Ningbo (23484638800)",0,0,1,1
"Cui, Peipei (58903513300)",1,2,0,0
"Cui, Qingbin (7103080112)",1,1,1,1
"Cui, Qiushi (56400174800)",0,0,1,1
"Cui, Shuguang (8710783400)",1,1,0,0
"Cui, Tiansong (55214218000)",1,2,1,1
"Cui, Wenkang (57222589847)",1,1,0,0
"Cui, Wenqi (57195416900)",1,2,0,0
"Cui, X. (57204973602)",1,1,0,0
"Cui, Xiandan (57194052937)",0,0,1,1
"Cui, Xiaobo (55612500300)",1,1,0,0
"Cui, Xiaoxin (13408258500)",1,1,0,0
"Cui, Xueyuan (57215538133)",1,1,0,0
"Cui, Yanpeng (57214108012)",1,1,0,0
"Cui, Yibo (57197770854)",1,1,0,0
"Cui, Yiming (59047518100)",1,1,0,0
"Culaba, Alvin B. (6508063649)",0,0,1,5
"Cullen, D. (22984710400)",0,0,1,1
"Cullen, Heidi (6604085240)",0,0,1,2
"Cullenward, Danny (14011810400)",0,0,1,5
"Culler, David (7004874505)",1,1,0,0
"Culligan, Patricia J. (35587014900)",1,1,2,4
"Cumo, F. (22034039200)",0,0,1,1
"Cunha, Daniel C. (58150185000)",1,1,0,0
"Cuomo, Francesca (57196491432)",1,2,0,0
"Cuong, Le (59158402400)",0,0,1,1
"Curci, Gabriele (7006304904)",0,0,1,3
"Curcija, Charlie (25624356400)",1,2,1,1
"Currie, Jonathan (47560993600)",1,1,0,0
"Curry, Nathan (35931764100)",0,0,1,8
"Curtis, Andrew J. (58112115100)",0,0,1,1
"Curtis-Maury, Matthew (15922278100)",1,6,0,0
"Cussons, Robert (56711252400)",0,0,1,3
"Cutler, Nicholas (22233496100)",0,0,1,1
"Cutrupi, A. (55257823900)",1,1,0,0
"Cuéllar, Manuel Pegalajar (7005051321)",0,0,1,4
"Cygan, David (6601996079)",0,0,1,2
"Cyrillo, Yasmin Monteiro (57207313065)",0,0,1,1
"Cyrino Oliveira, Fernando L. (56033397700)",0,0,1,1
"Cyrino Oliveira, Fernando Luiz (56033397700)",0,0,2,4
"Czado, Claudia (6602295147)",0,0,1,1
"Czarnecki, Stephen (56913130400)",1,2,1,1
"Czarnul, Pawel (6602640257)",1,1,0,0
"Czyz, Jaroslaw A. (7003963350)",1,2,0,0
"Cáceres, L. (36740206700)",0,0,1,9
"Câmara Pereira, Francisco (57212525667)",1,7,0,0
"Céspedes, Sandra (6507182180)",1,3,0,0
"Córcoles, Carmen (57210260366)",0,0,1,3
"Cărutasu, George (56069505500)",0,0,1,1
"D'Agostino, D. (56288579400)",1,1,0,0
"D'Agostino, Delia (36470048900)",0,0,2,6
"D'Ambrosio, Claudia (24537018200)",1,1,0,0
"D'Amico, A. (60092632800)",1,1,0,0
"D'Amico, Marco (57204176886)",1,1,0,0
"D'Andreagiovanni, Fabio (37123843000)",1,2,0,0
"D'Ettorre, Francesco (57209505418)",1,2,1,1
"D'Haeseleer, William D. (56209417100)",0,0,1,1
"D'Innocenzo, A. (8716369000)",1,2,0,0
"D'Isidoro, M. (6507501176)",0,0,1,4
"D'Orazio, Marco (15826296900)",1,1,0,0
"D'haeseleer, William (56209417100)",0,0,2,2
"D'haeseleer, William D (56209417100)",0,0,1,1
"D'haeseleer, William D. (56209417100)",0,0,1,3
"Da Costa, Marcus V.Americano (55344444800)",1,1,0,0
"Da Ponte, Manuel Nunes (7004445134)",1,2,0,0
"Da Silva Fonseca Junior, Joao Gari (56222606300)",0,0,1,2
"Dabbagh, Mehiar (49862930400)",2,2,1,1
"Dabiri, John O. (6602215129)",1,15,1,1
"Dadarlat, Vasile Teodor (25640857000)",0,0,1,1
"Dadfar, Ehsan (57668767100)",0,0,1,1
"Dagbasi, Mustafa (56369640500)",0,0,1,17
"Dagdougui, Hanane (36015081100)",2,2,0,0
"Dagoumas, Athanasios S. (8644142200)",0,0,1,1
"Dahiya, Ratna (56260221000)",1,1,0,0
"Dahleh, Munther A. (7006271100)",0,0,1,1
"Dahlke, Steve (57203221686)",0,0,1,2
"Dahman, Scott R. (16068001100)",1,2,0,0
"Dahmen, Klaus H. (7006580434)",1,2,0,0
"Dahmen, Manuel (55326173100)",1,2,0,0
"Dai, Baiqian (55338956400)",1,2,0,0
"Dai, Binhua (57223217886)",1,1,0,0
"Dai, Enyan (57218712148)",1,1,0,0
"Dai, Haifeng (16205140500)",1,1,0,0
"Dai, Hancheng (37007401600)",0,0,1,5
"Dai, Hong-Ning (55602606800)",1,1,0,0
"Dai, Jiapeng (57259018200)",0,0,1,2
"Dai, Jun (56525828500)",0,0,1,1
"Dai, Lei (58929477700)",1,1,0,0
"Dai, Min (57409304500)",1,1,0,0
"Dai, Minglu (57416435700)",1,1,0,0
"Dai, Qian (48260894300)",1,1,1,1
"Dai, Qiangsheng (56115793600)",1,1,0,0
"Dai, Rui (58190302500)",1,1,0,0
"Dai, Sai-Shuai (56849824000)",1,1,0,0
"Dai, Shuyu (57194429261)",3,4,0,0
"Dai, Wei (58728019900)",1,1,0,0
"Dai, Xi (56002022600)",1,4,1,1
"Dai, Xilei (57190168045)",1,1,0,0
"Dai, Xu-Han (8502162000)",1,1,0,0
"Dai, Y. (54892862200)",1,1,0,0
"Dai, Yanjun (7401513981)",0,0,1,2
"Dai, Yeming (25633669000)",1,1,0,0
"Dai, Yifan (52263449300)",1,1,0,0
"Dai, Yu (57004117200)",1,1,0,0
"Dai, Yusi (57217311536)",1,1,0,0
"Dai, Yuting (57200131400)",1,1,0,0
"Dai, Zheng (60234410400)",1,1,0,0
"Daisy, Mohammad (56825906600)",1,3,0,0
"Daka, Precious P. (57221767968)",0,0,1,2
"Dalamagkas, Christos (57200188122)",1,1,0,0
"Dalimi, Rinaldy (42061255600)",1,1,0,0
"Dalla Longa, Francesco (55633605100)",0,0,2,14
"Dalla Palma, Mauro (57202408991)",1,1,0,0
"Dallman, Ann R. (57190941976)",0,0,1,2
"Dalson, Gace Athanase (57204842683)",0,0,1,1
"Dalton, G.J. (59779080300)",0,0,1,8
"Dalvi, Sourabh (57222467461)",0,0,1,1
"Daly, Allan (7102328193)",1,129,1,3
"Daly, Daniel (7102740864)",0,0,1,2
"Daly, Hannah E. (36508480800)",0,0,2,11
"Damaševičius, Robertas (6603451290)",1,1,0,0
"Dambon, Olaf (15020320100)",1,3,0,0
"Damiani, Rick (55819208800)",0,0,1,3
"Daminato, Claudio (57215087189)",0,0,1,5
"Damle, Ashok S. (7004558017)",1,5,0,0
"Damour, C. (35309628600)",0,0,1,2
"Damousis, Ioannis G. (6506000002)",1,1,0,0
"Dan Lo, Chia-Tien (7801359731)",1,5,1,1
"Dan, Amy (36243284700)",0,0,1,15
"Dancila, Dragos (6603863674)",0,0,1,2
"Dandavino, S. (55203679300)",1,21,0,0
"Dandekar, Abhijit Y. (7005818747)",0,0,1,1
"Danebergs, Janis (57218306180)",0,0,1,1
"Daneshgar, Saeid (24586952600)",1,1,0,0
"Daneshrad, B. (7004920786)",1,5,0,0
"Dang, Daifeng (58664350400)",1,1,0,0
"Dang, Dazhi (57429160000)",1,1,0,0
"Dang, Kaikai (57223910932)",1,1,0,0
"Dang, Nga (51663306000)",1,1,0,0
"Dang, Sanlei (45460923100)",1,1,0,0
"Dang, Xuan-Toan (57915378700)",1,1,0,0
"Dang, Yao-guo (12141563100)",1,1,0,0
"Daniel Legrand, Mon-Nzongo (57288046300)",1,1,0,0
"Danielsen, Seth (55309026000)",0,0,1,2
"Danielson, David (26645510400)",0,0,1,3
"Danielsson, Oskar (9244612200)",0,0,1,2
"Danner, Victoria (57188556647)",0,0,1,11
"Dao, Van Tu (57205602491)",1,1,0,0
"Daoutidis, Prodromos (35576381000)",0,0,1,1
"Darab, Cosmin (36600267400)",1,1,0,0
"Daraz, Amil (57189689217)",1,1,0,0
"Darby, Sarah J. (35227114000)",0,0,1,2
"Dardir, Mohamed (57206270417)",1,2,0,0
"Dario, Paolo (36040468400)",1,6,1,1
"Darkwa, Jo (55805429300)",0,0,1,2
"Darmstadter, Joel (6603628950)",0,0,1,15
"Darouach, Mohamed (56212862800)",1,1,0,0
"Dars, Jean De Bremond (57425705600)",1,2,0,0
"Das, Anup (56883595200)",1,1,1,1
"Das, Buddhadeva (57199045010)",1,1,0,0
"Das, P. (56418836000)",0,0,1,1
"Das, Payel (56418836000)",0,0,2,3
"Das, Prasanta (56418839000)",1,2,0,0
"Das, Runa (57211865218)",0,0,1,1
"Das, Sajal K. (35479684000)",2,13,0,0
"Das, Sanjeev (56393469000)",1,5,1,1
"Das, Sauparna (56298974900)",1,1,0,0
"Das, Sujit (55689868600)",0,0,1,6
"Das, Sunanda (57215370179)",1,1,0,0
"Das, Uttam Kumar (57193321916)",1,1,0,0
"Dasanayake, Dinithi (24723834900)",1,2,0,0
"Dascalaki, Elena G. (57208559968)",0,0,1,4
"Dasgupta, Kaushik (55586482900)",1,1,0,0
"Dasgupta, Nataraj (57226162679)",0,0,1,3
"Dashti, Rahman (36808951200)",1,3,0,0
"Dassau, Eyal (8613444900)",1,6,0,0
"Date, Abhijit (57203403668)",2,2,2,2
"Datta, Amit (57214418885)",1,1,0,0
"Datta, Amitava (35232998100)",0,0,1,1
"Dauble, Dennis D. (7004364175)",0,0,1,12
"Daud, W.M.A.W. (7004879396)",0,0,1,1
"Dauenhauer, Peter (56035055000)",0,0,1,13
"Dauhoo, M.Z. (9637238300)",0,0,1,1
"Dauskardt, Reinhold H. (35595331200)",0,0,1,1
"Dave, Adarsh (57212590938)",0,0,1,2
"Davey, Thomas (53881318300)",0,0,1,1
"David, J.P.R. (25647614700)",1,1,0,0
"David, M. (35486904800)",0,0,1,2
"David, Mathieu (35486904800)",0,0,1,3
"Davidian, Danielle (55898928900)",0,0,1,5
"Davidson, Carolyn (55537193700)",0,0,1,6
"Davidson, Innocent E. (7103403083)",0,0,1,2
"Davidson, Jane H. (7403932518)",1,1,0,0
"Davidson, Michael (57212872740)",0,0,1,1
"Davidson, Michael R. (57191183271)",0,0,1,3
"Davies, M. (57202098246)",0,0,3,8
"Davies, Michael (57202098246)",0,0,2,7
"Davila, Carlos Cerezo (55907553400)",0,0,1,4
"Davis, Jeffrey A. (57218974777)",1,2,0,0
"Davis, Jim (24293230200)",1,1,0,0
"Davis, Lucas W. (8318412700)",1,1,1,93
"Davis, Neil N. (36782028900)",1,1,1,1
"Davis, Ryan (57416719700)",1,2,0,0
"Davis, Sam (58444421400)",1,1,0,0
"Davison, Peter J. (55617114400)",0,0,1,2
"Davoudpour, Hamid (8506519700)",0,0,1,3
"Davy, Robert J. (7004449510)",0,0,1,2
"Daw, Joshua (24075120300)",0,0,1,1
"Dawood, Nashwan (35611727500)",0,0,1,2
"Day, A.R. (7203004244)",0,0,1,10
"Day, Dylan (57217868773)",0,0,1,1
"Day, Richard (57195999428)",1,3,0,0
"Dayal, Jai (35190280800)",1,7,0,0
"Dayarathna, Miyuru (23396290800)",1,12,1,5
"De Andrade Guerra, José Baltazar Salgueirinho Osório (56941772500)",0,0,1,3
"De Angelis, Filippo (35233112400)",1,1,0,0
"De Bellefroid, Cédric (57209056706)",0,0,1,1
"De Boer, I.J.M. (6701703017)",0,0,1,1
"De Boer, Maarten P. (55663801700)",1,1,0,0
"De Bosschere, Koen (7005561063)",1,5,0,0
"De Cauwer, Cedric (55694282900)",2,6,1,1
"De Coninck, Roel (36967469800)",1,1,0,0
"De Dear, Richard (57509153500)",0,0,2,3
"De Falco, Pasquale (56925402500)",1,3,2,6
"De Faria, Felipe A. M. (57035141400)",0,0,1,15
"De Felice, Matteo (23396532200)",0,0,4,9
"De Filippis, P. (55986160300)",0,0,1,3
"De Filippis, Paolo (55986160300)",0,0,1,1
"De Fiore, S. (15623309700)",1,3,0,0
"De Giorgi, M.G. (57219123039)",0,0,1,1
"De Gregorio, Alessandro (59804787500)",0,0,1,2
"De Grève, Zacharie (35304648400)",0,0,1,1
"De Hoog, Julian (56146167700)",0,0,1,1
"De Jonghe, Cedric (24802134000)",0,0,3,7
"De Keyser, Robin (7004076655)",1,1,0,0
"De La Torre, Ángel (57191444895)",1,1,0,0
"De Lena, Edoardo (57195725229)",1,2,1,2
"De Lima, Thomas Ferreira (56898716900)",1,86,1,2
"De Luca, G. (56049677700)",0,0,1,2
"De Luca, Giuseppina (56049677700)",0,0,1,3
"De Luera, Alexandra (57349398600)",1,2,0,0
"De Masi, Rosa Francesca (55351651600)",0,0,1,1
"De Michele, Carlo (6603663168)",0,0,2,21
"De Micheli, Giovanni (55665361700)",2,28,0,0
"De Moor, Bart (35510667500)",0,0,1,1
"De Mulder, Chaim (24343721300)",0,0,1,1
"De Muri, Michela (36679724500)",1,1,0,0
"De Paepe, Michel (57202066152)",0,0,1,2
"De Pessemier, Toon (24491661400)",1,1,0,0
"De Poorter, Eli (23396863400)",1,1,0,0
"De Ridder, Fjo (6603689105)",0,0,1,1
"De Rosa, Francesco (35550557600)",1,3,0,0
"De Rosa, Mattia (55936942300)",0,0,1,1
"De Sa, Ashley (41261210600)",0,0,1,3
"De Schutter, Bart (55086952900)",0,0,2,3
"De Silva, Daswin (55242193900)",0,0,1,2
"De Silva, Kalana (57225817495)",1,2,0,0
"De Somer, Oscar (57200107852)",0,0,1,1
"De Stasio, Claudio (56458761700)",1,2,1,2
"De Vleeschouwer, Christophe (6603685438)",1,7,0,0
"De Vos, Kristof (35172776000)",0,0,5,9
"De Wolf, Stefaan (9333978000)",1,1,0,0
"De, Gejirifu (57203101535)",1,1,0,0
"De, Sudipta (56519056200)",1,1,0,0
"De, Vivek K. (7005035866)",1,1,0,0
"De-Rossi-Estrada, Marco (57215081933)",0,0,1,1
"DeCarolis, Joseph F. (6603132466)",0,0,1,1
"DeForest, Nicholas (55213847400)",0,0,1,1
"DeHart, Clay (6602607574)",0,0,1,1
"DeLong, John P. (7006369993)",0,0,1,1
"Deac, Gerda (57211071575)",0,0,1,1
"Deakin, Matthew (57197779651)",0,0,1,1
"Deane, J.P. (56503614300)",0,0,3,13
"Deane, Paul (56503614300)",0,0,1,12
"Deans, J. (56252975500)",0,0,1,1
"Dearing, Stella S. (13008896600)",1,2,0,0
"Deb, Chirag (36106838200)",0,0,2,6
"Deb, Sujay (36439278800)",1,3,0,0
"Debattista, Kurt (10240295400)",1,1,0,0
"Debbah, Merouane (35588784300)",1,2,0,0
"Debroy, Durbadal (56079136200)",0,0,2,4
"Decarpenterie, Thomas (26027423000)",1,31,0,0
"Decker, Franz-Josef (7101832259)",1,1,1,1
"Decker, L. (24324344100)",0,0,1,3
"Deconinck, Willem (36469994200)",0,0,1,1
"Dedinec, Aleksandar (55447959200)",1,1,2,4
"Dedinec, Aleksandra (57190400739)",1,1,1,1
"Deenapanray, Prakash N. K. (58385295600)",0,0,1,8
"Deepa, Natarajan (55548066000)",0,0,1,1
"Deepika, T. (57219782525)",1,1,0,0
"Degang, Chen (7405452107)",1,1,0,0
"Degen, Florian (55515565000)",1,1,0,0
"Dehghan, Shahab (35789737200)",0,0,1,2
"Dehghandokht, Masoud (36699453200)",1,1,0,0
"Dehghani, Rasoul (6602622618)",1,1,0,0
"Dehghani-Sanij, A.R. (56404519900)",0,0,1,2
"Dehghanian, Payman (42261182600)",0,0,1,2
"Dehghanpour, Kaveh (56382852600)",0,0,1,1
"Dejarnette, Drew (54882267700)",1,1,0,0
"Deka, Sanjib K. (55882112000)",1,2,0,0
"Del Carmen Ruiz-Abell n, María (57215722864)",0,0,1,2
"Del Mar Castilla, María (48361045500)",1,1,0,0
"Del Pero, Francesco (56532495000)",0,0,1,3
"Del Re, Enrico (7006292973)",1,1,0,0
"Del Real, Alejandro J. (16177134900)",0,0,1,2
"Del Vigo, Stefania (57191403698)",1,2,0,0
"Delage, Erick (15622737700)",0,0,1,1
"Delahaye, Anthony (55917515900)",0,0,2,4
"Delahoche, Laurent (6602162978)",1,1,0,0
"Delanaye, Michel (56940642300)",0,0,1,1
"Delarue, Erik (16042014700)",0,0,3,4
"Delarue, Erik D. (16042014700)",0,0,2,4
"Delauré, Y. (6602803080)",0,0,1,4
"Delfino, Federico (6603766602)",1,1,0,0
"Delgado, Jesús (57189465361)",0,0,1,1
"Delgado, Manuel Davila (57219317614)",1,3,0,0
"Delgado-Prieto, Miguel (37088070600)",1,4,0,0
"Delille, G. (35208386200)",1,2,1,5
"Deline, Chris (23093514300)",1,5,2,9
"Della Santa, Francesco (57222506935)",0,0,1,2
"Della Vedova, Marco L. (35226284000)",0,0,1,2
"Delle Monache, L. (55945667800)",1,3,1,4
"Delle Monache, Luca (55945667800)",0,0,1,1
"Dellepiane, Daniela (7801377730)",1,2,0,0
"Delmastro, Chiara (56469598300)",0,0,1,1
"Delmonte, Nicola (55903249900)",1,1,1,1
"Delogu, Massimo (6701330024)",0,0,1,3
"Delorme, Larizza (57216637806)",0,0,1,5
"Delpech, Bertrand (57194066856)",0,0,1,1
"Delpisheh, Mostafa (57200165231)",0,0,1,1
"Delucchi, Mark A. (7003402290)",0,0,1,49
"Demartini, Claudio Giovanni (6701649656)",1,1,0,0
"Demerjian, Jacques (12753978900)",1,5,0,0
"Demierre, Jonathan (51565781800)",0,0,1,1
"Demigha, Oualid (35955715700)",1,7,0,0
"Demšar, Jaka (55075851300)",1,1,0,0
"Deng, Bin (35229131500)",1,1,0,0
"Deng, Chengcheng (55957588600)",1,1,0,0
"Deng, Chengzhi (26430577700)",1,1,0,0
"Deng, Fei (57637975700)",1,3,0,0
"Deng, Gary (57195435166)",0,0,1,14
"Deng, Hongjie (57209282975)",1,2,0,0
"Deng, Jiushuai (54967969900)",1,1,0,0
"Deng, Lanping (24279677700)",1,8,0,0
"Deng, Ning (57217666796)",1,1,0,0
"Deng, Qiao (57367976700)",1,1,0,0
"Deng, Ruilong (35182640000)",1,1,0,0
"Deng, Ruizhe (59783242400)",1,1,0,0
"Deng, Simin (57221926617)",0,0,1,2
"Deng, Song (55428342200)",1,1,0,0
"Deng, Xiangtian (57404752000)",1,1,0,0
"Deng, Xiao Wei (55768815900)",2,3,0,0
"Deng, Xinyu (59488468500)",1,1,0,0
"Deng, Yelin (56921051900)",1,3,1,3
"Deng, Yi (55976468900)",1,1,0,0
"Deng, Yongjian (57217679665)",1,2,0,0
"Deng, Zhicheng (58345055300)",1,1,0,0
"Deng, Zhiqun (42061170800)",0,0,1,12
"Deng, Zhongwei (57190426641)",2,4,0,0
"Deng, Zhuohong (58033089500)",1,1,0,0
"Deng, Zigang (14053713800)",1,2,0,0
"Deng, Ziqi (57214470087)",1,1,0,0
"Deng, Zong-Quan (55536964400)",1,1,0,0
"Denholm, Paul (8602836000)",0,0,2,15
"Denich, Manfred (6603039899)",0,0,1,1
"Deniz, Raşit Fırat (58534462900)",0,0,1,1
"Denne, Tim (57191581430)",0,0,1,19
"Dennis, John (55521052700)",0,0,1,26
"Denny, E. (6603890351)",1,1,1,6
"Denny, Eleanor (6603890351)",3,8,4,14
"Denolf, Kristof (8869700300)",1,7,0,0
"Densing, Martin (55325867800)",0,0,1,244
"Dent, Chris J. (26667665800)",0,0,1,1
"Deo, Manish (55361326400)",1,1,0,0
"Deo, Ravinesh C. (8630380500)",1,2,0,0
"Deprettere, Ed F. (7005780081)",1,3,0,0
"Deptuch, Grzegorz (56046747800)",1,1,0,0
"Derakhshani, Reza (57194516058)",0,0,1,1
"Dereli, Z. (55520014600)",1,2,0,0
"Derens-Bertheau, Evelyne (54782253000)",0,0,1,3
"Derhab, Abdelouahid (15063891000)",1,1,0,0
"Deride, Julio (57188755551)",0,0,1,2
"Deris, Mustafa Mat (6507331989)",0,0,1,1
"Derksen, Chris (7004759191)",0,0,1,3
"Dermardiros, Vasken (56849551400)",1,1,0,0
"Deruyck, Margot (36165151500)",0,0,1,1
"Desai, Mausami (57196861159)",0,0,1,5
"Desalegn, Belachew (57947630100)",0,0,1,4
"Deshmukh, Ranjit (35239728100)",0,0,1,15
"Deshmukh, Sandip (7102221637)",0,0,1,1
"Desideri, Adriano (56085291600)",1,1,0,0
"Desideri, Umberto (35582750800)",1,2,0,0
"Desobry, F. (8869024800)",0,0,1,6
"Despont, Michel (7003415128)",1,7,0,0
"Desrochers, Alan A. (57207558436)",1,1,1,3
"Dessaint, Louis (7004406157)",1,1,0,0
"Destefanis, Enrico (36162325200)",1,1,0,0
"Detommaso, Maurizio (56117157700)",0,0,1,4
"Dettinger, M.D. (7004651463)",0,0,1,4
"Dettling, Susan (24921179500)",0,0,1,1
"Devadas, V. (6601985577)",0,0,1,1
"Develder, Chris (6602998454)",1,1,0,0
"Devgan, Anirudh (7004488415)",1,4,0,0
"Devi, R. (6506186094)",1,1,0,0
"Devjani, Maisum Raza (57408433500)",0,0,1,2
"Devlin, Ger (16678710500)",0,0,2,2
"Devlin, Joseph (56927782300)",0,0,1,3
"Devoe, Don L. (7005501318)",1,1,0,0
"Dewabharata, Anindhita (55600180800)",1,1,0,0
"Dewallef, P. (9243004300)",1,3,0,0
"Dexter, Arthur (7005410172)",0,0,1,2
"Dey, Nilanjan (55356190900)",1,1,0,0
"Dey, Somdip (55367005300)",0,0,1,1
"Deyo, Steve (55525913600)",1,3,0,0
"Dezfouli, Behnam (35758506000)",1,1,0,0
"Dhahad, Hayder A. (34871773300)",0,0,1,2
"Dhandapani, B. (6603896060)",1,1,0,0
"Dhaou, Imed Ben (6603398497)",1,1,0,0
"Dhima, Dhionis (6506645468)",0,0,1,3
"Dhinesh Kumar, P.N. (57211476109)",0,0,1,2
"Dhou, Salam (55560381000)",1,1,1,1
"Dhunny, A.Z. (56480836600)",0,0,1,3
"Dhurandher, Sanjay K. (9038405400)",1,1,0,0
"Di Benedetto, M.D. (7006607418)",1,2,0,0
"Di Carlo, Aldo (57202766367)",1,1,0,0
"Di Cosmo, Valeria (36491502400)",0,0,2,16
"Di Felice, Louisa Jane (57202981042)",0,0,1,2
"Di Francesco, Mario (36771475400)",1,9,0,0
"Di Giorgio, Alessandro (24723969100)",0,0,1,1
"Di Leo, Paolo (25123058100)",1,2,0,0
"Di Liddo, Giuseppe (57142630800)",0,0,1,2
"Di Marco, Nicola (57191865500)",1,1,0,0
"Di Mauro, Alfio (57194854733)",1,1,1,1
"Di Perna, Costanzo (55904497600)",0,0,1,2
"Di Piazza, A. (36522473500)",0,0,1,1
"Di Piazza, M.C. (55880785600)",0,0,1,1
"Di Sabatino, S. (57191403643)",0,0,1,1
"Di Santo, Katia Gregio (56798530700)",1,1,0,0
"Di Sbroiavacca, Nicolás (26535766600)",0,0,1,5
"Di Stefano, Agnese (56581416500)",1,1,0,0
"Diaconescu, Tiberiu (56272950300)",0,0,1,1
"Diallo, Demba (7005160496)",1,1,0,0
"Diallo, Thierno M.L. (14831024500)",0,0,1,1
"Diamantakis, Michail (6508212580)",0,0,2,2
"Diao, Longquan (57194110370)",0,0,1,2
"Diao, Mingzhen (57196020520)",0,0,1,1
"Dias, Marcos Vinícius Xavier (55869238100)",0,0,1,4
"Dias, Miguel Sales (23011594800)",1,1,0,0
"Dias, T.A.da C. (57222570150)",0,0,1,2
"Diaz Alvarez, Alberto (56303380400)",1,4,0,0
"Diaz, Nelson L. (57189015924)",1,4,0,0
"Diaz-Alzate, A.F. (57209496974)",1,1,0,0
"Diaz-Rozo, Javier (36767035700)",1,1,0,0
"Dib, Djalel (55642114600)",1,1,0,0
"Diban, Nazely (14522298300)",1,3,0,0
"Dibeh, G. (23004088400)",0,0,1,4
"Dichter, Mitchal (57437876500)",0,0,1,4
"Dichter, Nelson (57437588900)",0,0,1,4
"Dick, Robert P. (7202246612)",2,4,0,0
"Dickie, Ross (57205738021)",0,0,1,1
"Dickman, Christopher R. (7102521104)",0,0,1,16
"Dicks, Andrew L. (6701765592)",1,6,0,0
"Dicorato, Maria (7003995637)",1,2,0,0
"Diduch, Chris Peter (7003842303)",1,2,0,0
"Diedhiou, Arona (6701747681)",0,0,1,1
"Diehl, Moritz (7005392102)",1,1,0,0
"Diemer, Robert (35181023900)",1,1,0,0
"Dierstein, Constantin (57195327668)",0,0,1,1
"Dieste, José A (55787931900)",1,1,0,0
"Diethelm, Stefan (6603593796)",0,0,1,1
"Dietmair, Anton (26430886000)",1,1,0,0
"Dietrich, Benedikt (36705717700)",1,7,0,0
"Dietz, Thomas (7006695029)",0,0,2,34
"Difs, Kristina (25645906900)",1,1,1,3
"Dilaver Zafer, Z. (36612827400)",0,0,1,4
"Dilaver, Zafer (36612827400)",0,0,2,3
"Dilaver, Özge (56072405600)",0,0,1,1
"Dilkina, Bistra (23008031500)",1,2,1,3
"Dimoulkas, Ilias (21833380100)",0,0,1,5
"Din, Ikram Ud (55428202900)",1,1,0,0
"Dinavahi, Venkata (6603091592)",1,2,0,0
"Dinda, Peter (7006032808)",1,3,0,0
"Dindorf, Ryszard (23102611800)",0,0,1,2
"Dineen, D. (56592780400)",0,0,1,6
"Dinesh, Chinthaka (57205427389)",4,4,2,3
"Dinesh, D. (56919460700)",0,0,1,1
"Ding, Bo (57219627294)",1,1,0,0
"Ding, Cong (59069087700)",1,1,0,0
"Ding, Daolin (57222103823)",0,0,1,1
"Ding, Fei (57218212225)",2,3,1,1
"Ding, Haiyang (36179580300)",1,1,0,0
"Ding, Hao (57199826970)",1,1,0,0
"Ding, Hongyuan (57444368600)",1,1,0,0
"Ding, Huajie (55019411400)",0,0,1,1
"Ding, Jie (35236669400)",1,1,0,0
"Ding, Jinjin (57195301604)",1,1,0,0
"Ding, Kai (57197803748)",1,1,0,0
"Ding, Kaining (59584582800)",1,1,0,0
"Ding, Lai Chet (55039751900)",1,1,1,1
"Ding, Laura (36996382800)",0,0,1,4
"Ding, Lianrui (57216154581)",1,1,0,0
"Ding, Lijie (23110103700)",1,1,0,0
"Ding, Puxian (57194414474)",1,1,0,0
"Ding, Ruiting (57216970438)",1,1,0,0
"Ding, Shichuan (36909792600)",1,1,0,0
"Ding, Song (56502848100)",3,3,0,0
"Ding, Tao (57197752496)",3,5,1,2
"Ding, Tingting (59611228700)",1,1,0,0
"Ding, Wei (57912049200)",1,1,0,0
"Ding, Xiaofeng (29367448900)",1,2,0,0
"Ding, Xiaotao (37861466600)",0,0,1,2
"Ding, Xin (57219571877)",1,1,0,0
"Ding, Xinyi (60520122700)",1,1,0,0
"Ding, Xu-Dong (24178575200)",0,0,1,1
"Ding, Yan (36630321200)",3,3,0,0
"Ding, Yi (35241887200)",4,6,0,0
"Ding, Yi (57724069100)",1,1,0,0
"Ding, Yifan (57194187711)",0,0,1,1
"Ding, Yilin (57608652400)",0,0,1,1
"Ding, Yong (35172924400)",1,1,0,0
"Ding, Yulong (57203078526)",1,1,1,2
"Ding, Yunfei (35193696900)",1,1,0,0
"Ding, Zhaohao (55964340200)",1,2,0,0
"Ding, Zhe (57713545000)",1,1,0,0
"Ding, Zhengyang (57213127614)",1,1,0,0
"Ding, Zhetong (57207728576)",1,1,0,0
"Ding, Zhikun (21933486700)",1,1,0,0
"Ding, Zixiang (58424882500)",1,1,1,2
"Ding, Ziyu (57202392357)",1,1,0,0
"Dini, Paolo (57214969184)",1,1,0,0
"Dino, Ipek Gursel (55316964000)",0,0,1,1
"Dion, J.-L. (36131237700)",0,0,1,1
"Dion, Lukas (55647870000)",1,1,0,0
"Diou, C. (6505888798)",0,0,1,1
"Dirker, Jaco (6506040190)",1,1,0,0
"Dise, Skip (57160441700)",0,0,1,4
"Disfani, Vahid R. (35324086900)",0,0,1,2
"Diver, Richard B. (7004391453)",1,3,0,0
"Divina, Federico (12242477700)",1,1,1,1
"Diwekar, Urmila M. (35555681400)",1,2,0,0
"Dixit, Reshma (8833193500)",1,6,0,0
"Dixon, Dylan (24480763100)",0,0,1,3
"Dixon, Juan (56247075200)",1,2,1,1
"Diya'Uddeen, Basheer Hasan (42861538700)",0,0,1,1
"Djordjevic, Sinisa (7006536463)",0,0,1,1
"Djordjević, Zorica (38061241900)",0,0,1,1
"Djouadi, Seddik M. (6701520353)",0,0,1,1
"Djukić-Vuković, A. (57205610347)",0,0,1,1
"Djuric, Natasa (57200617296)",1,4,0,0
"Djurisic, Vladimir (57189223599)",0,0,1,1
"Djurišić, Aleksandra B. (7004904830)",1,1,0,0
"Djurovic-Petrovic, M. (35620020000)",0,0,1,14
"Dlamini, Lindelwa Nonjabulo (36140986900)",0,0,1,1
"Dlamini, Simangele (59794570800)",0,0,1,1
"Dmello, Rylan (57076890400)",1,12,0,0
"Do Amarante, Leticia Mendes (57221672909)",0,0,1,1
"Do Carmo, Pedro Rafael X. (57219900107)",0,0,1,2
"Do Dinh, Hieu (58399834700)",1,1,0,0
"Do, Cong Thuan (56324030100)",1,1,0,0
"Do, Kyungtae (36862224000)",1,1,0,0
"Dobbs, Justin R. (55549385300)",1,5,1,1
"Doblas-Reyes, F.J. (6603432436)",0,0,1,2
"Dobschinski, Jan (26431375100)",0,0,1,1
"Dobson, Daniel (55364881100)",1,1,0,0
"Docherty, Paul (36448260200)",0,0,1,1
"Doctor, Marut (56032297500)",1,1,0,0
"Doherty, E. (57189339666)",0,0,1,4
"Doherty, Peter J.B. (57190219987)",0,0,1,2
"Doherty, Ronan (7102622932)",1,3,1,7
"Dokic, Tatjana (56449238000)",0,0,1,2
"Dokopoulos, Petros S. (7003773729)",1,1,0,0
"Dokur, Emrah (55973148400)",1,1,0,0
"Dolan, Raymond J. (55027467100)",0,0,1,4
"Dolatabadi, Amirhossein (57194385246)",1,1,0,0
"Dolatabadi, Maryam (57028188700)",0,0,1,1
"Dolányi, Mihály (57222752242)",1,2,0,0
"Domann, John P. (56044878300)",1,2,0,0
"Domańska, Joanna (16038785400)",1,1,0,0
"Dombayci, Ö. Altan (14015464700)",1,4,0,0
"Dominguez, Angel (57212360350)",1,11,0,0
"Domínguez-Amarillo, Samuel (57211238224)",0,0,2,2
"Domínguez-Navarro, José Antonio (6508051692)",1,2,1,2
"Donald, James (57205736769)",0,0,1,1
"Donaldson, Daniel L. (57211030819)",0,0,1,1
"Donazzi, Alessandro (22634349500)",0,0,1,1
"Donca, Radu (24829117600)",1,2,0,0
"Dondariya, Chandrakant (57203785674)",0,0,1,1
"Dondi, D. (23491977800)",1,4,0,0
"Dondi, Denis (23491977800)",1,9,0,0
"Donelli, Raffaele (24450203200)",1,11,0,0
"Dones, Roberta (56008241400)",0,0,1,15
"Dong, Bing (35368332400)",7,35,2,2
"Dong, Changgui (54789532400)",0,0,1,6
"Dong, Chaoyu (56196740300)",1,1,0,0
"Dong, Chenjie (57201421647)",1,2,0,0
"Dong, Cunzheng (57193859638)",1,4,0,0
"Dong, Danian (57201431059)",1,1,0,0
"Dong, Feifei (57216130897)",1,1,0,0
"Dong, Feng (43861171800)",1,1,0,0
"Dong, Fugui (8283950400)",1,1,0,0
"Dong, Hanjiang (57226635773)",1,2,0,0
"Dong, Hao (57195940105)",1,2,0,0
"Dong, Haoxuan (57214243765)",1,2,0,0
"Dong, Henan (55926874700)",1,1,0,0
"Dong, Hongying (26662332200)",1,1,0,0
"Dong, Hongzhao (7402335092)",1,1,0,0
"Dong, Jian (7403365094)",1,2,0,0
"Dong, Jianwei (57217493071)",1,1,0,0
"Dong, Jie (57226294983)",0,0,1,1
"Dong, Jin (55604643300)",1,1,1,1
"Dong, Jing (59606581300)",0,0,1,8
"Dong, Jingxin (55413564500)",1,1,0,0
"Dong, Jizhe (56861529600)",1,1,0,0
"Dong, Jun (55265544000)",0,0,1,6
"Dong, Kangyin (57189246704)",0,0,2,18
"Dong, Ling (57205460273)",1,1,0,0
"Dong, Meiya (57204185031)",1,1,0,0
"Dong, Mianxiong (25822274100)",2,4,0,0
"Dong, Ming (57204465352)",1,2,0,0
"Dong, Mingru (56066121000)",1,1,0,0
"Dong, Mingyu (56479876100)",1,1,0,0
"Dong, Qi (57191622091)",1,1,0,0
"Dong, Qing (58957325500)",1,1,0,0
"Dong, Shengai (58994555500)",1,1,0,0
"Dong, Shiying (10144935400)",0,0,1,1
"Dong, Shuai (59968377200)",1,2,0,0
"Dong, Wei (57189246949)",1,1,0,0
"Dong, Weichao (57209076373)",1,1,0,0
"Dong, Weiwei (57054694100)",0,0,1,1
"Dong, Xia (57238123500)",1,1,0,0
"Dong, Xiang (56122521900)",0,0,1,2
"Dong, Xiaochong (57211112456)",1,2,0,0
"Dong, Xiaodai (7401796696)",1,1,0,0
"Dong, Xiaoming (45661024000)",1,1,0,0
"Dong, Xiaoshe (9239899500)",1,3,0,0
"Dong, Xiucheng (55447768900)",0,0,1,17
"Dong, Yan (57194167177)",1,1,0,0
"Dong, Yanping (58002006300)",1,1,0,0
"Dong, Yanrui (57218529377)",1,1,0,0
"Dong, Yunhui (57216622883)",0,0,1,1
"Dong, Yuxuan (60348293600)",1,1,0,0
"Dong, Z.Y. (56608244300)",1,1,0,0
"Dong, Zhao Yang (56608244300)",9,12,4,6
"Dong, Zhao-Yang (56608244300)",1,1,0,0
"Dong, Zhaoyang (56608244300)",1,1,0,0
"Dong, Zhe (57221048240)",1,1,0,0
"Dong, Zhenning (57210018018)",1,4,1,1
"Dong, Zhenxiang (57221957102)",1,1,0,0
"Dong, Zhiming (60040836800)",1,1,0,0
"Dong, Zibo (55699714600)",0,0,1,2
"Dong, yan (57113977900)",1,1,0,0
"Donghui, G.U.O. (57205436678)",1,1,0,0
"Donnison, I.S. (6603445147)",0,0,1,1
"Donnison, Iain (6603445147)",0,0,1,4
"Donnison, Iain S. (6603445147)",0,0,1,3
"Donoso, Felipe (57196085206)",1,1,0,0
"Dorado, Fernando (35421967000)",0,0,1,2
"Doraipandian, Manivannan (57190397291)",1,2,0,0
"Dordonnat, Virginie (25622464400)",1,1,0,0
"Dore, Jonathon (55180818200)",1,1,0,0
"Dorer, V. (6603281850)",0,0,1,6
"Dorer, Viktor (6603281850)",1,4,2,4
"Dorian, James P. (7003809050)",0,0,1,4
"Dorini, Gianluca (25521281400)",0,0,1,1
"Dorokhova, Marina (57210431090)",0,0,1,1
"Doroodchi, Elham (7801395580)",0,0,1,2
"Dorschel, Lorenz (57226643031)",1,2,0,0
"Dorval, Alan D. (6603401602)",1,2,0,0
"Dorvaux, Jean-Marc (6506604660)",0,0,1,1
"Dos Santos, Gerson Henrique (7004980997)",0,0,1,1
"Doshi, N. (57212351839)",1,2,0,0
"Dosymbetova, Gulbakhar (57202334195)",1,1,0,0
"Dotelli, Giovanni (55964013100)",0,0,1,2
"Dou, Chunxia (7006231973)",2,2,0,0
"Dou, Jinxiao (55620721200)",1,2,0,0
"Dou, Nicholas (55550948100)",1,2,0,0
"Dou, Zhenhai (36438993300)",1,1,0,0
"Dou, Zhenlan (57206491107)",1,1,0,0
"Doubleday, Kate (57188558426)",0,0,2,3
"Douglas, Jonathan D. (57226001456)",1,22,0,0
"Douglas, Tamunosaki (36930100200)",1,1,0,0
"Doukas, Haris (8626662500)",2,4,1,1
"Doumbia, M.L. (6603086161)",0,0,1,1
"Doumouras, G. (55062317400)",1,1,0,0
"Dourmas, Vasilis (57200796079)",0,0,1,1
"Dowell, Jethro (57221875246)",1,3,0,0
"Dowell, Niall Mac (35775476400)",0,0,1,26
"Dowson, O. (57204514422)",0,0,1,1
"Dowson, Oscar (57204514422)",0,0,1,1
"Doyle, Aisling (56480004000)",1,1,1,1
"Doyle, Francis J. (35232822700)",1,6,0,0
"Dracou, Μ. Kyprianou (57194195610)",0,0,1,1
"Dragasevic, Zdenka (57223846415)",0,0,1,1
"Dragicevic, Tomislav (36157639000)",2,3,0,0
"Dragičević, Tomislav (36157639000)",1,1,1,1
"Dragsted, Janne (55596660700)",1,2,0,0
"Dragutinović, Nataša G. (57035365600)",0,0,1,1
"Drake, Bill (56378817200)",1,2,0,0
"Draxl, Caroline (11940390000)",0,0,3,13
"Draz, Umar (57202087650)",1,1,0,0
"Drees, Kirk H. (6602167723)",1,22,0,0
"Dreglea, Aliona (55037517500)",1,1,0,0
"Dreher, Alexander (57204418043)",1,1,0,0
"Dresselhaus, Mildred S. (35416802700)",0,0,1,3
"Drew, Megan E. (26634921700)",0,0,1,4
"Drewniak, James L. (7007149908)",1,1,0,0
"Driesen, Johan (7004047047)",1,12,5,24
"Driffill, Louise (25225292200)",0,0,1,19
"Drotz, Mattias (25027231400)",0,0,1,1
"Drouet, Laurent (55618509700)",0,0,1,6
"Droutsa, Kalliopi G. (6603251434)",0,0,1,4
"Drury, Easan (25647134900)",0,0,1,6
"Du, Ershun (56669480800)",1,1,1,2
"Du, Hao (58022243900)",0,0,1,1
"Du, Heng (36010313000)",1,1,0,0
"Du, Jia (57189617528)",0,0,1,1
"Du, Jianying (57202858268)",1,1,0,0
"Du, Jiong (58645267300)",1,1,0,0
"Du, Jiuyu (25927812500)",0,0,1,1
"Du, Junzhao (14008592300)",1,2,0,0
"Du, Lin (40661339800)",1,1,0,0
"Du, Min (57406625600)",1,1,0,0
"Du, P.J. (57209280273)",1,2,0,0
"Du, Pei (59871533400)",0,0,1,2
"Du, Pengbo (57812859000)",1,1,0,0
"Du, Pengwei (7103064157)",1,1,2,3
"Du, Qian (57223926782)",0,0,1,1
"Du, Qianyun (57934326500)",1,1,0,0
"Du, Qing (7202060008)",0,0,1,5
"Du, Qingyun (57361351700)",0,0,1,1
"Du, R. (7103156753)",1,1,0,0
"Du, Ruiqing (57203758425)",1,1,0,0
"Du, Sheng (57210852607)",1,1,0,0
"Du, Shengdong (57194798613)",1,11,0,0
"Du, Tianshuo (57957489400)",1,1,0,0
"Du, Wei (57213598062)",1,4,0,0
"Du, Wenjie (59561642700)",1,1,0,0
"Du, Wenli (7202953420)",0,0,1,1
"Du, Xiaodong (57224187701)",1,1,0,0
"Du, Xiaogang (55264003900)",1,3,0,0
"Du, Xiaojiang (8371278000)",1,1,0,0
"Du, Xiaoxu (57218687066)",1,1,0,0
"Du, Xinxin (57216347615)",1,2,0,0
"Du, Yan (59066611300)",1,2,0,0
"Du, Yang (36508504400)",3,4,0,0
"Du, Yaxin (57212491695)",1,2,0,0
"Du, Yongqian (57209559100)",1,2,0,0
"Du, Yu (57222224238)",1,1,0,0
"Du, Yulong (57803400000)",1,1,0,0
"Du, Yupeng (55349378500)",1,2,0,0
"Duan, Chao (55971784700)",1,1,0,0
"Duan, Dawei (59852497100)",1,1,0,0
"Duan, Hancong (56239189300)",1,3,0,0
"Duan, Huabin (57450044400)",1,1,0,0
"Duan, Jiandong (57195240736)",1,1,0,0
"Duan, Jiandong (57206613402)",1,1,0,0
"Duan, Lvyin (57200729338)",1,1,0,0
"Duan, Pengyang (57207874132)",1,1,0,0
"Duan, Q.Q. (24449006700)",1,1,0,0
"Duan, Qiao (57673272400)",1,1,0,0
"Duan, Quansheng (16033299800)",1,3,0,0
"Duan, S. (14631773800)",1,5,0,0
"Duan, Shanxu (14631773800)",2,4,2,3
"Duan, Xiaoli (55184595200)",0,0,1,3
"Duan, Yuchen (59203637200)",1,1,0,0
"Duan, Zhaoyang (53363458200)",1,1,0,0
"Duan, Zhaoyun (55450275500)",1,1,0,0
"Duan, Zhekai (58243417600)",1,1,0,0
"Duan, Zhu (57197835500)",1,1,0,0
"Duarte, C. (46061910200)",0,0,1,1
"Duarte, Carlos C. (57213560050)",0,0,1,1
"Duato, José (7005648426)",1,2,0,0
"Dubarry, Matthieu (14122893100)",1,15,0,0
"Dubey, Megha (57216058198)",0,0,1,1
"Dubey, Swapnil (56152339200)",1,3,0,0
"Dubois, Anne Migan (13409680100)",0,0,1,2
"Dubois, J. (57197942993)",0,0,1,1
"Dubus, Laurent (8509055100)",0,0,1,1
"Dubé, Y. (6602331407)",0,0,1,1
"Duchet, Maxime (57201276044)",0,0,1,4
"Duck, Benjamin C. (24476988600)",0,0,1,1
"Ducrozet, Guillaume (56017707600)",1,2,0,0
"Duda, Jakub (57452717500)",1,1,0,0
"Dudarev, Sergei L. (7003307495)",0,0,1,2
"Dudek, Grzegorz (14522168200)",1,1,0,0
"Dudgeon, David (7006559840)",0,0,1,8
"Duell, Melissa (55598887500)",0,0,1,1
"Duenas, Pablo (36547550700)",0,0,1,1
"Duffey, Romney (7007165519)",0,0,1,1
"Duffley, Gordon (57205407539)",1,2,0,0
"Duffy, A. (23485005300)",1,1,0,0
"Duffy, Paul (56735644800)",0,0,1,9
"Duflou, Joost R. (57701450600)",0,0,1,2
"Dufo-López, Rodolfo (8435781300)",1,3,1,5
"Dufour, Javier (7102155508)",1,6,2,7
"Dufour, L. (7003540286)",1,13,1,24
"Dufour, Luc (56600223200)",1,1,0,0
"Duggan, Jim (7102588251)",0,0,2,2
"Duggan, Martin (57192310949)",0,0,1,1
"Duic, Neven (57207605988)",0,0,1,3
"Duić, N. (57207605988)",1,1,1,1
"Duić, Neven (57207605988)",1,5,3,14
"Dukpa, Andu (24483239800)",1,1,0,0
"Dulebenets, Maxim A. (56610356300)",0,0,1,1
"Dullinger, Christian (55233659500)",1,1,0,0
"Dumas, G. (7005484890)",1,2,0,0
"Dumelié, Nicolas (8929269600)",1,31,0,0
"Dumortier, Mikaël (55245809400)",0,0,1,1
"Dumur, Didier (6603825596)",1,8,1,1
"Dunkley Jones, Tom (57221173323)",0,0,1,3
"Dunlap, Broc (57211019960)",1,2,0,0
"Dunn, D. (36136923700)",0,0,1,1
"Dunne, Thomas (26033264900)",0,0,1,13
"Dunnett, Sebastian (57216583176)",0,0,1,7
"Dunstan, Matthew T. (54392295100)",1,1,0,0
"Duny, Mathieu (57189269532)",0,0,1,3
"Duong, Trung Q. (14009246700)",2,5,1,1
"Duplyakin, Dmitry (55791259100)",0,0,1,1
"Dupraz, C. (7003728446)",1,13,1,24
"Dupuis, J. (57198108761)",1,6,0,0
"Dupuis, Nicolas (24597178300)",0,0,1,2
"Duque, J. (14719155400)",0,0,1,1
"Duran, Ayca (56635092300)",0,0,1,1
"Duran-Dominguez, Arturo (57192937980)",1,3,0,0
"Durand-Morat, Alvaro (57015306400)",0,0,1,3
"Durante, Luciane Cleonice (54880932200)",0,0,1,1
"Durdev, Mila (55672178800)",0,0,1,4
"Duret, Steven (56247471200)",0,0,1,3
"Durner, G.M. (7003610974)",0,0,1,14
"Duro, Juan Antonio (7003768042)",0,0,1,5
"Durry, Georges (6604059069)",1,31,0,0
"Durán, Jaime (57216694243)",0,0,1,2
"Dusparic, Ivana (11641263400)",1,3,0,0
"Dussault, Jean-Michel (55342724000)",1,6,1,1
"Dusseault, M.B. (7006798611)",0,0,1,2
"Dustdar, Schahram (6701473617)",1,1,0,0
"Dusterhoft, Ron (6602841831)",1,3,0,0
"Dutra, Luciano (57225352523)",0,0,1,3
"Dutta, Arindam (39961222800)",0,0,1,1
"Dutta, Joydeep (7101645077)",1,4,0,0
"Dutta, Ramen (48860999500)",1,2,0,0
"Dutton, Spencer M. (55362713800)",0,0,1,3
"Duval, Bernadette (55811464900)",0,0,1,1
"Dvorak, M.J. (25958679700)",1,1,0,0
"Dvorkin, Yury (56255337800)",1,1,0,0
"Dwivedi, Puneet (25421471800)",0,0,1,2
"Dyachuk, Dmytro (59913092600)",1,1,0,0
"Dyer, Caroline H. (25225372000)",0,0,1,3
"Dykes, Katherine (36682113800)",1,2,2,9
"Dykstra, J.E. (56267084600)",1,1,0,0
"Dyner, I. (6603141675)",0,0,1,20
"Dyrba, Marcel (35368323300)",1,1,0,0
"Dzukowski, Frank (56830544300)",0,0,1,2
"Dzurisin, Jason D. K. (24337857900)",0,0,1,1
"Dzyuba, Y.A. (57210928110)",0,0,1,1
"Dán, András (7005396338)",1,4,0,0
"Dìaz Lacharme, Maria Carmenza (57917343600)",0,0,1,1
"Díaz, F. (26429057600)",0,0,1,2
"Díaz, Juan (7401603879)",1,1,0,0
"Díaz, N.L. (57189015924)",1,1,0,0
"Dörenkämper, Martin (56455271800)",0,0,1,2
"Dörpinghaus, Meik (35614090300)",1,1,0,0
"Düben, Peter D. (54879515900)",0,0,1,3
"Dürig, Urs T. (6701353704)",1,7,0,0
"Dąbrowska, Magdalena (57210211124)",0,0,1,1
"D’Amico, Guglielmo (12752086900)",0,0,1,1
"EL-Mesery, Hany S. (56182389000)",0,0,1,1
"Eadie, John M (57201966318)",0,0,1,2
"Eames, Ian (7006126106)",1,1,0,0
"Eames, Philip C. (7006498792)",0,0,1,2
"Early, Juliana (7005491249)",0,0,1,4
"Easa, Said (7005999634)",1,1,1,1
"Eassa, Fathy (6506548846)",1,1,0,0
"Eassa, Fathy Elbouraey (6506548846)",0,0,1,2
"Eaton, C. (36897451800)",0,0,1,1
"Ebad, Mehdi (26422966700)",0,0,1,1
"Ebaid, Munzer S.Y. (7005624910)",1,1,0,0
"Eberspaecher, Philipp (53877262500)",1,1,0,0
"Ebigbo, Anozie (13605911100)",1,1,0,0
"Ebrahimi, Ahmad (57214039787)",1,2,0,0
"Ebrahimy, Razgar (57202388966)",1,1,0,0
"Ecco, Leonardo (35291787400)",1,1,0,0
"Echarri, Victor (56358331700)",1,1,0,0
"Eckelman, Matthew J. (21734452400)",1,1,0,0
"Eckels, Steve (6602079285)",1,1,0,0
"Eckman, Richard S. (7003481202)",0,0,1,1
"Eckstein, Sascha (57188583356)",0,0,1,1
"Economides, Michael J. (7101915315)",1,2,1,2
"Ectors, Dominic (38361406500)",0,0,1,1
"Edelenbosch, Oreane (56024205600)",0,0,1,3
"Edgar, Thomas F. (35569277000)",4,44,3,7
"Ediger, Volkan Ş. (6603753631)",1,2,2,2
"Edil, Tuncer B. (7005199721)",0,0,1,1
"Edlund, Kristian (35975818000)",0,0,1,1
"Edminster, S.P. (57215192556)",1,1,0,0
"Edmond, Samson (36159311900)",1,17,0,0
"Edmonds, Jae (57225389374)",0,0,1,27
"Edrington, Chris S. (7801360877)",1,1,1,1
"Edvinsson, Nils (56195483000)",0,0,1,2
"Edwards, Richard E. (36141542700)",1,3,0,0
"Edwards, Skai (56410358400)",0,0,1,1
"Edwards-Murphy, Fiona (56769022900)",1,4,1,5
"Edwin Raja Dhas, J. (36135245200)",1,2,0,0
"Eeckhout, Lieven (6602199755)",1,5,0,0
"Efendi, Riswan (35995174900)",0,0,1,1
"Efimova, Olga (56370551700)",0,0,1,2
"Efraimidis, Pavlos S. (11140265900)",1,1,0,0
"Eftekhari, Mohammad (54889889600)",0,0,1,1
"Efthymiou, Chrysanthi (23495939300)",0,0,1,2
"Egan, Greg (57225710003)",0,0,1,2
"Egardt, Bo (6701542265)",1,3,0,0
"Egarter, Dominik (55386229800)",0,0,1,1
"Egger, Bernhard (17345804800)",1,1,0,0
"Eggimann, Manuel (59768183100)",1,2,0,0
"Eghbalkhah, Behzad (15922528400)",1,1,0,0
"Egilegor, Bakartxo (56088551200)",0,0,1,2
"Eguia, Pablo (6505764271)",1,2,0,0
"Eguiarte, Olaia (57218925247)",0,0,1,1
"Ehlen, Ali (57208781303)",0,0,1,8
"Ehnberg, Jimmy (6507195611)",0,0,1,1
"Ehsani, Mehrdad (57197159691)",1,1,0,0
"Ehsani, Seyed Borna (57214581031)",1,3,0,0
"Eich, T. (7003759253)",1,1,0,0
"Eichelberger, Scott (8986583800)",0,0,1,3
"Eicker, Ursula (55907432800)",1,1,2,2
"Eid, Elias (59325279900)",0,0,1,1
"Eidelloth, Stefan (25654765600)",0,0,1,27
"Eigenbrod, Felix (57200302294)",0,0,1,7
"Eiselt, Steven (57193521926)",1,2,0,0
"Eisenbläetter, Andreas (8928387200)",1,1,0,0
"Eisenhower, Bryan (23569183000)",1,7,0,0
"Eiser, J. Richard (7006320093)",0,0,1,13
"Eising, Jan Willem (55987475100)",0,0,1,2
"Eitner, Ulrich (35723802900)",1,1,0,0
"Ejila, Abel (59670635300)",0,0,1,1
"Ekanayake, Janaka (7003409510)",4,5,4,11
"Ekanayake, Mervyn Parakrama B. (56009765300)",2,2,2,3
"Ekhtiari, Ali (57208083152)",0,0,1,7
"Ekici, Betul Bektas (24066470200)",1,1,1,2
"Ekinci, Gökhan (59677532200)",1,1,0,0
"Ekins-Daukes, N.J. (6603934588)",1,1,0,0
"Ekonomou, L. (16642337100)",1,1,2,3
"Eksteen, Jacques (6603022556)",1,7,0,0
"El Aroudi, Abdelali (57210982182)",1,2,0,0
"El Aroussi, Mohamed (24528207200)",0,0,1,1
"El Asmar, Mounir (34868168700)",0,0,1,1
"El Gohary, Fouad (57226877881)",0,0,1,1
"El Hassouni, Mohammed (55943083400)",1,1,0,0
"El Houm, Yassine (57194690237)",1,2,0,0
"El Kadi, Khadije (57196281090)",1,1,0,0
"El Maakoul, Anas (57189301381)",1,4,0,0
"El Maghraoui, Adila (57772403600)",0,0,1,1
"El Metoui, Mustapha (57212977958)",1,4,0,0
"El Moursi, Mohamed Shawky (21739149200)",0,0,1,2
"El Sayed, Manal A. (57221555684)",1,1,0,0
"El-Alfy, El-Sayed M. (7003943902)",1,1,0,0
"El-Atab, Nazek (55983578000)",1,1,0,0
"El-Fouly, T.H.M. (6603219963)",1,1,0,0
"El-Fouly, Tarek H. M. (6603219963)",1,1,0,0
"El-Gayyar, Mahmoud (25724306600)",1,1,0,0
"El-Haroun, H. (59360364500)",0,0,1,2
"El-Hawary, Mohamed E. (55400958800)",0,0,1,2
"El-Houari, Haytham (57203842237)",0,0,1,1
"El-Jouzi, S. (55843740200)",0,0,1,3
"El-Kadi, Andrew (58796011500)",1,2,1,17
"El-Khattam, Walid (6602372464)",0,0,1,3
"El-Manharawy, Samir (6603289106)",1,1,1,1
"El-Saadany, E.F. (7004517078)",1,1,0,0
"El-Saadany, Ehab F. (7004517078)",1,9,0,0
"El-Shafie, Ahmed (16068189400)",0,0,1,1
"El-Shazly, A.H. (7005992509)",1,1,0,0
"El-Shazly, Alaa (35106919300)",0,0,1,1
"El-kenawy, El-Sayed M. (60366183200)",0,0,1,1
"ElYamany, Hany F. (16240896400)",2,12,0,0
"Ela, Erik (35728312200)",0,0,1,13
"Elabd, Mona A. (56623016400)",0,0,1,1
"Elahe, Md Fazla (57216538025)",1,1,0,0
"Elahee, M.K. (36491309800)",0,0,1,1
"Elahi, Hassan (8562193300)",1,1,0,0
"Elam, Simon (56979180700)",0,0,4,21
"Elamin, Niematallah (57203805690)",1,2,1,1
"Elattar, Ehab E. (36131132200)",1,2,0,0
"Elbaz, Ayman M. (54941080700)",1,3,0,0
"Elbeltagi, Emad (6603265905)",0,0,1,1
"Elbert, Philipp (47961754600)",1,2,0,0
"Elbir, Ahmet M. (55362509900)",1,4,0,0
"Elbirt, A.J. (6506190709)",0,0,1,1
"Elgendy, E. (55885116600)",1,1,0,0
"Elhaj, M. (22979230000)",1,1,0,0
"Elhami, Mehrbod (59706636300)",1,1,0,0
"Elhashmi, Rodwan (57216633205)",1,1,0,0
"Elhassan, Nazik (59995143900)",0,0,1,13
"Elia, Alessia (57225321707)",0,0,1,2
"Elias, Mohamad Fathi Mohamad (16021827800)",1,1,1,1
"Eliiyi, Deniz Tursel (14521079300)",2,2,0,0
"Elimelech, Menachem (56265688700)",0,0,1,1
"Elkadeem, Mohamed R. (57205483489)",0,0,1,2
"Elkady, M.F. (57210801492)",1,1,0,0
"Elkamel, Ali (7004543764)",1,1,2,2
"Elli, Alberto (55195185100)",0,0,1,2
"Ellinas, Petros (57966641900)",0,0,1,1
"Ellinger, Frank (56259557900)",1,1,0,0
"Ellis, J. (7402715093)",0,0,1,3
"Ellis, Kevin (56350488400)",0,0,1,1
"Ellis, Naoko (56225147400)",0,0,1,2
"Ellmer, Alice (54386745700)",1,7,0,0
"Elmagarmid, Ahmed K. (7005127921)",1,7,0,0
"Elmallah, Salma (55863331800)",0,0,1,16
"Elmansoury, Oussama (57226114672)",1,1,0,0
"Elmasides, Costas (57196232436)",0,0,1,2
"Elmeleegy, Hazem (6507028899)",1,7,0,0
"Elmenreich, Wilfried (6505948861)",0,0,1,1
"Elmokashfi, Ahmed (23566601500)",1,1,0,0
"Elmore, A.C. (57203052848)",1,1,0,0
"Elmore, Ryan (56233784600)",0,0,1,6
"Elmorshedy, Mahmoud F. (57189032812)",0,0,1,2
"Elmqvist, Åsa (57201774000)",0,0,1,3
"Elmtiri, Mohamed (55972552800)",0,0,1,1
"Elmualim, A.A. (12787958400)",0,0,1,3
"Elnakat, Afamia (56648075800)",0,0,1,28
"Elnokaly, Amira (55318959100)",0,0,1,1
"Elnour, Mariam (57202050448)",0,0,1,5
"Eloundou, Tyna (57386309300)",0,0,1,152
"Elsamahy, Mohamed (36650697500)",1,1,0,0
"Elsayed, Ahmed T. (57212038234)",1,7,1,1
"Elsharkawy, Heba (55319227100)",0,0,1,6
"Elsheikh, Ammar H. (57191973236)",1,1,0,0
"Elsinga, B. (56073884300)",1,2,1,2
"Elsland, Rainer (55089989700)",0,0,2,29
"Elsner, Peter (7103015211)",0,0,1,1
"Eltaweel, Ahmad (57192906358)",0,0,1,1
"Eltoukhy, Moataz (50461249000)",0,0,1,1
"Elvidge, Christopher D. (7004441399)",0,0,1,1
"Elyakova, Izabella (56530782400)",0,0,1,2
"Elzarka, Hazem (6602233222)",1,1,0,0
"Emad-Eldeen, Ahmed (57563821000)",1,1,0,0
"Emadi, Ali (7007140517)",2,2,0,0
"Emanuel Mayerhofer, Karl (35483731300)",0,0,1,4
"Emberger, Günter (15032366900)",0,0,1,1
"Emmanuel, Julian J. (58717728900)",0,0,1,4
"Emmel, Marcelo G. (15834354700)",0,0,1,7
"Emmerich, Steven J. (6701682931)",0,0,1,1
"Endo, Hisahito (7402439625)",1,1,0,0
"Endo, Patricia Takako (36160299900)",0,0,1,2
"Ene, H. (6603788820)",1,2,0,0
"Eneyew, Dagimawi D. (57222368238)",1,1,0,0
"Engel, Dominik (7102518561)",0,0,1,1
"Engel, Thomas G. (7102425323)",1,1,0,0
"Engelbrecht, J.A.A. (55806264200)",0,0,1,1
"Engelen, Peter-Jan (6507475284)",0,0,1,1
"Engell, Håvard (57239126500)",0,0,1,1
"Engerer, Nicholas A. (56168891900)",0,0,1,2
"Engül, Hatice (59455280500)",0,0,1,5
"Enright, Ryan (15032389100)",1,2,0,0
"Enrile, Juan (14719484600)",1,6,1,2
"Enshen, Long (12240890500)",0,0,1,1
"Entchev, E. (6603271835)",0,0,1,1
"Eo, Jeong Soo (36650692500)",1,1,0,0
"Eom, Jiyong (56517727900)",0,0,1,1
"Eom, Joon-Soo (57215311778)",1,1,0,0
"Epps, Brenden P. (22957318500)",0,0,1,8
"Epstein, Michael (57552395100)",1,1,1,1
"Eras, Juan José Cabello (6505661068)",0,0,1,3
"Erb, Jonas (57214364527)",1,2,0,0
"Erb, Karl-Heinz (7007026767)",0,0,1,5
"Erba, Silvia (55560461400)",0,0,1,1
"Ercan, Tolga (56089646200)",0,0,1,4
"Erdem, Ergin (35101754800)",1,1,0,0
"Erdemir, Ali (7006275390)",1,7,3,23
"Erden, Fatih (57189290485)",1,2,0,0
"Erdogan, Nuh (23389385100)",2,3,0,0
"Erdogdu, Erkan (15135738600)",0,0,1,3
"Erfort, Gareth (57197870299)",0,0,1,3
"Ergan, Semiha (55220455300)",1,6,0,0
"Ergen, Mustafa (6602624354)",1,2,0,0
"Ergen, Sinem Coleri (9133370600)",1,2,0,0
"Erhardt, Robert J. (8621573800)",0,0,1,2
"Erhorn, Hans (6603199248)",0,0,1,2
"Erickson III, D.J. (57225133159)",0,0,1,2
"Erickson, C. (58709226900)",0,0,1,1
"Erickson, Christian (55904808000)",1,2,0,0
"Ericson, M. Nance (7101845692)",1,14,0,0
"Ericson, Sean (57201340460)",0,0,1,1
"Ericsson, Ellerth (16028394000)",0,0,1,2
"Eriksson, Matias (56430472900)",1,5,0,0
"Erkoc, Murat (8905996000)",1,1,0,0
"Erlach, Berit (6506647341)",0,0,1,1
"Erlich, István (6602084207)",1,2,1,1
"Ernst, Dominique (57150316000)",0,0,1,2
"Ernst, M. (35620422000)",0,0,1,2
"Ernst, Rolf (7201529254)",1,1,0,0
"Errera, M.R. (7003547602)",0,0,1,2
"Errouissi, Rachid (27267590400)",1,2,0,0
"Ersal, Tulga (8689315000)",0,0,1,1
"Erseghe, Tomaso (6602306740)",1,2,0,0
"Ertugrul, Nesimi (6603805103)",1,1,0,0
"Erturk, Alper (22834115000)",1,4,0,0
"Es, Huseyin Avni (56113371300)",0,0,1,1
"Es, Hüseyin Avni (56113371300)",0,0,1,1
"Esarte, Claudia (25926941600)",0,0,1,1
"Escano, Juan M. (16021680400)",1,1,0,0
"Escobar, Rodrigo (8619161300)",0,0,1,4
"Escrivá-Escrivá, Guillermo (26666743200)",0,0,3,3
"Eser, Patrick (57021456600)",0,0,1,3
"Eseye, Abinet Tesfaye (57193864353)",2,2,0,0
"Eshraghi, Hadi (57035188400)",0,0,1,1
"Eskandari, Mohsen (55955237100)",0,0,1,2
"Eskander, Monica M. (57195986570)",1,1,0,0
"Eslamimanesh, Ali (35317585000)",1,1,0,0
"Esmaeili, Amin (56559663700)",1,2,0,0
"Esmaeili, Foad (57721296900)",0,0,1,1
"Espegren, Kari (24597372600)",0,0,1,1
"Espinal-Jiménez, A. (58024376400)",1,1,0,0
"Espinar, B. (12242811400)",1,2,1,6
"Espinosa, Felipe (7004703047)",1,1,0,0
"Espinosa-Loza, Francisco (6508270175)",0,0,1,1
"Espinosa-Oviedo, Javier A. (35112904300)",1,1,0,0
"Espinoza, S. (57929311300)",0,0,1,6
"Esrafilian-Najafabadi, Mohammad (57222653206)",1,1,0,0
"Esseghir, M. (16175049700)",1,4,0,0
"Essien, Aniekan (57203745345)",1,7,0,0
"Estanqueiro, A. (19336967700)",0,0,1,1
"Estanqueiro, Ana (19336967700)",0,0,3,66
"Estefen, Segen F. (6701435918)",0,0,1,1
"Esteves, Ana Maria (23491817200)",0,0,1,1
"Esteves, R. (57201390130)",0,0,1,1
"Eswarakrishnan, Vishwanath (59420624300)",1,1,0,0
"Etemadi, Amir Hossein (23060197300)",0,0,1,1
"Eto, Joseph (7003784695)",0,0,1,3
"Eto, Joseph H. (7003784695)",0,0,1,1
"Etsion, Yoav (12344951000)",1,2,0,0
"Ettouney, Hisham (7006566360)",1,1,0,0
"Eugeni, Marco (55246436100)",1,1,0,0
"Eusebi, A.L. (22940631200)",0,0,1,2
"Eusebi, Anna Laura (22940631200)",0,0,1,3
"Evangeliou, Nikolaos (34871696700)",0,0,1,1
"Evans, G.M. (7403735228)",0,0,1,2
"Evans, J.A. (8426807600)",2,4,1,6
"Evans, Judith (8426807600)",0,0,1,1
"Evans, P.S. (57154235200)",0,0,1,1
"Eveloy, Valerie (6604078310)",1,1,0,0
"Eveloy, Valérie (6604078310)",1,2,1,2
"Even, Jacky (7006680455)",0,0,1,1
"Everard, A. (56304118800)",0,0,1,1
"Evgeniou, Theodoros (6603074119)",0,0,1,2
"Evins, Ralph (36439398000)",0,0,1,2
"Ewalds, Timo (57211636821)",1,2,1,17
"Ewing, Bradley T. (7005781888)",0,0,1,2
"Expósito, E. (6701347894)",0,0,1,1
"Eynard, Julien (25929119400)",1,1,1,1
"Eĝrican, Nilüfer (6507954255)",0,0,1,11
"Fa, Shuai (58520438500)",1,1,0,0
"Faaij, A. (6701681600)",0,0,2,50
"Faaij, Andre (6701681600)",0,0,1,16
"Faaij, André (6701681600)",0,0,1,4
"Fabbri, Alberto (57204245734)",1,1,1,1
"Faber, Tobias (56909695100)",1,3,0,0
"Fabozzi, S. (57191893668)",0,0,1,2
"Fabrizio, Enrico (16028531800)",0,0,1,2
"Facchinetti, Tullio (8630787700)",0,0,1,2
"Facchini, Angelo (7102434045)",0,0,1,2
"Fadli, Fodil (25651505100)",0,0,1,5
"Fadlullah, Zubair Md. (57205017858)",1,3,0,0
"Faes, Luca (35774138800)",1,1,0,0
"Faes, Willem (57207110734)",0,0,1,2
"Faezi, Sina (57190292401)",1,1,0,0
"Fagiano, Lorenzo (16177541200)",1,2,0,0
"Faheem, Zaid Bin (57219434465)",1,1,0,0
"Fahim, Muhammad (36606049200)",1,4,0,0
"Fahl, Fernando (56401094000)",0,0,1,3
"Fahmy, Ashraf A. (56180466300)",1,1,0,0
"Fahmy, Mohammad (55972043400)",0,0,1,2
"Fahmy, Suhaib A. (13613955500)",1,9,0,0
"Faid, Saphir (55437023900)",1,2,0,0
"Faiman, David (7006147062)",1,2,1,4
"Fair, A.J. (53863590200)",0,0,1,15
"Faisal, Mohammad (57215018777)",1,2,0,0
"Faiz, Z.S. (36902924600)",1,1,0,0
"Fajardo, Arnel C. (57202941004)",1,1,0,0
"Fakhrhoseini, Seyed Mousa (55504757900)",0,0,1,1
"Fakhroleslam, Mohammad (56204494100)",1,1,0,0
"Fakra, A.H. (29067593400)",1,1,0,0
"Falabretti, Davide (36699381400)",1,2,0,0
"Falahati, Hajar (36989309500)",1,3,0,0
"Falahi, Milad (24721111000)",1,1,0,0
"Falasca, Serena (55508593900)",0,0,1,3
"Falchetto, Augusto Cannone (54683981000)",1,1,0,0
"Falconer, Roger A. (57160765800)",0,0,4,8
"Falcón, Ayose (9733156400)",1,3,0,0
"Faliagka, Evanthia (16174663700)",0,0,1,1
"Falk, Joachim (16233207900)",1,1,0,0
"Fallisch, Arne (35956161500)",0,0,1,1
"Falvo, Michael R. (6603768280)",1,3,0,0
"Falzon, James (56601320800)",0,0,1,5
"Fan, Ailong (55874053100)",1,2,0,0
"Fan, Cao (59802369200)",1,1,0,0
"Fan, Changyuan (23667003900)",1,1,0,0
"Fan, Cheng (56102445200)",1,1,1,2
"Fan, Chengliang (58163411700)",1,1,0,0
"Fan, Chenyu (57209714273)",1,1,0,0
"Fan, Daoerji (57211271320)",1,2,0,0
"Fan, Fulin (59225602300)",1,1,0,0
"Fan, Guo-Feng (37048690400)",1,8,0,0
"Fan, H. (56768613800)",0,0,1,7
"Fan, Hu (57209781976)",1,5,0,0
"Fan, Jianing (57202130964)",1,1,0,0
"Fan, Jianren (7402794827)",0,0,1,1
"Fan, Jing (56900310900)",1,1,0,0
"Fan, Jing-Li (47960954300)",0,0,2,3
"Fan, Jixiang (36082342900)",1,3,0,0
"Fan, Junwei (57268828900)",1,2,0,0
"Fan, Kuangang (26532767400)",1,1,0,0
"Fan, Lawrence (7402513052)",1,1,0,0
"Fan, Liangzhong (58536079800)",1,1,0,0
"Fan, Likang (57195469155)",1,1,0,0
"Fan, Lin (57206783129)",1,1,0,0
"Fan, Liseng (35956096800)",1,1,0,0
"Fan, Maohong (7201970805)",1,2,0,0
"Fan, Peng (57200308541)",1,1,0,0
"Fan, Pengdan (57203042630)",1,1,0,0
"Fan, Pingyi (7201669202)",1,1,0,0
"Fan, Qian (57909197400)",1,1,0,0
"Fan, Qigao (36443417500)",1,2,0,0
"Fan, Rui (36456868700)",1,12,1,5
"Fan, Shanhui (7402678305)",1,3,0,0
"Fan, Shaogui (57192894860)",1,1,0,0
"Fan, Shaoshuai (35721769800)",1,1,0,0
"Fan, Shu (7402678024)",4,8,2,8
"Fan, Shuanshi (7402678159)",0,0,1,1
"Fan, Siyuan (57209173579)",2,2,0,0
"Fan, Tengfei (59998577000)",1,1,0,0
"Fan, Tiantian (57205108261)",1,5,0,0
"Fan, Wenhao (53877225100)",1,1,0,0
"Fan, Wenjun (57659610000)",1,1,0,0
"Fan, Wenping (57218925678)",1,1,0,0
"Fan, Wenyao (58875461500)",1,1,0,0
"Fan, Xianwang (57222377001)",1,1,0,0
"Fan, Xinyuan (57220177598)",1,1,0,0
"Fan, Yi Liang (57209330356)",1,1,0,0
"Fan, Yiling (58641173800)",1,1,0,0
"Fan, Yuanyuan (57189000712)",1,1,0,0
"Fan, Yunlong (57169207500)",0,0,1,1
"Fan, Yunqing (54902326500)",1,2,1,1
"Fan, Zhen (55764441500)",1,2,0,0
"Fanavoll, Espen Vinge (57188983074)",0,0,1,2
"Fang, Bing (59484841300)",1,1,0,0
"Fang, Chaoming (57488998700)",1,1,0,0
"Fang, Dabin (55811908000)",1,6,0,0
"Fang, Dong-Ming (36456650700)",1,1,0,0
"Fang, Guojia (7201871529)",1,1,0,0
"Fang, Guozhong (59322681800)",2,2,0,0
"Fang, Haoliang (57209283504)",1,2,0,0
"Fang, Hsin-Fa (56016521600)",0,0,1,1
"Fang, Jiakun (36022178300)",1,1,0,0
"Fang, Juan (35219922800)",1,1,0,0
"Fang, Lei (59591322500)",1,1,0,0
"Fang, Lurui (57209394607)",1,1,0,0
"Fang, Mengxiang (7201635019)",1,4,0,0
"Fang, Na (55373101900)",1,1,0,0
"Fang, Qiu (56654729400)",2,3,0,0
"Fang, Shiwen (56605771100)",0,0,1,1
"Fang, Sidun (56562327500)",1,2,0,0
"Fang, Tingting (55640510500)",0,0,1,1
"Fang, Wanliang (7202236878)",1,1,0,0
"Fang, Xiaolun (57216616359)",2,2,0,0
"Fang, Xin (56399908200)",1,1,1,2
"Fang, Xu (60116884900)",1,1,0,0
"Fang, Yuguang (58540389900)",1,1,0,0
"Fang, Zhaosong (27067632800)",2,2,0,0
"Fang, Zhigang Zak (7402681859)",1,1,0,0
"Fang, Zhigeng (7402681659)",0,0,1,1
"Fang, Zhiwei (57194554924)",1,1,0,0
"Fang, Zhong (55621678300)",1,4,1,1
"Fannon, David (56743074300)",1,1,0,0
"Fanti, Maria Pia (7006413883)",1,1,0,0
"Faraci, Francesca (35117462000)",1,2,0,0
"Farag, Markos (59861126700)",0,0,1,1
"Farah, Paolo Davide (54796607200)",0,0,1,1
"Farahmand, Hossein (22634565400)",0,0,1,1
"Farahnakian, Fahimeh (26029283800)",1,2,0,0
"Faraji, S. Rasoul (57208581681)",1,1,0,0
"Faramarz, Mahdieh G. (57221946387)",0,0,1,1
"Fard, Miad (55266545800)",1,67,1,2
"Fares, Robert L. (55820539300)",0,0,1,5
"Fargione, Joseph (6506206100)",0,0,2,42
"Farhad, Siamak (9245251600)",0,0,1,2
"Farhadi, Ali (57188625844)",0,0,1,2
"Farid, Mohammed M. (7102155916)",1,1,0,0
"Faridh, Muhammad Miftah (58174503900)",1,1,0,0
"Farine, Pierre-André (57205950263)",1,2,0,0
"Farjah, Ebrahim (6506264421)",0,0,1,1
"Farkas, Zsófia (57218704823)",1,1,0,0
"Farmer, J. Doyne (16143273100)",0,0,2,41
"Farooq, Aamir (22950836400)",1,3,0,0
"Farooq, Hasan (57193517780)",1,4,0,0
"Farooq, Shamsuzzaman (7004833048)",1,1,0,0
"Farooq, Umar (57195806567)",0,0,1,2
"Farr, Andrew (55672245600)",0,0,1,4
"Farrell, A.E. (7103135548)",0,0,1,4
"Farrell, P.E. (26025595800)",1,3,0,0
"Farrens, Matthew (6701606255)",1,3,0,0
"Farreny, Ramon (23987018700)",0,0,1,1
"Farré, Maria José (58119410300)",0,0,1,2
"Farzad, Somayeh (16312507700)",0,0,1,1
"Farzaneh, Hooman (15848542900)",1,1,1,2
"Farzaneh, Yadollah (23968739000)",1,7,0,0
"Fasiolo, Matteo (57193961062)",0,0,2,6
"Fast, Lars (7003758211)",1,1,0,0
"Fatahi, Rasoul (57215659451)",0,0,1,1
"Fatai, Koli (6506055946)",0,0,1,1
"Fathi, Amirhossein (56001624100)",1,1,0,0
"Fathi, Nima (55828476600)",1,1,0,0
"Fathollahi-Fard, Amir M. (57196414092)",0,0,1,1
"Fathollahzadeh, Mohammad Hassan (56586093100)",0,0,1,1
"Fatima, Nishat (57537761300)",0,0,1,1
"Fatone, F. (8585385700)",0,0,1,2
"Fatone, Francesco (8585385700)",0,0,1,3
"Fatouh, M. (6701471135)",1,1,0,0
"Faulwasser, Timm (24470752600)",0,0,1,1
"Favero, Filippo (58409504000)",0,0,1,4
"Favre, Bérenger (55006951000)",1,1,0,0
"Fayaz, Muhammad (57940566800)",1,1,0,0
"Fayyazi, Arash (57189645262)",1,1,0,0
"Fazal, Rizwan (55151108100)",0,0,1,4
"Fazio, Concetta (7007034674)",0,0,1,1
"Fazli Khalaf, Alireza (57200309781)",1,1,0,0
"Fazli, Torkan (56548978900)",0,0,1,1
"Fazlizan, A. (54583501000)",1,11,0,0
"Featherston, C.A. (6601990060)",1,4,0,0
"Featherston, Carol Ann (6601990060)",1,2,0,0
"Fedorov, Andrei G. (55998752400)",0,0,1,3
"Fedy, Bradley C. (6506786483)",0,0,1,11
"Fehrer, Derek (57202576056)",0,0,1,1
"Fehringer, Benjamin A. (57205695804)",0,0,1,2
"Fei, Aiguo (57198318716)",1,1,0,0
"Fei, Haoran (57306568000)",1,1,0,0
"Fei, Ke (57221332853)",1,2,0,0
"Fei, Rilong (56524991800)",0,0,1,1
"Fei, Teng (22950371600)",0,0,1,1
"Fei, Yunsi (7103059457)",1,2,0,0
"Feist, Wolfgang (7006420532)",0,0,1,4
"Feitelson, Dror G. (7004574688)",1,2,0,0
"Feizollahi, Mohammad J. (55386078200)",1,3,0,0
"Fekri, Mohammad Navid (57212870474)",3,7,1,4
"Felder, Frank A. (6602476281)",0,0,2,25
"Fell, Christopher J. (8557588200)",0,0,1,1
"Fellows, R.G. (59854949100)",1,6,0,0
"Felsmann, Clemens (6505968101)",1,1,1,1
"Femal, Mark E. (14015633100)",1,1,0,0
"Feng, Bo (55331423500)",1,3,0,0
"Feng, Changyou (15128573100)",1,1,0,0
"Feng, Chenlong (57223366469)",1,1,0,0
"Feng, Chunyong (57205103688)",1,1,0,0
"Feng, Cong (57193029926)",1,3,3,9
"Feng, Fan (57190245235)",1,1,0,0
"Feng, Fan (57204309029)",1,1,0,0
"Feng, Gang (57208170869)",2,2,0,0
"Feng, Guangliang (37080369300)",1,1,0,0
"Feng, Guoce (57873538000)",1,1,0,0
"Feng, Guohui (7401642058)",0,0,1,1
"Feng, Jiawei (57212455934)",2,40,0,0
"Feng, Jingjuan (55505265600)",1,119,0,0
"Feng, Jiqiang (24482867300)",1,1,0,0
"Feng, Ke (59541662300)",1,1,0,0
"Feng, Kuaile (57193001523)",1,1,0,0
"Feng, Kuishuang (35169268500)",0,0,1,17
"Feng, Lei (36472925500)",1,2,0,0
"Feng, Lei (55844978300)",1,5,0,0
"Feng, Li (45861018300)",1,1,0,0
"Feng, Lianyong (15065344800)",0,0,1,1
"Feng, Lihong (57812265300)",1,1,0,0
"Feng, Liming (58908038800)",1,1,0,0
"Feng, Ling (56153300800)",1,1,0,0
"Feng, Mengmeng (57215926375)",1,1,0,0
"Feng, Pingan (57223165924)",1,1,0,0
"Feng, Shengzhou (57403988700)",1,1,0,0
"Feng, Shuai (57212082849)",1,1,0,0
"Feng, Wei (55420892700)",1,1,0,0
"Feng, Wentao (57209320790)",1,1,0,0
"Feng, Wu-Chun (57203512565)",1,2,0,0
"Feng, Xiao (53979675800)",1,4,1,1
"Feng, Xiaofeng (35169220500)",1,1,0,0
"Feng, Xiaomei (57199740496)",1,1,1,2
"Feng, Xiaoyun (14007867300)",1,1,0,0
"Feng, Xiwen (57196450754)",1,1,0,0
"Feng, Xuefeng (58763993800)",1,1,0,0
"Feng, Xuejun (59748403200)",1,2,0,0
"Feng, Yang (55621891000)",1,4,1,1
"Feng, Yang (57216158125)",1,1,0,0
"Feng, Yang (57218553291)",1,1,0,0
"Feng, Yiheng (56024885600)",1,1,0,0
"Feng, Yonghan (55250885400)",1,2,0,0
"Feng, Youbing (23008386800)",1,1,0,0
"Feng, Yu (56342561500)",0,0,1,1
"Feng, Zao (57193688335)",1,1,0,0
"Feng, Zhanyu (58938906400)",1,2,0,0
"Feng, Zhenzhen (56288253500)",1,3,0,0
"Feng, Zhiyong (35239764600)",1,1,0,0
"Feng, Zhongkai (48561032800)",1,1,0,0
"Feng, Zhuangbo (55512564100)",1,1,1,2
"Feng, Ziping (11939741300)",1,1,0,0
"Fennell, Paul (6701599672)",0,0,1,26
"Fenner, Ralph (14319545800)",1,10,0,0
"Fenton, Kenneth R. (57205696955)",0,0,1,2
"Fenza, Giuseppe (15065479100)",1,4,0,0
"Ferard, Y. (38361233700)",1,13,1,24
"Ferasso, Marcos (24279220200)",0,0,1,2
"Ferdowsi, Mehdi (24172369600)",0,0,1,1
"Ferekides, C.S. (7003849451)",1,2,1,5
"Ferguson, Alex (7402054450)",0,0,1,3
"Ferkl, Lukáš (15841528900)",1,5,1,1
"Fernandes, Cristiano (7103090010)",0,0,1,2
"Fernandes, Elton (7102941299)",0,0,1,1
"Fernandes, Gláucia (57150248400)",0,0,1,2
"Fernandes, Matheus C. (57215518860)",1,1,0,0
"Fernandes, Nestor C. (57203214902)",1,1,0,0
"Fernandes, Samuel (57188753531)",1,1,2,3
"Fernandez, Enrique (36476145100)",1,2,0,0
"Fernandez, Justin W. (55257959900)",1,1,0,0
"Fernandez-Jimenez, L. Alfredo (8392673100)",1,2,2,2
"Fernando, Tyrone (7004517731)",1,1,0,0
"Fernández L, Juan Emilio (23969013100)",1,1,0,0
"Fernández, Cèsar (55733319700)",1,1,1,1
"Fernández, Eduardo F. (37120335500)",1,1,0,0
"Fernández, G. (57207880064)",0,0,1,1
"Fernández, Joaquín Delgado (57865796600)",0,0,1,2
"Fernández, Ángel (57198614850)",0,0,1,1
"Fernández-Agüera, J. (54790943600)",0,0,1,1
"Fernández-Agüera, Jesica (54790943600)",0,0,2,2
"Fernández-Cuello, Angel (55898672900)",1,1,0,0
"Feroldi, Diego (14323142400)",1,2,0,0
"Feron, Sarah (57189441518)",0,0,1,1
"Ferracuti, Francesco (54381628300)",1,1,1,2
"Ferrant, Pierre (55899370900)",1,2,0,0
"Ferrara, Alessandro (57201683634)",1,2,0,0
"Ferrara, Maria (56374461300)",0,0,1,2
"Ferrari, Alan (55364551700)",1,2,0,0
"Ferrari, Davide (57564896400)",0,0,1,1
"Ferrari, M.L. (7401754949)",1,3,0,0
"Ferrari, Riccardo M.G. (23569456200)",0,0,1,1
"Ferreira, Andre R. (54079550100)",0,0,1,2
"Ferreira, Carlos Infante (6603443630)",0,0,1,1
"Ferreira, Filipe Manoel (57190688343)",0,0,1,1
"Ferreira, Joao (35726793300)",0,0,1,1
"Ferreira, Luis A.F.M. (10540723400)",1,3,1,6
"Ferreira, P.M. (16425466700)",1,4,1,3
"Ferreira, Paula (55883358000)",0,0,2,4
"Ferreira, Paulo R. (35733643500)",1,1,1,1
"Ferreira, Pedro M. (16425466700)",1,3,1,2
"Ferrer, Tomás (57203864556)",1,3,0,0
"Ferrese, Frank (22034117100)",1,2,0,0
"Ferri, Francesco (55355655400)",0,0,1,2
"Ferruzzi, Gabriella (55617204000)",0,0,1,1
"Ferry, Jonathan (57192920710)",0,0,1,2
"Ferry, M. (57198106483)",1,6,1,2
"Ferrão, Paulo (6603743982)",1,7,1,1
"Fet, Annik Magerholm (11839384600)",0,0,1,7
"Feta, Arzu (57200656155)",0,0,1,1
"Fettes, Quintin (57204147177)",1,1,0,0
"Fettweis, Gerhard P. (7007049752)",1,1,0,0
"Few, Jessica (57298669800)",0,0,4,21
"Fezzi, Carlo (24821545400)",0,0,1,1
"Fiaz, Ali (57203302463)",1,10,0,0
"Ficarella, A. (55962680100)",0,0,1,1
"Fichtner, Wolf (55060246000)",1,1,1,1
"Field, Randall P. (7202684511)",1,1,0,0
"Fields, Neve (58194947800)",0,0,1,1
"Fierro, Gabe (55571417100)",0,0,1,1
"Fikiin, K. (6603423283)",1,1,1,6
"Filieri, Antonio (36170481900)",1,2,0,0
"Filimonova, I.V. (24471061000)",0,0,1,1
"Filipe, Jorge (57188689402)",1,1,0,0
"Filipi, Zoran (6603785605)",1,1,1,3
"Filiposka, Sonja (8206057400)",1,1,1,1
"Filippidou, Faidra (35727440300)",0,0,1,4
"Filippini, Massimo (7004549654)",0,0,1,2
"Filippín, Celina (8116422300)",0,0,4,6
"Filus, Katarzyna (57217079434)",1,1,0,0
"Finch, Sue (57203195425)",0,0,1,2
"Finck, Christian (56088081700)",2,2,0,0
"Fine, Frédéric (6603147278)",1,3,1,4
"Finkenrath, Matthias (21742467700)",0,0,1,1
"Finley, Catherine (7007098614)",0,0,1,3
"Finn, Donal (7102037664)",0,0,1,1
"Finn, Donal P. (7102037664)",0,0,1,1
"Finn, P. (36194969900)",0,0,3,14
"Finney, Stephen J. (7005866999)",1,2,0,0
"Fiore, Silvia (7005215992)",0,0,1,3
"Fiorelli, Flávio Augusto Sanzovo (8843825400)",1,8,1,2
"Fiorentini, Massimo (54894608100)",3,39,0,0
"Fiorito, Francesco (54421768200)",1,1,1,8
"Fiorotti, Rodrigo (57189231253)",0,0,1,1
"Firestone, Ryan M. (14519178100)",0,0,1,1
"Firląg, Szymon (55767933700)",1,2,1,1
"Fischedick, Manfred (21933836200)",0,0,1,1
"Fischer, Axel (57998847100)",1,2,0,0
"Fischer, Carolyn (8048591900)",0,0,1,39
"Fischer, D. (56520878300)",0,0,1,1
"Fischer, David (56520878300)",0,0,1,2
"Fischer, Jonatan Roberto (35490177400)",1,1,0,0
"Fischer, Martin (7402921618)",0,0,1,3
"Fischer, R. (13005436800)",1,1,1,1
"Fisher, Daniel E. (56849814600)",0,0,1,1
"Fisher, Diana O. (7403343262)",0,0,1,16
"Fisher, Timothy S. (7202247691)",0,0,1,3
"Fisk, William J. (7007123462)",0,0,1,3
"Fitriani, Heni (56287827400)",1,2,0,0
"Fitton, Richard (57192831706)",1,2,1,1
"Fitzpatrick, C. (7102834559)",0,0,2,8
"Fitzpatrick, Peter (57217131509)",0,0,1,1
"Fitzsimons, L. (56480550500)",0,0,1,4
"Flaherty, Julia E. (16174896100)",0,0,1,1
"Flamant, Gilles (7007177680)",1,5,0,0
"Flamos, Alexandros (6507007775)",0,0,1,3
"Flatresse, Philippe (55884994000)",1,1,1,1
"Fleischer, Amy S. (7201469078)",1,1,1,1
"Fleiter, Tobias (24723969200)",0,0,2,29
"Fleming, Bill (35071179700)",1,1,0,0
"Fleming, Paul (35310092900)",1,2,3,12
"Fleming, Sean W. (35299191200)",1,2,0,0
"Fletcher, J. (7402938046)",0,0,1,1
"Fleury, Martin (7102860206)",0,0,1,1
"Flicker, Jack (16063456900)",0,0,1,1
"Fliess, Michel (7004986177)",1,1,0,0
"Floch, P-H. (23018438700)",0,0,1,2
"Flores Larsen, Silvana (15769334300)",0,0,3,5
"Flores, Belén (57201318836)",0,0,1,7
"Flores, P. (7005207970)",1,4,0,0
"Flores-Alsina, Xavier (24779434000)",0,0,1,1
"Flores-Larsen, Silvana (15769334300)",0,0,1,1
"Flores-Tlacuahuac, Antonio (8942325700)",0,0,1,1
"Florio, G. (7006523416)",1,1,0,0
"Florio, P. (55907601100)",0,0,1,1
"Florita, Anthony (12243690500)",0,0,2,5
"Florita, Anthony R. (12243690500)",1,1,4,14
"Flowers, Mallory E. (57188860789)",0,0,1,2
"Flunk, Alexander (57016689900)",0,0,1,2
"Flynn, D. (57195069700)",1,1,1,6
"Flynn, Damian (57195069700)",0,0,2,8
"Flynn, David (56015681900)",0,0,1,1
"Flynn, Peter C. (7102268644)",0,0,1,1
"Focken, Ulrich (6701642897)",1,2,1,6
"Foglia, Alessia (57209242862)",0,0,1,3
"Foissac, Matthieu (25421673300)",1,1,0,0
"Fok, Lincoln (19933387900)",0,0,1,1
"Fokaides, Paris A. (16241526400)",0,0,1,2
"Foley, Aoife (35223180000)",0,0,1,3
"Foley, Aoife M. (35223180000)",1,1,1,3
"Foliente, Greg (6602193847)",0,0,1,4
"Fong, K.F. (13309504900)",1,1,2,3
"Fong, Simon (7102256353)",3,3,0,0
"Fonseca, J.N.B. (57195247503)",0,0,1,1
"Fonseca, Marcus Vinícius de A. (57217269341)",0,0,1,1
"Fonseca, Maria Nilma (55925100000)",1,8,0,0
"Fontaine, Rejean (7102597554)",1,1,0,0
"Fontaras, G. (57202564402)",0,0,1,8
"Fontaras, Georgios (57202564402)",1,1,3,17
"Fonteh, A.N. (7003391916)",1,1,0,0
"Fontenot, Hannah C. (57203941191)",1,1,0,0
"Fontes, Fernando A. C. C. (6602095957)",1,1,0,0
"Fontes, Fernando A.C.C. (6602095957)",1,1,0,0
"Fonti, Alessandro (55367849300)",1,1,1,2
"Foran, Tira (35291830100)",0,0,1,5
"Forbes, Kevin F. (7103039817)",3,6,1,1
"Forcey, Tim (56780283200)",0,0,1,4
"Fordham, Rachael (37014469400)",0,0,1,3
"Fornai, Barbara (35114663700)",1,1,1,2
"Forner-Cuenca, Antoni (56803941000)",1,3,0,0
"Forootani, Ali (55454514200)",0,0,1,1
"Forrest, Stephen (7202347784)",1,4,0,0
"Forsberg, Bruce R. (7006401967)",0,0,1,13
"Forsberg, Charles (7103045928)",1,1,0,0
"Forsyth, A. (7006863084)",1,1,0,0
"Forsyth, Andrew J. (7006863084)",1,3,0,0
"Forte, Giuseppe (57001187500)",1,2,0,0
"Fortino, Giancarlo (6602895297)",1,3,0,0
"Fortunato, Elvira (35420037600)",1,1,0,0
"Fortunelli, Alessandro (7004476501)",1,2,0,0
"Forzano, C. (57191498582)",1,1,0,0
"Foscoliano, Chiara (57191411879)",1,2,0,0
"Fossa, Alberto (58425005000)",0,0,1,2
"Fossa, Marco (7003385604)",1,1,0,0
"Foster, A.M. (7202034479)",1,1,1,6
"Foster, Alan (7202034479)",0,0,1,1
"Foster, John (7403380950)",0,0,3,6
"Fotios, S. (6602873224)",0,0,1,1
"Fotios, Steve (6602873224)",0,0,1,1
"Fotoohi Piraghaj, Sudabeh (57209506641)",1,2,0,0
"Fouda, Mostafa M. (35955834000)",1,3,0,0
"Foukrach, Mohammed (57205705619)",1,2,0,0
"Fouquau, Julien (23468988400)",0,0,1,2
"Fouquet, Roger (6603421219)",0,0,1,36
"Fourmond, E. (23466661600)",1,6,0,0
"Fournier, Eric (57204787083)",0,0,1,16
"Fournier, Eric D. (57204787083)",0,0,1,10
"Fowler, Garrett (55233889400)",0,0,1,6
"Fowler, McKenzie (57205742963)",0,0,1,1
"Fowler, Michael (7202512208)",0,0,2,2
"Fox, Bronwyn (55442982200)",0,0,1,1
"Fox, Geoffrey (57203074031)",1,7,0,0
"Fragaki, Aikaterini (8961606200)",0,0,1,3
"Fragkos, Panagiotis (55549666800)",0,0,1,3
"Fraguela, J.A. (36824461900)",0,0,1,3
"Franca, Mário J. (8858902100)",0,0,1,1
"Franceschini, Michele M. (8957056900)",1,3,0,0
"Francesco, Mario Di (36771475400)",2,3,0,0
"Franchini, G. (9244354900)",1,4,0,0
"Francis, Ann (57212674599)",0,0,1,1
"Francis, Brian (18436386400)",0,0,1,5
"Francis, Brian M. (18436386400)",0,0,1,6
"Francisco, Francisco (55012381500)",0,0,1,1
"Franco, Carmelo Di (55655725400)",1,1,1,1
"Francois, Bruno (16068628300)",2,4,0,0
"Francou, Johann (57201315970)",1,2,0,0
"Frandsen, S.T. (7004682154)",1,3,1,3
"Frank, Th. (57198263393)",0,0,1,14
"Franke, Melanie (57205725074)",0,0,1,4
"François, B. (16068628300)",1,2,1,5
"François, B. (56304536900)",0,0,1,2
"François, Bruno (16068628300)",1,1,0,0
"Frappart, M. (6504828016)",1,2,0,0
"Frasca, Mattia (7006655104)",1,1,0,0
"Fraser, M.D. (55665399200)",0,0,1,1
"Fraser, Mariecia D. (55665399200)",0,0,1,3
"Fraser, Roydon (7402280137)",0,0,1,1
"Fraser, W. Barrie (7101868157)",1,6,0,0
"Frattale Mascioli, Fabio Massimo (57218539509)",1,2,0,0
"Frederik, Joeri (57195311791)",0,0,1,1
"Fredriksson, Andreas (12782107800)",1,4,0,0
"Freedman, Jeffrey (56249619900)",0,0,1,3
"Freeh, Vincent W. (6603225952)",1,1,0,0
"Freeman, James (56424780700)",2,5,1,3
"Freeman, Lavelle A.A. (7202702657)",0,0,1,3
"Freere, Peter (6602376067)",1,1,0,0
"Freestone, Amy L. (15128737500)",0,0,1,1
"Frei, Mario (56405252200)",0,0,1,1
"Freier, Julia (57219798955)",0,0,1,1
"Freimanis, Ritvars (57201457811)",0,0,1,2
"Freire, Ana (27867662600)",1,2,0,0
"Freire, Roberto Z. (23477237100)",2,16,1,1
"Freisinger, T. (57189714554)",0,0,1,2
"Freitas Cabral, Maria Viviana de (57193553994)",0,0,1,1
"Freitas, Marcos Aurélio Vasconcelos (35247827200)",0,0,1,4
"Frendo, Oliver (57204417525)",1,1,0,0
"Fresko, Jan (57193314093)",0,0,1,1
"Frew, Bethany (56201798500)",0,0,2,10
"Frew, Bethany A. (56201798500)",0,0,1,13
"Frey, Georg (7101773558)",1,1,0,0
"Frey, Michael (36711642600)",1,1,0,0
"Freychat, Philippe (6506284618)",1,1,0,0
"Fridgen, Gilbert (54083028500)",0,0,1,2
"Fridholm, Björn (56602796100)",1,1,0,0
"Fridstrøm, Lasse (6602428222)",0,0,1,1
"Fried, Jack (7101877259)",1,1,0,0
"Friedman, Daniel (7402079528)",1,1,0,0
"Friedrich, Daniel (56421718300)",0,0,1,2
"Friel, Dominic (58672151600)",0,0,1,3
"Friess, Martin (6701912433)",0,0,1,1
"Frigaard, P. (57213185485)",0,0,2,4
"Frigerio, Jacopo (54943212500)",1,17,0,0
"Friis, Elizabeth A. (7005299262)",1,2,0,0
"Frison, N. (57220233056)",0,0,1,2
"Fritscher, Klaus (7003701469)",0,0,1,1
"Fritz, Hagen E. (57206232890)",1,1,0,0
"Fritz, Rafael (56789659100)",0,0,1,2
"Froome, Craig (35603016300)",0,0,1,2
"Frost, D.L. (7101949362)",1,13,1,3
"Frostell, Björn (6603806721)",0,0,1,2
"Frulani, Tom (36969424000)",1,7,0,0
"Frymier, Paul (6603854209)",0,0,1,1
"Frömel, Miriam (58984403700)",0,0,1,1
"Frömmel, Michael (56069047700)",0,0,1,3
"Fthenakis, Vasilis (7006679015)",2,6,0,0
"Fthenakis, Vasilis M. (7006679015)",0,0,1,4
"Fu, Anthony (48660961400)",1,1,0,0
"Fu, Bo (8535175300)",2,2,0,0
"Fu, Cheng (58924794200)",1,1,0,0
"Fu, Dongmei (7201810634)",1,1,0,0
"Fu, Fengjie (56035503700)",1,1,0,0
"Fu, Jian (57222357649)",1,1,1,7
"Fu, Jianzhong (57202545348)",1,1,0,0
"Fu, Joshua S. (57209473462)",0,0,1,4
"Fu, Jun (36571611900)",2,2,0,0
"Fu, Lei (57737222900)",1,1,0,0
"Fu, Lin (7401812909)",2,4,0,0
"Fu, Lingkun (55837190500)",1,2,0,0
"Fu, Luoyi (35955852600)",1,2,0,0
"Fu, Matt K. (57054802300)",1,4,0,0
"Fu, Nuodi (57222137162)",0,0,1,1
"Fu, Pei (58828738300)",0,0,1,1
"Fu, Qiang (57198712104)",1,1,0,0
"Fu, Qiang (58600067000)",1,1,0,0
"Fu, Qing (35810181300)",2,2,1,1
"Fu, Ruili (57203897986)",1,1,0,0
"Fu, Tao (57204462556)",0,0,1,18
"Fu, Wenlong (56004659400)",1,1,0,0
"Fu, Xianlei (57272229600)",1,1,0,0
"Fu, Xiaofan (24576229900)",1,2,0,0
"Fu, Xiaohan (57933754700)",0,0,1,1
"Fu, Xiaoli (57826756300)",1,2,0,0
"Fu, Xiaoming (8856627300)",2,7,0,0
"Fu, Xiong (35078416400)",1,2,0,0
"Fu, Yang (35109059900)",1,1,0,0
"Fu, Yangyang (56235948200)",0,0,1,1
"Fu, Yangyang (57111137200)",1,1,0,0
"Fu, Yingbin (7404433440)",1,1,0,0
"Fu, Yong (58595837100)",1,2,0,0
"Fu, Yongqin (57202998988)",1,2,0,0
"Fu, Yuhong (55670167200)",1,3,0,0
"Fu, Zhuolin (57220586750)",1,4,0,0
"Fud, Guoyin (57200520705)",1,1,0,0
"Fuentes, Elena (8213009400)",1,1,0,0
"Fuentes, Pablo (55523230700)",0,0,1,2
"Fuentes, Rolando (57194640015)",0,0,1,5
"Fugacci, Ulderico (56085004300)",0,0,1,2
"Fuhrer, M. (35770468200)",1,1,0,0
"Fuhrmanek, Andreas (36106042000)",0,0,1,2
"Fujii, Yasumasa (55595603200)",0,0,1,2
"Fujimori, Shinichiro (36971176800)",0,0,1,5
"Fujimoto, Takayuki (23970510000)",1,1,0,0
"Fujimoto, Yu (55611892500)",1,1,0,0
"Fujita, Hideki (55456408000)",1,1,0,0
"Fujita, Tsuyoshi (55726684100)",0,0,1,1
"Fujiwara, Akimasa (7202216873)",0,0,1,3
"Fukami, S. (7004476017)",1,6,0,0
"Fukushige, Mototsugu (15518994800)",1,2,1,1
"Fukushima, Ryo (57528214600)",0,0,1,2
"Fuller, Elliot J. (57191041831)",1,2,0,0
"Fuller, Jon (57209179060)",1,2,0,0
"Fuller, R.J. (56235584900)",0,0,2,3
"Fulli, G. (55924499600)",0,0,1,4
"Fulli, Gianluca (55924499600)",0,0,1,1
"Fulton, Lew (55686155600)",0,0,1,3
"Fulton, Patrick M. (7004066652)",0,0,1,8
"Fumo, Nelson (23477311300)",2,7,0,0
"Funabashi, Toshihisa (7005032678)",2,2,0,0
"Funfgeld, Sebastian (57190817550)",1,5,0,0
"Fung, Alan S. (7101926800)",1,1,2,6
"Fung, Benjamin C.M. (9737587400)",1,2,1,1
"Funke, S.W. (56376780600)",1,3,0,0
"Furbo, Simon (6602002098)",1,2,0,0
"Furió, Dolores (24729391100)",0,0,1,1
"Furukakoi, Masahiro (57192958338)",0,0,1,1
"Fusco, Francesco (58170626600)",0,0,1,9
"Fuss, Sabine (23972595600)",0,0,2,13
"Fylaktos, Nestor (56281925700)",0,0,1,7
"Féres, José Gustavo (8891225400)",0,0,1,3
"Förster, Anna (57072981600)",1,6,0,0
"Fúnez Guerra, Carlos (57191918768)",0,0,1,2
"Gabaldón, Antonio (7004347425)",0,0,1,2
"Gabarrell, Xavier (57225052205)",0,0,1,1
"Gabelle, J.-C. (52063248200)",1,2,0,0
"Gabey, Andrew (33767605600)",0,0,1,16
"Gabino, Emilio (55037470000)",1,1,0,0
"Gabler, Hansjörg (7006156847)",0,0,1,1
"Gabreyohannes, Emmanuel (35091195800)",0,0,1,2
"Gabriel, Kamiel (7006623692)",0,0,1,1
"Gabriel, Marta (45161139800)",0,0,1,1
"Gabriel, S. (55652052300)",0,0,1,2
"Gabriel, Steven (7202104133)",0,0,1,5
"Gabrielli, Fabrizio (23034307000)",0,0,1,1
"Gabrielli, Laura (12753522100)",0,0,1,2
"Gabrielli, Paolo (58707851000)",0,0,1,1
"Gadakari, Tulika (57197757446)",0,0,1,2
"Gadekallu, Thippa Reddy (57217062630)",0,0,1,1
"Gadh, Rajit (7005325257)",4,6,1,2
"Gadhiya, Nirav (57195405182)",1,2,0,0
"Gadsden, Stuart (6508100520)",1,1,1,1
"Gaertner, Nadine (55302931000)",1,1,0,0
"Gaetani, Isabella (56149418400)",0,0,1,2
"Gagliano, Antonio (7003725643)",0,0,1,4
"Gagnard, Xavier (6507870723)",1,4,1,1
"Gagnon, Pieter (57195136632)",0,0,1,9
"Gai, Paolo (56960044800)",1,6,1,1
"Gailani, Ahmed (57213164394)",0,0,1,2
"Gaillard, Leon (55906943500)",1,1,0,0
"Gajare, Swaroop (59865747600)",1,1,0,0
"Gajowniczek, Krzysztof (56538513800)",2,4,0,0
"Galanis, George (6602714497)",1,1,1,5
"Galarza, Ainhoa (23982505200)",0,0,1,1
"Galasiu, Anca D (6507361514)",1,1,0,0
"Galasso, Carmine (26537243900)",0,0,1,1
"Galdi, Giulio (57201778854)",0,0,1,1
"Gale, William F. (7005988718)",0,0,1,6
"Galetovic, Alexander (6602079836)",0,0,1,4
"Galicia, A. (57194577473)",1,3,0,0
"Galimova, Tansu (57874592900)",0,0,1,2
"Galimshina, Alina (57211214470)",0,0,1,1
"Galindo Padilha, Guilherme Afonso (57963848200)",1,1,0,0
"Galinina, Olga (36602594600)",1,1,0,0
"Gallachoir, B.P.Ö. (13611881300)",0,0,1,2
"Gallachóir, Brian Ó (13611881300)",0,0,1,4
"Galleguillos, H.R. (6602755098)",0,0,1,9
"Gallestey, Eduardo (56201907800)",1,8,0,0
"Galletti, Andrea (57191503027)",1,1,0,0
"Gallo Cassarino, Tiziano (56015521700)",0,0,1,4
"Gallo, Mariacristina (51061062100)",1,4,0,0
"Gallo, Waldyr (7004297662)",0,0,1,1
"Gallo, Waldyr L.R. (7004297662)",0,0,1,1
"Gallucci, Fausto (56261630800)",1,8,1,1
"Gallud, F. (6508003277)",0,0,1,1
"Galus, Matthias D. (26666140100)",1,1,1,1
"Galvin, Ray (30467583800)",0,0,5,80
"Galéry, Roberto (6507718993)",0,0,1,3
"Gama, João (57194210743)",1,1,0,0
"Gamage, Don (57205885632)",1,1,0,0
"Gamarro, Harold (57204391304)",1,3,0,0
"Gamelin, Daniel R. (6701768186)",1,2,0,0
"Gamez, Angeli (56013334600)",0,0,1,3
"Gams, Matjaz (35617835400)",1,2,0,0
"Gamtessa, Samuel (55541275200)",0,0,1,1
"Gan, Dahua (57200659461)",1,1,0,0
"Gan, Di (56067196000)",0,0,1,3
"Gan, Jianhong (8429434900)",1,1,0,0
"Gan, Lei (57214451155)",1,1,0,0
"Gan, Leong Kit (56039879600)",0,0,1,3
"Gan, Peck Yean (23049773400)",0,0,1,2
"Gan, Quan (59934298400)",1,1,0,0
"Gandhi, Krishiv (57754273200)",0,0,1,1
"Gandhi, Oktoviano (57192808691)",1,1,1,1
"Gandoman, Foad H. (56705507400)",0,0,1,1
"Ganesh, Anuradda (7005856937)",0,0,1,2
"Ganesh, Hari S. (57194052339)",2,2,0,0
"Ganesh, K.V. (57197033601)",1,9,0,0
"Gang, Wenjie (55549105600)",0,0,1,1
"Ganguly, Amlan (60379641800)",1,3,0,0
"Gani, Abdullah (57218294440)",1,3,0,0
"Ganjikunta, Ganesh Kumar (57192391792)",1,1,0,0
"Ganora, Daniele (36979163700)",1,1,1,27
"Ganouche, Abderahmane (56888824900)",1,1,1,2
"Gans, Fabian (6508178126)",0,0,1,3
"Gansel, Lars Christian (36090999100)",0,0,1,7
"Ganta, Deepak (23984716700)",1,1,0,0
"Gantassi, Rahma (57203135671)",1,1,0,0
"Gao, Ben (58174426700)",1,1,0,0
"Gao, Bin (55707310000)",2,2,0,0
"Gao, Bingzhao (7201753051)",2,3,0,0
"Gao, Bixuan (57210637757)",3,5,0,0
"Gao, Bo (57198734341)",1,1,0,0
"Gao, Cheng (58069078700)",1,1,0,0
"Gao, Chunhai (7402617594)",1,2,0,0
"Gao, Cong (59060576200)",1,1,0,0
"Gao, David Wenzhong (57985690600)",1,1,0,0
"Gao, Dawen (7202964911)",1,1,0,0
"Gao, Dong (24398831200)",1,1,0,0
"Gao, Dongming (57310131400)",1,1,0,0
"Gao, Dongyan (36632059700)",1,1,0,0
"Gao, Fei (55025850000)",1,1,0,0
"Gao, Feng (55842372100)",1,1,0,0
"Gao, Guangwei (55352183600)",1,1,0,0
"Gao, Hanwei (55560870700)",1,1,0,0
"Gao, He (59001619500)",1,1,0,0
"Gao, Hefei (58030695700)",1,1,0,0
"Gao, Hong (34769881200)",1,1,0,0
"Gao, Honghao (36442463200)",1,5,0,0
"Gao, Houlei (56491874000)",2,2,0,0
"Gao, Hui-Min (55984849300)",0,0,1,1
"Gao, Jiabao (57212383999)",1,1,0,0
"Gao, Jiajian (54951180600)",0,0,1,1
"Gao, Jianbing (56714185400)",0,0,1,1
"Gao, Jifeng (56159459700)",1,1,0,0
"Gao, Jingcheng (55768324300)",0,0,1,1
"Gao, Junfeng (57205084674)",0,0,1,1
"Gao, Junxi (58039412900)",1,1,0,0
"Gao, Kai (57202591738)",1,2,0,0
"Gao, Kangping (57219535179)",1,1,0,0
"Gao, Liang (56406738100)",2,2,0,0
"Gao, Lin (56514413300)",1,3,0,0
"Gao, Lisha (57423595000)",1,1,0,0
"Gao, Lixin (7401801245)",1,1,0,0
"Gao, Mengyao (57217873006)",0,0,1,1
"Gao, Mingming (36650661600)",1,1,0,0
"Gao, Mingye (56015101900)",0,0,1,3
"Gao, Peng (57220906360)",1,8,0,0
"Gao, Peng (8305791600)",1,2,0,0
"Gao, Qianqian (58895291500)",1,1,0,0
"Gao, Qing (13611584500)",1,1,0,0
"Gao, Qingzhong (36815888400)",1,1,0,0
"Gao, Ran (36494474300)",1,1,0,0
"Gao, Robert X. (7201704428)",1,5,0,0
"Gao, Ruilin (58197199900)",0,0,1,1
"Gao, Ruoxiang (57226359373)",1,1,0,0
"Gao, Shida (57454411500)",0,0,1,2
"Gao, Shijie (60348559200)",1,1,0,0
"Gao, Si-Xiao (57208205861)",1,1,0,0
"Gao, Sixiao (57208205861)",1,1,0,0
"Gao, Song (55240834200)",1,2,0,0
"Gao, Tian (57222167649)",1,2,0,0
"Gao, Tianyu (57207310551)",1,2,1,1
"Gao, Wei (59013408800)",1,2,0,0
"Gao, Weijun (55505206200)",0,0,1,1
"Gao, Xiang (55712075200)",1,2,0,0
"Gao, Xiang (57211719699)",2,2,0,0
"Gao, Xiaohui (57194090715)",0,0,1,1
"Gao, Xiaojin (57246283800)",1,1,0,0
"Gao, Xiaoli (60053798400)",1,1,0,0
"Gao, Xiaoxia (56076283300)",2,3,0,0
"Gao, Xiaozhi (55488358100)",1,1,0,0
"Gao, Xifeng (56216088000)",1,1,0,0
"Gao, Xingsen (55268732000)",1,2,0,0
"Gao, Xuemei (57198548604)",1,1,0,0
"Gao, Xuerui (42161412200)",0,0,1,1
"Gao, Y. (56091839600)",1,1,0,0
"Gao, Yanling (57221663064)",1,1,0,0
"Gao, Yaru (57471726200)",1,1,0,0
"Gao, Yi (55731338300)",0,0,1,3
"Gao, Yongxiang (57737916100)",1,1,0,0
"Gao, Yu (59132487200)",1,1,0,0
"Gao, Yuan (56297468100)",1,4,0,0
"Gao, Yuan (59444619800)",1,1,0,0
"Gao, Yuan (59637081200)",0,0,1,1
"Gao, Yudi (58572483400)",1,1,0,0
"Gao, Yue (57216501884)",1,1,0,0
"Gao, Yunpeng (7404705340)",1,1,0,0
"Gao, Yuyang (57191475824)",1,1,0,0
"Gao, Zengliang (10043514100)",1,1,0,0
"Gao, Zhen (57413089100)",1,1,0,0
"Gao, Zhengming (54794135200)",1,4,0,0
"Gao, Ziyou (6506877571)",1,1,0,0
"Garay-Martinez, Roberto (57210265352)",0,0,1,1
"Garba, Usman Haladu (60042448000)",1,1,0,0
"Garcia Casado, Mayte (57212868039)",0,0,1,1
"Garcia Novo, Patxi (54419974200)",0,0,1,3
"Garcia, Humberto E. (7202282318)",0,0,2,4
"Garcia, T.E. (25223342100)",0,0,1,2
"Garcia, Thomas (57189525252)",0,0,1,10
"Garcia-Alfaro, Joaquin (35728420300)",2,5,1,3
"Garcia-Torres, F. (56707434200)",0,0,1,7
"García, Aldo Pardo (8646739700)",0,0,1,3
"García, Ana Salomé (55950003500)",0,0,1,1
"García, Manuel Pérez (56243219400)",1,2,0,0
"García, Miguel Torres (58318647800)",0,0,1,1
"García, Roberto (57221586997)",0,0,1,1
"García, S. Romero (57214398753)",1,2,0,0
"García-Ascanio, Carolina (35174721400)",0,0,1,1
"García-García, V. (6603604039)",0,0,1,1
"García-Illescas, Rafael (9244232700)",1,1,0,0
"García-Labiano, Francisco (7003708208)",1,3,0,0
"García-Martínez, María-Jesús (57198924775)",0,0,1,5
"García-Osorio, César (10243471000)",1,2,0,0
"García-Torres, Miguel (8918249300)",0,0,1,1
"Garde, Raquel (9037267500)",0,0,1,3
"Gardien, Serge (24320506400)",1,2,0,0
"Gardner, Andy (7202406013)",0,0,1,1
"Gardner, Lauren M. (36109794700)",0,0,1,1
"Gardner, Stephanie (56861778200)",0,0,1,2
"Garg, Akhil (55482431700)",1,1,0,0
"Garg, Rachana (36623675400)",1,1,0,0
"Garg, Sahil (55601765300)",1,2,0,0
"Garg, Vishal (36662196200)",0,0,2,2
"Gargab, Fatima Zohra (57199391611)",0,0,1,1
"Gargiulo, Maurizio (37010926200)",0,0,1,4
"Garievskii, M.V. (6505872678)",1,2,1,2
"Garnett, Stephen T. (7004285282)",0,0,1,2
"Garnier, Antoine (55602276400)",1,1,0,0
"Garniwa, Pranda M.P. (57223049591)",1,2,0,0
"Garnsey, E.W. (57208011090)",0,0,1,6
"Garo, Jean-Pierre (6602879518)",0,0,1,3
"Garraghan, Peter (55014397800)",1,1,0,0
"Garrett, Timothy J. (15032788000)",0,0,1,17
"Garrido, Gustavo Nofuentes (57815795100)",0,0,1,1
"Garrido-Baserba, Manel (60110301500)",0,0,1,3
"Garrido-Hidalgo, Celia (57193328014)",1,2,0,0
"Garrido-Marijuan, Antonio (59302575700)",0,0,1,1
"Garshasbi, Samira (57189515683)",0,0,1,8
"Garzisi, A. (57210271143)",0,0,1,1
"Garín, M. (57224057887)",0,0,1,1
"Gascuel, Violaine (57214147944)",0,0,1,1
"Gasol, Carles M. (16744945800)",0,0,1,1
"Gaspar, Pedro D. (57419570900)",1,1,2,2
"Gaspar, Rui (50161487500)",0,0,1,12
"Gast, Florian (57218528511)",1,1,0,0
"Gastalver-Rubio, Adolfo (55430574300)",1,2,0,0
"Gastli, Adel (6603310689)",0,0,1,2
"Gasulla, Manel (6602798272)",1,12,0,0
"Gattie, David K. (6603427994)",0,0,1,10
"Gaubert, Jean-Paul (8722832900)",1,1,0,0
"Gaucher, Eric C. (7003419213)",0,0,1,1
"Gaudenzi, Paolo (7004213263)",1,1,0,0
"Gautam, Mukesh (57216314550)",1,2,0,0
"Gauterin, Frank (23966602100)",3,9,0,0
"Gauthier, Stephanie (55256594600)",0,0,2,2
"Gauvin, Charles (56177865500)",0,0,1,1
"Gavagsaz-Ghoachani, Roghayeh (35274901200)",1,1,0,0
"Gavalda Diaz, Oriol (57202010188)",1,2,0,0
"Gavilan, Federico (57203977414)",0,0,1,5
"Gayán, Pilar (7003997680)",1,3,0,0
"Gaztanaga, Haizea (16068521700)",1,2,0,0
"Ge, Chao (59029531500)",1,1,0,0
"Ge, Gaoming (25722761100)",1,2,0,0
"Ge, Hua (25822018000)",0,0,1,1
"Ge, Jiahao (57219565400)",1,1,0,0
"Ge, Jian (48861340600)",0,0,1,1
"Ge, Junxiong (59437662800)",1,1,0,0
"Ge, Leijiao (56115789300)",3,3,0,0
"Ge, Mingtao (59902579800)",1,1,0,0
"Ge, Quanwu (57889979600)",1,1,0,0
"Ge, Wei (54980718500)",1,5,0,0
"Ge, Weiwei (57215779312)",1,1,0,0
"Ge, Wenqi (56872388100)",1,1,0,0
"Ge, Xianjun (55352377800)",1,2,0,0
"Ge, Xiaolin (55259747400)",1,1,0,0
"Ge, Xinting (56717147800)",0,0,1,2
"Ge, Y.T. (58128285800)",1,1,0,0
"Ge, Yangyang (55135230900)",1,1,0,0
"Gebeyehu, Desta (6603490086)",0,0,1,4
"Geboy, Nick (55449461500)",0,0,1,3
"Gebraad, Pieter (37057446200)",1,2,1,6
"Gebremeskel, Dawit Habtu (57213352419)",0,0,1,3
"Gebrie, Geremew Sahilu (57202578827)",0,0,1,1
"Geddam, J. J. Babu (59157837200)",0,0,1,3
"Gedik, Buǧra (6506482497)",1,14,0,0
"Geem, Zong Woo (6506685277)",1,1,1,1
"Gehrke, F. (6506088712)",0,0,1,4
"Gehrke, Kai (14522129000)",1,2,0,0
"Geisz, John F. (7005371436)",0,0,1,2
"Geißler, Gesa (55382987800)",0,0,1,2
"Geletina, Olga (57205528017)",1,1,0,0
"Gelfand, Sam (56544210500)",0,0,1,2
"Gellatly, Breanne (56572695700)",0,0,1,3
"Gendreau, Michel (7005646783)",0,0,1,1
"Geng, Guanchen (58419011700)",1,1,0,0
"Geng, Jian (55227094300)",1,2,0,0
"Geng, Jiao (9638029100)",1,1,0,0
"Geng, Jinlong (57192984335)",1,2,0,0
"Geng, Runhao (57221860280)",1,1,0,0
"Geng, Xinbo (57077791600)",2,2,0,0
"Geng, Xuechuan (57850501100)",1,1,0,0
"Geng, Yongtao (36970551800)",1,2,0,0
"Geng, Zhiqiang (8976561200)",1,1,0,0
"Genoud, Dominique (6603609178)",1,1,0,0
"Gentle, Jake (56034509500)",0,0,1,1
"Gentle, Jake P. (56034509500)",0,0,1,2
"Gentner, Christoph (57701819100)",0,0,1,1
"Genton, Marc G. (8905525200)",1,2,0,0
"Gentry, Michael (35728583400)",0,0,1,9
"Georgakis, Angelos (59196856700)",1,1,0,0
"Georgakos, Georg (9536806200)",1,15,0,0
"George, Steven M. (35517308400)",1,4,0,0
"Georges, Laurent (15131839200)",1,2,1,2
"Georgescu, M. (7103081749)",1,1,1,1
"Georghiou, George E. (19336953000)",0,0,1,1
"Georgievskaia, Evgeniia (57208409486)",0,0,1,15
"Georgiou, Marios (59111670300)",0,0,1,1
"Georgiou, Solomos (57196401933)",0,0,1,1
"Georgopoulou, E. (8554026400)",1,1,2,20
"Gerasimenko, Mikhail (57114778300)",1,1,0,0
"Gerber Van Doren, Léda (57192082048)",0,0,1,1
"Gereige, Issam (20433443200)",2,3,0,0
"Germer, Sonja (55926761900)",0,0,1,1
"Gernaey, Krist V. (57213073763)",0,0,1,1
"Gernjak, Wolfgang (6602294487)",0,0,1,2
"Gerogiannis, Vassilis C. (17434231700)",0,0,1,1
"Gerold, Carsten (6507672962)",1,4,0,0
"Geron, Nick (55827692500)",0,0,1,2
"Geros, V. (6508193600)",1,3,0,0
"Gerosa, Andrea (6603667842)",1,16,0,0
"Gerritsen, Eric (7003455738)",1,1,0,0
"Gerstlauer, Andreas (6603083737)",1,1,0,0
"Gertler, Paul J. (7003626422)",1,1,1,93
"Gething, Bill (14044996300)",0,0,1,1
"Geuder, N. (15069160900)",1,2,1,6
"Gevorgian, Vahan (35611362800)",1,1,1,7
"Geyssant, André (24755485200)",1,1,0,0
"Ghadami, Nasim (57226104638)",0,0,1,1
"Ghadamian, Hossein (6508197274)",1,1,0,0
"Ghadamyari, Mojtaba (57196392178)",1,1,0,0
"Ghaddar, N. (35607208800)",1,75,2,4
"Ghaddar, Nesreen (35607208800)",2,19,1,1
"Ghaderi, S.F. (16068478400)",0,0,1,1
"Ghadi, Yazeed (55797735700)",0,0,1,3
"Ghadimi, Noradin (37661184600)",3,3,0,0
"Ghafoor, Kayhan Zrar (37013106700)",0,0,1,1
"Ghafoori, Mahdi (57215411854)",1,1,0,0
"Ghahramani, Ali (55923441000)",1,2,0,0
"Ghalambaz, M. (57799218600)",0,0,1,2
"Ghalehkhondabi, Iman (57191376888)",0,0,1,1
"Ghali, K. (6701654581)",1,75,2,4
"Ghali, Kamel (6701654581)",2,19,1,1
"Ghamry, Nivin A. (8268651900)",1,1,0,0
"Ghanadan, Rebecca (6602506548)",0,0,1,10
"Ghanbari, Arash (34976691100)",1,1,0,0
"Ghani, Nasir (7003653015)",1,1,0,0
"Ghani, Sayeed (55646997600)",1,2,0,0
"Gharipour, Amin (45860944100)",0,0,1,1
"Ghaseminejad, Amin (57210581680)",0,0,1,1
"Ghavami, Mohammad (6701474999)",1,1,0,0
"Ghazal, Taher M. (57224545303)",0,0,1,1
"Ghaznavi-Ghoushchi, M.B. (26632774100)",1,1,0,0
"Ghaznavi-Ghoushchi, Mohammad Bagher (26632774100)",1,1,0,0
"Ghazvini, Mohammad Ali Fotouhi (54782572900)",1,1,0,0
"Ghebrebrhan, Michael (14018078400)",0,0,1,1
"Gheewala, Shabbir H. (6602264724)",0,0,1,1
"Gheibi, Mohammad (57196085113)",0,0,1,1
"Ghelardoni, Luca (36238700200)",0,0,1,1
"Ghenai, Chaouki (10539452400)",1,1,0,0
"Gheorghita, S.V. (9332394800)",1,3,0,0
"Gheorghita, Stefan Valentin (9332394800)",1,5,0,0
"Ghesti, Grace F. (14059884200)",1,1,0,0
"Gheysari, Ali Fatolahzadeh (57220933888)",0,0,1,1
"Ghezzi, Carlo (16512874900)",1,2,0,0
"Ghiaus, Christian (6603390490)",3,3,0,0
"Ghiaus, Cristian (6603390490)",1,1,0,0
"Ghimire, Sujan (57209043248)",1,2,0,0
"Ghio, Alessandro (23492204700)",0,0,1,1
"Ghita, Bogdan (15836592400)",1,1,0,0
"Ghith, Ehab (60732014900)",1,1,0,0
"Ghoddusi, Hamed (36162411100)",0,0,1,2
"Gholami, Majid (57197981968)",1,1,0,0
"Gholamibozanjani, Gohar (57204004135)",1,1,0,0
"Gholizadeh, Nastaran (57205733719)",1,1,0,0
"Gholizadeh, Towhid (57204781885)",0,0,1,2
"Ghoneim, Adel A. (56249641600)",0,0,2,5
"Ghoniem, Ahmed F. (7006107558)",2,3,0,0
"Ghorbani, Reza (36762402800)",1,1,0,0
"Ghosh, Ananda Mohon (57192667884)",1,3,1,4
"Ghosh, Arindam (24576543900)",1,1,0,0
"Ghosh, Aritra (56819357000)",1,1,0,0
"Ghosh, Atonu (57192385153)",1,3,0,0
"Ghosh, Debashis (56002789700)",1,1,0,0
"Ghosh, Laura E. (57205648059)",0,0,1,2
"Ghosh, Rahul (7201778956)",1,2,1,1
"Ghosh, S.K. (57220950527)",0,0,1,1
"Ghosh, Sajal (57215382492)",1,1,0,0
"Ghosh, Shibani (57199380770)",1,2,1,1
"Ghosh, Subrata Kumar (56988229900)",0,0,2,4
"Ghosh, Swaroop (55267696500)",1,1,0,0
"Ghrayeb, Ali (6701671636)",1,1,0,0
"Giamarelos, Nikolaos (57222979729)",1,1,0,0
"Giampietro, Mario (7004081868)",0,0,2,5
"Gianesello, Frederic (12142174800)",1,4,0,0
"Gianfrate, V. (54790850500)",0,0,1,1
"Giannakis, Elias (54787540400)",0,0,1,7
"Giannetti, Cinzia (55638096000)",1,7,0,0
"Giannis, Apostolos (8517994500)",0,0,1,1
"Giannone, P. (6507132212)",1,8,0,0
"Giannopoulou, K. (60601249600)",0,0,1,1
"Giantomassi, Andrea (36657240600)",1,1,1,2
"Gibaud, A. (7005711032)",0,0,1,1
"Gibbins, J.R. (7004677642)",0,0,1,2
"Gibert, Dominique (56800431300)",1,2,0,0
"Gibescu, M. (22834212900)",0,0,1,2
"Gibescu, Madeleine (22834212900)",2,2,1,1
"Gibson, Des (7401626391)",1,5,0,0
"Gibson, Jacqueline MacDonald (56988396500)",0,0,1,2
"Gibson, Neil (56956476400)",1,1,0,0
"Gibson, Stuart (9040731300)",0,0,1,2
"Gibson, Thomas L. (57206215548)",2,2,1,2
"Giebel, Gregor (15836540100)",0,0,1,1
"Giebhardt, Jochen (8332382500)",1,21,1,2
"Giel, Paul W. (6602179425)",0,0,1,2
"Gies, Soeren (55596303200)",0,0,1,1
"Giesselmann, Michael G. (7003734867)",1,3,0,0
"Gigliucci, G. (55953477100)",0,0,1,1
"Gil, Jorge (55105387900)",0,0,1,3
"Gil, Pablo (59643005400)",0,0,1,1
"Gil, Rosario (25027462400)",0,0,1,1
"Gil-González, Walter (57191493648)",0,0,1,2
"Gil-Lopez, Sergio (36836854400)",1,1,0,0
"Gilanifar, Mostafa (57203417142)",1,1,1,1
"Gilbert, Ciaran (57195324257)",0,0,1,1
"Gilbraith, Nathaniel (55320364900)",0,0,1,2
"Gill, Sukhpal Singh (57216940144)",2,3,0,0
"Gilleran, Madeline (57195964625)",0,0,1,34
"Gilles, Robert P. (7102269918)",1,1,0,0
"Gillet, D. (57203238151)",1,2,0,0
"Gilletly, Samuel D. (57278317600)",0,0,1,1
"Gilloteaux, Jean-Christophe (57207890651)",1,2,1,4
"Gilson, Aude (57204308433)",1,1,0,0
"Gimenez, Gregoire (57196246617)",1,1,0,0
"Giménez-Gómez, Pablo (55037358500)",0,0,1,2
"Gioiosa, Roberto (23481767800)",1,3,0,0
"Giordano, Fabrizio (36141106500)",1,2,0,0
"Giordano, Silvia (55820737500)",1,2,0,0
"Gioti, F. (36177464800)",0,0,1,1
"Giraldez, Julieta (25932004200)",0,0,1,2
"Giraldo, Francis X. (7004429544)",0,0,1,1
"Girard, Robin (54402930700)",1,1,0,0
"Girdzevičius, Dalius (55509024200)",1,1,0,0
"Girerd, Claude (6506380805)",1,2,0,0
"Girguis, Peter R. (7801588496)",0,0,1,1
"Giri, Binod Raj (16052774300)",1,3,0,0
"Giridharan, R. (55327342600)",0,0,1,15
"Giroux-Julien, Stéphanie (36806044800)",1,1,0,0
"Gitizadeh, Mohsen (24778115900)",0,0,1,1
"Giuliani, Giovanni (36847753100)",1,1,0,0
"Giuntoli, J. (26023001300)",0,0,1,3
"Giusto, Daniele (7004570907)",1,1,0,0
"Givoni, Baruch (7004481980)",1,3,0,0
"Gjorgiev, Blaže (37110588800)",0,0,1,2
"Gkiotsalitis, Konstantinos (56404651600)",0,0,1,4
"Gkritza, Konstantina (14068738500)",0,0,1,23
"Glachant, Jean-Michel (8628759900)",0,0,1,5
"Glachant, Matthieu (16642751200)",0,0,1,22
"Gladisch, Andreas (6603791686)",0,0,1,1
"Glasenapp, Sebastian (57203246863)",0,0,1,13
"Glass, Anthony J. (24168427100)",0,0,1,4
"Glass, Jacqueline (8291208300)",0,0,1,1
"Glass, John I. (7201603522)",0,0,1,1
"Glavin, Martin (6602095350)",1,1,0,0
"Glenk, Gunther (57206899489)",0,0,1,3
"Glielmo, Luigi (6603819476)",1,2,1,3
"Glitho, Roch (7003991650)",1,4,1,3
"Glomsrd, Solveig (6505460170)",0,0,1,5
"Gloria, Andre F. X. (57194717100)",1,3,0,0
"Glowacz, Adam (24824306700)",1,1,0,0
"Glunz, Stefan W. (7004114588)",1,1,0,0
"Gluyas, Jon (6603541751)",0,0,1,3
"Glynn, James (55968455300)",0,0,1,4
"Glynn, Peter (35298872600)",1,9,0,0
"Gnanambal, K. (36131287200)",1,1,0,0
"Gnansounou, Edgard (6508334495)",0,0,2,17
"Gniady, Chris (6506964015)",1,1,0,0
"Gobakis, K. (42161195600)",0,0,2,2
"Gobakis, Konstantinos (42161195600)",1,1,0,0
"Godaliyadda, Roshan Indika (55560475200)",2,2,2,3
"Godavarti, Mahesh (6602692359)",1,4,0,0
"Goddard, William A. (36042196400)",1,2,0,0
"Godoy-Faúndez, Alex (23481970600)",0,0,1,2
"Godoy-Shimizu, Daniel (54393058500)",0,0,1,2
"Godoy-Vaca, Luis (57196955385)",0,0,1,1
"Godwin, Johnnie (57192837565)",0,0,1,3
"Goebel, Christoph (35085001100)",0,0,1,2
"Goebel, K. (7005329259)",0,0,1,1
"Goehry, Benjamin (57216590802)",1,1,0,0
"Goel, Lalit (7005345158)",1,1,0,0
"Goel, Samir (7101999086)",1,4,0,0
"Goffin, Philippe (56736534600)",1,1,0,0
"Goh, Mark (58335238000)",0,0,1,1
"Goh, Yen-Nee (55603808800)",0,0,1,1
"Gohari, Seyyed M.I. (59848001300)",1,2,0,0
"Goikoetxea, A. (35409139600)",1,1,0,0
"Goiri, Íñigo (24801831000)",0,0,1,1
"Gokcen, Gulden (56010236400)",0,0,1,3
"Gokhale, Gargya (57353573000)",1,1,0,0
"Gokirmak, Ali (8441671100)",1,2,0,0
"Golard, Louis (57986457200)",0,0,1,4
"Golasi, Iacopo (56611898500)",0,0,1,3
"Goldman, Charles (7103000915)",0,0,1,1
"Goldman, Charles A. (7103000915)",0,0,1,3
"Goldman, Ethan (26326876600)",1,6,0,0
"Goldsworthy, M. (16836667500)",0,0,1,1
"Golestaneh, Faranak (53163794900)",0,0,1,2
"Goletto, Gabriele (57376748300)",0,0,1,1
"Gomaa, H.G. (56346408200)",1,1,0,0
"Gomes, Chandima (57201335285)",0,0,1,1
"Gomes, M. (8565488700)",0,0,1,1
"Gomez, A. (55429425800)",1,1,0,0
"Gomez, Emilio (24721115100)",0,0,1,62
"Gomez, Juan D. (57034436400)",0,0,1,28
"Gomez, Juan S. (57213023336)",1,1,0,0
"Gomez-Pulido, Juan A. (6505916983)",1,3,0,0
"Gomez-Sanz, Jorge (6507648190)",1,1,0,0
"Goméz-Vela, Francisco (38961263300)",1,1,0,0
"Goncalves Da Silva, Per (55648368400)",1,3,1,1
"Goncalves, Carla (57193613501)",1,1,0,0
"Goncalves, Jose Luiz (36080465600)",0,0,1,4
"Gondal, Iqbal (9638318000)",1,1,0,0
"Gonder, Jeffrey (23766917600)",0,0,1,3
"Gondwe, Kenneth Joseph (56226297600)",0,0,1,17
"Gong, Chen Chris (57192938730)",0,0,1,2
"Gong, Daozhi (8731464200)",0,0,1,1
"Gong, Gangjun (34767989400)",1,2,0,0
"Gong, Huangjie (57205500830)",1,2,0,0
"Gong, Huarong (55458459700)",1,1,0,0
"Gong, Jianqiang (59536599900)",1,1,0,0
"Gong, Jing (8415156800)",1,1,0,0
"Gong, Kai (57273677700)",0,0,1,1
"Gong, Maoqiong (7201566030)",1,4,0,0
"Gong, Qi (35781445600)",1,2,0,0
"Gong, Qiuming (56222388400)",1,2,0,0
"Gong, Shan (57693899900)",1,1,0,0
"Gong, Shixin (57192811204)",1,1,0,0
"Gong, Tao (56482850600)",1,3,0,0
"Gong, Wei (55177734700)",1,1,0,0
"Gong, Wei (57207009050)",1,1,0,0
"Gong, Xianfu (57208002265)",1,2,0,0
"Gong, Xu (55441219200)",1,1,0,0
"Gong, Xuan (55413462900)",1,1,0,0
"Gong, Xun (36678640400)",1,1,0,0
"Gong, Young-Ho (55779109700)",1,1,0,0
"Gong, Yu (57188715247)",1,5,0,0
"Gong, Yu (57206898598)",1,1,0,0
"Gong, Yubin (57206139329)",1,1,0,0
"Gong, Yuhan (57765408300)",1,1,0,0
"Gonzalez, Jorge E. (7404493635)",1,3,0,0
"Gonzalez, Julita Corbalan (56024199400)",1,1,0,0
"Gonzalez, Marc (52663338600)",1,8,0,0
"Gonzalez, Sergio Alejandro (55427089400)",1,1,0,0
"Gonzalez, Victor (57278983100)",1,1,0,0
"Gonzalez-Garrido, Amaia (57202495930)",1,2,0,0
"Gonzalez-Redondo, M.J. (48061104000)",0,0,1,7
"Gonzalez-Salazar, Miguel Angel (21742549400)",0,0,1,1
"Gonzalez-Vidal, Aurora (57189466053)",1,2,0,0
"Gonzaález, Antonio (57194921523)",1,2,0,0
"Gonzàlez, Marc (52663338600)",1,2,0,0
"González Ordiano, Jorge Ángel (57190287181)",0,0,1,1
"González, Antonio (56046212500)",1,1,0,0
"González, Antonio (57207242744)",0,0,1,5
"González, Antonio (58587126700)",1,74,0,0
"González, J.E. (7404493635)",0,0,1,2
"González, Jorge E. (7404493635)",0,0,2,2
"González, José (57214433346)",1,74,0,0
"González, Marta C. (36913172600)",0,0,1,4
"González, Pedro A. (57194085378)",1,4,0,0
"González, Silvina (55427103700)",0,0,1,2
"González-Aparicio, I. (44761200000)",0,0,2,16
"González-Forero, Mauricio (26221753700)",0,0,1,1
"González-Miquel, María (37023141700)",0,0,1,2
"González-Romera, E. (16028600900)",1,1,0,0
"González-Romera, Eva (16028600900)",1,1,0,0
"Gonçalves, F. (57221133138)",0,0,1,1
"Gonçalves, H. (7003936553)",0,0,1,1
"Gonçalves, Joaquim M. (56817927800)",2,2,0,0
"Gonçalves, Rui (55769747333)",1,1,0,0
"Goo, N.S. (7004277914)",1,1,0,0
"Good, G.H. (56789750500)",1,1,2,4
"Good, W. (7102207071)",1,1,0,0
"Goodall, Paul (56037510100)",1,2,0,0
"Goodarzi, Sam Sarlak (59705806100)",1,1,0,0
"Gooday, Jack (57210188286)",0,0,1,2
"Goodbody, Angus G. (26532640800)",1,2,0,0
"Goodhew, Steve (6506566759)",0,0,1,1
"Goodnight, Jared (24176931900)",1,1,0,0
"Goodson, Kenneth E. (7006262423)",2,10,0,0
"Goodwin, Morten (37017029800)",0,0,1,3
"Gooi, Hoay Beng (7006434142)",1,2,1,2
"Gopal, Anand (23995091300)",0,0,1,1
"Gopal, Sucharita (7005988636)",0,0,1,2
"Goranović, Goran (6506851542)",1,1,0,0
"Goray, Anastasia (57212872923)",0,0,1,1
"Goraya, Major Singh (55634310300)",1,12,0,0
"Gorbeña, E. (57194202085)",1,1,1,3
"Gordillo, G. (24176617900)",1,5,0,0
"Gordon-Ross, Ann (6507677523)",1,1,0,0
"Gorjian, Shiva (56333505200)",0,0,1,1
"Gorman, Will (56227045100)",0,0,1,3
"Gorman, William (56227045100)",0,0,1,2
"Gormezano, Linda J. (25649694500)",0,0,1,2
"Goroshin, S. (6602503996)",1,13,1,3
"Goscien, Roza (55876816900)",1,1,0,0
"Gosselin, Louis (7004509756)",2,8,2,4
"Gota, Dan (36620115100)",1,1,0,0
"Gota, Fabrizio (57211542973)",0,0,1,1
"Goto, Hiroshi (7401675672)",1,12,0,0
"Goto, Mika (7403505871)",0,0,1,2
"Goto, Satoshi (35195654600)",1,9,0,0
"Gottas, D.J. (8531852100)",0,0,1,4
"Gottschalg, R. (6603674907)",0,0,1,2
"Gottschalg, Ralph (6603674907)",1,1,0,0
"Goudarzi, Shidrokh (55874697000)",1,2,0,0
"Goude, Yannig (55326700600)",6,10,4,13
"Goulding, Michael (7006141038)",0,0,1,13
"Goulermas, John (8972539400)",1,2,0,0
"Goulias, Konstadinos G. (7004456956)",0,0,2,3
"Gounder, Rukmani (6701893126)",0,0,1,1
"Goutte, Stéphane (55536067100)",0,0,1,4
"Goverde, Rob M.P. (6602519121)",0,0,1,1
"Govorukha, Kristina (57702423900)",0,0,1,2
"Goward-Brown, Alice (55935413800)",0,0,1,1
"Gowda, Mahanth (56368104500)",1,1,0,0
"Gowrienanthan, B. (57818857000)",1,1,0,0
"Goyal, Suresh (24298457700)",1,3,1,1
"Goyvaerts, Jan (57200960732)",0,0,1,1
"Graber, T.A. (7005685905)",0,0,1,9
"Grace, G. Hannah (57191970419)",1,1,0,0
"Grace, John R. (7202870913)",0,0,1,2
"Gracey, Erik Olav (57078959000)",0,0,1,7
"Gracia Amillo, Ana M. (56677779000)",0,0,1,10
"Gracia, Alvaro de (35799440200)",1,1,0,0
"Gracik, Stefan (56423665400)",1,9,0,0
"Graditi, G. (11839275700)",1,1,0,0
"Graditi, Giorgio (11839275700)",1,1,1,1
"Grady, William Mack (7005733277)",0,0,1,1
"Graeb, Helmut (6602105881)",1,1,0,0
"Graells, Moises (6701703637)",1,4,0,0
"Graetz, Geordan (55754597300)",0,0,1,5
"Graetzel, Michael (35463345800)",1,2,0,0
"Graf, Jérôme (57224675086)",1,1,0,0
"Gragopoulos, Ioannis (7801458867)",1,1,0,0
"Graichen, Verena (56015216300)",0,0,1,24
"Grainger, Brandon M. (36179455700)",0,0,1,2
"Grainger, Corbett A. (21740556400)",0,0,1,8
"Gram-Hanssen, Kirsten (16315818500)",0,0,1,4
"Grammelis, Panagiotis (6701806813)",0,0,1,1
"Granados Vergara, Jose David (57208004931)",1,2,0,0
"Granberg, Fredric (56208935800)",0,0,1,2
"Granderson, Jessica (14630354400)",1,1,2,3
"Grant, Jason (56127730900)",0,0,1,1
"Grasselli, Matheus (55511749470)",0,0,1,17
"Grassie, Duncan (57303594400)",0,0,1,1
"Grasso, Kyla (56013184500)",0,0,1,2
"Graves, Jared (55387687500)",0,0,1,1
"Gray, Evan MacA. (55831826000)",0,0,1,1
"Grayver, E. (6602120490)",1,5,0,0
"Graziani, S. (7003601052)",1,8,0,0
"Greaves, B. (30467674900)",1,4,0,0
"Greaves, Beatrice (35104729400)",0,0,1,2
"Greaves, Deborah (7102627638)",1,3,0,0
"Grech, I. (6603109969)",1,15,0,0
"Green, Collin (57200096433)",0,0,1,1
"Green, T.C. (7401859529)",0,0,1,1
"Green, Timothy C. (7401859529)",1,1,0,0
"Green, William H. (7402259989)",0,0,1,1
"Greenbaum, Elias (7006821072)",1,2,0,0
"Greenblatt, Jeffery (55241919800)",0,0,1,2
"Greenblatt, Jeffery B. (55241919800)",0,0,1,6
"Greene, David (57203195709)",0,0,1,8
"Greene, Martin (55923634400)",0,0,1,1
"Greene, Sarah E. (36504082500)",0,0,1,3
"Greenhill, L.J. (7004388731)",1,2,0,0
"Greer, J.C. (7202258769)",1,1,0,0
"Gregg, Matt (46661023500)",0,0,1,1
"Gregor, Raul (25651475400)",0,0,2,7
"Gregor, Raúl (25651475400)",0,0,1,5
"Gregorčič, Gregor (6506370613)",1,8,0,0
"Greiner, M. (7005115633)",0,0,1,5
"Greiner, Martin (7005115633)",0,0,1,2
"Grejtak, Tomas (57193764308)",1,1,0,0
"Gresham, Hal (57224903995)",0,0,1,34
"Grey, Clare P. (7006250961)",1,1,0,0
"Grey, John B. (7005713990)",1,2,0,0
"Gribben, Brian (56572562700)",0,0,1,3
"Griefnow, Philip (57194021815)",1,2,0,0
"Grieu, Stéphane (55906885900)",1,1,1,1
"Grifell-Tatjé, Emili (6603586824)",0,0,1,1
"Griffel, L. Michael (57202535550)",1,3,0,0
"Griffith, Michael (7102075337)",0,0,1,2
"Griffiths, Thomas (57210799849)",1,1,0,0
"Grigg, Stephen (56765874600)",1,2,0,0
"Grigoratos, Theodoros (16315606400)",0,0,1,3
"Grijalva, Santiago (6602833144)",2,3,0,0
"Grimes, Arthur (34770532000)",0,0,1,19
"Grimit, Eric (6507230848)",0,0,2,7
"Grimmond, C.S.B. (55188785600)",0,0,1,16
"Grisales-Noreña, Luis Fernando (55791991200)",0,0,1,2
"Grob, Gustav R. (7004253364)",0,0,1,1
"Grolinger, Katarina (36600134200)",5,19,1,4
"Groll, Eckhard A. (7004613746)",1,1,0,0
"Groot Koerkamp, P.W.G. (56581838600)",0,0,1,1
"Groppi, D. (57202131447)",0,0,1,1
"Gros, Sébastien (55694310100)",1,1,0,0
"Gross, Rob (57212486408)",0,0,1,8
"Grossi, Luigi (7006175424)",0,0,1,4
"Grossmann, Ignacio E. (7102750465)",1,4,0,0
"Grosspietsch, David (55748170200)",0,0,1,1
"Grothage, Morgan (25521696600)",1,3,0,0
"Grover, R.B. (56265487800)",0,0,1,7
"Grozev, George (6603723956)",1,1,1,1
"Groß, Peter (57201200386)",1,4,1,2
"Grube, T. (6603637213)",0,0,1,1
"Gruber, Hannes (57201199678)",1,4,1,2
"Gruber, J.K. (56232503600)",1,1,0,0
"Gruber, Patrick (25723140100)",1,3,0,0
"Grubwinkler, Stefan (55948842400)",1,1,0,0
"Gruchalla, Kenny (25960789400)",0,0,1,1
"Grudpan, Chaiwut (59454590100)",0,0,1,8
"Grudpan, Jarungjit (55532197900)",0,0,1,8
"Grudén, Mathias (35310282500)",0,0,1,2
"Gruener, Christopher (57226896474)",1,2,0,0
"Gruet, Pierre (57212476468)",1,1,0,0
"Grunau, Bruno (55307805900)",0,0,1,2
"Grunder, Olivier (6603263172)",0,0,1,1
"Grunnet, Jacob Deleuran (25228378400)",1,2,0,0
"Gruosso, Giambattista (6508303135)",1,1,0,0
"Grushevenko, Dmitry A. (57039179500)",0,0,1,15
"Gryazina, Elena (56023124300)",0,0,1,2
"Grythe, Henrik (55839766300)",0,0,1,1
"Grzenda, Maciej (6506719628)",1,1,0,0
"Grzesik, Piotr (57208835103)",1,1,0,0
"Gràcia, I. (7006647006)",1,1,0,0
"Grätzel, Michael (35463345800)",1,2,0,0
"Grötsch, Raphael K. (57195038542)",1,1,0,0
"Grønhøj, Alice (25221219600)",0,0,1,3
"Grüne, Lars (7004519646)",1,1,1,1
"Grāvelsiņš, Armands (56960468600)",0,0,1,2
"Gu, Bo (57188661704)",1,3,0,0
"Gu, Bowen (57219910420)",1,1,0,0
"Gu, Chaojun (55761220800)",0,0,1,2
"Gu, F. (35236971500)",1,1,0,0
"Gu, Fan (56596150600)",0,0,1,2
"Gu, Jinan (36448935900)",1,1,0,0
"Gu, Jiu (57211123928)",1,1,0,0
"Gu, Jyh-Cherng (7403129797)",1,1,0,0
"Gu, Lin (36089044100)",1,2,0,0
"Gu, Ming (57202891855)",1,1,0,0
"Gu, Wei (57202086636)",2,2,0,0
"Gu, Xianliang (57390671700)",1,1,0,0
"Gu, Xiaoguang (56026365900)",1,1,0,0
"Gu, Xin (39061170500)",1,1,0,0
"Gu, Xingsheng (7403203738)",1,1,0,0
"Gu, Yu (57077418000)",1,1,0,0
"Gu, Yu (58569151800)",1,1,0,0
"Gu, Yu Jason (55583207400)",1,2,0,0
"Gualous, Hamid (6602810851)",1,1,1,3
"Guan, Chaoran (57566643600)",1,1,0,0
"Guan, Cuntai (7101632622)",1,1,0,0
"Guan, Fengwei (53881300200)",0,0,1,1
"Guan, Hua (57575341000)",1,1,0,0
"Guan, Jianhong (7201449709)",1,4,0,0
"Guan, Kyle (55652562500)",1,18,0,0
"Guan, Ling (57200193234)",1,1,0,0
"Guan, Luoyun (59567465400)",1,1,0,0
"Guan, Wei (55702521101)",1,4,0,0
"Guan, Xiao (59567532400)",1,1,0,0
"Guan, Xiaohong (7201463208)",1,1,0,0
"Guan, Xinping (7201463266)",1,1,0,0
"Guan, Yi (59410623200)",1,1,0,0
"Guan, Yuru (57204567199)",0,0,1,2
"Guarda, Fernando Guilherme Kaehler (57193576423)",0,0,1,2
"Guardiola, C. (8977925500)",0,0,1,3
"Guarniz Avalos, Gustavo Omar (56018090100)",0,0,1,1
"Guarracino, Ilaria (57212174257)",1,3,1,3
"Guayanlema, Verónica (56866452100)",0,0,1,3
"Gubernat, Andreas (57191347053)",0,0,1,1
"Guemana, Mouloud (35208319700)",1,1,0,0
"Guerin, Turlough (56264394600)",0,0,1,5
"Guermaz, M.B. (8587831000)",1,1,0,0
"Guerra, José (55924585700)",1,3,0,0
"Guerra, Omar J. (57188688247)",0,0,1,4
"Guerrero, Josep M. (35588010400)",8,14,3,4
"Guerrero-Hernández, I. (54902086400)",1,1,0,0
"Guerrero-Rubio, J. (57200881020)",0,0,1,1
"Guerrier, Stéphane (25633531500)",1,1,0,0
"Guerriero, A. (22834569900)",0,0,1,11
"Guessous, L. (6602536010)",1,2,0,0
"Gueymard, C. (7004488604)",1,2,1,6
"Gueymard, Christian A. (7004488604)",0,0,2,10
"Guggenberger, Joe D. (55533854700)",1,1,0,0
"Guhathakurta, Subhrajit (6603338452)",1,2,1,3
"Guhr, Thomas (7003669055)",0,0,1,1
"Gui, Weihua (7004829136)",3,3,0,0
"Guichard, S. (37099917900)",1,1,0,0
"Guillamón, Antonio (56929686100)",0,0,1,2
"Guillen, Montserrat (7103020782)",0,0,1,1
"Guillier, Laurent (23990648600)",0,0,1,3
"Guillou, F. (25648047500)",1,1,0,0
"Guillou, Nicolas (35078635400)",0,0,1,2
"Guillén-Gosálbez, Gonzalo (23008386600)",0,0,1,2
"Guilpart, Jacques (6603202493)",1,2,1,1
"Guimarães, Janaina Gonçalves (8042835900)",1,1,0,0
"Guitart, Jordi (9737380700)",0,0,1,1
"Guizani, Mohsen (7004750176)",6,7,3,3
"Gul, Madiha (57200180923)",1,1,0,0
"Gumhalter, Michael (57224996598)",1,1,0,0
"Gunasekaran, Kanimozhi (56872835600)",1,1,0,0
"Gunawan, Andrey (54990234100)",1,2,0,0
"Gundoshmian, Tarahom Mesri (57189095824)",0,0,1,1
"Gundu, Venkateswarlu (57217297943)",1,1,0,0
"Guney, Dilara (59936497900)",0,0,1,1
"Gungor, Osman Erman (57189991257)",1,1,1,3
"Gunnarsson, K. (8534292700)",1,1,0,0
"Gunther, Pamela (55383071600)",0,0,1,2
"Guo, Amei (59941902800)",1,1,0,0
"Guo, Bin (58587517200)",1,2,0,0
"Guo, Bingjie (56416976000)",1,1,0,0
"Guo, Bo (55665498400)",2,3,1,3
"Guo, Bo (60164519300)",1,1,0,0
"Guo, Chao (57202099186)",1,2,0,0
"Guo, Chenfu (57222004051)",1,1,0,0
"Guo, Chenguang (35299151800)",1,1,0,0
"Guo, Chi (35307119000)",1,1,0,0
"Guo, Dong (56264697900)",2,4,0,0
"Guo, Fanghong (56428372300)",1,1,0,0
"Guo, Fengyu (57211003671)",0,0,1,1
"Guo, Hao (57219909131)",1,1,0,0
"Guo, Honggang (57223978577)",1,1,0,0
"Guo, Hongyu (55468657200)",1,1,0,0
"Guo, Hun (10040776600)",1,1,0,0
"Guo, J.Q. (55699403200)",1,1,0,0
"Guo, Jianghong (22734362100)",0,0,1,2
"Guo, Jianhua (57212984656)",1,1,0,0
"Guo, Jianlin (57207469925)",1,2,0,0
"Guo, Jie (57203289391)",1,1,0,0
"Guo, Jinquan (57193335978)",1,1,0,0
"Guo, Ju-e (35751100300)",1,1,0,0
"Guo, Jue (35751100300)",0,0,1,2
"Guo, Juntao (57216909139)",1,1,0,0
"Guo, Ke (57279992300)",1,1,0,0
"Guo, Li (56463252800)",2,4,0,0
"Guo, Li (60393675500)",1,9,0,0
"Guo, Liangmin (24450281000)",1,1,0,0
"Guo, Liwei (59868819000)",1,1,0,0
"Guo, Lulu (55796347600)",2,3,0,0
"Guo, Maozu (57209172617)",1,1,0,0
"Guo, Minghua (55588225600)",1,4,1,1
"Guo, Minyi (7201564780)",2,2,0,0
"Guo, Panpan (57192183483)",0,0,1,1
"Guo, Pengcheng (7101701032)",1,1,0,0
"Guo, Qinglai (24279544300)",2,2,1,1
"Guo, Qinxin (57202395023)",0,0,1,3
"Guo, Rong (36645811700)",1,2,0,0
"Guo, Rui (57933198300)",1,1,0,0
"Guo, Rui (58360106800)",1,1,0,0
"Guo, Sen (41861444000)",2,2,0,0
"Guo, Shenglian (55488888800)",0,0,2,3
"Guo, Shirong (59163296300)",1,2,0,0
"Guo, Siyi (57226779999)",1,2,0,0
"Guo, Siyu (55488894300)",1,1,0,0
"Guo, Song (58594251100)",1,1,0,0
"Guo, Tengfei (56927469000)",1,1,0,0
"Guo, Tongtong (57218105703)",1,1,0,0
"Guo, Wang (57368364000)",1,1,0,0
"Guo, Wei (57796601600)",1,1,0,0
"Guo, Weilin (7401967904)",1,1,0,0
"Guo, Weisi (57215504567)",1,4,0,0
"Guo, Wencheng (56266768900)",1,1,0,0
"Guo, Wenchong (57223922325)",1,1,0,0
"Guo, Wenhao (57610087300)",1,1,0,0
"Guo, Wenwen (55385832200)",1,1,0,0
"Guo, Wuwu (57201588198)",1,4,0,0
"Guo, Xiaolong (58285401400)",1,1,0,0
"Guo, Xiaowei (57468125100)",1,1,0,0
"Guo, Xiaoxuan (55414697700)",1,1,0,0
"Guo, Xifeng (55378555100)",1,1,0,0
"Guo, Xijin (58487518100)",1,1,0,0
"Guo, Xing (58621897700)",1,1,0,0
"Guo, Xing Xing (57190582333)",1,1,0,0
"Guo, Xiuting (57215055044)",1,1,0,0
"Guo, Yan-Hui (57214783613)",1,8,0,0
"Guo, Yanfei (55817817200)",2,2,0,0
"Guo, Yi (55779656400)",0,0,1,8
"Guo, Yifan (57195938278)",1,1,0,0
"Guo, Yifei (57030883700)",2,2,0,0
"Guo, Yincheng (55764897300)",1,3,0,0
"Guo, Ying (57194946894)",1,1,0,0
"Guo, Yingjun (56137495200)",1,1,0,0
"Guo, Yongsheng (57215092718)",1,1,0,0
"Guo, Yuanyuan (57221180908)",1,1,0,0
"Guo, Yufeng (55712444600)",1,1,0,0
"Guo, Yufeng (57184552300)",1,1,0,0
"Guo, Yuhang (60075776400)",1,1,0,0
"Guo, Yuqing (57762813400)",0,0,1,1
"Guo, Zhengchuan (57218205101)",1,1,0,0
"Guo, Zhengdao (57483727200)",1,1,0,0
"Guo, Zhengyang (57789504500)",1,1,0,0
"Guo, Zhifeng (57195308322)",0,0,1,2
"Guo, Zhihui (57209222798)",1,1,0,0
"Guo, Zhiling (57189517376)",1,1,0,0
"Guo, Zhiqiang (57210998290)",1,1,0,0
"Guo, Zihua (55474344000)",1,1,0,0
"Guo, Ziling (58912408700)",2,2,0,0
"Gupta, Ashish (58264277100)",1,1,0,0
"Gupta, Divya (59090146200)",1,1,0,0
"Gupta, Eshita (23388786800)",0,0,1,9
"Gupta, Ishu (57200300764)",1,1,0,0
"Gupta, Kartikay (57213053496)",1,2,0,0
"Gupta, Manoj (59676107300)",1,1,0,0
"Gupta, Nikhil (57209931405)",0,0,1,1
"Gupta, Nikita (55449337100)",1,1,0,0
"Gupta, Pranav (57213424889)",0,0,1,1
"Gupta, R.A. (57218846590)",0,0,1,1
"Gupta, Rajat (7501323603)",0,0,2,2
"Gupta, Rajesh (57201584761)",0,0,1,2
"Gupta, Ramjee Prasad (57195062661)",0,0,1,1
"Gupta, Sandeep K.S. (34975062800)",1,10,0,0
"Gupta, Siddharth (57191160208)",0,0,1,4
"Gupta, Sunil Kumar (57188827821)",1,1,0,0
"Gupta, Tania (57218935013)",1,1,0,0
"Gupta, Vijay (57201852777)",1,3,0,0
"Gurgen, Anil (57196475658)",0,0,1,1
"Gursoy, Fatma Ece (59379483600)",0,0,1,1
"Gurung, Thulo Ram (55972177800)",0,0,1,1
"Gust, Gunther (57190744801)",0,0,1,1
"Gustafson, K.J. (7103232815)",1,2,0,0
"Guta, Dawit Diriba (55341368800)",0,0,1,4
"Guthrie, Peter (12645406300)",0,0,1,1
"Gutierrez, Brittni (56006940500)",1,1,0,0
"Gutierrez, Gregory D. (56973450800)",1,1,0,0
"Gutiérrez, A. (25651604300)",1,3,1,1
"Gutiérrez, Alexis Sagastume (57902133300)",0,0,1,3
"Gutiérrez, G. (22833996000)",1,1,0,0
"Gutiérrez-Avilés, David (54389076600)",1,1,2,2
"Gutiérrez-Martín, F. (6506509780)",1,1,0,0
"Gutman, S.I. (7004894250)",0,0,1,4
"Gutsch, Moritz (57730635900)",0,0,1,1
"Guzek, Michał (57210205968)",1,1,0,0
"Guzelis, Cuneyt (55937768800)",1,1,0,0
"Guzmán, José L. (34769939300)",1,1,0,0
"Guzs, Dmitrijs (57201980161)",0,0,1,5
"Guzzo, Judith A. (57193076833)",1,5,0,0
"Guérout, Tom (54930950100)",0,0,1,1
"Gyamfi, Samuel (37067232400)",0,0,1,1
"Gálvez, Jose L. (55251763100)",0,0,1,5
"Gáspár, Péter (57191521633)",1,1,0,0
"Gélat, Pierre N. (6505814954)",1,9,0,0
"Gómez, Nuria (23099639400)",0,0,1,3
"Gómez-Gesteira, M. (7003669251)",0,0,2,3
"Gómez-Hernández, Jesús (56469922100)",0,0,1,2
"Gómez-Navarro, T. (25931438600)",0,0,1,1
"Gómez-Quiles, Catalina (36674872100)",1,2,0,0
"Gómez-Romero, Juan (8875878400)",0,0,1,1
"Göhner, Ulrich (57208206186)",0,0,1,1
"Gölz, Sebastian (8069616200)",0,0,1,30
"Görgens, Johann F. (6507823497)",0,0,1,1
"Görges, Daniel (23569037600)",1,1,0,0
"Günay, M. Erdem (36779260800)",0,0,1,1
"Günter, Christian (35613265100)",1,2,0,0
"Gürtler, Marc (22134741200)",0,0,1,3
"Güvenç, Levent (6701499807)",1,1,0,0
"Gąsiorek, Damian (8503293200)",0,0,1,1
"Ha Truong, Thi Thu (57207686780)",0,0,1,3
"Ha, Chi Kien (59181123100)",1,1,0,0
"Ha, Hwimyeong (58480413700)",1,1,0,0
"Ha, Q.P. (7006590610)",1,1,0,0
"Ha, Rhan (7004739003)",2,15,1,1
"Ha, Taewoo (57194898157)",0,0,1,1
"Ha, Taeyun (57221132352)",1,1,0,0
"Haarlemmer, Geert (6507183634)",1,6,2,15
"Haas, J. (56526116500)",0,0,1,1
"Haas, Lukas (57748598700)",0,0,1,3
"Haataja, Mikko (7004308266)",1,7,0,0
"Habashy, Shahira M. (60626640600)",1,1,0,0
"Habel, Michał (57675337000)",0,0,1,1
"Haben, Stephen (36682321100)",1,1,0,0
"Haber, Robert (44260903400)",1,3,0,0
"Haberl, Helmut (7004619776)",0,0,1,5
"Habert, Guillaume (8391064400)",0,0,1,1
"Habib, Durdana (54389128200)",1,2,0,0
"Habib, M. (35317515300)",1,2,0,0
"Habibi, Daryoush (6603915730)",1,1,0,0
"Habryl, Nicholas (57815953000)",0,0,1,1
"Habte, Aron (55537203000)",0,0,1,6
"Hached, Sami (55877890600)",1,4,0,0
"Hachicha, Ahmed Amine (55595733300)",1,1,0,0
"Hackermüller, Jörg (15925392700)",1,2,1,1
"Hadas, Zdenek (24767676300)",1,2,0,0
"Haddad, Jamil (16416799400)",0,0,1,4
"Haddad, Salim (57189691497)",2,3,3,4
"Haddad, Shamila (55133585100)",0,0,1,8
"Hadi, Fawaz M. Al (57949490400)",1,1,0,0
"Hadi, Muhammad Usman (57194410682)",1,2,0,0
"Hadidi, Ramtin (22734433600)",1,1,1,1
"Hadji-Minaglou, Jean-Régis (55948552800)",1,1,0,0
"Hadjilambrinos, Constantine (56614489500)",0,0,1,7
"Hadjinicolaou, Panos (6505791231)",0,0,1,3
"Hadjri, Karim (24324895300)",0,0,1,2
"Hadley, Stanton W. (7006443229)",1,2,1,4
"Hadroug, Nadji (57192315327)",1,1,0,0
"Haeffelin, Martial (6602137606)",0,0,1,2
"Haeri, Mohammad (12143471600)",1,1,0,0
"Haesen, Edwin (16233098600)",1,12,1,16
"Hafaifa, Ahmed (8547570500)",1,1,0,0
"Hafeez, Ghulam (57202511242)",1,1,0,0
"Hafeez, Noman (57223004443)",1,2,0,0
"Hafez, Azza (7005266995)",1,1,1,1
"Hafiane, Morad (57189297211)",1,1,1,3
"Hafiz, Habibuddin M. (55820996500)",1,1,0,0
"Hagen, Brede A.L. (56425660200)",0,0,1,1
"Hagendorf, Olaf (34876675100)",1,2,0,0
"Hagenkamp, Markus (57194613878)",0,0,1,1
"Hagenmeyer, Veit (15837418700)",0,0,1,1
"Hagfeldt, Anders (7005851690)",1,2,0,0
"Hagfors, Lars Ivar (57160004800)",0,0,1,1
"Haghi, Ehsan (57191334409)",0,0,1,1
"Haghighat, Fariborz (23396910300)",3,7,6,14
"Haghshenas, Kawsar (57188974527)",1,2,0,0
"Haglind, Fredrik (21742717400)",0,0,1,1
"Hahmann, Andrea N. (6602418886)",1,1,1,1
"Hahn, F. (7202561648)",1,1,0,0
"Hahn, Gregory G. (56985340000)",1,1,0,0
"Hahn, Marlon (56342036600)",0,0,1,1
"Hahn, Minsoo (7201578082)",1,6,1,3
"Hahn, R. (8316846100)",1,3,0,0
"Hahnel, Ulf J.J. (55058817700)",0,0,2,34
"Hai, Guangtong (57700605100)",1,1,0,0
"Hai-Yue, Yang (57217585493)",1,1,0,0
"Haider, Muhammad Ali (57194689775)",0,0,1,1
"Haider, Sajjad (58635831100)",1,2,0,0
"Haider, Syed Irtaza (56900612700)",1,2,0,0
"Haile, Sossina M. (7006494432)",1,4,1,4
"Hailong, Huang (57191205094)",0,0,1,2
"Haj Yahya, Jawad (57202578172)",1,2,0,0
"Haji Sapar, Majid (6505723147)",1,4,1,1
"Haji, Maha N. (57191200575)",0,0,1,2
"Hajiah, Ali (11339341200)",0,0,1,1
"Hajimiri, Ali (7003785547)",1,4,0,0
"Hajji, Yassine (56043311000)",1,2,0,0
"Hakonen, Henri (57212141050)",1,1,0,0
"Halacli, Eren Gökberk (59379601400)",0,0,1,1
"Halamay, Douglas A. (36650587400)",1,2,1,1
"Halder, Abhishek (25641454800)",2,2,0,0
"Hale, Elaine T. (17345412700)",1,1,1,1
"Hale, Renee S (56861834100)",1,1,0,0
"Halgamuge, Malka N. (15727705600)",1,1,0,0
"Halgamuge, Saman (7004669238)",0,0,1,1
"Hall, Adam R. (26221788400)",1,3,0,0
"Hall, P. (55419390800)",0,0,1,1
"Hall, Peter J. (7403695563)",0,0,1,2
"Hallikainen, Martti T. (35579880600)",0,0,1,3
"Hallinan, Kevin P. (7003478295)",2,2,0,0
"Halm, Nils P. (7801567894)",1,1,0,0
"Halvorsen, Einar (7004119862)",1,1,0,0
"Hamachi-LaCommare, Kristina (57200524969)",0,0,1,3
"Hamagishi, Hiroaki (6508168199)",1,1,0,0
"Hamann, Hendrik F. (7101822439)",0,0,5,14
"Hamburg, Anti (57211227327)",0,0,1,4
"Hamdaoui, Bechir (8378123100)",2,2,1,1
"Hamdi, M. (58254766400)",0,0,1,2
"Hamdullahpur, Feridun (7004330849)",0,0,1,2
"Hamers, Juan (36748231300)",1,5,0,0
"Hametner, Christoph (36770964600)",1,2,0,0
"Hamilton, I.G. (35310292700)",0,0,2,9
"Hamilton, Ian (35310292700)",0,0,3,14
"Hamilton, Ian G. (35310292700)",0,0,1,10
"Hamilton, Marcus J. (8578778600)",0,0,1,1
"Hammad, Ahmed W.A. (56430620200)",1,1,0,0
"Hammad, Amin (7006162997)",0,0,1,2
"Hammad, Fawwaz (36903135200)",0,0,1,1
"Hammar, Linus (55014716400)",0,0,1,1
"Hammerschmitt, Bruno Knevitz (55318140400)",0,0,1,2
"Hammond, G.P. (7202011676)",0,0,1,7
"Hammond, Geoffrey P. (7202011676)",0,0,1,3
"Hammons, T.J. (35616911100)",1,1,1,3
"Hammoudi, M. (24072744100)",0,0,1,1
"Hamouda, Walaa (6603788371)",1,4,0,0
"Hamrud, Mats (16232920500)",0,0,1,1
"Hamududu, Byman (55053365100)",0,0,1,45
"Hamza, Karim (7004136040)",0,0,1,3
"Hamzacebi, Coskun (12244376900)",0,0,1,1
"Hamzaçebi, Coşkun (12244376900)",0,0,1,1
"Han, Aiming (60013998400)",1,1,0,0
"Han, Binglong (60392196500)",1,1,0,0
"Han, Chonghun (7403379621)",3,3,0,0
"Han, Dong (56515846300)",1,1,0,0
"Han, Donghyeon (57200015202)",3,4,0,0
"Han, Guangjie (7202923237)",2,3,0,0
"Han, Haichen (58339194400)",1,1,0,0
"Han, Haoran (58168876700)",1,2,0,0
"Han, Haotong (59642687700)",2,2,0,0
"Han, Hwataik (7401968970)",1,1,0,0
"Han, Hyowon (57200608046)",1,1,0,0
"Han, In-Su (7201559871)",2,2,0,0
"Han, Ingoo (7201559824)",0,0,1,1
"Han, J. (8917840900)",1,1,0,0
"Han, Jeongyun (57202099136)",1,1,0,0
"Han, Jie (55843656500)",0,0,1,1
"Han, Jing (59076410100)",1,1,0,0
"Han, Jingjing (59707305700)",1,1,0,0
"Han, Jinho (55776363800)",1,1,0,0
"Han, Jun (55214671400)",2,7,0,0
"Han, Kyungtae (57209887928)",1,2,0,0
"Han, Lin (59585599000)",0,0,1,1
"Han, Lincheng (57763111500)",1,1,0,0
"Han, Ling (55516465900)",1,1,0,0
"Han, Liye (57201308137)",0,0,1,1
"Han, Mengjie (55345227200)",0,0,1,1
"Han, Pengfei (57575995200)",1,1,0,0
"Han, Qi (57203070896)",1,3,0,0
"Han, Qilong (23389204600)",1,1,0,0
"Han, Rui (59118212400)",1,1,0,0
"Han, Ruicong (59425673200)",1,1,0,0
"Han, Ruonan (34972837000)",1,2,0,0
"Han, Shangbo (57452317800)",1,1,0,0
"Han, Shuang (36084363500)",2,3,0,0
"Han, Shunjie (37027885800)",1,1,0,0
"Han, Shuo (58653692300)",1,1,0,0
"Han, Shuxue (57210915085)",1,1,0,0
"Han, Siyu (57207693848)",0,0,1,1
"Han, Tae Hee (57202733861)",1,1,0,0
"Han, Tingting (57226879590)",0,0,1,1
"Han, Weigang (55673377600)",1,1,0,0
"Han, Xiao (57909279800)",1,1,0,0
"Han, Xiaojuan (55927052400)",2,2,0,0
"Han, Xiaoqing (23987601500)",1,2,0,0
"Han, Xing (56092635300)",0,0,1,3
"Han, Xinlu (57205006689)",1,1,0,0
"Han, Xueshan (7402401356)",1,1,0,0
"Han, Yang (55489195700)",1,3,0,0
"Han, Yen-Lin (7404096582)",1,6,0,0
"Han, Yide (58718417600)",0,0,1,1
"Han, Yinghua (7404095527)",1,1,0,0
"Han, Yiye (57201333608)",0,0,1,1
"Han, Yong (55798880100)",1,2,0,0
"Han, Yongming (55489232400)",1,1,0,0
"Han, Yuxian (59352638200)",1,1,0,0
"Han, Zemin (58487667000)",1,1,0,0
"Han, Zhen (57224312966)",1,1,0,0
"Han, Zhu (55767186700)",4,5,0,0
"Han, Zhuoting (58796178900)",1,1,0,0
"Han, Ziyue (58565002400)",1,1,0,0
"Han, Ziyue (58594300600)",1,1,0,0
"Hanamoto, Tsuyoshi (7003982396)",1,1,0,0
"Hanby, Victor I. (57191050581)",1,2,1,2
"Hancher, Leigh (24316625100)",0,0,1,5
"Hancke, Gerhard P. (7003547023)",0,0,1,1
"Hanes, Rebecca J. (56423492600)",1,2,0,0
"Hangyue, Zhang (60172936100)",1,1,0,0
"Hanifi, Hamed (56426507400)",2,4,0,0
"Hankamer, Ben (6602991059)",0,0,1,2
"Hankins, M. (7006181200)",0,0,1,8
"Hanmer, Clare (55211271500)",0,0,1,3
"Hann, Martyn (55851687200)",1,3,0,0
"Hanna, Amir (55943499700)",0,0,1,2
"Hanna, R. (56081071400)",1,6,1,2
"Hannan, M.A. (7103014445)",0,0,1,2
"Hannan, Mahammad A. (7103014445)",1,2,0,0
"Hannigan, Michael P. (7004176296)",0,0,1,11
"Hanover, D. (57194565876)",1,2,0,0
"Hansen, Clifford W. (35118833200)",0,0,1,1
"Hansen, K.S. (7401918567)",1,3,1,3
"Hansen, M.F. (7401874533)",1,1,0,0
"Hansen, Morten Tony (37261314100)",0,0,1,16
"Hanson, D.J. (57225342040)",1,10,1,1
"Hanzevack, E. (6603786350)",1,2,0,0
"Hao, Guangbo (23501543000)",1,1,0,0
"Hao, Han (26321558300)",0,0,2,7
"Hao, Hongwei (58305467200)",1,1,0,0
"Hao, Jie (36975705500)",1,1,0,0
"Hao, Jin (8927599500)",1,2,1,2
"Hao, Junhong (18835530000)",0,0,1,1
"Hao, Liangliang (36189729200)",1,1,0,0
"Hao, Liu (58653095800)",0,0,1,1
"Hao, Peng (35302061400)",1,3,0,0
"Hao, Qichen (57470258600)",1,1,0,0
"Hao, Ran (57194134709)",1,2,0,0
"Hao, Shuotao (57193327522)",1,2,0,0
"Hao, Tian (57195627706)",1,1,0,0
"Hao, Tianyong (22634327300)",1,1,0,0
"Hao, Wenbin (8560717400)",0,0,1,1
"Hao, Wenfeng (14324677100)",0,0,1,1
"Hao, Xiaochen (55759163600)",4,4,0,0
"Hao, Xu (57209209848)",0,0,1,6
"Hao, Yan (57201383347)",1,1,0,0
"Hao, Yong (7201593968)",1,1,0,0
"Hao, Yuchen (55418384600)",1,1,0,0
"Hao, Yue (34770327100)",1,1,0,0
"Hao, Yuzhe (55236714000)",1,1,0,0
"Hao, Zhixiang (60222019400)",1,1,0,0
"Hao, Zhuo (57222506885)",0,0,1,1
"Haoyong, Chen (8720685700)",1,1,0,0
"Hapke, Hannes Max (36088495800)",1,2,0,0
"Haq, Ijaz Ul (57203240064)",2,2,0,0
"Haque, Md E. (57208098897)",0,0,1,1
"Haque, Sirazul (57194942530)",1,1,0,0
"Harbi, Ibrahim (57200698529)",1,1,0,0
"Harby, Atle (6603321706)",0,0,1,15
"Hardcastle, Steve (59790968400)",0,0,1,3
"Harder, Elizabeth (36456938500)",0,0,1,2
"Hardt, Laura (56596564200)",0,0,1,3
"Hardy, Jeffrey (9741014000)",0,0,1,3
"Hargreaves, Anthony (53163888100)",0,0,1,1
"Haribal, Vasudev Pralhad (57192695254)",1,2,0,0
"Harijan, Khanji (16645565700)",0,0,1,3
"Hariri, Mohamad El (57190338983)",1,7,1,1
"Harker Steele, Amanda J. (57224076774)",0,0,1,1
"Harne, Mayur (56781512200)",1,1,0,0
"Haro, Rocco (57202058690)",0,0,1,1
"Haroun, Mohammed (35795141600)",1,2,0,0
"Harpe, Pieter (17433853400)",1,3,0,0
"Harrer, Manfred (57062562900)",0,0,1,2
"Harrington, Gemma (55502057600)",0,0,1,3
"Harrington, Lloyd (57196152786)",0,0,1,1
"Harrington, M.G. (57195575160)",1,1,0,0
"Harris, Andrew (57190131097)",0,0,1,4
"Harris, Barend (57197854110)",1,1,0,0
"Harris, Chioke B. (36914944600)",0,0,1,4
"Harris, John L. (56315084400)",0,0,1,4
"Harrison, G.P. (7402559184)",0,0,1,3
"Harrison, Gareth P. (7402559184)",0,0,1,3
"Harrison-Atlas, Dylan (57076988000)",0,0,1,1
"Harsito, Catur (57201699049)",0,0,1,1
"Hart, Elaine K. (36925326800)",0,0,1,4
"Hart, Melissa (15044213100)",0,0,1,2
"Hart, Robert (57197663357)",1,2,1,1
"Hartman, R.K. (16444254100)",0,0,1,4
"Hartmann, Andreas (35753126400)",0,0,1,4
"Hartmann, Bálint (52163702500)",1,4,0,0
"Hartnett, Michael (7005954309)",0,0,1,2
"Hartsough, Bruce R. (7004307872)",0,0,1,3
"Harty, Mary (56971023400)",0,0,1,1
"Harwood, J. (57404112500)",0,0,1,1
"Has, Adela (57142351700)",1,14,1,1
"Hasan, Anayet Md. (55765987800)",1,1,0,0
"Hasan, Fouad (57216313261)",1,1,0,0
"Hasan, Md. Bokhtiar (57205463252)",0,0,1,1
"Hasan, Mohammad Mehedi (57194554095)",0,0,1,5
"Hasanbeigi, Ali (57200082077)",0,0,1,10
"Hasanien, Hany M. (34978417100)",0,0,1,2
"Hasankhani, Arezoo (57191846096)",1,2,0,0
"Hasanov, Fakhri (55629514100)",0,0,1,1
"Hasanov, Fakhri J. (55629514100)",0,0,1,1
"Hasche, Bernhard (36337812600)",1,1,1,9
"Haseeb, Abdul (57224654676)",1,1,0,0
"Hasegawa, Hiroshi (55793187673)",1,2,0,0
"Hasegawa, Jun (34975057700)",1,2,0,0
"Hasegawa, Mikio (7403099468)",1,6,0,0
"Haseli, Pegah (35770734500)",1,1,1,1
"Hashaikeh, Raed (6504241159)",1,1,0,0
"Hashemi, Behzad (57208394673)",0,0,1,2
"Hashemi, Majid (57200416769)",0,0,1,6
"Hashemi, Sattar (14038956200)",1,1,0,0
"Hashemipour, Naser (57204004490)",0,0,1,1
"Hashimoto, Masanori (35373507100)",1,2,0,0
"Hashimoto, Takeshi (58349801700)",1,1,0,0
"Hasholzner, Ralph (6602756452)",1,1,0,0
"Hassan Ali, Mohamed I. (58311575500)",1,1,0,0
"Hassan, Ali (57200962329)",1,1,0,0
"Hassan, Basma M. (57189041849)",0,0,1,3
"Hassan, M. Wajahat (57204555443)",1,1,0,0
"Hassan, Mohammad Mehedi (57201949986)",1,2,0,0
"Hassan, Muhammed A. (57193804344)",0,0,1,1
"Hassan, Qusay (36969202300)",0,0,1,1
"Hassan, Shahzad (57195333723)",1,84,0,0
"Hassan, Syed Fahad (57213534072)",0,0,1,4
"Hassanein, Hossam S. (7006135510)",1,4,0,0
"Hassani, Samir (56450314700)",1,1,0,0
"Hastak, Makarand (7004524460)",0,0,1,13
"Hastings, Astley (14919415400)",0,0,2,7
"Hasuike, Hiroshi (56422118000)",1,3,1,1
"Haszeldine, R. Stuart (36947330900)",0,0,1,1
"Hathaway, Brandon J. (37112302500)",1,1,0,0
"Hatton, T. Alan (7102791640)",1,33,0,0
"Hatziargyriou, Nikos (35548793600)",1,1,0,0
"Hatziargyriou, Nikos D. (35548793600)",1,2,0,0
"Hauck, J. (39461457600)",1,2,0,0
"Hauck, Judith (36127520000)",1,3,1,37
"Hauglustaine, Didier (7003977187)",0,0,1,1
"Haupt, Sue Ellen (7006044529)",0,0,4,9
"Hauser, D. (26531107100)",1,5,0,0
"Hauser, Paul S. (57190414717)",0,0,1,2
"Haussener, Sophia (35109024200)",1,1,2,2
"Haverkort, B.R. (57207270925)",1,4,1,1
"Havlickova, K. (13005553100)",0,0,1,9
"Haw, Mary (35319929700)",0,0,1,9
"Hawes, Joseph E. (23134859100)",0,0,1,1
"Hawkes, Adam (13610020900)",0,0,1,3
"Hawkins, Adam J. (57193209798)",0,0,1,8
"Hawks, Steven A. (55185364000)",1,3,0,0
"Haxhimusa, Adhurim (57190857568)",0,0,1,1
"Hayashi, Yasuhiro (55505652300)",3,4,0,0
"Hayat, Hasan (54788955800)",1,1,0,0
"Hayati, A. (56367773600)",0,0,1,1
"Hayes, B.P. (36630136100)",1,1,0,0
"Hayes, Martin (7402680384)",0,0,1,1
"Hayes, Martin J. (35618492800)",1,1,0,0
"Hayles, C. (23984545900)",0,0,1,1
"Hazboun, Shawn Olson (58150176200)",0,0,1,3
"Hazyuk, Ion (36441187600)",3,3,0,0
"Hazzaa Alajmani, Samah (59563343000)",1,1,0,0
"He, Benteng (7402047973)",1,1,0,0
"He, Bin (55261781800)",1,1,0,0
"He, Bingjie (57678721300)",1,1,0,0
"He, Bingsheng (7402047189)",1,1,0,0
"He, Chenke (57208822628)",1,1,0,0
"He, Chunlin (26767759800)",1,2,0,0
"He, Congrong (7402284844)",0,0,1,1
"He, Dandan (57411747300)",1,1,0,0
"He, Dexin (36573082300)",0,0,1,5
"He, Fang (57125336600)",1,1,0,0
"He, Feifei (57205323565)",1,1,0,0
"He, Feng (55258630500)",2,3,0,0
"He, Feng He (57217246581)",1,2,0,0
"He, Hao (57226531068)",1,1,0,0
"He, Hongwen (7402291608)",2,2,1,1
"He, Hui (56193756800)",1,1,0,0
"He, Hui (56303064100)",1,1,0,0
"He, J. (7404984973)",1,1,0,0
"He, Jing (57195771013)",1,1,0,0
"He, Jun (59114738500)",1,1,0,0
"He, Junqiang (57215668311)",1,2,0,0
"He, Kaijian (7202010698)",0,0,2,2
"He, Ke (8726956700)",1,4,1,1
"He, Li (57192420381)",2,2,0,0
"He, Ligang (8390041900)",1,1,0,0
"He, Lijie (57197781066)",0,0,1,1
"He, Lin (57201558631)",1,1,0,0
"He, Manchao (7402609116)",1,1,0,0
"He, Miao (38761470600)",1,1,0,0
"He, Ning (56946263100)",1,1,0,0
"He, Qiang (57193014262)",1,1,0,0
"He, Qiyao (58178750800)",1,1,0,0
"He, Qiyun (57188976993)",1,1,0,0
"He, Ren-Mu (7202418302)",1,1,0,0
"He, Shangyang (57205677595)",1,1,0,0
"He, Sichen (57311985200)",1,1,0,0
"He, Tian (14019293900)",1,2,0,0
"He, Tongli (36668423700)",1,1,0,0
"He, Xian (55908898500)",0,0,1,5
"He, Xiangkun (57209349637)",1,1,0,0
"He, Xiaoli (56963005300)",2,3,0,0
"He, Xin (57198910366)",1,1,0,0
"He, Xingtang (57202781078)",1,2,0,0
"He, Xingze (36185246400)",1,2,0,0
"He, Xuan (57189045212)",1,7,0,0
"He, Yafeng (55485598700)",1,1,0,0
"He, Yangying (57217080461)",1,1,0,0
"He, Yanming (55498916700)",1,1,0,0
"He, Yanyi (54385058400)",1,1,0,0
"He, Yaoyao (55498892400)",6,7,0,0
"He, Yifan (57191504819)",1,4,0,0
"He, Yigang (57203843572)",1,1,0,0
"He, Yiming (55498980800)",1,1,1,1
"He, Yong (36079131500)",0,0,1,1
"He, Yong (56278434200)",1,1,0,0
"He, Yongda (57194243601)",0,0,1,2
"He, Yongsheng (57921167600)",1,1,0,0
"He, Yu (55498934100)",2,3,0,0
"He, Yufeng (57540032400)",0,0,1,2
"He, Yuling (55498882300)",1,1,0,0
"He, Yunfeng (57226413779)",1,1,0,0
"He, Yusen (57195951803)",3,5,0,0
"He, Zejia (57218353439)",1,1,0,0
"He, Zhaolei (58445309500)",1,1,0,0
"He, Zhen (55868901500)",2,2,0,0
"He, Zhongzheng (57201394644)",1,1,0,0
"He, Zhu-Bing (56997865700)",1,1,0,0
"He, Zichao (57742835100)",1,1,0,0
"He, Zishang (57207989431)",1,2,0,0
"Healy, John D. (57215344943)",0,0,1,5
"Heaney, M. (57196532099)",0,0,1,1
"Heaney, Mike (57196532099)",0,0,1,3
"Hebig, Travis (55364676000)",1,1,0,0
"Hedegaard, K. (25633750300)",0,0,1,2
"Hedges, T.S. (7005163110)",0,0,1,1
"Hedman, Kory W. (24536873200)",0,0,2,4
"Heemels, W.P. Maurice H. (7004095044)",1,9,0,0
"Heer, Philipp (57210823101)",0,0,2,3
"Heereman, F. (41761536100)",0,0,1,1
"Hefny, Mahmoud (56037605200)",1,1,0,0
"Hegazy, Yasser (6701716889)",0,0,1,3
"Hegde, Bharatkumar (56747554900)",0,0,1,1
"Hegglid, Gunne J. (57201973952)",0,0,1,1
"Hegner, Hans-Dieter (6701888450)",0,0,1,2
"Hehenberger, Peter (12545375000)",0,0,1,1
"Heidarinejad, Ghassem (23091139800)",0,0,1,1
"Heidarinejad, Mohammad (36111066800)",1,9,0,0
"Heidenstrøm, Nina (57188657605)",0,0,1,4
"Heidinger, Mathias (58119809600)",0,0,1,1
"Heijman, S.G.J. (6603296273)",1,5,0,0
"Heiman, M.K. (7006082739)",0,0,1,3
"Heimfarth, Tales (15064492400)",1,1,0,0
"Heinemann, Detlev (7003463582)",0,0,2,5
"Heinemann, Marc D. (55357495500)",1,2,0,0
"Heinimö, Jussi (16401692600)",0,0,1,3
"Heinonen, Janne (57378058400)",0,0,1,1
"Heinrich, Martin (55924052100)",1,1,0,0
"Heinrich, Maximilian T.E. (56701952200)",1,1,0,0
"Heinrich, René (57362552300)",1,1,0,0
"Heinrich, Stephan (58319200300)",1,3,0,0
"Heinz, Volker (6701682390)",1,1,0,0
"Heiselberg, P. (6602100825)",1,1,0,0
"Heiselberg, Per (6602100825)",0,0,2,2
"Heiss, Leonhard (43761136800)",1,15,0,0
"Hejazi, Mohamad (16743431900)",0,0,1,27
"Helenbrook, B.T. (6602791670)",0,0,1,1
"Heleno, Miguel (53463606400)",0,0,2,2
"Helfer, Fernanda (21742373100)",0,0,1,1
"Hellgardt, Klaus (55916575700)",1,2,0,0
"Hellmann, Jessica J. (7004509106)",0,0,1,1
"Hellmers, Anna (56685690800)",0,0,1,1
"Hellsmark, Hans (6504777753)",0,0,1,4
"Helman, Jacob Michael (57194555162)",0,0,1,1
"Helmericks, C. (56020855600)",0,0,1,1
"Helsen, Lieve (6603952060)",2,2,1,5
"Helseth, Arild (24437969200)",0,0,1,1
"Hemalatha, R. (6603208729)",0,0,1,3
"Hemamalini, S. (58021593900)",1,1,0,0
"Hemavathi, N. (60604151400)",1,1,0,0
"Hemmati, Abbas (57204032043)",1,1,0,0
"Hemmati, S. (57212346060)",1,2,0,0
"Henao, C. (55568899900)",0,0,1,1
"Henaut, I. (6603211279)",1,2,0,0
"Hencey, Brandon M. (12804289700)",1,5,1,1
"Henderson, Andrew (59784873300)",0,0,1,3
"Hendry, Chris (57207522816)",0,0,1,9
"Henfridsson, Urban (16028715300)",0,0,1,2
"Heniche, Mourad (57209053772)",2,6,0,0
"Henning, H.-M. (7102119848)",0,0,1,1
"Henrik Johansson, Karl (25627785300)",0,0,1,1
"Henrion, Max (7003573919)",0,0,1,5
"Henry Chen, Y.-H. (36871465900)",0,0,1,1
"Hens, Hugo (55400274200)",0,0,1,3
"Hensel, Stefan (25654786800)",1,1,0,0
"Hensen, J.L.M. (7006934537)",1,1,3,14
"Hensen, Jan L. M. (7006934537)",0,0,1,2
"Hensen, Jan L.M. (7006934537)",0,0,1,1
"Henze, Gregor P. (7102253211)",4,73,3,3
"Heo, Deukhyoun (7006444845)",1,3,0,0
"Heo, Hoon (59048053500)",1,2,0,0
"Heo, Jun (7102831891)",1,4,0,0
"Heo, Man-Woong (38961549500)",0,0,1,2
"Heo, SungKu (57201362576)",2,2,1,1
"Heo, Yeonsook (36453801700)",0,0,2,3
"Hepbasli, Arif (55131010100)",0,0,1,3
"Hepburn, Cameron (9741754000)",0,0,1,3
"Heptonstall, Phil (23090718100)",0,0,1,8
"Heracleous, C. (57211120713)",0,0,1,1
"Herath, Akila (57207243897)",1,2,0,0
"Herbert, Alan (16483738700)",0,0,1,2
"Herberz, Mario (57209320705)",0,0,1,4
"Herbst, Andrea (57201648737)",0,0,1,27
"Herdem, Münür Sacit (55983128200)",0,0,1,1
"Hering, A.S. (23767788800)",0,0,1,1
"Herman, Henryk (7102773107)",1,1,0,0
"Hermann, Hauke (56165264000)",0,0,1,24
"Hermes, Christian J.L. (23485408400)",2,2,0,0
"Hernandez, Andres (55641237400)",1,1,0,0
"Hernandez, Carolina Herradón (57219097912)",0,0,1,2
"Hernandez, Hector Gerardo Muñoz (57221564551)",1,3,0,0
"Hernandez, J. (55457487300)",1,5,0,0
"Hernandez, J.F. (23984809800)",1,15,0,0
"Hernandez, Jaime A. (55924033100)",0,0,1,3
"Hernandez, Luis (57203112514)",2,6,1,1
"Hernandez, Sarah (55822364000)",0,0,1,1
"Hernandez-Escobedo, Quetzalcoatl (56013680300)",0,0,1,2
"Hernández, J. (55457510000)",1,1,0,0
"Hernández, J.L. (60259611800)",0,0,1,2
"Hernández, Luis (57203112514)",1,3,1,1
"Hernández, Roberto (7201510410)",1,1,0,0
"Hernández, S. (6602654414)",1,1,0,0
"Hernández, Salvador (6602654414)",1,1,0,0
"Hernández-Del-Olmo, Félix (8945335900)",1,4,0,0
"Hernández-Escoto, H. (56000834400)",1,1,0,0
"Hernández-Escoto, Héctor (56000834400)",1,1,0,0
"Hernández-Rossette, Alejandro (14045050200)",1,1,0,0
"Hero III, Alfred O. (7006898506)",1,4,0,0
"Herodotou, Herodotos (35174514200)",1,1,0,0
"Herrera, Christopher K. (57221150098)",0,0,1,1
"Herrera, Omar E. (26423716700)",1,1,0,0
"Herrera-Joancomartí, Jordi (6507717344)",1,1,0,0
"Herrmann, A. (7202170834)",1,1,0,0
"Herrmann, Christoph (35764295500)",0,0,2,2
"Hersent, Romain (59157960900)",0,0,1,1
"Hertzberger, Louis O. (56251038700)",1,3,0,0
"Hervás, José Domingo Álvarez (16303147700)",1,2,0,0
"Hervé, T. (59883078700)",1,15,0,0
"Herzog, Howard (7201517717)",1,33,0,0
"Herzog, Howard J. (7201517717)",1,1,0,0
"Hesamzadeh, Hossein (57249518500)",0,0,1,2
"Hesamzadeh, Mohammad Reza (55895322100)",0,0,2,4
"Hess, Ann-Kathrin (57203139680)",0,0,1,1
"Hesselbach, Jens (42761358600)",0,0,1,2
"Heun, Matthew Kuperus (23094266800)",0,0,1,17
"Hew, W.P. (24076887100)",1,11,0,0
"Heydari, A. (57188741427)",0,0,1,1
"Heydari, Payam (6701800465)",1,1,0,0
"Heydari, Somayeh (55493414200)",0,0,1,2
"Heymann, Fabian (57202646464)",0,0,1,1
"Heywood, John B. (7102743714)",1,1,0,0
"Hibbs-Brenner, Mary (7004437975)",1,5,0,0
"Hidalgo, Julia (25824318400)",0,0,1,8
"Hidouci, Walid-Khaled (44461389800)",1,7,0,0
"Hidrovo, Carlos H. (9846653600)",1,3,0,0
"Hiegl, Wolfgang (36679151500)",0,0,1,16
"Hien, V.D. (14630307100)",0,0,1,2
"Hieu, Nguyen Trung (55936841100)",2,3,0,0
"Higashino, Wilson A. (56401173800)",1,4,0,0
"Higgins, Andrew (7102775604)",0,0,1,2
"Higgins, Gary (57199259220)",1,4,1,1
"Higgins, Jonathan V. (7402119856)",0,0,1,3
"Higgins, Paraic (55818936700)",0,0,1,3
"Higueras, Pablo (6602873381)",0,0,1,2
"Hilal, Nidal (7006606410)",1,8,0,0
"Hiles, Clayton E. (55425871600)",0,0,1,2
"Hill, David F. (57211466775)",0,0,1,1
"Hill, David J. (35398599500)",1,1,1,2
"Hill, Graeme A. (23097478900)",1,1,1,4
"Hill, S.I. (12140868300)",0,0,1,6
"Hillman, Michael (57522012200)",0,0,1,5
"Hills, Jeremy M. (7102938460)",0,0,1,1
"Hilsheimer, Philipp (57812607300)",0,0,1,1
"Hilton, George (57193361274)",1,1,1,2
"Himeur, Yassine (55636199800)",0,0,1,5
"Hinnemo, Malkolm (55609382200)",0,0,1,2
"Hinojosa, A. (6603201590)",0,0,1,4
"Hinton, Emma (55933866900)",0,0,1,3
"Hipel, Keith W. (7004703484)",1,1,0,0
"Hippert, Henrique S. (6507579834)",1,1,0,0
"Hirano, Yujiro (54684061500)",0,0,1,1
"Hirohashi, Wataru (56440260300)",1,1,0,0
"Hiromori, Yuto (57193231131)",1,1,0,0
"Hirsch, D. (7103254873)",0,0,1,8
"Hirvijoki, E. (49061084400)",0,0,1,1
"Hirzel, Simon (54890714800)",0,0,1,2
"Hischier, Illias (24074385600)",0,0,1,1
"Hitt, Joseph K. (15072876300)",1,13,0,0
"Hittinger, Eric (6506266943)",0,0,1,5
"Hizam, H. (8559012500)",0,0,1,1
"Hleili, Manel (57024213200)",1,2,0,0
"Hlophe, Mduduzi Comfort (57193583077)",1,2,0,0
"Ho, C.D. (7404652684)",0,0,1,1
"Ho, Chi-Hung (57200645242)",0,0,1,2
"Ho, Johnny Ka Wai (57196277426)",1,1,0,0
"Ho, Michelle (35203298900)",1,4,1,1
"Ho, Wen-Jen (23024763200)",1,1,0,0
"Hoadley, Andrew (24783118000)",0,0,1,2
"Hoang, Hong-Minh (54953445800)",0,0,2,4
"Hoare, Cathal (13005092500)",1,3,1,3
"Hobart, Clinton (15623142300)",1,1,0,0
"Hobbs, Benjamin F. (57203214200)",1,1,6,19
"Hobbs, Martin (57191698594)",1,1,0,0
"Hobbs, William B. (56702336800)",0,0,1,1
"Hochman, Gal (24472823500)",0,0,1,1
"Hock, B.K. (7007150743)",0,0,1,1
"Hodge, Bri-Mathias (35757689400)",1,3,22,60
"Hodgkinson, Ian R. (55103019800)",0,0,1,1
"Hodgson, E. (33367980100)",0,0,1,1
"Hodgson, Murray (25627665400)",0,0,1,2
"Hoehler, Tori M. (6603586669)",0,0,1,1
"Hoek, Eric M.V. (7003731781)",0,0,1,2
"Hoeltgebaum, Henrique (57194179276)",0,0,1,2
"Hoes, Pieter-Jan (25647844200)",0,0,1,2
"Hoesly, Rachel M (55189762400)",0,0,1,18
"Hofacker, Ivo L. (7004324809)",1,2,1,1
"Hofbauer, Hermann (56214451400)",1,4,1,2
"Hoffmann, Charles P. (55371085700)",1,2,0,0
"Hoffmann, Javier (57193932845)",1,3,0,0
"Hoffmann, Stephan (55335128200)",1,1,0,0
"Hofman, Karen J. (36796181800)",0,0,1,25
"Hofmueller, Eckehard (57203497784)",1,3,0,0
"Hofstadter, Raphael N. (50761105400)",0,0,1,1
"Hogan, Mark J. (57203234539)",1,1,1,1
"Hogg, Simon (7004773658)",0,0,1,3
"Hoggett, Murray (57189617165)",0,0,1,3
"Hoguet, J.C. (26648362300)",0,0,1,1
"Hokao, Kazunori (6505817045)",0,0,1,1
"Holcomb, Frank (6602311370)",0,0,1,1
"Holcombe, Don (7003518434)",0,0,1,1
"Holden, Jacob (57195431594)",0,0,1,3
"Holderbaum, William (6506479001)",1,1,0,0
"Hole, J. (57803861600)",0,0,1,1
"Holen, Arne T. (7003599566)",1,3,1,2
"Holford, K.M. (7004366433)",1,4,0,0
"Holgate, Matthew (24343669800)",1,13,0,0
"Holland, Robert A. (56613650100)",0,0,1,7
"Holland, Stephen P. (7201492538)",0,0,1,17
"Hollanda, Lavinia (57505446700)",0,0,1,3
"Hollberg, Alexander (57140631100)",0,0,1,1
"Holler, Philip (58021133500)",0,0,1,3
"Hollmén, Jaakko (6602726263)",1,1,1,2
"Holloway, Brian (57285098700)",1,4,0,0
"Holloway, Jennifer (57220702366)",0,0,1,2
"Holloway, T. (7003875618)",0,0,1,5
"Holländer, Hartmut M. (11739698900)",0,0,1,1
"Holman, Zachary C. (20733835100)",1,3,0,0
"Holmberg, Kenneth (7103127608)",1,7,3,23
"Holmberg, Sture (7102476549)",0,0,1,1
"Holmes, Grahame (55710104900)",0,0,1,2
"Holmgren, Johan (7101946008)",1,1,0,0
"Holst, Johnny (15845380000)",1,4,0,0
"Holt, J. (7402070230)",0,0,1,1
"Holton, Tim (57202212389)",1,1,1,2
"Holttinen, Hannele (6508286823)",1,1,4,90
"Holzemer-Zerhusen, Philipp (57205419866)",0,0,1,1
"Holzer, Adrian (15769737500)",1,1,0,0
"Hong, Bo (7202125896)",1,1,0,0
"Hong, Choong Seon (56623778200)",1,1,0,0
"Hong, Feng (57189326934)",1,1,0,0
"Hong, Haizheng (56135062100)",0,0,1,3
"Hong, Hanyu (7401521396)",1,1,0,0
"Hong, Hiki (7401521616)",1,1,0,0
"Hong, Huixin (58942481800)",1,1,0,0
"Hong, Insung (35339051700)",2,4,1,1
"Hong, Jichao (55976149100)",1,7,0,0
"Hong, Jing-Shan (7404117833)",1,1,0,0
"Hong, Jinkyu (56221159300)",1,1,1,1
"Hong, Mengna (57189374368)",1,2,1,1
"Hong, Renhao (57222749451)",1,1,0,0
"Hong, Seok-Hoon (57219532945)",2,2,0,0
"Hong, Seokjoon (23979764700)",1,4,0,0
"Hong, Seung Ho (55631939800)",1,1,0,0
"Hong, Seunghyun (57201556103)",1,4,1,2
"Hong, Seungkwan (10144928600)",1,1,0,0
"Hong, Soonpa (57562576300)",0,0,1,2
"Hong, Sungjun (58599105400)",0,0,1,2
"Hong, Tao (35242215800)",2,2,1,5
"Hong, Tianzhen (7202830430)",5,36,2,12
"Hong, Wei-Chiang (57314715300)",3,10,1,2
"Hong, Weirong (8597065700)",1,1,0,0
"Hong, Ye (57216124076)",1,2,0,0
"Hong, Ying-Yi (7403392780)",1,1,0,0
"Hongxing, Yang (7406565175)",1,1,0,0
"Honkapuro, Samuli (6506158722)",1,1,0,0
"Honnery, Damon (6602708337)",0,0,2,4
"Honorato, Icaro H. (57219946662)",0,0,1,1
"Hopfe, Christina J. (27067711300)",0,0,2,2
"Hopkins, Asa (55233386000)",0,0,1,2
"Hopkinson, Brian M. (18433992600)",0,0,1,3
"Hoppe, Charlotte (15725016800)",0,0,1,3
"Hoppe, Harald (7103057354)",1,3,0,0
"Hoppe, Thomas (36940401500)",0,0,1,4
"Hor, Ching-Lai (6603778200)",1,1,1,2
"Horesh, Raya (24721040600)",1,2,1,2
"Horii, B. (6505918769)",0,0,1,4
"Horlemann, Jonas (58962589700)",0,0,1,1
"Hormaza Mejia, Alejandra (57195641140)",0,0,1,1
"Horng, Shi-Jinn (35585485600)",1,11,0,0
"Horowitz, Shira (56146856200)",1,1,0,0
"Horrigan, M. (57189341695)",0,0,1,4
"Horta Nogueira, Luiz (57131351600)",0,0,1,4
"Horta, Isabel M. (16042767200)",1,1,0,0
"Horton, Robert D. (57927304100)",1,2,0,0
"Horvath, Arpad (7202214379)",0,0,1,3
"Horwill, C. (6602810468)",1,10,1,1
"Hosalikar, Krishnanand (55308128900)",0,0,1,1
"Hosamo, Haidar (57222252101)",1,3,0,0
"Hosamo, Haidar Hosamo (57222252101)",1,1,0,0
"Hosamo, Mohsen Hosamo (24166702500)",1,3,0,0
"Hosani, Khalifa Hassan Al (35301818900)",1,1,0,0
"Hoshing, Vaidehi (57191706795)",0,0,1,2
"Hospido, Almudena (7801320943)",1,1,1,27
"Hossain, Eklas (26422996300)",1,2,1,1
"Hossain, Fahmid (57788577100)",1,1,0,0
"Hossain, Jami (57192274301)",0,0,1,2
"Hossain, Mohammad Kamal (56073509500)",1,5,0,0
"Hossain, Mohammad M. (7402472778)",1,2,0,0
"Hosseini Aliabadi, Mahmood (57223826760)",1,3,0,0
"Hosseini, Mirata (56123618000)",0,0,1,5
"Hosseini, Payam (36767565400)",1,1,0,0
"Hosseinian, S.H. (9333494900)",0,0,1,1
"Hosseinzadeh, Mehdi (57201880569)",1,3,0,0
"Hosseinzadeh-Bandbafha, Homa (57188562019)",1,2,0,0
"Hota, Ashish R. (36442146300)",1,1,0,0
"Hou, Baolin (57217309545)",1,1,0,0
"Hou, Beiping (7102142739)",1,1,0,0
"Hou, Chen (24369289400)",1,1,0,0
"Hou, Fangli (57898724000)",1,3,0,0
"Hou, Guolian (24923021700)",1,1,0,0
"Hou, Hui (14630489000)",1,1,0,0
"Hou, Lei (55729882700)",1,1,0,0
"Hou, Linfei (59581149800)",1,1,0,0
"Hou, Luyang (56202769200)",2,2,0,0
"Hou, Mengshu (7201437359)",1,1,0,0
"Hou, Miaomiao (57208084063)",1,1,0,0
"Hou, Nie (57021151400)",1,1,0,0
"Hou, Pengwei (57235655800)",1,1,0,0
"Hou, Qiang (59253254600)",1,1,0,0
"Hou, Shengya (57197707221)",1,2,0,0
"Hou, Sizu (7201471361)",1,1,0,0
"Hou, Xiaoning (57208213247)",0,0,1,1
"Hou, Xinyuan (57340558400)",0,0,1,2
"Hou, Y. Thomas (7402198673)",1,1,0,0
"Hou, Yanqing (36706076600)",1,1,0,0
"Hou, Yisu (58421706100)",1,1,0,0
"Hou, Yucui (15739985300)",1,1,0,0
"Hou, Yunhe (7402198555)",1,5,0,0
"Hou, Yupeng (57873721200)",1,1,0,0
"Houchati, Mahdi (57189373836)",1,1,0,0
"Houdek, Přemysl (57194684012)",1,6,1,1
"Houghton, Adele (36709817500)",0,0,1,5
"Hourfar, Farzad (15131563600)",1,1,0,0
"House, John (7202393430)",1,1,0,0
"Houser, K. (6701361851)",0,0,1,1
"Housh, Mashor (43261326600)",0,0,1,2
"Houska, M. (56940351400)",1,1,1,6
"Housley, Paul (9842992000)",0,0,1,3
"Houwing, Michiel (16480684100)",0,0,1,2
"Hovgaard, Tobias Gybel (36602568200)",3,11,1,1
"Hovsapian, Rob (25643304500)",1,1,0,0
"Howden-Chapman, Philippa (7003417304)",0,0,1,19
"Howe, D. (57191358585)",1,1,0,0
"Howells, Mark (7005371602)",0,0,1,1
"Howey, D.A. (34267561800)",0,0,1,2
"Howie, Peter (14013982200)",0,0,1,6
"Howland, Michael F. (56400579400)",1,15,1,1
"Howlett, O. (60823059700)",0,0,1,1
"Howley, Enda (8864006300)",0,0,2,2
"Hoxley, Mike (8143380000)",0,0,1,1
"Hoyos-Barceló, Carlos (57192918184)",1,1,0,0
"Hsiao, Chih-Chieh (16238931200)",1,1,0,0
"Hsiao, Min-Chuan (57208882607)",0,0,1,4
"Hsiao, Sung-Jung (7201885512)",1,3,0,0
"Hsieh, Chih-Cheng (7401723993)",1,1,0,0
"Hsieh, Chiu-Cheng (54894049900)",1,1,0,0
"Hsieh, I-Yun Lisa (58066150100)",0,0,1,1
"Hsieh, Wei-Lin (24802159800)",1,1,0,0
"Hsiu, Pi-Cheng (15925576600)",1,1,0,0
"Hsu, D. Frank (7202341455)",1,5,0,0
"Hsu, David (55872730700)",1,2,1,1
"Hsu, Feng-Chi (36604501400)",0,0,1,1
"Hsu, Jenneille Hwai-Yuan (59585837200)",0,0,1,7
"Hsu, Pau-Lo (7202048804)",1,1,0,0
"Hsu, Shao-Hui (55597788100)",0,0,1,1
"Hsu, Steven K. (7403184083)",1,12,0,0
"Hsu, Victor S. (7006644157)",1,1,0,0
"Hsu, Wei-Chun (55447216600)",1,2,0,0
"Hsu, Yung-Chien (7401583185)",1,1,0,0
"Hu, Bangjie (57876872200)",1,1,0,0
"Hu, Baobao (57218625885)",1,1,0,0
"Hu, Bing (58114354300)",1,1,0,0
"Hu, Chaofang (8576314400)",1,1,0,0
"Hu, Chenxing (57194288020)",1,1,0,0
"Hu, Congcong (57193013931)",0,0,1,1
"Hu, Donghai (56184364600)",1,1,0,0
"Hu, Eric (7102216806)",3,74,0,0
"Hu, Feiyang (58626927000)",1,1,0,0
"Hu, Feng (58070354000)",1,1,0,0
"Hu, G. (35208238400)",1,5,0,0
"Hu, Guiyin (57192091627)",1,1,0,0
"Hu, Guoliang (11640897600)",1,1,0,0
"Hu, Hang (57223360048)",1,1,0,0
"Hu, Hong (15755992400)",1,1,0,0
"Hu, Hongji (57221919891)",2,2,0,0
"Hu, Hu (57203002817)",1,1,0,0
"Hu, Jia-Wei (57195301503)",0,0,2,3
"Hu, Jian-Lang (57222030528)",1,1,0,0
"Hu, Jiang (57225128023)",1,1,0,0
"Hu, Jiangen (57192107030)",1,1,0,0
"Hu, Jianhao (23008755200)",1,1,0,0
"Hu, Jianming (55761858100)",1,1,0,0
"Hu, Jianxiong (57191846396)",1,1,0,0
"Hu, Jie (57191205162)",1,1,0,0
"Hu, Jiefeng (55499382200)",2,3,2,3
"Hu, Jiexiang (57192691167)",1,1,0,0
"Hu, Junjie (55227675600)",1,1,0,0
"Hu, Keyong (57198404298)",1,1,0,0
"Hu, Kun (58346341000)",1,1,0,0
"Hu, Liang (34770075600)",1,1,0,0
"Hu, Linyu (57191920633)",1,1,0,0
"Hu, Maomao (57194381793)",1,1,2,4
"Hu, Ming-Che (34769858900)",1,1,1,6
"Hu, Minghui (34770380400)",1,1,0,0
"Hu, Ningning (59351683500)",1,1,0,0
"Hu, Pingfang (35204928200)",1,1,0,0
"Hu, Po (56292059400)",1,1,0,0
"Hu, Qinghua (7403214664)",1,2,0,0
"Hu, Rui (57191574049)",0,0,1,1
"Hu, Ruican (60047246100)",1,1,0,0
"Hu, Shiting (57897521400)",1,2,0,0
"Hu, Shubo (56386442900)",1,2,0,0
"Hu, T. (57199359173)",1,2,1,5
"Hu, Tao (58123542700)",1,1,0,0
"Hu, Te (57222009008)",1,1,0,0
"Hu, Tianyu (57205320744)",1,1,0,0
"Hu, Tianyu (57218114661)",1,1,0,0
"Hu, Tianyu (57218596500)",1,1,0,0
"Hu, Ting (58374903700)",1,1,0,0
"Hu, Wei (56452001200)",0,0,1,1
"Hu, Wei (57216618674)",1,2,0,0
"Hu, Weihao (24921323300)",1,1,1,1
"Hu, Wen (58031183700)",1,1,0,0
"Hu, Wenjie (56022213000)",1,3,0,0
"Hu, Wenting (56441901000)",1,1,0,0
"Hu, Xiao (57212062021)",1,1,0,0
"Hu, Xiao (57222037334)",0,0,1,3
"Hu, Xiaorui (57208882464)",0,0,1,1
"Hu, Xiaosong (55496167800)",4,4,1,3
"Hu, Xingqiao (56030777700)",0,0,1,1
"Hu, Xiping (57205479026)",1,2,0,0
"Hu, Xuzhi (57216975612)",1,1,0,0
"Hu, Y. Charlie (8918549500)",1,1,0,0
"Hu, Ya-Lan (57203094182)",0,0,1,1
"Hu, Yanzhuo (59708474000)",1,1,0,0
"Hu, Yongle (57904534600)",1,1,0,0
"Hu, Yunfeng (25623144900)",1,1,0,0
"Hu, Yuqing (57202533465)",1,1,0,0
"Hu, Yusha (57199457893)",1,2,1,1
"Hu, Zechun (7404210251)",0,0,1,1
"Hu, Zhanshuo (58479243600)",1,1,0,0
"Hu, Zhigang (57203298202)",1,2,0,0
"Hu, Zhijian (57204954115)",1,1,0,0
"Hu, Zhongyi (55838947300)",1,1,0,0
"Hua, Chao (25931582800)",1,1,0,0
"Hua, Qiaozhi (57201726103)",1,2,0,0
"Hua, Wei (57548916900)",1,5,0,0
"Hua, Xia (54395562700)",1,1,0,0
"Hua, Xuedong (36554153700)",1,1,0,0
"Hua, Yu (58076285500)",1,1,0,0
"Huan, Zhongjie (36610096200)",0,0,1,1
"Huang, Alex Q. (56999168900)",1,13,1,2
"Huang, Bei (57216387658)",0,0,1,16
"Huang, Bohao (57201064193)",0,0,1,1
"Huang, Bonan (41261545400)",1,1,0,0
"Huang, Chao-Ming (15757394900)",1,2,0,0
"Huang, Chaopeng (57437764900)",1,1,0,0
"Huang, Cheng (59334786400)",1,1,0,0
"Huang, Cheng-Liang (57216491359)",1,1,0,0
"Huang, Chengkun (7406879233)",1,1,1,1
"Huang, Chenrong (53877428900)",1,1,0,0
"Huang, Chenyu (57223051918)",0,0,1,1
"Huang, Chenyue (58027142900)",1,1,0,0
"Huang, Chiou-Jye (57201619481)",2,80,3,5
"Huang, Chunli (57672715000)",1,1,0,0
"Huang, Chunying (59644731200)",1,1,0,0
"Huang, Dawei (56408747900)",2,2,0,0
"Huang, Dou (57202283656)",1,1,0,0
"Huang, Fang (56453746000)",1,7,0,0
"Huang, Fengcheng (57220004519)",0,0,1,4
"Huang, Gaolu (57208622398)",2,2,0,0
"Huang, Gongsheng (57195280944)",2,2,0,0
"Huang, Guan-Ying (35190498200)",1,4,0,0
"Huang, Guohe (55489745300)",0,0,1,2
"Huang, Guohe (57226532645)",1,1,0,0
"Huang, Guoheng (56007342500)",1,1,0,0
"Huang, Haihong (59157655600)",1,2,0,0
"Huang, Hao (55827815000)",2,73,0,0
"Huang, Haoqian (57215153157)",1,1,0,0
"Huang, Heming (56969805300)",1,2,0,0
"Huang, Heng (57221180537)",1,1,1,1
"Huang, Hong-Yi (60404676300)",1,2,0,0
"Huang, Hongquan (14831411300)",1,1,0,0
"Huang, Huajuan (25927887700)",1,1,0,0
"Huang, Huakun (56829796000)",1,1,0,0
"Huang, Hualong (57197845909)",1,1,0,0
"Huang, Hui (56428604500)",1,1,0,0
"Huang, Jake D. (57215561750)",0,0,1,2
"Huang, Jian (57209398666)",0,0,1,2
"Huang, Jianfeng (57437882800)",1,1,0,0
"Huang, Jianwei (35745959700)",1,1,0,0
"Huang, Jing (55645493500)",1,1,0,0
"Huang, Jing (57199287101)",1,4,0,0
"Huang, Jinhao (58086971700)",1,1,0,0
"Huang, Jinting (59179027300)",1,1,0,0
"Huang, Juwen (55887760600)",0,0,1,1
"Huang, Kangdi (57203535808)",1,1,0,0
"Huang, Kefan (57216132215)",1,1,0,0
"Huang, Keke (56535705400)",1,1,0,0
"Huang, Kuei-Ru (57224563980)",1,1,0,0
"Huang, Lan (57200226034)",1,2,0,0
"Huang, Lei (56440457800)",2,2,0,0
"Huang, Lepeng (57226040128)",1,5,0,0
"Huang, Lianzhong (14828916000)",1,1,1,2
"Huang, Liting (58691419400)",1,1,0,0
"Huang, Min (57194650691)",1,1,0,0
"Huang, Min (57198802510)",0,0,1,1
"Huang, Min (8652589000)",1,1,0,0
"Huang, Ming (57215883433)",0,0,1,1
"Huang, Ming-Shyan (55811566300)",1,4,0,0
"Huang, Ming-Yuan (21742465100)",0,0,1,3
"Huang, Minyu (59008963400)",1,1,0,0
"Huang, Nan (57188814316)",0,0,1,2
"Huang, Nan (58533605100)",0,0,1,3
"Huang, Nan-Sheng (57210189324)",0,0,1,2
"Huang, Nantian (35094020400)",1,5,1,1
"Huang, Polly (8859360800)",1,1,0,0
"Huang, Qi (57203888710)",0,0,2,18
"Huang, Qiang (55498128600)",2,2,0,0
"Huang, Qili (7403635003)",0,0,1,4
"Huang, Qiong (55258137000)",1,1,0,0
"Huang, Qiuhua (56888162500)",0,0,1,1
"Huang, Robin (56034232800)",1,1,0,0
"Huang, Ruili (58731755600)",1,1,0,0
"Huang, Sen (59358389900)",1,1,0,0
"Huang, Shan (56520564800)",1,6,0,0
"Huang, Sheng (55790014300)",3,3,0,0
"Huang, Shidong (58753702800)",1,1,0,0
"Huang, Shuting (57190189757)",1,1,0,0
"Huang, Silong (57467893100)",1,1,0,0
"Huang, Tai-Hsiang (7404962134)",1,13,0,0
"Huang, Tai-Yi (7404962742)",1,2,0,0
"Huang, Tianyuan (57224537527)",0,0,1,3
"Huang, Ting (40561231900)",1,1,0,0
"Huang, Tingwen (8868586900)",0,0,1,1
"Huang, Wentao (57192804979)",1,2,0,0
"Huang, Wenxin (36067765400)",1,3,0,0
"Huang, Xiaoge (56517129800)",1,2,0,0
"Huang, Xiaohan (59543826800)",1,1,0,0
"Huang, Xiaopeng (22934466100)",1,9,0,0
"Huang, Xiaoqiao (18436902100)",4,6,0,0
"Huang, Xiaoqing (55910928400)",1,1,0,0
"Huang, Xin (59614530700)",1,2,0,0
"Huang, Xu (57198045448)",1,1,0,0
"Huang, Xuanrui (56126538100)",1,1,0,0
"Huang, Xueliang (55899437700)",1,2,0,0
"Huang, Xujian (57201317306)",0,0,1,1
"Huang, Yamin (55923431200)",1,1,0,0
"Huang, Yanjun (57190885339)",1,1,0,0
"Huang, Yann-Chang (7501572495)",1,2,0,0
"Huang, Yaqian (59173752200)",1,1,0,0
"Huang, Yaqun (55836857200)",1,1,0,0
"Huang, Yennun (7501577033)",1,1,0,0
"Huang, Yi (56459220400)",1,2,0,0
"Huang, Yi (57054234500)",1,2,0,0
"Huang, Yihan (60164321000)",1,1,0,0
"Huang, Yixiang (57196143162)",1,1,0,0
"Huang, YongAn (34769767500)",1,1,0,0
"Huang, Yophy (35754657600)",0,0,1,1
"Huang, Yu (56142029400)",2,2,0,0
"Huang, Yu (56538965700)",0,0,1,1
"Huang, Yu (57189371293)",1,1,0,0
"Huang, Yu (59097693000)",0,0,1,2
"Huang, Yu (7501572630)",2,2,0,0
"Huang, Yu Wen (57205631449)",1,7,1,4
"Huang, Yuansheng (37066099300)",1,1,0,0
"Huang, Yucong (57917230300)",1,1,0,0
"Huang, Yuqing (57209296969)",1,3,0,0
"Huang, Yusheng (57222319684)",1,1,0,0
"Huang, Zhangjie (8328296400)",1,1,0,0
"Huang, Zhengwei (35115006800)",1,1,0,0
"Huang, Zhijia (9040148200)",0,0,1,1
"Huang, Zhiwu (55494523200)",1,1,0,0
"Huang, Zhongwei (57216458052)",1,2,0,0
"Huang, Zuyuan (58074706300)",1,1,1,1
"Huarng, Fenghueih (6603395507)",0,0,1,1
"Hubbs, Jeffrey (57195974217)",1,2,1,3
"Huber, Alex (7201393749)",1,14,0,0
"Hubert, McKenzie A. (57197748960)",1,3,0,0
"Huchet, Marion (57221234937)",1,2,0,0
"Huebner, G.M. (55839916800)",0,0,1,6
"Huebner, Gesche (55839916800)",0,0,2,6
"Huebner, Gesche M. (55839916800)",0,0,1,9
"Huedo, Eduardo (24821807100)",1,6,1,1
"Huenges, Ernst (6701693148)",0,0,1,1
"Huet, J.-M. (56047193500)",1,1,1,6
"Huggel, Christian (6603181723)",0,0,1,10
"Hugh Ellis, J. (55666812700)",0,0,1,2
"Hughes, Alison (14009225300)",0,0,1,9
"Hughes, Tyler (56090319300)",1,4,0,0
"Huh, Jun-Ho (56438784800)",1,1,0,0
"Huh, Jung-Ho (16024705400)",0,0,2,2
"Huh, Sung-Yoon (24759247100)",0,0,1,4
"Hui, Felix Kin Peng (57194243608)",0,0,1,2
"Hui, Hui (55454159700)",1,1,0,0
"Hui, Yunze (56915329400)",1,2,0,0
"Huiting, H. (15735596700)",0,0,1,1
"Huld, T. (6602182988)",0,0,3,20
"Huld, Thomas (6602182988)",0,0,1,10
"Hultén, Per (6506328586)",0,0,1,2
"Humayun, Mark S. (7101691575)",1,2,0,0
"Humphreys, Mike (7102392621)",0,0,1,1
"Hung, Duong Quoc (36447528300)",1,1,1,1
"Hung, Sung-Fu (56400137300)",0,0,1,1
"Hung, Yung-Chieh (58644072800)",1,1,0,0
"Hunlede, Romuald (57193812055)",0,0,1,1
"Hunt, Lester C (7202132052)",0,0,1,2
"Hunt, Lester C. (7202132052)",0,0,4,18
"Hunyadi-Gall, Martin (57202680587)",0,0,1,1
"Huo, Bingjie (59783513500)",1,1,0,0
"Huo, Qiang (57202776023)",1,2,0,0
"Huo, Xuesong (56492331600)",1,1,0,0
"Huo, Yaoran (36975788400)",1,1,0,0
"Huo, Yuchi (55931980100)",1,5,0,0
"Huo, Zong-Li (57208631351)",0,0,1,1
"Huotari, Janne (57211920840)",0,0,1,1
"Hupa, M. (7005281416)",1,3,1,4
"Hur, Deog-Jae (12645177500)",0,0,1,1
"Hur, Jin (57204537834)",2,2,0,0
"Hur, Seop (7004371416)",0,0,1,1
"Hurlbert, Margot (35098978100)",0,0,1,1
"Husain, Afzal (21734774100)",1,4,0,0
"Husemann, Jovana (57190982039)",1,1,1,27
"Huser, Raphael (55743671800)",1,2,0,0
"Hussain, Adil (57667287100)",1,1,0,0
"Hussain, Anwar (56797374800)",0,0,1,3
"Hussain, Jawad (57216671218)",1,2,0,0
"Hussain, Muhammad Majid (57149762900)",1,1,0,0
"Hussain, Saddam (57225936035)",1,1,0,0
"Hussain, Safina (24764502500)",1,1,0,0
"Hussain, Shafqat (57213261500)",0,0,1,2
"Hussain, Tahani (35092579200)",0,0,1,1
"Hussain, Tanveer (58992458700)",2,3,1,1
"Hussain, Zawar (58252794700)",1,1,0,0
"Hutchinson, Michael (7201506551)",0,0,1,2
"Huu, Duc Nguyen (56664528100)",1,3,0,0
"Huuki, Hannu (57201400091)",0,0,1,2
"Huxley, O.T. (60544835500)",0,0,1,1
"Huynh, Nhat-To (57200418461)",0,0,1,3
"Hvarnes, Håvard (6505618556)",0,0,1,5
"Hviid, Christian Anker (23987462000)",1,2,0,0
"Hwang, Eenjun (7101826788)",2,3,0,0
"Hwang, Euiseok (58338589400)",1,1,0,0
"Hwang, Heewon (57201992522)",1,1,0,0
"Hwang, Hyunsang (7403258319)",1,5,0,0
"Hwang, In Seong (57197386294)",1,2,0,0
"Hwang, Joon (57224668810)",1,4,0,0
"Hwang, Ren-Hung (7103381899)",1,1,0,0
"Hwang, Ruey-Lung (8977609800)",0,0,1,1
"Hwang, Sang-Ho (58671682100)",1,1,0,0
"Hwang, Won-Joo (55662845400)",0,0,1,1
"Hwang, Young-Si (34771292900)",1,3,0,0
"Hwang, Youngdeok (35750189500)",1,2,1,2
"Hwang, Yunho (7402311344)",1,2,0,0
"Hwangbo, Soonho (56392750600)",2,2,0,0
"Hyde, Bernard (14071453500)",0,0,1,9
"Hyland, Marie (55575261000)",0,0,1,9
"Hylton, N.P. (15829825200)",1,1,0,0
"Hyndman, Rob J. (7006914313)",3,5,2,8
"Hyun, Jin Hee (57219658306)",1,1,0,0
"Hyun, Seok-Bong (56231558000)",1,1,0,0
"Häfliger, P. (6601974637)",1,1,0,0
"Härkisaari, Pirita (57194328107)",0,0,1,7
"Håkansson, Måns (58445409500)",0,0,1,3
"Hökfors, Bodil (24474854900)",1,5,0,0
"Hörantner, Maximilian T. (56646450200)",1,1,0,0
"Höst, Stefan (6603298940)",1,8,0,0
"Højstrup, Jørgen (6603911497)",0,0,1,2
"Hû, G. (55504113200)",0,0,1,1
"Hübner, Michael (24587784500)",1,3,0,0
"Hübner, Yvonne (8678503800)",1,1,1,4
"Hürdoğan, Ertaç (55058825700)",0,0,1,2
"Iancu, Bogdan (24474903200)",0,0,1,1
"Ianigro, Jean-Christophe (35278230500)",1,2,0,0
"Iannaccone, Giuseppe (7006384365)",1,1,0,0
"Iannucci, Lorenzo (13404229400)",1,2,0,0
"Ibarra-Berastegi, Gabriel (6508274262)",0,0,2,2
"Ibarra-Berastegui, Gabriel (6508274262)",0,0,1,1
"Ibarra-Yunez, Alejandro (8566048700)",0,0,1,1
"Ibey, Bennett L. (6603091507)",1,14,0,0
"Ibnkahla, Mohamed (24773088300)",1,1,0,0
"Ibrahem, Mohamed I. (60431635500)",1,1,0,0
"Ibrahim, Shaliza (7202480735)",1,1,0,0
"Idogho, Christian (57986650600)",0,0,1,1
"Idoko, Idoko Peter (59670768600)",0,0,1,1
"Idowu, Samuel (59071701700)",1,2,0,0
"Ifaei, Pouya (55315327600)",0,0,1,1
"Iglesias, G. (56261589800)",0,0,1,3
"Ignatius, Marcel (55319458900)",0,0,1,1
"Ignjatović, Dragan (7004207476)",1,1,0,0
"Igos, Elorri (55260654500)",0,0,1,6
"Ihlbrock, Lukas (59672104400)",0,0,1,1
"Ijaz, Khalid (57222171158)",2,2,0,0
"Ikaheimo, Jussi (8589505600)",0,0,1,8
"Ikeda, Yuichi (14068761100)",0,0,1,2
"Ikegami, Takashi (56044393900)",1,3,0,0
"Ikitde, Uwem O. (58143549400)",0,0,1,2
"Ikonomopoulos, Andreas (6701812784)",0,0,1,1
"Ilahi, Manzoor (56519940200)",2,3,0,0
"Ilham, Ouachani (53866743200)",1,1,0,0
"Ilias, Loukas (57222863406)",1,1,1,1
"Ilic, Dejan (37080818000)",1,3,1,1
"Ilic, Marija (7102982424)",1,6,1,3
"Ilinca, Adrian (6603316111)",0,0,1,4
"Ilić, Marija D. (60028624500)",1,3,1,6
"Ilić, Marija D. (7102982424)",1,3,1,6
"Ilori, M.O. (55804808800)",0,0,1,5
"Ilyas, R.A. (57196328367)",0,0,1,2
"Im, Dongseok (57217265088)",3,4,0,0
"Im, Jiseong (57224201303)",1,4,0,0
"Im, Piljae (55234438300)",1,1,0,0
"Imai, Satomitsu (59291312900)",1,1,0,0
"Imanari, Hiroyuki (6506579794)",1,2,0,0
"Imbach, Juliette (36441108700)",1,6,1,4
"Imielinski, Tomasz (7003886447)",1,4,0,0
"Imm, Mark (57218147643)",1,1,0,0
Imran (57211507182),1,4,0,0
"Imran, Ali (35229524800)",1,4,0,0
"Imran, Hassan (57062567200)",0,0,1,2
"Inaba, Takashi (57200969644)",1,3,0,0
"Inagaki, Shinkichi (11639426900)",1,3,0,0
"Inayat, Abrar (36518650200)",0,0,1,1
"Ince, Peter J. (7004951454)",0,0,1,10
"Incropera, Frank P. (7005595423)",1,1,0,0
"Indra Mahlia, T.M. (56997615100)",0,0,1,2
"Indraratna, Buddhima (7005875329)",1,1,0,0
"Indriyati, Citra (57223343495)",1,2,0,0
"Inekwe, John N. (55985172700)",0,0,1,5
"Infield, David (7005990619)",0,0,2,5
"Infield, David G. (7005990619)",1,18,1,2
"Inganäs, Olle (7103072204)",1,2,0,0
"Ingarao, Giuseppe (16304429900)",0,0,1,2
"Ingham, D.B. (35560744900)",1,2,0,0
"Inglesi, Roula (37097338500)",0,0,1,7
"Ingram, Andrew (57224905165)",0,0,1,34
"Ingram, G. (8970771700)",0,0,1,1
"Ingrao, Carlo (55855599400)",0,0,1,1
"Iniyan, S. (6603551263)",1,1,1,1
"Inman, Daniel J. (7101824262)",2,5,1,1
"Inoue, Masugi (7406270994)",1,6,0,0
"Inoue, N. (24921302400)",0,0,1,2
"Insa, Mathieu (57192890272)",0,0,1,26
"Intini, Mario (57216411528)",0,0,1,1
"Ionel, Dan M. (6603073005)",1,2,1,1
"Ionescu, Clara (7102287005)",1,1,0,0
"Iordache, Vlad (8325189200)",0,0,1,1
"Ipsakis, Dimitris (24597140600)",0,0,1,2
"Iqbal, Asifa (58835412300)",0,0,1,1
"Iqbal, Md Shahriar (57215352993)",1,1,0,0
"Iqbal, Muhammad Azhar (57211457757)",1,1,0,0
"Iqbal, Muhammad Faisal (57198832989)",1,2,0,0
"Iqbal, Muhammad Jawed (35253921800)",0,0,1,2
"Iqbal, Naeem (16319179300)",1,4,0,0
"Iqbal, Odrika (57201302252)",1,1,0,0
"Iqbal, Sheeraz (57205630706)",1,1,0,0
"Iranshahi, Arash (12345112700)",1,1,0,0
"Iranzo, F. J. Cano (35239431500)",1,1,0,0
"Irfan, Muhammad (56351425900)",0,0,1,2
"Irfan, Muhammad (57222996191)",1,1,0,0
"Iria, José (57016628000)",1,1,0,0
"Iribarren, Diego (25722122300)",1,6,1,2
"Irie, Noriko (57207944531)",0,0,2,2
"Irsag, Bojan (55337262800)",0,0,1,5
"Irwin, David (35339357300)",1,2,0,0
"Irwin, Mary Jane (55942658600)",1,12,0,0
"Isa, Dino (14828122000)",1,1,0,0
"Isaac, Sherrin J. (7004892102)",0,0,1,1
"Isaac, Sherrin John (7004892102)",0,0,1,1
"Isaksson, A.J. (7005223180)",1,2,0,0
"Ischebeck, Rasmus (15047908700)",1,1,1,1
"Isci, Canturk (22957405900)",1,3,0,0
"Ise, Toshifumi (55649641500)",1,2,0,0
"Isella, Giovanni (6603679093)",1,17,0,0
"Isensee, Friedrich (56830485900)",0,0,1,2
"Iseri, Orcun Koral (57192819318)",0,0,1,1
"Ishak, M.R. (36809587400)",0,0,1,2
"Ishaque, Hanan (57194470672)",0,0,1,2
"Ishida, Koichi (57226723988)",1,1,0,0
"Ishii, Hideo (57189065317)",2,3,0,0
"Ishiwata, N. (7003982798)",1,6,0,0
"Ishmanov, Farruh (24773020200)",1,2,0,0
"Isidori, D. (56285852200)",0,0,1,1
"Isidori, Daniela (56285852200)",1,1,0,0
"Islam, Asif (58732821200)",1,1,0,0
"Islam, M.D. (25649752900)",1,1,0,0
"Islam, M.R. (7005955342)",1,1,0,0
"Islam, Md Shariful (57217604481)",1,1,1,1
"Islam, Md. Monirul (59483283200)",0,0,1,2
"Islam, Muhammad Arshad (57214493810)",1,1,0,0
"Islam, Towhidul (7003777329)",0,0,1,5
"Isler, Volkan (23009022100)",1,1,2,4
"Isley, Steven (55754682600)",1,1,1,12
"Ismaeel, Salam (57163701200)",1,3,0,0
"Ismail, Atef (57214786332)",0,0,1,3
"Ismail, Zuhaimy (24776351200)",0,0,1,1
"Ismet Ugursal, V. (7003484992)",0,0,1,2
"Issabakhsh, Mona (57204004741)",1,2,0,0
"Issayev, Gani (57870121300)",1,3,0,0
"Issicaba, D. (36699616300)",0,0,1,2
"Isuwa, Samuel (57209137015)",0,0,1,1
"Itai, Yuu (56033963000)",1,1,0,0
"Itard, L.C.M. (6508158418)",0,0,1,22
"Itard, Laure (6508158418)",0,0,3,8
"Ito, Akira (55943240300)",1,3,0,0
"Ito, Hiroyuki (56583110700)",1,1,0,0
"Ito, Kazuhide (7410403897)",1,2,1,1
"Ito, Koichi (55478925200)",1,8,0,0
"Ito, Masakazu (54895289100)",1,1,0,0
"Itoi, Ryuichi (35501180000)",0,0,1,2
"Itteilag, Richard L. (6508222273)",0,0,1,1
"Iturbe, Xabier (25937264600)",1,1,0,0
"Ivanescu, Liviu (6507435338)",1,2,0,0
"Ivanov, Dmitry (56350235000)",0,0,1,1
"Ivanovic, I. (14056346700)",1,1,0,0
"Ivanović, J. (22035085900)",0,0,1,1
"Iversen, Emil B. (56066073000)",1,1,0,0
"Iverson, Richard (7005962984)",1,1,1,1
"Ives, Matthew (16042552600)",0,0,1,15
"Ives, Matthew C. (16042552600)",0,0,1,3
"Iwafune, Yumiko (35770644600)",1,3,2,5
"Iwai, H. (56377435400)",1,5,0,0
"Iwamoto, Yuhiro (55963845300)",1,1,0,0
"Iyare, Sunday Osaretin (6505864208)",0,0,1,6
"Iyengar, Anirudh Srikant (56514877700)",1,1,0,0
"Iyengar, M. (8429354500)",0,0,1,1
"Iyengar, Madhusudan (8429354500)",2,8,0,0
"Iyengar, S.S. (57204520228)",1,1,0,0
"Iyengar, Srinivasan (56438864600)",1,2,0,0
"Iyer, Brijesh (55823712100)",1,1,0,0
"Iyer, Narayan V. (15127264000)",0,0,1,3
"Izadi-zamanabadi, Roozbeh (55892517300)",0,0,1,2
"Izadyar, Nima (56768095900)",1,1,0,0
"Izaki, Yoshiyuki (7004695306)",1,1,0,0
"Iñón, Javier G. (6504093747)",1,1,1,6
"Işıklı, Erkan (55892875900)",0,0,1,2
"Jaafar, Mokhtar (53979797800)",0,0,1,1
"Jabbar, Feryal Ibrahim (57578790700)",0,0,1,1
"Jabbarpour, Mohammad Reza (56084944400)",1,1,0,0
"Jaber, Jamal (57210973888)",1,1,1,2
"Jabr, Rabih A. (35586645700)",0,0,1,1
"Jaccard, Mark (6701566896)",0,0,1,5
"Jack, M. (36463488100)",0,0,1,1
"Jacka, Kieran (6602414852)",0,0,1,1
"Jackson, Lisa (35499857100)",0,0,1,1
"Jackson, Nicole D. (56704481700)",0,0,1,1
"Jackson, Thomas (7401595700)",0,0,1,1
"Jacob, Daniela (55637266800)",0,0,1,5
"Jacob, Jamey D. (35612764800)",1,1,0,0
"Jacobone, Francesca (55831073900)",0,0,1,1
"Jacobs, Jelle (57683980100)",1,1,0,0
"Jacobs, Ryan (55334621100)",1,2,0,0
"Jacobs, Tobias (35484168300)",1,2,0,0
"Jacobsen, Henrik Klinge (58001770000)",0,0,1,2
"Jacobsen, Mette Hove (57188655767)",0,0,1,4
"Jacobson, B. (7202606432)",1,1,0,0
"Jacobson, Mark Z. (55113736500)",0,0,5,56
"Jacobsson, Staffan (7102230418)",0,0,1,4
"Jacomino, Mireille (23005034700)",1,2,0,0
"Jacques, Diederik (57560386000)",0,0,1,1
"Jadid, Shahram (57197764975)",0,0,1,1
"Jadidbonab, Mohammad (57200178299)",1,1,0,0
"Jadidoleslamy, Hossein (57015589700)",1,1,0,0
"Jaeckel, Bengt (14024240200)",1,3,0,0
"Jaeger, Richard C. (7201646827)",1,1,0,0
"Jafari, Mohammad (14028155500)",2,4,0,0
"Jafari, Roozbeh (56231451200)",1,1,0,0
"Jafarian, Mehdi (35182982000)",1,1,1,1
"Jafarlou, Saman (54387060600)",1,1,0,0
"Jafarpur, Pouriya (57212611231)",0,0,1,1
"Jaffari, Javid (16233591100)",2,3,0,0
"Jagait, Rashpinder Kaur (57226304913)",1,3,0,0
"Jahanbakhsh, Hamid (57190945918)",1,1,0,0
"Jahangir, Amir Hossein (35571496900)",1,2,0,0
"Jain, Khushboo (57213752670)",1,1,0,0
"Jain, Rishabh (57209864246)",1,2,0,0
"Jain, Rishee K. (54968992700)",1,1,2,3
"Jain, S.C. (56021615600)",1,1,0,0
"Jain, Sanjay V. (55955587200)",1,2,0,0
"Jain, V.K. (57203362466)",1,1,1,1
"Jaiswal, Deepak (56521195900)",0,0,1,2
"Jakoby, Moritz (57219714684)",1,2,0,0
"Jakubek, Stefan (6602288861)",2,10,0,0
"Jakubiec, J. Alstan (55906678000)",0,0,1,2
"Jalaee, Mahdis Sadat (57226170606)",0,0,1,1
"Jalaee, Sayyed Abdolmajid (55243229700)",0,0,1,1
"Jalali, Seyed Mohammad Jafar (57194543379)",1,1,0,0
"Jalihal, Purnima (6602338800)",0,0,1,1
"Jalili, Mahdi (22035084800)",2,2,0,0
"Jaller, Miguel (36158256500)",0,0,1,2
"Jamal, Aqil (7005757545)",1,1,0,0
"Jamal, Arshad (57204657370)",2,3,0,0
"Jamalipour, Abbas (7003564684)",1,1,0,0
"Jamasb, Tooraj (6603163315)",0,0,1,11
"Jambi, Kamal (6506305769)",1,1,1,2
"James, Crabbe (57218994606)",1,3,0,0
"James, Geoff (9742599600)",2,4,0,0
"James, Kevin (57210728727)",1,2,1,1
"James, Melissa (36729532900)",0,0,1,1
"James, P.A.B. (56211082100)",0,0,1,1
"James, Patrick A.B. (56211082100)",0,0,1,1
"Jamieson, Kyle (7007149717)",1,2,0,0
"Jamil, Abdelmajid (11540270200)",0,0,1,1
"Jamil, Faisal (57205302075)",2,5,0,0
"Jamil, Hanan (57219707603)",1,2,0,0
"Jamil, Harun (57222651920)",1,1,0,0
"Jamil, Irfan (57512202800)",1,1,0,0
"Jamshidi, Pooyan (34880055700)",1,1,0,0
"Jan Kramer, Klaas (57194886848)",1,1,0,0
"Janajreh, Isam (6603369029)",3,3,0,0
"Jance, M.J. (6505764462)",1,4,0,0
"Jandaghian, Zahra (57196046117)",0,0,1,2
"Jang, Cheolyong (55505144900)",0,0,1,1
"Jang, Dohyung (57221873864)",0,0,1,1
"Jang, Gilsoo (7102646117)",1,1,0,0
"Jang, Gunhee (57215861666)",1,1,0,0
"Jang, Han Seung (56224214100)",2,2,0,0
"Jang, Hyukjae (57216934847)",1,1,0,0
"Jang, Jae-Won (56742598400)",1,1,0,0
"Jang, Jihye (57222014437)",1,1,0,0
"Jang, Taekwang (56411670300)",1,1,0,0
"Jang, Yeong Min (8889537900)",1,1,0,0
"Jangir, Narottam (57190579338)",1,3,0,0
"Jangir, Pradeep (56857572500)",1,3,0,0
"Jani, Ruchita (58717663900)",1,2,0,0
"Janik, Przemyslaw (35324133800)",1,1,0,0
"Jankowski-Mihułowicz, Piotr (15834442700)",1,1,0,0
"Jannelli, E. (6602640307)",1,1,0,0
"Jannelli, Elio (6602640307)",1,1,0,0
"Jannesari, Ali (25825073200)",1,4,0,0
"Jannuzzi, Gilberto De Martino (24372159200)",0,0,1,4
"Jansen, B. (58352303400)",1,1,1,3
"Janssen, W.D. (54410560200)",0,0,1,5
"Janssens, Davy (8435408300)",1,3,1,1
"Jantsch, Axel (6701769322)",1,1,0,0
"Jaouen, P. (7004200004)",1,2,0,0
"Jaques, I. (6506323060)",0,0,1,5
"Jara, Antonio J. (35113243800)",1,1,0,0
"Jaradat, Mustafa (55596001800)",0,0,1,1
"Jaraitė, Jūratė (36154364700)",0,0,1,3
"Jaramillo, O.A. (57196465754)",1,1,0,0
"Jaramillo, Paulina (8957522000)",0,0,2,16
"Jaramillo-Morán, M.A. (6506756393)",1,1,0,0
"Jaramillo-Morán, Miguel Á. (6506756393)",1,1,0,0
"Jareteg, Adam (57216362773)",1,2,0,0
"Jariwala, Deep (35253826500)",1,1,0,0
"Jaromír Klemeš, Jiří (56903012000)",1,1,0,0
"Jarre, Matteo (56038775200)",0,0,1,2
"Jarvis, D.J. (57198279394)",1,13,1,3
"Jarwan, Abdallah (57201549965)",1,1,0,0
"Jasim, Mohammed (57194653815)",1,1,0,0
"Jaussi, James E. (6602942770)",1,1,0,0
"Javadi, Mohammad Sadegh (56902737600)",0,0,1,2
"Javaheri, Danial (57195411186)",1,3,0,0
"Javaid, Nadeem (26428797500)",2,3,1,1
"Javed, Abbas (56542892900)",1,5,0,0
"Javed, Umar (57224404561)",1,1,0,0
"Javierre, Carlos (6603544628)",1,1,0,0
"Jawad, Muhammad (55648773200)",1,1,0,0
"Jawor, Anna (16199603600)",0,0,1,2
"Jayakumar, Arunkumar (56970947000)",0,0,1,1
"Jayam Prabhakar, Aditya (55512015400)",0,0,1,6
"Jayas, Digvir S. (7006444355)",1,1,0,0
"Jayasinghe, G.Y. (15048013900)",0,0,1,2
"Jayasuriya, Suren (56258873100)",1,1,0,0
"Jayaweera, Dilan (6701317219)",0,0,1,1
"Jayaweera, Sudharman K. (6701665728)",1,1,0,0
"Jazar, Reza N. (10242197000)",0,0,1,1
"Jazizadeh, Farrokh (39661198700)",1,2,1,3
"Je, Minkyu (6601965421)",1,1,0,0
"Jean, Joel (55551157900)",0,0,1,9
"Jean, Y. (57205858797)",1,2,0,0
"Jeffrey, Henry F. (22834920700)",0,0,1,2
"Jeffries, April (56073279400)",0,0,1,4
"Jeffs, S.P. (55938534200)",0,0,1,2
"Jehangiri, Ali Imran (55860824200)",1,1,0,0
"Jelle, Bjørn Petter (6603629224)",0,0,1,1
"Jemni, Abdelmajid (57224127732)",1,1,0,0
"Jen, Tien-Chien (57960414200)",1,1,0,0
"Jenerette, G. Darrel (6602950870)",0,0,1,1
"Jeng, An-Ping (57203962143)",1,1,0,0
"Jenket, Donald (57191412886)",0,0,1,7
"Jenkins, Bryan M. (7102927027)",0,0,1,3
"Jenkins, David (23477223000)",0,0,1,1
"Jenkins, Nick (57203175201)",1,1,3,3
"Jenkins, Peter (57213782541)",0,0,1,1
"Jenkins, T. (59636578500)",1,1,0,0
"Jenkins, Tyler (57190581330)",1,1,0,0
"Jenman, David (57221412486)",1,2,0,0
"Jennings, Nicholas R. (7005888644)",3,14,1,1
"Jensen, Adam R. (57217224678)",1,2,0,0
"Jensen, Henrik Holm (7402097402)",0,0,1,4
"Jensen, Klavs F. (35551829500)",1,5,1,1
"Jensen, L.E. (19337643200)",1,3,1,3
"Jensen, Peter Hjuler (57215550971)",0,0,1,6
"Jensen, R.L. (35147794300)",1,1,0,0
"Jensen, Tue V. (55508864800)",0,0,2,2
"Jentsch, Mark F. (23477293400)",0,0,1,1
"Jeon, Hyun Woo (55561273100)",1,2,0,0
"Jeon, Moon-Suk (7007027447)",1,30,0,0
"Jeon, Moongu (23987776700)",1,5,0,0
"Jeon, Sangmin (58929110300)",1,1,0,0
"Jeon, Seung Hyun (26646533800)",1,1,0,0
"Jeon, Wooyoung (55633721500)",0,0,1,4
"Jeon, Young-Hoon (57192118910)",1,1,1,2
"Jeong, Bongchan (57189658249)",0,0,1,1
"Jeong, Changhyun (35200736900)",1,1,0,0
"Jeong, Changhyun (59096563700)",0,0,1,4
"Jeong, Chanhyeok (57942632600)",1,1,0,0
"Jeong, Hanwool (55322897800)",1,2,0,0
"Jeong, Heon (34872196500)",1,1,0,0
"Jeong, Jae-Weon (7402045763)",1,1,0,0
"Jeong, Jinho (59591571200)",1,30,0,0
"Jeong, Jinkyu (23397248100)",1,13,0,0
"Jeong, Kyu Jin (58080480900)",1,1,0,0
"Jeong, Seongeun (59181704500)",0,0,1,3
"Jerez, S. (35177669200)",1,1,1,3
"Jerez, Sonia (35177669200)",0,0,1,3
"Jericha, Herbert (7004153573)",1,1,0,0
"Jesper, Mateo (57207825991)",0,0,1,2
"Jeyaprabha, S. Berclin (56565426300)",1,2,0,0
"Jha, Niraj K. (7102310305)",1,2,0,0
"Jhon, Chu Shik (35606590000)",1,3,0,0
"Ji, Ankang (57201260855)",1,1,0,0
"Ji, Changming (12782311500)",1,1,1,1
"Ji, Ho-Il (36774484700)",1,4,1,4
"Ji, Hongjing (57216362255)",1,1,0,0
"Ji, Huichao (57212457744)",2,40,0,0
"Ji, Qingqing (57210752110)",1,1,0,0
"Ji, Shengzheng (59212088300)",1,1,0,0
"Ji, Shuaihua (7202230572)",1,4,1,1
"Ji, Weixing (13805144900)",1,1,0,0
"Ji, Xiang (57193726846)",1,1,0,0
"Ji, Ying (56506080700)",1,1,0,0
"Ji, Yongnan (8927599800)",1,2,1,2
"Ji, Yuefeng (7402076746)",1,1,0,0
"Ji, Yusheng (7402076842)",1,3,0,0
"Ji, Zhong-Qing (8971162900)",1,4,1,1
"Ji, Ziyang (58452182400)",1,1,0,0
"Jia, Dongqiang (54961596600)",1,2,0,0
"Jia, Dongyao (55945552400)",0,0,1,1
"Jia, Hairong (33967712000)",1,1,0,0
"Jia, Hongjie (7202381385)",3,3,0,0
"Jia, Hongyuan (56457259200)",1,6,0,0
"Jia, Hui (57192937345)",0,0,1,1
"Jia, Huidong (58788970700)",1,1,0,0
"Jia, Jie (23088960100)",1,2,0,0
"Jia, Jinfeng (25930429900)",1,4,1,1
"Jia, Lei (26642969400)",1,1,0,0
"Jia, Li (56152346700)",1,1,0,0
"Jia, Lili (35092670200)",1,1,0,0
"Jia, Limin (7201396387)",1,1,0,0
"Jia, Mengyao (57305792800)",1,1,0,0
"Jia, Pengyun (57226765735)",1,2,0,0
"Jia, Qing-Shan (8353811800)",1,3,1,1
"Jia, Rong (7006068102)",2,2,0,0
"Jia, Shijun (59889134900)",1,1,0,0
"Jia, Shun (55078909600)",1,1,0,0
"Jia, Suotang (7202860033)",1,3,0,0
"Jia, Tong (57215191647)",1,1,0,0
"Jia, Xiaobao (56651512600)",1,2,0,0
"Jia, Xiu (57195512416)",1,1,0,0
"Jia, Yanfei (25928483100)",1,1,0,0
"Jia, Youwei (55511359100)",3,5,2,3
"Jia, Yunjian (55572987700)",1,1,0,0
"Jia, Yunpeng (58350824200)",1,1,0,0
"Jia, Zhen (57194532862)",1,1,0,0
"Jia, Zhen-hua (57189465744)",1,1,0,0
"Jia, Zhiping (24831282400)",1,2,0,0
"Jia, Zhuoying (58834909500)",1,1,0,0
"Jian, Izzy Yi (57214594997)",0,0,1,1
"Jian, Wenna (57193327578)",0,0,1,1
"Jian, Yanchen (58533933100)",1,1,0,0
"Jiang, Aihua (55970883400)",1,1,0,0
"Jiang, Baotan (51261157300)",1,1,0,0
"Jiang, Bo (57197808182)",1,1,0,0
"Jiang, Changjun (7403665248)",2,2,0,0
"Jiang, Chunmao (36466721100)",1,1,0,0
"Jiang, Congfeng (20433525400)",1,5,0,0
"Jiang, Congmei (56564537600)",1,3,0,0
"Jiang, Cuixia (16042574100)",1,2,0,0
"Jiang, Dongxiang (24352205400)",1,1,0,0
"Jiang, Gangyi (7401706697)",1,1,0,0
"Jiang, Gongyi (57222088504)",0,0,1,2
"Jiang, Han (57221809716)",0,0,1,3
"Jiang, Han (58915994700)",1,2,0,0
"Jiang, Hao (55492186000)",1,1,0,0
"Jiang, Hao (58178645000)",0,0,1,1
"Jiang, Hao (59002591300)",1,1,0,0
"Jiang, He (57037425800)",1,1,0,0
"Jiang, Hong (56991687200)",2,3,0,0
"Jiang, Hong (57199203502)",0,0,1,1
"Jiang, Hongbo (55234704200)",1,3,0,0
"Jiang, Huaiguang (55651842000)",1,1,1,2
"Jiang, Hui (56029122800)",1,5,0,0
"Jiang, Jianfei (7404828986)",1,1,0,0
"Jiang, Jianfeng (57205680043)",1,2,0,0
"Jiang, Jianguo (57192162780)",0,0,1,1
"Jiang, Jiayang (58728166700)",1,1,0,0
"Jiang, Jiechao (7404830120)",1,4,1,1
"Jiang, Jinfang (35321089900)",1,2,0,0
"Jiang, Jiuchun (57193360422)",1,1,0,0
"Jiang, Joe-Air (7404829354)",0,0,1,4
"Jiang, Junxia (57211817509)",1,1,0,0
"Jiang, Junyu (57218628936)",1,1,0,0
"Jiang, Kongming (57641100900)",1,1,0,0
"Jiang, Kuan (57212931574)",1,1,0,0
"Jiang, Lin (24491992600)",3,4,0,0
"Jiang, Lulin (55596408100)",1,2,0,0
"Jiang, Lun (57189356452)",0,0,1,2
"Jiang, Meng (55514964400)",1,1,0,0
"Jiang, Min (55603145100)",1,1,0,0
"Jiang, Mingkai (58625981000)",1,1,0,0
"Jiang, Pei (56697804200)",1,2,0,0
"Jiang, Ping (55710473700)",0,0,1,2
"Jiang, Ping (56167438300)",2,2,0,0
"Jiang, Ping (56571965700)",1,1,0,0
"Jiang, Qingzhe (8526139800)",0,0,1,17
"Jiang, Renxian (58626116700)",1,1,0,0
"Jiang, Ruifeng (57607051200)",0,0,1,1
"Jiang, Ruijin (59806992200)",1,3,0,0
"Jiang, Ruiqi (57263172200)",1,1,0,0
"Jiang, Shengkun (57206949373)",1,1,0,0
"Jiang, Shengming (57199661979)",1,1,0,0
"Jiang, Shouzheng (57202865533)",0,0,1,1
"Jiang, Song (56486467700)",1,3,1,1
"Jiang, Tao (56419229600)",2,2,0,0
"Jiang, Tao (56492041300)",2,2,1,2
"Jiang, Tao (56767494400)",1,1,0,0
"Jiang, Tao (57201856624)",1,1,0,0
"Jiang, Wei (57195480420)",1,1,0,0
"Jiang, Wei (57213803692)",0,0,1,1
"Jiang, Weiwen (56373101100)",1,1,0,0
"Jiang, Wendi (59998145100)",1,1,0,0
"Jiang, Wenjun (58558705000)",1,1,0,0
"Jiang, Wolin (58921529100)",0,0,1,1
"Jiang, Xiangyang (55886584000)",1,1,0,0
"Jiang, Xianzhi (57198959701)",1,1,0,0
"Jiang, Xiaohua (57219094309)",1,1,0,0
"Jiang, Xiaoli (55724165300)",0,0,1,2
"Jiang, Xiaomo (7404627038)",1,1,0,0
"Jiang, Xu (57270248800)",1,3,0,0
"Jiang, Xuchu (56433857900)",1,1,0,0
"Jiang, Yi (36065463100)",2,4,1,1
"Jiang, Yibao (57190384562)",1,1,0,0
"Jiang, Yicheng (57205632227)",1,1,0,0
"Jiang, Yiwen (58072887200)",1,1,0,0
"Jiang, Yizhou (57200051366)",1,2,0,0
"Jiang, Yong (59856347300)",0,0,1,3
"Jiang, Yu (57193864957)",0,0,1,1
"Jiang, Yu (58030503000)",1,1,0,0
"Jiang, Yu (59181578600)",1,1,0,0
"Jiang, Yuguang (56813916000)",1,1,0,0
"Jiang, Yuliang (59612653300)",1,1,0,0
"Jiang, Yunan (59411864100)",1,1,0,0
"Jiang, Yuntu (58288585300)",1,1,0,0
"Jiang, Yuxia (59744949800)",1,1,0,0
"Jiang, Zeyi (22940690000)",0,0,1,10
"Jiang, Zhanhong (57188639977)",1,22,0,0
"Jiang, Zhihao (57857738700)",1,1,0,0
"Jiang, Zhipeng (56253311100)",1,1,0,0
"Jiang, Zhiqiang (56085025900)",2,2,1,1
"Jiang, Zhong-Ping (7404279463)",1,1,0,0
"Jiang, Zhouhua (9746615500)",1,1,0,0
"Jiang, Zhouyan (58111993900)",1,1,0,0
"Jiang, Ziyao (57226607140)",1,1,0,0
"Jiao, Bingqi (55635423400)",1,1,0,0
"Jiao, Huannian (60234362100)",1,1,0,0
"Jiao, Kui (7005870891)",0,0,1,5
"Jiao, Runhai (8886831700)",1,1,1,1
"Jiao, Shengjie (8424707000)",1,1,0,0
"Jiao, Xuan (57220859850)",1,1,0,0
"Jiao, Xuguo (55832350500)",1,1,0,0
"Jiao, Yinghao (58185404100)",1,1,0,0
"Jie, Hao (57220876141)",1,1,0,0
"Jie, Jing (23009041400)",1,1,0,0
"Jie, Pengfei (41761712000)",1,1,0,0
"Jie, Yang (56800040800)",1,1,0,0
"Jiefeng, G.U.O. (55512871600)",1,1,0,0
"Jike, Shiluo (59296931500)",1,1,0,0
"Jimenez Gutierrez, Daniel Mauricio (58107303100)",1,2,0,0
"Jimenez, Felipe (57193169571)",1,4,0,0
"Jimenez, Jose A. (57199672724)",1,1,0,0
"Jimenez-Espadafor, Francisco José (56207033400)",0,0,1,1
"Jiménez, Christel (56566061800)",1,1,0,0
"Jiménez, Raquel B. (55190017400)",0,0,1,5
"Jiménez, Víctor (59157958000)",1,3,0,0
"Jiménez-Bello, M.A. (56013597200)",1,2,1,5
"Jiménez-Jorquera, Cecilia (57202982758)",0,0,1,2
"Jiménez-Leube, J. (7801478677)",0,0,1,1
"Jin Oh, Seung (57200497919)",1,1,0,0
"Jin, Cheng (57210827379)",1,1,0,0
"Jin, Craig T. (7401659157)",1,1,0,0
"Jin, Enze (56978849900)",0,0,1,2
"Jin, Feng (57196716959)",1,1,0,0
"Jin, Guoqing (55449242300)",1,1,0,0
"Jin, Hai (56434989100)",1,1,0,0
"Jin, Han (57190680655)",1,2,0,0
"Jin, Haowei (58246581200)",0,0,1,2
"Jin, Hongguang (7403069798)",1,1,0,0
"Jin, Jin (59426488800)",1,1,0,0
"Jin, Kai (57788703700)",1,1,0,0
"Jin, Kun (57214751049)",1,1,0,0
"Jin, Meizhu (57948984900)",1,1,0,0
"Jin, Min (36896230400)",1,1,0,0
"Jin, Ming (56438617200)",1,6,0,0
"Jin, Ming (57222480084)",1,1,0,0
"Jin, Mingxin (57226405001)",1,1,0,0
"Jin, Ning (55413069200)",2,2,0,0
"Jin, Peiquan (55918177200)",1,5,0,0
"Jin, Qiwen (57204855065)",1,1,0,0
"Jin, Shi (55243233900)",1,1,0,0
"Jin, Shudong (7401822309)",1,3,0,0
"Jin, Tao (57203993358)",4,6,0,0
"Jin, Wenqiang (57202742761)",1,1,0,0
"Jin, Wonjin (23970631200)",1,1,0,0
"Jin, Xiaolong (55927197600)",3,3,0,0
"Jin, Xiaoyu (57211749598)",1,2,0,0
"Jin, Xiaoyu (57218580154)",1,2,0,0
"Jin, Xin (57192545142)",2,11,1,12
"Jin, Xin (59807731400)",1,5,0,0
"Jin, Xing (57199736310)",0,0,1,2
"Jin, Xue (7402589561)",0,0,1,2
"Jin, Xue-Bo (7402589595)",1,2,0,0
"Jin, Yan (57201683619)",1,1,0,0
"Jin, Yaochu (57201346599)",1,1,0,0
"Jin, Yu (57190879596)",1,1,0,0
"Jin, Yupeng (57673538500)",1,1,0,0
"Jing, Guoxiu (57207736714)",1,1,0,0
"Jing, Naifeng (35100372900)",1,1,0,0
"Jing, Qianfeng (57195629566)",1,1,0,0
"Jing, Runze (57220073300)",1,2,0,0
"Jing, Ruoyin (57222196191)",1,1,0,0
"Jing, Xingjian (8861837700)",1,1,0,0
"Jingjing, Cai (35177728000)",1,1,0,0
"Jingya, Wang (57501299600)",1,1,0,0
"Jingyun, Zhang (57191621628)",1,1,0,0
"Jinhua, Chen (57204487950)",0,0,1,1
"Jintanawan, Thitima (6602284061)",1,1,0,0
"Jiro, Sumita (26646485300)",1,1,0,0
"Jirutitijaroen, Panida (8240137400)",0,0,1,2
"Jo, Jae-Hun (8956229000)",1,1,0,0
"Jo, Seo-Hyeon (54385373600)",1,3,0,0
"Joannopoulos, John (36046746000)",1,1,0,0
"Joannopoulos, John D. (36046746000)",1,5,2,2
"Joao, Jose A. (16417553900)",1,2,0,0
"Joao, Jośe A. (16417553900)",1,3,0,0
"Jobson, Megan (7003291005)",1,1,0,0
"Jochem, Patrick (16319422900)",0,0,1,1
"Joe, Inwhee (56212559100)",1,4,0,0
"Joe, Jaewan (55125736100)",1,1,0,0
"Joffre, Florent (7102822999)",1,3,1,4
"Johannesen, Nils Jakob (57203895581)",0,0,1,3
"Johannesson, Pär (12766465900)",1,1,0,0
"Johansen, Aslak (56346451100)",1,3,1,1
"Johansen, Tom K. (55557472200)",0,0,1,1
"Johansson, Daniel J.A. (14520394200)",0,0,1,12
"Johansson, K.H. (25627785300)",1,2,0,0
"Johari, Ramesh (15051992700)",0,0,1,3
"Johlas, Hannah M. (57195068793)",0,0,1,2
"John Millar, R. (57212671696)",1,1,0,0
"John Millar, R. (57437485200)",1,1,0,0
"John, Jim J. (56073475100)",0,0,1,1
"John, Lizy Kurian (7102160842)",1,2,0,0
"Johnson, Dana L. (56707838300)",0,0,1,2
"Johnson, Jay (57716136400)",0,0,1,1
"Johnson, Jeffery M. (55494727000)",1,1,0,0
"Johnson, Klein L. (7405970960)",1,5,0,0
"Johnson, L.E. (55455569800)",0,0,1,4
"Johnson, Matthew D. (55982952900)",1,3,0,0
"Johnson, Nathan (13607050700)",0,0,1,2
"Johnson, Nathan G. (13607050700)",1,2,0,0
"Johnson, Raymond (55718414300)",0,0,1,5
"Johnson, Ron (7407015348)",1,1,1,1
"Johnsson, Bo (8894002700)",1,3,0,0
"Johnsson, Filip (7006817882)",0,0,1,5
"Johnston, David (55725429600)",0,0,1,4
"Johnston, P.E. (7402074810)",0,0,1,4
"Johnston, Sarah (57207824429)",0,0,1,1
"Johnston, Steve (56225338200)",0,0,1,1
"Join, Cédric (6507427250)",1,1,0,0
"Jokisalo, Juha (6507461628)",1,1,0,0
"Jolfaei, Alireza (36680369700)",1,1,0,0
"Joly, Lilian (7004172453)",1,31,0,0
"Jones, B.M. (55828149930)",0,0,1,1
"Jones, Benjamin (55828149930)",0,0,1,2
"Jones, Christopher R. (57207789319)",0,0,1,13
"Jones, Christopher W. (55448095700)",0,0,1,3
"Jones, Craig I. (25225835000)",0,0,1,3
"Jones, Edward (25958101300)",1,1,0,0
"Jones, Emma (55448364800)",0,0,1,3
"Jones, Esther L. (55574222764)",0,0,1,2
"Jones, Evan S. (57215430836)",1,2,0,0
"Jones, Jenny (55934425600)",0,0,1,26
"Jones, Menna E. (35517779700)",0,0,1,16
"Jones, P.G. (55474823700)",0,0,1,10
"Jones, Patrik R. (7408263324)",1,2,0,0
"Jones, Rory Victor (56442918900)",0,0,1,1
"Jones, Shane (57481596500)",0,0,1,1
"Jones, Stephen M. (57212171007)",0,0,1,3
"Jongerden, M.R. (22979845900)",1,4,1,1
"Jonsson, Per (59041822400)",0,0,1,16
"Joo, Sung-Kwan (15044801000)",0,0,1,5
"Jooris, Bart (24724594200)",1,1,0,0
"Jordan, Dirk C. (7201737640)",0,0,2,8
"Jordan, Ulrike (16636825600)",0,0,1,2
"Jorge Soares, Lacir (15842204400)",0,0,1,3
"Jorge, Filipe (7004552419)",0,0,1,1
"Jorgenson, Jennie (56428692200)",0,0,2,13
"Josa, Alejandro (6603043206)",0,0,1,1
"Joseph, Jojomon (57204702049)",0,0,1,1
"Joseph, W. (22985227300)",0,0,1,1
"Joseph, Wout (22985227300)",1,1,1,1
"Joshi, Chandrashekhar (7103126230)",1,1,1,1
"Joshi, J.B. (55901607700)",1,4,0,0
"Joshi, Jyeshtharaj B. (55901607700)",2,3,0,0
"Joshi, Siddharth (57574953500)",1,2,0,0
"Joshi, Yogendra (35513168600)",1,1,0,0
"Joskow, Paul L. (7004081207)",0,0,2,13
"Joss, Lisa (55541291100)",1,1,0,0
"Josset, C. (6507506004)",0,0,1,2
"Josua, Albert (57199984778)",0,0,1,1
"Jouhara, Hussam (6506248672)",0,0,2,3
"Jourde, Kevin (55626018700)",1,2,0,0
"Jourdier, E. (55204826400)",1,2,0,0
"Joutz, Frederick (6603813302)",0,0,1,2
"Jovanovic, Marina (7202633624)",0,0,1,1
"Jovanović, Marina (7202633624)",0,0,1,2
"Jovanović, Radiša Ž (36833828900)",0,0,1,3
"Jovanović, Saša (35952686300)",0,0,1,1
"Jovančić, Predrag D. (36668709600)",1,1,0,0
"Jošt, Marko (56349947600)",1,2,0,0
"Jradi, M. (37064786900)",1,1,1,2
"Ju, Fei (57204565866)",1,1,0,0
"Ju, Liwei (55630676300)",4,7,0,0
"Ju, Tao (56183669100)",1,3,0,0
"Ju, Tongyao (57201619399)",0,0,1,1
"Ju, Xingxing (57204512446)",1,1,0,0
"Ju, Yun (55218795300)",1,2,0,0
"Ju, Yuntao (36809399400)",2,3,1,2
"Juaidi, Adel (56737152400)",0,0,1,1
"Juan, Yi-Kai (12767232600)",1,8,0,0
"Juan, Yu-Hsuan (55669298300)",0,0,1,1
"Juang, Hann-Ming Henry (7007039835)",0,0,1,1
"Jubeau, S. (55937491800)",1,2,0,0
"Judd, Kenneth L. (7005438447)",0,0,1,61
"Judewicz, Marcos Gabriel (55668054900)",1,1,0,0
"Juenger, Maria C. G. (6701841561)",1,1,0,0
"Juez-Gil, Mario (57208316010)",1,2,0,0
"Julien, Christine (23397494900)",1,1,0,0
"Julien, P. (55548405000)",1,13,1,3
"Jun, Hyewon (13608327900)",1,6,0,0
"Jun, Myungsoo (7006544863)",0,0,1,2
"Jun, Sanghoon (59034399100)",1,2,0,0
"Jun, SungIk (7103305430)",1,2,0,0
"Jun, Sungho (56125611800)",1,1,0,0
"Jung, Christopher (57131956700)",0,0,1,1
"Jung, Daewoong (57209415013)",1,3,0,0
"Jung, Dohoy (7201711435)",1,2,1,1
"Jung, Gunok (57197544242)",1,3,0,0
"Jung, Hyun Chul (57224844504)",1,2,0,0
"Jung, Jason J. (7402896966)",1,1,0,0
"Jung, Jin-Woo (57199984530)",1,1,0,0
"Jung, Ki Wook (57190811851)",1,3,0,0
"Jung, Seong-Ook (7403677250)",1,2,0,0
"Jung, Seungmin (54784541500)",1,1,0,0
"Jung, Sung Kwon (36059325900)",1,1,0,0
"Jung, Taeho (55301135400)",1,2,0,0
"Jung, Yonghun (56173420200)",0,0,1,2
"Junghans, Gatis (55226219500)",0,0,1,5
"Junginger, M. (57195636600)",0,0,1,41
"Junginger, Martin (57195636600)",0,0,1,16
"Junior, Osiris Canciglieri (6503974171)",0,0,1,1
"Junker, Rune Grønborg (57195505060)",1,1,0,0
"Junnarkar, Sachin (6603473138)",1,1,0,0
"Justen, Andreas (26429431500)",0,0,1,13
"Justo, Andrea (57713413400)",1,2,0,0
"Jäckel, Heinz (7006790070)",1,14,0,0
"Jäger, Klaus (35115074200)",1,3,0,0
"Jäger-Waldau, Arnulf (58173860800)",0,0,1,3
"Jägers, Gerard (57200651713)",0,0,1,1
"Jämsä-Jounela, S.-L. (6701665432)",1,1,0,0
"Järventausta, Pertti (6603088441)",0,0,1,1
"Järvi, Leena (22633932300)",0,0,1,16
"Jónsson, Tryggvi (35179554700)",0,0,1,1
"Jørgensen, B.N. (7202434812)",1,1,1,2
"Jørgensen, Bo Barker (7202434768)",0,0,1,1
"Jørgensen, Bo Nørregaard (7202434812)",1,3,2,2
"Jørgensen, John Bagterp (57188770366)",1,3,1,1
"Jørgensen, John Bagterp (57191524170)",2,2,0,0
"Kaabi, Hooman (11339084600)",1,1,0,0
"Kaarna, Arto (6701437524)",1,1,0,0
"Kabuye, Frank (57196482665)",0,0,1,1
"Kacare, Marika (57357307100)",0,0,1,2
"Kadayif, Ismail (6603633545)",1,1,0,0
"Kaddoum, Georges (24587843100)",1,2,0,0
"Kadi, R. (24175819900)",1,1,0,0
"Kadirgama, Kumaran (12761486500)",0,0,1,2
"Kaempf, Jérôme (58759187000)",0,0,1,2
"Kaewell, John (57219493794)",1,2,0,0
"Kahani, Mohsen (13405743100)",1,2,0,0
"Kahia, Montassar (57190165067)",0,0,1,2
"Kahn, Joseph M. (7402544128)",1,1,0,0
"Kahng, Andrew B. (7005728278)",1,1,0,0
"Kahrl, Fredrich (8706701200)",0,0,1,2
"Kahrobaeian, Alireza (35223330800)",1,1,0,0
"Kai, He (59982732500)",1,1,0,0
"Kaid, Imed (57203823140)",1,1,0,0
"Kaifel, Anton (56237687400)",0,0,1,1
"Kaijaluoto, Sakari (6602515345)",0,0,1,1
"Kaippilly Radhakrishnan, Krishnanand (59158336200)",1,1,0,0
"Kakaraparthi, Siva Karthik (50261999800)",0,0,1,3
"Kakaras, Emmanuel (26643357700)",0,0,1,1
"Kalair, Ali Raza (56497956100)",1,1,0,0
"Kalaitzakis, Konstantinos (56004192300)",1,1,0,0
"Kalaitzidis, Kleovoulos (57188726415)",1,2,0,0
"Kalamees, Targo (16432950000)",0,0,1,4
"Kalameu, Omer (57204597792)",0,0,1,1
"Kaldellis, J.K. (7003349885)",0,0,1,6
"Kaldibayev, Nurlan (59163979600)",0,0,1,2
"Kale, Rajesh V. (55197250500)",0,0,1,1
"Kalendar, Abdulrahim (34872256900)",0,0,1,2
"Kaliampakos, Dimitris (55983425300)",0,0,1,3
"Kalita, Włodzimierz (6701686345)",1,1,0,0
"Kalkan, Sinan (57191417425)",0,0,1,1
"Kallos, George (7003836546)",1,1,1,5
"Kalogeraki, Vana (6701914099)",1,1,0,0
"Kalogirou, Soteris A. (7005998383)",1,11,3,4
"Kaltschmitt, Martin (56274861800)",0,0,1,2
"Kalu, Ebere Ume (57195290114)",0,0,1,2
"Kam, Jason (22733970500)",0,0,1,4
"Kamachi Mudali, U. (7003560555)",1,2,0,0
"Kamada, Yasunari (7102943566)",1,1,0,0
"Kamal Fouad, Mai M. (57212684394)",1,1,0,0
"Kamal, A. (57208146583)",0,0,1,1
"Kamal, Ahmad Hassan (57206777573)",1,2,0,0
"Kamal, Md. Abdus Samad (7202025866)",1,9,1,4
"Kamal, Mehdi (22034689400)",2,2,0,0
"Kamaliev, Mike (57205570914)",0,0,1,1
"Kamani, D. (58086595200)",0,0,1,1
"Kamarulzaman, Mohd Kamal (57159974300)",0,0,1,2
"Kamat, Sachin P. (15220314500)",1,2,0,0
"Kamat, Vineet R. (7004477339)",1,2,0,0
"Kamath, Haresh (6603444001)",2,4,0,0
"Kamel, Rashad M. (35503442600)",1,1,0,0
"Kamil, Raihan (57224534496)",1,2,0,0
"Kamkeng, Ariane D. N. (57221109214)",0,0,1,1
"Kamla, Youcef (55813353900)",1,2,0,0
"Kammen, D.M. (7004564550)",0,0,1,4
"Kammen, Daniel (7004564550)",0,0,1,1
"Kammen, Daniel M. (7004564550)",2,8,2,19
"Kamminga, Tjerko (57190873287)",0,0,1,1
"Kamoona, Ammar (57204589267)",1,1,0,0
"Kampelis, N. (57189004609)",0,0,1,1
"Kampelis, Nikolaos (57189004609)",1,1,0,0
"Kampouropoulos, Konstantinos (54403152600)",1,4,0,0
"Kan, Edwin Chih-Chuan (36904161200)",1,1,0,0
"Kana Kana, J.B. (25421699500)",0,0,1,1
"Kanaan, Mohamad (56210846900)",1,18,0,0
"Kanamori, Junichiro (57521541500)",0,0,1,1
"Kandananond, Karin (31767487000)",0,0,1,2
"Kandare, Gregor (6506345167)",1,4,0,0
"Kandemir, Mahmut (35549787100)",3,15,0,0
"Kandil, Kandil M. (35317737400)",0,0,1,3
"Kandilli, Ismet (14056374400)",1,1,0,0
"Kanduri, Anil (56132452000)",1,1,0,0
"Kanevce, Gligor (8615271000)",0,0,1,3
"Kanevski, Mikhail (23397444600)",1,1,0,0
"Kang, Byeongkwan (44861172300)",1,2,1,1
"Kang, Chongqing (7402312938)",3,3,3,8
"Kang, Dong-Ho (57190667879)",1,2,0,0
"Kang, Dong-Ki (36166726400)",0,0,1,1
"Kang, Dongming (60177749200)",1,1,0,0
"Kang, Dongwoo (55767353600)",1,2,0,0
"Kang, Doosun (35069822100)",0,0,1,1
"Kang, Feiyu (56962751400)",0,0,1,1
"Kang, Jiawen (55960988400)",1,1,0,0
"Kang, Jichuan (57188867570)",1,1,0,0
"Kang, Jimyung (24724413000)",1,1,0,0
"Kang, Jin-Young (57219242197)",1,2,0,0
"Kang, Rui (16481328500)",1,2,0,0
"Kang, Sanggyu (15725516400)",0,0,1,1
"Kang, Sanghoon (57193747501)",1,1,0,0
"Kang, Seunggu (56373283200)",1,1,1,3
"Kang, Suk-Ju (35088306400)",1,2,0,0
"Kang, Sungho (57193120552)",1,4,0,0
"Kang, Yong (35248602700)",1,2,0,0
"Kang, Yong Cheol (56608436100)",1,1,0,0
"Kang, Yuhao (57214594076)",0,0,1,1
"Kang, Yuqiong (57209291025)",0,0,1,1
"Kangas, H.L. (26039254400)",0,0,1,3
"Kankal, Murat (24471611900)",1,1,0,0
"Kano, Yuichi (12245011600)",0,0,1,8
"Kanoun, Karim (38561513800)",1,1,0,0
"Kant, Girish (57202303753)",1,2,0,0
"Kant, Karunesh (57188766969)",0,0,1,3
"Kantz, Holger (7005826185)",0,0,1,1
"Kanwal, Faria (37006625600)",1,1,0,0
"Kao, Chen-Che (56942834600)",1,1,0,0
"Kao, James T. (7201375614)",1,15,0,0
"Kao, Jonathan C. (55152645100)",1,1,0,0
"Kao, Shih-Chieh (17346380600)",0,0,1,8
"Kapat, Santanu (24802232300)",1,2,0,0
"Kapchits, Boris (24802060300)",1,7,0,0
"Kapetaki, Zoe (55994529700)",1,5,0,0
"Kapici, Erhan (57576373300)",0,0,1,2
"Kaplan, David (57209595471)",0,0,1,1
"Kapoor, Hemangee K. (7005438230)",1,1,0,0
"Kapourchali, Mohammad Heidari (56021940900)",0,0,1,1
"Kappelhof, J.W.N.M. (6603781159)",0,0,1,1
"Kapper, Robert (16028378100)",0,0,1,2
"Kappiah, Nandini (9737588500)",1,1,0,0
"Kapur, Nik (7006646043)",0,0,1,2
"Kapustin, Nikita O. (57194647360)",0,0,1,15
"Kara, Emre C. (55648039500)",1,1,1,2
"Kara, S. (7005359400)",0,0,1,2
"Karabasoglu, Orkun (35102602500)",1,1,1,1
"Karagiannis, F. (56708675200)",1,1,1,3
"Karagrigoriou, Alex (6602578885)",0,0,1,1
"Karakas, Filiz (57969048400)",0,0,1,1
"Karakasidis, Theodoros E. (6603783293)",1,1,0,0
"Karakolis, Evangelos (57711282200)",1,1,0,0
"Karakuzu, Cihan (12789136000)",1,1,0,0
"Karali, Nihan (24338597200)",0,0,1,5
"Karami, Hamid Reza (57217627314)",1,1,0,0
"Karami, M. Amin (26221345100)",1,1,1,1
"Karamousantas, D.Ch. (24402602400)",1,1,1,1
"Karan Kumar, K. (58916241000)",1,1,0,0
"Karanfil, Fatih (17135093100)",0,0,1,4
"Karanth, Avinash (57204141554)",1,1,0,0
"Karapistoli, Eirini (24332163500)",1,1,0,0
"Karaszewski, Adam (57214676153)",1,1,0,0
"Karatas, Aslihan (55922683200)",0,0,1,1
"Karatasou, S. (6507468012)",1,3,0,0
"Karava, Panagiota (15757478500)",1,1,0,0
"Karbowski, Dominik (37050833000)",1,2,0,0
"Kargarian, Amin (49863648400)",2,3,1,1
"Karhinen, Santtu (57200755563)",0,0,1,2
"Karim, Md. Ebtidaul (57222034667)",1,1,0,0
"Karim, Miftah Al (57192417695)",1,1,0,0
"Karim, Raed (51461493400)",1,3,0,0
"Kariman, Ali Reza (57218767234)",1,1,0,0
"Karimi, Hamid (57208596607)",0,0,1,1
"Karimi, Houshang (7006167406)",1,1,0,0
"Karimi, Iftekhar A. (7005509050)",1,1,0,0
"Karimi, Mazaher (49561491700)",0,0,1,2
"Karimi, Seyed M. (57220096578)",0,0,1,2
"Kariniotakis, G. (8289899400)",1,1,0,0
"Kariniotakis, George (8289899400)",4,9,1,3
"Kariniotakis, George N. (8289899400)",0,0,1,2
"Karkhaneh, Mohammad (57776570600)",1,1,0,0
"Karki, R. (6603940447)",1,1,0,0
"Karki, Rajesh (6603940447)",1,1,0,0
"Karlessi, Theoni (25632590700)",0,0,1,1
"Karlsson, Björn (26643542300)",0,0,1,1
"Karlsson, Freka (57225362448)",0,0,1,3
"Karmellos, Marios (56436826700)",0,0,1,7
"Karney, Bryan (7004449407)",0,0,1,4
"Karni, Jacob (7003614829)",1,1,1,1
"Karniadakis, George (55665002100)",1,1,0,0
"Karnik, Tanay (6603675707)",1,1,0,0
"Karnouskos, Stamatis (55888081000)",1,3,1,1
"Karousos, Anastasios (24335415500)",1,1,0,0
"Karplus, Valerie J. (36905949100)",0,0,2,12
"Karri, M.A. (16067280600)",0,0,1,1
"Karsenti, Asher (57756007000)",1,3,0,0
"Karthick, Alagar (57579504300)",1,1,0,0
"Kartini, Unit Three (57192095275)",1,1,0,0
"Karunaratne, Geethan (57207605273)",1,2,0,0
"Karunaratne, Manupa (56594853400)",1,2,0,0
"Kashem, M.A. (55582332500)",1,3,0,0
"Kasi, Srikar (57219784062)",1,2,0,0
"Kassakian, John (7003534373)",1,1,0,0
"Kassenga, G.R. (6602242485)",0,0,1,3
"Kassler, Andreas (6602762643)",1,2,0,0
"Kastanaki, Eleni (6506803830)",0,0,1,1
"Kastha, Debaprasad (55995466000)",1,1,1,1
"Katan, Claudine (6602856538)",0,0,1,1
"Kataoka, Kazuto (55214462600)",1,3,0,0
"Kathia, Muhammad Shahbaz (57219707179)",1,2,0,0
"Kato, Nei (7403474407)",2,5,0,0
"Katoch, Sameeksha (57201061925)",1,1,0,0
"Katramiz, Elvire (57211493949)",1,1,1,1
"Katsikas, S.K. (57200153283)",1,1,1,1
"Katsou, E. (26040737500)",0,0,1,2
"Katsouleas, Thomas (7006544630)",1,1,1,1
"Kaufmann, Christian A. (56583677400)",1,2,0,0
"Kaufmann, Robert K. (57158739200)",0,0,1,2
"Kauko, Hanne (57201128290)",0,0,1,1
"Kaul, Himanshu (59608237000)",1,12,0,0
"Kaur, Amanpreet (57197913178)",0,0,2,5
"Kaur, Jasleen (57225340075)",0,0,1,4
"Kaushik, S.C. (7202949674)",0,0,1,1
"Kavasseri, Rajesh G. (6507001577)",1,1,0,0
"Kaveh, Mohammad (55621622500)",1,1,0,0
"Kavgic, M. (23995316100)",0,0,1,14
"Kavouridis, K. (18436925300)",0,0,1,1
"Kavvada, Olga (56493121500)",0,0,1,3
"Kawabe, Taketoshi (35578256400)",1,9,1,4
"Kawaguchi, Shinichi (56021700500)",1,1,0,0
"Kawahara, Naoko (57206338291)",0,0,2,2
"Kawamoto, Kaoru (7202550736)",1,2,1,1
"Kawase, Hiroshi (56597704100)",1,2,0,0
"Kawashima, Akihiko (57189581262)",1,3,0,0
"Kay, Merlinde (36771492300)",1,1,3,7
"Kaye, Mary E. (7101834272)",1,2,0,0
"Kayes, Md Imrul (57202020892)",1,1,0,0
"Kaygusuz, K. (24474609300)",0,0,1,3
"Kayitare, Morris (58528747900)",0,0,1,1
"Kaynak, Okyay (7004469974)",1,1,1,1
"Kazadzis, Stelios (6603034566)",0,0,1,2
"Kazem, Hussein A. (24466476000)",1,1,0,0
"Kazemi, Ahad (24463359400)",0,0,1,2
"Kazemi, S.M.R. (55750708400)",1,1,0,0
"Kazempoor, P. (33368120100)",1,6,1,1
"Kazerani, Mehrdad (7004006622)",1,2,0,0
"Kažukauskas, Andrius (55232438200)",0,0,1,3
"Ke, Cangming (55623826900)",1,1,0,0
"Ke, Chi-Yun (58644979600)",1,1,0,0
"Ke, Deping (36666421300)",1,2,1,3
"Ke, Jing (39261767900)",0,0,1,11
"Ke, Qingdi (36194925500)",1,2,0,0
"Ke, Shaojia (57194206248)",1,1,0,0
"Ke, Zhihao (57210343984)",1,2,0,0
"Keane, A. (35567652600)",1,1,1,6
"Keawboonchuay, Chok (56633755000)",1,1,0,0
"Keblawi, A. (34875089700)",0,0,1,1
"Kechagiopoulos, Panagiotis N. (8966301600)",0,0,1,2
"Keegan, Brian (57211880240)",1,1,0,0
"Keeling, D. (9243128200)",0,0,1,2
"Keen, Jeremy (57192818219)",0,0,1,2
"Keen, Patricia L. (8925127100)",0,0,1,2
"Keen, Stephen (59890413300)",0,0,1,17
"Kegeng, Zhang (57999344000)",1,1,0,0
"Keirstead, James (56047783400)",0,0,1,1
"Keith, David W. (26643036500)",0,0,1,3
"Kejariwal, Arun (56108398400)",1,2,0,0
"Kekatos, Vassilis (8918817700)",0,0,1,1
"Keko, H. (6506497610)",0,0,1,2
"Kelch, Fabian (56703438900)",1,1,0,0
"Keles, Dogan (24512007000)",1,1,0,0
"Kellens, Karel (36997463500)",0,0,1,2
"Keller, Andreas (35810366200)",0,0,1,3
"Keller, Beat (36004948600)",0,0,1,4
"Keller, Jonathan (57213081813)",0,0,1,8
"Keller, Jurg (57208772241)",0,0,1,2
"Keller, Victor (57192542540)",0,0,1,1
"Kellett, Christopher M. (6603739953)",1,1,1,1
"Kelly, Jarod C. (24923505300)",0,0,1,3
"Kelly, K.A. (55252102100)",0,0,1,7
"Kelly, Nelson A. (59643602800)",2,2,1,2
"Kelly, Nicolas J. (7103356285)",0,0,1,2
"Kelly, Scott (7401618351)",0,0,1,9
"Kelman, Anthony (55210332100)",1,129,1,3
"Kelman, Anthony D. (55210332100)",1,3,0,0
"Kelsall, G.H. (7006708581)",1,28,0,0
"Kemausuor, Francis (26536076500)",0,0,1,11
"Kemp, René (35619497400)",0,0,1,17
"Kempf, Nicholas (56820211700)",0,0,1,1
"Kempton, W. (7003463757)",1,1,0,0
"Kendall, Donald R. (55947009400)",0,0,1,8
"Kendall, Gail (55166441000)",1,55,0,0
"Kennedy, Daniel William (59802489600)",0,0,1,3
"Kennedy, Erin (55748818000)",0,0,1,2
"Kennedy, Rosemary (55909745900)",0,0,1,5
"Kennel, Ralph (6603544991)",1,1,0,0
"Kenny, Thomas W. (26643301000)",1,7,0,0
"Kent, Christoph W. (57194017360)",0,0,1,16
"Keoleian, Gregory A. (7004102663)",0,0,2,19
"Kepenekian, Mikaël (26531429300)",0,0,1,1
"Ker, Jen Ho (57197858194)",0,0,1,1
"Ker, Pin Jern (37461740800)",0,0,1,2
"Kermani, Majid (34975468800)",0,0,1,2
"Kern, Andrea Parisi (55502713800)",0,0,1,1
"Kershman, Sultan A. (9337596400)",0,0,1,1
"Kerslake, Rick (57191275414)",1,108,0,0
"Keslassy, Isaac (8960724400)",1,1,0,0
"Kessels, J.T.B.A. (8604633100)",1,9,0,0
"Kestens, P.H.I. (55257117200)",1,5,0,0
"Ketjoy, Nipon (6506032154)",0,0,1,1
"Ketter, Wolfgang (6506124372)",0,0,1,1
"Keyaerts, Nico (35145998800)",0,0,2,6
"Keyes, Amelia (57202027194)",0,0,1,5
"Keyhani, Ali (60820930800)",1,1,0,0
"Keynia, Farshid (24331732500)",1,1,1,1
"Kezunovic, Mladen (35501128100)",0,0,2,3
"Kešpret, Grega (56266505400)",1,1,0,0
"Khadir, Mohamed Tarek (24401298600)",1,2,0,0
"Khadse, Anil Nivrutti (21233886500)",0,0,1,1
"Khairuddin, Anis Salwa Mohd (36019257000)",1,1,0,0
"Khaiyat, Ahmad (57221831326)",1,2,0,0
"Khalaf, Doaa H. (58906294500)",0,0,1,1
"Khaleghi, Alireza (25627965900)",0,0,1,2
"Khalid, M. (35324924400)",1,2,0,0
"Khalid, Muhammad (35324924400)",0,0,1,1
"Khalid, Yasir Noman (57212508584)",1,1,0,0
"Khalifa, Abdulmajed (16744091500)",1,1,0,0
"Khalifa, Atia E. (36166677900)",1,8,0,0
"Khaligh, Alireza (14048428200)",1,3,0,0
"Khalil, A. (57191793950)",1,1,0,0
"Khalil, Ibrahim (24830581000)",1,1,0,0
"Khalil, Ihsan Ullah (57202813302)",1,2,0,0
"Khalil, Maysaa (57215696566)",1,1,0,0
"Khalili, Azam (25651893700)",1,1,0,0
"Khalilpour, Kaveh (23985049500)",0,0,1,1
"Khalilpour, Kaveh Rajab (23985049500)",1,2,0,0
"Khaloie, Hooman (57204460641)",1,2,0,0
"Khamma, Thulasi Ram (57219176702)",1,1,0,0
"Khan, Anam Nawaz (57222424770)",1,1,0,0
"Khan, Ansar (57190342598)",0,0,1,1
"Khan, Arif Md. (36999972900)",1,1,0,0
"Khan, Asharul (56658133500)",0,0,1,1
"Khan, Awais Ahmad (55792432700)",1,2,0,0
"Khan, Baseem (55647924400)",1,2,0,0
"Khan, Farrukh Aslam (35240278200)",1,1,0,0
"Khan, Gul Muhammad (19639163400)",1,84,0,0
"Khan, Haroon (14521310700)",0,0,1,1
"Khan, Hassan Abbas (56232143200)",0,0,1,1
"Khan, Imran (57189001668)",1,1,0,0
"Khan, Imran (57658152700)",1,2,0,0
"Khan, M. Ryyan (55339427400)",0,0,1,2
"Khan, Mahnoor (58263319200)",1,1,0,0
"Khan, Moby (56024206200)",0,0,1,1
"Khan, Mohammad Usman Ali (57265403300)",1,1,0,0
"Khan, Muhammad Adnan (57226797214)",1,1,1,1
"Khan, Muhammad Arqum (59274153600)",1,1,0,0
"Khan, Muhammad Aseer (57216877738)",1,1,0,0
"Khan, Muhammad Haider (57219704628)",1,2,0,0
"Khan, N.U. (57645654800)",1,1,0,0
"Khan, Nasrullah (7401797554)",1,1,0,0
"Khan, Nida Saddaf (56083863100)",1,2,0,0
"Khan, P.A.K. (36474909500)",1,1,0,0
"Khan, Prince Waqas (57202838110)",1,2,0,0
"Khan, Qazi Waqas (58337174600)",1,1,0,0
"Khan, Rabia (57205443790)",1,1,0,0
"Khan, Sajjad (58088159900)",1,1,0,0
"Khan, Shahbaz (56580872000)",1,1,0,0
"Khan, Suleman (56045629300)",0,0,1,1
"Khan, Umer Amir (36650930200)",1,1,0,0
"Khan, Zahoor Ali (57215900575)",0,0,1,1
"Khan, Zulfiqar Ahmad (58314622900)",2,3,1,1
"Kharangate, Chirag R. (52263767800)",1,3,0,0
"Khare, Neelu (56500137200)",0,0,1,1
"Kharel, Rupak (25122762400)",1,1,0,0
"Khasim Vali, D. (58102548800)",1,1,0,0
"Khastoo, B. (6506556058)",1,2,0,0
"Khatibi, Seyed Reza (57189027819)",0,0,1,2
"Khattab, Omar (6507640765)",0,0,1,1
"Khayyam, Hamid (26422988300)",1,1,1,1
"Khazaei, Javad (57191254864)",1,1,0,0
"Khazaei, Javad (57191254865)",0,0,1,1
"Khdeer, Nasser (58670622500)",1,1,0,0
"Kheimi, Marwan (57221472344)",1,4,0,0
"Khelifa, A. (56583967800)",0,0,1,1
"Khelifa, Abdelkrim (56583967800)",1,1,1,1
"Khemakhem, Maher (14052255500)",1,1,1,2
"Kherrour, Sofiane (57192932687)",1,1,0,0
"Khiat, Abdelhamid (57210785856)",0,0,1,1
"Kho, Johnsen (28267793900)",1,6,0,0
"Khodadadi, Jay M. (7004182221)",1,14,0,0
"Khodayar, Mahdi (57188814131)",1,1,1,1
"Khodayar, Mohammad E. (24483523700)",1,1,1,1
"Khokhriakov, Semyon (57204509481)",1,2,0,0
"Khoo, Sui Yang (17345959200)",1,2,0,0
"Khooban, Mohammad Hassan (55326601700)",1,1,0,0
"Khooban, Mohammad-Hassan (55326601700)",1,1,0,0
"Khorasani, Khashayar (26642977400)",0,0,1,2
"Khorramdel, Hossein (55253858000)",1,1,0,0
"Khosa, Ikramullah (36606319400)",2,2,0,0
"Khoshnevis, Afsane (57212170663)",1,2,1,1
"Khoshnevisan, Ladan (37050929500)",1,1,0,0
"Khosravani, Hamid R. (56007480700)",1,3,1,2
"Khosravi, A. (56125885700)",0,0,1,1
"Khosravi, Abbas (56234594800)",2,3,0,0
"Khoumsi, Ahmed (6602317101)",1,1,0,0
"Khraief, Naceur (22134934300)",0,0,1,1
"Khripko, Diana (57189445582)",0,0,1,2
"Khummongkol, D. (57105425500)",0,0,1,1
"Khurana, Maninder (56533543000)",1,1,0,0
"Khurram, A. (57189639563)",1,1,0,0
"Khurshaid, Tahir (56193037500)",1,1,0,0
"Kialashaki, Arash (55654199200)",0,0,1,2
"Kian, Zahra (57226111140)",0,0,1,1
"Kiang, Nancy Y. (57191693467)",0,0,1,1
"Kibert, Charles J. (6602508604)",1,2,1,2
"Kichkaylo, Tatiana (8645972500)",1,2,0,0
"Kickham, Lauren (57195558494)",0,0,1,13
"Kiefer, Klaus (15744173800)",0,0,1,3
"Kiesel, Rüdiger (6602123011)",0,0,1,1
"Kieser, Barbara (57188675819)",0,0,1,13
"Kieu, Tung (57203167953)",1,1,0,0
"Kiewchaum, Anna (57194016219)",0,0,1,1
"Kiguchi, Y. (36026521900)",0,0,1,1
"Kikas, Timo (6602645342)",0,0,1,1
"Kilburn, Troy B. (56303606300)",1,2,0,0
"Kiley, Fynn (59198599400)",0,0,1,1
"Kilgore, K.L. (7006825755)",1,2,0,0
"Kilian, Ralf (57464638700)",0,0,1,5
"Kiliccote, Sila (25928395100)",2,5,1,6
"Killian, M. (56078355300)",1,3,1,2
"Killian, Michaela (56078355300)",0,0,1,4
"Killinger, Sven (56585883400)",0,0,3,6
"Killingtveit, Aanund (6602706284)",0,0,1,45
"Kilmartin, Liam (6508312688)",1,1,0,0
"Kim, BaekGyu (54179314600)",1,2,0,0
"Kim, Byung-Jo (55338441500)",1,1,0,0
"Kim, Chang Jung (56569575400)",1,5,0,0
"Kim, Chang Sik (55223108500)",0,0,2,28
"Kim, Chang Soo (55645446000)",1,1,0,0
"Kim, Cheol Hong (57223773862)",2,4,0,0
"Kim, Chul (56145937300)",1,2,0,0
"Kim, Chul (57193824302)",0,0,1,1
"Kim, Chul-Hwan (57727384900)",1,1,0,0
"Kim, Daejong (35208705700)",1,1,0,0
"Kim, Deockho (57194389734)",1,1,0,0
"Kim, Do Hyeun (44361167000)",1,1,0,0
"Kim, Do-Hyeun (44361167000)",1,1,0,0
"Kim, Do-In (57195392779)",1,1,0,0
"Kim, DoHyeun (44361167000)",1,1,0,0
"Kim, Dohee (57198638320)",1,1,0,0
"Kim, Dohyeun (44361167000)",2,5,0,0
"Kim, Dohyun (57206099390)",1,1,0,0
"Kim, Dong Ho (57780052800)",1,1,0,0
"Kim, Dong Keun (55742977500)",1,1,0,0
"Kim, Donghoon (57218401250)",1,1,0,0
"Kim, Dongki (57049732000)",1,30,0,0
"Kim, Eun-Seob (56205391700)",0,0,1,5
"Kim, Gayoung (57193067014)",1,1,0,0
"Kim, Gi-Seok (59439462700)",0,0,1,2
"Kim, Gwanho (58107801200)",1,1,0,0
"Kim, Hakhyun (57201985541)",1,1,0,0
"Kim, Hanjoo (55847111100)",1,4,0,0
"Kim, Heesoo (57191719821)",1,1,0,0
"Kim, Heung-Nam (56981385900)",1,2,0,0
"Kim, HoYeon (57354608300)",1,1,0,0
"Kim, Hongseok (56152306100)",2,2,0,0
"Kim, Hoo Hugo (56923874700)",1,1,0,0
"Kim, Hoonhee (57221455143)",1,1,0,0
"Kim, Howon (8912582200)",1,5,0,0
"Kim, Hubert (55916771300)",1,14,0,0
"Kim, Hun-Seok (57203630296)",1,1,0,0
"Kim, Hyeonmin (56580730100)",0,0,1,1
"Kim, Hyesoon (8851882000)",2,5,0,0
"Kim, HyunMi (56377514700)",1,1,0,0
"Kim, Hyung Joon (57211499943)",1,1,0,0
"Kim, Hyung-Soo (56245906100)",0,0,1,5
"Kim, Hyunho (56016177200)",1,3,0,0
"Kim, Ikhwan (57201828196)",1,2,0,0
"Kim, J.-E. (57207437445)",1,1,0,0
"Kim, Jae D. (59863076200)",0,0,1,5
"Kim, Jae-Han (56100413400)",0,0,1,1
"Kim, Jaedong (57320778700)",1,1,0,0
"Kim, Jai-Hoon (55928227400)",1,7,0,0
"Kim, Jay J. (55937125600)",1,1,0,0
"Kim, Jay Yu (8624053900)",1,4,0,0
"Kim, Jee-Heon (57211082594)",1,7,0,0
"Kim, Jeehwan (35179593300)",1,3,0,0
"Kim, Ji-Hoon (57221537445)",1,1,0,0
"Kim, Ji-Myong (56828588800)",0,0,1,1
"Kim, Ji-Young (49863490000)",0,0,1,1
"Kim, Jin Sul (14631948300)",1,1,0,0
"Kim, Jin Sung (57191685289)",1,2,0,0
"Kim, Jin Young (56526721100)",1,1,0,0
"Kim, Jin-Hong (58551765900)",0,0,1,1
"Kim, Jin-Kuk (57200621627)",1,2,0,0
"Kim, Jin-Lee (23469864000)",0,0,1,1
"Kim, Jin-Soo (56395622000)",1,12,0,0
"Kim, Jin-Sung (57188693747)",1,31,0,0
"Kim, Jinho (57207438056)",0,0,1,2
"Kim, Jinsung (57217998449)",1,1,0,0
"Kim, Jisu (58948486200)",1,2,0,0
"Kim, Jong Hyun (57207436869)",1,1,0,0
"Kim, Jong Myon (55850196800)",1,1,0,0
"Kim, Jong Suk (56399738800)",0,0,1,2
"Kim, Jong-Chan (49963957400)",1,1,0,0
"Kim, Jong-Suk (57970435800)",1,1,0,0
"Kim, Jongho (57189644194)",1,1,0,0
"Kim, Jonghoon (58163377300)",0,0,1,1
"Kim, Jongman (55720124000)",2,14,0,0
"Kim, Ju-Yong (51665056500)",0,0,1,1
"Kim, Junghyun (55647150600)",1,30,0,0
"Kim, Junghyun (55812892300)",1,1,0,0
"Kim, Jungsoo (35848449200)",1,1,0,0
"Kim, Jungsoo (57189969323)",0,0,2,2
"Kim, Jungwon (56542815600)",1,1,0,0
"Kim, Kihan (57210829040)",1,1,0,0
"Kim, Kiwan (57222245523)",1,1,0,0
"Kim, Kwan-Ho (59082677800)",1,1,0,0
"Kim, Kwang-Ki K. (51461422300)",1,1,0,0
"Kim, Kyeong Nam (56310928100)",1,1,0,0
"Kim, Kyeong Ok (8948403700)",1,1,1,3
"Kim, Kyong-Hwan (36163336200)",0,0,1,1
"Kim, Kyoung Joon (7409325903)",1,3,1,1
"Kim, Kyung Ki (9735841300)",1,3,0,0
"Kim, Kyung-Min (57212880080)",1,1,0,0
"Kim, Min Jae (57190274351)",0,0,1,1
"Kim, Min-Soo (57221073642)",0,0,1,5
"Kim, MinJeong (55686327500)",1,1,0,0
"Kim, Minsoo (59628080800)",1,1,0,0
"Kim, Minwoo (57203751006)",1,3,0,0
"Kim, Moon Keun (57205447287)",0,0,1,1
"Kim, Moonsoo (57190847054)",1,5,0,0
"Kim, Mun Kyeom (36679155300)",1,1,0,0
"Kim, Myoungsoo (57209218389)",0,0,1,4
"Kim, Myungchul (8209273300)",1,6,0,0
"Kim, Myungsun (57215003081)",1,1,0,0
"Kim, Nam Sung (35176068600)",1,1,0,0
"Kim, Namkyu (57208834879)",1,1,0,0
"Kim, S.J. (55907822100)",1,1,0,0
"Kim, Sahm (55265193000)",2,4,1,1
"Kim, SangYoun (57212149808)",2,2,0,0
"Kim, Sangjin (57203773212)",1,1,0,0
"Kim, Sangyeob (57201900920)",1,1,0,0
"Kim, Seon Hyeog (57203186403)",1,1,0,0
"Kim, Seong-Hwan (57847822800)",1,4,1,1
"Kim, Serena (57214994370)",1,1,0,0
"Kim, Seung Jo (56046891900)",1,2,0,0
"Kim, Seung-Yeon (23481508100)",0,0,1,1
"Kim, Shin-Dug (17233679400)",1,3,0,0
"Kim, Son H. (56060528100)",0,0,1,27
"Kim, Soontae (55978339900)",3,15,0,0
"Kim, Sooyoung (55718749100)",1,1,1,2
"Kim, Su Kyoung (42761618100)",1,4,0,0
"Kim, Suhan (59781978800)",0,0,1,2
"Kim, Sun-Hee (55718724500)",1,1,0,0
"Kim, Sung Hyun (55718998700)",0,0,1,2
"Kim, Sungho (58671859900)",1,1,0,0
"Kim, Sunghwan (35302824700)",1,3,0,0
"Kim, Sunkuk (7601578906)",0,0,1,1
"Kim, Tae Heon (56160173400)",0,0,1,2
"Kim, Tae Young (57212837654)",1,1,0,0
"Kim, Tae-Young (59099710900)",1,6,1,3
"Kim, Taebin (57221093416)",1,1,0,0
"Kim, Taehyung (34975074100)",1,1,0,0
"Kim, Taeyoung (59396438400)",0,0,1,2
"Kim, Tong Seop (34870011700)",0,0,1,1
"Kim, Won-Tae (57203266822)",1,4,0,0
"Kim, Wook (57199881508)",1,1,0,0
"Kim, Wooseong (55492052500)",1,2,1,2
"Kim, Y. (57225051107)",0,0,1,3
"Kim, Yang-Seon (56547567000)",0,0,2,3
"Kim, Yeonji (57352706400)",1,1,0,0
"Kim, Yi-Kang (57217847628)",0,0,1,1
"Kim, Yong-Bin (7410199422)",1,1,0,0
"Kim, Yong-Shik (15062836400)",1,1,0,0
"Kim, Yongchan (55764113700)",1,1,0,0
"Kim, Yonghwan (57196171479)",1,1,0,0
"Kim, Yoori (57203116555)",1,2,0,0
"Kim, You-Dong (57195492196)",0,0,1,2
"Kim, Young Jin (57094336700)",1,1,0,0
"Kim, Young-Bae (57219402863)",1,5,0,0
"Kim, Young-Il (56066804700)",1,1,0,0
"Kim, Youngduk (56066832500)",0,0,1,2
"Kim, Youngki (55677813600)",0,0,1,1
"Kim, Yunjong (55633613800)",1,10,1,1
"Kim, Yunsun (57210993051)",2,4,1,1
"Kimball, Gregory M. (36641938900)",0,0,1,6
"Kimmig, Andreas (57212462421)",1,1,0,0
"Kimpian, Judit (54393240600)",0,0,1,1
"Kimura, Akihiro (7402712116)",1,2,0,0
"Kimura, Shigeru (57681039400)",0,0,1,1
"Kindt, Philipp H. (54784693500)",1,1,0,0
"King, Bruce (55983922200)",0,0,1,11
"King, C.W. (7401525981)",0,0,1,4
"King, Carey W. (7401525486)",0,0,2,8
"King, Isaac (57210900458)",0,0,1,1
"King, K.S. (55747753543)",1,1,0,0
"King, William P. (26643645400)",1,7,0,0
"Kinnas, Michail (59424082400)",0,0,1,2
"Kinsey, Geoffrey S. (7003974218)",0,0,1,1
"Kinsey, T. (9839247300)",1,2,0,0
"Kipping, A. (57000406800)",0,0,1,4
"Kiran, Attuluri Uday (57715595300)",0,0,1,1
"Kirby, Brendan (7102058119)",1,1,1,2
"Kirby, Neil (45561251900)",1,1,1,1
"Kircher, Kevin J. (56439323200)",1,2,0,0
"Kirchner, Elsa Andrea (23397107100)",1,4,0,0
"Kirchner, Frank (7006011550)",1,4,0,0
"Kireeva, Elena (60248576100)",0,0,1,2
"Kirill Andreevich, Vyatkin (58114661300)",0,0,1,1
"Kirischian, Lev (6507386254)",1,2,0,0
"Kirk, Alexander (36128514800)",0,0,1,2
"Kirk-Davidoff, Daniel B. (6603021857)",0,0,1,1
"Kirol, Christopher P. (55102806800)",0,0,1,11
"Kirschen, Daniel (7006534478)",1,8,0,0
"Kirschen, Daniel S. (7006534478)",1,4,1,1
"Kiruthihan, N. (57818804800)",1,1,0,0
"Kiruthikan, S. (58288801300)",1,1,0,0
"Kisacikoglu, Mithat C. (25928490800)",1,2,0,0
"Kishimoto, Paul (56534123500)",0,0,1,3
"Kishimoto, Paul Natsuo (56534123500)",0,0,1,1
"Kishore, Shalinee (7005229551)",0,0,1,1
"Kishore, V.V.N. (7005491937)",0,0,1,2
"Kisira, Yeeko (57762385700)",0,0,1,1
"Kiss, László I. (56883923400)",1,1,0,0
"Kita, Hiroyuki (7202399376)",1,2,0,0
"Kitagoh, Kazutoshi (55510422300)",1,2,0,0
"Kitamura, Hiroshi (7201652476)",0,0,1,2
"Kitessa, Bedassa Dessalegn (57219976428)",0,0,1,1
"Kittel, Martin (57216628268)",0,0,1,2
"Kittelson, David B. (55547117914)",1,1,0,0
"Kittner, Noah (55874868200)",1,7,1,4
"Kivekäs, Klaus (57190384149)",1,1,1,1
"Kivikytö-Reponen, Päivi (22034760300)",0,0,1,7
"Kiviluoma, Juha (18535966900)",0,0,1,1
"Kiwa, Toshihiko (6603908017)",1,1,0,0
"Kizil, Mehmet S. (54383344200)",0,0,1,1
"Kizu, Tsubasa (57193312627)",1,1,0,0
"Kjellberg, Kasper (56971265100)",0,0,1,1
"Kjærgaard, M.B. (15044658500)",1,1,1,2
"Kjærgaard, Mikkel Baun (15044658500)",1,3,1,1
"Klabjan, Diego (6603598029)",1,79,0,0
"Klabučar, Boris (57216618086)",0,0,1,1
"Klampaftis, Efthymios (26423073000)",1,1,0,0
"Klautau, Aldebaro (35609405200)",1,8,0,0
"Kleanthous, Marios (24587560900)",1,2,0,0
"Kleeman, Michael J. (26643509200)",0,0,1,3
"Kleemann, Hans (36675147400)",1,2,0,0
"Kleidon, Axel (6603941796)",0,0,3,8
"Kleiman, Rafael N. (7005828443)",1,2,0,0
"Klein, H. (56374069500)",0,0,1,3
"Klein, Richard (57188701055)",1,2,1,1
"Klein, S.A. (57191386256)",1,2,0,0
"Kleissl, J. (6507785309)",3,14,2,7
"Kleissl, Jan (6507785309)",3,7,3,7
"Kleit, Andrew (7003384472)",0,0,1,2
"Klemeš, Jiří Jaromír (56903012000)",1,2,1,1
"Kleynhans, E.L.J. (57159795700)",2,8,0,0
"Klimek, Peter (24076624200)",0,0,1,2
"Klimov, Victor I. (7101804130)",1,2,0,0
"Kling, Wil L. (9839080500)",2,2,2,2
"Klinger, Jordan (36026564500)",1,1,0,0
"Klingler, Anna-Lena (57117564500)",0,0,1,27
"Klinkowski, Miroslaw (6506446361)",1,1,0,0
"Klinkowski, Mirosł (6506446361)",1,3,0,0
"Klintberg, Anton (57195317501)",1,1,0,0
"Klobasa, Marian (24724619000)",0,0,1,6
"Klocke, Fritz (55954467200)",1,3,0,0
"Klonowski, Jacek (54998771500)",0,0,1,1
"Kluger, Jocelyn M. (55744404400)",0,0,1,2
"Klugman, Noah (56149697100)",0,0,1,1
"Klumperink, Eric (7003459853)",1,2,0,0
"Klymenko, Nataliia (57210844921)",0,0,1,1
"Klyve, Øyvind Sommer (58155439500)",0,0,1,1
"Klöckl, Bernd (23978128500)",1,3,1,3
"Klöckner, Christian A. (6603963589)",0,0,1,1
"Knabben, Fernando T. (25649574800)",1,1,0,0
"Knapen, Luk (47961207400)",1,3,0,0
"Knauer, Andreas (55629159800)",0,0,1,3
"Knaut, Andreas (57140562200)",0,0,1,1
"Knežević, Marinela (57208839993)",0,0,1,1
"Knibbs, Luke D. (16313525200)",0,0,1,1
"Kniese, D.-W. (8316846000)",1,3,0,0
"Knight, Ian (7006716714)",0,0,1,2
"Knipe, Jennifer M. (57189727296)",1,3,0,0
"Knirsch, Fabian (56768188100)",0,0,1,1
"Knittel, Thorsten (57215992864)",1,3,0,0
"Knoop, Henning (37026324300)",1,2,0,0
"Knorr, D. (7103191813)",1,1,0,0
"Knudsen, Brage Rugstad (55375567300)",0,0,1,1
"Ko, Dong-Hui (55595405100)",0,0,1,2
"Ko, Dong-Shin (56028754600)",0,0,1,1
"Ko, Haneul (55360236500)",1,1,0,0
"Ko, Jaejung (7402678484)",1,2,0,0
"Ko, Jaerak (57941550200)",1,1,0,0
"Ko, JeongRyun (57964581700)",1,1,0,0
"Ko, Jinho (24822695000)",1,1,0,0
"Ko, Woong (57193687719)",0,0,1,2
"Ko, Young-Bae (55273358100)",1,1,0,0
"Kobayashi, K. (55542516400)",1,6,0,0
"Kobayashi, Kiyoshi (55628554352)",1,1,0,0
"Kobayashi, N.P. (36133066600)",1,5,0,0
"Kocarev, Ljupco (7005782701)",1,1,1,1
"Kocbach, Jan (6507381504)",1,1,0,0
"Koch, Michael (57626970000)",1,1,0,0
"Koch, Stephan (57192720654)",2,26,2,3
"Kockelman, Kara (7003820247)",0,0,1,1
"Kockelman, Kara M. (7003820247)",0,0,2,30
"Kocsis, Charles (57192702125)",0,0,1,3
"Kodaira, Daisuke (56974393400)",1,1,0,0
"Kodituwakku, Supun (57207244040)",1,2,0,0
"Koduru, Suprabhath (57542624100)",1,1,0,0
"Koebel, Matthias M. (10041631200)",0,0,1,4
"Koehl, Michael (33267704200)",1,1,0,0
"Koen, Renee (56784170100)",0,0,1,2
"Koenig, Alan (7103178216)",0,0,1,3
"Kofman, Ernesto (7006367788)",1,2,0,0
"Kogge, Peter (6603685311)",1,1,0,0
"Kohler, Christian (26661042300)",1,2,1,1
"Kohn, Robert (36004205900)",1,1,1,2
"Kohrn, Markus (57194615060)",0,0,1,1
"Koibuchi, Michihiro (9733682900)",2,9,0,0
"Koike, Yasuharu (57192928817)",1,1,0,0
"Kokalj, Filip (8684991300)",0,0,1,1
"Kokh, A.A. (57207937725)",1,1,0,0
"Kolhe, Mohan (55370084800)",0,0,1,3
"Kolker, Allan (57212996953)",0,0,1,3
"Kolmanovsky, Ilya (7006937254)",1,2,0,0
"Kolodynska, Amanda (57216898154)",1,2,0,0
"Kolokotroni, M. (6603887583)",0,0,2,7
"Kolokotroni, Maria (6603887583)",0,0,3,11
"Kolokotsa, D. (36337762700)",0,0,2,2
"Kolokotsa, Dionysia (36337762700)",1,1,1,2
"Koltsaklis, Nikolasos E. (55901679200)",0,0,1,1
"Komali, Ramakant S. (14632134700)",1,1,0,0
"Komarova, A.V. (57204637158)",0,0,1,1
"Komnos, D. (57202454002)",0,0,1,8
"Komnos, Dimitrios (57202454002)",0,0,1,12
"Komoda, Mineo (7004252085)",1,1,0,0
"Kompatsiaris, Ioannis (7004756014)",0,0,1,2
"Konczykowska, Agnieszka (56218622200)",0,0,1,1
"Kondepudi, Sekhar (56736519100)",0,0,1,3
"Kondo, Seiji (55616103800)",1,3,0,0
"Kondo, Yoshihiro (7403008838)",1,1,0,0
"Kondoh, Junji (7005233220)",1,1,0,0
"Kondou, K. (25723323600)",1,6,0,0
"Konduri, Bhagavan (57192690072)",1,1,0,0
"Kong, Daeyoung (58384382400)",1,3,0,0
"Kong, Feng (55547138387)",1,1,0,0
"Kong, Jian-Lei (57195225361)",1,2,0,0
"Kong, Ling-Si (57195732846)",0,0,1,2
"Kong, Lingshuang (25627804800)",1,1,0,0
"Kong, Ming (57213833135)",1,3,0,0
"Kong, Nicolas (55966301300)",1,4,1,2
"Kong, Qiankun (58795909700)",1,2,0,0
"Kong, Weicong (56643966200)",2,2,1,2
"Kong, Weile (57480270500)",1,1,0,0
"Kong, Yang (57220940337)",1,1,0,0
"Kong, Yuyao (57208002734)",1,1,0,0
"Kong, Zhengmin (23008629200)",2,5,0,0
"Konieczny, Tomasz (60224791800)",1,5,0,0
"Kononenko, Igor (57188535146)",1,1,0,0
"Konstantinou, Georgios (34976942500)",1,1,1,1
"Konstantinou, Theodoros (57211293327)",1,1,0,0
"Kontoyiannidis, Simon (7801633350)",0,0,1,4
"Koomey, Jonathan G. (55909535900)",1,2,2,11
"Koon Koon, Randy (57210597107)",0,0,1,1
"Koopman, Siem Jan (6701473976)",1,1,0,0
"Koopmans, Carl C. (6701759969)",0,0,1,38
"Koot, Martijn (57212147213)",1,1,1,24
"Koot, Michiel (8604633600)",1,9,0,0
"Koppelaar, Rembrandt H.E.M. (55949990800)",0,0,1,1
"Koprinska, I. (6506616260)",1,3,0,0
"Kopsakangas-Savolainen, Maria (6506860075)",0,0,1,2
"Koralewicz, Przemyslaw (55438129000)",1,1,1,7
"Korambath, Prakashan (6602636811)",1,1,0,0
"Koras, Andreas (6507733733)",0,0,1,2
"Korbakis, G. (56960571400)",0,0,1,6
"Koren, Israel (7006527358)",1,11,0,0
"Korn, Ralf (7005811212)",0,0,1,2
"Korolija, Ivan (36619453100)",1,2,1,2
"Korolko, Nikita (56768052600)",1,1,0,0
"Korpås, M. (15077121600)",0,0,1,1
"Korpås, Magnus (15077121600)",1,3,1,2
"Korshin, Gregory V. (7003696629)",0,0,1,1
"Kortela, J. (36835265900)",1,1,0,0
"Kortshagen, Uwe (56670960700)",0,0,1,3
"Korup, Oliver (6602348460)",0,0,1,10
"Korvink, Jan G. (7003513358)",0,0,1,1
"Kosiankowski, Dirk (35220049100)",0,0,1,1
"Koskela, Juha (57193457134)",0,0,1,1
"Koskela, T. (55168108600)",0,0,1,1
"Kosonen, Risto (14011957700)",1,1,0,0
"Kosović, Branko (6602729251)",0,0,1,1
"Kost, Christoph (48861432700)",0,0,1,3
"Kostin, V.I. (16401911200)",0,0,1,4
"Kostrzewa, Daniel (50661666400)",1,1,0,0
"Kostuk, Raymond K. (7003763960)",1,5,1,3
"Kostyra, Krzysztof (54996134600)",0,0,1,1
"Kota, Ramachandra (24764978700)",1,1,1,1
"Kotb, Kotb M. (57193601884)",0,0,1,2
"Kotchen, Matthew J. (6505919766)",0,0,1,17
"Kotecha, Radhika (57225849879)",0,0,1,1
"Kothari, D.P. (35809536700)",1,1,0,0
"Kotova, Lola (55812961800)",0,0,1,5
"Kotroni, V. (7004472363)",0,0,1,17
"Kotsovos, Konstantinos (6506004347)",2,3,0,0
"Kotthoff, Lars (36447466900)",1,1,0,0
"Kotwa, Ewelina (36809757000)",1,1,0,0
"Kotzur, Leander (57196417374)",0,0,1,1
"Kou, Peng (36562139800)",1,3,0,0
"Koucheryavy, Yevgeni (6507253900)",1,1,0,0
"Kougias, Ioannis (57194280637)",0,0,2,18
"Kouhi, Sajjad (55655248500)",0,0,1,1
"Koukouzas, N. (6603490220)",0,0,1,1
"Kouro, Samir (55897205100)",1,4,0,0
"Koushik, Dibyashree (57188370400)",1,2,0,0
"Kousksou, Tarik (12759352100)",0,0,2,2
"Koutitas, George (12805267000)",2,2,0,0
"Koutroulis, Eftichios (6602636353)",1,2,0,0
"Koutsiamanis, Remous-Aris (49963942100)",1,1,0,0
"Kouvaritakis, Nikos (6506975582)",0,0,1,1
"Kouzani, Abbas (7003695829)",1,1,0,0
"Kouzani, Abbas Z (7003695829)",1,2,0,0
"Kouzelis, Konstantinos (56582371200)",0,0,1,1
"Kouzou, Abdellah (15622806100)",1,1,0,0
"Kovacs, Erno (35606824000)",1,2,0,0
"Kovscek, Anthony R. (7005383765)",0,0,1,6
"Kowalczyk, Liliana (57212621064)",1,5,0,0
"Kowald, Matthias (37665333100)",0,0,1,13
"Koyama, T. (36190814600)",1,6,0,0
"Koylu, Umit O. (6701602007)",1,2,0,0
"Kozek, M. (6507782106)",1,3,1,2
"Kozek, Martin (6507782106)",1,1,2,5
"Kozhevnikov, A.I. (55917409000)",0,0,1,2
"Kozyrakis, Christos (6602525246)",0,0,1,1
"Koç, Muammer (57204468983)",0,0,1,1
"Kraas, Birk (55710930800)",0,0,1,3
"Kraft, Markus (57743169300)",0,0,2,31
"Krajačić, Goran (15923200600)",0,0,1,4
"Krampe, Joerg (6506718722)",1,1,1,27
"Kranz, Sven A. (24338248500)",0,0,1,3
"Krarti, Moncef (7005652144)",0,0,1,1
"Krasnodębska, K. (59181578000)",0,0,1,1
"Krassowski, Eve (57221614489)",1,3,0,0
"Krata, Jaroslaw (55173807900)",1,1,0,0
"Kratochvil, Stepan (56092751300)",0,0,1,3
"Kratzig, Oliver (57201115978)",1,1,0,0
"Kraume, Matthias (6603815512)",2,3,0,0
"Krause, Wolfram (7402493052)",1,2,1,2
"Krave, Niklas (57196222583)",0,0,1,16
"Krebs, Daniel (57197045206)",1,120,0,0
"Kreepoke, Phatsakorn (57219484209)",1,1,0,0
"Kreifels, Niklas (56586116600)",0,0,2,4
"Kreilkamp, Holger (57189616587)",1,3,0,0
"Kreinin, Lev (7003329835)",1,3,0,0
"Kremer, Marcel (57205123889)",0,0,1,1
"Krick, Brandon (34877044100)",1,1,0,0
"Kriett, Phillip Oliver (36768011200)",1,2,1,3
"Krishna, C. Mani (56851297700)",1,11,0,0
"Krishna, Janapati Venkata (59532682000)",0,0,1,1
"Krishna, Mallu Shiva Rama (59428309500)",1,1,0,0
"Krishna, Raji (58587626600)",1,1,0,0
"Krishnamoorthy, Srilalan (8706118600)",1,1,0,0
"Krishnamurthy, Dheepak (56514897600)",0,0,1,8
"Krishnamurthy, Ram K. (7102776492)",1,12,0,0
"Krishnan, Sivaneasan Bala (26422487200)",0,0,1,1
"Krishnan, Venkat (55793189598)",0,0,1,3
"Krishnaswamy, Srivatsa (57562940500)",1,1,0,0
"Kristensen, Hans Otto (7006321543)",0,0,1,1
"Kristjanpoller, Werner (55257698500)",1,1,0,0
"Kristoffersen, Eline (57159361200)",0,0,1,1
"Kristoffersen, Trine Krogh (15728302600)",0,0,1,1
"Krogh, Bruce H. (7006387097)",1,3,1,6
"Kroposki, Benjamin (6603082448)",0,0,1,2
"Kruger, Jacob S. (26030514400)",1,2,0,0
"Kruger, Paul (59107913000)",0,0,1,2
"Krunz, Marwan (15519628000)",1,9,0,0
"Kruse, Johannes (57218796775)",1,1,0,0
"Kryukov, A.V. (57206290349)",0,0,1,1
"Krzywaniak, Adam (57195675618)",1,1,0,0
"Krzywanski, Jaroslaw (25646504100)",1,2,0,0
"Kröger, Mats (57819732500)",0,0,1,2
"Krüger, Eduardo (56244643600)",1,3,0,0
"Krümpel, Johannes (56913320600)",0,0,1,1
"Ktistakis, M.A. (57216296354)",0,0,1,8
"Ku, Sung-Kwan (24577100300)",1,3,0,0
"Ku, Te-Tien (24178276700)",1,1,0,0
"Kuan, Yean-Der (24467731000)",1,1,0,0
"Kuang, Ge (12804180500)",1,7,0,0
"Kubaha, K. (35773568800)",0,0,1,2
"Kubicki, S. (22834799400)",0,0,1,11
"Kubilay, Aytaç (42061672000)",0,0,1,1
"Kucharczyk, Chris J. (58320109500)",1,4,1,4
"Kucharczyk, Jacek (57226286055)",0,0,1,1
"Kucukali, Serhat (6504239195)",0,0,1,2
"Kucukvar, Murat (36661159000)",0,0,1,1
"Kudarihal, C.S. (58521684200)",1,1,0,0
"Kudo, Mitsuru (7203018755)",1,1,0,0
"Kugi, A. (57217374033)",2,2,0,0
"Kuhn, Rudiger (38061636500)",1,1,0,0
"Kukal, Taranjit (52864004600)",1,1,0,0
"Kulaib, Aboelyazied (57221120308)",0,0,1,2
"Kulcsár, Balázs (60092516500)",3,5,0,0
"Kuleshov, Dmitry (35146120200)",0,0,1,1
"Kulkarni, C. (36651254500)",0,0,1,1
"Kulkarni, Prathik (57219936725)",1,1,0,0
"Kulkarni, Sarita B. (16070347400)",1,9,0,0
"Kumagai, Tomoaki (7202840353)",1,1,0,0
"Kumanan, Somasundaram (57204369503)",1,2,0,0
"Kumar, Ajay (55716727200)",1,2,0,0
"Kumar, Amit (55574185498)",0,0,2,4
"Kumar, Amit (7408039923)",0,0,1,1
"Kumar, Anikesh (57204521463)",0,0,1,2
"Kumar, Anoop (56151576400)",1,1,0,0
"Kumar, Aravindh (57205439618)",1,1,0,0
"Kumar, Ashish (58527206900)",1,1,0,0
"Kumar, Dayanand (57199657567)",1,1,0,0
"Kumar, Dhananjay (35366387500)",1,1,0,0
"Kumar, Nallapaneni Manoj (57205074692)",0,0,1,1
"Kumar, Neeraj (57206866080)",0,0,2,3
"Kumar, P. Ajey (8970672900)",0,0,1,3
"Kumar, P.R. (57203110480)",2,2,0,0
"Kumar, Pavan (57220738046)",1,1,0,0
"Kumar, Pawan (57206834821)",1,1,0,0
"Kumar, Rajesh (57217697241)",0,0,1,1
"Kumar, Rakesh (57217697431)",0,0,1,1
"Kumar, Sunil (58262509000)",1,6,1,2
"Kumar, Ujjwal (23025307900)",1,1,1,1
"Kumar, Yogendera (7006932022)",1,1,0,0
"Kumaran Nalini, Babu (57212091893)",1,1,0,0
"Kumarawadu, S. (6602977431)",1,1,0,0
"Kumaresan, T. (9846142400)",1,1,0,0
"Kumareswaran, Keerththana (57221844267)",0,0,1,2
"Kumari, Aparna (57203787564)",0,0,1,2
"Kumari, Shailja (58538121600)",1,1,0,0
"Kumbhar, Dhananjay D. (57215008175)",1,1,0,0
"Kummert, M. (16836820000)",1,3,1,2
"Kunanuntakij, Kultida (57215341617)",0,0,1,1
"Kunugi, Tomoaki (7102378314)",1,1,0,0
"Kunz, Friedrich (55880879300)",0,0,2,13
"Kuo, A.D. (7103035874)",1,25,0,0
"Kuo, C.-C. Jay (55533887300)",1,2,0,0
"Kuo, Ping-Huan (25925911500)",2,80,3,5
"Kuo, Tei-Wei (7401533801)",1,2,0,0
"Kuo, Wen-Kuang (16233430200)",1,2,0,0
"Kuppan, Vasudevan (57220810765)",1,1,0,0
"Kuramochi, Takeshi (26967718200)",0,0,1,19
"Kurdgelashvili, Lado (6504061572)",0,0,1,8
"Kure, Taiki (57220780588)",1,1,0,0
"Kurek, Teresa (57203361954)",1,1,0,0
"Kurfess, Thomas (7006425224)",1,5,0,0
"Kurki-Suonio, T. (8616742600)",0,0,2,3
"Kurnitski, Jarek (55940296200)",0,0,1,1
"Kuroha, Ryoichi (57200202029)",1,1,0,0
"Kuronen, Toni (56974080800)",1,1,0,0
"Kursun, Eren (55878969400)",1,3,0,0
"Kurtz, Sarah R. (35407265000)",0,0,1,6
"Kuruganti, Teja (15045112300)",0,0,1,1
"Kurup, Parthiv (57190936379)",0,0,1,5
"Kurz, Werner A. (7101795105)",0,0,1,26
"Kurzan, B. (57208450364)",1,1,0,0
"Kushiar, Khairul Faizal (57212462702)",0,0,1,1
"Kushwaha, Vishal (57686565500)",1,1,0,0
"Kusiak, Andrew (26643635700)",6,21,1,1
"Kusre, B.C. (6508215483)",0,0,1,1
"Kutluay, Emir (55615979600)",0,0,1,2
"Kutta, Andrew (55388581500)",1,2,0,0
"Kuttybay, Nurzhigit (57196375521)",1,1,0,0
"Kuusisto, Hannes (36483160400)",1,1,0,0
"Kuzmanovski, Vladimir (56395513200)",1,1,0,0
"Kuznetsov, Anatoliy (57205305388)",0,0,1,1
"Kuznetsov, Nikolay (55776382200)",0,0,1,2
"Kuznetsova, Elizaveta (54962463100)",2,4,0,0
"Kuznetsova, Elizaveta (57197159005)",0,0,1,1
"Kuznik, F. (23008617300)",0,0,1,1
"Kwade, A. (6603761773)",1,1,0,0
"Kwak, Jong Wook (15124850000)",1,1,0,0
"Kwak, Seung-Jun (7202607751)",0,0,1,4
"Kwak, Younghoon (55122966500)",0,0,2,2
"Kwan, Calvin Lee (50161794700)",0,0,1,11
"Kwan, Mei-Po (7005364475)",1,1,0,0
"Kwasinski, Alexis (6602789064)",4,7,0,0
"Kwasinski, Andres (6602789065)",2,3,0,0
"Kweon, Bo-Min (56085858400)",0,0,1,1
"Kwok, Helen H.L. (57209976768)",1,3,0,0
"Kwon, Dongseok (57203288190)",1,4,0,0
"Kwon, Gu-Young (57188859984)",1,1,0,0
"Kwon, Jonghwan (57211707691)",1,3,0,0
"Kwon, Youngsu (57213337307)",1,1,0,0
"Kwon, Youngsung (57191491844)",1,1,0,0
"Kwon, Youngwoo (7403459557)",1,30,0,0
"Kwong, Sam (7005601503)",1,1,0,0
"Kydes, Andy S. (6603615712)",0,0,1,3
"Kyere, Esther Benedicta (58657744900)",1,1,0,0
"Kyle, Page (35221968600)",0,0,1,3
"Kylili, Angeliki (55911672900)",0,0,1,2
"Kyozuka, Yusaku (7004198228)",0,0,1,3
"Kyung, Chong-Min (7005735233)",1,1,0,0
"Kähkönen, Satu (57222603519)",0,0,1,2
"Kämpf, Jérôme H. (58759187000)",0,0,1,1
"Kärnä, Juha-Petri (6701764751)",0,0,1,3
"Käsdorf, Benjamin (56964235600)",1,1,0,0
"Kääntee, U. (6508039691)",1,3,1,4
"Köhler, Carmen (56681764600)",0,0,1,2
"Köhler, Johannes (57200506486)",1,1,0,0
"Köhler, Peter (7102284923)",1,3,1,37
"Köhnen, Eike (57203506663)",1,2,0,0
"Kömürcü, Murat Ihsan (14066209500)",1,1,0,0
"König, Oliver (55589348700)",1,8,0,0
"Köppel, Johann (13610629700)",0,0,1,2
"Körber, Moritz (56962739600)",1,1,0,0
"Kühn, Martin (58904470400)",0,0,1,2
"Kühnlein, Christian (23967739600)",0,0,1,1
"Külah, Haluk (6602231834)",1,4,0,0
"LI, Kai (55596009200)",1,2,0,0
"LI, Xuan (56926484700)",1,2,0,0
"La Gennusa, Maria (6507192768)",0,0,1,1
"La Mendola, A. (57210269574)",0,0,1,1
"La Roche, Pablo (6508005490)",0,0,1,2
"La Scala, Massimo (56962766200)",1,1,0,0
"La Tona, G. (57216593103)",0,0,1,1
"Laatar, Ali H. (6602524886)",1,2,0,0
"Labadarios, Demetre (9232779800)",0,0,1,25
"Labandeira, Xavier (6508053081)",0,0,1,27
"Labbadi, Moussa (57204631365)",1,2,0,0
"Laberteaux, Kenneth P. (23028014200)",0,0,1,3
"Lacaita, Andrea L. (12791182800)",1,2,0,0
"Lacal-Arántegui, R. (44661623900)",0,0,1,4
"Lacarrière, Bruno (55907074700)",0,0,1,1
"Lacava, Andrea (57211265083)",1,2,0,0
"Lacerda, Madalena (57201355600)",0,0,1,2
"Lacheheub, Mohammed Nassim (57094977100)",1,1,0,0
"Lackner, Klaus S. (7102744837)",1,1,2,16
"Lackner, Matthew A. (20435815900)",0,0,1,2
"Ladevie, Bruno (6603024770)",1,1,0,0
"Lady, George M. (6507424568)",0,0,1,2
"Lafond, François (56520085700)",0,0,1,38
"Lagacé, Charles-Luc (35102536900)",1,1,0,0
"Lagen, Sandra (47061381500)",1,1,0,0
"Lago, Francisco (57225318956)",0,0,1,1
"Lago, Jesus (57198345601)",0,0,2,2
"Lagouvardos, K. (55937180800)",0,0,1,17
"Lagrange, Damien (56989263400)",0,0,1,1
"Laguerre, Onrawee (7801579466)",0,0,1,3
"Lahdelma, Risto (6701735494)",3,5,2,3
"Lai, Chin-Feng (58925003900)",1,2,0,0
"Lai, Chun Sing (57881894800)",2,4,1,1
"Lai, Fujun (57205367505)",0,0,1,1
"Lai, Hsin-Chih (55422193600)",0,0,1,4
"Lai, Jinru (57224483181)",1,1,0,0
"Lai, Jun (59975753300)",1,1,0,0
"Lai, Kin Keung (55433716400)",0,0,1,1
"Lai, L.L. (7202616107)",1,2,0,0
"Lai, Li-Wei (59627055900)",0,0,1,4
"Lai, Loi Lei (7202616107)",1,1,0,0
"Lai, Qiang (55799674800)",1,1,0,0
"Lai, Wenhao (57198886643)",1,1,0,0
"Lai, Xu (8859493800)",1,1,0,0
"Lai, Yibo (59591062400)",1,1,0,0
"Laib, Oussama (57194540261)",1,2,0,0
"Laimon, Mohamd (57214793523)",0,0,1,2
"Laitsos, Vasileios (57221474153)",1,1,0,0
"Laiymani, David (6507294863)",1,5,0,0
"Lajunen, Antti (24341107000)",1,1,2,3
"Lakshminarayanan, Venkateswaran (57188585495)",1,2,0,0
"Lakzaei, Mostafa (57205883309)",1,1,0,0
"Lalande, G. (36967428200)",1,2,0,0
"Lalanne, Denis (36962970800)",0,0,1,1
"Lalas, D.P. (59867695200)",1,1,2,20
"Lalbakhsh, Pooia (25652161800)",1,3,0,0
"Lalia, Boor (14012433500)",1,1,0,0
"Lall, Pradeep (7003416038)",1,1,0,0
"Lall, Sanjay (7006481161)",1,2,1,1
"Lallana, Francisco (56601458600)",0,0,1,5
"Lam, Chung (7402990775)",1,3,0,0
"Lam, Chung H. (7402990775)",1,120,0,0
"Lam, Joseph C. (23479679000)",0,0,1,2
"Lam, Khee Poh (7403657155)",4,28,2,2
"Lam, Remi (57223728977)",1,2,1,17
"Lama, Palden (36613356000)",1,1,0,0
"Lamarche, Charles-Philippe (24921874100)",0,0,1,2
"Lambert, Alejandro (57208203650)",0,0,1,1
"Lambert, Romain S.C. (36188199300)",0,0,1,3
"Lamberts, R. (56238426700)",0,0,1,1
"Lamberts, Roberto (56238426700)",0,0,1,2
"Lambertz, Andreas (6602167267)",1,1,0,0
"Lamping, Sally R. (6508280026)",1,1,0,0
"Lan, Bo (55910674000)",0,0,1,1
"Lan, Jing (57405413000)",1,1,0,0
"Lan, Libo (57287152700)",0,0,1,1
"Lancaster, Patrick (57117470000)",1,1,0,0
"Lancaster, R.J. (26029432200)",0,0,1,2
"Lancioni, Nicola (57203930530)",0,0,1,3
"Landers, Robert G. (7004426974)",1,2,0,0
"Landfeld, A. (8595272100)",1,1,1,6
"Laney, Sophia K. (57209006942)",1,4,0,0
"Lang, Corey (55790624400)",0,0,1,4
"Lang, Felix (56393799500)",1,2,0,0
"Lang, Jeffrey H. (7402866860)",1,1,0,0
"Lang, Kun (57203858708)",1,1,0,0
"Lang, P.T. (7202095652)",1,1,0,0
"Lang, Steven J. (35386421600)",1,1,0,0
"Langa, J.M. (57159486700)",1,5,0,0
"Lange, Bernhard (7101823526)",0,0,2,64
"Lange, Christoph (56937798300)",0,0,1,1
"Lange, Ian (8263848100)",0,0,1,3
"Lange, Matthias (57158683700)",1,2,3,11
"Lange, Matthias (57190658624)",1,2,0,0
"Langella, Roberto (35570779100)",1,3,0,0
"Langemann, M. (56556830100)",0,0,1,1
"Langenhorst, Malte (57194699559)",0,0,1,1
"Langer, Christoph (57197260610)",1,3,0,0
"Langholtz, Matthew H. (8685951100)",0,0,1,3
"Langhorst, Tim (57644183400)",1,1,0,0
"Langston, Craig (8875377000)",0,0,1,2
"Langthaler, Oliver (57192073868)",0,0,1,1
"Lansey, Kevin (7006358548)",0,0,1,1
"Lany, Stephan (6603391044)",0,0,1,1
"Lanza-Gutierrez, Jose M. (54784705200)",1,3,0,0
"Laouadi, A. (56556629400)",0,0,1,1
"Laouadi, Abdelaziz (56556629400)",0,0,1,1
"Laouafi, Abderrezak (56586091200)",3,4,2,3
"Laperrière, André (57189398481)",0,0,1,1
"Lappas, Petros (14040398400)",0,0,1,3
"Laquai, Frédéric (12138826700)",1,1,0,0
"Lara, Jose Daniel (56276562300)",0,0,1,1
"Lara, José Daniel (56276562300)",0,0,1,2
"Lara-Benítez, Pedro (57215861341)",1,1,1,1
"Larcher, L. (6603668511)",1,4,0,0
"Larcher, Luca (6603668511)",1,9,0,0
"Larcher, Roberto (55493401100)",1,2,1,3
"Larek, Roland (42761514100)",1,2,0,0
"Larijani, Hadi (17434830300)",1,5,0,0
"Larrañaga, Felipe Palou (57219784153)",1,15,1,1
"Larsen, Gunn K. H. (55367816000)",1,2,0,0
"Larsen, Gunn K.H. (55367816000)",0,0,1,1
"Larsen, H.V. (7202845065)",0,0,1,2
"Larsen, Jørgen Christian (54942371300)",0,0,1,2
"Larsen, Lars F.S. (24450878200)",1,6,1,1
"Larsen, Peter (55313384800)",0,0,1,7
"Larsen, Peter H. (55313384800)",0,0,2,6
"Larsen, Sille B. (59496952300)",0,0,1,1
"Larsen, Søren (7402297289)",0,0,1,2
"Lartigue, Jean-Eric (56200655600)",0,0,1,1
"Lascari, Giovanni (6506740994)",0,0,1,1
"Laser, Mark S. (8954141000)",0,0,1,8
"Lashab, Abderezak (56888738600)",1,2,0,0
"Lasschuit, P.E. (6505652703)",0,0,1,8
"Lassiter, Daniel A. (56521451000)",1,6,0,0
"Lasternas, Bertrand (55636896200)",1,2,1,1
"Lastovetsky, Alexey (6603071123)",1,2,0,0
"Lastras, Luis A. (6505761769)",1,3,0,0
"Lasvaux, Sébastien (55602458700)",0,0,1,1
"Lata, Ababa (58718803900)",0,0,1,4
"Latip, Mohd Fuad Abdul (11641376300)",1,1,0,0
"Latorre, Amparo (7005721085)",0,0,1,1
"Lau, Cindy Y. (57193920454)",1,1,0,0
"Lau, Jessica (57210324803)",0,0,1,8
"Lau, Kevin Ka-Lun (56701702800)",0,0,1,2
"Lau, Seng-Yong (15136106700)",1,1,0,0
"Lauermann, Iver (6701775571)",1,2,0,0
"Laukkanen, Timo (6602441029)",0,0,1,2
"Lauret, P. (7004327525)",0,0,1,2
"Lauret, Philippe (7004327525)",0,0,1,3
"Lauria, Davide (56259655200)",1,3,0,0
"Laurinec, Peter (57022232200)",2,2,0,0
"Lavalle, Carlo (7006551560)",0,0,1,14
"Laverge, Jelle (36992296700)",0,0,1,2
"Lavigne, Odile (55319586800)",0,0,1,1
"Lavín, Antonio G. (56261647700)",0,0,1,1
"Law, Edward W. (55748826700)",1,1,2,6
"Lawal, A. (34976864600)",1,2,0,0
"Lawal, Adekola (34976864600)",2,2,0,0
"Lawal, Dahiru U. (56582081300)",1,8,0,0
"Lawrence, J.M.W. (23035471900)",1,3,0,0
"Lawrence, Kevin (7102821217)",0,0,1,2
"Lawrence, Roderick John (7201490675)",0,0,1,2
"Laws, Nicholas D. (57044521100)",0,0,1,8
"Lawson, Michael (36632252400)",0,0,1,1
"Laxman, Karthik (56195211000)",1,4,0,0
"Layzell, David B. (7003957498)",0,0,1,3
"Lazaar, Nouhaila (57218548440)",1,1,1,3
"Lazar, R. (57214402591)",1,2,0,0
"Lazarevska, Ana M. (25646565500)",0,0,1,2
"Lazić, Lazar (55942047600)",0,0,1,1
"Le Blanc, Katya L. (39762089300)",0,0,1,2
"Le Cam, Vincent (26422292800)",1,1,0,0
"Le Pen, Yannick (6505680864)",0,0,1,9
"Le Ray, G. (36457665500)",0,0,1,2
"Le Roux, Xavier (7004463048)",1,17,0,0
"Le, Kien (23467376100)",0,0,1,1
"Le, Thi-Thu-Huong (57221637341)",1,5,0,0
"Le, Thien Phu (7202708097)",0,0,1,2
"Le, Thoi H. (10042377100)",1,1,1,1
"Le, Tuong (55513981400)",1,1,0,0
"Le, Vu (57205508105)",1,1,0,0
"Leach, Matthew (7201653112)",0,0,2,4
"Leahy, M. (7101611631)",0,0,3,17
"Leal, Vítor (6603496558)",1,1,0,0
"Leaman, A. (7004703845)",0,0,1,8
"Leavey, Anna (54387069000)",1,2,0,0
"Lebbi, Mohamed (56189858600)",1,1,0,0
"Lechtenböehmer, Stefan (55165388500)",0,0,1,1
"Lecomte, Roger (8706118700)",1,1,0,0
"Leconte, Robert (6701606331)",0,0,1,3
"Ledmaoui, Younes (57772920100)",0,0,1,1
"Leducq, Denis (6602549194)",1,2,2,2
"Ledwaba, Lehlogonolo P. I. (56610180900)",0,0,1,1
"Ledwich, Gerard (7005436814)",2,4,0,0
"Lee, Bang Wook (14063704200)",1,1,0,0
"Lee, Ben (57194159272)",1,6,0,0
"Lee, Benjamin G. (7405442710)",0,0,1,2
"Lee, Boreum (57190584627)",0,0,1,1
"Lee, Byoung Hun (57201966410)",1,5,0,0
"Lee, Byoung-Hoon (55682886000)",1,7,0,0
"Lee, Byung-Geun (57211723885)",1,5,0,0
"Lee, Byungsung (8045301600)",1,1,0,0
"Lee, Chang Eun (57220182596)",1,1,0,0
"Lee, Chang Joo (56100871400)",1,2,0,0
"Lee, Changha (55700527300)",1,4,0,0
"Lee, Cheol (57197737381)",1,1,0,0
"Lee, Chien-Hung (57208582520)",0,0,1,1
"Lee, Choonsup (55548912300)",2,16,0,0
"Lee, Christopher H.T. (57299235100)",1,1,0,0
"Lee, Chul Min (57890407600)",0,0,1,2
"Lee, Chul-Jin (56100793600)",1,2,0,0
"Lee, Chul-Yong (56100949800)",0,0,1,4
"Lee, Chung-Nan (7410149423)",2,2,0,0
"Lee, Da-Sheng (55939148800)",0,0,1,2
"Lee, Dasheng (55939148800)",1,1,0,0
"Lee, Donghwan (55573549900)",0,0,1,1
"Lee, Dongwook (55698947700)",1,1,0,0
"Lee, Eric Wai Ming (7406966866)",1,1,0,0
"Lee, Eul-Bum (7406967942)",1,1,0,0
"Lee, Eun-Kyu (56142017800)",1,2,1,2
"Lee, Eunjung (57194769074)",1,1,0,0
"Lee, Gordon (7404851782)",1,6,1,2
"Lee, Gyul (57195392328)",1,1,0,0
"Lee, Haesung (57217011704)",1,1,0,0
"Lee, Haeun (57223431289)",1,3,0,0
"Lee, Han Soo (57067175200)",0,0,1,1
"Lee, Heon-Gyu (14625220300)",1,1,0,0
"Lee, Ho-Yun (57143167300)",1,1,0,0
"Lee, Hoi-Jin (35810806400)",1,3,0,0
"Lee, Hung-yi (34969292900)",1,12,0,0
"Lee, Hyeokjung (57195923092)",1,1,0,0
"Lee, Hyoseop (57202089969)",1,1,0,0
"Lee, Hyoungsoon (55621292200)",1,3,0,0
"Lee, Hyuk-Jae (8161276300)",2,36,0,0
"Lee, Hyun-Jin (57214747603)",1,2,0,0
"Lee, HyunJin (57214747603)",1,2,0,0
"Lee, Hyung Gyu (7501482951)",2,14,0,0
"Lee, Il-Kyoo (7404441732)",1,1,0,0
"Lee, Il-Woo (7404442489)",1,1,0,0
"Lee, Jae Hong (36062971100)",0,0,1,1
"Lee, Jae Won (57269027800)",1,1,0,0
"Lee, Jae-Kyung (41661637500)",0,0,1,1
"Lee, Jaehyeong (8388605400)",1,1,0,0
"Lee, Jang-Yeob (55308674300)",0,0,1,5
"Lee, Janghee (53871441900)",1,1,0,0
"Lee, Jared A. (35752249500)",0,0,1,1
"Lee, Jeehang (55619280500)",0,0,1,2
"Lee, Ji Sun (41261906300)",1,2,0,0
"Lee, Jin-Hyun (57193797519)",1,1,0,0
"Lee, Jong-Ho (59289577400)",1,4,0,0
"Lee, Jong-Uk (55758931900)",0,0,1,5
"Lee, Jongmin (56122526000)",2,3,0,0
"Lee, Jongsu (10040552100)",0,0,1,4
"Lee, Joo Suk (35208635900)",0,0,1,4
"Lee, Joon Hee (56425400500)",0,0,1,1
"Lee, Joonwon (7601485433)",1,13,0,0
"Lee, Jooseung (58487127800)",1,1,0,0
"Lee, Joosung J. (59828781600)",0,0,1,6
"Lee, Joseph C.Y. (57193689931)",0,0,1,4
"Lee, Jun-Shin (7601480680)",0,0,1,1
"Lee, Jung Il (58376084200)",1,1,0,0
"Lee, Junghee (56011607600)",2,14,0,0
"Lee, Jungseob (24802344100)",1,1,0,0
"Lee, Kang-Il (57489329900)",1,1,0,0
"Lee, Kangju (59343519500)",1,1,0,0
"Lee, Kilwhan (35932275100)",1,1,0,0
"Lee, Kuan-Ming (7501504104)",1,1,0,0
"Lee, Kwang Ho (55737496800)",1,1,1,2
"Lee, Kwang Y. (56926965000)",3,7,0,0
"Lee, Kwang Y. (57221178078)",1,1,0,0
"Lee, Kyeongwon (58676823000)",1,1,0,0
"Lee, Kyu-Tae (56349082600)",1,1,0,0
"Lee, KyuTae (56349082600)",1,1,0,0
"Lee, Kyuho (55737427600)",1,1,0,0
"Lee, Kyungil (57202044116)",1,1,0,0
"Lee, Kyusang (55974683400)",1,4,0,0
"Lee, Lam Hong (24822465400)",1,1,0,0
"Lee, Madeline Hui Li (57658929300)",0,0,1,1
"Lee, Meng-Chieh (14029925300)",0,0,1,1
"Lee, Mi Young (55902262800)",1,2,1,1
"Lee, Min-Wuk (36488297700)",1,3,0,0
"Lee, Moonyong (56967110700)",0,0,1,2
"Lee, Muhammad Hisyam (56943557500)",1,2,1,1
"Lee, Myung J. (36067640400)",1,3,0,0
"Lee, Myung Jong (36067640400)",1,8,0,0
"Lee, Poh-Seng (9277193800)",1,1,0,0
"Lee, S.E. (15081142500)",1,1,0,0
"Lee, Sang-Joon (57203597333)",1,2,0,0
"Lee, Sang-Mok (58640708400)",1,1,0,0
"Lee, Sang-Woong (57193130569)",1,3,0,0
"Lee, Sangdon (58197614000)",0,0,1,1
"Lee, Sanggyu (54381933800)",0,0,1,2
"Lee, Sanghyun (35956260100)",0,0,1,1
"Lee, Sangmin (55716512500)",1,2,0,0
"Lee, Sangyoon (57211072282)",1,1,0,0
"Lee, Seokgi (35317893400)",1,2,0,0
"Lee, Seokhwan (55213258900)",1,1,0,0
"Lee, Seokyeong (57254900600)",1,1,0,0
"Lee, Seong-Hoon (56174454700)",0,0,1,2
"Lee, Seongjun (57221452669)",0,0,1,1
"Lee, Seung-Jong (36062367100)",0,0,1,1
"Lee, Seungwoo (55928202100)",2,15,1,1
"Lee, Siew Eang (15081142500)",1,1,0,0
"Lee, So-Haeng (60220108400)",1,1,0,0
"Lee, Soo Hyoung (55716429200)",1,1,0,0
"Lee, Soochang (57201530665)",1,4,0,0
"Lee, Suin (58249180400)",1,1,0,0
"Lee, Sunggu (8841854500)",1,3,0,0
"Lee, Sungyoung (8956579500)",1,2,0,0
"Lee, T.K. (53872829900)",1,2,0,0
"Lee, Tae-Kyung (60264758500)",0,0,1,3
"Lee, Taeran (57226066484)",1,1,0,0
"Lee, Tsair-Fwu (14021404400)",1,1,0,0
"Lee, Tzong-Shing (55520474700)",1,2,1,1
"Lee, U-Hwang (7102225142)",1,2,0,0
"Lee, W.L. (57189999614)",0,0,2,4
"Lee, Wei-Jen (55783007200)",3,5,4,4
"Lee, Woo-Joo (57226039495)",1,1,1,1
"Lee, Woojoo (56165054100)",1,1,0,0
"Lee, Y.D. (51863832900)",1,1,0,0
"Lee, Yi-Kuen (8949932200)",1,1,0,0
"Lee, Yongjin (57201926050)",1,2,0,0
"Lee, Young M. (36014255700)",2,24,1,2
"Lee, Young-Hak (27170464300)",1,1,0,0
"Lee, Young-Ho (55716115100)",0,0,1,1
"Lee, Younghoon (35091482400)",1,1,0,0
"Lee, Yun Han (21743326100)",1,2,0,0
"Lee, Yung-Gyo (12780855400)",1,1,0,0
"Lee, Zachary (57209175515)",1,2,0,0
"Lee, Zachary E. (57209175515)",1,1,0,0
"Lee, Zing Siang (57189657838)",0,0,1,1
"Leeb, Steven B. (7004022417)",3,6,0,0
"Leem, Subeen (58168818100)",1,1,0,0
"Leerbeck, Kenneth (57217134005)",1,1,0,0
"Legain, Dominique (8525956200)",1,31,0,0
"Legarth, Bjoern (8672663800)",0,0,1,1
"Legey, Luiz Fernando Loureiro (8710648300)",0,0,1,1
"Legg, D. (7004224047)",0,0,1,1
"Lehaut, Christophe (57191286106)",0,0,1,1
"Leherbauer, Dominik (57221814664)",0,0,1,1
"Lehman, Brad (7004780215)",0,0,2,2
"Lehmann, Robert (55809697800)",0,0,1,2
"Lehmer, Jacob P. (57205693268)",0,0,1,2
"Lehna, Malte (57222117828)",2,2,0,0
"Lehnen, M. (9941238300)",0,0,1,1
"Lehouidj, B. (15754216400)",1,1,0,0
"Lehr, Jonathan (57197826596)",0,0,1,1
"Lehsaini, Mohamed (24338253900)",1,5,0,0
"Lehtonen, Matti (7006610003)",2,2,0,0
"Lei, Chao (55640037200)",1,1,0,0
"Lei, Fei (59029945100)",1,1,0,0
"Lei, Fuming (57981613400)",1,1,0,0
"Lei, Ming (57213739336)",1,1,0,0
"Lei, Tianyu (59672217300)",0,0,1,1
"Lei, Xiaohui (15760501200)",1,1,1,4
"Lei, Xuewen (56681403300)",1,1,0,0
"Lei, Yang (57218107293)",2,2,0,0
"Lei, Zhichun (57200720971)",1,1,0,0
"Lei, Zhigang (7202931771)",1,1,0,0
"Leiby, Paul (6701439554)",0,0,1,191
"Leigh, Seung-Bok (9037720900)",0,0,1,2
"Leijon, Mats (7006634809)",0,0,1,2
"Leiknes, T. (6507603682)",1,1,0,0
"Leirvik, Thomas (42661945900)",0,0,1,5
"Leissner, Johanna (7004711324)",0,0,1,5
"Leite, Fernanda (23097703400)",0,0,1,1
"Leite, Rodrigo Vieira (57202836061)",0,0,1,1
"Lejarazu, Adelaida (57193645642)",1,1,0,0
"Lekatsas, Haris (6603702147)",1,1,0,0
"Lekidis, Alexios (56258837200)",1,1,0,0
"Lemay, J. (7005862263)",1,2,0,0
"Lemey, Sam (56082394900)",1,1,0,0
"Lemiti, M. (6701492457)",1,6,0,0
"Lemmer, Andreas (23095043800)",0,0,1,1
"Lemmetyinen, Juha (35795530000)",0,0,1,3
"Lemoine, D.M. (13806244300)",0,0,1,4
"Lemonidou, Angeliki A. (7004336956)",0,0,1,2
"Lemort, Vincent (14421368400)",1,1,0,0
"Lemprière, Tony C. (6505869799)",0,0,1,26
"Lendasse, Amaury (6602644355)",1,2,1,2
"Leng, Jiewu (57188970257)",1,1,0,0
"Leng, Mingming (24168744200)",1,1,0,0
"Lensu, Lasse (6508033274)",1,1,0,0
"Lent, Ricardo (12780350200)",1,1,0,0
"Lenton, Timothy M. (7004637798)",0,0,1,61
"Lenz, Eduardo (55886412900)",1,2,0,0
"Leo, Karl (7006009729)",1,2,0,0
"Leon-Garcia, Alberto (7005019883)",1,16,0,0
"Leonard, Aiden Thomas (57931337400)",1,1,1,3
"Leonard, Bryan (56844687000)",0,0,1,1
"Leoncini, Mauro (7007122451)",1,1,0,0
"Leonenko, Y. (6602513172)",0,0,1,2
"Leong, M.P. (7102006104)",1,1,0,0
"Leong, Philip H.W. (7005928205)",2,2,0,0
"Leonori, Stefano (57192819093)",1,2,0,0
"Leonowicz, Zbigniew (6602973655)",1,1,0,0
"Leopold, Ulrich (11140460100)",1,1,0,0
"Lepri, Bruno (14008023300)",1,2,1,3
"Leroy, Arny (57195554671)",1,1,0,0
"Lesage, Jonathan R. (39461708200)",1,1,0,0
"Leslie, R.P. (23088631300)",0,0,1,1
"Lessmann, Stefan (6506377858)",1,1,0,0
"Lestander, Torbjörn A. (6506906038)",1,3,0,0
"Lestas, Marios (8324303200)",1,1,0,0
"Letschert, Virginie (24402883600)",0,0,2,7
"Letschert, Virginie E. (24402883600)",0,0,2,19
"Leu, Paul W. (13612003300)",1,1,0,0
"Leung, Dennis Y.C. (56065668600)",1,2,1,3
"Leung, Michael K.H. (8862966600)",1,2,1,3
"Leung, Victor C. M. (7102336029)",1,2,0,0
"Levantino, Salvatore (60372360600)",1,2,0,0
"Levermore, G.J. (6701808415)",0,0,1,3
"Levermore, Geoff (6701808415)",0,0,1,1
"Levermore, Geoffrey J (6701808415)",0,0,1,5
"Levermore, Geoffrey J. (6701808415)",0,0,1,2
"Levihn, Fabian (56043003800)",0,0,1,5
"Levin, Michael W. (56596095400)",0,0,1,2
"Levin, Todd (36194686600)",0,0,1,13
"Levine, Kaiya (57412955800)",0,0,1,2
"Levorato, Marco (8901243100)",1,1,1,1
"Levron, Yoash (34872716200)",0,0,1,1
"Levy, Cooper S. (36139601100)",1,1,0,0
"Lew, Debra (7103041390)",0,0,1,3
"Lewandowska-Śmierzchalska, Joanna (57194626733)",0,0,1,1
"Lewandowski, B.E. (16052557800)",1,2,0,0
"Lewandowski, I. (6603716517)",0,0,1,9
"Lewis, Charles (56985041500)",0,0,1,1
"Lewis, Frank L. (24729085600)",1,3,0,0
"Lewis, Kristin C. (7201596830)",0,0,1,1
"Lewis, M.J. (55472836300)",0,0,1,1
"Lewis, Matt (55472836300)",0,0,1,1
"Lewis, Richard P. (24778527400)",1,1,0,0
"Lewis, Roger (10341445800)",0,0,1,1
"Lewis, Sarah (55672098100)",0,0,1,4
"Leyens, Christoph (8952928500)",0,0,1,1
"Leão, Adriano Souza (57222041028)",0,0,1,1
"León Rodríguez, A.L. (7202686272)",0,0,1,2
"León-Rodríguez, Ángel Luis (7202686272)",0,0,2,3
"Li, Ai-Min (24577638500)",0,0,1,1
"Li, Aiyuan (57209101686)",1,1,0,0
"Li, Ang (57193028744)",1,1,0,0
"Li, Ang (57206937541)",1,1,0,0
"Li, Angui (34971465200)",1,1,0,0
"Li, Anqiang (15751206600)",1,1,0,0
"Li, Ao (57216581415)",1,2,0,0
"Li, Baikui (57202028066)",1,1,0,0
"Li, Baizhan (23987586200)",1,6,0,0
"Li, Baohua (35558856100)",0,0,1,1
"Li, Baoju (59805270800)",1,1,0,0
"Li, Beibei (57188840281)",0,0,1,1
"Li, Bin (26643217800)",1,11,0,0
"Li, Bin (57129094000)",1,3,0,0
"Li, Bin (57212399491)",1,1,0,0
"Li, Bin (57861784300)",1,1,0,0
"Li, Binbin (59805317100)",1,1,0,0
"Li, Binghui (57210109766)",1,3,0,0
"Li, Bingkang (57192188727)",1,2,0,0
"Li, Binhua (56129818400)",1,1,0,0
"Li, Bo (57144893000)",1,1,0,0
"Li, Bo (57203376193)",1,4,0,0
"Li, Bowen (57218439361)",0,0,1,7
"Li, Bowen (59444180600)",0,0,1,1
"Li, Canbing (24341224300)",2,4,0,0
"Li, Ce (56637267900)",1,1,0,0
"Li, Changhe (57354109500)",1,1,0,0
"Li, Changjun (55695990100)",0,0,1,3
"Li, Changwang (57779180400)",0,0,1,1
"Li, Chanyun (57730567900)",0,0,1,1
"Li, Chao (57206622598)",1,3,0,0
"Li, Chaobo (58769684600)",1,1,0,0
"Li, Chaojiang (36473335200)",1,2,0,0
"Li, Chaoshun (23992957100)",1,1,0,0
"Li, Chen (56734783100)",0,0,1,1
"Li, Chengdong (16175211600)",1,1,2,3
"Li, Chenghao (57190161108)",1,1,0,0
"Li, Chengjin (59196153600)",1,1,0,0
"Li, Chenglei (58022451500)",0,0,1,1
"Li, Chengli (57201123197)",1,1,0,0
"Li, Chenlei (59727236800)",1,1,0,0
"Li, Chenxi (36809881600)",1,1,0,0
"Li, Chenxi (57194697946)",1,1,0,0
"Li, Chong (57215203047)",1,1,0,0
"Li, Chongbo (8583249500)",1,1,0,0
"Li, Chuanglei (59533225600)",1,1,0,0
"Li, Chuanwen (35205564900)",1,1,0,0
"Li, Chun-Jie (8954573900)",1,1,0,0
"Li, Chun-Qing (8042007200)",0,0,1,1
"Li, Chunlai (56949211900)",0,0,1,2
"Li, Chunlin (35315777900)",2,3,0,0
"Li, Chunxiao (57918878200)",0,0,1,1
"Li, Chunyang (57195551075)",1,1,0,0
"Li, Chunying (57141089300)",0,0,1,1
"Li, Congbo (8583249500)",1,1,0,0
"Li, Congcong (57226113048)",1,1,0,0
"Li, Da (57192305660)",1,2,0,0
"Li, Dandan (57445237200)",1,1,0,0
"Li, Daoliang (12800336700)",1,1,0,0
"Li, Deguang (57188577364)",1,2,0,0
"Li, Demin (57211861927)",1,3,0,0
"Li, Deng-Ao (36544239400)",1,1,0,0
"Li, Dengxuan (57218179035)",1,1,0,0
"Li, Dezhi (56925693100)",2,2,0,0
"Li, Ding (55972766400)",1,1,0,0
"Li, Ding (57803669800)",1,1,0,0
"Li, Dong (35223301300)",0,0,1,1
"Li, Dong (35345284600)",1,1,0,0
"Li, Dongdong (57216933492)",1,1,0,0
"Li, Dongdong (58777442000)",0,0,1,1
"Li, Donghe (57198761805)",1,1,0,0
"Li, Dongjun (57207572661)",1,1,0,0
"Li, Dongze (59146196800)",1,1,0,0
"Li, F. (36450851300)",1,1,0,0
"Li, Fan (57215771547)",1,1,0,0
"Li, Fan-Min (7406055583)",1,2,0,0
"Li, Fang (59798371300)",1,1,0,0
"Li, Fangmin (56172299700)",1,1,0,0
"Li, Fangxing (35242811000)",1,1,0,0
"Li, Fangyu (56573045500)",1,1,0,0
"Li, Fanxing (12802591500)",2,3,0,0
"Li, Feiqiang (57214075433)",0,0,1,1
"Li, Fen (35752236700)",1,1,0,0
"Li, Feng (58612341200)",1,1,0,0
"Li, Feng (58937160000)",1,1,0,0
"Li, Fengyu (57191074634)",0,0,1,2
"Li, Fuqiang (57188972915)",1,2,0,0
"Li, G.P. (57203774853)",0,0,1,1
"Li, G.Q. (55534065200)",1,2,0,0
"Li, Gang (56454511200)",1,1,0,0
"Li, Gang (56948429200)",1,1,0,0
"Li, Gang (57221068215)",0,0,1,1
"Li, Gang (57226172120)",0,0,1,1
"Li, Gang-qiang (55534065200)",1,5,0,0
"Li, Gaolei (57189044840)",1,1,0,0
"Li, Gary (56163734900)",0,0,1,3
"Li, Gen (57190817048)",2,3,0,0
"Li, Geoffrey Ye (57195633181)",1,1,0,0
"Li, Guang (57671350400)",1,1,0,0
"Li, Guangming (56948525400)",0,0,1,1
"Li, Guoneng (10042121200)",2,2,0,0
"Li, Guoqing (55713860700)",1,1,0,0
"Li, Guoqing (60054744100)",1,1,0,0
"Li, Guoshuai (57141027300)",1,1,0,0
"Li, H.F. (57201851701)",1,1,0,0
"Li, Hai (56740671600)",1,1,0,0
"Li, Hai (57204886743)",1,10,0,0
"Li, Hailin (36198431600)",1,1,0,0
"Li, Haiyan (57191973982)",3,4,0,0
"Li, Han (57226373131)",1,1,0,0
"Li, Hang (59290169500)",1,1,0,0
"Li, Hanrui (58032598100)",1,1,0,0
"Li, Hanyue (57212108168)",1,3,0,0
"Li, Hao-Ran (60011498900)",1,1,0,0
"Li, Haolei (58483448900)",1,1,0,0
"Li, Haoran (57196364740)",1,1,0,0
"Li, Haorong (15765601500)",1,1,0,0
"Li, He (57202312117)",0,0,1,2
"Li, He (57202721241)",1,1,0,0
"Li, He (58171913700)",1,1,0,0
"Li, He (58433080300)",1,1,0,0
"Li, Hechao (56237931300)",1,2,0,0
"Li, Helong (56338562900)",1,1,0,0
"Li, Heng (55657770400)",1,1,0,0
"Li, Hong (56090680100)",1,1,0,0
"Li, Hong (59902380400)",1,1,0,0
"Li, Hong-Ze (36768616400)",1,1,0,0
"Li, Hongbin (56095811400)",1,1,0,0
"Li, Hongcheng (35186180300)",1,1,0,0
"Li, Hongda (57190192415)",1,1,0,0
"Li, Hongguang (36066834200)",1,1,0,0
"Li, Honglin (57200527029)",1,1,0,0
"Li, Hongmin (57196034827)",1,1,0,0
"Li, Hongqiang (58558242800)",1,1,0,0
"Li, Hongyi (57188830149)",1,2,0,0
"Li, Hongyi (59289729600)",1,1,0,0
"Li, Hongze (36768616400)",1,1,0,0
"Li, Hua (36745466900)",1,2,0,0
"Li, Huabing (15034502300)",1,1,0,0
"Li, Huajin (55774725300)",1,2,0,0
"Li, Huan (57209169954)",1,7,0,0
"Li, Huangyongxiang (60115678100)",1,1,0,0
"Li, Huanhuan (55975789300)",1,1,0,0
"Li, Huanhuan (57196361578)",1,1,0,0
"Li, Hui (57060876600)",1,1,0,0
"Li, Hui (57060879200)",1,2,0,0
"Li, Hui (57060920000)",0,0,1,1
"Li, Hui (57202721115)",1,4,1,1
"Li, Hui (58074165800)",1,1,1,1
"Li, Huijun (57220766875)",1,1,0,0
"Li, Huimin (57203749078)",1,1,0,0
"Li, Huiyan (15034131400)",1,1,0,0
"Li, Hung-Chung (56802978400)",1,1,0,0
"Li, Ji (57289250500)",1,1,1,2
"Li, Jia-Xiu (56436067300)",0,0,1,2
"Li, Jiaheng (57200318571)",1,1,0,0
"Li, Jiajie (57416049500)",1,1,0,0
"Li, Jiale (57913696000)",1,2,0,0
"Li, Jiameng (60108736700)",1,1,0,0
"Li, Jiaming (55720537400)",4,6,0,0
"Li, Jian (35215495000)",0,0,1,1
"Li, Jian (59329767400)",1,1,0,0
"Li, Jianfei (57173261900)",1,2,0,0
"Li, Jianfei (57202046563)",1,2,0,0
"Li, Jianfeng (57115579800)",1,1,0,0
"Li, Jiangbo (58079397300)",1,1,0,0
"Li, Jiangfeng (57843029000)",1,1,0,0
"Li, Jianhua (56103299700)",1,1,0,0
"Li, Jianjing (57210444141)",1,1,0,0
"Li, Jianqiu (8883298900)",1,2,1,1
"Li, Jianwei (57842121900)",1,1,0,0
"Li, Jianzhong (55861641100)",1,1,0,0
"Li, Jianzhuo (57219905465)",1,1,0,0
"Li, Jiarong (57206962716)",0,0,1,1
"Li, Jiashuai (57216979478)",1,1,0,0
"Li, Jiaxi (57216666203)",1,1,0,0
"Li, Jiaxin (8620698200)",1,1,0,0
"Li, Jiaxue (57196160147)",1,1,0,0
"Li, Jiayuan (57211753170)",0,0,1,2
"Li, Jie (57203267822)",1,3,0,0
"Li, Jie (58204067300)",1,1,0,0
"Li, Jie (59533415000)",1,1,0,0
"Li, Jieyu (57202874675)",1,1,0,0
"Li, Jigeng (35229953800)",1,2,1,1
"Li, Jing (55969122600)",1,4,0,0
"Li, Jing (57196157326)",1,1,0,0
"Li, Jing (57205320789)",1,1,0,0
"Li, Jing (57214206985)",1,3,0,0
"Li, Jing (57219364848)",1,2,0,0
"Li, Jing-Jiao (26663880800)",1,1,0,0
"Li, Jingchang (57218710733)",1,1,0,0
"Li, Jingjing (55966383300)",1,1,0,0
"Li, Jinglin (57789965200)",0,0,1,1
"Li, Jingru (26660256200)",1,1,0,0
"Li, Jinke (57215194824)",0,0,1,1
"Li, Jishen (59377987400)",1,1,0,0
"Li, Jiulong (59478194900)",1,1,0,0
"Li, Ju (39661162300)",0,0,1,1
"Li, Jubiao (59121823900)",0,0,1,1
"Li, Jun (36959620500)",1,1,0,0
"Li, Jun (55971564100)",1,1,0,0
"Li, Jun (57214207242)",0,0,1,7
"Li, Jun (57220808310)",0,0,1,3
"Li, Jun (57276165000)",1,1,0,0
"Li, Jun-qing (55720647100)",1,1,0,0
"Li, Junhui (56078707100)",2,4,0,0
"Li, Junjun (57276091600)",1,1,0,0
"Li, Junshang (57207993380)",1,2,0,0
"Li, Junxiang (27169556600)",1,1,0,0
"Li, Junyang (57216205903)",2,3,0,0
"Li, Kang (36071136000)",1,1,0,0
"Li, Kang (36072845200)",2,3,1,3
"Li, Kang (59040006200)",1,4,1,1
"Li, Kangji (7404989539)",2,5,0,0
"Li, Kangkang (56031834700)",1,5,0,0
"Li, Kangping (56335943600)",1,3,0,0
"Li, Ke (57207261900)",1,3,0,0
"Li, Kenli (7404988992)",1,1,0,0
"Li, Keqiang (26643211100)",1,1,0,0
"Li, Keqin (7404989623)",6,14,0,0
"Li, Kuining (52364393400)",1,1,0,0
"Li, Lanyu (57201877262)",0,0,1,1
"Li, Layuan (7501447847)",1,2,0,0
"Li, Le (59565877400)",1,1,0,0
"Li, Li (56345884400)",1,2,0,0
"Li, Li (57145214900)",1,1,0,0
"Li, Li (57196180374)",1,1,0,0
"Li, Li (57213396900)",1,1,0,0
"Li, Lian (35756069100)",1,1,0,0
"Li, Liang (57194342378)",1,1,0,0
"Li, Liang (57203232256)",1,1,0,0
"Li, Lianpeng (57205702409)",1,2,0,0
"Li, Lin (55730929300)",0,0,1,1
"Li, Lin (59058839500)",1,2,0,0
"Li, Linan (56094111000)",1,2,0,0
"Li, Ling (57210129319)",0,0,1,1
"Li, Ling-Ling (7501444824)",2,3,0,0
"Li, Lixin (55730828600)",2,3,0,0
"Li, Mei (35752211900)",1,2,0,0
"Li, Mei-Jing (57211396810)",1,1,0,0
"Li, Menghui (47561764200)",1,4,0,0
"Li, Menglin (57193331840)",0,0,1,1
"Li, Mengquan (57140991600)",1,1,0,0
"Li, Min (57226880530)",1,1,0,0
"Li, Min (60399215100)",1,1,0,0
"Li, Ming (56926994300)",0,0,1,1
"Li, Ming (56994239200)",1,1,0,0
"Li, Ming (60197280900)",1,1,0,0
"Li, Ming-zhi (57202545869)",1,1,0,0
"Li, Mingcai (37077418900)",0,0,1,2
"Li, Mingrui (57212388310)",1,1,0,0
"Li, Mingyang (56900064900)",1,1,0,0
"Li, Mingzhe (57221446781)",1,1,0,0
"Li, Miwei (58569885500)",1,1,0,0
"Li, Na (57050742000)",1,1,0,0
"Li, Na (57197435467)",1,1,0,0
"Li, Na (57207031287)",1,1,0,0
"Li, Nan (56643518400)",1,32,1,1
"Li, Nan (56804140500)",0,0,1,2
"Li, Ning (57218989043)",1,1,0,0
"Li, Pan (16205150700)",1,1,0,0
"Li, Peng (57214069877)",2,4,0,0
"Li, Peng (57746305400)",1,1,0,0
"Li, Peng (57746431800)",1,4,0,0
"Li, Peng (59863863500)",1,1,0,0
"Li, Pengbo (60002393100)",1,1,0,0
"Li, Penghui (57199007023)",1,1,0,0
"Li, Pengtao (57205628418)",1,1,0,0
"Li, Pujiang (57202710637)",0,0,1,1
"Li, Qi (56368575900)",1,2,0,0
"Li, Qian (57195736304)",0,0,1,1
"Li, Qiang (56227076700)",1,3,0,0
"Li, Qiang (56920742200)",1,1,0,0
"Li, Qiang (56920752800)",1,1,0,0
"Li, Qiaoqiao (57218091157)",1,1,0,0
"Li, Qibin (55821458600)",1,2,0,0
"Li, Qichao (57211658999)",1,2,0,0
"Li, Qin (58944222300)",1,1,0,0
"Li, Qing (57200165501)",1,2,0,0
"Li, Qing (57211491418)",0,0,1,1
"Li, Qing'an (54380178500)",1,1,0,0
"Li, Qiong (55911980700)",2,3,0,0
"Li, Qionghui (55927222000)",1,1,0,0
"Li, Qiu-Ning (58634293900)",1,2,0,0
"Li, Qiyuan (56558839000)",1,1,0,0
"Li, Ranran (57205611632)",2,2,0,0
"Li, Renfa (57203905680)",1,4,0,0
"Li, Renyuan (56724833900)",1,4,1,2
"Li, Rita Yi Man (35189135600)",0,0,1,2
"Li, Rongbo (56818154500)",1,1,0,0
"Li, Rongling (56074507500)",3,3,2,4
"Li, Rongpeng (55486422900)",0,0,1,1
"Li, Ronxin (35750180000)",1,3,0,0
"Li, Rui (59101890700)",1,1,0,0
"Li, Rui (59123493300)",1,1,1,1
"Li, Ruixiong (57198938877)",1,2,0,0
"Li, Ruize (59795689300)",1,1,0,0
"Li, Ruojin (57215581186)",1,1,0,0
"Li, Sen (57215217794)",1,1,0,0
"Li, Shaoshuai (57219098870)",1,1,0,0
"Li, Shenglin (57204051839)",2,3,0,0
"Li, Shengwei (59484763000)",1,1,0,0
"Li, Shenhao (57808789300)",1,2,0,0
"Li, Shijie (57213576489)",1,1,0,0
"Li, Shuai (57190374455)",0,0,1,1
"Li, Shuaihu (56202786200)",1,2,0,0
"Li, Shufang (16022226800)",1,3,0,0
"Li, Shuhui (35322194500)",1,3,0,0
"Li, Shukai (36661140900)",1,1,0,0
"Li, Shuting (60099540500)",1,1,0,0
"Li, Shuyi (57224826109)",1,1,0,0
"Li, Sihui (57218553302)",1,1,0,0
"Li, Siwei (57190819458)",1,1,0,0
"Li, Songlin (58944554000)",1,1,0,0
"Li, Su (59008562100)",1,1,0,0
"Li, Sunwei (55523768500)",0,0,1,1
"Li, Tao (56542093100)",1,4,0,0
"Li, Tao (57196095221)",1,1,0,0
"Li, Tao (57209611797)",0,0,1,1
"Li, Te (57198839976)",1,1,0,0
"Li, Tianrui (7406372548)",1,11,0,0
"Li, Tianxin (8268565000)",0,0,1,1
"Li, Tianyu (55728911200)",1,1,1,1
"Li, Tie (56172846900)",1,1,0,0
"Li, Tiejun (57219255267)",1,1,0,0
"Li, Ting (57198839637)",1,1,0,0
"Li, Tingting (59445162600)",1,1,0,0
"Li, Tong (57429926200)",1,1,0,0
"Li, Tongyu (57198839351)",0,0,1,1
"Li, W. (59130607800)",0,0,1,2
"Li, Wei (55044176900)",1,1,0,0
"Li, Wei (57207125558)",1,1,0,0
"Li, Wei (57213858115)",1,2,0,0
"Li, Wei (57214815586)",2,3,0,0
"Li, Wei (59370029600)",1,1,1,1
"Li, Wei (60087202100)",1,1,0,0
"Li, Wei-Chang (23975899900)",1,1,0,0
"Li, Weidong (56997622800)",1,1,0,0
"Li, Weigang (55163481100)",1,1,0,0
"Li, Weihao (58037890200)",1,1,0,0
"Li, Weihua (36091496800)",1,5,0,0
"Li, Weilin (56263967400)",1,1,0,0
"Li, Weiwu (57196308183)",1,2,0,0
"Li, Wen-Tai (56004234300)",1,1,0,0
"Li, Wen-Tao (55524363600)",0,0,1,1
"Li, Wen-Wu (36810025000)",1,1,0,0
"Li, Wenjie (57558213600)",1,2,0,0
"Li, Wenjing (55718709600)",1,5,0,0
"Li, Wenjuan (56321292600)",1,1,0,0
"Li, Wenkai (57195196793)",1,1,0,0
"Li, Wenpeng (59778458400)",1,2,0,0
"Li, Wenxin (59961284500)",1,1,0,0
"Li, Wenxuan (57214882954)",1,2,0,0
"Li, Wenyan (57209055615)",1,9,0,0
"Li, Wenyuan (8359035500)",0,0,1,2
"Li, X. (7501710161)",1,2,1,5
"Li, Xi (57458461900)",1,1,0,0
"Li, Xialin (55262632700)",1,3,0,0
"Li, Xian (54397491000)",1,1,0,0
"Li, Xian-Feng (59650364400)",1,2,0,0
"Li, Xian-Xiang (54400276300)",1,1,0,0
"Li, Xiang (55386569300)",0,0,1,1
"Li, Xiang (56573316200)",1,1,0,0
"Li, Xiang (57214906388)",1,1,0,0
"Li, Xiang (57751848200)",0,0,1,1
"Li, Xiang (60398479300)",0,0,1,1
"Li, Xiang-Yang (57190744661)",2,5,0,0
"Li, Xiangda (57202308915)",0,0,1,2
"Li, Xiangdong (57190485650)",1,1,0,0
"Li, Xiangru (58993283200)",1,1,0,0
"Li, Xiangyu (53879953000)",1,1,0,0
"Li, Xiangyu (56982028400)",1,1,0,0
"Li, Xiangyun (55364330300)",1,1,0,0
"Li, Xiansen (56081938200)",1,3,0,0
"Li, Xianshan (56036027400)",1,2,0,0
"Li, Xiao (57199923754)",1,1,0,0
"Li, Xiao (57206743579)",1,1,0,0
"Li, Xiao Hui (55966550900)",1,1,0,0
"Li, Xiaobin (56550076600)",1,2,0,0
"Li, Xiaochuan (39762151200)",1,1,0,0
"Li, Xiaodong (34768501900)",0,0,1,1
"Li, Xiaohui (57210361228)",1,1,0,0
"Li, Xiaohui (57225160120)",0,0,1,1
"Li, Xiaojiu (7501710913)",0,0,1,1
"Li, Xiaojun (59881691000)",0,0,1,1
"Li, Xiaoli (57192497946)",1,1,0,0
"Li, Xiaoming (55922437200)",1,2,0,0
"Li, Xiaoming (58302522000)",1,1,0,0
"Li, Xiaoping (57197982303)",1,1,0,0
"Li, Xiaoqin (59123964300)",0,0,1,1
"Li, Xiaoyao (59226258600)",1,1,0,0
"Li, Xin (55718311000)",2,2,0,0
"Li, Xin (56040374200)",0,0,1,1
"Li, Xin (56190935900)",1,1,0,0
"Li, Xin (56252849200)",0,0,1,1
"Li, Xin (57211277690)",1,1,0,0
"Li, Xin (57775450700)",1,1,0,0
"Li, Xin (58503098800)",1,1,0,0
"Li, Xing-Yun (58938727700)",1,1,0,0
"Li, Xingshuo (57075866700)",1,1,0,0
"Li, Xingyu (58947459700)",1,1,0,0
"Li, Xinlu (57200559132)",1,1,0,0
"Li, Xinran (57192496534)",1,1,0,0
"Li, Xinyi (55967619400)",2,2,0,0
"Li, Xinyi (57189716637)",0,0,1,1
"Li, Xinyi (58133896500)",1,1,0,0
"Li, Xiong (57214905228)",1,2,0,0
"Li, Xiu-Wei (49461531100)",0,0,1,1
"Li, Xu (23389521700)",1,1,0,0
"Li, Xu (58655444300)",1,2,0,0
"Li, Xudong (56653355000)",1,1,0,0
"Li, Xue (41661596900)",2,2,0,0
"Li, Xuebo (57220868172)",1,1,0,0
"Li, Xueqiang (56959759500)",1,1,0,0
"Li, Xueyi (57196454226)",1,1,0,0
"Li, Y. (55966750800)",0,0,1,11
"Li, Y. (57204521929)",0,0,1,1
"Li, Y.L. (55841986300)",1,1,0,0
"Li, Y.P. (26531210500)",0,0,1,1
"Li, Yan (56031110200)",0,0,1,1
"Li, Yan (57192527428)",1,1,0,0
"Li, Yan (59147276700)",1,1,0,0
"Li, Yan (59449743300)",1,1,0,0
"Li, Yan (59676233200)",1,1,0,0
"Li, Yan-Fu (56609542700)",4,6,0,0
"Li, Yanan (57190886119)",1,1,1,1
"Li, Yanbin (55718986300)",0,0,1,2
"Li, Yanfei (56799971600)",0,0,1,1
"Li, Yang (57075635800)",1,1,0,0
"Li, Yang (57202365586)",3,3,0,0
"Li, Yang (59071258900)",1,1,0,0
"Li, Yangfan (57217526139)",1,1,0,0
"Li, Yanhao (57730295700)",1,1,0,0
"Li, Yanjiao (37026460100)",1,2,0,0
"Li, Yanting (36598862500)",1,4,0,0
"Li, Yanxue (57202366131)",0,0,1,1
"Li, Yanyan (55523092400)",1,1,0,0
"Li, Yaowei (57765616600)",1,1,0,0
"Li, Ye (57192879224)",1,3,0,0
"Li, Yibing (55719205600)",1,1,0,0
"Li, Yida (58609749700)",1,1,0,0
"Li, Yigui (56011643400)",1,2,0,0
"Li, Yiguo (55951835600)",2,2,0,0
"Li, Yijin (57189221129)",1,1,0,0
"Li, Yilin (57223251570)",1,1,0,0
"Li, Yinan (57208906713)",1,1,0,0
"Li, Ying (55876115400)",0,0,1,1
"Li, Ying (57207916315)",0,0,1,1
"Li, Yingbo (59784976500)",1,1,0,0
"Li, Yingli (57216184041)",1,1,0,0
"Li, Yitong (58847910200)",1,1,0,0
"Li, Yiwen (57222712149)",1,1,0,0
"Li, Yiyang (55211720000)",1,2,0,0
"Li, Yong Hua (56406281900)",0,0,1,2
"Li, Yonggang (56159321800)",1,1,0,0
"Li, Yongliang (57222157136)",1,1,0,0
"Li, Yongsheng (57222116346)",1,1,0,0
"Li, Youfu (8589964900)",1,2,0,0
"Li, Yuan (57188647725)",0,0,1,1
"Li, Yuan-Fang (55719200700)",1,1,0,0
"Li, Yuancheng (56436141600)",0,0,1,1
"Li, Yuanjing (56454488900)",0,0,1,4
"Li, Yuanliang (57218924219)",1,1,0,0
"Li, Yuanlong (36570584100)",1,18,0,0
"Li, Yuanxin (18234202100)",1,1,0,0
"Li, Yuanzheng (55931492800)",1,1,0,0
"Li, Yuchao (57191675818)",0,0,1,1
"Li, Yue (55978428900)",1,1,0,0
"Li, Yue (57221629035)",1,1,0,0
"Li, Yunfeng (55972730400)",1,1,0,0
"Li, Yunwei (14060414700)",1,1,0,0
"Li, Yunzhe (57219398357)",1,1,0,0
"Li, Yunzhou (59489395400)",1,1,0,0
"Li, Yuqiang (56095804300)",0,0,1,2
"Li, Yuxing (56034184000)",1,1,0,0
"Li, Yuzhou (55571696700)",1,1,0,0
"Li, Ze (57225184511)",1,1,0,0
"Li, Zening (57202303440)",1,1,0,0
"Li, Zerong (59371363600)",1,1,0,0
"Li, Zhanming (15754357600)",1,1,0,0
"Li, Zhaohua (57923342200)",0,0,1,1
"Li, Zhaoxuan (56808415800)",1,4,0,0
"Li, Zhe (57126665000)",1,1,0,0
"Li, Zhe (57394450700)",1,1,0,0
"Li, Zhen (57191702673)",0,0,1,2
"Li, Zheng (57188634344)",2,2,0,0
"Li, Zhengbing (57196398721)",1,2,1,2
"Li, Zhengbo (57208254794)",1,1,0,0
"Li, Zhengfei (57195483826)",1,1,1,1
"Li, Zhengmao (56767291500)",1,1,0,0
"Li, Zhengtian (25928670200)",2,2,0,0
"Li, Zhengwei (57192308339)",1,1,0,0
"Li, Zhenwen (57887609800)",1,1,0,0
"Li, Zhenyuan (57194717738)",1,1,0,0
"Li, Zhi (57191700293)",1,5,0,0
"Li, Zhi (57203642166)",0,0,1,2
"Li, Zhi (57205191000)",1,1,0,0
"Li, ZhiDong (56075211600)",0,0,1,2
"Li, Zhibin (57191704487)",1,1,0,0
"Li, Zhigang (57188868551)",1,1,1,1
"Li, Zhijun (56980680700)",1,1,0,0
"Li, Zhiwei (57204765235)",3,3,0,0
"Li, Zhiwu (55588010000)",3,4,0,0
"Li, Zhiyi (57092376600)",1,1,0,0
"Li, Zhiyong (56159217600)",1,1,0,0
"Li, Zhongwei (59131869100)",1,1,0,0
"Li, Zhuo (57210469378)",2,2,0,0
"Li, Zihan (57218308899)",2,2,0,0
"Li, Ziwei (58847346500)",1,2,0,0
"Li, Ziwei (59426351200)",1,2,0,0
"Li, Zixiong (57877226800)",1,1,0,0
"Li, Zuyi (8224153500)",4,5,1,1
"Lian, Kuang-Yow (7006070817)",1,3,0,0
"Lian, Li (59055664300)",1,1,0,0
"Lian, Lian (56697926700)",0,0,1,2
"Lian, Yong (7005050885)",1,1,0,0
"Liang, Bifa (57918694300)",1,1,0,0
"Liang, Bin (55740195200)",1,2,0,0
"Liang, C.H. (35291147700)",1,7,0,0
"Liang, Chia-Kai (8236841900)",1,13,0,0
"Liang, Deliang (23005354300)",1,3,0,0
"Liang, Dong (58054905900)",1,1,0,0
"Liang, Hao (57220928681)",1,2,0,0
"Liang, J. (25522172600)",1,1,0,0
"Liang, Jian (35768067400)",1,55,0,0
"Liang, Jing (59234093600)",1,1,0,0
"Liang, Jiwei (57210015276)",1,1,0,0
"Liang, Jixing (56949491200)",1,1,0,0
"Liang, Jun (57689271800)",1,1,0,0
"Liang, Jun (60703105000)",1,1,1,1
"Liang, Liang (50262158200)",1,1,0,0
"Liang, Qin (57212449184)",1,1,0,0
"Liang, Ruey-Hsun (7201599920)",1,1,0,0
"Liang, Ruishi (37018365800)",1,1,0,0
"Liang, Siyuan (26638302300)",1,2,0,0
"Liang, Tulu (57109787500)",1,1,0,0
"Liang, Wei (56237550900)",1,2,0,0
"Liang, Wei (57209150020)",1,2,0,0
"Liang, Wen-Yew (37052536300)",1,4,0,0
"Liang, Xianfeng (57190975583)",1,4,0,0
"Liang, Xiao-Jie (55919270800)",1,1,0,0
"Liang, Xiao-feng (24921777500)",1,1,0,0
"Liang, Xin (59867652900)",1,1,0,0
"Liang, Xin-Zhong (57208346904)",0,0,1,2
"Liang, Yang (57216946710)",1,2,0,0
"Liang, Yangang (57051775100)",1,4,1,4
"Liang, Ying-Chang (36071330300)",1,1,0,0
"Liang, Yongtu (7403499255)",1,2,1,2
"Liang, Yue (59100114200)",1,1,0,0
"Liang, Yunji (55479425200)",1,2,0,0
"Liang, Zhi (57193012162)",1,2,0,0
"Lianjie, Dong (56096004800)",1,1,0,0
"Liao, Bolin (55366992900)",1,2,0,0
"Liao, Chengchen (57849994700)",2,3,0,0
"Liao, Dan (35185298500)",1,1,0,0
"Liao, James R. (56297577700)",0,0,1,1
"Liao, Jiawei (57226248862)",1,1,0,0
"Liao, Jincheng (56120900500)",1,1,0,0
"Liao, Juan (24481898800)",1,1,0,0
"Liao, Kai (55619978500)",1,1,0,0
"Liao, Mingdun (56708052200)",1,1,0,0
"Liao, Nan (55620821900)",1,1,0,0
"Liao, Ruoyu (59205517200)",1,1,0,0
"Liao, Shengli (12782177400)",1,2,0,0
"Liao, Shengming (7401923126)",0,0,1,2
"Liao, Shiwen (57210969661)",1,1,0,0
"Liao, Siyang (56083492400)",1,1,0,0
"Liao, Ting (57193234408)",1,1,0,0
"Liao, Wei-Hsin (57893071500)",1,2,0,0
"Liao, Xiaofei (7202134186)",1,1,0,0
"Liao, Xiaojing (59392438400)",1,1,0,0
"Liao, Xin-Da (7202134115)",1,1,0,0
"Liao, Xishun (57216659203)",1,2,0,0
"Liao, Yabin (55213719700)",1,1,0,0
"Liao, Yiwen (57365631100)",1,1,0,0
"Liao, Yuan (57013971500)",0,0,1,3
"Liao, Zhiwei (7203032924)",1,1,0,0
"Liatsis, P. (8410551000)",1,1,1,1
"Liaw, Bor Yann (35514278400)",1,15,0,0
"Liazid, Abdelkrim (15757392000)",1,5,0,0
"Liazid, Hidaya (57205673009)",1,5,0,0
"Liberati, Francesco (59232525100)",0,0,1,1
"Libois, Q. (55809001300)",0,0,1,2
"Licht, R.B. (55204534900)",1,2,0,0
"Lichter, Jens (14630569800)",0,0,1,3
"Liddell, Christine (7003378045)",0,0,1,5
"Liddle, Brantley (57213040661)",0,0,2,5
"Lie, Bernt (7006071655)",0,0,1,1
"Lie, T.T. (56962759400)",1,5,0,0
"Lie, Tek Tjing (56962759400)",0,0,1,1
"Lie, Tek-Tjing (56962759400)",1,1,0,0
"Liebensteiner, Mario (55953479000)",0,0,1,1
"Lieberwirth, Holger (6505868354)",1,4,0,0
"Liebl, Dominik (57202660970)",0,0,1,2
"Liebman, Ariel (6701578250)",1,2,0,0
"Lieleg, Oliver (22835524400)",1,1,0,0
"Lien, I.C. (15052016200)",1,5,0,0
"Lien, Synne Krekling (57216895056)",0,0,1,4
"Lien, Yun-Hsuan (57216893744)",1,1,0,0
"Lienhard V, John H. (35237697500)",1,5,1,1
"Lienkamp, Markus (6602932870)",1,1,0,0
"Lieverse, Paul (6603566945)",1,3,0,0
"Ligatti, Jay (6507530928)",1,1,0,0
"Lilhore, Umesh Kumar (55445409800)",1,1,0,0
"Liljeberg, Pasi (6602330719)",2,3,0,0
"Lim, Byeong-Yong (58187499300)",1,1,0,0
"Lim, C. Jim (7403654014)",0,0,1,2
"Lim, Changgyoon (7403654370)",1,1,0,0
"Lim, Cheng-Chew (7403654466)",1,2,0,0
"Lim, Dong Hoon (36885515300)",1,1,0,0
"Lim, Eng Gee (36105242300)",1,1,0,0
"Lim, Enggee (36105242300)",1,2,0,0
"Lim, Hankwon (14019936500)",2,2,0,0
"Lim, Hyun Sung (57192235997)",1,1,0,0
"Lim, Jaehoon (58927460300)",1,2,0,0
"Lim, Jihun (57205492067)",1,1,0,0
"Lim, Jinsung (57205183673)",1,1,0,0
"Lim, Jung Wook (7403454016)",1,1,0,0
"Lim, Mikyung (55670151100)",1,1,0,0
"Lim, Su-Chang (57197836842)",1,1,0,0
"Lim, Sung-Hwa (35102782400)",2,8,0,0
"Lim, T.S. (59035201200)",1,11,0,0
"Lim, Teik-Thye (57845335200)",0,0,1,1
"Lim, Tian Kuay (7401710815)",0,0,1,1
"Lim, Yu Jie (57217425348)",0,0,1,2
"Lim, Yun Seng (55663177800)",1,7,0,0
"Lima, Francisco J.L. (56963464700)",0,0,1,3
"Lima, Ricardo M. (55568718400)",0,0,1,2
"Lima, Tânia M. (48661120000)",1,1,1,1
"Lin, Aiwen (14063724200)",0,0,1,1
"Lin, Baoguo (58030064900)",1,1,0,0
"Lin, Binliang (7403508476)",0,0,2,4
"Lin, Boqiang (35098935000)",0,0,2,3
"Lin, Borong (7403508277)",1,2,2,5
"Lin, Chao-Han (55862775900)",1,2,0,0
"Lin, Cheng-Chun (55204944900)",0,0,1,1
"Lin, Cheng-You (57193270650)",1,4,0,0
"Lin, Chia-Hung (57218939698)",1,1,0,0
"Lin, Chih-Chu (13404235400)",1,1,0,0
"Lin, Chih-Hsueh (57216560517)",1,1,0,0
"Lin, Chin-Teng (8942403600)",1,1,0,0
"Lin, Chuan (57277122000)",1,1,0,0
"Lin, Chuan-Yao (35237587900)",1,1,0,0
"Lin, Chung-Chih (57144923100)",1,1,0,0
"Lin, Dingyi (57219625004)",1,1,0,0
"Lin, Guang (11439948600)",1,1,0,0
"Lin, Guang-Zhi (57655604000)",1,1,0,0
"Lin, Guanjing (36161029900)",0,0,1,1
"Lin, Hsiung-Cheng (14029963400)",1,2,0,0
"Lin, Hwaider (56514312900)",1,4,0,0
"Lin, Jerry Chun-Wei (56449520400)",1,1,0,0
"Lin, Jiangfan (57213135467)",1,1,0,0
"Lin, Jianping (55709995600)",0,0,1,1
"Lin, Jianyong (56129639300)",2,4,0,0
"Lin, Jin (55709983000)",4,5,0,0
"Lin, Jinhuai (41561684500)",0,0,1,2
"Lin, Jixu (58954420900)",1,2,0,0
"Lin, Lee-Cheng (55907927400)",0,0,1,3
"Lin, Li (57223926767)",0,0,1,1
"Lin, Lin (55611348900)",1,1,0,0
"Lin, Lin (56456958700)",0,0,1,1
"Lin, Longlong (58793862000)",1,1,0,0
"Lin, Meng (35756125700)",0,0,1,1
"Lin, Robert H. (24332163900)",1,2,0,0
"Lin, Ruojue (57205198732)",1,2,0,0
"Lin, Seng (57217390929)",1,2,0,0
"Lin, Sheng (57211110432)",1,1,0,0
"Lin, Shihong (36559618200)",1,1,0,0
"Lin, Sue J. (7407158938)",0,0,1,1
"Lin, T.-L. (34869939900)",1,1,0,0
"Lin, Tao (56975684900)",1,2,0,0
"Lin, Tzu-Chieh (60587444900)",1,1,0,0
"Lin, Weijie (16233374800)",1,1,0,0
"Lin, Weiwei (55723146900)",4,9,0,0
"Lin, Wen-Chiao (35778395400)",0,0,1,2
"Lin, Wen-Yinn (23479884000)",0,0,1,4
"Lin, Wuyin (8859530100)",0,0,1,1
"Lin, Xi (59526725700)",1,1,0,0
"Lin, Xiangning (7404513909)",2,2,0,0
"Lin, Xianke (36164359400)",1,1,0,0
"Lin, Xiaohai (56470047000)",1,1,0,0
"Lin, Xiaohu (57204506219)",0,0,1,1
"Lin, Xiaojun (24776268100)",1,1,0,0
"Lin, Xilong (58148931000)",1,1,0,0
"Lin, Xinyou (53866722000)",1,1,0,0
"Lin, Xue (57688017700)",2,3,0,0
"Lin, Yan (59844794800)",0,0,1,1
"Lin, Yanbing (57192870389)",0,0,1,1
"Lin, Yang (49963781100)",1,8,1,1
"Lin, Yang (57216432724)",1,1,0,0
"Lin, Yangshu (58616118800)",1,1,0,0
"Lin, Yaolin (22941187800)",0,0,1,1
"Lin, Yen-Hsun (14030238700)",0,0,1,1
"Lin, Ying-Zu (8619717600)",1,4,0,0
"Lin, Yingqian (55823880700)",1,3,0,0
"Lin, Yingying (57212378702)",1,1,0,0
"Lin, You (55960429100)",1,2,0,0
"Lin, Yousheng (56204056200)",0,0,1,1
"Lin, Yu-Jin (57196347263)",1,1,0,0
"Lin, Yuang (58614135100)",1,1,0,0
"Lin, Yuanjing (57022149400)",1,1,0,0
"Lin, Yudeng (57206664698)",1,1,0,0
"Lin, Yunzhi (57219766548)",1,1,0,0
"Lin, Yupo J. (22734779100)",1,3,0,0
"Lin, Zechuan (57349726500)",1,1,0,0
"Lin, Zhang (55664254300)",0,0,1,1
"Lin, Zhengyuan (58654875500)",1,1,0,0
"Lin, Zhenhong (23973098500)",0,0,2,14
"Lin, Zhenzhi (22835623100)",4,5,0,0
"Lin, Zhifeng (57214320100)",1,1,0,0
"Lin, Zhiming (57210283671)",1,1,0,0
"Lin, Zijing (56296492600)",1,1,0,0
"Linares, Pedro (36059613200)",0,0,1,27
"Lindahl, Johan (58717039000)",0,0,1,3
"Lindberg, Fredrik (34571084000)",0,0,1,16
"Lindberg, K.B. (55759933500)",0,0,2,12
"Lindberg, Karen Byskov (55759933500)",0,0,3,8
"Lindberg, Karl (58604558600)",0,0,1,1
"Lindberg, O. (57219943670)",0,0,1,6
"Lindberg, Oskar (57219943670)",0,0,1,1
"Linden, Seth (12751883700)",0,0,1,1
"Lindenberger, Dietmar (6602483779)",0,0,1,1
"Lindfors, Anders V. (15835359300)",0,0,1,2
"Lindroth, Peter (56944064500)",1,3,0,0
"Lindsay, N. (59983210400)",0,0,1,2
"Ling, Jianghua (56462104200)",1,10,1,1
"Ling, Jingxiu (55822422000)",1,1,0,0
"Ling, Li (57217523962)",1,1,0,0
"Lingfors, D. (55788017000)",0,0,1,6
"Lingfors, David (55788017000)",0,0,3,6
"Linnebach, Philipp (57202134961)",1,1,0,0
"Linnemann, Claus (7005664455)",1,28,0,0
"Lior, Noam (7005754799)",0,0,5,12
"Liotta, Antonio (13408852200)",1,3,0,0
"Lipets, Vladimir (36980133300)",1,1,0,0
"Lipson, Michal (7007128346)",1,3,0,0
"Liqiang, Zhu (60170995700)",1,1,0,0
"Liqreina, Ahmed (56068091900)",0,0,1,3
"Lira-Cantu, Monica (6602286691)",1,3,0,0
"Lisi, Francesco (7003320394)",1,1,0,0
"Lisowski, Aleksander (55807730100)",0,0,1,1
"Litynski, John (56109506800)",0,0,1,1
"Liu, Andong (57857444200)",1,1,0,0
"Liu, B. (7408690532)",1,5,0,0
"Liu, Bangyin (7408690532)",1,3,1,2
"Liu, Bao (55720721400)",1,1,0,0
"Liu, Benxi (55544747900)",1,2,0,0
"Liu, Bidong (57157506100)",1,1,0,0
"Liu, Bin (57196892289)",1,1,0,0
"Liu, Bin (57204698965)",1,1,0,0
"Liu, Bin (57209810523)",0,0,1,1
"Liu, Bing-Hong (13807820700)",1,1,0,0
"Liu, Biqi (59385956300)",1,1,0,0
"Liu, Bo (57222098758)",0,0,1,1
"Liu, Bo (57223712922)",1,5,0,0
"Liu, Boyu (59507165000)",1,1,0,0
"Liu, Cencen (57200270937)",1,1,0,0
"Liu, Chang (57191677593)",1,1,0,0
"Liu, Chang (57882570100)",1,4,1,1
"Liu, Changzheng (55271762900)",0,0,1,8
"Liu, Chao (56937835000)",1,1,0,0
"Liu, Chao (58366095600)",1,1,0,0
"Liu, Chao-Qiang (58074819200)",1,1,0,0
"Liu, Chen (57056600800)",1,1,0,0
"Liu, Cheng (56413174200)",1,1,0,0
"Liu, Cheng (57917907700)",1,1,0,0
"Liu, Cheng (59772339100)",1,2,0,0
"Liu, Chenhui (57274368800)",0,0,1,2
"Liu, Chubo (56263967300)",1,1,0,0
"Liu, Chun (55680779700)",1,5,0,0
"Liu, Chun-Cheng (34973335400)",1,4,0,0
"Liu, Chun-Ho (36065161300)",1,1,0,0
"Liu, Chun-Hung (57208753359)",1,1,0,0
"Liu, Chun-Xia (34977094300)",0,0,1,1
"Liu, Chunde (57221687361)",1,1,0,0
"Liu, Chunfeng (55680760500)",1,1,0,0
"Liu, Da (56068235400)",1,1,0,0
"Liu, Dagui (57022473900)",1,2,0,0
"Liu, Daqian (59122575000)",1,1,0,0
"Liu, Dedi (55790755000)",0,0,1,1
"Liu, Derong (57202191309)",1,1,0,0
"Liu, Di (57001514700)",1,3,0,0
"Liu, Dingkun (57209180073)",1,1,0,0
"Liu, Dinglin (55524011400)",0,0,1,1
"Liu, Dong (57137063700)",1,2,0,0
"Liu, Dong (57138681800)",1,3,0,0
"Liu, Dongdong (57202714238)",1,1,0,0
"Liu, Dongduan (59090516200)",1,1,0,0
"Liu, Donghao (57204496074)",1,1,0,0
"Liu, Dongwei (57157551200)",0,0,1,16
"Liu, Fan (57191483084)",0,0,1,2
"Liu, Fang (57022520400)",1,1,0,0
"Liu, Fangzhou (55599086400)",1,1,0,0
"Liu, Feiqi (57190857253)",0,0,1,4
"Liu, Feng (57188933208)",0,0,1,1
"Liu, Feng (57192014503)",0,0,1,8
"Liu, Feng (57309145100)",1,1,0,0
"Liu, Fengjiao (57204873639)",1,1,0,0
"Liu, Fengkui (57209840373)",1,2,0,0
"Liu, Fengwei (59446325800)",1,3,0,0
"Liu, G. (57218792157)",1,1,0,0
"Liu, Gang (55706551300)",0,0,1,2
"Liu, Gang (56491676500)",1,1,0,0
"Liu, Gang (57110966400)",1,1,0,0
"Liu, Gang (57192201331)",1,1,0,0
"Liu, Gang (57222136243)",1,1,0,0
"Liu, Guangbiao (57205222320)",1,1,0,0
"Liu, Guangchuan (57945260300)",1,1,0,0
"Liu, Guangliang (57208144903)",1,1,0,0
"Liu, Guangyi (55706549100)",1,1,0,0
"Liu, Guobao (57192070871)",1,1,0,0
"Liu, Guodong (55706517400)",1,1,1,1
"Liu, Guoqiang (56949242500)",1,1,0,0
"Liu, Guy (7501460945)",0,0,1,1
"Liu, Haikun (8258281700)",1,1,0,0
"Liu, Hailong (58438198200)",1,1,0,0
"Liu, Haitao (56562017300)",2,2,0,0
"Liu, Hanchao (55365607600)",1,1,1,7
"Liu, Hanghang (57219204736)",1,1,0,0
"Liu, Hanxin (57220899278)",1,1,0,0
"Liu, Hao (57387005800)",2,2,0,0
"Liu, Haohuai (36948950000)",1,2,0,0
"Liu, Haohui (56108900000)",1,1,1,1
"Liu, Haoran (33368051800)",1,1,0,0
"Liu, Haoyu (59557048100)",1,1,0,0
"Liu, He-Miao (57218675672)",1,1,0,0
"Liu, Hengzhu (27171035600)",1,1,0,0
"Liu, Hong (56090045000)",1,2,0,0
"Liu, Hongda (54784945600)",1,1,0,0
"Liu, Hongsheng (56399513700)",0,0,1,1
"Liu, Hongxiang (57204532528)",1,1,0,0
"Liu, Hongyan (36910726800)",1,2,0,0
"Liu, Huakun (57212411755)",0,0,1,2
"Liu, Huangxiaolie (57215587133)",1,1,0,0
"Liu, Huaping (56095099000)",1,1,0,0
"Liu, Hui (56693225600)",2,2,0,0
"Liu, Hui (56735034400)",1,1,0,0
"Liu, Hui (57196315256)",1,2,0,0
"Liu, Hui (57221973629)",1,1,0,0
"Liu, Hui (57830150500)",1,1,0,0
"Liu, Hui (59820334000)",1,1,0,0
"Liu, Huiheng (58124887900)",1,1,0,0
"Liu, Huiying (56424255000)",1,1,1,1
"Liu, J. (56184922000)",1,1,0,0
"Liu, J. Jay (8606203100)",1,1,0,0
"Liu, Ji (55910548000)",1,1,0,0
"Liu, Ji (57192545622)",1,2,0,0
"Liu, Jia (56066228900)",1,1,0,0
"Liu, Jia (56341539800)",1,2,0,0
"Liu, Jia (59526523300)",1,1,0,0
"Liu, Jia-Ren (57201727284)",1,1,0,0
"Liu, Jiachang (58187440000)",1,1,0,0
"Liu, Jiahao (57219840751)",1,1,0,0
"Liu, Jiahong (47962312500)",0,0,1,1
"Liu, Jian (57201063593)",1,1,0,0
"Liu, Jiang (21743172700)",1,1,0,0
"Liu, Jiangchuan (8969748600)",3,6,0,0
"Liu, Jianghua (59879108600)",1,1,0,0
"Liu, Jiangyan (57072803100)",1,1,0,0
"Liu, Jianlong (49361745100)",0,0,1,1
"Liu, Jianxin (57217008874)",1,1,0,0
"Liu, Jiaping (55705846000)",0,0,1,2
"Liu, Jiaqi (57888979500)",1,1,0,0
"Liu, Jiaquan (57219876471)",1,1,0,0
"Liu, Jie (55942923600)",1,1,0,0
"Liu, Jie (55955823500)",1,1,0,0
"Liu, Jinfeng (55705837500)",1,2,0,0
"Liu, Jing (56031085100)",0,0,1,1
"Liu, Jing (56306057100)",1,1,0,0
"Liu, Jing (56747130900)",0,0,1,1
"Liu, Jinglu (57200205944)",1,1,0,0
"Liu, Jingxuan (58179623000)",2,2,0,0
"Liu, Jingye (58131448900)",0,0,1,1
"Liu, Jingyun (53664079800)",1,1,0,0
"Liu, Jiuwei (58601272500)",1,1,0,0
"Liu, Jiying (36619606300)",1,9,2,2
"Liu, Juhua (24922133700)",1,3,1,6
"Liu, Jun (55934188300)",1,1,0,0
"Liu, Jun (56767271900)",2,2,0,0
"Liu, Jun (57871790600)",1,1,0,0
"Liu, Jun (58850587000)",1,1,0,0
"Liu, Jun (59543854900)",1,1,0,0
"Liu, Jun M. (35148097100)",0,0,1,4
"Liu, Jun-Ming (56153245600)",1,2,0,0
"Liu, Junyong (55851922500)",1,1,0,0
"Liu, Kai (55619292569)",3,4,1,2
"Liu, Kai-Wei (57209195710)",0,0,1,3
"Liu, Kaipei (7404199750)",1,2,0,0
"Liu, Kehong (60054744000)",1,1,0,0
"Liu, Ketian (55834281600)",1,1,0,0
"Liu, Kuan-Lin (57193234634)",1,1,0,0
"Liu, Kui-xing (41261705800)",1,1,0,0
"Liu, Lanbin (35109455300)",2,4,0,0
"Liu, Leibo (8880228100)",1,1,0,0
"Liu, Li (56105820800)",1,1,0,0
"Liu, Li-Ping (55574231490)",1,1,0,0
"Liu, Li-Qun (55715231100)",0,0,1,1
"Liu, Lianxin (57225946984)",1,1,0,0
"Liu, Licheng (57193522386)",0,0,1,2
"Liu, Liming (56157715000)",1,2,0,0
"Liu, Liming (59816868200)",1,1,0,0
"Liu, Ling (55628583368)",2,15,0,0
"Liu, Ling (57217355264)",1,1,0,0
"Liu, Lingjun (57213677067)",1,2,0,0
"Liu, Linqing (57322829100)",1,1,0,0
"Liu, Linyue (57578040200)",1,1,0,0
"Liu, Liqiang (55715371100)",1,1,0,0
"Liu, Liqiang (57557439600)",1,1,0,0
"Liu, Lirong (57200230296)",0,0,1,2
"Liu, Lon-Mu (57209926606)",0,0,1,4
"Liu, Lu (57194679110)",2,3,0,0
"Liu, Lu (58187543700)",1,1,0,0
"Liu, Maochang (59895650200)",1,1,0,0
"Liu, Matthew J. (57211867083)",1,3,0,0
"Liu, Mei-qin (26643265600)",1,1,0,0
"Liu, Meng (55210661900)",1,1,0,0
"Liu, Mengchao (57222196970)",2,2,0,0
"Liu, Mengmeng (58131374600)",1,1,0,0
"Liu, Mengru (26663258400)",1,2,0,0
"Liu, Min (57212757132)",1,2,0,0
"Liu, Ming (60575811000)",1,2,0,0
"Liu, Mingbo (55656313300)",1,1,0,0
"Liu, Mingkai (57202458279)",1,1,0,0
"Liu, Mingsheng (7406298464)",2,2,0,0
"Liu, Mingyang (58735790300)",1,1,0,0
"Liu, Mingzhe (59847938900)",0,0,1,1
"Liu, Nanlv (59643532500)",1,1,0,0
"Liu, Nian (8384521800)",2,2,0,0
"Liu, Ning (56003105600)",1,1,0,0
"Liu, Pan (56488934500)",1,1,1,2
"Liu, Pei (25928577200)",1,1,0,0
"Liu, Peng (55574230648)",2,9,1,1
"Liu, Peng (57225173049)",2,2,0,0
"Liu, Peng (58733927700)",1,1,0,0
"Liu, Pengfei (35364811000)",1,1,0,0
"Liu, Pengfei (57211084531)",0,0,1,2
"Liu, Penny H.Y. (55649030000)",0,0,1,3
"Liu, Pingping (57899713500)",1,1,0,0
"Liu, Pu (57191381477)",1,2,1,4
"Liu, Qi (57212729875)",1,1,0,0
"Liu, Qi (57218146080)",1,1,0,0
"Liu, Qi (57226849485)",1,1,0,0
"Liu, Qiang (57221168015)",0,0,1,1
"Liu, Qiang (60106588400)",1,1,0,0
"Liu, Qifang (55682838100)",2,3,0,0
"Liu, Qing (57488026000)",1,2,0,0
"Liu, Qing (59613231700)",1,2,0,0
"Liu, Qingyu (59648543500)",1,1,0,0
"Liu, Quanli (23111216400)",1,1,0,0
"Liu, Quanlong (55963540000)",1,1,0,0
"Liu, Qunyi (34877230000)",0,0,1,1
"Liu, Ran (59631149400)",1,1,0,0
"Liu, Ren-Ping (55546325800)",1,1,0,0
"Liu, Rong (55739671100)",1,1,0,0
"Liu, Rui (57191978486)",1,1,0,0
"Liu, Rui (59534714500)",1,1,0,0
"Liu, Runze (58262108000)",1,1,0,0
"Liu, Ruonan (59480462300)",1,3,0,0
"Liu, Rutao (7404552214)",0,0,1,15
"Liu, Sanheng (55897476200)",0,0,1,1
"Liu, Shang Lin (58121529500)",1,1,0,0
"Liu, Shaopeng (35201564700)",1,5,0,0
"Liu, Sheng (56386369200)",1,1,0,0
"Liu, Shengchun (54795362400)",1,1,0,0
"Liu, Shengyuan (57201447108)",2,2,0,0
"Liu, Shi (8660813700)",0,0,1,1
"Liu, Shijian (57204216870)",1,1,0,0
"Liu, Shiming (56018447700)",1,1,0,0
"Liu, Shiwei (58504428200)",1,1,0,0
"Liu, Shubo (24721973100)",1,1,0,0
"Liu, Sifeng (26643353400)",0,0,1,1
"Liu, Siping (57200168564)",1,4,0,0
"Liu, Sisi (55173271600)",1,9,0,0
"Liu, Sizhe (57972359700)",1,1,0,0
"Liu, Suning (57195639311)",0,0,1,4
"Liu, Tao (57221068267)",1,1,1,1
"Liu, Tian (57189058136)",0,0,1,3
"Liu, Tianhong (56949347100)",1,1,0,0
"Liu, Tianqi (57201356644)",0,0,1,1
"Liu, Tingting (57222103787)",1,1,0,0
"Liu, Tong (55727745900)",0,0,1,4
"Liu, Tong (57928669000)",1,1,0,0
"Liu, Wang (58507279400)",0,0,1,1
"Liu, Wanli (59214213500)",1,1,0,0
"Liu, Wei (56428111000)",1,1,0,0
"Liu, Wei (56795849800)",1,2,0,0
"Liu, Wei (59132658400)",1,2,0,0
"Liu, Weichen (21743260700)",1,1,0,0
"Liu, Weidong (56106147600)",1,1,0,0
"Liu, Weidong (56674872800)",1,1,0,0
"Liu, Weifeng (35205989300)",1,2,0,0
"Liu, Weifeng (57202867576)",2,2,0,0
"Liu, Weijia (55212509300)",1,2,1,1
"Liu, Weiwei (56864695300)",2,2,0,0
"Liu, Wen-Chau (36072673600)",1,1,0,0
"Liu, Wen-Zong (35206305300)",1,2,0,0
"Liu, Wenchao (55521127400)",1,3,0,0
"Liu, Wenling (41261873100)",0,0,1,2
"Liu, Wenqi (55556455000)",1,1,0,0
"Liu, Wenxin (36080686800)",1,2,0,0
"Liu, Wenzhu (56576513700)",2,2,0,0
"Liu, Wuming (35215373500)",1,2,0,0
"Liu, Xi (55607755800)",0,0,1,2
"Liu, Xiang (58783641100)",1,1,0,0
"Liu, Xiao (59119487400)",1,2,0,0
"Liu, Xiao-Yang (44361326100)",1,2,0,0
"Liu, Xiaobao (58197606800)",0,0,1,1
"Liu, Xiaojia (58761011600)",1,1,0,0
"Liu, Xiaojing (27167593800)",1,1,0,0
"Liu, Xiaojun (56413094600)",1,1,0,0
"Liu, Xiaoning (57199711482)",1,2,0,0
"Liu, Xiaoou (57196324653)",1,2,0,0
"Liu, Xiaoyu (57218314589)",1,1,0,0
"Liu, Xiemin (57215696767)",1,1,0,0
"Liu, Xin (56404804100)",1,4,0,0
"Liu, Xin (56948455000)",1,2,0,0
"Liu, Xin (60706668700)",1,1,0,0
"Liu, Xinbo (36011829600)",1,1,0,0
"Liu, Xing (58744133900)",1,1,0,0
"Liu, Xinglei (57216476865)",1,1,0,0
"Liu, Xingyu (57222471363)",1,1,0,0
"Liu, Xinmiao (57219840456)",1,2,0,0
"Liu, Xinrui (16833598200)",1,1,0,0
"Liu, Xinyu (56767292400)",1,1,0,0
"Liu, Xinyuan (55985342500)",1,1,0,0
"Liu, Xinyun (18042060200)",1,3,0,0
"Liu, Xiong-Fu (7409293567)",0,0,1,2
"Liu, Xiu-feng (36701583900)",1,1,0,0
"Liu, Xiufeng (36701583900)",1,1,0,0
"Liu, Xiuli (60095397200)",0,0,1,1
"Liu, Xuan (55837849000)",4,4,0,0
"Liu, Xuan (57214856737)",0,0,1,1
"Liu, Xuming (57209227661)",1,1,0,0
"Liu, Xusong (57190689710)",1,1,0,0
"Liu, Y.T. (36976011900)",1,2,0,0
"Liu, Yahui (56871211700)",1,1,0,0
"Liu, Yajie (7410237141)",3,4,1,3
"Liu, Yaliang (58907735300)",1,1,0,0
"Liu, Yamin (57195287061)",1,2,0,0
"Liu, Yan (55885279500)",1,4,0,0
"Liu, Yan (55992310500)",0,0,1,1
"Liu, Yan (59858676800)",0,0,1,1
"Liu, Yanan (57211089183)",0,0,1,23
"Liu, Yanchen (57206820150)",1,1,0,0
"Liu, Yanchen (57223933798)",1,1,0,0
"Liu, Yanchun (59748403100)",1,2,0,0
"Liu, Yang (55812026500)",1,1,0,0
"Liu, Yang (57192565970)",1,1,0,0
"Liu, Yang (57196312178)",1,1,0,0
"Liu, Yang (57209247300)",2,2,0,0
"Liu, Yang (57881803100)",1,5,1,1
"Liu, Yanghe (58727447800)",1,1,0,0
"Liu, Yanhui (55742114000)",0,0,1,1
"Liu, Yanjun (55323483800)",1,1,0,0
"Liu, Yao (58690416200)",1,1,0,0
"Liu, Yaxuan (57218415587)",1,1,0,0
"Liu, Yen-Ting (38961681700)",1,4,0,0
"Liu, Yezheng (16200075200)",1,2,0,0
"Liu, Yi (55670914200)",1,2,0,0
"Liu, Yi (57223933818)",1,1,0,0
"Liu, Yi-tao (36976011900)",1,5,0,0
"Liu, Yichao (57103105400)",0,0,1,1
"Liu, Yifan (58366700300)",1,1,0,0
"Liu, Yijia (57208018933)",1,1,0,0
"Liu, Yilin (57218456029)",1,1,0,0
"Liu, Yilu (7410215117)",2,3,1,1
"Liu, Ying (57858883600)",1,1,0,0
"Liu, Yinping (57211588528)",1,1,0,0
"Liu, Yirong (57215425608)",1,1,0,0
"Liu, Yixin (56086672500)",1,3,0,0
"Liu, Yiyang (58149114400)",1,1,0,0
"Liu, Yong (59001810700)",1,1,0,0
"Liu, Yong-qian (55928266200)",1,2,0,0
"Liu, Yonggang (57214951230)",1,1,0,0
"Liu, Yongjie (56496330800)",1,1,0,0
"Liu, Yongqi (57201467777)",1,1,0,0
"Liu, Yongqian (55928266200)",3,3,2,6
"Liu, Youbo (35111277800)",1,1,0,0
"Liu, Yu (57192566980)",1,1,0,0
"Liu, Yu (59263510200)",1,1,0,0
"Liu, Yu (59648639800)",1,1,0,0
"Liu, Yuan (57219367851)",0,0,1,1
"Liu, Yuan (58680105900)",0,0,1,1
"Liu, Yuan'An (8377051500)",1,1,0,0
"Liu, Yuanan (8377051500)",1,1,0,0
"Liu, Yuanyuan (57211796952)",1,1,0,0
"Liu, Yubin (57192303767)",0,0,1,1
"Liu, Yue (57901412500)",1,1,0,0
"Liu, Yue (57908957600)",1,2,0,0
"Liu, Yue (59852545000)",1,1,0,0
"Liu, Yuechao (56441795000)",1,1,0,0
"Liu, Yufei (59993380200)",1,1,0,0
"Liu, Yulong (57195591601)",1,3,0,0
"Liu, Yun (56116297100)",1,1,0,0
"Liu, Yunhao (8235471000)",1,3,0,0
"Liu, Yunjing (58775840100)",1,1,0,0
"Liu, Yuqi (56974181700)",1,1,0,0
"Liu, Yuqiao (59488996900)",1,1,0,0
"Liu, Yutian (55836598900)",1,1,0,0
"Liu, Yuxi (59449443300)",1,1,0,0
"Liu, Zhanqiang (24077795900)",1,2,0,0
"Liu, Zhao (56534797300)",1,1,0,0
"Liu, Zhaobin (55711341800)",1,1,0,0
"Liu, Zhehua (57201422228)",1,1,0,0
"Liu, Zheng (57192441116)",1,1,0,0
"Liu, Zhengrong (55672414900)",1,1,0,0
"Liu, Zhengwu (57215528088)",2,2,0,0
"Liu, Zhengyu (56783279900)",1,1,0,0
"Liu, Zhenhua (55714470900)",1,3,1,1
"Liu, Zhi (57194722312)",1,3,0,0
"Liu, Zhi-Feng (58982884400)",1,1,0,0
"Liu, Zhifeng (59812529900)",1,2,0,0
"Liu, Zhijie (57195734585)",0,0,1,23
"Liu, Zhikai (57222542750)",1,1,0,0
"Liu, Zhimeng (57201026212)",1,1,0,0
"Liu, Zhitao (37052416500)",1,1,0,0
"Liu, Zhiyuan (55714726500)",0,0,1,1
"Liu, Zhonghui (57205344949)",0,0,1,2
"Liu, Zhou (7406676891)",0,0,1,1
"Liu, Zhuangzhi (57222009966)",1,1,0,0
"Liu, Zihang (56451880500)",1,3,0,0
"Liu, Ziming (57211894139)",1,1,0,0
"Liu, Ziqi (60385957200)",1,1,0,0
"Liu, Ziyu (59623251300)",0,0,1,1
"Liu, Zongwei (56768332500)",0,0,1,4
"Liu, Zuming (57191829695)",1,1,0,0
"Liu, Zunke (57211607904)",1,1,0,0
Liuchen Chang (57195382965),1,2,0,0
"Liutanakul, Pisit (6505472665)",1,2,0,0
"Livani, Hanif (25653807100)",1,2,0,0
"Livanos, Nikolaos-Antonios I. (25825292700)",1,1,0,0
"Liverud, Anders E. (55367848300)",1,1,0,0
"Livingston, William R. (57192895338)",0,0,1,26
"Liyanage, Madhusanka (55481055000)",0,0,1,1
"Liyanage, Yasitha (57195381996)",1,1,1,2
"Lizana, Jesus (57190960790)",0,0,1,2
"Lledó, Ll. (55860482500)",0,0,1,2
"Llera, Rocio (56067106500)",0,0,1,1
"Llera-Sastresa, Eva (37040594100)",0,0,1,1
"Llombart, Andrés (6603669390)",1,2,1,2
"Llorca, Jaime (10243422900)",1,1,0,0
"Llorca, Manuel (56559858100)",0,0,1,11
"Llorente, Ignacio M. (24822737500)",1,6,1,1
"Lloret, Jaime (23389476400)",3,9,2,2
"Lloréns-Rico, Verónica (55584243500)",0,0,1,1
"Lluch-Senar, Maria (18634668300)",0,0,1,1
"Lo Casto, E. (35725606300)",0,0,1,2
"Lo Zupone, G. (56091640300)",1,1,0,0
"Lo, Chin Kim (36721595300)",1,7,0,0
"Lo, Hong K. (7202085473)",0,0,1,1
"Lobato, Enrique (7005258069)",1,2,0,0
"Lobato, Pedro J. (24438274300)",0,0,1,1
"Lobine, D. (57189832117)",0,0,1,3
"Lobo, P.M. (56770907200)",1,3,0,0
"Locatelli, Pierluigi (57211272580)",1,2,0,0
"Lock, Sarah-Jane (37026579600)",0,0,1,1
"Lockington, D.A. (7003766251)",0,0,1,8
"Lockwood, Steve (59228011600)",0,0,1,1
"Locment, Fabrice (25522282200)",2,6,0,0
"Loderer, Christian (15623743400)",1,1,1,27
"Lodi, Andrea (7004984600)",1,1,0,0
"Lodi, Kaif Ahmed (57208859537)",0,0,1,1
"Loeb, Colin K. (57197751314)",1,3,0,0
"Loftness, Vivian (6701679959)",1,2,1,1
"Logadóttir, Á. (52264074900)",0,0,1,1
"Logan, Bruce E. (55762454700)",2,12,1,2
"Logar, Ivana (26321783200)",0,0,1,4
"Logar, Vito (35366556400)",1,1,0,0
"Logeeshan, V. (57190949528)",1,1,0,0
"Loghmari, Ismail (57194639293)",1,1,0,0
"Lohani, Tarun Kumar (8892826500)",1,1,0,0
"Loi, Kachun (59942200000)",1,1,0,0
"Loia, Vincenzo (35570326700)",1,4,0,0
"Lok, Ka-Hang (24802388700)",1,1,0,0
"Lollchund, M.R. (55343426000)",0,0,1,3
"Lomas, K.J. (6603702484)",0,0,2,20
"Lomas, Kevin (6603702484)",1,1,2,10
"Lombard, Andrea (56004166400)",0,0,1,1
"Lombardi, Fabrizio (35464058100)",1,1,0,0
"Lombardi, Francesco (57191474020)",0,0,1,2
"Lombardi, Lidia (7005994625)",0,0,1,4
"Lombardi, Michele (23397027100)",1,1,0,0
"Lombardo, Walter (57213609024)",1,2,0,0
"Lomonaco, Guglielmo (8584206200)",1,1,0,0
"Long, Dongteng (57192309255)",1,1,0,0
"Long, Hongyu (34973226900)",1,1,0,0
"Long, Huan (55121913500)",1,1,0,0
"Long, Jibo (36619432800)",2,2,0,0
"Long, Liheng (60039808000)",1,1,0,0
"Long, Nicholas (55503953700)",0,0,1,1
"Long, Stephen P. (7402506808)",0,0,1,2
"Long, T.W. (59847441000)",1,2,0,0
"Long, Weiyi (58709938600)",1,1,0,0
"Long, Xiaohan (59808453800)",1,1,0,0
"Longeaud, Christophe (7004049723)",0,0,1,2
"Longhurst, Philip (56259509000)",0,0,1,1
"Longo, D. (36668998100)",0,0,1,1
"Longo, Francesco (34868328300)",1,2,1,1
"Longo, Stefano (56412492900)",1,1,1,27
"Longoria, Raul G. (6701315823)",1,1,0,0
"Lontzek, Thomas S. (53980219400)",0,0,1,61
"Lonza, Laura (56015307400)",0,0,1,7
"Loomis, James (37079189500)",1,9,0,0
"Lopes, Francisco Da Costa (55694642200)",1,1,0,0
"Lopes, J. A. Peças (55851941323)",1,2,1,4
"Lopes, Vitor V. (60596018800)",0,0,1,2
"Lopez, Anthony (55641835700)",0,0,1,6
"Lopez, Onel L. A. (57192871284)",1,2,0,0
"Lopez, Steven A. (55441333600)",1,2,0,0
"Lopez-Aparicio, Susana (36895091800)",0,0,1,1
"Lopez-Villamor, Iñigo (59663115600)",0,0,1,1
"Lora, E.E.S. (35606579500)",0,0,1,2
"Lorca, Álvaro (56006376400)",0,0,1,4
"Lorde, Troy (6504461563)",0,0,1,5
"Lorente, S. (9133959300)",1,1,0,0
"Lorenz, Elke (7101681381)",0,0,1,3
"Lotfi, Mohamed (57204911444)",1,1,0,0
"Loth, Eric (57210225248)",0,0,1,3
"Lotter, Stefan (55416689000)",1,1,0,0
"Lou, Bing (57205504587)",1,1,0,0
"Lou, Jiahui (57193418137)",1,1,0,0
"Lou, Jing (26637495300)",0,0,1,1
"Lou, Suhua (8629780000)",1,1,0,0
"Lou, Wei (22433328400)",1,3,0,0
"Lou, Yingli (57200014433)",0,0,1,1
"Loubier, Jean-Christophe (16203395700)",1,1,0,0
"Loudiyi, Khalid (6505693765)",1,1,0,0
"Louie, Henry (35292925000)",0,0,1,13
"Lourenco, Plutarcho M. (25226460300)",0,0,1,1
"Louri, Ahmed (7003951179)",1,1,0,0
"Louveaux, Jérôme (55907150200)",0,0,1,4
"Louw, Janus (57208799729)",0,0,1,1
"Louwen, Atse (56073511300)",0,0,1,1
"Louzazni, Mohamed (56242405300)",1,1,0,0
"Love, John A. (57197446583)",1,1,0,0
"Loveday, D.L. (7007051032)",0,0,1,4
"Loveday, Dennis (7007051032)",0,0,1,1
"Lovegrove, Gord (14629246600)",0,0,1,7
"Lowe, David (56219309500)",1,2,0,0
"Lowe, R.J. (7202637730)",0,0,3,10
"Lowe, Robert (7202637730)",0,0,1,2
"Lowe, Robert J. (7202637730)",0,0,1,10
"Lowenthal, David K. (7102051236)",1,1,0,0
"Lowry, C. (7006035508)",0,0,1,1
"Loy-Benitez, Jorge (57203408666)",2,2,1,1
"Lu, Caiwu (35148313200)",1,3,1,1
"Lu, Chao (55733537100)",1,2,0,0
"Lu, Chaoru (57204552215)",0,0,1,2
"Lu, Chenbei (57219506732)",1,1,0,0
"Lu, Chenguang (7404806067)",1,8,0,0
"Lu, Chenyang (7404805416)",1,2,0,0
"Lu, Chuanyang (57195636675)",1,1,0,0
"Lu, Chujie (57221521776)",1,1,0,0
"Lu, Chun-Tsen (7404805490)",1,1,0,0
"Lu, Dang-Nhac (57191380926)",1,11,1,1
"Lu, Danhong (42161479400)",1,1,0,0
"Lu, Dylan Dah-Chuan (7403079460)",1,3,0,0
"Lu, Fei (55156460400)",1,1,0,0
"Lu, Fei (56723272000)",1,3,0,0
"Lu, Feng (57222813166)",1,1,0,0
"Lu, Guobo (57161656900)",1,5,1,1
"Lu, H.J. (55265347400)",1,1,0,0
"Lu, Haiyan (59881920500)",1,1,0,0
"Lu, Haiyan (7404842588)",3,3,0,0
"Lu, Hao (56442960000)",2,2,1,1
"Lu, Hongbin (57985200000)",1,1,0,0
"Lu, Hongfang (55875105000)",0,0,1,1
"Lu, Hua (57191987088)",1,1,1,1
"Lu, I.J. (13005045700)",0,0,1,1
"Lu, Jian (55701471900)",1,12,0,0
"Lu, Jian (57205735380)",0,0,1,1
"Lu, Jiaxun (56645151000)",1,1,0,0
"Lu, Jidong (7601561484)",1,1,0,0
"Lu, Jie (57216269578)",1,1,0,0
"Lu, Jie (60805660100)",1,2,0,0
"Lu, Jing (57199997241)",1,1,0,0
"Lu, Jingyu (59123964400)",0,0,1,1
"Lu, Jun Wei (55806552500)",0,0,1,3
"Lu, Junwei (55806552500)",0,0,1,1
"Lu, Kang-Di (56059096600)",1,2,1,1
"Lu, Li (56405829900)",1,4,1,1
"Lu, Li (57200567157)",1,1,0,0
"Lu, Lijun (59617006100)",1,1,0,0
"Lu, Lin (55257183600)",2,3,0,0
"Lu, Linfeng (24462290100)",1,1,0,0
"Lu, Linna (57215927700)",1,1,0,0
"Lu, Liqun (57200383510)",0,0,1,2
"Lu, Longfei (57221875497)",1,1,0,0
"Lu, Lu (57798903300)",1,1,0,0
"Lu, Min (59377632300)",1,1,0,0
"Lu, Nanshu (16402276600)",0,0,1,1
"Lu, Ning (57203484083)",1,1,1,3
"Lu, Peng (57211566626)",1,1,0,0
"Lu, Pengyu (59032475200)",1,1,0,0
"Lu, Pengzhi (60087267400)",1,1,0,0
"Lu, Ping (55041426300)",1,1,0,0
"Lu, Qinghua (56431802100)",1,4,0,0
"Lu, Quan-Ying (56195840700)",0,0,1,1
"Lu, Rongxing (57191090555)",0,0,1,1
"Lu, Sanglu (7404227917)",1,1,0,0
"Lu, Shixiang (57212489363)",1,2,0,0
"Lu, Shuaibing (56236856800)",1,1,0,0
"Lu, Siyuan (56416816600)",0,0,1,1
"Lu, Siyuan (57190964094)",0,0,3,10
"Lu, Song (57209878395)",0,0,1,1
"Lu, Songfeng (7404227579)",1,1,0,0
"Lu, Songwu (7404228421)",1,9,0,0
"Lu, Taiting (57225964534)",1,1,0,0
"Lu, Tao (7402684563)",1,2,1,2
"Lu, Tianguang (56089884800)",2,3,1,1
"Lu, Wan-Chen (55484365600)",1,2,1,1
"Lu, Wei (57198964370)",1,1,1,1
"Lu, Wei (58837180900)",0,0,1,1
"Lu, Wei D. (55497761000)",1,2,0,0
"Lu, Wei-Zhen (56697695300)",1,1,0,0
"Lu, Weihua (57212458990)",1,1,0,0
"Lu, Wenbo (8678749500)",1,1,0,0
"Lu, Wisheng (24173836000)",0,0,2,7
"Lu, Xiang (57205351441)",0,0,1,1
"Lu, Xiaofen (57201329824)",1,1,0,0
"Lu, Xin (56288743100)",1,1,0,0
"Lu, Xing (57207230830)",1,2,0,0
"Lu, Xinhui (57194339950)",1,1,1,1
"Lu, Xinqian (57201345208)",0,0,1,3
"Lu, Xinyi (55831365800)",1,1,0,0
"Lu, Xiyun (7404840127)",1,1,0,0
"Lu, Xubing (56137182400)",1,2,0,0
"Lu, Y. (55506489100)",1,1,0,0
"Lu, Y. (57196263643)",1,1,0,0
"Lu, Yan (55615730100)",1,2,0,0
"Lu, Yanchao (55506645600)",1,1,0,0
"Lu, Yao (57192081671)",1,1,0,0
"Lu, Yaobin (55506538900)",1,1,0,0
"Lu, Yen-Chang (57212185061)",1,1,0,0
"Lu, Yi (55506745600)",0,0,1,1
"Lu, Yi (59318675100)",0,0,1,2
"Lu, Yijun (57930262600)",1,1,0,0
"Lu, Yong (56909065500)",1,1,0,0
"Lu, Youjun (35237981100)",1,1,0,0
"Lu, Yu-Ran (59241975400)",1,1,0,0
"Lu, Yuehong (56424236900)",1,1,1,1
"Lu, Yujie (55506512700)",1,1,1,1
"Lu, Yung-Hsiang (7405476074)",1,1,0,0
"Lu, Zhengang (11638909100)",1,1,0,0
"Lu, Zhengjun (57486776500)",1,1,0,0
"Lu, Zhiying (7404768785)",1,2,0,0
"Lu, Zhonghai (7404768623)",1,1,0,0
"Lu, Zhongliang (55855820900)",1,1,0,0
"Lu, Zhongming (46761275600)",0,0,1,1
"Lu, Zongxiang (57198843852)",1,1,1,2
"Luan, Xiaona (57189233001)",1,1,0,0
"Lucas, M. (12809131900)",1,1,0,0
"Lucas, Manuel (12809131900)",0,0,1,1
"Lucchese, Felipe Cirolini (57202292720)",0,0,1,2
"Luck, David L. (7006810367)",1,1,0,0
"Lucká, Mária (6602755558)",2,2,0,0
"Luderer, Gunnar (15069126500)",0,0,1,2
"Luehr, G. (57203476543)",0,0,1,2
"Lugones, Diego (35085333900)",1,2,0,0
"Luh, Peter B. (7005295546)",2,4,1,1
"Luickx, Patrick J. (23469966200)",0,0,2,4
"Luig, Armin (15825575700)",1,2,1,6
"Luisier, Mathieu (14421377700)",0,0,1,2
"Lujano-Rojas, J.M. (46061343200)",1,1,0,0
"Lujano-Rojas, Juan M. (46061343200)",1,3,1,5
"Lukasiewycz, Martin (14825484400)",1,9,0,0
"Luke, Justin (57221983199)",1,2,0,0
"Lulić, Zoran (7801694163)",0,0,1,4
"Luna, Adriana C. (54403208900)",1,4,0,0
"Luna, M. (36806723100)",0,0,1,1
"Luna-Ramírez, Alberto (7801325904)",1,1,0,0
"Luna-Romera, José M. (57191279432)",1,1,1,1
"Lunacek, Monte (12241820200)",0,0,1,1
"Lund, H. (7103197620)",0,0,2,11
"Lund, Jay R. (55950426300)",1,2,0,0
"Lundquist, Carin (57193353909)",1,2,0,0
"Lundquist, Julie K. (35569011300)",0,0,5,19
"Lundén, Dag (36195049900)",0,0,1,104
"Lung, Hsiang-Lan (24512136100)",1,120,0,0
"Lunghino, Brent (57209693770)",0,0,1,2
"Lunt, Richard R. (23088956600)",0,0,1,1
"Lunz, Benedikt (43661483800)",0,0,1,1
"Lunzer, Andreas (57218670341)",0,0,1,1
"Luo, Ching-Hsing (7402443389)",1,2,0,0
"Luo, Chunbo (55637616900)",1,1,0,0
"Luo, Chunqi (57953636100)",1,1,0,0
"Luo, Futao (59653487900)",1,1,0,0
"Luo, G.-A. (55827214000)",1,1,0,0
"Luo, G.S. (55499256700)",1,1,0,0
"Luo, Geng (57188550206)",0,0,1,1
"Luo, Haiyun (7401479813)",1,9,0,0
"Luo, Hongxia (57460141400)",0,0,1,2
"Luo, Hongxuan (57221607428)",1,5,0,0
"Luo, Hongyuan (57192715408)",0,0,1,1
"Luo, Huilong (7401479834)",0,0,1,4
"Luo, Huiqing (57203885601)",1,1,0,0
"Luo, Ji (57219099377)",1,1,0,0
"Luo, Jianhui (57212720746)",1,4,0,0
"Luo, Jie (58045788600)",1,1,0,0
"Luo, Kun (23393003000)",0,0,1,1
"Luo, Lin (58830872000)",1,1,0,0
"Luo, Ling (35956339600)",1,1,0,0
"Luo, Maohui (55251790800)",1,2,0,0
"Luo, Ming Ronnier (7202891584)",1,1,0,0
"Luo, Na (58512739000)",1,1,0,0
"Luo, Ping (57205862205)",2,2,0,0
"Luo, Qianqian (58904204000)",1,1,0,0
"Luo, Qiaoqiao (59418767500)",1,1,0,0
"Luo, Qing (56035517000)",1,1,0,0
"Luo, Rong (12544750400)",0,0,1,2
"Luo, Shuai (56824857100)",1,1,0,0
"Luo, Shucheng (59308240100)",1,1,0,0
"Luo, Simon (57211406544)",1,1,0,0
"Luo, Tao (59454516800)",1,1,0,0
"Luo, Wei (57204127592)",1,1,0,0
"Luo, Wei (58918949500)",1,1,0,0
"Luo, Wenhao (57189212202)",1,1,0,0
"Luo, X.J. (57190532152)",1,1,1,1
"Luo, Xi (36834255600)",1,1,0,0
"Luo, Xiaobo (56223729500)",0,0,1,2
"Luo, Xiaowei (35099137200)",1,1,0,0
"Luo, Xiaoyuan (55584836800)",1,1,0,0
"Luo, Xing (57188932541)",1,1,0,0
"Luo, Xu (35729080300)",1,1,0,0
"Luo, Xue (55778259700)",0,0,1,2
"Luo, Ya-Wei (25623832700)",0,0,1,3
"Luo, Yabo (56139521100)",1,1,0,0
"Luo, Yadi (55233923300)",1,1,0,0
"Luo, Yanbin (56139505700)",1,1,0,0
"Luo, Yang (56693294400)",1,1,0,0
"Luo, Yi (56813972500)",1,1,0,0
"Luo, Yimo (47161338600)",1,1,0,0
"Luo, Yong (55712637800)",1,1,0,0
"Luo, Yonglong (13408204600)",1,1,0,0
"Luo, Youlong (47361266600)",1,1,0,0
"Luo, Yugong (7404333146)",1,1,0,0
"Luo, Zhihong (57201701427)",1,1,0,0
"Luo, Zhongyang (7401699080)",1,4,0,0
"Lusis, Peter (57195769528)",1,2,0,0
"Luterbacher, Jeremy S. (26423832700)",1,2,0,0
"Lutfiyya, Hanan (6701784634)",1,1,0,0
"Luther, M.B. (7103154601)",0,0,1,2
"Luukkanen, Saija (6602421234)",0,0,1,4
"Lux, Simon (26024712600)",0,0,1,1
"Luxey, Cyril (11838770200)",1,4,0,0
"Luyben, William L. (7102301642)",1,1,0,0
"Luštrek, Mitja (12796966600)",1,2,0,0
"Lv, Chuanwen (57194508359)",1,1,0,0
"Lv, Guoliang (57217151949)",1,1,1,5
"Lv, Hangbing (14037850300)",1,1,0,0
"Lv, He (57211280606)",1,4,0,0
"Lv, Hengyi (36622089900)",1,1,0,0
"Lv, Hongpeng (57224487345)",1,1,0,0
"Lv, Huayang (57440979400)",1,2,0,0
"Lv, J. (33368088300)",0,0,1,1
"Lv, Jingxiang (36768325600)",1,1,0,0
"Lv, Liang (57191499199)",1,1,0,0
"Lv, Longjin (24080779200)",2,2,0,0
"Lv, Mingqi (36619022800)",1,1,0,0
"Lv, Qiang (57201838455)",1,1,0,0
"Lv, Qingquan (57195770908)",2,3,0,0
"Lv, Yisheng (35072960000)",0,0,1,1
"Lye, Gary J. (7004669230)",1,1,0,0
"Lygeros, John (26643028200)",0,0,1,2
"Lynch, Jason (57222956981)",1,1,0,0
"Lynch, P. (57203088316)",0,0,1,1
"Lynggaard, Per (56538534000)",1,1,0,0
"Lynn, Theo (25825321500)",0,0,1,2
"Lyons, Paul E. (24352602900)",0,0,1,2
"Lyons, William (7103100527)",1,2,0,0
"Lyseng, Benjamin (57189867921)",0,0,1,1
"Lytton, Robert L. (7004619692)",0,0,1,2
"Lyu, Bingchen (58663311500)",1,2,0,0
"Lyu, Bo (57221861288)",1,1,0,0
"Lyu, Weixi (60075689800)",1,1,0,0
"Lyu, Youbo (60263505900)",1,1,0,0
"Lyu, Zhifang (57324538700)",1,1,0,0
"Lyuh, Chun-Gi (6602540347)",1,1,0,0
"Lévesque, Cédrik (35086497700)",0,0,1,2
"Lóderer, Marek (56001872700)",1,1,0,0
"López, F. Peci (57118279900)",1,1,0,0
"López, G. (16638077600)",1,1,0,0
"López, Gabriel (16638077600)",0,0,1,1
"López, Luis-Antonio (23100482700)",0,0,1,3
"López, M. (7404123882)",0,0,1,3
"López, Pedro (57193351275)",1,2,0,0
"López-Bao, José V. (22135461400)",0,0,1,1
"López-González, D. (54915590800)",1,1,0,0
"López-Lapeña, Oscar (53984862300)",1,12,0,0
"López-Nozal, Carlos (57203418592)",1,2,0,0
"Löhrer, Franziska C. (57189003185)",1,1,0,0
"Lötters, Joost C. (6602000797)",1,1,0,0
"Löw, Markus (59835465600)",0,0,1,5
"Lü, Xiaoshu (7404839744)",1,2,1,2
"M Al-Alawi, Saleh (15077057400)",1,1,0,0
"M Islam, Syed (15077370800)",1,1,0,0
"M R, Gauthama Raman (57201902231)",1,1,0,0
"M, Weeks (57206856331)",0,0,1,1
"MA, Rui (36087790500)",1,2,0,0
"Ma, Bin (55571413300)",1,1,0,0
"Ma, Chenglian (56909170100)",2,2,0,0
"Ma, Chunrui (57219852858)",1,1,0,0
"Ma, Dian (57214723457)",1,1,0,0
"Ma, Gaoyuan (57222422683)",1,3,0,0
"Ma, Guofeng (9337429800)",1,1,0,0
"Ma, Hao (57222323390)",1,1,0,0
"Ma, Hao (58099276600)",1,1,0,0
"Ma, Hongyi (57223963344)",0,0,1,1
"Ma, Hui (57200159633)",1,1,0,0
"Ma, Hwong-Wen (7403096378)",1,3,0,0
"Ma, Jian (56244916100)",1,1,0,0
"Ma, Jieming (43661483100)",1,1,0,0
"Ma, Jien (12240816000)",1,1,0,0
"Ma, Jin (36896227400)",2,2,0,0
"Ma, Jun (56703806400)",1,3,0,0
"Ma, Jun (59368623500)",2,2,0,0
"Ma, Jun-Jie (36079681700)",1,1,0,0
"Ma, Junchao (56227231900)",2,2,0,0
"Ma, Junjie (36079681700)",1,1,0,0
"Ma, Kai (37005612300)",0,0,1,1
"Ma, Kai (57390601300)",1,1,0,0
"Ma, Kaisheng (55619478600)",1,1,0,0
"Ma, Keni (57212448746)",0,0,1,1
"Ma, Keyan (57196461073)",1,1,0,0
"Ma, Kuichao (55925815800)",1,1,0,0
"Ma, L. (56727012700)",1,2,0,0
"Ma, Lei (55569478600)",1,1,0,0
"Ma, Lifei (57737549600)",1,1,0,0
"Ma, Lijun (57210991744)",0,0,1,1
"Ma, Lin (57573010000)",1,1,0,0
"Ma, Lingyong (53866986400)",0,0,1,1
"Ma, Ming (59865154100)",1,1,0,0
"Ma, Ning (57208864805)",1,1,0,0
"Ma, Ning (57223089808)",0,0,1,1
"Ma, Ping (57218766914)",1,1,0,0
"Ma, Qian (57199049348)",1,1,0,0
"Ma, Qianli (56717086000)",1,1,0,0
"Ma, Qinhui (55940630800)",1,4,0,0
"Ma, Qiumei (56181905000)",0,0,1,1
"Ma, Ranqi (56175376400)",1,1,1,2
"Ma, Shaojuan (8666919300)",1,1,0,0
"Ma, Shuaiyin (57202608053)",1,1,0,0
"Ma, Shunli (55602564500)",1,1,0,0
"Ma, Shuohan (36011847100)",1,1,0,0
"Ma, Tianjiao (57200169812)",1,2,0,0
"Ma, Tianyi (55761390900)",1,1,0,0
"Ma, Tianyou (58235792400)",1,1,0,0
"Ma, Wangyu (55605449200)",0,0,1,2
"Ma, Wann-Jiun (55250607200)",1,3,0,0
"Ma, Wei (55186535800)",1,1,0,0
"Ma, Wei (56576907300)",1,1,0,0
"Ma, Wenhui (7402703721)",1,1,0,0
"Ma, Wentao (55617149400)",1,1,0,0
"Ma, Wenwen (57566240400)",1,1,0,0
"Ma, Xiaoqian (55251933100)",0,0,1,1
"Ma, Xiaoxue (57887000100)",1,1,0,0
"Ma, Xiaoyi (59644100300)",1,1,0,0
"Ma, Xin (57022529300)",0,0,1,1
"Ma, Xingke (57211478624)",1,1,0,0
"Ma, Xiufen (57210136517)",1,2,0,0
"Ma, Xu-Cun (14011898800)",1,4,1,1
"Ma, Xuehai (57201308416)",0,0,1,1
"Ma, Y. (57214815644)",0,0,1,1
"Ma, Yanhong (56217743600)",1,2,0,0
"Ma, Yaotian (57215592567)",0,0,1,1
"Ma, Yiming (57191491814)",1,1,0,0
"Ma, Yitai (7404701655)",0,0,1,1
"Ma, Yongchang (56164158400)",1,1,1,1
"Ma, Yuan (57406973600)",1,2,0,0
"Ma, Yuanchu (59405208800)",1,2,0,0
"Ma, Yuchao (57192963685)",1,1,0,0
"Ma, Yudong (35792615000)",1,129,1,3
"Ma, Yuxiang (35386679300)",1,1,0,0
"Ma, Yuxuan (57221253494)",0,0,1,2
"Ma, Yuzhao (55171114400)",1,2,0,0
"Ma, Zheng (55248003000)",0,0,1,1
"Ma, Zhenjun (22954433600)",1,1,3,4
"Ma, Zhongjiao (36602967000)",1,1,0,0
"Ma, Zhuang (55263913900)",1,1,0,0
"Ma, Zhuo-ran (57194067804)",1,1,0,0
"Maag, G. (23485899100)",1,3,1,1
"Maalej, Sirine (55232176700)",0,0,1,2
"Maamary, Rabih (55640493100)",1,31,0,0
"Maasoumy, M. (55427119600)",1,40,0,0
"Maaza, M. (7003476200)",0,0,1,1
"Maaß, Fabian (57199218324)",0,0,1,1
"Maaß, Sebastian (13404513900)",2,3,0,0
"Maboudian, Roya (7006616139)",1,1,0,0
"Mabrouki, Mustapha (6603494937)",1,1,0,0
"MacCarty, Nordica (24758929200)",0,0,1,27
"MacDonald, Alexander E. (7401581934)",0,0,1,1
"MacDonald, Jason (36844248300)",1,1,1,2
"MacDougall, Pamela (55211883600)",0,0,1,6
"MacGill, I.F. (6505798998)",0,0,1,7
"MacKenzie, Allen B. (8327665000)",1,1,0,0
"MacKenzie, Don (57209595482)",0,0,1,191
"MacKerron, Gordon (6602162237)",0,0,1,42
"MacMillan, Heath A. (25958781800)",0,0,1,1
"MacPherson, Ronnie (55891238400)",0,0,1,3
"Macadam, John (57216647921)",0,0,2,3
"Macalpine, Sara M. (36088549100)",1,5,1,3
"Macdonald, Thomas J. (56210619300)",1,4,0,0
"Mace, Brian R. (7004487099)",1,2,0,0
"Macedo, Isaias C. (6603142465)",1,1,1,95
"Macedo, Pedro (36053024300)",0,0,1,2
"Macgregor, Mike H. (57204259299)",1,108,0,0
"Machado, Juarez Campolina (14068781200)",0,0,1,1
"Machado, L. (55892683100)",0,0,1,1
"Machado, Maider (55892972500)",1,1,0,0
"Machado, Ricardo Antonio Francisco (25028054300)",1,1,0,0
"Machedon-Pisu, Mihai (35409495300)",0,0,1,2
"Machlev, Ram (57203923984)",0,0,1,1
"Machín, I. (57224063465)",0,0,1,1
"Maciel, Paulo (26643185100)",0,0,1,1
"Maciel, Pedro (57195427757)",0,0,1,1
"Macko, Marek (6506748290)",0,0,1,2
"Macoir, Nicola (57203957374)",1,1,0,0
"Madaeni, Seyed Hossein (40462008200)",0,0,1,1
"Madani, Hatef (38663211400)",0,0,1,1
"Madariaga, Jessica (56797780800)",0,0,1,2
"Maddikunta, Praveen Kumar Reddy (57219858463)",0,0,1,1
"Madhiarasan, Manogaran (56997519900)",1,1,0,0
"Madida, I.G. (56270101100)",0,0,1,1
"Madinehi, Nazli (42262371900)",0,0,1,1
"Madlener, R. (6603207185)",1,2,1,27
"Madlener, Reinhard (6603207185)",0,0,1,3
"Madoglio, Paolo (23480057200)",1,2,0,0
"Madrazo, Leandro (15742577700)",1,3,0,0
"Madsen, H. (56519253700)",0,0,2,5
"Madsen, Henrik (56519253700)",10,30,9,21
"Madsen, Line Valdorff (57188656004)",0,0,1,4
"Madslien, Anne (35305485800)",0,0,1,1
"Madureira, André (13404145400)",0,0,1,1
"Maduta, C. (56960489400)",0,0,1,1
"Maechtle, Thomas L. (7801653975)",0,0,1,11
"Maeda, Ryutaro (23050901500)",1,12,0,0
"Maeda, Takao (7404540215)",1,1,0,0
"Maeda, Takayuki (57202268781)",0,0,1,1
"Maeda-Nunez, Luis A. (57188747077)",1,1,1,1
"Maestro, J.A. (8664715000)",1,1,0,0
"Mafakheri, Fereshteh (21741236500)",0,0,1,1
"Maffezzoni, Paolo (24802629500)",1,1,0,0
"Magalhães, Luiz C. Schara (56233084000)",1,1,0,0
"Magazzino, Cosimo (54405918800)",0,0,1,2
"Magdon-Ismail, Malik (6701757209)",1,1,0,0
"Magee, Christopher L. (54400290600)",1,6,1,1
"Maggard, Paul A. (6603309422)",1,1,0,0
"Maggiani, Luca (56137030600)",1,1,0,0
"Maggio, David (24484411600)",0,0,1,3
"Maggiolo, Dario (55874080100)",1,2,0,0
"Maggioni, E. (56641442900)",0,0,1,2
"Maggioni, Enrico (56641442900)",0,0,3,8
"Maghoul, Pooneh (23988903200)",0,0,1,1
"Maginn, Edward (7004113860)",0,0,1,3
"Magne, Pierre (36662526200)",1,1,0,0
"Magnier, Laurent (35181672500)",1,4,1,1
"Magno, Michele (23097444700)",2,6,1,5
"Magoulès, Frédéric (57205893078)",1,1,1,1
"Magtoon, Wichan (24828154000)",0,0,1,8
"Maguire, Eoghan (56239358000)",0,0,1,3
"Mahadevan, Meera (57225107429)",0,0,1,6
"Mahajani, S.M. (6701347379)",0,0,1,1
"Mahajani, Sanjay (6701347379)",0,0,1,2
"Mahalik, Mantu Kumar (24466986000)",0,0,1,1
"Mahalik, Matthew R. (24080590300)",1,3,0,0
"Mahalov, A. (6603735862)",1,1,1,1
"Maharaj, Bodhaswar T. (35242735400)",1,2,0,0
"Mahato, Nawaraj Kumar (57210706927)",1,2,0,0
"Mahavong, Kamolthip (57194019180)",0,0,1,1
"Mahbobur Rahman, S.M. (57090945300)",1,4,0,0
"Mahdhi, Tarek (57204055291)",1,2,0,0
"Mahdjoub, A. (55959262300)",1,6,0,0
"Mahdjoubi, Lamine (57159700300)",0,0,1,1
"Mahdy, Mohamed M. (60585941600)",0,0,1,2
"Maher, William A. (7007177436)",0,0,1,1
"Mahesh, Suhas (57200692206)",1,2,0,0
"Mahi-Al-rashid, Abrar (57788577000)",1,1,0,0
"Mahjoub, Sameh (57205588924)",1,1,0,0
"Mahlia, T.M.I. (56997615100)",0,0,1,1
"Mahmood, Basim (55893777500)",0,0,1,1
"Mahmood, Farhad E. (39161830000)",1,1,0,0
"Mahmood, Imran (57205856715)",1,1,0,0
"Mahmood, Kashif (36139164900)",1,1,0,0
"Mahmood, Shahid (57209298061)",0,0,1,1
"Mahmoodi, Toktam (24473403200)",1,1,0,0
"Mahmoodi-Meimand, Hamid (57204334543)",1,10,0,0
"Mahmoud, Alia Nabil (57370026500)",1,1,0,0
"Mahmoud, Mohamed M. E. A. (9943923900)",1,1,0,0
"Mahmud, A. Hasan (57213647031)",1,1,0,0
"Mahmud, Khaled (35586534300)",1,6,0,0
"Mahmud, M. A. Parvez (57162659800)",1,2,0,0
"Mahmud, Rasel (57189886511)",0,0,1,2
"Mahpara, Shahzadi (26023327300)",1,1,0,0
"Maidment, G.G. (6701390042)",0,0,1,10
"Maier, Martin (35485001300)",1,2,0,0
"Maier, Ulrike (7102819967)",1,1,0,0
"Maiti, Subarna (36091324600)",1,2,0,0
"Maity, A. (8448316400)",0,0,1,1
"Majcen, D. (55524111400)",0,0,1,22
"Majcen, Daša (55524111400)",0,0,2,7
"Majeed, Issah Babatunde (57210112173)",1,1,1,2
"Majidi Nezhad, M. (57207201874)",0,0,1,1
"Majidi, Akbar (57114947400)",1,1,0,0
"Majidpour, Mostafa (55775976500)",1,1,0,0
"Majithia, S. (9634134400)",1,1,0,0
"Majithia, Shanti (9634134400)",1,1,1,2
"Majodina, M. (6507604870)",0,0,1,1
"Majone, Bruno (6506377918)",1,1,0,0
"Majumdar, Arun (56252604500)",1,3,1,9
"Mak, Davye (57205247258)",1,1,0,0
"Makanjuola, Olawale (57201338499)",1,1,0,0
"Makhoul, Abdallah (18434649900)",2,7,0,0
"Makino, Yasuaki (7202994610)",1,18,0,0
"Makonin, Stephen (41661920300)",2,2,0,0
"Makridis, Michail (24767880900)",1,1,1,2
"Makris, Prodromos (26648942400)",0,0,1,3
"Maksymyuk, Taras (36600937300)",1,1,0,0
"Malaguzzi Valeri, Laura (36674023700)",0,0,1,7
"Malan, A. (7007147474)",0,0,1,4
"Malarange, G. (8260144700)",1,2,1,5
"Malarde, Delphine (57195577102)",1,4,0,0
"Malbranche, Philippe (12767603300)",1,1,0,0
"Maldonado, P. (7004089908)",0,0,1,5
"Malehmirchegini, Ladan (57221764023)",1,1,0,0
"Maleki, Milad (7003850613)",1,1,0,0
"Maleki, Seyed Abbas Mousavi (57197808297)",0,0,1,1
"Maleki, Sina (59706636400)",1,1,0,0
"Malekjamshidi, Zahra (34771782700)",2,4,0,0
"Malerba, Lorenzo (11140842700)",0,0,1,2
"Malico, Isabel (6602589552)",1,1,0,0
"Malik, Muhammad Nasir (55799159800)",0,0,1,1
"Malik, O.P. (7102619659)",1,10,0,0
"Malik, Saif U.R. (26666195700)",1,2,0,0
"Malik, Sarmad Majeed (57192104597)",1,1,0,0
"Malik, Sharad (35502436800)",1,1,0,0
"Malikopoulos, Andreas A. (24332696400)",0,0,1,1
"Malikouski, Renan Garcia (57217151284)",0,0,1,1
"Malinauskaite, Jurgita (55824964900)",0,0,1,2
"Malischek, Raimund (56194796500)",0,0,1,1
"Malla, Sulav (57197744011)",1,1,0,0
"Mallick, Tapas K (6602652097)",1,2,0,0
"Mallick, Tapas K. (6602652097)",1,1,0,0
"Mallor, Fermín (6602253029)",0,0,1,3
"Mallya, Nithin (56989701900)",0,0,1,1
"Malmodin, Jens (6503848700)",0,0,1,104
"Malnati, Giovanni (15065545700)",0,0,1,1
"Malo, Jean-Stéphane (52264192800)",0,0,1,3
"Malo, Michel (7003586714)",0,0,1,1
"Malof, Jordan M. (26644183300)",0,0,1,1
"Malone, Chris (15623634700)",1,3,0,0
"Malte, Philip C. (7003427583)",0,0,1,4
"Mamagkakis, Stelios (56031946400)",1,5,0,0
"Mambeli Barros, Regina (59257487700)",0,0,1,1
"Mambrini, Thomas (56429501600)",0,0,1,2
"Mammadli, Rahim (57205705694)",1,4,0,0
"Mammela, Aarne (35611166300)",0,0,1,3
"Mamounakis, Ioannis (56407202200)",0,0,1,3
"Man, Yi (55842593400)",1,2,1,1
"Manahan, Donal T. (6603822926)",0,0,1,3
"Manca, Oronzio (35562107700)",0,0,2,9
"Mancilla-David, Fernando (8857271100)",0,0,1,1
"Mancio, Maurício (6505645847)",0,0,1,1
"Mandal, Soumyajit (16646874600)",1,17,1,1
"Mandal, Uttam (53984777600)",1,2,0,0
"Mandava, Srihari (55792281900)",1,1,0,0
"Mandys, Filip (57222180453)",0,0,1,2
"Manenti, Flavio (23470382500)",1,1,0,0
"Manera, Leandro (12141305200)",1,1,0,0
"Manescau, Brady (57200918381)",0,0,1,3
"Maness, Michael (55428975400)",0,0,1,1
"Maness, Pin-Ching (7005755297)",1,5,0,0
"Manga, Michael (7006760316)",0,0,1,4
"Mangano, Enzo (37561578900)",1,2,0,0
"Mangharam, Rahul (6507553905)",1,1,0,0
"Mangina, Eleni (6602986948)",1,3,1,3
"Mani, Muran (35618513100)",1,4,0,0
"Mani, Sudhagar (57087354900)",0,0,1,2
"Maniar, Parth (58888492600)",0,0,1,1
"Manic, Milos (6603474732)",1,3,0,0
"Manivannan, Madhavan (57209020462)",1,1,0,0
"Manjarres, Diana (36602976600)",1,1,0,0
"Mankel, Dylan J. (58365382100)",0,0,1,1
"Mann, D. (59859531700)",0,0,1,4
"Mann, Zoltan Adam (7801694218)",1,4,1,3
"Manning, Sam (57653556600)",0,0,1,152
"Manogaran, Gunasekaran (57189873309)",0,0,1,1
"Manoonpong, Poramate (9734734000)",0,0,1,2
"Manouseli, Despina (57195983383)",0,0,1,12
"Manresa, Joan (57214761345)",1,2,0,0
"Mansilla, C. (16319064100)",0,0,1,2
"Mansouri, Majdi (7004271836)",1,1,0,0
"Mansouri, Seyed Amir (57192063361)",0,0,1,2
"Mansouri, Seyed Soheil (36059835300)",1,1,0,0
"Mansourlakouraj, Mohammad (57216258995)",1,2,0,0
"Mansur, Erin T. (10640381500)",0,0,1,17
"Mantesi, Eirini (57190010185)",0,0,1,1
"Mantha, Divakar (6507669710)",1,1,0,0
"Manthiram, Arumugam (7004440960)",0,0,1,3
"Mantzaras, John (7004592640)",0,0,1,1
"Manumachu, Ravi Reddy (7202835186)",1,2,0,0
"Manyema, Mercy (56657497400)",0,0,1,25
"Manz, Heinrich (7005953423)",0,0,1,4
"Manz, Pia (57202943985)",0,0,1,27
"Manzanedo, Manuel (59816781100)",0,0,1,1
"Manzano, Baltasar (56284466200)",0,0,1,5
"Manzoor, Salman (57190777307)",1,3,0,0
"Mao, Elizabeth (57220050772)",0,0,1,6
"Mao, Guozhu (8869316700)",0,0,1,2
"Mao, Huafeng (35800989100)",1,1,0,0
"Mao, Jun (56579588100)",1,3,0,0
"Mao, Xufei (7402841355)",1,2,0,0
"Mao, Yanpeng (55459022800)",1,1,0,0
"Mao, Yongfang (16307347100)",1,3,0,0
"Mao, Zhengxiong (58073646500)",1,1,1,1
"Mao, Zhi-Hong (56255072300)",0,0,1,2
"Mao, Zhigang (55554264100)",1,1,0,0
"Mao, Zhigang (58777441900)",0,0,1,1
"Mao, Zhihang (57994732300)",1,2,0,0
"Mao, Ziwei (26325039500)",0,0,1,2
"Maqueda, Edgar (57192919174)",0,0,2,10
"Marafi, Suhaila (57191038001)",0,0,1,1
"Maramraju, Sri Harsha (15822183100)",1,1,0,0
"Maranduba, Henrique Leonardo (56719833500)",0,0,1,1
"Marangon Lima, J.W. (6506931757)",1,2,0,0
"Marangoni, Cintia (35234199200)",1,1,0,0
"Maranhão, Gabriel (57215346139)",1,1,0,0
"Marano, Vincenzo (16417225400)",2,3,1,3
"Marasso, Simone Luigi (18134206500)",1,1,1,1
"Maray, Mohammed (57214776817)",1,1,0,0
"Marcello, Francesca (57867579400)",1,1,0,0
"Marcelloni, Francesco (7003309696)",1,6,0,0
"Marchal, L. (57193881736)",1,2,0,0
"Marchante Jimémez, Miriam (56711319800)",0,0,1,3
"Marchante, Ruth (26032619800)",1,1,0,0
"Marchio, D. (6701506834)",1,1,0,0
"Marco, James (16305142700)",1,3,0,0
"Marco, Santiago (7005263839)",1,5,0,0
"Marcos Crespo, Ma Jesús (14719676200)",1,6,1,2
"Marcos Rodríguez, David (57193272846)",0,0,1,1
"Mardaljevic, J. (6603346292)",1,7,1,4
"Mardani, Aref (36084983100)",1,1,1,3
"Mardani, Mohammad Mehdi (59454627700)",1,1,0,0
"Mardones, Cristian (57216829501)",0,0,1,7
"Marence, Miroslav (6507518372)",0,0,1,1
"Mares, Jamer Jiménez (57193867696)",0,0,1,1
"Margolis, Robert (15750848400)",0,0,2,15
"Marhic, Bruno (22433276600)",1,1,0,0
"Mariani, Giovanni (17334987700)",1,7,0,0
"Maribu, Karl Magnus (6504109762)",0,0,1,1
"Marie-Reine Nishimwe, Antoinette (57218421693)",0,0,1,2
"Marinakis, Vangelis (55386639700)",2,4,1,1
"Marinella, Matthew J. (17434998400)",1,2,0,0
"Marinelli, Enrico (57219727877)",0,0,1,3
"Marinescu, Andrei (57200010670)",1,3,0,0
"Marinov, Marin B. (57201575387)",1,1,0,0
"Marinova, Nevena (36164245100)",1,2,0,0
"Marion, Bill (56277788100)",1,5,2,10
"Mariun, Norman (6603584419)",1,1,0,0
"Marjanovic-Halburd, Ljiljana (56316788800)",1,2,1,2
"Markandya, Anil (56349420200)",0,0,1,29
"Markatos, N.C. (35577663600)",1,2,0,0
"Markelj, Miha (55860409400)",0,0,1,1
"Markewitz, Peter (6603459080)",0,0,1,1
"Markham, Penn (36448346200)",1,1,1,1
"Markides, Christos N. (8287822500)",2,5,2,4
"Markiewicz, Michal (35987547400)",1,5,0,0
"Markoska, E. (56941914300)",1,1,1,2
"Markovics, Dávid (57220781530)",1,1,0,0
"Markovska, Natasa (22994164800)",0,0,1,3
"Marmaras, Charalampos (55616517700)",2,3,0,0
"Marnay, Chris (6602418057)",0,0,1,1
"Marnerides, Demetris (57203394055)",1,1,0,0
"Marom, Ori (36006827400)",0,0,1,1
"Marongiu, Andrea (23485985800)",1,6,1,1
"Marotta, Antonio (57213314446)",1,2,0,0
"Maroufmashat, Azadeh (56007584200)",0,0,1,1
"Maroulis, Stathis (57193607678)",1,1,0,0
"Maroušková, Anna (56578572900)",0,0,1,2
"Marquard, Andrew (24436346500)",0,0,1,9
"Marquardt, Wolfgang (7103078075)",1,2,0,0
"Marques, Vitor (36666701900)",0,0,1,2
"Marquez, Jose A. (57197710598)",1,2,0,0
"Marquez, Leorey (8533297300)",0,0,1,2
"Marquis, Melinda (24080994800)",0,0,2,7
"Marqusee, Jeffrey (6506934796)",0,0,1,7
"Marra, F. (56504839500)",0,0,1,1
"Marrasso, E. (56030678300)",0,0,1,1
"Marris-Morini, Delphine (55666574500)",1,17,0,0
"Marrocu, Marino (6602662649)",0,0,1,1
"Marrou, H. (38362166200)",1,13,1,24
"Marroyo, Luis (6603489674)",1,3,1,1
"Marsadek, Marayati Binti (26423183000)",1,2,0,0
"Marsan, Marco Ajmone (7006441091)",0,0,1,1
"Marsen, S. (17435091400)",0,0,1,1
"Marsh, Kenneth A. (7201683976)",1,1,1,1
"Marshall, Alex (57195638951)",1,2,1,1
"Marshall, Brandon M. (55646692000)",0,0,1,3
"Marshall, Katie E. (35769259700)",0,0,1,1
"Marshall, Marc (57218123666)",0,0,1,1
"Marsik, Tom (23005304900)",1,1,1,1
"Marstein, Erik Stensrud (6506137022)",0,0,1,1
"Martaj, Nadia (23477818500)",1,2,0,0
"Marteau, Jacques (6603679081)",1,2,0,0
"Martello, Silvano (7004414084)",1,1,0,0
"Martens, Emma (58494895100)",0,0,1,1
"Martens, L. (7103396069)",0,0,1,1
"Martens, Luc (7103396069)",1,1,1,1
"Martens, Marco (56443561700)",0,0,1,5
"Martilli, A. (55921015400)",0,0,1,1
"Martin Mescal, C. (57210269334)",1,6,0,0
"Martin, Andrew R. (57214159468)",0,0,1,1
"Martin, Jean-Philippe (12797513300)",1,1,0,0
"Martin, Sonia (57848565300)",1,2,0,0
"Martin-Bautista, M.J. (6601983953)",0,0,1,1
"Martin-Ramos, Juan A. (57221488919)",1,1,0,0
"Martinek, Janna (8509381600)",0,0,2,6
"Martinez, A.M. (58589483800)",0,0,1,1
"Martinez, Gina (57196705772)",1,3,0,0
"Martinez, John Joel F. (57193298736)",1,1,0,0
"Martinez, Juan Francisco (57201895363)",1,1,0,0
"Martinez, L. (7201890059)",0,0,1,1
"Martinez, Luis (57217991567)",0,0,1,3
"Martinez-Anido, Carlo Brancucci (55001891800)",0,0,1,2
"Martinez-Botas, R.F. (6602567970)",1,1,0,0
"Martinez-Tossas, Luis A. (56124039500)",0,0,1,1
"Martinich, Jeremy (15519938400)",0,0,1,3
"Martino, Luca (34969394500)",1,1,0,0
"Martins, Fernando R. (36951202700)",0,0,1,3
"Martins, Marcio Arêdes (7402262320)",1,1,0,0
"Martins, Rodrigo (7202166114)",1,1,0,0
"Martins, Rui Paulo (7202166134)",1,1,0,0
"Martinsen, Thomas (57211122686)",0,0,1,5
"Martis, Claudia (7006661499)",1,1,0,0
"Marton, Christopher H. (36027016900)",1,5,1,1
"Martonosi, Margaret (7004012318)",1,1,0,0
"Martorell, Xavier (6603367704)",2,10,0,0
"Marty, Nicolas C. M. (25637577100)",0,0,1,1
"Martí Barclay, Vicky (58121378300)",0,0,1,3
"Martín, Luis (57022015700)",1,1,0,0
"Martín-Chivelet, Nuria (57225897415)",1,1,0,0
"Martín-Gamboa, Mario (55892359100)",0,0,1,2
"Martín-de-León, Judith (56211255900)",1,2,0,0
"Martínez Alzamora, F. (35368728400)",1,2,1,5
"Martínez, Alejandro Pizano (15925984500)",1,2,0,0
"Martínez, Beatriz (56681783100)",0,0,1,1
"Martínez, Francisco Javier Rey (57199753404)",0,0,1,3
"Martínez, Juan A. (57214262151)",1,1,0,0
"Martínez, Juan José Pena (57221466623)",1,15,1,1
"Martínez, P.J. (57213713583)",1,1,0,0
"Martínez-Ayuso, Germán (57193839855)",1,1,0,0
"Martínez-Ballesteros, M. (35409627600)",0,0,1,1
"Martínez-Fernández, Silverio (55363648100)",0,0,1,2
"Martínez-Gómez, Javier (56962724400)",0,0,1,1
"Martínez-Ibernón, Ana (57191220680)",0,0,1,8
"Martínez-Rodríguez, Macarena Cristina (52164154200)",1,1,0,0
"Martínez-Tossas, Luis A. (56124039500)",0,0,1,2
"Martínez-Treviño, Blanca Areli (57196097698)",1,2,0,0
"Martínez-Álvarez, F. (22035530600)",1,3,2,5
"Martínez-Álvarez, Francisco (22035530600)",1,2,0,0
"Martínez-álvarez, Francisco (22035530600)",0,0,1,1
"Maru, Saj (58888350300)",0,0,1,1
"Marusic, Ivan (6603687789)",1,4,0,0
"Marvuglia, Antonino (6504512863)",1,12,0,0
"Marwali, Mohammad N. (6603891678)",1,1,0,0
"Marwedel, Peter (7003647614)",1,2,0,0
"Marzband, Mousa (55054734300)",2,2,0,0
"Maréchal, François (35605889100)",1,1,0,0
"Marín, Desirée (56537928100)",0,0,1,1
"Marín, Juan José Ruiz (57198290836)",0,0,1,1
"Marín, Luis G. (56453990100)",1,1,0,0
"Masa-Bote, D. (43061387300)",0,0,1,1
"Masanet, Eric (6506501487)",1,1,0,0
"Mascarenhas, Jefferson dos Santos (57972198200)",0,0,1,1
"Masdari, Mohammad (55206798900)",1,2,1,1
"Maseela, Tiisetso (57213244590)",0,0,1,1
"Mashayekh, Salman (36651050900)",0,0,1,1
"Mashlakov, Aleksei (57204436835)",1,1,0,0
"Mashwani, Wali Khan (48161356600)",1,1,0,0
"Masip, X. (57209025528)",0,0,1,1
"Masjuki, H.H. (57175108000)",0,0,1,1
"Masnadi, Mohammad S. (35318398900)",0,0,3,9
"Mason, Karl (56954387300)",0,0,2,2
"Mason, Mike (57220054724)",0,0,1,15
"Masood, Hammad (57225147305)",1,1,0,0
"Masood, Zaki (57204924033)",1,1,0,0
"Masoudi, Meysam (57188558577)",1,1,0,0
"Masoudian, Ali (57206888622)",1,1,0,0
"Massana, Joaquim (56116696100)",1,5,0,0
"Massaoudi, Mohamed (57191875867)",0,0,1,1
"Massardo, A.F. (7006343940)",1,3,0,0
"Massarotti, N. (56024676600)",0,0,1,2
"Massart, Pascal (7003901299)",1,1,0,0
"Massi Pavan, A. (57219351670)",1,3,0,0
"Massi Pavan, Alessandro (57219351670)",1,2,0,0
"Massidda, Luca (35330274700)",0,0,1,1
"Massol, Olivier (35796032000)",0,0,1,5
"Massoud, Ahmed M. (7006870160)",1,2,0,0
"Massoud, Yehia (14018366500)",1,2,0,0
"Mastellone, Margherita (57211125701)",0,0,1,1
"Master, Neal (36775066500)",1,1,0,0
"Masters, Dominic (57219638787)",1,2,1,17
"Masters, Harry (58664891800)",0,0,2,5
"Masters, Ian (7006922942)",0,0,1,1
"Mastronarde, Nicholas (15058052500)",1,1,0,0
"Mastropietro, Antonio (57223106138)",0,0,1,2
"Mastrucci, Alessio (54684549600)",1,1,0,0
"Masuda, Yuji (57210270897)",1,1,0,0
"Masui, Toshihiko (35240780700)",0,0,1,5
"Maswadeh, Laith A. (56720409300)",1,5,1,1
"Maswood, Mirza Mohd Shahriar (55843258300)",1,1,0,0
"Mat Kiah, Miss Laiha (24833455600)",1,3,0,0
"Mata, Érika (33568014800)",0,0,1,5
"Matallanas, E. (43061403400)",0,0,1,1
"Matarese, Nicola (24722909000)",1,1,1,2
"Matej, Sarah (57214891540)",0,0,1,5
"Matera, Nicoletta (57053435800)",0,0,1,1
"Mateus, Nuno M. (56532179600)",1,1,0,0
"Matevosyan, Julia (8904830700)",0,0,1,2
"Mathew, Mobi (57190579427)",0,0,1,1
"Mathew, Paul (7103227743)",1,5,1,1
"Mathew, Sanu K. (7102021513)",1,12,0,0
"Mathew, Supriya (54783137600)",0,0,1,2
"Mathews, E.H. (7007041624)",0,0,2,6
"Mathias, N. (57217183672)",0,0,1,1
"Mathiesen, B.V. (23489760200)",0,0,2,11
"Mathiesen, Brian Vad (23489760200)",0,0,2,7
"Mathieu, Johanna L. (36548572500)",3,30,2,8
"Mathioudakis, K. (7005156649)",1,1,0,0
"Mathur, H.D. (7006749873)",1,1,0,0
"Mathur, Jyotirmay (7103242824)",0,0,1,1
"Mathys, Nicole (25228886800)",0,0,1,13
"Matias, J.C.O. (56015094400)",1,1,0,0
"Matinkia, Mohammadjavad (57223794939)",1,1,0,0
"Matisoff, Daniel (35368971900)",0,0,1,2
"Matloobi, Mansour (24471770400)",0,0,1,4
"Matos, Manuel (35571570700)",1,1,0,0
"Matsui, Taisuke (56888253700)",1,2,0,0
"Matsukawa, Shun (57208884997)",1,3,0,0
"Matsumoto, Takashi (7407959947)",1,1,0,0
"Matsumoto, Takuji (57204842253)",1,1,0,0
"Matsuo, Yuhji (55660180500)",0,0,1,2
"Matsuoka, Yuzuru (7402637778)",0,0,1,5
"Matsutani, Hiroki (35617834900)",2,9,0,0
"Matsuyama, Hideto (57201543303)",1,1,0,0
"Mattar, Cristian (26422421600)",0,0,2,2
"Mattavelli, Paolo (7004204091)",2,4,0,0
"Matteini, Marco (57194103675)",0,0,1,2
"Mattera, C.G. (57194787097)",1,1,1,2
"Mattes, Oliver (24605714100)",0,0,1,2
"Matthes, Felix Chr. (14123797000)",0,0,1,24
"Mattheus, Jana (57222049626)",1,2,1,1
"Matthews, H. Scott (7202534265)",1,6,0,0
"Matthews, Megan L. (57200933676)",0,0,1,2
"Matthews, Scott H. (7202534265)",0,0,1,3
"Matthies, Ellen (6603432850)",0,0,1,1
"Matthus, Christian (57189306077)",1,2,0,0
"Mattila, Tuomas (24463520600)",0,0,1,2
"Mattmann, Matteo (57188822315)",0,0,1,4
"Mattsson, M. (41661913100)",0,0,1,1
"Matuszewski, Bogdan J (7006173989)",0,0,1,3
"Matuła, Rafał (56669574700)",0,0,1,1
"Matysik, Magdalena (6507752483)",0,0,1,1
"Maté, Carlos (24758837200)",0,0,1,1
"Mauch, Brandon (55256182600)",1,1,0,0
"Maurin, Guillaume (8914339300)",1,2,0,0
"Mauro, Gerardo Maria (56087954100)",1,2,2,3
"Mauss, Fabian (7003723009)",1,3,0,0
"Mavrogianni, A. (35077188000)",0,0,3,21
"Mavrogianni, Anna (35077188000)",0,0,3,8
"Mavrogiannis, Christoforos (55921929600)",1,1,0,0
"Mavromatidis, Georgios (55650091100)",0,0,1,1
"Mavume, Alberto (37061335900)",0,0,1,1
"Mawejje, Joseph (56154684700)",0,0,1,5
"Maweza, Elijah Loyiso (6505898128)",0,0,1,1
"May, J.R. (13403350900)",0,0,1,5
"May-Ostendorp, Peter (15623692900)",1,69,1,1
"Maya, D.M.Y. (57208102784)",0,0,1,2
"Mayer, Barbara (7202569564)",0,0,1,4
"Mayer, K. Ulrich (35502075000)",0,0,1,1
"Mayer, Kevin (57219538254)",0,0,1,3
"Mayer, Martin János (56942895900)",2,2,1,1
"Mayer, Philip (57200522808)",0,0,1,2
"Mayer, Philipp (57195268282)",1,2,0,0
"Maynard, Ian (58024748200)",0,0,1,1
"Mazadiego, Luis F. (8111244100)",0,0,1,1
"Mazairac, Wiet (55796690300)",0,0,1,1
"Mazar, Mohammad M. (57216846322)",0,0,1,1
"Mazhari, S.M. (55320630800)",1,2,0,0
"Mazloumi, Abbas (56422237100)",1,8,0,0
"Mazouz, Lakhdar (56507371800)",1,1,0,0
"Mazumdar, Anirban (57201742106)",1,1,0,0
"Mazumder, Habibul Md. Hasan (57215720488)",1,1,0,0
"Mazur, Christoph (55553682100)",0,0,1,5
"Mazur, Christoph M. (55553682100)",0,0,1,3
"Mazur, Zdzislaw (7004827632)",1,1,0,0
"Mazzarella, L. (7007064923)",0,0,1,1
"Mazzeo, Domenico (56400766000)",0,0,2,5
"Mazzi, Nicolò (57023997700)",0,0,1,1
"Mazzinghy, Douglas Batista (56002059600)",0,0,1,3
"Mazzini, Gianluca (7005247463)",1,2,0,0
"Mazzolai, Barbara (6507602081)",1,4,0,0
"Mazzucco, Michele (24475354800)",1,1,0,0
"Maçaira, Paula (58913409400)",0,0,1,2
"Maçaira, Paula Medina (58913409400)",0,0,1,1
"Mařík, Karel (57222528313)",1,1,0,0
"McArthur, Shaun (36677586100)",0,0,1,1
"McAvinhey, Ian D. (6508013553)",0,0,1,2
"McBennett, Brendan (57204434686)",0,0,1,8
"McBride, William (7201798511)",1,1,0,0
"McCaa, Jim (14013504500)",0,0,1,3
"McCandless, Tyler (36986635700)",0,0,1,1
"McCandless, Tyler C. (36986635700)",0,0,1,1
"McCarthy, Graham W. (57033662200)",0,0,1,3
"McCollom, Thomas M. (57194140128)",0,0,1,1
"McCollum, David L. (12803129900)",0,0,1,3
"McConnell, Bernie J. (7006244028)",0,0,1,2
"McConnell, Dylan (55624646400)",0,0,1,4
"McCormick, K. (7102996694)",0,0,1,1
"McCright, Aaron M. (6507043128)",0,0,1,19
"McCullen, Nick (12807195700)",0,0,1,1
"McCulloch, Malcolm (7102869557)",0,0,2,3
"McDaniel, Hunter (26425196000)",1,2,0,0
"McDaniel, Patrick (55562349900)",1,1,0,0
"McDermott, Christopher (57210226457)",0,0,1,1
"McDermott, R.M. (8863424800)",1,1,0,0
"McDonagh, Shane (57195284066)",0,0,2,19
"McDonald, Molly (57210323322)",1,2,0,0
"McDonald, Robert I. (7401841070)",0,0,2,42
"McDonnell, Kevin (7004602356)",0,0,3,3
"McDowall, Stephen (6701818735)",1,2,0,0
"McElroy, David James (36463975100)",0,0,1,3
"McElroy, Michael B. (7004857702)",1,1,0,0
"McFall, Charles W. (13907370200)",1,1,0,0
"McGilligan, Charles (35213757900)",0,0,1,2
"McGinley, Brian (6602606212)",1,1,0,0
"McGrath, James A. (55782858100)",0,0,1,1
"McGrath, Jenna K. (57188858380)",0,0,1,2
"McGrath, Paddy (7202188986)",0,0,1,1
"McGrath, Teresa (57194694527)",0,0,1,4
"McGregor, James (37050060800)",0,0,1,2
"McGruer, Nicol E. (6701525835)",1,4,0,0
"McIntosh, Keith R. (7101984069)",1,1,0,0
"McJunkin, Timothy R. (6507610472)",0,0,1,2
"McKane, Aimee (56268389300)",0,0,1,2
"McKay, Ian S. (55766319100)",1,3,0,0
"McKenna, Eoghan (54410898000)",0,0,5,23
"McKenna, Russell C. (55051418000)",0,0,1,3
"McKenney, Daniel W. (7006555507)",0,0,1,2
"McKenzie, Paul (37029889300)",0,0,1,5
"McKeogh, E.J. (6603812955)",0,0,1,2
"McKeogh, Eamon J. (6603812955)",1,1,0,0
"McLauchlan, Craig (6701676449)",0,0,1,1
"McLellan, Benjamin C. (7005154986)",0,0,1,1
"McManus, M.C. (23967852200)",0,0,1,7
"McMenemy, Karen (35737853200)",1,2,0,0
"McMullen, M. (58695415200)",0,0,1,1
"McNabola, Aonghus (23035686600)",0,0,2,10
"McNamara, Cheryl (36806454200)",0,0,1,2
"McNamara, G. (57190671423)",0,0,1,4
"McNamara, Hugh (23095031500)",0,0,1,3
"McNaughton, James (55762456600)",0,0,1,1
"McNeil, Michael A. (15521120100)",0,0,4,27
"McNutt, Kathleen (17343737700)",0,0,1,1
"McPheeters, Clay (57212832924)",0,0,1,2
"McPherson, Madeleine (57551603200)",0,0,1,4
"McQueen, Charlie (57224906308)",0,0,1,34
"McReynolds, Warren L. (6701631240)",1,1,0,0
"McSharry, Patrick E. (6701453249)",1,2,1,3
"McVeigh, James (7005141203)",0,0,1,15
"Meade, Nigel (7003579719)",0,0,1,5
"Mears, Laine (16053382900)",1,1,0,0
"Mechem, David B. (6506537159)",0,0,1,3
"Medeiros, Diego Lima (56338829900)",0,0,1,1
"Medeiros, Mateus V. (57194201303)",0,0,1,1
"Medici, Vasco (34168112000)",0,0,1,2
"Medina, Carlos (55342828800)",1,1,0,0
"Medjroubi, Wided (50161998500)",0,0,1,2
"Medoued, Ammar (26664884100)",1,2,1,1
"Meeks, Robyn (38862418500)",0,0,1,6
"Meenal, R. (57160132400)",0,0,1,2
"Meenalochani, M. (57172947600)",1,1,0,0
"Meer, Hermann De (8905799500)",1,1,0,0
"Meeus, Leonardo (55682345300)",0,0,1,5
"Meeussen, Johannes C. L. (6701733966)",0,0,1,1
"Megri, Ahmed Chérif (18634567000)",0,0,1,1
"Mehdi, Imran (57119308100)",1,2,0,0
"Mehdizadeh, Milad (57191610302)",0,0,1,1
"Mehleri, E.D. (55263512100)",1,2,0,0
"Mehlhorn, T.A. (7006156973)",1,1,0,0
"Mehmanpazir, Farhad (55233738800)",1,1,0,0
"Mehmood, Asif (58557055200)",1,1,0,0
"Mehmood, Yasir (57196100671)",1,6,0,0
"Mehos, Mark (7801548524)",0,0,1,5
"Mehregan, Mahmood (57329179900)",0,0,1,1
"Mehrtash, Mahdi (55428671900)",1,2,0,0
"Mei, Chunxiao (57211938784)",1,1,0,0
"Mei, Fei (55204897000)",3,4,0,0
"Mei, H. (57214728756)",0,0,1,1
"Mei, Hongyuan (59938007400)",1,1,0,0
"Mei, Jiawei (57192398055)",1,2,0,0
"Mei, Na (57219503499)",1,1,0,0
"Mei, P.R. (7006890090)",1,3,1,2
"Mei, Qingping (57909830500)",1,1,0,0
"Mei, Rui (26537730300)",0,0,1,8
"Mei, Zhen (57189269218)",2,8,0,0
"Meibody-Tabar, Farid (6602245386)",1,2,0,0
"Meibom, P. (6507910621)",1,1,3,19
"Meibom, Peter (6507910621)",2,3,5,81
"Meier, Alan K. (7103005573)",1,2,1,1
"Meindl, James D. (35778845800)",1,2,0,0
"Meinrenken, Christoph J. (6506397807)",1,1,1,1
"Meintz, Andrew (25927345100)",0,0,2,3
"Meisel, Charlie (57668756200)",0,0,1,2
"Meister, Curtis (57203114512)",0,0,1,1
"Meister, Tilo (24587317900)",1,1,0,0
"Mekhilef, Saad (57928298500)",1,1,0,0
"Mekonnen, Dawit (56376698800)",0,0,1,38
"Melack, John M. (7006392633)",0,0,1,13
"Melchiorri, M. (57201734823)",0,0,1,1
"Melendres, A.M. (57204766892)",0,0,1,6
"Melgar-García, Laura (57216289749)",1,1,2,2
"Melin, Alexander M. (55548663000)",0,0,1,1
"Melinte, Georgian (36911393900)",1,1,0,0
"Melià, Paco (55919976700)",0,0,1,2
"Melià-Seguí, Joan (36452493900)",1,1,0,0
"Mellia, Marco (6603904712)",1,2,0,0
"Mellit, A. (16176161900)",1,3,0,0
"Mellit, Adel (16176161900)",1,2,1,1
"Mello, Francisco F.C. (59116489600)",0,0,1,8
"Mellor, A. (26436414200)",1,1,0,0
"Melo, A.P. (25031593600)",0,0,1,1
"Melo, Cláudio (7005616076)",2,2,0,0
"Meloni, Paolo (36785027100)",1,19,0,0
"Memik, Gokhan (6602339909)",1,3,0,0
"Memon, Junaid Alam (36519289900)",0,0,1,3
"Memon, Saim (55537709300)",0,0,1,1
"Men, Changyou (25922823400)",1,1,0,0
"Mena-Martinez, Alma (59247079300)",1,1,0,0
"Menanteau, Philippe (6604059258)",0,0,1,1
"Menassa, Carol (15923411800)",0,0,1,1
"Menassa, Carol C. (15923411800)",2,3,2,2
"Menci, Sergio Potenciano (57218625854)",0,0,1,2
"Menciassi, Arianna (7004244810)",1,6,1,1
"Mendecka, Barbara (55321250500)",0,0,1,4
"Mendes, Manuel J. (25936507600)",1,1,0,0
"Mendes, Nathan (55496141300)",2,16,4,10
"Mendis, Gamini (56394448500)",1,1,0,0
"Mendonça, Isabela Miranda de (55973325500)",1,1,0,0
"Mendonça, Kátia Cordeiro (24281560000)",0,0,1,1
"Mendoza-Bernal, Jose (57321069700)",1,2,0,0
"Meneghetti, G. (12758998500)",0,0,1,2
"Meneses, Cristian Andrés Carreño (57201856391)",1,2,0,0
"Meneu, Vicente (6507393313)",0,0,2,25
"Menezes, A.C. (54783171700)",0,0,1,3
"Menezes, Anna Carolina (54783171700)",0,0,2,35
"Menezo, Christophe (22433475700)",1,1,0,0
"Meng, Changxin (57200106064)",1,1,0,0
"Meng, Fan (59121081700)",1,1,0,0
"Meng, Fanchao (56178692600)",0,0,1,2
"Meng, Fanqing (56597364700)",1,1,0,0
"Meng, Fanran (57190801271)",1,2,1,4
"Meng, Fanxin (57212216213)",0,0,1,2
"Meng, Fanzhi (57289210300)",0,0,1,1
"Meng, Ke (13905131800)",3,4,1,1
"Meng, Keqilao (8580423200)",1,2,0,0
"Meng, Measrainsey (57190017940)",0,0,1,2
"Meng, Min (59322709500)",1,1,0,0
"Meng, Ming (35789321900)",1,1,0,0
"Meng, Qianhe (57439294300)",1,1,0,0
"Meng, Qinglong (24528744200)",0,0,1,2
"Meng, Shenghui (59134446900)",1,1,0,0
"Meng, W.Z. (54080135100)",1,1,0,0
"Meng, Wenchuan (57191269242)",0,0,1,1
"Meng, Wenjun (16550020600)",1,1,0,0
"Meng, Xiangfeng (59098300100)",0,0,1,1
"Meng, Xiaodong (57192297211)",0,0,1,4
"Meng, Zhuo (57211554704)",1,1,0,0
"Mengaldo, Gianmarco (56270246000)",0,0,2,2
"Menikpura, S.N.M. (25823934000)",0,0,1,3
"Menon, Ramanunni P. (55517031600)",1,1,0,0
"Meo, Michela (57042401300)",1,2,2,2
"Mera, Ana (56045258900)",1,1,0,0
"Merad, G. (55915885600)",0,0,1,1
"Mercier, Arnaud (16310172600)",0,0,1,23
"Mercier, Thomas M. (57205289772)",1,2,0,0
"Merget, F. (8597826100)",1,2,0,0
"Merghem, L. (57208392406)",1,4,0,0
"Merli, Francesco (25638856000)",1,2,0,0
"Merlo, Marco (58080482700)",1,2,0,0
"Merrett, Geoff (12142708100)",0,0,2,2
"Merrett, Geoff V. (12142708100)",2,7,3,3
"Mert, İlker (56652114900)",1,8,0,0
"Mertzanis, Charilaos (53064407400)",0,0,1,1
"Merven, Bruno (22734891100)",0,0,3,12
"Meskell, C. (55948639200)",0,0,1,1
"Meskin, Nader (24172813000)",0,0,2,7
"Messac, Achille (7003379773)",1,5,0,0
"Messineo, Antonio (7006272131)",1,12,0,0
"Messous, Mohamed-Ayoub (55904845000)",1,1,0,0
"Mestre, O. (55974002300)",0,0,2,4
"Metcalfe, M.P. (55523615200)",1,1,0,0
"Methaprayoon, Kittipong (6507856565)",0,0,1,1
"Methven, John (56726831900)",0,0,1,3
"Metry, Morcos (57039157800)",1,1,0,0
"Metz, Florian (36437505800)",1,2,0,0
"Metzger, Meredith (8075483700)",0,0,1,1
"Metzinger, Isabel (57190858560)",0,0,1,2
"Metzmacher, Henning (56431105200)",1,1,0,0
"Meybodi, Mehdi Aghaei (23978664800)",0,0,1,1
"Meyer, D. (59270943800)",0,0,1,16
"Meyer, Daniel (56246617600)",1,1,0,0
"Meyer, Daniel (7403572091)",1,2,0,0
"Meyer, Edson (7401539065)",1,1,0,0
"Meyer, Frédéric (57197351393)",1,1,0,0
"Meyer, Josua P. (7406101417)",1,1,0,0
"Meyer, R. (7404078977)",1,2,1,6
"Meyers, Jessa (55386772000)",0,0,1,1
"Meza, Justin (26432722400)",0,0,1,1
"Meziane, Mohamed (54401606500)",1,4,0,0
"Mezni, Haithem (11141925700)",1,2,0,0
"Mezosi, Andras (56315826300)",0,0,1,3
"Mhadeshwar, A.B. (6603573563)",1,1,0,0
"Mhangara, Paidamwoyo (43361612000)",0,0,1,1
"Mhaskar, Prashant (6602958963)",1,1,0,0
"Mhlanga, David (57218104204)",0,0,1,2
"Mi, Chris (24081001100)",1,3,0,0
"Mi, Chunting Chris (24081001100)",1,3,0,0
"Mi, Zengqiang (8560381100)",1,5,0,0
"Mi, Zhifu (55272317400)",0,0,1,2
"Miao, Enming (6603412613)",1,1,0,0
"Miao, Jianwei (55542231000)",0,0,1,1
"Miao, Qingcheng (57320290900)",1,1,0,0
"Miao, Wang (56428611200)",1,1,0,0
"Miao, Weiwei (57192541666)",1,1,0,0
"Miao, Yiming (57190683507)",1,5,0,0
"Micallef, J. (7005559986)",1,15,0,0
"Michael, A. (7201653912)",0,0,1,1
"Michael, Prawin Angel (55232622700)",0,0,1,2
"Michalena, Evanthie (26321130000)",0,0,1,1
"Michas, Serafeim (57202856568)",0,0,1,3
"Michel, B. (55354803800)",1,1,0,0
"Michel, Bruno (7202124464)",1,3,0,0
"Micheli, Leonardo (55573166700)",1,1,0,0
"Michelinakis, Foivos (56444470200)",1,1,0,0
"Miclea, Liviu (6508329176)",1,1,0,0
"Micu, Dan Doru (21834003300)",1,1,0,0
"Midlam-Mohler, Shawn (8723125800)",1,2,0,0
"Miebs, Grzegorz (57197731917)",1,1,0,0
"Mielnik, Ryszard (56578663200)",1,1,0,0
"Mier, Mathias (57207783759)",0,0,1,2
"Mieszkalski, Leszek (6506103467)",0,0,1,1
"Miettinen, Jari (57197963631)",0,0,1,1
"Migan-Dubois, A. (13409680100)",0,0,1,2
"Mignard, Dimitri (23019508800)",0,0,1,1
"Mignon, Ingrid (6507471633)",0,0,1,3
"Miguel, Alonso-Abella (57815795000)",0,0,1,1
"Miguel, Martin (56037196400)",0,0,1,1
"Mihai, Florin-Constantin (37102421400)",0,0,1,1
"Mihailescu, Vlad (57221977322)",0,0,1,1
"Mihalakakou, G. (7003476251)",1,1,1,2
"Mihalakakou, Giouli (7003476251)",0,0,1,1
"Mihaylova, Lyudmila (59157650100)",1,2,0,0
"Mihály, András (54899691300)",1,1,0,0
"Mikayilov, Jeyhun I. (57194607529)",0,0,1,1
"Mikkelsen, P.S. (57212628645)",0,0,1,4
"Mikolajewicz, Uwe (7003625897)",0,0,1,5
"Mikołajewski, Dariusz (36996644200)",0,0,1,2
"Mikut, Ralf (6603574925)",0,0,1,1
"Milanese, Mario (7006104252)",1,2,0,0
"Milani, Abbas S. (7005569992)",0,0,1,1
"Milano, Michela (57212581171)",1,1,0,0
"Miled, Achraf Ben (26029532400)",1,1,0,0
"Miles-Touya, Daniel (15064186500)",0,0,1,1
"Miletić, Filip (57223917536)",1,1,0,0
"Miljkovic, Nenad (53164399200)",1,2,0,0
"Millar, Michael-Allan (57205559129)",0,0,1,5
"Millard, Fisher (60233404300)",0,0,1,1
"Millard-Ball, Adam (6506856537)",0,0,1,1
"Miller, Arnold R. (22734628700)",2,13,0,0
"Miller, Cesca Ann (57807586100)",0,0,1,3
"Miller, Chad (57200720756)",1,1,0,0
"Miller, Cory (7406257224)",1,2,0,0
"Miller, David C. (57201972865)",0,0,1,1
"Miller, Evonne (11340067700)",0,0,1,5
"Miller, J. Isaac (57225911365)",0,0,2,28
"Miller, James E. (7501599672)",1,3,0,0
"Miller, Joshua (57214125572)",0,0,1,3
"Miller, Lee M. (35215958600)",0,0,1,3
"Miller, Mark (57190386756)",0,0,1,13
"Miller, Matt L (56719947100)",0,0,1,2
"Miller, Timothy (57212881996)",0,0,1,1
"Miller, William M. (36902249900)",0,0,1,3
"Millet, Guillaume Y. (7006255382)",1,1,0,0
"Milligan, Michael (7004863303)",1,1,2,15
"Mills, Andrew (36818779600)",0,0,2,4
"Mills, Andrew D. (36818779600)",0,0,2,10
"Mills, David R. (7402569272)",0,0,1,1
"Mills, Evan (7102584714)",1,3,1,40
"Mills, R. (24766621400)",1,1,0,0
"Mills, R.W. (24325977400)",1,1,0,0
"Millstein, Dev (23480385400)",0,0,2,4
"Milner, J. (59392380900)",0,0,1,1
"Milner, James (59392380900)",0,0,1,1
"Milo, Aitor (35248463900)",1,2,0,0
"Milovančević, Milos (57189308908)",1,1,0,0
"Milovic, Nikola (57021537100)",0,0,1,1
"Milyani, Ahmad H. (57205615775)",1,1,0,0
"Milčius, Darius (8395572100)",1,1,0,0
"Min, Aleksey (23976534500)",0,0,1,1
"Min, Geyong (7102053498)",3,6,0,0
"Min, Haitao (9240169300)",2,2,0,0
"Min, Hao (7102292496)",1,1,0,0
"Min, Jie (35094429200)",1,1,0,0
"Min, Liang (55511818700)",0,0,1,16
"Min, Minghui (57195470719)",1,4,0,0
"Min, Seongwoong (57226559753)",0,0,1,2
"Min, Wenlong (59195520400)",1,1,0,0
"Minati, Ludovico (15844021600)",1,1,0,0
"Minciardi, Riccardo (7005785660)",1,1,0,0
"Minea, Alina A. (23493089800)",0,0,1,4
"Minemoto, Takashi (7003573103)",0,0,1,1
"Ming, Bo (56604831200)",1,1,1,2
"Ming, Dongyue (57205622323)",1,1,0,0
"Ming, Qiu (59982315500)",1,1,0,0
"Ming, Zhengfeng (24605484400)",1,1,0,0
"Ming-ming, Zhao (58149052100)",1,1,0,0
"Mingant, R. (35772817200)",1,6,0,0
"Mingo, N. (7003790737)",1,5,0,0
"Mingsheng, Liu (58147075700)",1,1,0,0
"Mingze, E. (57363366900)",0,0,1,1
"Minhas, Daud Mustafa (57105365500)",1,1,0,0
"Minkenberg, Cyriel (6603327629)",0,0,1,2
"Minnis, B.J. (6701648226)",1,3,0,0
"Minutillo, M. (9246060300)",2,5,0,0
"Minutillo, Mariagiovanna (9246060300)",1,1,0,0
"Minutolo, Marcel C. (24067691400)",1,1,0,0
"Minville, Marie (22985955400)",0,0,1,3
"Mir, Syed (57217296082)",1,3,0,0
"Mirakhorli, Amin (57190581760)",1,2,0,0
"Miranda, V. (35581693000)",1,1,1,2
"Miranda, Vladimiro (35581693000)",0,0,1,1
"Mirandola, A. (6603923961)",0,0,1,2
"Miranville, F. (6507426823)",1,1,0,0
"Mirasgedis, S. (6602877030)",1,1,2,20
"Miri Lavasani, Seyed Mohammadreza (32167685600)",1,1,0,0
"Miri, Ali (35552579700)",1,3,0,0
"Mirjalili, Seyeali (51461922300)",0,0,1,1
"Mirjat, Nayyar Hussain (57193008260)",0,0,2,7
"Mirnov, S. (6701791341)",1,6,0,0
"Mirshekali, Hamid (57216704858)",1,3,0,0
"Mirtaheri, Peyman (6602505778)",0,0,1,1
"Mirza, Faisal Mehmood (37081556000)",0,0,1,1
"Mirzaei, Danesh (58181414500)",1,1,0,0
"Mirzaei, Parham A. (35754801200)",0,0,1,8
"Mirzapour, Farzaneh (57202849424)",1,1,0,0
"Mishkin, Pamela (57222478212)",0,0,1,152
"Mishra, Amit (56599669100)",1,2,0,0
"Mishra, Kumar Vijay (36004775100)",1,4,0,0
"Mishra, Manohar (57189099667)",1,1,0,0
"Mishra, Partha (57191621268)",0,0,1,2
"Mishra, Shashank (58830518700)",1,1,0,0
"Mishrif, Ashraf (57221916462)",0,0,1,1
"Mismer, Colin (56426966700)",0,0,1,1
"Misra, Sudip (7401768547)",2,4,0,0
"Misron, Norhisam (6505728008)",1,1,0,0
"Mistry, Michael (12646109500)",1,7,0,0
"Mitchell, J.W. (35555198200)",1,70,0,0
"Mitchell, Rachel (57161864400)",0,0,2,7
"Mithulananthan, Nadarajah (56246076300)",1,1,1,1
"Mitin, V.V. (57207937461)",1,1,0,0
"Mitkas, P.A. (7003488915)",0,0,1,1
"Mitra, Tulika (7006857189)",1,3,0,0
"Mitrovic, Zoran (55178535200)",1,4,0,0
"Mitrović, Saša (33067990600)",1,14,0,0
"Mittal, Ankit (57206658882)",0,0,1,1
"Miu, Luciana M. (57195506206)",0,0,1,3
"Miulli, Carmine (8920988000)",1,6,0,0
"Miura, Yushi (9939771400)",1,2,0,0
"Miyao, Kenji (35253930600)",1,2,0,0
"Miyazaki, Masayuki (35370918600)",1,15,0,0
"Miyazaki, Takahito (8684847300)",1,2,0,0
"Mizuno, M. (7402731678)",0,0,1,1
"Mizuno, Minoru (7402731678)",1,1,1,5
"Mizuno, Tamotsu (7401686035)",1,18,0,0
"Mizutani, Fumitoshi (7101843743)",0,0,1,1
"Mjelde, James W. (7003433000)",0,0,1,13
"Mladenović, D. (56973851300)",0,0,1,1
"Mlynek, A. (25959287300)",1,1,0,0
"Mnasri, Sami (56418283100)",1,1,0,0
"Mo, Dongcheng (58478624400)",1,1,0,0
"Mo, Haihua (59749181000)",1,1,0,0
"Mo, Jungyoun (56514647700)",0,0,1,4
"Mo, Li (7103299799)",1,1,0,0
"Mo, Wanqiu (60374824000)",1,1,0,0
"Mo, Yi-Lung (7202961584)",1,4,1,1
"Mo, Yuchang (13408519600)",1,1,0,0
"Mo, Zhaoying (58984045900)",1,1,0,0
"Mo, Zhengyang (59400607400)",1,1,0,0
"Moazeni, Faegheh (36125353300)",1,1,0,0
"Mobarak, Muhammad Hosnee (57193078879)",1,2,0,0
"Mobini, Mahdi (36135716600)",0,0,1,2
"Mocanu, Elena (23005384000)",2,2,0,0
"Mochol-Grzelak, Małgorzata (57205467379)",1,1,0,0
"Moctezuma-Hernández, J.A. (57365893400)",1,1,0,0
"Modarres Razavi, M.R. (56049900600)",1,2,0,0
"Modarressi, Mehdi (13408135000)",1,8,0,0
"Modera, Mark P. (6701418631)",0,0,1,1
"Modi, Shatrughan (57189439801)",1,4,0,0
"Modi, Vijay (7102008086)",0,0,1,11
"Modiri-Delshad, Mostafa (55925355700)",1,1,0,0
"Moemken, Julia (56092539300)",0,0,1,3
"Moerman, Ingrid (7005875225)",1,2,0,0
"Moghadas Nejad, Fereidoon (35272687900)",1,1,0,0
"Moghaddam, Milad Ghorbani (56978796900)",1,2,0,0
"Moghtaderi, Behdad (7003463018)",0,0,2,3
"Moglia, Andrea (34572177900)",1,6,1,1
"Mohajeri, Nahid (56788233600)",0,0,1,1
"Mohamad, Malik (24448533500)",1,3,0,0
"Mohamed, Ahmed (57221592937)",1,4,0,0
"Mohamed, Ahmed A. S. (57202879040)",0,0,2,3
"Mohamed, Amro M.O. (57208795559)",0,0,1,1
"Mohamed, Marwa F. (55332691000)",1,1,0,0
"Mohamed, Mohamed A. (36084694000)",2,4,0,0
"Mohamed, Muamar (57222733966)",1,1,0,0
"Mohamed, Shakir (57209146118)",1,2,1,17
"Mohamed, Yasser Abdel-Rady I. (57210678679)",2,3,0,0
"Mohamed, Yasser Abdel-Rady Ibrahim (57210678679)",2,10,0,0
"Mohamed, Zaid (8731713800)",0,0,1,2
"Mohammad, Nur (56365853900)",0,0,1,1
"Mohammadbeigi, Hassan (36925702300)",1,1,0,0
"Mohammadi, Javad (57200861377)",1,1,0,0
"Mohammadi, Mohammad (56501398300)",0,0,1,2
"Mohammadi, Mohammad (57212183718)",0,0,1,2
"Mohammadi, Mohsen (57209567998)",1,1,0,0
"Mohammadi, Najmeh (55393363800)",1,1,0,0
"Mohammadi, Neda (56704718500)",0,0,1,2
"Mohammadi-Ivatloo, Behnam (57195631360)",1,1,1,2
"Mohammadzadeh, Ardashir (56385332000)",1,1,0,0
"Mohammed, Afifa (57218214508)",0,0,1,1
"Mohammed, Al-Alas (57201853333)",1,1,0,0
"Mohammed, Osama (7005092206)",1,4,0,0
"Mohammed, Osama A. (7005092206)",1,7,1,1
"Mohan, Jacqueline E. (7101856988)",0,0,1,2
"Mohananey, Anhad (59357831800)",1,1,0,0
"Mohandes, Baraa (57201085682)",1,1,0,0
"Mohanty, Amit (57197070547)",0,0,1,2
"Mohapatra, Prasant (24725118000)",1,3,0,0
"Mohassab, Yousef (56590021200)",1,1,0,0
"Mohd Arif Zainol, Mohd Remy Rozainy (57193313971)",1,4,0,0
"Mohd Salleh, Mohd Arif Anuar (55543476900)",1,4,0,0
"Mohiuddin, Irfan (57188701327)",1,1,0,0
"Mohr, S.H. (16316830700)",0,0,1,2
"Mohr, Tanga McDaniel (56919404100)",0,0,1,7
"Mohri, Masami (7101967856)",1,1,0,0
"Mohrlen, Corinna (35191933700)",0,0,2,5
"Mohsenian-Rad, Amir-Hamed (54400374100)",1,16,0,0
"Mohsenian-Rad, Hamed (54400374100)",1,1,0,0
"Mohyuddin, Ghulam (58992258100)",1,1,0,0
"Moiseeva, Ekaterina (57193626108)",0,0,1,2
"Moiser, Thomas M. (57454810500)",1,3,0,0
"Mojović, L. (6603838180)",0,0,1,1
"Mokhele, Tholang (44061835400)",0,0,1,1
"Mokhlis, Hazlie (8136874200)",1,1,0,0
"Molander, Sverker (6603724438)",0,0,1,1
"Molina Rodriguez, Yuri Percy (58247172300)",1,1,0,0
"Molina-Solana, Miguel (24385556000)",0,0,1,1
"Molinas, Marta (55604543200)",1,1,0,0
"Molino-Minero-Re, Erik (24725248700)",1,1,0,0
"Molinski, Tom (7006008689)",2,9,2,4
"Molisch, Andreas F. (7006594890)",1,3,0,0
"Molter, Timothy Wesley (57189096149)",1,8,0,0
"Molto, Cécile (57210824022)",0,0,1,1
"Molyneaux, Lynette (55224816200)",0,0,2,4
"Momeni, Ahmad (58707662900)",1,2,0,0
"Momeni, Hamidreza (35618766900)",1,2,0,0
"Momeni, Niloofar (57213606140)",1,1,0,0
"Monaghan, Andrew J. (7005133082)",0,0,1,3
"Monasterio-Huelín, F. (6507547271)",0,0,1,1
"Moncada, Ariana (57203748618)",1,2,0,0
"Moncaster, Alice (36997993800)",0,0,1,1
"Mondal, Md Alam Hossain (36083266300)",0,0,2,41
"Mondal, Md. Alam Hossain (36083266300)",0,0,1,1
"Mondal, Suman (56978717400)",1,1,0,0
"Mondol, Jayanta Deb (6506284951)",1,1,0,0
"Moner- Girona, Magda (6505783003)",0,0,1,3
"Money, Alex (55746169900)",0,0,1,11
"Monforti, F. (15063016900)",0,0,2,16
"Monge-Álvarez, Jesús (57039022700)",1,1,0,0
"Monkhouse, D.R. (6603667016)",1,10,1,1
"Monmasson, Eric (23025748400)",1,2,0,0
"Monsalve, Fabio (12761342500)",0,0,1,3
"Montagnino, F.M. (57188998693)",0,0,1,1
"Montalescot, V. (56690412300)",1,2,0,0
"Montanaro, Umberto (24448507700)",0,0,1,3
"Montazeri, H. (23989040400)",0,0,1,5
"Monteiro, Claudia Sousa (57192381553)",0,0,1,1
"Monteiro, Claudio (8397804400)",0,0,1,1
"Monteiro, Cláudio (8397804400)",2,5,2,6
"Monteiro, Thomas Vitor P. (60234228800)",1,1,0,0
"Montejo-Sanchez, Samuel (55787866200)",1,2,0,0
"Montenon, A. (55972940800)",0,0,1,1
"Montero, Gisela (55256448100)",0,0,1,1
"Montero, Rubén S. (7005886803)",1,6,1,1
"Montiel, V. (57203333513)",0,0,1,1
"Montignac, F. (25642862900)",0,0,1,1
"Montoya, Oscar Danilo (56919564100)",0,0,1,2
"Montoye, Robert K. (6603560387)",1,3,0,0
"Montrucchio, Bartolomeo (6603463265)",1,1,0,0
"Montón, E. (23497901100)",1,15,0,0
"Moon, Dohyun (7202057834)",1,2,0,0
"Moon, Hichan (7402661952)",1,4,0,0
"Moon, Hyeun Jun (24559146700)",1,10,0,0
"Moon, HyungBin (57194157923)",0,0,1,4
"Moon, Ian (57190424021)",0,0,1,1
"Moon, J.H. (57199927431)",1,1,0,0
"Moon, Jihoon (57193756583)",2,3,0,0
"Moon, Jin Woo (36915594500)",2,2,2,4
"Moon, Seung-Hyeon (7401616843)",0,0,1,1
"Moon, Un-Chul (7003803249)",1,5,0,0
"Moonsamy, Resmun (56505537800)",0,0,1,1
"Moore, Brandon C. (23971196900)",0,0,1,3
"Moore, J. (16310011100)",0,0,1,4
"Moore, P.A. (7403684845)",1,3,0,0
"Moore, Steven A. (26036014200)",0,0,1,2
"Mora, Rodrigo (7006807791)",0,0,1,2
"Mora-López, Llanos (55664452900)",0,0,1,2
"Moradi, Mehrdad (57222029917)",0,0,1,4
"Moradi, Mohsen (57205650827)",1,2,0,0
"Moradi-Lakeh, Maziar (35617421300)",0,0,1,2
"Moraes, Camile Arêdes (57203007605)",1,1,0,0
"Moragas Bouyat, Lucas (57209838707)",1,1,1,27
"Morais, Flavio (56702507800)",1,1,0,0
"Morais, H. (21834170800)",0,0,1,1
"Morais, Hugo (21834170800)",0,0,2,2
"Morais, Nélson (57223909290)",0,0,1,1
"Morais, T. (59313740300)",0,0,1,1
"Morakinyo, Tobi Eniolu (55660542700)",0,0,1,2
"Moral-Carcedo, Julián (8566823300)",0,0,1,1
"Morales, Carlos R. (57541496800)",1,1,0,0
"Morales, Juan M. (23009522600)",1,1,1,1
"Morales-Valdés, Pilar (56401062700)",0,0,1,1
"Moran, Luis (57189078954)",1,2,1,1
"Morante, J.R. (35493131200)",1,1,0,0
"Morariu, Cristina (55188423000)",1,27,0,0
"Morariu, Octavian (55188559900)",1,27,0,0
"Moravvej-Farshi, Mohammad Kazem (6603568561)",1,1,0,0
"Morawetz, Ulrich B. (36683018300)",0,0,1,7
"Morawska, Lidia (7004773965)",0,0,1,1
"Morawski, Thomas B. (7004032061)",0,0,1,3
"Morbee, Joris (35192037700)",0,0,1,5
"Morch, Andrei (8921242900)",0,0,1,2
"Morchain, J. (6506369357)",1,2,0,0
"Mordjaoui, Mourad (24773803900)",3,4,2,3
"Moreira Pessanha, Jose Francisco (18038433000)",0,0,1,2
"Moreira, Cindy Silva (25628430400)",0,0,1,8
"Moreira, Davidson M. (7005854169)",1,1,0,0
"Moreira, S.P. (36971440400)",1,3,1,2
"Moreira, Sandrina B. (55701747700)",0,0,1,1
"Morejón, Milen Balbis (59939412400)",0,0,1,3
"Morel, D. (7101971594)",1,2,1,5
"Morell, Antoni (17435153700)",1,1,0,0
"Morelli, Bruno (57189901071)",1,6,1,1
"Morello, Eugenio (25321189900)",0,0,1,1
"Moreno, Blanca (57200033293)",0,0,1,1
"Moreno, Jovita (7401924895)",0,0,1,5
"Moreno, M. Victoria (7201568696)",1,1,0,0
"Moreno, M. Ángeles (57193255018)",0,0,1,1
"Moreno-Blanco, Julio (55853580800)",0,0,1,1
"Moreno-Cruz, Juan (36872459400)",0,0,1,3
"Moreno-Eguilaz, Manuel (55571023800)",1,3,0,0
"Moreno-Munoz, A. (9743221900)",0,0,1,7
"Moreno-Vozmediano, Rafael (7202177804)",1,6,1,1
"Morgan, C. (55680566900)",1,2,0,0
"Morgan, Dane (7403985808)",1,2,0,0
"Morgenstern, Brett (22135247100)",0,0,1,3
"Mori, Junichi (55790206000)",1,6,0,0
"Mori, Keibun (55258104500)",0,0,1,5
"Mori, Warren B. (7102300314)",1,1,1,1
"Mori, Yojiro (24544595200)",1,2,0,0
"Moriarty, Patrick (35606833700)",0,0,2,4
"Moriarty, Patrick (56276123300)",0,0,1,1
"Morii, Masakatu (58886715600)",1,1,0,0
"Morikawa, Hiroyuki (7201800265)",1,6,0,0
"Morikawa, Junji (56027654600)",1,3,0,0
"Morikawa, Takayuki (7201878229)",1,1,1,2
"Morillo, Jorge García (56410641900)",0,0,1,1
"Morini, Mirko (57211486412)",0,0,1,1
"Morita, Hiroshi (55722034400)",1,1,0,0
"Moritz, Csaba Andras (7004440587)",2,30,0,0
"Morlock, Florian (55818773400)",1,3,0,0
"Moro, Arielle (55838559400)",1,1,0,0
"Morodo, Matteo (55539050000)",1,1,1,2
"Morosi, Simone (6701609673)",1,1,0,0
"Morozumi, S. (55662729000)",0,0,1,2
"Moroşan, Petru-Daniel (35772621900)",1,8,1,1
"Morris, Chris (56238084300)",0,0,1,5
"Morris, Christopher D. (55347969000)",0,0,1,2
"Morris, Dan (55459697400)",0,0,1,2
"Morris, Robert (52464123400)",0,0,1,2
"Morrison, G.L. (55776011000)",1,4,0,0
"Morrison, Jonathan F. (8870495700)",1,2,0,0
"Morrison, Matthew A. (8918492200)",1,1,0,0
"Morrone, Pietropaolo (14036194200)",1,8,1,1
"Morrow, John W. (57205730470)",0,0,1,6
"Morstyn, Thomas (56396999100)",0,0,1,3
"Mortazavi, Bobak J. (42761875000)",1,1,0,0
"Morton, Steve (57197980710)",1,8,0,0
"Mosavi, Amir (57191408081)",1,1,1,1
"Mosbach, Sebastian (8704085300)",0,0,1,5
"Mosca, Roberto (35548883100)",1,1,1,1
"Moschandreas, Demetrios. J. (7007172298)",0,0,1,1
"Moschovits, M. (8554026600)",1,1,1,3
"Mosconi, Edoardo (24335567100)",1,1,0,0
"Moseley, Leo (7003742376)",0,0,1,6
"Moser, David (20436147000)",0,0,4,12
"Moses, Melanie E. (23989050900)",1,1,0,0
"Moshiri, Saeed (6603036890)",0,0,1,1
"Moshovos, Andreas (6603721033)",1,1,0,0
"Mosier, Thomas M. (55574272500)",0,0,1,1
"Mosquera-López, Stephania (57193541412)",0,0,1,1
"Mossialos, Elias (7004354602)",0,0,1,3
"Mossolly, M. (25645189200)",1,75,0,0
"Mostafa, Reham R. (57216628949)",1,1,0,0
"Mota, Santiago A. (57218529505)",1,1,0,0
"Motalab, Mohammad (60687690900)",1,1,0,0
"Motalib Hossain, M.A. (57226629032)",0,0,1,2
"Motaung, D.E. (25959680500)",0,0,1,1
"Motevalian, Seyed Abbas (55924043300)",0,0,1,2
"Motlagh, Naser Hossein (57193327557)",1,2,0,0
"Motley, Amber (57203835125)",0,0,1,1
"Motta, Giovanni (7102308647)",1,5,0,0
"Mottola, Fabio (23978341000)",1,3,1,3
"Motwani, Karan H. (55988821100)",1,2,0,0
"Mou, Junmin (7006384064)",1,1,0,0
"Mouli-Castillo, Julien (57193714896)",0,0,1,1
"Mount, Timothy D. (6603740957)",0,0,1,3
"Moura, John (47862100900)",0,0,1,4
"Moura, Scott (26868030700)",0,0,1,3
"Moura, Scott J. (26868030700)",1,1,0,0
"Mourier, Thierry (6603394301)",1,4,1,1
"Mourshed, Monjur (29867539100)",1,3,1,2
"Moursi, Mohamed Shawky El (21739149200)",1,1,0,0
"Mousa, Elsayed Abdelhady (25634430900)",1,1,1,1
"Mousavi Agah, S. Mohammad (36499079500)",0,0,1,1
"Mousavi, Pedram (6701535033)",1,108,0,0
"Moustaoui, M. (6602131668)",1,1,1,1
"Moustapha, Maliki (57190169923)",0,0,1,1
"Moutinho, Victor (57010555300)",0,0,1,2
"Mouzakitis, Spiros (24832116700)",1,1,0,0
"Mouzakitis, Spyros (24832116700)",1,3,0,0
"Movassaghi, Samaneh (43661266500)",1,1,0,0
"Mowla, Dariush (6603710809)",1,1,0,0
"Mowla, Md Munjure (56524457000)",1,1,0,0
"Moyano, C.F. (6701635821)",1,1,0,0
"Moyano, Carlos F. (6701635821)",1,1,0,0
"Mozaffari, Ahmad (56504017000)",1,1,0,0
"Mozaffari, Ladan (57193890145)",1,1,0,0
"Mozaffari-Kermani, Mehran (57201226299)",2,3,0,0
"Mozena, Ana (58083628700)",1,1,0,0
"Mporas, Iosif (14036079800)",0,0,1,1
"Mroczek, Bartlomiej (57216896575)",1,2,0,0
"Mrozek, Dariusz (57203881381)",1,1,0,0
"Mroziński, Adam (22035574100)",0,0,1,2
"Mrówczyńska-Kamińska, Aldona (55831123800)",0,0,1,2
"Mtenzi, Fredrick (6507775184)",1,1,0,0
"Mtibaa, Fatma (56414894000)",1,1,0,0
"Mu, Dongdong (56435566400)",1,1,0,0
"Mu, Hailin (14036104600)",0,0,1,1
"Mu, Hao (56666917400)",1,3,0,0
"Mu, Song (57681052000)",1,1,0,0
"Mu, Yang (7103374005)",0,0,1,2
"Mu, Yuchen (58554113100)",1,3,0,0
"Mu, Yunfei (35173335700)",2,2,0,0
"Mubarak, Hamza (57209272333)",0,0,1,2
"Mubarik, Muhammad Shujaat (56610321600)",0,0,1,17
"Muchaluat-Saade, Débora C. (55882190700)",1,1,0,0
"Mueller, Markus (59567080000)",0,0,1,5
"Mueller, Markus A. (59567080000)",0,0,1,3
"Mugagga, Frank (42262432500)",0,0,1,1
"Muggli, Josef (57215591562)",1,3,0,0
"Muggli, Patric (8307636400)",1,1,1,1
"Mugikura, Yoshihiro (6603959428)",1,1,0,0
"Muguerza, Javier (6701605113)",1,4,0,0
Muhammad (57191751615),1,1,0,0
"Muhammad, Munir Azam (57212033092)",1,1,0,0
"Muhibbullah, M. (57218608065)",1,1,0,0
"Muhs, J.D. (35617948100)",1,2,0,0
"Muhtarom, Ahmad (57223343992)",1,2,0,0
"Mujeeb, Sana (57202515277)",1,2,0,0
"Mujica, Vladimiro (7003611776)",1,2,0,0
"Mujtaba, Iqbal M. (7003830653)",1,2,0,0
"Mujumdar, Kaustubh S. (12789806800)",1,9,0,0
"Mukai, Masakazu (15926260200)",1,9,1,4
"Mukhaimer, Ayman Wajeh (56335203400)",1,5,0,0
"Mukherjee, Anandarup (56828611700)",1,3,0,0
"Mukherjee, Biswanath (57203077873)",1,2,0,0
"Mukherjee, Sayanti (57198769140)",0,0,5,19
"Mukherjee, Tridib (15060197100)",1,10,0,0
"Mukherjee, Ushnik (6701598414)",0,0,1,1
"Mukhitdinov, Otabek (57767533600)",0,0,1,1
"Mukhopadhyay, Sayanti (57191979183)",0,0,1,1
"Mukisa, Nicholas (57206846016)",0,0,1,1
"Mukwaya, Paul Isolo (36081188500)",0,0,1,1
"Mulas, Michela (35389206100)",1,2,0,0
"Mulcué-Nieto, Luis Fernando (56237333300)",0,0,1,2
"Mulders, Sebastiaan Paul (57189263908)",1,2,0,0
"Muljadi, Eduard (35552916400)",0,0,1,1
"Mullane, A. (9633975000)",1,1,1,6
"Mullen, Jeffrey (7202991491)",0,0,1,2
"Muller, Daniel B. (8618460500)",0,0,1,5
"Mulone, V. (6506125711)",1,10,0,0
"Mulville, Mark (55932440800)",0,0,1,5
"Mumovic, D. (14040664500)",0,0,1,14
"Mumovic, Dejan (14040664500)",0,0,3,3
"Munafò, Placido (54385800600)",0,0,1,2
"Munankarmi, Prateek (57205613324)",0,0,1,1
"Munday, Jeremy N. (8909667300)",1,3,0,0
"Mundra, Tanvir Singh (22835432400)",1,2,0,0
"Muneer, Sadid (56580014900)",1,2,0,0
"Muneer, Tariq (7006647735)",1,1,1,1
"Mungcharoen, Thumrongrut (12790351800)",0,0,1,1
"Munier, Isabelle (6506275954)",0,0,1,1
"Munk-Nielsen, T. (13607824500)",0,0,1,4
"Munkhammar, J. (55204501100)",0,0,2,7
"Munoz De La Pena, David (8204704200)",1,1,0,0
"Munson, Ron (7006731351)",0,0,1,1
"Muntean, Sebastian (35325073700)",0,0,1,15
"Munusamy, Ambigavathi (56884785700)",0,0,1,1
"Munusamy, Nagarajan (57207017195)",0,0,1,3
"Munzenrieder, Niko (36504556900)",1,1,0,0
"Munõz San Roque, Antonio (55043074000)",1,1,0,0
"Murakami, Daisuke (54414566400)",0,0,1,1
"Murakami, Homare (7402080324)",1,6,0,0
"Murakami, Shuichi (57284075500)",1,18,0,0
"Murali, Srinivasan (7006638954)",1,19,0,0
"Murat, Yetis Sazi (6508113296)",0,0,1,1
"Murata, Akinobu (7201592030)",0,0,2,12
"Murata, Junichi (35513633100)",1,9,1,4
"Muratore, P. (57194193820)",0,0,1,1
"Muratori, Matteo (39461833000)",0,0,2,37
"Murgovski, Nikolce (16033548400)",2,2,0,0
"Muro, Victor Isaac Torres (57880279400)",1,1,0,0
"Muroni, Antonio (57210914494)",0,0,1,2
"Murphy, Caitlin A. (57202606877)",0,0,1,1
"Murphy, Fionnuala (56427084900)",0,0,2,2
"Murphy, Inês S. (36096915600)",0,0,1,5
"Murphy, Jerry D. (57200123826)",0,0,2,19
"Murphy, Jimmy (60697139300)",1,1,0,0
"Murphy, M. (57189018808)",0,0,1,1
"Murphy, M.D. (57189018808)",0,0,4,4
"Murphy, Patrick (57209735674)",0,0,1,5
"Murphy, Patrick Mark (56019406700)",0,0,1,5
"Murphy, Rose (7403470921)",0,0,1,5
"Murphy, Sinnott (46361502900)",0,0,1,4
"Murray, F.T. (7103039311)",1,1,0,0
"Murray, Portia (57203031042)",0,0,1,1
"Murshed, Muntasir (57204031604)",0,0,1,2
"Murtagh, F. (7005746699)",1,3,0,0
"Murthy, Sudhir (7202012191)",0,0,1,3
"Murugaperumal, Krishnamoorthy (57206731012)",0,0,1,1
"Murugappan, A. (55302724000)",0,0,1,1
"Musallam, Basim (55332875300)",0,0,1,1
"Muselli, M. (56510309600)",0,0,1,1
"Muselli, Marc (56510309600)",1,15,0,0
"Mushatat, Sabah (56441588800)",0,0,1,2
"Musikasinthorn, Prachya (6603196496)",0,0,1,8
"Musilek, Petr (6602209739)",1,1,0,0
"Mustafa, Kainat (57982056800)",1,1,0,0
"Mustafa, Mohd Wazir (7102076649)",1,1,0,0
"Mustafa, Shehu Salihu (57192938405)",1,1,0,0
"Muston, William (24923296500)",0,0,1,34
"Mutani, Guglielmina (15722741600)",0,0,1,1
"Mutel, Christopher L. (30267838500)",0,0,1,11
"Muthadhi, A. (24071732200)",1,1,0,0
"Muthu, BalaAnand (47862031600)",0,0,1,1
"Mutka, Matt W. (7003960778)",1,1,0,0
"Mutlu, Onur (16043006700)",4,10,0,0
"Mutlu, Rahim (56025891500)",1,5,0,0
"Muttaqi, K.M. (55582332500)",1,2,2,2
"Muttillo, Mirco (56724184000)",0,0,1,1
"Muyeen, S.M. (14054532300)",2,2,1,3
"Muzzillo, Christopher P. (25645256300)",0,0,1,2
"Muñoz González, C.Mª (57190979606)",0,0,1,2
"Muñoz, Cristián M. (7102790023)",0,0,1,4
"Muñoz-Bulnes, Jesús (56578715600)",0,0,1,1
"Myers, L. (7202503714)",1,1,2,2
"Myers, L.E. (7202503714)",0,0,1,2
"Myungsoo, Jun (7006544863)",0,0,1,1
"Mármol, Félix Gómez (25223189200)",1,1,0,0
"Márquez, Adolfo Crespo (24175681000)",1,2,0,0
"Márquez-Dominguez, Concha (57209717697)",0,0,1,1
"Máté, Kinga (57210643616)",0,0,1,2
"Mähönen, Petri (7003293314)",1,18,1,1
"Mäkelä, Kari (7005862477)",0,0,1,5
"Mårtensson, Jonas (57193855940)",0,0,1,1
"Méhut, A. (36967619400)",1,2,0,0
"Méndez Quezada, Víctor H. (8917717800)",1,1,1,1
"Ménière, Yann (23393076400)",0,0,1,22
"Mérida, Walter (23009463800)",1,1,0,0
"Mévrel, Remy (6701640467)",0,0,1,1
"Mórocz, Adrián (57215433149)",0,0,1,2
"Möhrle, Sascha (57222141345)",0,0,1,2
"Möhrlen, Corinna (35191933700)",0,0,1,1
"Möller, B. (16203334400)",0,0,1,1
"Mönnich, Kai (6507176568)",1,2,1,6
"Möst, Dominik (22938180200)",0,0,1,1
"Møller, J.K. (22941406400)",0,0,1,4
"Møller, Jan K. (22941406400)",1,1,1,2
"Møller, Jan Kloppenborg (22941406400)",0,0,1,2
"Mückstein, Ulrike (13611869800)",1,2,1,1
"Müller, Björn (56967520200)",0,0,2,5
"Müller, Dirk (57217610714)",0,0,1,1
"Müller, F.L. (57220836907)",1,1,1,3
"Müller, H.W. (55683481800)",0,0,1,1
"Müller, J. (56435043000)",1,2,0,0
"Müller, Stefan (57194328571)",1,4,1,2
"Müller-Buschbaum, Peter (7003877067)",1,1,0,0
"Mądziel, Maksymilian (57204634448)",1,1,0,0
"Mȩzyk, Arkadiusz (6507424550)",0,0,1,1
"Na, In-Gang (6603081780)",0,0,1,2
"Na, Jonggeol (57226061231)",1,1,0,0
"Na, Man Gyun (7006636997)",0,0,1,1
"Na, Taehui (55603919100)",1,2,0,0
"Naaranoja, Marja (16203535600)",0,0,1,1
"Nabavi, Seyed Azad (57219700274)",1,2,0,0
"Nabavi-Pelesaraei, Ashkan (56028314700)",1,2,0,0
"Nabaweesi, Jennifer (57210835000)",0,0,1,1
"Nabil, A. (8208160400)",1,7,1,4
"Nabilal, Khan Vajid (58552301800)",1,1,0,0
"Nabney, Ian T. (6701838448)",1,2,1,1
"Nacereddine, Rabia (22951396800)",0,0,1,1
"Nadal, Gustavo (6506028585)",0,0,1,5
"Nadeem Rafiq, Muhammad (57734461900)",1,1,0,0
"Naderi, Hossein (57194148386)",0,0,1,1
"Nadler, Claudia (57195347367)",0,0,1,4
"Naebe, Minoo (57203032346)",0,0,1,1
"Naeyaert, Sofie (59898529400)",0,0,1,1
"Nag, Samriddha (57202982478)",1,1,0,0
"Nagamura, Atsushi (57219844079)",1,1,0,0
"Nagaosa, Naoto (7006133395)",1,18,0,0
"Nagapurkar, Prashant (57205102462)",0,0,1,3
"Nagaraju, Regonda (57209642071)",0,0,1,1
"Nagasaka, Ken (7006774006)",1,1,0,0
"Nagengast, Amy L. (35797302500)",0,0,1,3
"Naghedi, Reza (57214889096)",0,0,1,1
"Nagi, Jawad (25825455100)",1,3,0,0
"Nagla, Tarek F. (57215730877)",1,1,0,0
"Nagle, Nick (6602750900)",0,0,1,1
"Nagpal, Himanshu (57191411642)",0,0,2,2
"Nagulapati, Vijay Mohan (57208329072)",1,1,0,0
"Nagy, Mandy (57215430005)",1,1,0,0
"Nagy, Peter B. (7202146679)",1,3,0,0
"Nagy, Zoltan (24829852300)",1,1,1,1
"Nagy, Zoltán (24829852300)",2,7,1,3
"Nahavandi, Saeid (55992860000)",2,3,0,0
"Nahid-Mobarakeh, Babak (6506255291)",2,3,0,0
"Nahmias, Mitchell A. (36967751600)",1,86,1,2
"Nahrstedt, Klara (7006456800)",1,25,0,0
"Naik, Bighnaraj (56493274100)",1,1,0,0
"Naik, Bukke Kiran (57221928255)",0,0,1,1
"Naik, Vijay K. (55025848800)",1,2,1,1
"Nair, Nirmal-Kumar C. (7102069328)",1,2,0,0
"Najjar, Walid (7004093607)",1,6,0,0
"Najm, Habib N. (7006526927)",0,0,1,2
"Nakafuji, Dora (39362139000)",0,0,1,3
"Nakajima, Yoshinori (7403088433)",1,1,0,0
"Nakama, H. (26024892700)",0,0,1,2
"Nakamura, Eri (57204381849)",0,0,1,1
"Nakamura, Hisahide (7410031486)",1,8,0,0
"Nakamura, Shigeo (55468278600)",1,1,0,0
"Nakano, Masaru (55701890000)",0,0,1,2
"Nakatani, Y. (7202547641)",1,6,0,0
"Nakayachi, Kazuya (6603303861)",0,0,1,2
"Nakayama, Hidehisa (15045199500)",1,2,0,0
"Nakhostin, Mohammad Masoud (57212557282)",1,1,0,0
"Nakip, Mert (57212473263)",2,2,0,0
"Nakomčić-Smaragdakis, Branka B. (55326692400)",0,0,1,1
"Naldi, Matteo (57193834117)",0,0,1,1
"Nam, Byeong-Gyu (7006057713)",1,3,0,0
"Nam, Hoseok (57198350465)",0,0,1,1
"Nam, Jiyeon (55020503200)",1,1,0,0
"Nam, KiJeon (57195405510)",2,2,0,0
"Nam, Kijeon (57195405510)",0,0,1,1
"Nam, S.W. (55508338000)",1,1,0,0
"Nam, So (59791296700)",0,0,1,8
"Nam, Youngsuk (24177392900)",1,2,0,0
"Namboodiri, Vinod (8323861400)",1,1,0,0
"Namburu, Setu Madhavi (15080976200)",1,4,0,0
"Namiasenko, Yurii (57212868204)",0,0,1,1
"Naminezhad, Alireza (57202685566)",0,0,1,1
"Namirembe, Grace (57192191394)",0,0,1,1
"Nan, Dongliang (57205632256)",1,1,0,0
"Nandi, Arup K.R. (59385727500)",1,2,0,0
"Nansaior, Analaya (43461891400)",0,0,1,1
"Napoli, C. (36866742400)",1,1,0,0
"Naranjo, Jose Eugenio (7006975919)",1,4,0,0
"Narayanan, Satish (36450927200)",1,3,0,0
"Narayanan, Shankar (57208893458)",1,3,0,0
"Nardi Cesarini, Davide (56317875300)",1,1,1,2
"Nardi, Iole (56414540300)",0,0,1,1
"Nardini, Sergio (7005300012)",0,0,2,9
"Narejo, Ghous Bakhsh (36085364200)",1,1,0,0
"Narendra, Siva G. (7003490286)",0,0,1,1
"Narita, Daiju (8418460700)",0,0,1,61
"Nascimento, Claudio A. O. (7005511944)",0,0,1,5
"Nascimento, Erick Giovani Sperandio (57324292800)",1,1,0,0
"Naseem, Adnan (57202835284)",1,1,0,0
"Naser, Hanan (56088319200)",0,0,1,1
"Naseri, Hamed (57211413091)",1,1,0,0
"Nasir, Muhammad (57211327647)",0,0,1,8
"Nasiri, Elnaz (57719803100)",0,0,1,1
"Nasiri, Fuzhan (15048565300)",0,0,1,1
"Nasiri, Hamid (57218439813)",0,0,1,1
"Nason, Samuel R. (6603351914)",1,1,0,0
"Naspi, Federica (57191823846)",1,1,0,0
"Nasr, G.E. (7003450502)",0,0,1,4
"Nasr, George (7003450502)",0,0,1,2
"Nassar, H. (7003638693)",1,1,0,0
"Nassef, Omar (57219599951)",1,1,0,0
"Nasser, Asma (57204428778)",1,4,0,0
"Natarajan, A. (7203044727)",1,3,0,0
"Natarajan, R. (7203042637)",1,2,0,0
"Natarajan, Sukumar (21743141100)",0,0,6,13
"Nateghi, Roshanak (36677968200)",0,0,6,20
"Nath, Pradip (55822828600)",1,1,1,2
"Nathan, Graham J. (56417418100)",1,1,1,1
"Nathwani, J. (35366959800)",0,0,1,2
"Nathwani, Jatin (35366959800)",0,0,1,1
"Naus, Gerrit (24172810600)",1,26,0,0
"Nauta, Bram (57209315405)",1,2,0,0
"Nava, Vincenzo (23392999800)",0,0,1,2
"Navarri, Philippe (6506555192)",1,2,0,0
"Navarro, Ana (20335420900)",1,1,0,0
"Navarro, Nacho (57195525346)",2,10,0,0
"Navarro, Osvaldo (56421789000)",1,3,0,0
"Navarro, Pedro (59206616500)",0,0,1,1
"Navas-Anguita, Zaira (57200788802)",1,6,0,0
"Navas-Fonseca, Alex (57219716959)",1,1,0,0
"Naversen, Christian Øyn (57201691521)",0,0,1,1
"Navon, Aviad (57215573230)",0,0,1,1
"Nayak, Janmenjoy (56340101200)",1,1,0,0
"Nayak, Pabitra K. (7102623421)",1,2,0,0
"Nayak-Luke, Richard (57197715509)",0,0,1,15
"Nayak-Luke, Richard Michael (57197715509)",1,1,1,9
"Nayar, Kishor G. (56895867700)",1,5,1,1
"Nayeri, Christian Navid (15125077400)",0,0,1,3
"Naz, Bibi S. (22951177000)",0,0,1,8
"Nazari, Peyman (55659664600)",1,1,0,0
"Nazarian, Shahin (10140969200)",1,2,1,1
"Nazaripouya, Hamidreza (55512551300)",1,1,0,0
"Nazarko, Joanicjusz (6701354045)",1,2,0,0
"Nazarko, Łukasz (55580992200)",1,2,0,0
"Nazarzadeh, Jalal (6603471856)",1,4,0,0
"Nazeeruddin, Mohammad Khaja (35463772200)",1,2,0,0
"Nazeeruddin, Mohammad. K. (35463772200)",1,2,0,0
"Nazemi, Eslam (56945673800)",1,2,0,0
"Nazif, Koosha Nassiri (57191645449)",1,1,0,0
"Nazir, Amril (24723004500)",1,2,0,0
"Ndhlukula, Kudakwashe (55595949100)",0,0,1,15
"Ndoye, Fatou-Toutie (56685362700)",0,0,1,1
"Neaimeh, Myriam (55336947900)",1,1,2,5
"Nebel, Arjuna (36241863900)",0,0,1,1
"Nebel, Jean-Christophe (6602553817)",0,0,1,1
"Neckelmann, S. (17341013700)",1,3,1,3
"Nedellec, Raphael (55819687300)",1,4,1,2
"Nedellec, Raphaël (55819687300)",0,0,2,6
"Neef, Robin (57219613533)",0,0,1,4
"Negenborn, Rudy R. (16480813000)",1,1,2,4
"Negnevitsky, Michael (7004296699)",1,3,0,0
"Neij, Lena (6603434829)",1,1,1,54
"Neill, S.P. (7103133373)",0,0,1,1
"Neill, Simon (7103133373)",0,0,1,1
"Neill, Simon P. (7103133373)",0,0,1,3
"Neimane, Viktoria (24759274900)",1,1,2,4
"Neises, Martina (56202609900)",1,1,0,0
"Nekså, Petter (6507331713)",0,0,1,1
"Nelson, James R. (57201539685)",1,2,0,0
"Nematchoua, Modeste Kameni (55927764800)",0,0,2,3
"Nembrini, Julien (24776694900)",0,0,1,1
"Nemet, G.F. (14062489100)",0,0,1,5
"Nemmour, Amira (57056265500)",1,1,0,0
"Nemov, V.Yu. (55531047300)",0,0,1,1
"Neo, Boon Siong (57211872304)",1,3,0,0
"Neomagus, Hein (6507652645)",0,0,1,2
"Nepal, Prakash (51565433300)",0,0,1,10
"Nepal, Rabindra (28567916500)",0,0,1,2
"Nepomuceno, Miguel C.S. (36246411800)",0,0,1,1
"Nesakumar, Noel (55358367400)",1,2,0,0
"Nespoli, Lorenzo (57189998469)",0,0,1,2
"Nestle, Uwe (54581376800)",0,0,1,3
"Neta, Luzia Sergina França (56017011200)",0,0,1,1
"Neto, Alberto Hernandez (56017784100)",1,8,1,2
"Neto, Pedro Bezerra Leite (52364614300)",0,0,1,1
"Neubert, A. (19933856800)",1,3,1,3
"Neuhaus, Holger (7005551886)",1,1,0,0
"Neuhoff, Karsten (8508045400)",0,0,1,2
"Neumann, Dirk (7202067244)",0,0,1,1
"Neuner, Felix (57224859852)",0,0,1,2
"Neupane, Bishwash (57223325847)",0,0,1,1
"Neves, Diogo (56294234500)",0,0,1,1
"Neves, Guilherme (57219949701)",0,0,1,1
"Neves, Joana (57222270381)",0,0,1,1
"Neves-Silva, Rui (14070716700)",1,2,1,1
"Neviani, Andrea (8066445600)",1,16,0,0
"New, Joshua (52264293600)",1,3,0,0
"Newborough, M. (7003416800)",0,0,4,8
"Newborough, Marcus (7003416800)",0,0,1,1
"Newton, Peter (7103312941)",0,0,1,14
"Ng, Annie (57197505905)",1,1,0,0
"Ng, Bing Feng (57204501084)",1,3,0,0
"Ng, Edward (15819942600)",0,0,1,2
"Ng, K.C. (7403178980)",1,1,0,0
"Ng, Kim Choon (7403178980)",1,1,0,0
"Ng, Simon K. K. (24080915900)",1,55,0,0
"Ng, Wai Tung (57203348471)",1,4,0,0
"Ngai, Edith C.-H. (7003298971)",3,7,0,0
"Ngamroo, Issarachai (6602989699)",1,1,0,0
"Ngendakumana, P. (9942536300)",1,3,0,0
"Nghana, Barilelo (57189896763)",1,1,1,4
"Ngo, Ngoc-Tri (56808955500)",1,3,1,3
"Nguyen Duc, Tuyen (58279068400)",1,1,0,0
"Nguyen Trong, Thanh (6507477037)",1,1,0,0
"Nguyen, Bao-Huy (57220847034)",1,1,0,0
"Nguyen, Duc-Nhan (23098380000)",1,11,1,1
"Nguyen, Dung (56073583600)",1,3,1,2
"Nguyen, H. (14622984700)",1,1,0,0
"Nguyen, Ha-Nam (8881687900)",1,11,1,1
"Nguyen, Hang T. (36107173500)",1,2,1,1
"Nguyen, Huu-Quoc (56579529800)",1,2,0,0
"Nguyen, Kim-Khoa (55946080700)",1,1,0,0
"Nguyen, Lam (56937735600)",0,0,1,1
"Nguyen, M.T. (56018578500)",0,0,1,20
"Nguyen, Minh N. H. (57189065079)",1,1,0,0
"Nguyen, Nhi (57220988012)",0,0,1,1
"Nguyen, Phuong H. (57193913951)",2,2,0,0
"Nguyen, Phuong Thanh (8379210700)",0,0,1,8
"Nguyen, Thi Nguyet Hanh (57209419849)",1,1,0,0
"Nguyen, Thi-Hau (57212283898)",1,11,1,1
"Nguyen, Thien-Binh (57207160917)",1,1,0,0
"Nguyen, Thu D. (55473702600)",0,0,1,1
"Nguyen, Thuc-Quyen (7404370808)",1,1,0,0
"Nguyen, Tu A. (59794625500)",1,1,0,0
"Nguyen, Tuan Anh (57202386208)",1,1,0,0
"Nguyẽn, Hoàng M. (57201882715)",1,12,0,0
"Ni, Chenhua (57203747586)",1,1,0,0
"Ni, Chenxi (57209565109)",1,2,0,0
"Ni, Derek (57219906510)",1,2,0,0
"Ni, Haozhan (58921288900)",0,0,1,1
"Ni, Ji-Qin (57218228729)",1,1,0,0
"Ni, Junhong (23390400400)",1,1,0,0
"Ni, Lizhou (57193712002)",1,1,0,0
"Ni, Meng (55323940600)",1,2,1,3
"Ni, Pingan (57222431506)",1,1,0,0
"Ni, Wei (35956974500)",0,0,1,2
"Ni, Yang (7402909971)",1,4,0,0
"Ni, Yiyang (56123091200)",2,2,0,0
"Niaki, Farbod Akhavan (56919767900)",1,1,0,0
"Niam, Jen Wei (57223426129)",1,2,0,0
"Niar, Smail (6507163451)",1,3,0,0
"Niaz, Haider (57218224910)",1,1,0,0
"Niazi, Sajawal Gul (57208101185)",1,2,0,0
"Nicholls, Larissa (55932888200)",0,0,1,12
"Nichols, Brice G. (55939332800)",0,0,1,27
"Nichols, Christopher (7202394756)",0,0,1,1
"Nicholson, Patrick K. (35362255100)",1,2,0,0
"Nicol, Fergus (7006967865)",0,0,1,1
"Nicolas, J. (56258838300)",1,3,1,2
"Nicolau, Alexandru (35568718600)",1,2,0,0
"Nicopolitidis, Petros (35578341500)",1,1,0,0
"Nicopoulos, Chrysostomos (14523405100)",2,14,0,0
"Niculescu, S.-I. (7006439159)",1,2,0,0
"Nie, Dawen (59747621200)",1,1,0,0
"Nie, Gaofeng (55337102500)",1,1,0,0
"Nie, Hongguang (55765824400)",0,0,1,17
"Nie, Peng (57222091249)",1,1,0,0
"Nie, S. (57212454834)",0,0,1,1
"Nie, Yongxin (58146851500)",1,1,0,0
"Nie, Yuhao (57200513549)",2,2,1,6
"Nie, Yuhu (59262525600)",1,1,0,0
"Nie, Zhifeng (57665534900)",1,1,0,0
"Nieboer, Nico (6504772497)",0,0,1,4
"Niederer, M. (35203749300)",2,2,0,0
"Nielsen, Chris P. (58385282000)",1,1,0,0
"Nielsen, Henrik Aa. (35561980600)",3,8,3,8
"Nielsen, Henrik Aalborg (35561980600)",1,8,2,4
"Nielsen, Henrik Kofoed (56264225700)",2,4,0,0
"Nielsen, Toke Rammer (7201759663)",2,3,1,1
"Nielsen, Torben S. (55126823800)",1,4,1,3
"Nielsen, Torben Skov (55126823800)",0,0,2,2
"Niemann, Hans Henrik (35564394900)",1,1,0,0
"Niemeyer, Günter (7006936424)",1,1,0,0
"Nieuwenhout, F.D.J. (22734886900)",0,0,1,8
"Nieuwoudt, Arthur (9332639100)",1,2,0,0
"Nieves, J.A. (57205263180)",0,0,1,20
"Nifong, Andrea (57192839474)",0,0,1,3
"Nijhuis, M. (51864010800)",0,0,1,2
"Nijim, Mais (14032018000)",1,1,1,1
"Nijmeijer, Henk (7005472437)",2,3,1,2
"Nik, Vahid M. (54978401900)",1,4,0,0
"Niknam, Taher (9742806100)",0,0,1,1
"Niknejad, Ali M. (56505644700)",2,7,0,0
"Nikolić, Borivoje (7006055356)",1,22,0,0
"Nikolić, Danijela (23502017400)",0,0,1,1
"Nikolić, Vlastimir (36980401000)",1,3,0,0
"Nikolopoulos, Dimitrios S. (7004096576)",1,6,0,0
"Nikolopoulos, Nikos (6507617320)",0,0,1,1
"Nikolopoulou, Marialena (6602199270)",0,0,3,6
"Nikoo, Mohammad Reza (24479097100)",1,1,0,0
"Nikovski, Daniel (6506093682)",1,1,0,0
"Nikpour, Maryam (57614711900)",0,0,1,1
"Nilsson, Tord (7202991799)",1,7,0,0
"Nimal Madhu, M. (58100654800)",1,1,0,0
"Nimr, Ahmad (56912459000)",1,1,0,0
"Ninagawa, Chuzo (13403827300)",1,3,0,0
"Ning, Andrew (8621794000)",1,2,1,6
"Ning, Chunyu (57919294400)",1,1,0,0
"Ning, Ning (56003117800)",1,4,0,0
"Ning, Xiaobin (14627713600)",1,1,0,0
"Ning, Xing (57211752983)",1,3,0,0
"Ning, Yadong (7102383074)",0,0,1,1
"Ning, Yumei (11139857200)",0,0,1,3
"Ningling, Wang (33368200700)",1,1,0,0
"Ningtyas, Juli Ayu (57205130395)",1,1,0,0
"Ninomiya, Yasushi (7201658668)",0,0,1,10
"Nisa, Elsa Chaerun (57221539723)",1,1,0,0
"Nishikawa, Eiichi (57213760094)",1,1,0,0
"Nishoka, Koki (13605868700)",0,0,1,1
"Nistor, Silviu (55211730600)",1,1,1,7
"Nitsche, Ludwig (6603770603)",1,1,0,0
"Niu, Dongxiao (7006150871)",6,8,1,2
"Niu, Geng (55848988000)",1,1,0,0
"Niu, J.L. (55497019700)",2,3,1,3
"Niu, Jian-Lei (55497019700)",0,0,1,2
"Niu, Jide (56319891000)",1,1,0,0
"Niu, Jingjing (57216162763)",1,1,0,0
"Niu, Mingfei (56708176700)",1,2,0,0
"Niu, Shuangxia (22135506800)",1,1,0,0
"Niu, Shuteng (57217042379)",1,2,0,0
"Niu, Xiao-Dong (7103278505)",1,1,0,0
"Niu, Yaqian (57811658300)",1,1,1,2
"Niu, Yinsen (57211201450)",1,1,0,0
"Niu, Yugang (55600895100)",1,1,0,0
"Niu, Zhi-bin (57202424167)",1,1,0,0
"Niu, Zhibin (57202424167)",1,1,0,0
"Niu, Zhiyong (57216826128)",1,1,0,0
"Nivedh, B. (55754801700)",1,1,0,0
"Nivet, Marie-Laure (35105737100)",1,15,0,0
"Niyato, Dusit (8919714700)",1,9,0,0
"Nketiah, Emmanuel (57195916627)",0,0,1,2
"Nkosi, N.S.B. (57192696501)",1,3,0,0
"No, T.S. (6701756834)",1,1,0,0
"Nocera, Francesco (7004439906)",0,0,1,4
"Nodjiadjim, Virginie (15923933200)",0,0,1,1
"Noel, Victor (35086739100)",1,2,0,0
"Noghrehabadi, A.R. (16241772800)",0,0,1,2
"Nogier, A. (38361916500)",1,13,1,24
"Nogueiro, Eugénia M. M. (6506548621)",1,2,0,0
"Noh, Hae Young (25646691400)",0,0,1,1
"Noh, Jaekoo (57192937680)",1,1,0,0
"Noh, Jinwoo (55813339700)",1,5,0,0
"Noh, Jung-Hun (55136638900)",0,0,1,1
"Noh, Seol-Hyun (57226806980)",0,0,1,1
"Nolan, Gary (8696505900)",0,0,1,9
"Nonnenmacher, Lukas (55966544100)",0,0,1,3
"Nonso, Ude Callistus (57194578039)",1,1,0,0
"Noori, Mehdi (55945025600)",0,0,1,2
"Noorollahi, Younes (16550643300)",0,0,1,2
"Nord, Lars O. (26321829100)",1,1,0,0
"Nordfjaern, Trond (25121719500)",0,0,1,1
"Nordin, Yini (55214613900)",0,0,1,2
"Nordlund, Kai (8161240100)",0,0,1,2
"Nordman, Bruce (6602602836)",1,2,1,1
"Nordström, L. (55918785900)",1,1,0,0
"Norford, Leslie (7004632109)",0,0,1,8
"Normey-Rico, J. (6603569530)",1,3,1,1
"Normey-Rico, J.E. (6603569530)",1,1,1,2
"Normey-Rico, Julio E. (6603569530)",2,3,1,2
"Norouzi, Pooria (58408944700)",0,0,1,2
"Norton, Matthew (35254408600)",0,0,1,1
"Norwood, Zack (55199836600)",0,0,1,1
"Nottrott, A. (36239318300)",2,13,2,7
"Noussan, Michel (55948967200)",0,0,2,7
"Nouvel, Romain (55907326000)",1,1,0,0
"Novais, Augusto Q. (6603097170)",0,0,1,2
"Novak, Hrvoje (56825633700)",1,1,0,0
"Novakovic, Vojislav (6602260570)",1,4,0,0
"Novan, Kevin (55669207200)",0,0,1,24
"Novoselac, Atila (6505811667)",1,1,0,0
"Nowak, Sławomir (22734781200)",1,1,0,0
"Nowak, W. (7103349955)",0,0,1,1
"Nowakowski, Tomasz (54996111100)",0,0,1,1
"Nowotarski, Jakub (55683723200)",1,1,1,1
"Nozaki, Yousuke (7103269965)",2,4,0,0
"Nozik, Arthur (7006365897)",0,0,1,3
"Ntiamoah, Augustine (23390214500)",1,10,1,1
"Nu, Chrono S. (57198356728)",1,1,0,0
"Nugent, Michael Alexander (24178659900)",1,8,0,0
"Nuha, Ulin (57573602800)",1,1,0,0
"Numan, Muhammad (57394868000)",1,1,0,0
"Nunes, José (56271798000)",0,0,1,1
"Nunes, R.O. (55555086200)",0,0,1,1
"Nur-E-Alam, Mohammad (57197752581)",1,3,0,0
"Nurgaliyev, Madiyar (57202335235)",1,1,0,0
"Nurminen, Jukka K. (6603849383)",1,7,0,0
"Nurvitadhi, Eriko (57188711136)",1,6,0,0
"Nutakki, Mounica (57209573405)",1,1,0,0
"Nutkiewicz, Alex (57200527258)",0,0,1,1
"Nuño, Fernando (7004217030)",1,1,0,0
"Nwafor, Uchenna Florence (57295309800)",0,0,1,2
"Nwokolo, Samuel Chukwujindu (57191484244)",0,0,1,1
"Nwulu, Nnamdi I. (37089355100)",1,1,1,2
"Nygaard, Nicolai Gayle (6602847015)",0,0,1,3
"Nygård, Magnus Moe (57208426029)",0,0,1,1
"Nylund, Nils-Olof (6603636189)",0,0,1,5
"Nässén, Jonas (6508044058)",0,0,1,5
"Nøland, Jonas Kristiansen (56909871600)",0,0,1,1
"Núñez-López, Vanessa (24399224400)",0,0,1,4
"Núñez-Reyes, Amparo (6507954766)",0,0,1,1
"O'BOYLE, Michael F. P. (7006469391)",1,2,0,0
"O'Connell, M. (36845777300)",0,0,1,2
"O'Connell, Matthew (56019354600)",0,0,1,8
"O'Donnell, James (16313084400)",1,3,2,4
"O'Hair, Edgar A. (6602326098)",1,3,0,0
"O'Halloran, John (7006893533)",1,4,1,5
"O'Hanley, Jesse R. (8728819300)",0,0,1,2
"O'Mahoney, Amy (55605568100)",0,0,1,1
"O'Malley, M. (7102539785)",1,1,1,6
"O'Malley, Mark (7102539785)",5,8,7,94
"O'Neill, Brian C. (35234249500)",0,0,1,5
"O'Neill, Daniel (7101811359)",2,4,1,1
"O'Neill, Eoghan (57220480165)",0,0,1,1
"O'Neill, Zheng (15045472400)",2,4,1,1
"O'Reilly, Gerard P. (7004974368)",0,0,1,3
"O'Reilly, Ryan (58627181600)",0,0,1,1
"O'Rourke, Fergal (36338091200)",1,2,1,1
"O'Shea, Meg (24448216800)",0,0,1,3
"O'Shea, Richard (55849884700)",0,0,1,7
"O'Sullivan, John (57193429540)",0,0,1,2
"O'Sullivan, Paul D. (56527854600)",0,0,1,1
"Obahoundje, Salomon (57205238785)",0,0,1,1
"Obaidat, Mohammad (7005628795)",1,1,0,0
"Obara, Shin'ya (35494607000)",1,3,0,0
"Obeng, George Yaw (26536446800)",0,0,1,1
"Obermaier, Nathan (57205380090)",1,1,1,27
"Obersteiner, Michael (6603640566)",0,0,1,12
"Obiora, Sandra (57218458683)",0,0,1,17
"Obradovic, Zoran (7003963489)",0,0,1,1
"Obrist, Adrian (57222812037)",0,0,1,2
"Obuobi, Bright (57222585311)",0,0,1,2
"Ocampo-Martínez, Carlos (23110642600)",1,1,0,0
"Ochani, Manesh Kumar (57202746860)",1,1,0,0
"Ockwell, David G. (24721646500)",0,0,1,42
"Odeh, Naser A. (23005956500)",1,1,1,7
"Odell, Peter R. (7005607319)",0,0,1,1
"Odenweller, Adrian (57217275531)",0,0,1,2
"Odgaard, Peter Fogh (23005741400)",1,6,0,0
"Odize, Victory (57192838498)",0,0,1,3
"Ofetotse, Eng L. (56020043100)",0,0,1,1
"Offer, G.J. (23098060000)",1,1,1,2
"Offer, Gregory J. (23098060000)",0,0,1,5
"Ofosu, Eric Antwi (36338179500)",0,0,1,1
"Ogbonna, Ahamuefula E. (57207693430)",0,0,1,1
"Ogden, Joan (8747513000)",0,0,1,3
"Ogimoto, Kazuhiko (36025628400)",1,3,3,8
"Ogle, Damon (26536482700)",0,0,1,27
"Oh, Eunsung (17435125700)",1,2,0,0
"Oh, Hui-Myoung (16319973300)",1,1,0,0
"Oh, Jin Woo (58831072400)",1,1,0,0
"Oh, Jinyeong (58169373200)",1,1,0,0
"Oh, Jungsuek (35194285700)",1,4,0,0
"Oh, Ki-Yong (35305648500)",0,0,1,1
"Oh, SangEun (7404103316)",1,7,1,2
"Oh, Seongbin (57204692443)",1,4,0,0
"Oh, Seung Jin (57188769361)",1,1,0,0
"Oh, Seunghwan (57815628300)",1,1,0,0
"Oh, Tae-Keun (23994167400)",0,0,1,1
"Oh, Yeonjae (56112881000)",1,1,0,0
"Ohara, Kazuhiro (55511343900)",1,2,0,0
"Ohkawa, Akira (7006348010)",1,2,0,0
"Ohlmann, Jens (36457247600)",0,0,1,1
"Ohnewein, Philip (55596125400)",1,2,0,0
"Ohno, Shuhei (57207917965)",1,1,0,0
"Ohshima, N. (7101956455)",1,6,0,0
"Ohtake, Hideaki (55469287600)",0,0,2,3
"Ojeda, Francisco José Florencio (37054342800)",0,0,1,1
"Oji-Okoro, Izuchukwu (57214937490)",0,0,1,1
"Oki, Satoko (36776846300)",0,0,1,2
"Okoboi, Geofrey (56544698700)",0,0,1,5
"Okoro, Victor Ikenna (57210861865)",1,1,0,0
"Okoye, Martin Onyeka (57207307577)",1,39,0,0
"Okoyeuzu, Chinwe R. (57074808200)",0,0,1,2
"Okullo, Samuel J. (43961612000)",0,0,1,9
"Olama, Mohammed M. (8674331500)",0,0,1,1
"Olanrewaju, Busayo T. (57208016795)",0,0,1,1
"Olaru, Doina (6603617344)",0,0,1,1
"Olaru, S. (9279624600)",1,2,0,0
"Olauson, Jon (56281210500)",0,0,2,5
"Olbert, Agnieszka I. (35217947100)",0,0,1,2
"Olden, Julian D. (6701652168)",0,0,1,3
"Oldewurtel, Frauke (26422426700)",1,2,1,3
"Oldham, Dan (57188698678)",0,0,1,2
"Oliaei, Omid (7004515930)",1,20,0,0
"Olisakwe, H.C. (57299036200)",1,1,0,0
"Olivadese, Fabrizio (57226195663)",1,2,0,0
"Olivares, Daniel E. (54418997300)",1,2,0,0
"Olivares, Teresa (6602909884)",1,2,0,0
"Oliveira Panão, Marta J.N. (15763331000)",1,1,1,1
"Oliveira, A.C. (7201929538)",0,0,1,1
"Oliveira, Augusto Cesar Laviola de (57216451133)",1,1,0,0
"Oliveira, Denisson Q. (51461717400)",0,0,1,1
"Oliveira, Fernando Cyrino (56033397700)",0,0,1,2
"Oliveira, Fernando Luiz Cyrino (56033397700)",0,0,1,1
"Oliveira, Gustavo H.C. (7006423107)",2,16,0,0
"Oliveira, Luiz (57189616779)",1,1,0,0
"Oliveira, Luiz C. (7201790224)",1,2,0,0
"Oliveira, M. (15763331000)",0,0,1,1
"Oliveira, M.O. (27467707000)",1,1,0,0
"Oliveira, Sílvia Maria Alves Corrêa (57200265464)",0,0,1,1
"Oliveira, Tiago (23493374000)",0,0,1,1
"Oliveira, Vítor (15834968400)",1,1,0,0
"Oliver, Matthew E. (55894558500)",0,0,1,5
"Oliveti, Giuseppe (6701322028)",0,0,1,1
"Olivieri, L. (57188971613)",0,0,1,2
"Olkkonen, Ville (57188864597)",0,0,1,1
"Ollikainen, Markku (7003552103)",0,0,1,26
"Ollikka, K. (35180058200)",0,0,1,3
"Ollus, P. (57226346055)",0,0,1,2
"Olmos, Luis (56235553900)",0,0,1,8
"Olofson, K. Frans G. (14060790400)",0,0,1,16
"Oloo, Francis (57193432625)",0,0,1,2
"Olson, A. (8424083500)",0,0,1,4
"Olson, Betty H. (7102492196)",0,0,1,3
"Olson, C.L. (7202812005)",1,1,0,0
"Olson, Sterling S. (57209028192)",0,0,1,2
"Olubusoye, Olusanya E. (55090187000)",0,0,1,1
"Omar, Noshin (35786547600)",0,0,1,1
"Omenkaf, Kenneth (59671286600)",0,0,1,1
"Onabajo, Marvin (22035750700)",1,1,0,0
"Onat, Nuri C. (55931450800)",0,0,1,2
"Onat, Nuri Cihat (55931450800)",0,0,2,5
"Ondeck, Abigail (36706414000)",1,41,0,0
"Onder, Christopher (6603967029)",1,2,0,0
"Ong, Hwai Chyuan (55310784800)",1,1,0,0
"Ongena, J. (7005905016)",1,1,1,6
"Ongsakul, Weerakorn (7004479828)",1,1,0,0
"Onile, Abiodun Emmanuel (57213354875)",0,0,1,1
"Onno, Arthur (56897168100)",1,3,0,0
"Ono, T. (35501261400)",1,6,0,0
"Onodera, Hidetoshi (7202438710)",1,2,0,0
"Onodugo, Vincent A. (57189890704)",0,0,1,2
"Onori, Simona (35092798000)",1,2,0,0
"Onuhc, Joy Ojodunwene (59671286500)",0,0,1,1
"Onumanyi, Adeiza James (35219216600)",0,0,1,1
"Onuogu, Ijeoma Christina (57659623100)",0,0,1,1
"Onwuchekwa, Chimaobi N. (35766584100)",1,3,0,0
"Ooi, Hooi-Yin (57194198096)",0,0,1,1
"Ooi, Kim Tiow (7005970918)",1,2,0,0
"Ooms, Marius (7006141797)",1,1,0,0
"Oosthuizen, D.N. (57211515418)",0,0,1,1
"Oozeki, Takashi (56026606100)",0,0,2,3
"Opoku, Richard (36698278900)",0,0,1,1
"Opperman, Jeffrey J. (6602775724)",0,0,1,3
"Oprea, Simona-Vasilica (30067888400)",0,0,1,1
"Or, Siu Wing (7006594254)",1,3,0,0
"Orak, Nur H. (57190947376)",0,0,1,1
"Orchard, M. (24724980200)",0,0,1,1
"Ordonez, Camilo (23470222100)",0,0,1,1
"Ordonez-Sanchez, Stephanie (36646379600)",0,0,1,1
"Orehounig, Kristina (36680475900)",0,0,2,3
"Oreszczyn, T. (60731740400)",0,0,2,9
"Oreszczyn, Tadj (60731741100)",0,0,6,34
"Oreszczyn, Tadj (6602850020)",0,0,1,9
"Orji, Uzoma A. (36086504000)",1,1,0,0
"Orosa, J.A. (57217661644)",0,0,1,1
"Orosa, Lois (55062282700)",1,3,0,0
"Orosz, Matthew (37091340600)",0,0,1,2
"Orosz, Michael (7006350997)",1,2,0,0
"Orozco, Marco (56765411700)",0,0,1,1
"Orr, Bradley (56747439400)",1,1,1,1
"Orrell, Alice (55372806300)",0,0,1,3
"Orrell, Alice C. (55372806300)",0,0,1,1
"Orshansky, Michael (6701801291)",1,4,0,0
"Orsini, Rachel (57219629167)",0,0,1,6
"Orta-Guerra, Rodrigo (57696011100)",1,1,0,0
"Ortega, Andre P. (35218059800)",0,0,1,1
"Ortega, Marcelo F. (55734348307)",0,0,1,5
"Ortega-Vazquez, Miguel A. (14919910200)",1,4,1,1
"Ortego, Pedro (8411103700)",0,0,1,4
"Orths, Antje (22836308700)",0,0,1,62
"Ortigosa, P.M. (6602759441)",1,3,1,1
"Ortiz, C. (57191525781)",0,0,1,1
"Ortiz, Inmaculada (7006312029)",1,3,0,0
"Ortiz, J.M. (56871290700)",0,0,1,1
"Ortiz, Luis (57216565076)",0,0,1,1
"Ortiz, Luis E. (57216565076)",1,3,0,0
"Ortiz-García, Emilio G. (16316581100)",0,0,1,2
"Orugba, Henry Oghenero (57223897728)",1,1,0,0
"Orwig, Kirsten D. (16316821400)",0,0,1,3
"Osazuwa-Peters, Mac (57212083931)",0,0,1,1
"Osborne, M.M. (58460142700)",1,10,1,1
"Oshiro, Masato (36562284600)",1,1,0,0
"Osman, Ahmed H. (7202452888)",1,1,1,1
"Osorio, Gerardo J. (54783251300)",1,1,0,0
"Osorio, Julian D. (55538541600)",1,1,0,0
"Osowski, Mark (7003824138)",0,0,1,2
"Ospina, D.H. (57205260701)",0,0,1,20
"Ossowski, Sascha (49861964200)",1,1,1,1
"Osterberg, F.W. (36022612900)",1,1,0,0
"Ostergaard, Jacob (7004506852)",2,2,0,0
"Oswald, David (56374691000)",1,2,0,0
"Osório, G.J. (54783251300)",1,1,0,0
"Ota, Jun (7006719514)",1,1,0,0
"Ota, Kaoru (23467341400)",1,1,0,0
"Otani, Kenji (7102620952)",0,0,1,11
"Otanicar, Todd (25960294200)",1,1,0,0
"Otanicar, Todd P. (25960294200)",0,0,2,4
"Oteiza, I. (7801462732)",0,0,1,1
"Othman, Mohammad Lutfi (55153333400)",1,1,0,0
"Othmani, Mehdi (57223356762)",0,0,1,1
"Otitoju, Olajide (57211850594)",0,0,1,1
"Otsu, Hideyuki (57208880684)",1,3,0,0
"Ottinger, Oliver (30967637600)",0,0,1,4
"Otto, Kevin (7102172315)",0,0,2,3
"Ou, Jerry J.R. (55080644600)",0,0,1,3
"Ou, Jun-Hui (57192557997)",1,1,0,0
"Ou, Yan (57220067505)",1,1,0,0
"Ou, Yunbo (55277582200)",1,4,1,1
"Oualha, Abdelmajid (36604997000)",0,0,1,22
"Ouammi, Ahmed (30767717400)",2,2,0,0
"Ouchterlony, Finn (56352031400)",0,0,1,4
"Ouedraogo, B.I. (58618739600)",0,0,1,3
"Ouedraogo, Nadia S. (55507959000)",0,0,1,23
"Oueslati, Fakhreddine S. (57193557243)",0,0,1,1
"Ouni, Ali (50761492200)",1,10,0,0
"Outapa, Pantitcha (57090875500)",0,0,1,1
"Ouyang, Jinlong (23020012100)",0,0,1,1
"Ouyang, Min (57212678383)",1,1,0,0
"Ouyang, Minggao (7007149577)",1,2,2,7
"Ouyang, Qin (59101987000)",0,0,1,4
"Ouyang, Qinghua (57222010105)",1,1,0,0
"Ouyang, Shuo (55317174900)",1,1,0,0
"Ouyang, Tinghui (56513518900)",2,4,0,0
"Ouyang, Yanfeng (57189525783)",0,0,1,2
"Ovtcharova, Jivka (55886439600)",1,1,0,0
"Owais, Muhammad (57219023088)",1,1,0,0
"Owen, Jacob (57201323326)",1,2,0,0
"Owen, M.A. (7402497399)",0,0,1,14
"Owens, Edward H. (36882807700)",0,0,1,2
"Owens, Susan (7102978419)",0,0,1,19
"Owoyele, Opeoluwa (56548984000)",1,1,0,0
"Oxley, Les (7003336774)",0,0,1,1
"Oxman, Michael (57221782399)",0,0,1,2
"Oyebisi, T.O. (6602434437)",0,0,1,5
"Oyedele, Lukumon O. (15623716300)",1,3,1,1
"Oz, Erdem (7003571799)",1,1,1,1
"Ozcan, Mustafa (56206164900)",0,0,1,3
"Ozcelik, Gokce (57188765227)",1,1,0,0
"Ozdemir, Zeynel Abidin (15770313900)",0,0,1,2
"Ozer, Emre (11141279100)",1,1,0,0
"Ozer, Hasan (23971020500)",0,0,1,2
"Ozgen, Serkan (7004707578)",1,1,0,0
"Ozgoli, Sadjaad (16025304900)",1,1,0,0
"Ozguven, Eren Erman (23971222100)",1,1,1,1
"Ozkasap, Oznur (6602394621)",1,1,0,0
"Ozturk, Harun Kemal (7102639465)",1,1,0,0
"Ozturk, Ozcan (35567355700)",1,2,0,0
"Ozturk, U. Aytun (6506783226)",0,0,1,1
"Ozturk, Yusuf (7005745596)",1,6,1,2
"Oñederra, O. (56338027000)",1,1,0,0
"O’Connor, Paul (55605771611)",1,1,0,0
"O’Hayre, Ryan P. (6603349349)",0,0,1,2
"Paassen, A.H.C. Van (16639220300)",0,0,1,1
"Paatero, Jukka V. (13003876600)",0,0,1,2
"Pablo Carvallo, Juan (56541878200)",0,0,1,3
"Pace, Pasquale (7006425807)",1,3,0,0
"Pachauri, Nikhil (57191245912)",1,1,0,0
"Pachauri, Shonali (7006691383)",0,0,1,7
"Pacheco, A. (55432603300)",1,1,1,3
"Pacheco, Kelvin A. (57193673606)",0,0,1,5
"Pacher, Julio (57193015001)",0,0,1,2
"Pack, Sangheon (7006668291)",1,1,0,0
"Pacurar, Cristian (55541436300)",0,0,1,1
"Padey, Pierryves (55135905700)",0,0,1,1
"Padhmanabhan, S.K. (14051086900)",0,0,1,1
"Paek, Sanghyun (35734906800)",1,2,0,0
"Paetzold, Ulrich W. (6508281912)",0,0,1,1
"Paevere, Phillip (6505816833)",0,0,2,6
"Pag, Felix (57203112379)",0,0,1,2
"Pagano, A.M. (55200850900)",0,0,1,14
"Pagano, Daniel J. (7005505271)",1,2,0,0
"Pagano, Mario (24825255100)",1,3,0,0
"Page, Adrian (7201642429)",0,0,1,1
"Pagerit, Sylvain (37054457000)",1,2,0,0
"Pagliano, Lorenzo (24504073800)",0,0,1,1
"Pagán, Brianna R. (57191608921)",0,0,1,8
"Pagán, Josué (56707039300)",1,2,0,0
"Pagès, Andreu (57223911029)",0,0,1,1
"Pahasa, Jonglak (24776720200)",1,1,0,0
"Pahikkala, Tapio (8930918900)",1,2,0,0
"Pai, Ping-Feng (8392557900)",2,2,1,2
"Pai, Yi-Shiang (56263111700)",1,2,0,0
"Paik, Chunhyun (7005667251)",1,1,0,0
"Paiva, A.P. (16176142300)",1,2,0,0
"Paiva, Rodrigo C. D. (57193855988)",0,0,1,13
"Pakdaman, Farhad (56422400100)",1,8,0,0
"Pakere, Ieva (55746791200)",0,0,1,2
"Pakula, Maggie (57203384144)",0,0,1,2
"Pal, Jeremy S. (7004533232)",0,0,1,8
"Pal, Pinaki (56642360600)",1,1,0,0
"Pal, Prosanto (7102062471)",0,0,1,42
"Palahalli, Harshavardhan (57203972110)",1,1,0,0
"Palaniappan, Vishal (24723117400)",1,67,1,2
"Palecka, J. (55846011000)",1,13,1,3
"Palenzuela, Patricia (41262280000)",0,0,1,1
"Palermo, Gianluca (7101655840)",1,7,0,0
"Palermo, Giuseppe Cernicchiaro (56081068000)",0,0,1,4
"Palesi, Maurizio (6507360044)",1,1,0,0
"Paletta, Fabrizio (57197662766)",1,1,0,0
"Paletta, Quentin (57219498894)",1,1,0,0
"Palicot, Jacques (6701773104)",0,0,1,1
"Palka, Krzysztof (55911668500)",1,2,0,0
"Palkovic, Martin (22635224300)",1,5,0,0
"Pallier, David (57196262138)",1,1,0,0
"Pallikuth, Devanand (58888210000)",0,0,1,1
"Palm, A. (56454997200)",0,0,1,4
"Palma-Behnke, R. (9633907900)",0,0,1,1
"Palmer Real, Jaume (57217164487)",0,0,1,2
"Palmer, J. (57188566858)",0,0,1,3
"Palmer, Karen (7202292836)",0,0,2,20
"Palmer, T.N. (55924208000)",0,0,1,3
"Palmer-Wilson, Kevin (57192573016)",0,0,1,1
"Palomar, Esther (14054398700)",0,0,1,1
"Palomares, Francisco (56512553700)",0,0,1,1
"Palombo, A. (6701332966)",1,1,0,0
"Palombo, Adolfo (6701332966)",0,0,1,3
"Paltsev, Sergey (8691076600)",0,0,3,37
"Palys, Matthew J. (57193243411)",0,0,1,1
"Palyvos, J.A. (6507866800)",1,2,0,0
"Pambour, Kwabena Addo (56126547000)",0,0,1,4
"Pampararo, Fabio (36782697700)",1,1,0,0
"Pamungkas, Radityo Fajar (57826322700)",1,1,0,0
"Pan, Baoyi (59226237600)",1,1,0,0
"Pan, Baozhi (16205525900)",1,1,0,0
"Pan, Chaofeng (36728196400)",1,1,0,0
"Pan, Chen (59489636600)",1,1,0,0
"Pan, Feifan (57446099800)",1,1,0,0
"Pan, Feng (55180982500)",1,1,0,0
"Pan, Guangyuan (57216285441)",1,1,0,0
"Pan, Haipeng (7403295017)",1,1,0,0
"Pan, Jianyu (57193645342)",0,0,1,1
"Pan, Jiaying (55551121100)",1,6,0,0
"Pan, Jingyi (59173602300)",1,1,0,0
"Pan, Lei (56281075200)",1,1,0,0
"Pan, Nan (57206030560)",1,1,0,0
"Pan, Rui (57193002750)",1,1,0,0
"Pan, Shirui (55522732400)",1,1,0,0
"Pan, Shu-Yuan (40361380800)",1,3,0,0
"Pan, Song (55839694200)",0,0,1,1
"Pan, T.-C. Francis (36457139200)",0,0,1,3
"Pan, Wei (16029598500)",0,0,1,1
"Pan, Xin (35422588500)",1,1,0,0
"Pan, Xuhui (57226133401)",1,1,0,0
"Pan, Ya-Jun (9235924900)",1,1,0,0
"Pan, Yi (59603580600)",2,3,0,0
"Pan, Yifeng (57934767300)",1,1,0,0
"Pan, Yu (57193699842)",1,3,0,0
"Pan, Yue (57205735838)",2,2,0,0
"Pan, Zhaoqing (55202029400)",1,1,0,0
"Pan, Zhenni (55322576900)",1,1,0,0
"Pan, Zhenning (57195105695)",2,2,0,0
"Pan, Zhibin (57217329427)",1,1,0,0
"Pan, Zhichong (59138499600)",1,2,0,0
"Panagiotou, Christos (57202126614)",0,0,1,1
"Panapakidis, Ioannis P. (23989606500)",0,0,1,1
"Panchal, Satyam (56136636100)",0,0,1,1
"Panda, Sanjib Kumar (57213503663)",1,1,0,0
"Pande, Partha Pratim (8904096300)",1,3,0,0
"Pander, Matthias (36550596100)",1,3,0,0
"Pandey, Om Jee (55923600800)",1,1,0,0
"Pandharipande, Ashish (6602779431)",1,1,0,0
"Pandiaraj, K. (57202111379)",1,1,0,0
"Pandit, Aniruddha B. (56679112700)",1,2,0,0
"Pandit, Ravi (57195506022)",0,0,1,2
"Pandiyan, Surya Venkatesh (57221119715)",1,1,0,0
"Pandy, Marcus G. (7004086439)",0,0,1,1
"Pandžić, Hrvoje (24438098800)",1,1,0,0
"Pang, Chunbo (57452763300)",1,1,0,0
"Pang, Huizhen (57226882249)",1,1,0,0
"Pang, Ji-Wei (55571311400)",1,1,0,0
"Pang, Songling (57217744623)",1,5,0,0
"Pang, Xinfu (21934606500)",1,1,0,0
"Pang, Xiufeng (57207384725)",1,5,1,1
"Pang, Yusong (14070474300)",1,1,0,0
"Panjapornpon, Chanin (6506622312)",0,0,1,1
"Panjehshahi, Mohammad Hassan (55165388600)",0,0,1,1
"Panklib, K. (56850508500)",0,0,1,1
"Panneerselvam, John (55509769900)",2,3,0,0
"Pannekoucke, O. (16234252900)",0,0,2,4
"Panos, Evangelos (56538618000)",0,0,1,244
"Panov, Yu.K. (7006785930)",0,0,1,4
"Pantazis, Dimitrios (57213118969)",1,2,0,0
"Panua, Rajsekhar (9246995100)",0,0,2,4
"Panwar, Mayank (55432859500)",1,1,0,0
"Pao, H.T. (7004262447)",1,2,0,0
"Pao, Hsiao-Tien (7004262447)",0,0,3,5
"Paoletti, Domenica (7007032614)",0,0,1,1
"Paoli, Christophe (6701857949)",1,15,0,0
"Paolini, Riccardo (49461629700)",0,0,1,8
"Paolone, Mario (6602935459)",1,1,0,0
"Paolucci, M. (7006774114)",0,0,1,3
"Paolucci, Martino (7006774114)",0,0,1,1
"Paolucci, Samuel (7006195375)",0,0,1,1
"Papachristopoulou, Kyriakoula (57200835596)",0,0,1,2
"Papada, Lefkothea (56342027300)",0,0,1,3
"Papadelis, Sotiris (55491052400)",0,0,1,3
"Papadimitrakis, Myron (57222991732)",1,1,0,0
"Papadimitriou, Georgios (7006418329)",1,1,0,0
"Papadokonstantakis, Stavros (24437321300)",0,0,1,2
"Papadopol, Pia (56121047700)",0,0,1,2
"Papadopoulos, Sokratis (56597652800)",1,2,0,0
"Papadopoulos, Symeon (23095370800)",0,0,1,2
"Papaefstathiou, Vassilis (6504295189)",1,4,0,0
"Papaefthymiou, George (9839870200)",1,3,1,3
"Papageorgiou, Elpiniki I. (56429800100)",2,2,0,0
"Papageorgiou, Konstantinos (56533537300)",1,1,0,0
"Papageorgiou, Lazaros G. (7003608896)",1,1,0,0
"Papakonstantinou, D. (55245891000)",1,1,1,3
"Papakonstantinou, Ioannis (8306417100)",1,4,0,0
"Papapavlou, Charalambos (6504611489)",0,0,1,1
"Papinutto, Michael (57194406287)",0,0,1,1
"Pappas, S.Sp. (12243287200)",1,1,1,1
"Pappenberger, Florian (12242898700)",1,1,0,0
"Parag, Yael (24401845200)",0,0,1,1
"Paraschiv, Florentina (55820733700)",1,1,1,1
"Parashurama, P.B. (57216548993)",1,3,0,0
"Paravantis, John A. (6507785645)",0,0,1,1
"Pardo, Angel (54887773100)",0,0,1,24
"Pardo, J. (56871346300)",1,1,0,0
"Paredes, Daniel (12801203200)",0,0,2,5
"Paredes, F. (57189000074)",0,0,1,1
"Pareek, Smita (56007634000)",1,1,0,0
"Parhi, Keshab K. (7102542319)",1,1,0,0
"Parhizi, Narges (56939022000)",1,1,0,0
"Parida, S.K. (57203052045)",1,1,0,0
"Parinya, Panom (35293542100)",0,0,1,5
"Parisio, Alessandra (23569929900)",1,2,2,4
"Park, Alex (57193527407)",0,0,1,3
"Park, Byung-Gook (7402834279)",1,4,0,0
"Park, Byung-Hun (57203410059)",0,0,1,1
"Park, Cheol Soo (57898787400)",0,0,1,1
"Park, Cheolmin (56488841400)",1,1,0,0
"Park, Chul-Young (36163268600)",2,2,0,0
"Park, Dong Yoon (56406754500)",0,0,1,1
"Park, Geon-Hee (57203411526)",0,0,1,1
"Park, Gi-Ho (7403042159)",1,3,0,0
"Park, Gwangtae (57207986963)",2,3,0,0
"Park, Hae-Su (55542569300)",1,2,0,0
"Park, Haesun (57664661100)",0,0,1,13
"Park, Herie (24279191100)",1,2,0,0
"Park, Hong-Shik (7601566090)",1,1,0,0
"Park, Hyunsun (56175684000)",1,3,0,0
"Park, Jaedeuk (35389519400)",1,2,0,0
"Park, Jaehyun (57196406278)",1,8,0,0
"Park, Jaesung (55716935200)",1,4,0,0
"Park, Jin-Hong (57372592800)",2,4,0,0
"Park, Jin-Soon (24476710500)",0,0,1,2
"Park, Jin-Woo (56996330900)",1,1,0,0
"Park, Jinwon (56471045700)",1,2,0,0
"Park, Jinwoong (57189299142)",1,2,0,0
"Park, Jong Woong (59982042800)",1,1,0,0
"Park, Jongjun (58297613400)",1,1,0,0
"Park, Joo-Yul (37023780900)",1,1,0,0
"Park, Joon Y. (8377767200)",0,0,2,28
"Park, Jung-Wook (34873006100)",2,4,0,0
"Park, Kyu-Hoon (57201077632)",1,1,0,0
"Park, Kyung-Joon (35220500600)",1,3,0,0
"Park, Minsoo (57224555775)",0,0,1,1
"Park, Musik (58027007400)",0,0,1,1
"Park, Sangmin (57190125915)",1,2,0,0
"Park, Sangsu (36093312300)",1,5,0,0
"Park, Seho (57216094607)",2,5,0,0
"Park, Sehyun (8901190100)",2,4,1,1
"Park, Seong-Su (7501838978)",1,1,0,0
"Park, Seonyeong (56097960800)",1,13,0,0
"Park, Seonyoung (56402112700)",1,1,0,0
"Park, Seunghee (36071518400)",0,0,1,1
"Park, Seunghyun (54780449000)",1,4,0,0
"Park, Soyeong (57214993674)",1,1,0,0
"Park, Stephen Youngjun (57201432897)",0,0,1,4
"Park, Sung-Bae (55717139600)",1,3,0,0
"Park, Sungjin (57188879264)",1,2,1,1
"Park, Sungkeun (58601486900)",0,0,1,25
"Park, Sunme (57214993696)",1,1,0,0
"Park, Tae Rim (23010145100)",2,11,0,0
"Park, Youn Cheol (7405375637)",1,1,0,0
"Park, Youngjo (55494400700)",1,12,0,0
"Parker, Benjamin (7202767039)",1,1,0,0
"Parker, Danny (55452982600)",0,0,1,2
"Parker, Danny S. (55452982600)",0,0,1,3
"Parker, Dominic P. (7403381650)",0,0,1,1
"Parker, Lynne E. (7202926415)",1,3,0,0
"Parkes, Jeremy (35093124200)",0,0,1,2
"Parkin, Ivan P. (56217400400)",1,4,0,0
"Parkins, Andrew (57221419733)",1,2,0,0
"Parkins, John R. (7004703788)",0,0,1,3
"Parkinson, J.B. (35750322000)",0,0,1,3
"Parkinson, Thomas (56017880100)",0,0,1,1
"Parkpoom, Suchao (12144398700)",0,0,1,3
"Parquette, William J. (57277147000)",1,1,0,0
"Parra, Alberto (57201273455)",1,3,0,0
"Parra, David (55747272400)",0,0,1,4
"Parrish, Bryony (57205441269)",0,0,1,8
"Parsekian, Ara W. (57188850251)",0,0,1,2
"Parsons, John E. (55432481700)",0,0,1,9
"Partridge, Ian (35799828600)",0,0,1,4
"Pasamontes, Manuel (15925746300)",1,1,0,0
"Pascual, Julio (55976307900)",1,3,1,1
"Pasdarshahri, Hadi (35791433600)",0,0,1,1
"Pashourtidou, Nicoletta (15840517500)",0,0,1,5
"Pasqual, Ajith (24463933200)",1,2,0,0
"Passerini, Stefano (7005453080)",1,1,0,0
"Passos da Cruz, Ricardo Alexandre (55964530500)",0,0,1,4
"Passow, Courtney N. (55487388000)",0,0,1,1
"Pasten, Cesar (37047565700)",0,0,1,5
"Pastero, Linda (6506425484)",1,1,0,0
"Patalano, Stanislao (8355841900)",0,0,1,1
"Patanothai, Aran (8622896900)",0,0,1,1
"Patel, Aadyasha (57465676400)",1,1,0,0
"Patel, Harsh (57645248700)",1,1,0,0
"Patel, Hiren (24822260800)",1,4,0,0
"Patel, M. (57216347218)",0,0,1,1
"Patel, Martin K. (57196079207)",0,0,2,29
"Patel, Rajesh N. (57201114533)",1,2,0,0
"Patel, Serena N. (57656416700)",0,0,1,2
"Patel, Sohum K. (57205469012)",0,0,1,1
"Patel, Y. (7102704171)",1,1,0,0
"Paterson, Greig (57213310878)",0,0,1,1
"Pathak, Nagendra Prasad (7005642176)",1,1,0,0
"Pathmanathan, Mehanathan (26422340000)",1,1,0,0
"Pati, Soumitra (57219389312)",1,1,0,0
"Patil, Parag G. (8063641500)",1,1,0,0
"Patil, R.N. (24329735500)",2,6,0,0
"Patil, S.B. (56392267500)",0,0,1,1
"Patil, S.L. (7402240188)",0,0,1,1
"Patra, S.C. (55107467500)",0,0,1,1
"Patrick, David L. (35993559900)",1,2,0,0
"Patro, Epari Ritesh (57202874559)",0,0,1,6
"Patsios, Charalampos (6504468972)",0,0,1,2
"Patt, Yale N. (7005836387)",2,5,0,0
"Pattanaik, Biren (57193605630)",0,0,1,1
"Patten, Kollin J. (6701507767)",1,2,0,0
"Pattipati, Krishna R. (7006476249)",1,4,0,0
"Pau, Giovanni (57201304014)",1,1,0,0
"Paudel, Subodh (54932909500)",0,0,1,1
"Paudyal, Basant R. (57189503938)",0,0,1,1
"Paul, Abhishek (55672287700)",0,0,2,4
"Paul, Anthony (7402490209)",0,0,1,5
"Paul, Mousumi (56779478500)",1,1,0,0
"Paul, Oliver (55144263300)",1,1,0,0
"Paul, Vince (57193068207)",1,1,0,0
"Paulsen, Thomas (57200031006)",0,0,1,3
"Paultre, Patrick (7003649221)",0,0,1,2
"Paulus, Moritz (35786637200)",0,0,1,27
"Paulus, Simon (57207598061)",0,0,1,1
"Paust, Nils (23980897900)",0,0,1,1
"Pavan, Alessandro Massi (57219351670)",1,2,1,1
"Pavan, Federico P. (16242409900)",1,16,0,0
"Pavan, P. (36055766500)",1,4,0,0
"Pavel Yurievich, Ilyushin (58114661200)",0,0,1,1
"Pavel, Sorin (24829614800)",1,1,0,0
"Pavese, Alessandro (26536370400)",1,1,0,0
"Pavian Eldi, Gian (59242237900)",1,1,0,0
"Paviet-Salomon, Yvanne (58900630000)",0,0,1,1
"Pavićević, Milutin (57444634100)",0,0,1,1
"Pavlidis, Nikolaos (57999617600)",1,1,0,0
"Pavlidou, Fotini-Niovi (7003647919)",1,1,0,0
"Pavlovic, J. (56354825300)",0,0,1,8
"Pavlovic, Jelica (56354825300)",0,0,1,12
"Pavone, Marco (12240587200)",1,2,0,0
"Pawletta, Thorsten (6506477908)",1,2,0,0
"Paz, Bruno (58643931300)",0,0,1,13
"Pazhoohesh, Mehdi (42062058100)",0,0,1,2
"Pazienza, Maria Grazia (55557837200)",0,0,1,2
"Peacock, A.D. (8703110600)",0,0,1,1
"Peacock, E. (33667838000)",0,0,1,14
"Peacock, Malcolm (58155542700)",0,0,1,3
"Pearce, J.M. (7402030722)",1,2,0,0
"Pearce, Joshua M. (7402030722)",1,7,2,7
"Pearlson, Matthew (55053346300)",0,0,1,1
"Pearson, Matthew (55702522055)",1,2,0,0
"Pearson, Peter J.G. (7202175731)",0,0,1,36
"Pearson, Simon (57890834100)",0,0,1,1
"Peccia, Jordan (6603601344)",0,0,1,2
"Pechlivanoglou, George (36698328100)",0,0,1,3
"Pecht, Michael G. (7102777145)",1,2,1,2
"Pedace, A. (55797459100)",0,0,1,2
"Pedersen, Eilif (35337514800)",1,1,0,0
"Pedersen, Linda (57198113483)",0,0,1,1
"Pedesseau, Laurent (23978454900)",0,0,1,1
"Pedram, Massoud (7007022348)",5,7,1,1
"Pedro, Hugo T.C. (11440966400)",2,7,3,9
"Pedroso-Galinato, Suzette (36930407000)",0,0,1,29
"Peduzzi, Emanuela (55341264700)",1,6,2,15
"Pegalajar Jiménez, María Del Carmen (57218224578)",0,0,1,4
"Pegg, Mark A. (57205845880)",0,0,1,1
"Pei, Gang (57217446251)",1,1,0,0
"Pei, Gen (7101981034)",1,1,0,0
"Pei, L.X. (8226937200)",1,7,0,0
"Pei, Ming (57219568068)",2,2,0,0
"Pei, Pucheng (57212341668)",1,1,0,0
"Pei, Shaoqian (57208261228)",1,1,0,0
"Pei, Wei (36752627200)",2,4,0,0
"Pei, Yan (57188720191)",1,1,0,0
"Peinke, Joachim (7004674392)",1,1,1,1
"Peiró-Signes, Angel (52564142600)",0,0,1,2
"Peixoto, Marco Antônio (54993598500)",0,0,1,1
"Pejanović, Goran (15923617200)",0,0,1,1
"Pejin, J. (12243786100)",0,0,1,1
"Pelaez, Silvana Ayala (57016777100)",1,5,1,3
"Pelekis, Sotiris (57208404521)",1,1,0,0
"Pelella, Francesco (57210128832)",0,0,1,1
"Pelgrum, Engbert (23968151600)",0,0,1,1
"Pelka, Sabine (57212477466)",0,0,1,1
"Pelland, Sophie (24475521300)",0,0,1,2
"Pelland, Sophie (56019069100)",1,1,1,5
"Pellegrino, Michele (16643679700)",1,1,0,0
"Pena-Bello, Alejandro (57194692880)",0,0,1,4
"Pendyala, Ram M. (7004030167)",1,2,1,3
"Penella, Maria Teresa (21934601800)",1,12,0,0
"Peng, Anbang (55354068300)",1,1,0,0
"Peng, Chao (57195284030)",1,2,0,0
"Peng, Chengkun (58994121500)",1,1,0,0
"Peng, Chenyang (57026813200)",1,1,0,0
"Peng, Chieh-Yu (54387200800)",0,0,1,1
"Peng, Daogang (55825711500)",2,3,0,0
"Peng, Feiyun (58498739700)",1,1,0,0
"Peng, Fenghua (58482164100)",1,1,0,0
"Peng, Haojin (58398232800)",1,1,0,0
"Peng, Hui (36083135200)",1,1,0,0
"Peng, J.C. (7401958799)",1,2,0,0
"Peng, Jian-chun (7401958799)",1,5,0,0
"Peng, Jiankun (55234344200)",0,0,1,1
"Peng, Jianxun (8986725700)",1,2,0,0
"Peng, Jieyang (57210166031)",2,2,0,0
"Peng, Jifeng (16053484800)",0,0,1,1
"Peng, Jinqing (55462174500)",1,1,0,0
"Peng, Jinye (9246837000)",1,2,0,0
"Peng, Jishen (8556263100)",2,2,0,0
"Peng, Jiwen (58627034300)",1,1,0,0
"Peng, Jun (57190751733)",1,1,0,0
"Peng, Kai (55366580600)",1,1,0,0
"Peng, Li (58242291800)",1,1,0,0
"Peng, Lian-Mao (59654076400)",1,2,0,0
"Peng, Limei (7201574271)",0,0,1,1
"Peng, Lingxi (22635807500)",1,2,0,0
"Peng, Long (59595374100)",1,1,0,0
"Peng, Lu (57191347678)",1,11,0,0
"Peng, Tao (57214366614)",1,1,0,0
"Peng, Tianyu (57698142800)",1,1,0,0
"Peng, Wen-Hsiao (7202994841)",1,1,0,0
"Peng, X.Y. (55337600100)",1,2,0,0
"Peng, Xiaokang (58725075300)",1,1,0,0
"Peng, Xiaolong (59838651500)",0,0,1,3
"Peng, Xiaotao (26032698800)",1,2,0,0
"Peng, Xiaowei (56559089000)",0,0,1,1
"Peng, Xiaoyan (36603226500)",1,1,0,0
"Peng, Xiongbin (56083142200)",1,1,0,0
"Peng, Yan (57211016162)",2,2,0,0
"Peng, Yidong (57223905811)",1,1,0,0
"Peng, Yinzhang (57214938941)",1,1,0,0
"Peng, Yong-Gang (15030189000)",1,1,0,0
"Peng, Yun (55531314900)",0,0,1,2
"Peng, Yuzhen (57194548892)",2,7,1,3
"Peng, Zheng (35590300200)",1,1,0,0
"Peng, Ziran (57194024982)",1,1,0,0
"Penhouet, David (54785199900)",3,3,0,0
"Penkovsky, Bogdan (55821610500)",1,2,0,0
"Pennisi, Cristian P. (6507024386)",1,2,0,0
"Pentland, Alex (7102755925)",1,2,1,3
"Pentsos, Vasileios (57478997600)",1,1,0,0
"Penuelas, Josep (7006747772)",0,0,1,1
"Peper, Soeren (55596990300)",0,0,1,4
"Percy, Steven D. (41461875100)",0,0,1,1
"Perdichizzi, A. (6701358425)",1,4,0,0
"Perea, Eugenio (24766658300)",1,1,0,0
"Perea-Moreno, Alberto-Jesus (57195267993)",0,0,1,2
"Pereira Rodrigues, Pedro (14024612500)",1,1,0,0
"Pereira, A. (57196047037)",0,0,1,1
"Pereira, B. (56970705800)",0,0,1,2
"Pereira, Derick Furquim (57195835817)",1,1,0,0
"Pereira, Enio B. (7202834249)",0,0,1,3
"Pereira, Enio Bueno (7202834249)",0,0,1,1
"Pereira, Fernando Lobo (57204767258)",1,1,0,0
"Pereira, Mariana (58507159600)",0,0,1,2
"Pereira, Rafael H. M. (55560595000)",0,0,1,3
"Pereira, Sara (57213214290)",1,1,0,0
"Pereira, Sérgio (56370372600)",0,0,1,2
"Perera, A.T.D. (7101685161)",1,4,0,0
"Perera, Maneesha (58654863800)",0,0,1,1
"Perez, Joshue (7403414696)",1,3,0,0
"Perez, Krystian X. (58831160600)",1,41,2,6
"Perez, Marc (57212615808)",0,0,1,4
"Perez, Marc J.R. (57212615808)",0,0,1,4
"Perez, Richard (7402543833)",0,0,1,4
"Perez-Laborda, Alejandro (55607256500)",0,0,1,5
"Perez-Maqueda, L.A. (7003860985)",0,0,1,1
"Perfumo, Cristian (25655232600)",1,2,0,0
"Pericàs, Miquel (35743631600)",1,1,0,0
"Perifanis, Vasileios (57224977889)",1,1,0,0
"Perin, Augusto Trintinaglia (57772978300)",1,1,0,0
"Perin, Giovanni (57337380600)",1,2,0,0
"Perinelli, Alessio (57202761000)",1,1,0,0
"Perino, Marco (7003473203)",1,1,0,0
"Perkins, Bradford (8875204500)",1,2,0,0
"Perkins, Greg (56204317600)",0,0,1,1
"Perna, A. (7102710782)",2,5,0,0
"Perna, Alessandra (7102710782)",1,1,0,0
"Pernía, Alberto M. (7004526757)",1,1,0,0
"Peronne, Oliver (56711297200)",0,0,1,3
"Perotto, A. (56641599100)",0,0,1,2
"Perotto, Alessandro (56641599100)",0,0,3,8
"Perpiña Castillo, Carolina (57221499160)",0,0,1,14
"Perraud, Jean (57052800600)",1,11,0,0
"Perri, Massimo (57193235641)",1,2,0,0
"Perrier, Patrick R. (57212876607)",0,0,1,5
"Perrone, Denis (11139922200)",1,1,1,1
"Persily, Andrew K. (6701803801)",0,0,1,1
"Persson, A. (59578677300)",1,1,0,0
"Persson, Henrik J. (56379689800)",1,1,0,0
"Persson, Kenneth M. (57534906700)",0,0,1,6
"Persson, M.-L. (10044635200)",0,0,1,3
"Perujo, Adolfo (55535699400)",0,0,1,23
"Perumal, B. (55838005400)",1,1,0,0
"Pervaiz, Saad (55631771500)",0,0,1,1
"Pervez, Zeeshan (25960972300)",1,1,0,0
"Perwez, Usama (56507522300)",0,0,1,4
"Pescini, E. (56024401400)",0,0,1,1
"Peskova, Monika (58622640400)",0,0,1,1
"Pessoa, Gustavo (59481552000)",0,0,1,2
"Pestana, Rui (24463790200)",0,0,1,1
"Pesty, Sylvie (23005999000)",1,2,0,0
"Peter, Cyril P. (7102079936)",1,1,0,0
"Peters, Anja (16031815400)",0,0,1,10
"Peters, Ian Marius (57216848097)",1,1,1,1
"Peters, Jörg (55705328900)",0,0,1,16
"Peters, Manfred (56210350800)",0,0,1,1
"Petersen, Anya (56542666300)",0,0,1,1
"Petersen, Lars Norbert (56071516300)",1,1,0,0
"Peterson, Erin (15045347500)",0,0,1,13
"Peterson, Jack L. (57195450784)",0,0,1,3
"Peterson, Sean D. (7202288175)",1,14,0,0
"Peterson, Steven O. (56312747000)",0,0,1,8
"Petipas, Floriane (55555368700)",1,1,1,2
"Petit, Salvador (8634755300)",1,2,0,0
"Petit-Boix, Anna (55923014500)",0,0,1,1
"Petitpas, Guillaume (23493368000)",0,0,1,1
"Petković, Dalibor (37461848600)",1,3,0,0
"Petoussis, Andreas G. (23668461300)",0,0,1,1
"Petracca, Matteo (15051028800)",1,1,0,0
"Petrauskas, Lautaro (57226821571)",1,2,0,0
"Petri, Ioan (36617625400)",0,0,1,5
"Petrichenko, L. (6603093123)",0,0,1,2
"Petrichenko, R. (42262707600)",0,0,1,2
"Petrini, Fabrizio (56236458000)",0,0,1,2
"Petrini, Francesco (57210554744)",1,1,0,0
"Petrollese, Mario (56030790300)",1,3,1,2
"Petrosanu, Dana-Mihaela (10144406300)",0,0,1,1
"Petrou, Giorgos (57195241064)",0,0,1,1
"Petrov, P. (57213952414)",1,2,0,0
"Petrov, Vitaly (55355230300)",1,1,0,0
"Petruzzi, L. (57210271462)",0,0,1,1
"Pettersson, Pär (58994013900)",1,1,0,0
"Petty, Melissa A. (55805116400)",0,0,1,2
"Petty, Susan (7007177122)",0,0,1,2
"Petzke, William (57216627982)",0,0,1,1
"Peyret, N. (36132199100)",0,0,1,1
"Peças Lopes, João A. (55851941323)",1,1,0,0
"Peña, Edgar (57203487765)",1,3,0,0
"Peña, Ivonne (56367767600)",0,0,1,2
"Pełka, Paweł (57193849658)",1,1,0,0
"Pfeffer, Peter (23009949200)",0,0,1,2
"Pfenninger, Stefan (55227867000)",0,0,1,1
"Phadke, Amol (24385959600)",0,0,2,16
"Pham, Anh-Duc (55651902400)",0,0,1,3
"Pham, Huyên (7201637855)",1,1,0,0
"Pham, M. (24344868900)",1,1,0,0
"Pham, Quoc-Viet (56884048100)",0,0,1,1
"Phan-Huy, Dinh-Thuy (36810323100)",1,1,0,0
"Phanomchoeng, Gridsada (16231396900)",1,1,0,0
"Phdungsilp, Aumnad (34870335700)",0,0,1,8
"Phelan, Patrick (7102833522)",1,2,1,1
"Phelan, Patrick E. (7102833522)",1,2,0,0
"Phelan, T. (55452452200)",0,0,1,4
"Philip, Bruce (36606802400)",1,1,0,0
"Philippi, Paulo Cesar (6603825612)",0,0,1,1
"Philis, Gaspard (57203410358)",0,0,1,7
"Phillips, Bren (7401447337)",0,0,1,1
"Phillips, Caleb (57208831715)",0,0,2,9
"Philpott, A.B. (7004057353)",0,0,1,1
"Phoumin, Han (23983233200)",0,0,1,1
"Phumaraphand, Napaporn (6504261180)",0,0,1,5
"Phung, Quoc Viet (15127621900)",1,1,0,0
"Phyu, Myint Wai (13404731100)",1,1,0,0
"Pianesi, Fabio (12241486300)",1,2,1,3
"Piani, C.B. (6603749138)",0,0,1,2
"Piao, Guangyuan (57188549978)",1,2,0,0
"Piao, Zhengguo (16305144000)",1,1,0,0
"Piasentin, Alberto (57208163343)",0,0,1,3
"Pican, E. (36969311900)",0,0,1,5
"Pichler, Anton (57216939319)",0,0,1,3
"Pichugina, Yelena (6506739319)",0,0,1,4
"Pickering, Samuel C.R. (8237956200)",1,1,0,0
"Pickert, Volker (6603195085)",0,0,1,3
"Picklesimer, David D. (6504694969)",0,0,1,3
"Pielke, Roger (35275565400)",0,0,1,34
"Pierfederici, Serge (6602568684)",2,3,0,0
"Pierini, Marco (16639396200)",0,0,1,3
"Pieron, Łukasz (57358270100)",0,0,1,1
"Pierro, M. (56009370400)",0,0,1,2
"Pierro, Marco (56009370400)",0,0,4,12
"Piette, Mary Ann (7005821900)",2,4,2,7
"Pietzcker, Robert (55056564200)",0,0,1,2
"Pigeon, Gregoire (8565596200)",0,0,1,8
"Piggott, M.D. (7102871137)",1,3,0,0
"Pignaton de Freitas, Edison (23476402500)",1,1,0,0
"Pihlflyckt, Jörgen (6507490220)",0,0,1,3
"Piketh, Stuart (7003899504)",0,0,1,2
"Pilard, Romain (22035925200)",1,4,0,0
"Pilawa-Podgurski, Robert C. N. (24483804300)",1,5,1,1
"Pillai, Jayakrishnan Radhakrishna (36651483000)",0,0,1,1
"Pillay, Pragasen (35577420700)",0,0,1,8
"Pillement, Sébastien (23092229400)",1,1,0,0
"Pilli-Sihvola, Karoliina (35330614800)",0,0,1,26
"Pilloni, Virginia (54585796700)",1,1,0,0
"Pilone, D. (6602785217)",1,28,0,0
"Pimentel da Silva, Gardenio Diogo (57202219164)",0,0,1,1
"Pimentel, Andy D. (7003566212)",1,3,0,0
"Pimm, Andrew J. (36502878500)",0,0,1,6
"Pina Moya, Javier (57193680027)",0,0,1,2
"Pina, André (26422446400)",0,0,1,1
"Pinar, Ali (7003898014)",0,0,1,2
"Pincetl, Stephanie (6603421815)",0,0,2,26
"Pinciroli, Luca (57218439408)",0,0,1,1
"Pindoriya, Naran M. (24537626100)",1,1,0,0
"Pinelli, Michele (7003720709)",0,0,1,1
"Pink, Sarah (7003587141)",0,0,1,12
"Pinson, P. (19337428700)",1,1,1,2
"Pinson, Pierre (19337428700)",10,20,13,25
"Pinto, Joaquim G. (58859358000)",0,0,1,3
"Pintér, Gábor (7005568349)",0,0,3,4
"Pinuel, L. (6507539974)",1,13,0,0
"Piontek, Tobias (58397606600)",1,2,0,0
"Pipattanasomporn, Manisa (6505891222)",2,4,1,1
"Piper, David M. (57206349911)",0,0,1,1
"Piraccini, Enrico (57209827155)",1,1,1,27
"Pirngruber, Gerhard D. (6701815995)",1,1,0,0
"Pirri, Candido Fabrizio (57208693413)",1,1,1,1
"Pisani, Cosimo (55370719100)",1,3,0,0
"Pisani, Mariagiovanna (36782919700)",1,2,0,0
"Piscitelli, Marco Savino (57117682400)",1,3,0,0
"Pisello, Anna Laura (54896291600)",0,0,2,4
"Pister, Kris (57200829627)",1,5,0,0
"Pistocchi, Alberto (14627573400)",1,1,2,42
"Pistochini, Theresa (10044398100)",0,0,1,4
"Pisu, Pierluigi (57206310268)",1,1,1,1
"Pitsillides, Andreas (56094640200)",1,1,0,0
"Pittam, James (56528271200)",0,0,1,1
"Pittarello, Marco (57347279600)",0,0,1,2
"Pitz-Paal, R. (55897757300)",1,2,1,6
"Pitz-Paal, Robert (55897757300)",1,1,0,0
"Piunti, Pierpaolo (55651147500)",1,1,0,0
"Piyarat, Wekin (56636287100)",1,2,0,0
"Pizarro, Consuelo (35732983700)",0,0,1,1
"Pizzolato, Alberto (56453483600)",1,3,0,0
"Piątek, Michał (57189574947)",0,0,1,1
"Pla, B. (23570935100)",0,0,1,3
"Pla, Benjamin (23570935100)",1,1,0,0
"Planamente, Mirco (57209601835)",0,0,1,1
"Plank, Barbara (36634645400)",0,0,1,5
"Platt, Glenn (56144971300)",3,5,0,0
"Platzer, Max F. (8080233900)",1,1,1,4
"Pless, Jacquelyn (55980870300)",0,0,1,2
"Pless, Shanti (13605492500)",0,0,1,1
"Plets, D. (24484169700)",0,0,1,1
"Plissonnier, M. (24470342100)",1,5,0,0
"Ploix, Stéphane (6602492062)",1,2,0,0
"Plonski, Patrick A. (36464218100)",1,1,0,0
"Plosila, Juha (6602248675)",1,2,0,0
"Ploskey, Gene R. (6602252769)",0,0,1,12
"Ploskić, Adnan (35218252600)",0,0,1,1
"Plouchart, J.-O. (7004072763)",1,1,0,0
"Pochetti, F. (56617650100)",0,0,1,3
"Pochetti, Fausto (56617650100)",0,0,1,1
"Poczeta, Katarzyna (56431122100)",1,1,0,0
"Poczta, Walenty (39861886600)",0,0,1,2
"Podhajny, Tatiana (57443740500)",1,1,0,0
"Podschwit, Harry (56221809700)",0,0,1,13
"Poganietz, Witold-Roger (6507044080)",0,0,1,1
"Poggi, Jean-Michel (6604099189)",2,3,0,0
"Poggi, P. (7005574339)",0,0,1,1
"Poggio, Alberto (23980861300)",0,0,1,2
"Pogoda, J.M. (7004709301)",1,1,0,0
"Pogson, Mark (23985505500)",0,0,1,3
"Poh, K.L. (7003872881)",0,0,1,1
"Poh, S.C. (7005181586)",1,11,0,0
"Pohekar, Sanjay D. (6602702983)",0,0,1,1
"Pohl, John H. (7101818644)",0,0,1,1
"Pointeau, Ingmar (6507022618)",0,0,1,1
"Poissant, Yves (8132004300)",0,0,2,3
"Pokharel, Shaligram (6701391379)",0,0,1,3
"Pokharel, Sugam (57225176257)",1,1,0,0
"Pokhrel, Rabindra (57190368696)",0,0,1,1
"Polagye, Brian L. (15766032000)",0,0,1,4
"Poledna, Sebastian (55757918300)",0,0,1,2
"Polemis, Michael L. (55408180700)",0,0,1,1
"Polepeddi, Lalith (36447760100)",0,0,1,2
"Poletti, Stephen (36908647500)",0,0,1,2
"Polit, Monique (6603407206)",0,0,1,1
"Politis, P. (56422036700)",0,0,1,1
"Poll, Gerhard (7005390601)",0,0,1,1
"Pollak, Artur (57218159499)",0,0,1,1
"Pollard, Andrew (55682655270)",0,0,1,6
"Pollin, Sofie (8601601500)",1,2,0,0
"Pollitt, Michael (57206180470)",0,0,1,9
"Polly, B. (54985615600)",0,0,1,1
"Polo, Jesús (35614161500)",2,2,0,0
"Polonara, Fabio (6603532607)",1,1,1,2
"Polonidis, Nektarios (57195467771)",0,0,1,1
"Polunichev, V.I. (6602646409)",0,0,1,4
"Pomilio, José Antenor (56783150200)",0,0,1,4
"Ponce-Ortega, José María (6506180301)",0,0,1,1
"Poncsák, Sándor (8718333600)",1,1,0,0
"Poniatowska-Jaksch, Małgorzata (57214028164)",0,0,1,1
"Ponkratov, Vadim (56490924200)",0,0,1,2
"Ponnet, Koen (6505804802)",0,0,1,1
"Pons, M.N. (55580668400)",0,0,1,5
"Pontes, Beatriz (15056515100)",0,0,1,1
"Poolla, Bala Kameshwar (57191613774)",1,1,0,0
"Poor, H. Vincent (55665272100)",2,2,0,0
"Pop, Claudia (56439186900)",0,0,1,1
"Pope, Kevin L. (7005811920)",0,0,1,1
"Popli, Nipun (54418999500)",1,3,1,6
"Poponi, Daniele (7801386190)",0,0,2,10
"Popova, E. (7202031873)",1,2,0,0
"Popovici, Emanuel M. (57223136665)",1,4,1,5
"Popović, Tomo (7006324784)",0,0,1,1
"Popovski, Eftim (57197744239)",0,0,1,2
"Porada, S. (40661861500)",1,1,0,0
"Porfiri, Maurizio (6701357619)",1,14,0,0
"Porkhial, S. (6507930087)",1,2,0,0
"Porter, Kevin (57206143222)",0,0,1,3
"Porter, Michael G. (56173443600)",0,0,1,1
"Portilla-Figueras, Antonio (12789659200)",0,0,1,2
"Portillo, C. (56531674600)",1,1,0,0
"Portnoi, Mark (57192707503)",1,4,0,0
"Porto, Marcelo (23398162600)",1,1,0,0
"Porwal, Deepak (57203780911)",0,0,1,1
"Porzio, Giacomo Filippo (39161938500)",1,1,1,2
"Poshtkouhi, Shahab (36509064100)",1,67,1,2
"Possenti, Andrea (7004864928)",1,6,0,0
"Pota, Hemanshu R. (7004130643)",1,1,0,0
"Potejana, Potejanasak (54785275900)",1,1,0,0
"Potter, Cameron W. (7202295147)",1,3,1,3
"Potthast, Roland (56597775000)",0,0,1,2
"Poulain, Martine (7102410859)",0,0,1,1
"Poulikakos, Dimos (7004546426)",1,3,0,0
"Poulsen, Niels Kjølstad (57188979379)",1,1,0,0
"Poulton, Geoff (7003443054)",2,4,0,0
"Poupat, Jean-Luc (55521771600)",1,1,0,0
"Pourdaryaei, Alireza (57191481016)",0,0,1,2
"Pourkargar, Davood B. (55322006500)",0,0,1,1
"Pourkashanian, M. (7004225021)",1,2,0,0
"Pourkashanian, Mohammed (7004225021)",0,0,1,26
"Pournamdari, Mostafa (12782739700)",0,0,1,1
"Powell, Jimmie (35105640000)",0,0,1,3
"Powell, Kody M. (51461952600)",1,1,1,1
"Powell, M. (7401872229)",0,0,1,1
"Powell, Michael (7401872229)",1,1,0,0
"Powell, Michael J. (55839956500)",1,4,0,0
"Powell, Siobhan (57217593801)",0,0,2,17
"Powell, W.B. (35567301200)",1,1,0,0
"Powell, Warren B. (35567301200)",0,0,1,1
"Powers, Susan E. (7203083084)",0,0,1,2
"Pozza, Alberto (57062420300)",1,1,0,0
"Pozzi, Michele (7007025575)",1,1,0,0
"Prades-Gil, C. (57225054346)",0,0,1,1
"Pradhan, Anish (57224485054)",0,0,1,1
"Prado, Francisco (57215083534)",1,1,0,0
"Prakash, Akshay (57195425934)",0,0,1,1
"Prakash, Anand Krishnan (57222877842)",0,0,2,2
"Prakash, K. Jeya (57195717091)",1,1,0,0
"Prakash, P. (55971770300)",1,1,1,2
"Prakash, Tapan (57191835617)",1,1,0,0
"Prakasvudhisarn, C. (6506277716)",0,0,1,1
"Pramanick, Sumit Kumar (56340375500)",1,2,0,0
"Prandini, Maria (7005942507)",1,1,0,0
"Praprost, Marlena (58238120600)",0,0,1,3
"Prasad, Abhnil A. (55154955700)",1,1,1,4
"Prasad, Ajay K. (7401882166)",1,2,0,0
"Prasad, Deo (7103271693)",1,1,0,0
"Prasad, Ravita D. (25923060900)",0,0,1,1
"Prasetia, Alex S. (57208015299)",1,1,0,0
"Prasher, Ravi (7004221271)",1,2,0,0
"Prasher, Ravi S. (7004221271)",1,2,0,0
"Prasianakis, Nikolaos I. (14069126200)",0,0,1,1
"Pratt, Annabelle (7102378476)",0,0,1,1
"Pratt, Jerry (7203084508)",1,1,0,0
"Pratt, Lawrence (36025806000)",1,2,2,2
"Pratte, Jean-Francois (6701359253)",1,1,0,0
"Pravettoni, M. (35196742400)",0,0,1,2
"Praxaysonbath, Bounthob (55764811500)",0,0,1,8
"Prem, Richard (57194108969)",0,0,1,2
"Prema, V. (56096780000)",1,2,0,0
"Premsankar, Gopika (57076872400)",1,2,0,0
"Prendergast, R. (58148144900)",0,0,1,1
"Prentice, Dale P. (57203385188)",0,0,1,1
"Preston, Eugene (55794807400)",0,0,1,8
"Preston, Nicholas (57204247403)",0,0,1,1
"Pretorius, Ilze (58444804400)",0,0,1,2
"Preuß, Sabine (57211285321)",0,0,1,1
"Preval, Nicholas (35772783000)",0,0,1,19
"Price, D.C. (55860800119)",1,2,0,0
"Price, Ilan (57205367596)",1,2,1,17
"Price, Lynn (7201882371)",0,0,1,10
"Price, Phillip N. (7402530647)",1,2,1,6
"Price, S. (16310865300)",0,0,1,4
"Prieto, Luis (55551282000)",0,0,1,2
"Prieto, M. (57192705150)",1,13,0,0
"Prieur, Laurent (56429197000)",0,0,1,2
"Primaditya, S. (56437681100)",0,0,1,1
"Prina, Matteo Giacomo (56893629600)",0,0,1,4
"Prinsloo, F.C. (57226674702)",0,0,1,1
"Pritoni, Marco (37023443800)",0,0,2,2
"Priyadarshi, Gaurav (55806907400)",0,0,1,1
"Priyanka, E.B. (57189575848)",1,1,0,0
"Proctor, Christopher M. (55641944300)",1,1,0,0
"Prodan, Ionela (36810177300)",1,4,0,0
"Prodanovic, Milan (6602877370)",1,1,0,0
"Prodanović, M. (6602877370)",1,1,1,1
"Prodic, Aleksandar (6602591951)",1,4,0,0
"Proedrou, Elisavet (57190007609)",0,0,1,1
"Proficz, Jerzy (6506900960)",1,1,0,0
"Proskurina, Svetlana (56730945300)",0,0,1,3
"Proto, Daniela (16048055800)",0,0,1,3
"Proudlove, Richard (57215877324)",0,0,1,2
"Proulx, Jean (35773690600)",0,0,1,2
"Provis, John L. (7004740665)",0,0,1,1
"Provornaya, I.V. (57195677216)",0,0,1,1
"Prucnal, Paul R. (7005259502)",1,86,1,2
"Prud'Homme, T. (39962156400)",1,2,0,0
"Prussi, Matteo (26536336500)",0,0,1,7
"Pryor, S.C. (7006219023)",1,3,2,9
"Prívara, Samuel (36188700100)",2,7,2,4
"Psaraftis, Harilaos N. (57119450500)",1,2,1,1
"Psarras, John (6701583211)",1,1,0,0
"Ptak, Aleksandra (55860280900)",0,0,1,1
"Ptasiński, Wojciech (57226293260)",0,0,1,1
"Pu, Chen (57222479138)",1,1,0,0
"Pu, Di (57196403283)",1,1,0,0
"Pu, Huayan (23061219100)",1,1,0,0
"Pu, Lingjun (55441386400)",1,3,0,0
"Pu, Shiping (57217176157)",1,1,0,0
"Pu, Yanru (57212494395)",0,0,1,1
"Pudjianto, Danny (16234891500)",1,1,1,14
"Pudlik, Martin (55734950000)",0,0,1,3
"Pugliatti, Paola (56150384000)",1,1,0,0
"Pugsley, Adrian (56973803700)",1,1,0,0
"Puig-Samper Naranjo, Gonzalo (57830677300)",0,0,1,5
"Puig-Vidal, M. (9639384600)",1,8,0,0
"Puigcorbé, J. (56632395700)",1,1,0,0
"Pujol, Anna Puig (37097828100)",0,0,1,2
"Pujol, Roger Escudé (36611576900)",0,0,1,2
"PukŠec, Tomislav (37028748800)",0,0,2,10
"Pukšec, Tomislav (37028748800)",0,0,1,4
"Puleo, Gian Luigi (16745214200)",1,4,0,0
"Pulido-Arcas, Jesús A. (55523356800)",0,0,1,1
"Pulliainen, Jouni (7005023087)",0,0,1,3
"Pullin, Rhys (35327669600)",1,2,0,0
"Pullinger, Martin (55916451300)",0,0,4,21
"Pullini, Antonio (22036156300)",1,1,1,1
"Pullumbi, Pluton (6602074548)",1,2,0,0
"Punch, Jeff (7005597228)",1,3,1,1
"Punia, Sanjeev Kumar (57210192596)",1,1,0,0
"Puntin, Daniele (25928676800)",1,1,0,0
"Puopolo, Michael G. (55820285100)",1,1,0,0
"Purcell, Karl (57217744961)",1,3,1,3
"Purohit, Pallav (53869452300)",0,0,1,4
"Purss, Matthew B.J. (6506521976)",0,0,1,1
"Purushotham, S. (57211015013)",1,3,0,0
"Purvins, A. (36703279100)",0,0,1,4
"Purvis, Michael R. I. (7005147277)",0,0,1,5
"Pushpalatha, R. (60092721600)",1,1,0,0
"Pusnik, Matevz (55447196100)",0,0,1,2
"Puthli, Meenal S. (8923670500)",1,2,0,0
"Putz, Dominik (57218552942)",1,1,0,0
"Puumalainen, Timo (6602882818)",0,0,1,1
"Puxeu, Miquel (55782119700)",1,3,0,0
"Puzio, Ewa (57204715635)",0,0,1,2
"Pylsy, Petri (25625590400)",0,0,1,1
"Pyrgou, A. (57189054758)",0,0,1,1
"Pérez, Carlos (57197136512)",0,0,1,1
"Pérez, Francisco (59829400100)",0,0,1,1
"Pérez, Gregorio Martínez (7203067256)",1,1,0,0
"Pérez-Andreu, Víctor (57215431119)",0,0,1,8
"Pérez-Arriaga, Ignacio J. (56678701900)",0,0,1,8
"Pérez-Chacón, R. (57188872180)",0,0,1,4
"Pérez-Díaz, Juan (25031513000)",0,0,1,15
"Pérez-Fargallo, Alexis (57188679660)",0,0,1,1
"Pérez-García, Julián (36890740700)",0,0,1,1
"Pérez-Sánchez, Modesto (57189579872)",1,2,0,0
"Pîrjan, Alexandru (55338533800)",0,0,1,1
"Pócs, István (57215422245)",0,0,1,2
"Póvoa, Pedro (57062372800)",1,1,0,0
"Pütterich, T. (9236581700)",1,1,0,0
"Păuna, Carmen Beatrice (52664063600)",0,0,1,1
"QIN, Zeyu (56375044700)",1,2,0,0
"Qadrdan, Meysam (24167276100)",2,2,1,1
"Qambar, Abdulaziz Sami (57816267700)",1,1,0,0
"Qandil, Mohammad (57204394037)",0,0,1,2
"Qayyum, Faiza (57225395084)",1,1,0,0
"Qazani, Mohammad Reza Chalak (56063579100)",1,2,0,0
"Qi, Baiyi (57212455422)",1,1,0,0
"Qi, Chu (57209274820)",1,1,0,0
"Qi, Deyu (13906686200)",1,1,0,0
"Qi, Dong-lian (7102278254)",1,1,0,0
"Qi, Hang (57202872609)",1,1,0,0
"Qi, He (57218340518)",1,1,0,0
"Qi, Jianguang (56591315300)",1,1,0,0
"Qi, Jun (57198485683)",1,3,0,0
"Qi, Qi (57894614700)",1,1,0,0
"Qi, Shanwei (57203855323)",1,1,0,0
"Qi, Wei (57200731190)",1,2,0,0
"Qi, Xiaoxia (57195059737)",1,1,0,0
"Qi, Xuewei (56514507100)",1,3,0,0
"Qi, Yongsheng (24403028100)",1,1,0,0
"Qi, Yueran (58031326000)",1,1,0,0
"Qi, Zengwei (55484695400)",1,2,0,0
"Qian, Bin (57209836776)",1,1,0,0
"Qian, Cheng (57255459200)",1,1,0,0
"Qian, Cheng (58154957800)",1,1,0,0
"Qian, Fanyue (57204979867)",0,0,1,1
"Qian, Feng (53663472900)",0,0,1,1
"Qian, Haiya (57198517406)",1,1,0,0
"Qian, He (57207182359)",2,2,0,0
"Qian, Jiahui (57751433200)",1,1,0,0
"Qian, Lijun (7202181924)",1,2,0,0
"Qian, Wuyong (26432211000)",1,1,0,0
"Qian, Xiaodong (57207765142)",0,0,1,2
"Qian, Yan (37018633400)",0,0,1,3
"Qian, Yu (58937839600)",1,2,0,0
"Qian, Yuwen (26026688400)",1,1,0,0
"Qian, Zheng (55513443100)",1,1,0,0
"Qian, Zhenyun (55987771500)",1,4,0,0
"Qiang, Biyao (57814871900)",1,2,0,0
"Qiao, Biao (57202076794)",1,1,0,0
"Qiao, Dongdong (57204423762)",1,1,0,0
"Qiao, Junlian (57209516795)",0,0,1,1
"Qiao, Qingyao (57219745555)",1,1,0,0
"Qiao, Shi Zhang (34875433700)",0,0,1,1
"Qiao, Wen (59577251600)",0,0,1,2
"Qiao, Yan-hui (57216324729)",1,2,0,0
"Qiao, Yongqiang (57200505018)",1,2,0,0
"Qiao, Zheng (57192813986)",0,0,1,1
"Qin, ChaoZhong (51864644800)",1,1,0,0
"Qin, Dian (57297202300)",1,2,0,0
"Qin, Guanghua (36835322900)",0,0,1,4
"Qin, Guangyu (57205627949)",1,1,0,0
"Qin, Guojin (57205272323)",1,1,0,0
"Qin, Hui (7203032122)",1,1,0,0
"Qin, Jiang (12239694000)",1,1,0,0
"Qin, Jing (35339855100)",1,1,0,0
"Qin, Liang (51564525200)",1,2,0,0
"Qin, Minghui (8682246100)",1,2,0,0
"Qin, Mingwei (54385968200)",1,1,0,0
"Qin, Qiong (57204533028)",1,1,0,0
"Qin, Rong (57203054538)",0,0,1,1
"Qin, Shuang (36163182400)",1,1,0,0
"Qin, Shuying (58204932300)",1,1,0,0
"Qin, Tao (58903281300)",0,0,1,1
"Qin, Tingxiang (58087499200)",1,1,0,0
"Qin, Tuanfa (7006292639)",1,1,0,0
"Qin, Xinghuan (57815623900)",1,1,0,0
"Qin, Yajie (8218924100)",1,2,0,0
"Qin, Yawei (55547541700)",1,1,0,0
"Qin, Yuan (57470417100)",1,1,0,0
"Qin, Yuhua (57216760746)",1,1,0,0
"Qing, Gu (56644308900)",1,8,1,1
"Qing, Xiangyun (21739683600)",1,1,0,0
"Qingyan, Fu (57215626255)",0,0,1,1
"Qiu, Bin (57203569737)",1,1,0,0
"Qiu, Changyu (57205645975)",1,1,0,0
"Qiu, Charlie (56028479300)",2,2,0,0
"Qiu, Chenguang (56202284200)",1,2,0,0
"Qiu, Feng (57204254242)",1,1,0,0
"Qiu, Huihe (55633099800)",1,1,0,0
"Qiu, Jian-Ning (57209833831)",1,2,0,0
"Qiu, Jifu (57218417398)",1,2,0,0
"Qiu, Jing (55846308000)",1,2,0,0
"Qiu, Jinhao (7403309907)",1,4,0,0
"Qiu, K. (8430810900)",0,0,1,1
"Qiu, Pengfei (35240793800)",1,1,0,0
"Qiu, Qingqing (57194011195)",1,1,0,0
"Qiu, Shaofeng (8369367800)",1,1,0,0
"Qiu, Shi (57223884220)",0,0,1,1
"Qiu, Shu (59228298900)",1,1,0,0
"Qiu, Suizheng (7202859018)",1,2,0,0
"Qiu, Tie (34971882000)",1,1,0,0
"Qiu, Weikang (59596508800)",1,2,0,0
"Qiu, Weiwei (57200091297)",1,1,0,0
"Qiu, Xihe (57201361694)",1,1,0,0
"Qiu, Xin (53871720500)",1,1,0,0
"Qiu, Xinyu (59441766800)",1,1,0,0
"Qiu, Xueheng (56532987100)",1,7,0,0
"Qiu, Xuesong (8716927300)",1,5,0,0
"Qiu, Yeliang (57205111205)",1,5,0,0
"Qiu, Yiwei (56571878900)",1,1,0,0
"Qiu, Yuehong (7403279699)",1,1,0,0
"Qiu, Yuhang (58928312200)",1,2,0,0
"Qoaider, Louy (26665111800)",0,0,1,3
"Qorbanian, Roozbeh (57193112819)",1,1,0,0
"Qu, Bogang (57216637189)",1,1,0,0
"Qu, Chun-Yan (57216505943)",1,1,0,0
"Qu, Ge (57219028425)",1,1,0,0
"Qu, Hongxue (59748093900)",1,2,0,0
"Qu, Jiaqi (57200727467)",1,1,0,0
"Qu, Na (57218528069)",1,2,0,0
"Qu, Qing (58775534800)",1,1,0,0
"Qu, Wanyuan (56110267100)",1,2,0,0
"Qu, Wenyu (8917789900)",1,1,0,0
"Qu, Xiaobo (55619321013)",3,3,1,1
"Qu, Xiuli (12239121300)",1,1,1,1
"Qu, Yao (57205194871)",1,3,0,0
"Qu, Zhi-Hui (57209689154)",0,0,1,3
"Qu, Zhiguo (7202671251)",4,4,0,0
"Qu, Zhijian (24174765300)",1,1,0,0
"Quan, Chao (58907882500)",1,1,0,0
"Quan, Hao (55338130100)",2,3,1,2
"Quan, Long (57211729860)",1,1,0,0
"Quan, Shuo (9634969300)",0,0,1,1
"Quan, Wei (57557689200)",1,1,0,0
"Quan, Yi (24315211500)",1,1,0,0
"Quang, Tran Ngoc (55246703100)",0,0,1,1
"Quaranta, Emanuele (56654998000)",0,0,1,15
"Quddus, Mohammad R. (36027017100)",1,2,0,0
"Queiroz, Guilherme de Castilho (35851287200)",0,0,1,4
"Quesada, Jesús Bas (57219794971)",1,15,1,1
"Quigley, Morgan (8597619400)",1,1,0,0
"Quilumba, Franklin L. (54420934600)",1,1,1,1
"Quint, Dov (57205266429)",0,0,1,2
"Quinte, Rebecca (56652237600)",1,2,0,0
"Quintero, Christian G.M. (59407946800)",0,0,1,1
"Quintero-Jiménez, P. (57219442281)",0,0,1,7
"Quintino, Tiago (57220007248)",0,0,1,1
"Quoilin, Sylvain (26632440800)",1,1,0,0
Qurat-Ul-Ain (57213753202),1,2,0,0
"Qureshi, Hassaan (16643746200)",1,1,0,0
"Qureshi, Hassaan Khaliq (16643746200)",1,1,0,0
"Qureshi, Nauman Khalid (57189601460)",0,0,1,1
"Qvist, Staffan A. (55416243700)",0,0,1,22
"Qyyum, Muhammad Abdul (57195568613)",0,0,1,2
"R, Choudhary (8253538700)",0,0,1,1
"R, Sreeraj (59308033100)",1,1,0,0
"Ra, Seon Jung (57912998100)",0,0,1,1
"Rabanillo, J. (37665784900)",1,1,0,0
"Rabe, Marcin (57206189185)",0,0,1,3
"Rabie, Mohammed (57219471832)",1,1,0,0
"Rabinowitz, Mario (56186641500)",0,0,1,1
"Rachmadi, Aditya (56419835800)",1,2,0,0
"Rachmatullah, C. (15136945100)",0,0,1,1
"Rachuri, Sudarsan (9279053800)",1,1,0,0
"Raciti, Steve M. (16481300400)",0,0,1,2
"Radebe, Thandiwe Bongani (57217361265)",0,0,1,1
"Radeka, Veljko (56230641400)",1,1,0,0
"Radford, Antony (7102332829)",0,0,1,6
"Radhakrishna, K.V. (7003438333)",0,0,1,3
"Radhakrishnan, Padmavathi (57211386693)",1,1,0,0
"Radhi, Hassan (23994445000)",0,0,1,1
"Radini, Serena (57221874299)",0,0,1,3
"Radivoniuk, Vincent (56429539500)",0,0,1,2
"Radjenović, Jelena (15841970500)",0,0,1,2
"Radojicic, Tijana (57197845669)",0,0,1,15
"Rados, K. (6603216480)",1,3,1,3
"Radovanović, Predrag (23668458400)",0,0,1,2
"Radwan, Ali (57188962945)",1,1,0,0
"Radwan, Amr Ahmed A. (40361402800)",1,2,0,0
"Rafaie, Mostafa (57191632235)",1,2,1,1
"Rafe, Ali (15835401200)",1,1,0,0
"Raffler, Clemens (57205632773)",0,0,1,1
"Raffo, Luigi (7003651730)",1,19,0,0
"Rafiei, Mehdi (57188689465)",0,0,1,1
"Rafiq, Hasan (56039477700)",1,1,0,0
"Rafique, Annum (57224585978)",1,1,0,0
"Rafique, Muhammad Waqas (60837293900)",1,2,0,0
"Rafizadeh, Nima (57201026899)",0,0,1,2
"Raghavan, R. (56354331100)",0,0,1,1
"Raghavan, Shuba V. (55171871400)",0,0,1,11
"Raghavendra, Ajay (57192807185)",0,0,1,2
"Ragupathy, Prakash (57576296600)",1,1,0,0
"Ragwitz, Mario (6603295116)",0,0,2,9
"Rahim, Nasrudin Abd. (57202054554)",1,1,1,1
"Rahimi, Amir M. (56484790700)",1,1,0,0
"Rahimi, Hamid Reza (35752427300)",0,0,1,1
"Rahimifar, Atefeh (57160472100)",1,1,0,0
"Rahman, Aowabin (57006007400)",2,4,0,0
"Rahman, Faidz Abd (57210423924)",1,7,0,0
"Rahman, M.Y.A. (55347217400)",1,1,0,0
"Rahman, Md Motiur (56424479900)",1,2,0,0
"Rahman, Md. Habibur (57217464368)",1,4,0,0
"Rahman, Md. Mizanur (56606358200)",0,0,1,2
"Rahman, Muhammad (56126113100)",0,0,1,3
"Rahman, Saifur (57194406794)",2,4,1,1
"Rahman, Taj (57214596936)",1,2,0,0
"Rahman, Tasmiat (56136586300)",1,2,0,0
"Rahmani, Amir (10639161100)",1,1,0,0
"Rahmani, Amir M. (24473367400)",1,1,0,0
"Rahmani, Amir Masoud (57204588830)",1,3,0,0
"Rahmani-Andebili, Mehdi (54419149600)",1,5,0,0
"Rahmann, C. (35090386600)",0,0,1,1
"Rahmat, Nur Azzammudin (55647163881)",1,2,0,0
"Rahmoune, F. (6506198718)",1,4,0,0
"Rahwan, Talal (10239828100)",1,1,0,0
"Rai, Raj K. (54783220200)",0,0,1,1
"Rai, Varun (55651316300)",0,0,1,7
"Rainey, Thomas (57201946766)",1,1,1,5
"Rajabdorri, Mohammad (57210460780)",1,2,0,0
"Rajabzadeh, Saeid (24467099200)",1,1,0,0
"Rajagopal, Ram (23493672100)",5,17,8,39
"Rajagopalan, Ashwin Kumar (57045641800)",1,1,1,2
"Rajagukguk, Rial A. (57224177391)",2,4,0,0
"Rajamony, Ram (6603613308)",1,27,1,1
"Rajapaksha, I. (6507254402)",0,0,1,2
"Rajaram, Vageeswar (57193123534)",1,4,0,0
"Rajasekar, Elangovan (36998794100)",0,0,1,1
"Rajasekaran, E. (56102430400)",0,0,1,2
"Rajasekharan, Jayaprakash (36161345400)",1,1,0,0
"Rajashekara, Kaushik (7003689055)",1,2,0,0
"Rajbhar, Manoj Kumar (58141183300)",1,1,0,0
"Rajendran, Arvind (23470894600)",1,1,1,2
"Rajendran, Bipin (24469154400)",1,3,0,0
"Rajendran, Karthik (55357640600)",0,0,1,12
"Rakha, H. (7004496780)",0,0,1,5
"Rakha, Hesham A. (7004496780)",0,0,1,2
"Rakhshandehroo, Gholam Reza (15726256500)",1,1,0,0
"Rakkwamsuk, P. (24174523800)",0,0,1,2
"Rakkwamsuk, Pattana (24174523800)",1,1,0,0
"Ralph, F.M. (7004091067)",0,0,1,4
"Ram, Manish (57203461343)",0,0,1,2
"Ram, R.J. (35517089700)",1,1,0,0
"Ramachandran, Bhuvaneswari (36651432100)",1,1,1,1
"Ramachandran, Palghat A. (7103239641)",1,1,0,0
"Ramadass, Balachandran (25825484700)",1,11,0,0
"Ramadhan, Raden A. A. (57223047300)",1,2,0,0
"Ramakrishna, Seeram (57205523298)",0,0,1,1
"Ramalho, Leonardo (57191963710)",1,8,0,0
"Ramamritham, Krithi (7005185245)",2,3,1,2
"Raman M R, Gauthama (57201902231)",0,0,1,2
"Ramana Murthy, M.V. (36981070800)",0,0,1,2
"Ramapragada, Pavan (58026184600)",0,0,1,1
"Ramasamy, Agileswari K. (16023154400)",1,2,0,0
"Ramasamy, Devarajan (26325891500)",0,0,1,2
"Rambo, A. Terry (6603713668)",0,0,1,1
"Ramchurn, Sarvapali D. (6603260372)",1,7,0,0
"Ramesh, B. (59899401500)",1,1,0,0
"Ramesh, S. (57197595481)",0,0,1,1
"Ramezani, M. (58119637400)",1,1,0,0
"Ramirez, A.D. (53865403200)",0,0,1,6
"Ramirez, Alex (7401734996)",1,3,0,0
"Ramirez, Jerome (56779405500)",1,1,1,5
"Ramirez-Rosado, Ignacio J. (6701657429)",1,2,2,2
"Ramon, J. (57208650204)",0,0,1,2
"Ramos, Alba (55436703400)",1,3,1,3
"Ramos, Helena M. (35568240000)",1,2,0,0
"Ramos, M. (57200143565)",0,0,1,1
"Rampley, Greg (23969505500)",0,0,1,26
"Ramya, K.C. (57132505200)",0,0,1,2
"Ramírez, Alex (7401734996)",1,2,0,0
"Ramírez, Andrea (57194845557)",0,0,1,4
"Ramírez-Beltran, Nazario D. (6603767484)",0,0,1,1
"Ramírez-Márquez, César (55965010800)",0,0,1,1
"Rana, A.S. (57191243637)",1,1,0,0
"Rana, Omer (7003659610)",1,1,0,0
"Rana, Rubi (7101742518)",0,0,1,2
"Ranade, Vivek V. (35584651900)",1,9,0,0
"Rancilio, Giuliano (57210463993)",2,3,0,0
"Rand, Peter W. (58925311800)",0,0,1,2
"Rane, Jayaraj (58055531900)",1,1,0,0
"Rane, Vismay (58888631000)",0,0,1,1
"Ranganathan, Nagarajan (7007185106)",1,1,0,0
"Ranganathan, Parthasarathy (16246424900)",0,0,1,1
"Rangarajan, Shriram Srinivasarangan (7005139322)",0,0,1,1
"Rangel-Jurado, Nicolás (57388604500)",0,0,1,8
"Ranjbar, Seyed Faramarz (26659240000)",0,0,1,4
"Rao, Congjun (15019842300)",0,0,1,1
"Rao, Gyaneshwar (24081277000)",0,0,1,7
"Rao, Jiwu (7402367610)",1,1,0,0
"Rao, Narasimha D. (55099147100)",0,0,1,7
"Rao, Prakash (55974369800)",0,0,1,2
"Rao, Ramesh R. (55728959400)",1,6,0,0
"Rao, Ravishankar (16073715400)",1,2,0,0
"Rao, Sameer R. (55928916700)",1,3,0,0
"Rao, Shrisha (57206243517)",1,4,0,0
"Rao, Wei (57190387702)",1,1,0,0
"Rao, Zhenghua (26665009400)",0,0,1,2
"Raoult, Baudouin (15319601100)",0,0,1,1
"Raoux, Simone (15822942100)",1,120,0,0
"Rapanos, Vassilis T. (6507717433)",0,0,1,1
"Rapport, Joshua L. (26423272100)",0,0,1,3
"Rasera, Nicola (57195954827)",1,1,0,0
"Rasheed, Muhammad Babar (56564996000)",1,1,0,0
"Rashid, Mudassir M. (59813641000)",1,6,0,0
"Rashidi, Hamed (43762148000)",1,1,0,0
"Rashin, Nabeel (57201300991)",1,1,0,0
"Rashwan, Ahmed (57865570600)",0,0,1,1
"Rasku, Topi (57192933083)",0,0,1,1
"Raslan, Rokia (35956865000)",0,0,1,4
"Rasmussen, D.J. (59874200200)",0,0,1,5
"Rasooli Sharabiani, Vali (25621962100)",1,1,0,0
"Rasooli, Arash (57188725573)",0,0,1,1
"Rasouli, Mohammad (23052465900)",0,0,1,3
"Rastad, Mahdi (14120257700)",1,4,0,0
"Rastegar, Mohammad (24802318500)",0,0,1,1
"Rastegarnia, Amir (24776593100)",1,1,0,0
"Rastgoo, Razieh (56898987300)",1,1,0,0
"Rastogi, Deeksha (57002952200)",0,0,1,8
"Rasul, M.G. (6603918185)",1,1,0,0
"Rathgeber, S.K. (56858675500)",1,1,0,0
"Rathnayake, K.D.I.S. (57818729300)",1,1,0,0
"Rathod, Dhruvang (57194009508)",1,1,0,0
"Rathod, Virendra K. (8923670300)",1,2,0,0
"Rathore, Rajkumar Singh (35226782700)",1,1,0,0
"Ratih, M.S. (58299806400)",0,0,1,1
"Rau, U. (7006723282)",0,0,1,1
"Raucci, Guilherme Silva (36242539000)",0,0,1,8
"Rauch, Reinhard (56240205300)",1,4,1,2
"Rauf, Shoaib (56539542900)",1,1,0,0
"Rauh, Alexander (16527549100)",1,1,0,0
"Rautenbach, H. (23089227200)",0,0,1,1
"Rautiainen, Antti (9042372400)",0,0,1,1
"Ravazzolo, Francesco (25825535500)",1,1,1,1
"Ravel, Benoît (57218905934)",0,0,1,3
"Ravelli, S. (22986381700)",1,4,0,0
"Rawal, Rajan (55504010600)",0,0,1,1
"Rawat, Danda B. (24725483600)",1,4,0,0
"Ray, Allison E. (7401641551)",0,0,1,1
"Rayappan, John Bosco Balaguru (57212653754)",1,2,0,0
"Rayes, Ammar (7004857540)",2,2,1,1
"Rayhana, Rakiba (57189519206)",1,1,0,0
"Raymond, Jasmin (7402362854)",0,0,1,1
"Rayner, Jeremy (7103257519)",0,0,1,1
"Raza, Muhammad Yousaf (57207256013)",0,0,1,1
"Razack, Siddique Ali K. (6602409528)",1,1,0,0
"Razavi, Behzad (57203496894)",1,1,0,0
"Razavi, Rouzbeh (59838618200)",0,0,1,1
"Razavi, Seyed Mohammad Ali (14058852900)",1,1,0,0
"Razavi, Zohreh (25628637000)",0,0,1,2
"Razban, Ali (57202511592)",2,3,0,0
"Razman, Muhammad Rizal (35410239300)",0,0,1,2
"Razmara, M. (56131475400)",1,40,0,0
"Razmi, Darioush (57779990700)",0,0,1,1
"Razon, Benjamin (55151501600)",1,3,1,1
"Razykov, T.M. (6701482222)",1,2,1,5
"Razzaghi, Reza (37006895800)",1,1,0,0
"Read, Jesse (55200513300)",1,1,0,0
"Reale, Erik R. (57192913229)",1,2,0,0
"Reames, Tony G. (56037310100)",0,0,1,18
"Reames, Tony Gerard (56037310100)",0,0,1,16
"Rebours, Céline (55247994100)",0,0,1,7
"Recas, Joaquín (6504004245)",1,1,0,0
"Rech, Bernd (56216991600)",1,2,0,0
"Reddy, B. Sudhakara (58326101600)",0,0,1,1
"Reddy, Basireddy Karunakar (56451139600)",1,6,1,1
"Reddy, K.J. (7402391242)",0,0,1,1
"Reddy, Ramana G. (7202835152)",1,1,0,0
"Reddy, S. Surender (58897438800)",0,0,1,3
"Reddy, Shivani (58729334100)",0,0,1,1
"Redmond, James M. (7103255862)",1,1,0,0
"Redondo, J.L. (35206862500)",1,3,1,1
"Redondo, Juana López (35206862500)",1,2,0,0
"Reed, Gregory F. (7201361277)",0,0,1,2
"Reed, R.C. (7401921636)",1,1,0,0
"Rees, Simon J. (7103148081)",0,0,1,1
"Reese, Michael (56694174200)",0,0,1,1
"Refa Alotaibi, Sultan (59521984700)",1,1,0,0
"Refaat, Shady S. (24081480400)",1,1,1,1
"Rega, Andrea (57209912700)",0,0,1,1
"Rege, Sameer (55750498400)",0,0,1,6
"Reggio, Federico (57195589227)",1,3,0,0
"Reguero, Álvaro Domingo (59301506600)",0,0,1,2
"Rehfeldt, Matthias (57195982880)",0,0,1,27
"Rehm, Torsten (57079846500)",2,3,0,0
"Rehman, Abdul (60002611400)",1,1,0,0
"Rehman, Fahad (55362381000)",0,0,1,1
"Rehme, Jakob (15760639600)",0,0,1,1
"Reichelstein, Stefan (6602855585)",0,0,1,3
"Reichert, Mathis (57202656819)",1,4,0,0
"Reichhold, Alexander (6603188404)",1,4,1,2
"Reichl, Johannes (24554530800)",0,0,1,1
"Reig, A. (56100192500)",0,0,1,3
"Reilly, John (7402155795)",0,0,1,27
"Reilly, John M. (7402155795)",0,0,2,10
"Reilly-Moman, Jessica (57197843637)",0,0,1,15
"Reindl, Thomas (6603154919)",0,0,2,2
"Reiner, David M. (7006691478)",0,0,1,1
"Reiner, Michael A. (57201029944)",0,0,1,18
"Reinhardt, B. (55383156000)",1,2,1,6
"Reinhart, Christoph (7004974696)",0,0,2,5
"Reinhart, Christoph F. (7004974696)",0,0,2,3
"Reinholdt, L. (55929123500)",1,1,1,6
"Reininghaus, Nies (56023914300)",1,2,0,0
"Reis, Alessandra C. (57225762296)",0,0,1,5
"Reis, Manuel J. C. S. (7102676391)",1,1,0,0
"Reis, Marisa (57191254609)",1,1,0,0
"Reise, Christian (6505913116)",0,0,1,3
"Reisel, John R. (7003843647)",0,0,1,2
"Reiter, D. (7004342554)",0,0,1,1
"Reiter, Matthew (56432262000)",0,0,1,27
"Reiter, Sigrid (36570883500)",0,0,2,3
"Reiß, Johann (55763252000)",0,0,1,2
"Rejeb, Oussama (56403392700)",1,1,0,0
"Relihan, L. (36195058200)",0,0,1,6
"Remache, L. (36543183800)",1,6,0,0
"Remeli, Muhammad Fairuz (54394052500)",1,1,1,1
"Remscrim, Zachary (36086563700)",1,1,0,0
"Ren, Changzai (57194537460)",1,1,0,0
"Ren, Chao (36931090200)",0,0,1,2
"Ren, Chen (57200033383)",3,5,0,0
"Ren, Fang (56828670100)",1,1,0,0
"Ren, Fuqiang (57192203646)",1,1,0,0
"Ren, Hao (57191168806)",1,1,0,0
"Ren, Haoshan (57196148809)",0,0,1,1
"Ren, Hui (7202793728)",1,1,0,0
"Ren, Jie (57693988600)",0,0,1,1
"Ren, Jing (58594885900)",0,0,1,2
"Ren, Jinge (60331720700)",1,1,0,0
"Ren, Jingzheng (35220394000)",1,2,1,1
"Ren, Junxue (55449377400)",1,2,0,0
"Ren, Junyan (7403083305)",1,1,0,0
"Ren, Kezheng (57893757400)",1,1,0,0
"Ren, Liehui (35311912000)",1,1,0,0
"Ren, Lijun (15066065900)",0,0,1,15
"Ren, Nan-Qi (7004987612)",1,1,0,0
"Ren, Qirui (57222577012)",1,2,0,0
"Ren, Quance (58572623900)",1,1,0,0
"Ren, Shan (55157931500)",1,1,0,0
"Ren, Shaolei (24773942300)",2,3,0,0
"Ren, Shuhang (26530670100)",1,1,0,0
"Ren, Tao (58371089000)",1,1,0,0
"Ren, Wanwan (59001553000)",1,1,0,0
"Ren, X. (54890470300)",0,0,1,6
"Ren, Xiaohua (54880082800)",1,1,0,0
"Ren, Xingang (56412328200)",1,1,0,0
"Ren, Yaxing (56126493700)",0,0,1,1
"Ren, Ye (36444934000)",1,7,0,0
"Ren, Yifei (57226194840)",1,3,0,0
"Ren, Zelong (59188589100)",1,1,0,0
"Ren, Zhengen (55472982200)",0,0,3,7
"Ren, Zhi (15726150900)",1,1,0,0
"Ren, Zhifeng (7402408354)",1,3,0,0
"Renaldi, Renaldi (55791913400)",0,0,1,2
"Renato, Natalia dos Santos (56010845100)",1,1,0,0
"Renaud, F. (35173676500)",0,0,1,1
"Renaud, O. (6602832344)",1,3,0,0
"Renaudier, Jeremie (9042061600)",0,0,1,1
"Renault, Alfredo (57193013883)",0,0,1,2
"Reneses, Javier (8905210000)",0,0,1,1
"Renga, Daniela (24399720800)",0,0,2,2
"Rennels, Lisa (57192941748)",0,0,1,3
"Renner, Ansel (57191612990)",0,0,1,3
"Rennhofer, Marcus (9244605100)",0,0,1,1
"Rennie, Anthony J.R. (36659736800)",0,0,1,2
"Renno, Jamil M. (16417703500)",1,4,0,0
"Renné, D. (6603940382)",1,2,1,6
"Rentziou, Aikaterini (37011564900)",0,0,1,23
"Renuga, M. (57213879139)",1,1,0,0
"Resalati, Shahaboddin (57173275700)",1,1,1,3
"Resende, Michael de Oliveira (57193732295)",1,1,0,0
"Restivo, Y. (56148675100)",1,3,0,0
"Rethinagiri, Santhosh (54684770800)",1,3,0,0
"Rettner, Charles T. (7004142426)",1,120,0,0
"Reul, J. (57207110716)",0,0,1,1
"Reuter, Andreas (50262910300)",0,0,1,1
"Reutter, Kornelius (57368402800)",0,0,1,1
"Reuß, M. (56865697700)",0,0,1,1
"Revel, Gian Marco (55551950400)",1,1,0,0
"Revenga, Carmen (7801369671)",0,0,1,3
"Revilloud, Marc (52464346000)",1,1,0,0
"Reviriego, P. (19639262200)",1,1,0,0
"Rey, Sergio J. (36198762700)",0,0,1,3
"Reyers, Mark (16444579500)",0,0,1,3
"Reyes-Bozo, Lorenzo (23482573200)",0,0,1,2
"Reyhani, Nima (8927599600)",1,2,1,2
"Reyhani-Masoleh, Arash (6602467181)",2,3,0,0
"Reyna, Janet (55927494900)",0,0,1,10
"Reyna, Janet L. (55927494900)",0,0,1,3
"Reynaert, Patrick (6602659893)",1,3,0,0
"Reynolds, Anthony (7201478366)",0,0,1,1
"Reynolds, D.J. (7401431655)",1,4,0,0
"Reynolds, D.W. (7401431704)",0,0,1,4
"Reynolds, Jonathan (57191851444)",0,0,1,1
"Rezaei, Mostafa (56417286100)",0,0,1,1
"Rezaeizadeh, Amin (56816966200)",0,0,1,1
"Rezgui, Y. (6701829347)",0,0,1,11
"Rezgui, Yacine (6701829347)",2,4,2,6
"Rezmer, Jacek (6506393862)",1,1,0,0
"Rhee, Wonjong (57201527562)",1,1,0,0
"Rheinländer, Jürgen (56633120500)",0,0,1,1
"Rho, Seungmin (10738984000)",2,2,0,0
"Rhodes, Joshua D. (50262874100)",2,42,1,2
"Riaz, Amjad (50262852200)",0,0,1,2
"Riaz, Hassan (57204356759)",0,0,1,1
"Riaz, Muhammad Hussnain (57210692130)",0,0,1,2
"Riaz, Muhammad Sajid (57210119961)",1,1,0,0
"Riaz, Naveel (16507387000)",1,1,0,0
"Ribberink, H. (31067449000)",0,0,1,1
"Ribeiro, Andrea Maria N. C. (57205231484)",0,0,1,2
"Ribeiro, Fernando (59288431600)",0,0,1,1
"Ribeiro, José Luis Duarte (57953325300)",0,0,2,2
"Ribeiro, Mateus Gheorghe de Castro (57205548243)",1,2,0,0
"Ribeiro, Mauro (57189349195)",1,4,0,0
"Ribeiro, Vitor Miguel (57192095309)",1,1,0,0
"Ricard, Florencia (56704909000)",0,0,2,3
"Ricci, Alessio (56785196900)",0,0,1,1
"Ricci, Bárbara Caroline (56305640700)",0,0,1,1
"Ricci, Leonardo (7007055614)",1,1,0,0
"Richard, Cédric (7202302253)",2,2,0,0
"Richards, Bryce S. (7202100275)",1,1,0,0
"Richards, Cecilia D. (13005242100)",1,25,0,0
"Richards, Robert F. (7402037395)",1,25,0,0
"Richards, Russell G. (22981340500)",0,0,1,1
"Richardson, Walter (7202852564)",1,2,0,0
"Richey, Jeffrey E. (7006589757)",0,0,1,15
"Richman, Russell (14629584900)",0,0,1,1
"Richmond, Jennifer (57202421271)",0,0,1,1
"Richmond, Marshall C. (7103240331)",1,2,1,2
"Richstein, Jörn C. (55984901600)",0,0,1,2
"Richter, Max (57196729190)",0,0,1,2
"Rick, Rodney (57729425200)",1,1,0,0
"Rico-Ramírez, V. (6603796061)",1,1,0,0
"Rico-Ramírez, Vicente (6603796061)",1,1,0,0
"Ridao Carlini, Miguel Ángel (6603907087)",0,0,1,1
"Ridley, I. (6602649468)",0,0,1,1
"Ridley, Ian (6602649468)",0,0,1,4
"Ridluan, Artit (24333236100)",1,3,0,0
"Ridolfi, Matteo (57193089591)",1,1,0,0
"Ridwan, Wanie M. (57218502036)",0,0,1,1
"Riedel-Lyngskær, Nicholas C. (57776706200)",0,0,1,1
"Riederer, P. (7202329915)",1,1,0,0
"Rieger, Alexander (57190400303)",0,0,1,2
"Riemer, Matia (57542608500)",0,0,1,2
"Riera, Jordi (7102505040)",1,2,0,0
"Rieradevall, Joan (6508022118)",0,0,1,1
"Riet, Muriel (6603829756)",0,0,1,1
"Rietman, B.M. (8076790200)",1,5,0,0
"Rieß, Benedikt (57195031606)",1,1,0,0
"Rifki, Muhammadiya (57223334420)",1,2,0,0
"Righetti, Maurizio (9844844600)",1,1,0,0
"Rigter, Jasper (36521581300)",0,0,1,4
"Rijkers, Fieke A.M. (7801419634)",0,0,1,4
"Rikhtehgar, Pouya (57210576089)",1,1,0,0
"Rikos, Evangelos (6503984190)",1,2,1,3
"Riley, Paul H. (13405180400)",0,0,1,3
"Rimpel, Aaron M. (24176288700)",1,1,0,0
"Rinaldi, Matteo (34979358600)",1,4,0,0
"Rinaldi, Roberto (7101680610)",1,2,0,0
"Rinaldi, T. (56993199500)",1,2,0,0
"Rinchumphu, Damrongsak (57219602276)",0,0,1,1
"Rineiski, Andrei (55907158400)",0,0,1,1
"Ring, Arik (14720096200)",1,6,1,2
"Ringelman, Kevin M (57193514836)",0,0,1,2
"Ringler, Claudia (6603403564)",0,0,1,38
"Ringwood, J.V. (6603725188)",1,1,0,0
"Ringwood, John V. (6603725188)",1,1,1,9
"Rinne, Erkka (57190189566)",0,0,1,1
"Rinne, Sonja (57212409479)",0,0,1,2
"Rios Perez, Carlos A. (36091802300)",1,3,0,0
"Ripa, Maddalena (55579395900)",0,0,1,2
"Riquelme, José C. (57219716128)",2,3,2,2
"Riquelme-Santos, Jesús M. (19337597300)",1,2,0,0
"Risbeck, Michael J. (56820245400)",1,22,0,0
"Risch, L. (7003604507)",0,0,1,1
"Rismanchi, B. (23025790000)",0,0,1,1
"Rissanen, S. (6701809654)",0,0,1,2
"Ristovski, Zoran (58005245200)",1,1,1,5
"Rita, Rui (57200449339)",0,0,1,2
"Ritari, Antti (57205103881)",1,1,1,1
"Ritchie, Ewen (7005804813)",0,0,1,1
"Ritchie, Justin (54793476600)",0,0,1,34
"Ritchie, M.J. (57209450504)",0,0,1,1
"Ritesh Patro, Epari (57202874559)",0,0,1,15
"Ritter, Andreas (57614933500)",1,2,0,0
"Ritter, Bodo (7005496842)",0,0,1,2
"Rivard, Hugues (6602812352)",1,2,0,0
"Rivela, B. (6505917224)",0,0,1,6
"Rivera, Marco (35230846600)",2,3,4,12
"Rivera, W. (7004387406)",1,1,0,0
"Rivera-González, Luis (57211323350)",0,0,1,1
"Rivers, Nic (8527648700)",0,0,1,5
"Rivoire, Suzanne (18038188300)",0,0,1,1
"Rix, A.J. (22433481800)",0,0,1,1
"Rizo, Carlos (57204266048)",1,1,0,0
"Rizo, Ramón (8977804500)",1,1,0,0
"Rizwan, Atif (57224192910)",1,1,0,0
"Rizzello, Gianluca (55970038200)",1,1,0,0
"Rizzi, Antonello (7101771404)",1,2,0,0
"Rizzi, G. (55319192600)",1,1,0,0
"Rizzo, Francesco (36724216500)",1,5,0,0
"Rizzo, Gianfranco (24361263900)",0,0,1,1
"Rizzolo, Andrea (25930556600)",1,1,0,0
"Rizzoni, Giorgio (7103076725)",3,6,2,4
"Roaf, Sue (6602375334)",0,0,1,1
"Roald, Line (55968318100)",0,0,1,4
"Robba, Michela (7004979187)",2,2,0,0
"Roberts, Jesse D. (56925832200)",0,0,1,2
"Roberts, Jordan C. (22836242800)",1,1,0,0
"Roberts, Kenneth (55215902900)",1,1,0,0
"Roberts, Matthew B. (56542325500)",1,6,0,0
"Roberts, Matthew C. (8560693400)",0,0,1,3
"Roberts, William L. (55472353100)",1,3,0,0
"Robertson, Bryson (56252010800)",0,0,1,1
"Robertson, Bryson R.D. (56252010800)",0,0,1,2
"Robinius, M. (56527348500)",0,0,1,1
"Robinius, Martin (56527348500)",0,0,1,1
"Robins, P.E. (56652418200)",0,0,1,1
"Robins, Peter (56652418200)",0,0,1,1
"Robinson, Caleb (57193617558)",1,2,1,3
"Robinson, Darren (10242784500)",0,0,2,3
"Robinson, John (7405864912)",0,0,1,3
"Robinson, Melvin D. (55957022400)",1,4,0,0
"Robinson, Patrick J. (36026876400)",1,1,0,0
"Robinson, Scott A. (55650932300)",0,0,1,7
"Robles-Gómez, Antonio (15019678600)",1,1,0,0
"Robu, Valentin (7801673281)",0,0,1,1
"Robèrt, Markus (7202431942)",0,0,1,2
"Roca, Francesco (35547879200)",1,1,0,0
"Roca, Lidia (23467603800)",0,0,1,1
"Rocco, Matteo Vincenzo (56241631100)",0,0,1,2
"Rocco, V. (7005335354)",1,10,0,0
"Roccotelli, Michele (56444330100)",1,1,0,0
"Rocha Souza, Leonardo (15841891400)",0,0,1,3
"Rocha, A. (7102196528)",0,0,2,3
"Rocha, Helder R.O. (55848737000)",0,0,1,1
"Rocha-Meneses, Lisandra (57194285359)",0,0,1,1
"Rochau, G.E. (7004201887)",1,1,0,0
"Rochelle, Gary T. (7004974338)",1,2,1,1
"Rock, Daniel (57225962751)",0,0,1,152
"Rocklin, Matthew (36722523800)",1,2,0,0
"Rockwell, Robert F. (7004389079)",0,0,1,2
"Roda, Vicente (36523926300)",1,2,0,0
"Roda-Sanchez, Luis (57202112308)",1,2,0,0
"Rodas, Jorge (55928919100)",0,0,2,7
"Rodat, Sylvain (25228156100)",1,5,0,0
"Roddy, Dermot J. (25643775900)",0,0,1,1
"Rode, Carsten (35993069300)",0,0,1,2
"Rode, K.D. (6602525077)",0,0,1,14
"Rodgers, Mark D. (56361862200)",0,0,1,2
"Rodgers, Michael (57210229338)",0,0,1,2
"Rodgers, Peter (7102858761)",1,2,1,2
"Rodkey, Nathan (57192295983)",1,3,0,0
"Rodoni, Lucio (6602321397)",1,14,0,0
"Rodoplu, Volkan (6602651842)",2,2,0,0
"Rodoshi, Rehenuma Tasnim (57216751990)",1,1,0,0
"Rodrigues, C. (57191856315)",0,0,1,1
"Rodrigues, Iago Richard (57219899925)",0,0,1,2
"Rodrigues, Joel J. P. C. (25930566300)",1,1,0,0
"Rodrigues, João (57224607659)",1,1,0,0
"Rodrigues, Luís (55051247900)",0,0,1,2
"Rodrigues, Paulo Canas (7102639673)",0,0,1,1
"Rodriguez Ruiz, Javier (57062839000)",0,0,1,3
"Rodriguez, F.C. (57217277501)",1,13,0,0
"Rodriguez, Jose (57203271100)",4,6,2,2
"Rodriguez, R.A. (55837254200)",0,0,1,5
"Rodriguez-Lopez, Carlos A. (57222061835)",1,2,0,0
"Rodriguez-Lozano, David (23097473700)",1,3,0,0
"Rodriguez-Rey, Pablo (57205441271)",0,0,1,1
"Rodríguez Díaz, Juan Antonio (8551332200)",0,0,1,1
"Rodríguez Mayor, Lourdes (57208794497)",0,0,1,2
"Rodríguez, Alejandro (7403543698)",0,0,1,1
"Rodríguez, F. (56255739500)",1,1,1,2
"Rodríguez, Fermín (57201492164)",0,0,1,1
"Rodríguez, M.A. (7404259571)",1,1,0,0
"Rodríguez, Rubén González (57216843558)",0,0,1,1
"Rodríguez-Gallegos, Carlos D. (57193016352)",1,1,2,2
"Rodríguez-Pérez, Miguel Ángel (7006015071)",1,2,0,0
"Roeb, Martin (6507033957)",2,3,1,1
"Roesch, Roland (36683099000)",1,3,0,0
"Rogers, Alex (35235041800)",1,7,0,0
"Rogers, Alex (57202811053)",1,6,0,0
"Rogers, David E. (14523211300)",0,0,1,12
"Rogers, Tom (53985143100)",0,0,1,1
"Rogiers, Frederik (23010008600)",1,1,1,5
"Rohani, Abbas (36969406900)",0,0,1,4
"Rohdin, P. (16032082600)",0,0,1,3
"Rohrig, Kurt (22836156000)",1,2,1,1
"Rojas, R. (59158584000)",0,0,1,9
"Rojek, Izabela (24481999900)",0,0,1,2
"Roland-Holst, David (6601926088)",0,0,1,2
"Rolando, Davide (55783126700)",0,0,1,1
"Roldán-Blay, Carlos (50263054300)",0,0,1,1
"Rolfsman, Björn (6507832032)",0,0,1,1
"Rolison, Debra R. (7006680716)",0,0,1,3
"Rolle, Bernhard (57204568781)",1,3,0,0
"Rollet, Tom (57536363400)",1,2,0,0
"Rollins, Curtis (57190933983)",0,0,1,3
"Roman, Darius (57205742078)",0,0,1,1
"Romanello, Vincenzo (12769142700)",0,0,1,1
"Romanenko, Elena (56808991100)",0,0,1,2
"Romano, Matteo C. (57191892892)",1,2,2,4
"Rombauts, Yannick (36549143500)",0,0,1,1
"Romejko, Kamila (57024003900)",0,0,1,2
"Romeral, Luis (24483824200)",2,5,0,0
"Romero, Carlos (57206163387)",0,0,1,5
"Romero-Gomez, Pedro (57217603962)",1,2,2,17
"Romero-Paredes, H. (6506822837)",1,1,0,0
"Romeu, P. (55821915500)",1,1,0,0
"Román-Leshkov, Yuriy (14028938700)",1,2,0,0
"Rong, Aiying (9334518800)",2,4,0,0
"Rong, Fei (16305764500)",1,1,0,0
"Rong, Jian (7005980038)",1,4,1,1
"Rong, Qinlang (58981146100)",1,1,0,0
"Rong, Zhao (58789649500)",1,1,0,0
"Rongchen, Zhu (57214916269)",1,1,0,0
"Ronney, Paul D. (7004099459)",1,1,0,0
"Rooki, Reza (53986512900)",1,2,0,0
"Roper, William E. (7005345145)",1,1,1,1
"Ros, María (35581649400)",0,0,1,1
"Ros, Salvador (7005158730)",1,1,0,0
"Rosa, Eugene A. (7004952730)",0,0,1,15
"Rosa-Clot, Marco (6603474315)",0,0,1,15
"Rosa-Santos, P. (14067888200)",0,0,1,1
"Rosano, Michele B. (56259366600)",0,0,1,2
"Rosbjerg, Dan (7006499909)",0,0,1,1
"Rosegrant, Mark (7003367248)",0,0,1,38
"Roselli, C. (12785342600)",0,0,1,1
"Rosellón, Juan (6602410170)",0,0,1,2
"Rosen, C. (55363403100)",1,2,0,0
"Rosen, J.N. (7402343129)",1,2,1,5
"Rosenberg, Eva (36070095400)",0,0,2,5
"Rosengarten, Gary (55893499500)",1,1,0,0
"Rosenow, Jan (55314301500)",0,0,1,3
"Rosenthal, Stephan (57208062560)",0,0,1,1
"Rosero, D.G. (57247556200)",1,1,0,0
"Roseta, Filipa (55998343700)",0,0,1,1
"Roshanian, Jafar (12767513100)",1,1,0,0
"Roskosch, Dennis (55547275800)",1,1,0,0
"Ross, David (55919820100)",1,1,0,0
"Ross, Ian (7202066915)",0,0,1,2
"Rosseti, Karyna de Andrade Carvalho (57221676478)",0,0,1,1
"Rossey, Jen (55420152200)",1,1,0,0
"Rossi, Davide (7103169675)",1,1,1,1
"Rossi, Enrico (57193015347)",1,1,0,0
"Rossi, Mansueto (7403708681)",1,1,0,0
"Rossi, Michele (35318599900)",2,4,0,0
"Rossi, Piercarlo (57209526483)",0,0,1,1
"Rosso, Diego (8852245900)",0,0,1,3
"Rosso, Federica (56830260800)",0,0,1,3
"Rostami, Saeed (57212549502)",0,0,1,2
"Rostami, Soheil (55096320700)",1,1,0,0
"Rotenberg, Eric (7006230673)",1,6,0,0
"Rotering, Niklas (36618243600)",1,6,1,3
"Roth, Philip C. (35847981200)",1,1,0,0
"Rothermel, Albrecht (56271196700)",1,2,0,0
"Rothuizen, Hugo (7004309911)",1,7,0,0
"Rothwell, Geoffrey S. (7005519182)",0,0,1,1
"Rotondo, Federica (57209801134)",0,0,1,1
"Rott, M. (56689616400)",1,1,0,0
"Rottenstreich, Ori (24328397000)",1,1,0,0
"Rouhi, Amirreza (56506840600)",1,4,0,0
"Rouifed, Mohamed-Said (51664057800)",1,17,0,0
"Rouleau, Jean (57188688648)",1,2,1,3
"Roumeliotis, I. (6505788047)",1,1,0,0
"Rountree, Barry L. (55967842200)",1,1,0,0
"Roustan, M. (56243369700)",1,8,0,0
"Roveri, Manuel (57192336348)",1,9,0,0
"Rovigatti, Gabriele (57203991307)",0,0,1,1
"Rowe, Andrew (7102335579)",0,0,1,1
"Rowe, Daniel (55538042400)",1,5,1,6
"Rowe, Rebecca (25121954400)",0,0,1,4
"Roy, Abhishek (55081464600)",2,13,0,0
"Roy, Kaushik (57000621800)",2,20,0,0
"Roy, Nirmalya (9735486800)",1,1,0,0
"Roy, Rabisankar (57202048602)",1,2,0,0
"Roy, Sujoy Sinha (57199785272)",1,12,0,0
"Royapoor, Mohammad (56286243600)",0,0,1,2
"Rozinajová, Viera (6505680689)",1,1,0,0
"Rozzi, Jay C. (6603422340)",1,1,0,0
"Ru, Zhiyu (21834734300)",1,2,0,0
"Ruan, Guangchun (57202424533)",1,2,1,1
"Ruan, Guolei (57218290408)",1,1,0,0
"Ruan, Zheng (56206884900)",1,1,0,0
"Ruano, A.E. (7004284159)",1,4,1,3
"Ruano, Antonio (7004284159)",1,1,0,0
"Ruano, Antonio E. (7004284159)",1,3,1,2
"Rubino, Alessandro (7102614022)",0,0,1,2
"Rubino, Antonio (56379777600)",0,0,1,1
"Rubio-Bellido, Carlos (55347352500)",0,0,1,1
"Rubio-Escudero, Cristina (14034484600)",1,1,2,2
"Rubio-Maya, C. (36190015000)",1,1,0,0
"Ruddell, Benjamin (24773935900)",0,0,1,2
"Rudisill, Caroline (8384477700)",0,0,1,3
"Rudolph, V. (56276045200)",1,1,0,0
"Rudyk, Svetlana (37059756400)",1,2,0,0
"Rueda, Fernando Dorado (57223914239)",1,2,0,0
"Rueda-Bayona, Juan Gabriel (57193623037)",0,0,1,3
"Ruel, J. (56203493600)",1,2,0,0
"Ruellan, Marie (22433355300)",1,2,0,0
"Rugani, Benedetto (22986401100)",0,0,1,6
"Ruggeri, Aurora Greta (57201117401)",0,0,1,2
"Ruiz Jaramillo, J. (57190569174)",0,0,1,2
"Ruiz de Adana Santiago, M. (57194642368)",1,1,0,0
"Ruiz, Carlos (56367746000)",2,4,0,0
"Ruiz, Fredy (58059735000)",0,0,1,2
"Ruiz, Javier (57198663847)",0,0,1,1
"Ruiz, M. Dolores (24554420800)",0,0,1,1
"Ruiz-Guirola, David E. (57222074091)",1,2,0,0
"Ruiz-Minguela, Pablo (52564274400)",0,0,1,2
"Runacres, Mark (6602128533)",0,0,1,3
"Rungta, Sanjay (15124617100)",1,10,0,0
"Runkle, Erik S. (6602520235)",0,0,1,1
"Ruoso, Ana Cristina (57210861268)",0,0,2,2
"Rupf, Gloria V. (56786201600)",0,0,1,5
"Rupp, Andreas (7006019958)",0,0,1,1
"Russchenberg, Herman W. J. (7003972559)",0,0,1,7
"Russell, Armistead G. (56403904000)",1,2,0,0
"Russo, G. (57420625900)",1,1,0,0
"Russo, José Francisco Cabello (56573471100)",0,0,1,3
"Rustom, Khalid (6603177306)",1,1,0,0
"Rutherford, Jeff (57189374852)",0,0,1,5
"Rutherford, Peter (14020581300)",0,0,1,6
"Ruyssevelt, P. (6507276018)",0,0,1,6
"Ryan, C.N. (35073052700)",1,21,0,0
"Ryan, Sarah M. (7202072937)",1,2,0,0
"Rydberg, Anders (7004485449)",0,0,1,2
"Rylatt, Mark (6506364652)",1,1,1,1
"Rylatt, R. Mark (6506364652)",0,0,1,4
"Rylyakov, Alexander (6701758283)",0,0,1,2
"Rysanek, Adam (54394269800)",2,7,1,3
"Ryu, Gilyoung (56016776600)",1,5,0,0
"Ryu, Han Seok (57437155200)",1,1,0,0
"Ryu, In Ho (54785129800)",1,1,0,0
"Ryu, Junha (57219748467)",2,2,0,0
"Ryu, Keun Ho (7202685903)",1,1,0,0
"Ryu, Kwonyoung (57218557180)",1,1,0,0
"Ryu, Moo-Sung (50263017400)",0,0,1,1
"Ryu, Seung Ho (55843198200)",1,10,0,0
"Ryu, Seunghyoung (56508851600)",1,1,0,0
"Rönnebro, Ewa C.E. (6701522910)",1,1,0,0
"Rüther, Ricardo (6701868387)",0,0,1,1
"Răileanu, Silviu (35146902900)",1,27,0,0
"S.R., Murali Manohar (57203779937)",0,0,1,1
"Saab, Samer (7004275222)",0,0,1,2
"Saad, El Sayed M. (59570226100)",1,1,0,0
"Saad, Walid (57203259001)",2,3,0,0
"Saadane, Rachid (56074327000)",0,0,1,1
"Saadeddine, Said (6504175547)",1,4,0,0
"Saadeh, R. (36676578200)",0,0,1,3
"Saar, Martin O. (35230640400)",1,1,0,0
"Saar-Tsechansky, Maytal (8332534900)",0,0,1,1
"Saavedra, Osvaldo R. (7007108787)",0,0,1,1
"Sabbah, Ayman (56111933300)",1,1,0,0
"Sabeeh Abed Al Kareem, Salah (59987317600)",0,0,1,1
"Sabet, Amin (59022185200)",1,2,0,0
"Sabharwal, Ashutosh (57223450164)",1,5,0,0
"Sabharwall, Piyush (15623611100)",0,0,1,1
"Saboohi, Yadollah (55897518200)",1,1,0,0
"Sabor, Jalal (55175695900)",1,1,1,3
"Sabouni, R. (36669172800)",1,1,0,0
"Sabri, N. Mohammed (57207797434)",1,1,0,0
"Sabzehgar, Reza (35932939800)",0,0,1,3
"Sacile, Roberto (56250207700)",2,2,0,0
"Sackett, Raymond A. (25028639300)",0,0,1,3
"Sadati, S.M. Sajed (36117017500)",1,3,0,0
"Sadegh, Mojtaba (55619405800)",1,1,0,0
"Sadhu, Bodhisatwa (25928107500)",1,1,0,0
"Sadhukhan, Jhuma (22986518800)",0,0,1,2
"Sadineni, Suresh B. (6508316192)",1,1,0,0
"Sadipour, Masod (57213157403)",1,1,0,0
"Sadiq, Ali Safa (43661617100)",0,0,1,1
"Sadok, Djamel (6603634824)",0,0,1,2
"Sadorsky, Perry (6603166747)",0,0,1,5
"Sadot, Dan (7006815658)",1,3,0,0
"Sadri, A. (57197100553)",0,0,1,1
"Sadrosadati, Mohammad (56938826900)",1,3,0,0
"Sadrzadeh, Mohtada (9336139300)",0,0,1,2
"Saeed Khan, Hassan (57214076711)",0,0,1,1
"Saeed, Faisal (54892561900)",1,1,0,0
"Saeedi, Saeed (8641331000)",1,2,0,0
"Saeidi, Davood (54409410000)",0,0,1,1
"Saeidi, S. Mahdi (8561457100)",1,14,0,0
"Saeidi-Javash, Mortaza (57210157368)",0,0,1,1
"Saenz, Jon (7006174511)",0,0,1,1
"Saenz, Theresa E. (57219144077)",0,0,1,2
"Saenz-Aguirre, Aitor (57205554743)",0,0,1,1
"Saez, Doris (7003391037)",1,1,0,0
"Saez-De-Ibarra, Andoni (55972937500)",1,2,0,0
"Safaee, Esmaeil (57196054529)",1,1,0,0
"Safari, N. (15923795600)",1,2,0,0
"Safi, Kamran (8914879900)",0,0,1,2
"Safta, Cosmin (16319823900)",0,0,1,2
"Sagiroglu, Seref (7003371572)",0,0,1,1
"Saguna, Saguna (56509497100)",1,2,0,0
"Sah, Pradip (57191486189)",1,1,0,0
"Saha, Tapan Kumar (35570365800)",1,1,0,0
"Saha, Tapas Kumar (35171327900)",0,0,1,1
"Saha, Tridib (57192895206)",0,0,1,2
"Sahin, A.Z. (57204851625)",1,1,0,0
"Sahin, Hasret (58791253500)",0,0,2,7
"Sahin, O. (35749183900)",0,0,1,1
"Sahin, Oz (35749183900)",0,0,1,1
"Sahinoglu, Zafer (6701505105)",1,1,0,0
"Sahitya, Sumit (57195404214)",1,2,0,0
"Sahoo, Jayakrushna (57208820203)",1,1,0,0
"Sahoo, Prangya P. (25641735300)",1,1,0,0
"Sahoo, Subhendu Kumar (15027317500)",1,1,0,0
"Sahuquillo, Julio (7007162116)",1,2,0,0
"Sai, Zhang (57218998443)",1,3,0,0
"Said, Noureddine (7004483120)",0,0,1,1
"Said, Omar (55872008700)",0,0,1,1
"Said, Yahia (53867137900)",1,2,0,0
"Said, Zafar (55260842600)",1,1,0,0
"Saidel, Marco Antonio (6506455481)",1,1,0,0
"Saidur, R. (6602374364)",0,0,2,2
"Sailor, D.J. (7003306487)",1,2,1,5
"Sailor, David J. (7003306487)",0,0,2,47
"Saint-Drenan, Y.M. (8509416600)",1,1,2,4
"Saint-Drenan, Yves-Marie (8509416600)",0,0,2,4
"Saito, Megumi (56429578200)",1,1,0,0
"Saito, Motoki (56322772100)",1,1,0,0
"Sajadi, Behrang (55800847600)",1,1,0,0
Sajjad (58088159900),1,1,0,0
"Sajjad, Muhammad (57215455402)",1,2,1,1
"Sajjadi, M. (57211030398)",1,1,0,0
"Sajjakulnukit, Boonrod (56254990800)",0,0,1,1
"Sakai, Kazuo (36862304000)",1,1,0,0
"Sakai, Kenji (55453019800)",1,1,0,0
"Sakai, Takafumi (57215490129)",1,5,0,0
"Sakakibara, Hisayoshi (57194452843)",0,0,1,1
"Sakamoto, Ryosei (13805501400)",1,1,0,0
"Sakellariou, Rizos (6701361478)",1,1,0,0
"Sakib, Nazmus (58650270000)",1,2,1,1
"Sakiyama, Yasuyuki (55510732500)",1,2,0,0
"Sakuraba, Yuya (24339599500)",1,10,0,0
"Sakva, Denys (36481999900)",0,0,1,5
"Sala, Vicent (22958860500)",1,1,0,0
"Sala-Cardoso, Enric (56702158200)",1,4,0,0
"Salakij, Saran (58333516000)",0,0,1,1
"Salama, M.M.A. (56623995300)",1,1,1,3
"Salamanca, F. (26536695100)",1,1,1,1
"Salani, Matteo (23566838300)",1,2,1,3
"Salari, Mahdi Ebrahimi (35309904400)",1,1,0,0
"Salari, Marjan (57162912700)",1,1,0,0
"Salas, D.A. (57188689543)",0,0,1,6
"Salata, Ferdinando (24333293800)",0,0,1,3
"Salcedo-Sanz, Sancho (12789591800)",1,2,2,3
"Saleem, Hussein A. (57209258022)",1,1,0,0
"Saleem, Muhammad (57209136547)",1,1,0,0
"Saleem, Muhammad (59283586200)",0,0,1,3
"Saleem, Snoober (57218877133)",1,2,0,0
"Saleem, Umber (57212733746)",1,1,0,0
"Saleh, Ahmed Mohammed (57976559700)",1,1,0,0
"Salehi Arashloo, Ramin (55569584800)",1,1,0,0
"Salehifar, Mehdi (35797214700)",1,1,0,0
"Salek, Farhad (57193663955)",1,1,1,3
"Salem, Abdel Rahman (57212347963)",0,0,1,2
"Salem, Mohamed S. (57205616758)",1,1,0,0
"Salgado, R.S. (7006763063)",1,1,0,0
"Salgado, Rui (8541590300)",1,1,0,0
"Salhi, Amina (57207575759)",0,0,1,3
"Saliari, M. (26635990000)",0,0,1,1
"Saliari, Maria (26635990000)",0,0,1,8
"Saliba, Michael (6603716328)",1,2,0,0
"Salim, Usama (57195432225)",0,0,1,1
"Salim, Wadud (6602767036)",1,1,0,0
"Salinga, Martin (25221697400)",1,120,0,0
"Salisu, Afees A. (55392158900)",0,0,1,1
"Salman, Mutasim A. (7102542241)",1,2,0,0
"Salom, Jaume (55504227300)",1,1,0,0
"Salomie, Ioan (15124243900)",0,0,1,1
"Salomons, Elad (8683860000)",0,0,1,2
"Salque, T. (36993328900)",1,1,0,0
"Salsbury, Tim (6603563841)",1,1,0,0
"Salt, Julián (24172738800)",1,1,0,0
"Salton, Jonathan (9336151600)",1,1,0,0
"Salvadori, Claudio (36722346600)",1,1,0,0
"Salvati, Agnese (57194243831)",0,0,2,4
"Salvatores, Massimo (7006165981)",0,0,1,1
"Salvi, Ashwin (36161290800)",0,0,1,1
"Salvia, Giuseppe (43061433200)",0,0,1,1
"Samadi, Nasim (58491209400)",0,0,1,1
"Samadi, Sascha (55443524800)",0,0,1,1
"Samali, B. (7003397589)",1,1,0,0
"Samanta, Akash (56152776600)",0,0,1,1
"Samarakoon, Kamalanath (35956839500)",1,2,0,0
"Samec, Joseph S. M. (6602404871)",1,2,0,0
"Samec, Niko (6603039154)",0,0,1,1
"Samejima, Hiromitsu (13806091500)",0,0,1,8
"Samhouri, Murad (18134828400)",1,1,0,0
"Sami, Ashkan (7004124604)",0,0,1,1
"Sami, Rana Muhammad Zawar (57219704390)",1,2,0,0
"Samikannu, Ravi (57203921921)",1,1,0,0
"Samori, Carlo (35562226900)",1,2,0,0
"Sampath Kumar, Dhivya (57206172623)",1,1,1,1
"Sample, Tony (6603936874)",1,1,0,0
"Samsudin, Amir (25959349400)",1,1,0,0
"Samtani, Sagar (57188838077)",1,2,0,0
"Samudra, Ganesh S. (7004664395)",1,1,0,0
"Samuel, Akeghiosi (59671159400)",0,0,1,1
"Samuel, Anand A. (57197666202)",1,1,1,1
"Samuel, Robin (54880506800)",0,0,1,1
"Samuelsen, Scott (7006399777)",0,0,1,11
"San Martín, J.I. (9743450100)",1,1,0,0
"San Román, Tomás Gómez (54421734800)",1,1,1,1
"San-José-Revuelta, Luis M. (6506548740)",1,1,0,0
"Sanaye, Sepehr (6602263416)",1,1,1,1
"Sanchez, Gonzalo (55846119500)",0,0,1,7
"Sanchez-Diaz, Ivan (55365754800)",3,5,0,0
"Sanchez-Esguevillas, Antonio (6504458933)",1,1,0,0
"Sanchez-Esguevillas, Antonio J. (6504458933)",1,5,1,1
"Sanchez-Gonzalez, Alvaro (57204818643)",1,2,1,17
"Sanchez-Iborra, Ramon (55933950900)",0,0,1,1
"Sanchez-Lengeling, Benjamin (56906946400)",1,2,0,0
"Sanchez-Silva, L. (57200602506)",1,1,0,0
"Sanchez-Sobrado, Olalla (26531782500)",1,1,0,0
"Sanchidrián, José A. (6602531606)",0,0,1,4
"Sanchis, Pablo (35502318000)",1,3,1,1
"Sand, Andrea E. (57195476657)",0,0,1,2
"Sandbakk, Øyvind (35389794800)",1,1,0,0
"Sandberg, M. (35585315900)",0,0,1,1
"Sandberg, Nina Holck (35099511000)",0,0,2,5
"Sandels, C. (36700494800)",1,1,0,0
"Sander, David (7101673174)",0,0,1,24
"Sander, Leon (57933979700)",0,0,1,1
"Sanders, Kelly T. (55375676000)",0,0,2,3
"Sanders, Mark (7401468514)",0,0,1,1
"Sanders, Remco (7402654905)",1,1,0,0
"Sandgani, Mohsen Rafiee (56126947800)",1,1,1,1
"Sandi, Carmen (7006651656)",1,1,0,0
"Sandiford, Mike (7005120626)",0,0,1,4
"Sandler, Joel (35735013300)",0,0,1,6
"Sandou, G. (23393666800)",1,2,0,0
"Sandoval-Vergara, Rodrigo (25121992700)",1,1,0,0
"Sands, Timothy (24308219100)",0,0,1,3
"Sanduleanu, Mihai (6602225296)",1,1,0,0
"Sanei, Sareh (57610878500)",1,1,0,0
"Sang, Maosheng (57208141986)",1,2,0,0
"Sang, Wenjiao (23467764300)",1,1,0,0
"Sang, Yiyan (57114437400)",1,1,0,0
"Sangaiah, Arun Kumar (55616335800)",1,1,0,0
"Sangalli, Andrea (56045224800)",0,0,1,1
"Sangeetha, B. (57213648636)",0,0,1,2
"Sangeorzan, B.P. (7006119690)",1,2,0,0
"Sangireddy, Sai Abhilash Reddy (57204914903)",0,0,1,1
"Sangogboye, F.C. (57136804200)",1,1,1,2
"Sangogboye, Fisayo Caleb (57136804200)",1,3,1,1
"Sangrody, Hossein (57192237050)",1,1,0,0
"Sangwan, Kuldip Singh (6701355439)",1,2,0,0
"Sangwan, Suman (55479925400)",1,1,0,0
"Sangwongwanich, Ariya (56732907900)",0,0,2,9
"Sanjari, Mohammad Javad (55695285000)",1,2,0,0
"Sanjuan-Delmás, David (55923846500)",0,0,1,1
"Sankarasubramanian, Arumugam (6603489730)",0,0,1,1
"Sano, Kentaroh (56050188600)",1,1,0,0
"Sansavini, Giovanni (24333140600)",0,0,3,4
"Sanstad, Alan H. (6602628943)",0,0,1,3
"Santa, José (18038232200)",0,0,1,1
"Santamarina, Juan Carlos (7005785506)",0,0,1,5
"Santamouris, M. (7006575535)",2,4,2,3
"Santamouris, Mat (7006575535)",0,0,3,6
"Santamouris, Mattheos (7006575535)",0,0,4,14
"Santana, Oliverio J. (7003605046)",1,3,0,0
"Santhanagopalan, Shriram (6507081423)",0,0,1,2
"Santiago, I. (6602195316)",0,0,1,7
"Santiago, Juan G. (55987819500)",1,3,0,0
"Santiago, Marcelo Andrade (57202954655)",0,0,1,1
"Santiago, Vânia Maria Junqueira (15835890500)",0,0,1,1
"Santika, Wayan G. (57112739000)",0,0,2,9
"Santin, Olivia Guerra (30967542400)",1,1,1,5
"Santolaria, Jorge (35234954000)",1,1,0,0
"Santoro, Francesco (56956479000)",1,1,0,0
"Santos, Carlos (57196594482)",1,1,0,0
"Santos, Carolina A.P. (57188876245)",1,1,0,0
"Santos, D. (59102584100)",0,0,1,1
"Santos, D.M.F. (14030272100)",1,1,0,0
"Santos, Maria João (57211922587)",0,0,1,2
"Santos, Maribel Y. (8407376200)",0,0,1,1
"Santos, Paulo J. (7102995581)",0,0,1,1
"Santos, Robson (57198653615)",1,1,0,0
"Santos, Vítor (49864419600)",1,1,0,0
"Santucci, F. (35581549600)",1,2,0,0
"Sanz, J.F. (56235143400)",0,0,1,1
"Sanz, Wolfgang (6603790581)",1,1,0,0
"Sanz-Saiz, Carlos (57198020692)",1,1,0,0
"Saosee, Piyarath (57216409103)",0,0,1,1
"Saoud, L. Saad (57209186714)",1,4,0,0
"Saoud, Lyes Saad (57209186714)",1,1,0,0
"Sapaev, I.B. (56102062900)",0,0,1,1
"Sapavath, Naveen Naik (57208510529)",1,4,0,0
"Sapienza, Alessio (36144516000)",1,2,0,0
"Sapitang, Michelle (57215211508)",0,0,1,1
"Sapoundjiev, Hristo (6506401412)",1,2,0,0
"Sarabandi, Kamal (35585913500)",1,4,0,0
"Sarabia, D. (22981364500)",1,1,0,0
"Sarafidis, Y. (6602441655)",1,1,2,20
"Saralegui, Unai (57192309204)",1,4,0,0
"Sarangi, Smruti R. (12344573600)",1,1,0,0
"Saraswat, Krishna C. (35507936600)",1,1,0,0
"Sarbazi-Azad, Hamid (56231405200)",1,3,0,0
"Sarbu, Ioan (6602324092)",1,1,1,1
"Sardans, Jordi (6507514478)",0,0,1,1
"Sarduy, Julio R. Gómez (16244936300)",1,1,0,0
"Sari, Ramazan (7005028913)",0,0,3,12
"Sarimveis, H. (7003749389)",1,2,0,0
"Sarkar, Anindita (36742297500)",0,0,1,1
"Sarkar, Devesh Umesh (58128333200)",1,1,0,0
"Sarker, Prabir K. (6603379031)",1,1,1,2
"Sarkodie, Samuel Asumadu (57105546200)",0,0,1,5
"Sarlak, Hamid (56477416100)",0,0,1,1
"Sarma, Nityananda (56233123500)",1,2,0,0
"Sarmas, Elissaios (57219548047)",1,1,1,1
"Sarpeshkar, Rahul (7004914356)",2,271,2,5
"Sarpong, Frederick (56532478100)",0,0,1,1
"Sarrafzadeh, Majid (35596897200)",1,3,0,0
"Sartor, K. (56046441700)",1,3,0,0
"Sartori, I. (24559215600)",0,0,1,11
"Sartori, Igor (24559215600)",1,2,2,9
"Sartorius, Benn (12788526800)",0,0,1,25
"Saruhan-Brings, Bilge (7004568862)",0,0,1,1
"Sarwar, Suleman (57193624259)",0,0,1,1
"Sarwat, Arif I. (56337914200)",1,1,0,0
"Sasaki, Kaname (57194701244)",1,2,0,0
"Sasaki, Yutaka (55624472625)",1,1,0,0
"Sasic, Srdjan (9234069800)",1,2,0,0
"Sassani, Alireza (57189902422)",1,3,0,0
"Sassi, Kamal M. (36782905400)",1,2,0,0
"Sassi, Paola (24559461300)",0,0,1,2
"Sasso, M. (6603686538)",0,0,1,1
"Sastry, A.M. (7007057120)",1,18,0,0
"Sathyamoorthy, Peramanathan (57188968868)",1,2,0,0
"Sato, A. (55331176600)",1,1,0,0
"Sato, Ken-Chi (55346749600)",1,2,0,0
"Sato, Tomoyuki (57190962177)",0,0,1,8
"Satpathy, Sudhir (36609216900)",1,12,0,0
"Satre-Meloy, Aven (57189913355)",0,0,1,1
"Sattler, Christian (35502347700)",2,3,1,1
"Satya Prasad, G.R.K.D. (56026255000)",0,0,1,1
"Saucedo-Dorantes, Juan José (56703205400)",1,2,0,0
"Sauer, Dirk Uwe (7005040792)",0,0,1,1
"Sauer, J. (57203053610)",0,0,1,3
"Sauhats, A. (23006213500)",0,0,1,2
"Sauhats, Antans (23006213500)",0,0,1,5
"Saunders, Aaron E. (7201876670)",1,1,0,0
"Saunders, Harry (7004795175)",0,0,1,3
"Sauvant-Moynot, V. (9244805300)",1,6,0,0
"Savage, Thomas (57215926107)",0,0,1,5
"Savaghebi, Mehdi (24829644800)",2,2,0,0
"Savaglio, Claudio (56028706000)",1,3,0,0
"Savaria, Yvon (7006575013)",1,4,0,0
"Savas, Erkay (13408788600)",0,0,1,1
"Savelli, Iacopo (57195943616)",0,0,1,3
"Savi, Marco (55973142500)",1,2,0,0
"Savić, Slobodan (23502583100)",0,0,1,1
"Savkin, A.V. (7005027654)",1,2,0,0
"Savkin, Andrey V. (7005027654)",2,2,2,3
"Savva, Andreas G. (6602157693)",1,2,0,0
"Savvides, A. (57207795658)",0,0,1,1
"Savvidis, Dimitrios (14630829700)",0,0,1,3
"Sawakuchi, Henrique O. (21741522600)",0,0,1,15
"Sawan, Mohamad (7101608933)",3,6,0,0
"Sawaya, G. (14034688800)",0,0,1,1
"Sawodny, Oliver (6603314950)",2,5,0,0
"Saxena, Deepika (57189319379)",1,1,0,0
"Saxena, Praveen K. (57203105795)",0,0,1,1
"Saxena, Samveg (36895020700)",0,0,2,7
"Saxena, Shivam (57210529693)",0,0,1,1
"Saxena, Vibhor (57196352976)",0,0,1,1
"Saybani, Mahmoud Reza (39862133200)",1,1,0,0
"Sayeef, Saad (22434423900)",1,5,1,6
"Sayers, Brandon (57202059602)",0,0,1,1
"Saymbetov, Ahmet (58529450500)",1,1,0,0
"Sazeides, Yiannakis (6602210291)",1,2,0,0
"Sbaaei, Eslam S. (57196030599)",2,2,1,1
"Sbeity, Hassan (6506349930)",1,3,0,0
"Scacchioli, Annalisa (13410530600)",1,2,0,0
"Scaccianoce, Gianluca (6602495785)",0,0,1,1
"Scaife, Adam A. (6603887794)",0,0,1,1
"Scambos, Alexander T. (56543665200)",0,0,1,1
"Scamman, D. (26031076100)",0,0,1,3
"Scanzio, Stefano (16069452200)",1,1,0,0
"Scapin, Simone (60808051600)",0,0,1,2
"Scarpa, Federico (55864866200)",0,0,2,11
"Scarpa, Massimiliano (35395554200)",0,0,2,4
"Scarpellini, Sabina (8590326700)",0,0,1,1
"Scartezzini, Jean-Louis (55906564900)",1,4,2,6
"Scelle, Jonathan (56919679300)",1,1,0,0
"Schaal, Stefan (7007171558)",1,7,0,0
"Schaefer, Robert (57193304766)",0,0,1,7
"Schaeffer, R. (57204785123)",0,0,1,1
"Schank, Jeffrey C (7003398839)",0,0,1,2
"Schares, Laurent (14632309800)",0,0,1,2
"Schaut, Stefan (57191674802)",1,2,0,0
"Schechter, Alex (7101856742)",1,3,0,0
"Schellen, Henk L. (6504808081)",0,0,1,5
"Schellhase, Leon (57193307451)",0,0,1,1
"Schelén, Olov (6602899035)",1,2,0,0
"Schenk, Paul (57325643400)",1,3,0,0
"Schepers, Gerard (8263279200)",0,0,1,3
"Schepers, J.G. (8263279200)",1,3,1,3
"Scherer, Helton F. (35389726300)",1,1,0,0
"Scherer, Moritz (57208838456)",1,2,0,0
"Scherpen, Jacquelien M. A. (7003856965)",1,2,0,0
"Scherpen, Jacquelien M.A. (7003856965)",0,0,1,1
"Scheubner, Stefan (57209366849)",2,8,0,0
"Scheurs, M. (56048358500)",1,1,1,6
"Schiavo, Stefano (56948836300)",0,0,1,2
"Schiavon, Stefano (36976643300)",1,1,0,0
"Schibuola, Luigi (6603859983)",0,0,2,4
"Schicktanz, M.D. (18937167800)",0,0,1,1
"Schierloh, R.M. (57205500409)",1,1,0,0
"Schiffmann, Jürg (35088831900)",0,0,1,1
"Schiffres, Scott N. (44561392300)",1,3,0,0
"Schill, Wolf-Peter (36019625800)",0,0,1,2
"Schindler, Dirk (57195576028)",0,0,1,1
"Schindler, Zdenek (57199578966)",1,1,0,0
"Schippers, J.C. (7005786277)",1,5,0,0
"Schirmer, Pascal A. (57209292113)",0,0,1,1
"Schito, Eva (56429470000)",1,2,0,0
"Schlaberg, H. Inaki (6603635971)",0,0,1,1
"Schlatmann, R. (8444565900)",0,0,1,1
"Schlatmann, Rutger (8444565900)",1,2,0,0
"Schlegel, G.O. (7004580188)",1,2,0,0
"Schlegl, Thomas (57213816742)",0,0,1,3
"Schleifer, Anna H. (57221553048)",0,0,1,1
"Schleiss, Anton J. (57203031406)",0,0,1,15
"Schlez, W. (6506501198)",1,3,1,3
"Schlipf, David (55337252000)",0,0,1,1
"Schlottig, Gerd (24923666000)",1,3,0,0
"Schlueter, Arno (24729493200)",2,2,1,1
"Schlyer, David (22948898200)",1,1,0,0
"Schläefer, Johannes (57209007555)",1,4,0,0
"Schläpfer, August (23994215100)",0,0,1,2
"Schlüter, Arno (24729493200)",2,7,2,8
"Schlüter, B. Alexander (57099167700)",0,0,1,2
"Schmager, Raphael (56347855500)",0,0,1,1
"Schmatz, Martin (6701668449)",1,14,0,0
"Schmeink, C. (25031866100)",0,0,1,3
"Schmid, Erwin (14120125900)",0,0,1,7
"Schmidt, David P. (55260010100)",0,0,1,2
"Schmidt, J. (35557450400)",1,1,0,0
"Schmidt, Johannes (7404659001)",0,0,1,7
"Schmidt, R. (7404919178)",0,0,1,1
"Schmidt, Roger (7404919178)",1,5,0,0
"Schmidt, Sarah Ruth (56710866400)",0,0,1,3
"Schmitt-Landsiedel, Doris (7006731769)",1,15,0,0
"Schmitz, Peter (7102452335)",0,0,1,1
"Schmitz, U. (57198379461)",1,3,0,0
"Schmücker, Martin (7004850459)",1,1,0,0
"Schneeberger, Sarah (58771671400)",0,0,1,1
"Schneider, Claudio Luiz (7401962690)",0,0,1,3
"Schneider, Jens (57203556329)",1,1,0,0
"Schneider, T.L. (57214074270)",0,0,1,4
"Schnier, Thorsten (6506914248)",1,1,0,0
"Scholtysik, Sven (57205740811)",0,0,1,1
"Scholz, Christoph (57221151184)",2,2,0,0
"Scholz, Roland W. (7202807447)",0,0,1,10
"Schopfer, S. (37051429800)",0,0,1,1
"Schow, Clint L. (7003854458)",0,0,1,2
"Schramm, S. (59844786500)",0,0,1,5
"Schramski, John R. (12765841300)",0,0,1,10
"Schranz, Laura (37119313800)",0,0,1,1
"Schreck, Bettina (56719561200)",0,0,1,2
"Schreck, E. (6603848483)",1,1,0,0
"Schreiner, Rupert (7101910678)",1,3,0,0
"Schroeder, Bill (57205760282)",1,1,1,1
"Schroedter-Homscheidt, Marion (15071768600)",0,0,1,3
"Schrotenboer, Albert H. (57190299865)",0,0,1,2
"Schrott, Alejandro G. (7003385951)",1,3,0,0
"Schröder, Matthias (57547338700)",0,0,1,1
"Schubert, Katharina (56921384500)",0,0,1,1
"Schubert, Martin (56363496300)",1,1,0,0
"Schubnel, Baptiste (55582366600)",1,1,0,0
"Schuetz, Philipp (57214913396)",0,0,1,1
"Schulz, Uwe (7102516158)",0,0,1,1
"Schumacher, Michael Ignaz (22235461500)",1,1,0,0
"Schurr, Marc Oliver (7005100605)",1,6,1,1
"Schwab, Olaf (8551243200)",0,0,1,26
"Schwack, Fabian (57191969120)",0,0,1,1
"Schwanghart, Wolfgang (24345084600)",0,0,1,10
"Schwartz, Yair (55650483900)",0,0,2,5
"Schwarz, Hans-Günter (13608883100)",0,0,1,3
"Schwarzbözl, Peter (35093158400)",1,6,1,2
"Schwenk-Ferrero, Aleksandra (6506726172)",0,0,1,1
"Schwickart, Tim (55949251900)",1,1,0,0
"Schwinden, Norma Beatriz Camisão (56380645300)",0,0,1,3
"Schäfer, Benjamin (56372266200)",1,1,1,1
"Schönborn, Alessandro (26641447600)",1,7,0,0
"Schönfelder, Martin (55818492800)",0,0,1,1
"Schönheit, David (57204432146)",0,0,1,1
"Schütt, Jonathan (57487711900)",1,1,0,0
"Schütz, Thomas (56439276600)",0,0,1,1
"Sclafani, Anthony (35745108900)",0,0,1,1
"Scodel, Anna (57194100488)",0,0,1,2
"Scogland, Tom (35118262000)",1,2,0,0
"Scordino, Claudio (9044210900)",1,6,1,1
"Scornaienchi, N.M. (6507863572)",1,1,0,0
"Scott, Andea (57219130897)",1,1,0,0
"Scott, Jason A. (56559064800)",1,1,0,0
"Scott, Stuart A. (7401505986)",1,1,0,0
"Scrimgeour, Frank G. (6603184587)",0,0,1,1
"Scrocca, Andrea (59262583600)",1,1,0,0
"Scully, T. (8266618900)",0,0,3,3
"Seabra, Joaquim E.A. (23390441500)",1,1,1,95
"Searle, Justin R. (57210798282)",1,1,0,0
"Sebastiao, Pedro J. A. (55900519300)",1,3,0,0
"Sebitosi, A.B. (6505811324)",0,0,1,4
"Sebitosi, Adoniya Ben (6505811324)",0,0,1,17
"Sechilariu, Manuela (35932845600)",3,7,0,0
"Secondo-Maglia, Juan G. (59425266400)",0,0,1,1
"Sedaghat, Ahmad (36730450600)",0,0,1,1
"Sedlar, Daria Karasalihović (37665925800)",0,0,1,1
"Seeberg, Trine M. (37018757500)",1,1,0,0
"Seelecke, Stefan (6603623528)",1,1,0,0
"Seem, John E. (6603864247)",1,3,0,0
"Seetharaman, Krithika (57196927574)",1,1,0,0
"Seferlis, Panos (55882798100)",0,0,1,2
"Segovia-Hernández, J.G. (6508272974)",1,1,0,0
"Segovia-Hernández, Juan Gabriel (6508272974)",1,1,1,1
"Segura, José C. (7202393337)",1,1,0,0
"Segura-Heras, Isidoro (22942235800)",0,0,1,1
"Segurado, R. (26030711400)",0,0,1,1
"Sehnal, Anne (57217031993)",0,0,1,1
"Seifi Kavian, Yousef (9640007600)",1,1,0,0
"Seigneur, Hubert (8627216600)",0,0,1,1
"Seitz, Sonja (36705186300)",1,1,0,0
"Sekhar, Chandra (57862297800)",0,0,1,3
"Seki, Tomomichi (7401920239)",0,0,1,4
"Sekine, Hideomi (8925794200)",1,1,0,0
"Selcuk, Sule (57194611922)",1,2,0,0
"Seliger, Günther (56789736100)",1,2,0,0
"Selimefendigil, Fatih (35180370600)",1,1,0,0
"Selinger, Joseph L. (57200600994)",1,2,1,1
"Seljom, P. (37108388300)",0,0,1,1
"Seljom, Pernille (37108388300)",0,0,1,4
"Sels, Bert F. (6603540994)",1,2,0,0
"Selvachandran, Ganeshsree (55338597300)",0,0,1,1
"Selvakumar, A. Immanuel (36894663200)",1,2,0,0
"Semmar, Djaffar (24170031000)",0,0,1,1
"Sen, Arijit (57263830400)",0,0,1,2
"Sen, Doruk (57207117460)",0,0,1,1
"Sen, Padmanava (7402920657)",1,1,0,0
"Sen, Shreyas (24473847600)",1,1,0,0
"Sendegeyad, Al-Mas (58528888100)",0,0,1,1
"Sendra, J.J. (7006497280)",0,0,1,1
"Sendra, Juan José (7006497280)",0,0,2,2
"Sendra-Arranz, R. (57216211081)",1,3,0,0
"Senger, Martin (57207863114)",1,1,0,0
"Senger, Vanessa (24472434300)",1,6,0,0
"Sengupta, Kaushik (55390016900)",1,4,0,0
"Sengupta, M. (55383471100)",1,2,1,6
"Sengupta, Manajit (55383471100)",0,0,1,6
"Senior, Constance (7004764197)",0,0,1,3
"Senjyu, Tomonobu (57535907000)",0,0,1,1
"Senjyu, Tomonobu (7004938207)",2,2,0,0
"Senk, Dieter (6701566057)",1,1,1,1
"Senkevich, Jay J. (7004568365)",1,5,1,1
"Senner, Veit (6701561043)",1,1,0,0
"Senouci, Sidi-Mohammed (6603438406)",1,1,0,0
"Sensale-Rodriguez, Berardi (25722272800)",1,2,0,0
"Sensfuß, Frank (8359577000)",0,0,1,6
"Senthilkumar, Datchanamoorthy (55655572800)",1,6,1,2
"Senthilraja, S. (55241666600)",1,1,0,0
"Seo, Donghyun (35559684800)",0,0,1,1
"Seo, Euiseong (14056969000)",1,13,0,0
"Seo, Kyeongjun (56964709600)",1,1,0,0
"Seo, Seongwon (7202469745)",1,1,2,3
"Seol, Eunsu (57201639107)",0,0,1,4
"Seong, Nam-Chul (55842339400)",1,7,0,0
"Sepasgozar, Samad (55924332100)",0,0,1,1
"Sequeira, C. (56770919100)",1,1,1,3
"Sequeira, C.A.C. (7006430713)",1,1,0,0
"Ser, Yee Chee (57660494400)",0,0,1,1
"Sera, Dezso (24081214700)",0,0,2,9
"Serale, Gianluca (56039804400)",2,38,0,0
"Serediuk, M.D. (56711993000)",1,1,0,0
"Serhani, Mohamed Adel (15925757100)",1,10,0,0
"Serianni, Gianluigi (7003620770)",1,1,0,0
"Serinaldi, Francesco (16744518200)",0,0,1,1
"Serletis, Apostolos (7003806708)",0,0,1,2
"Serna, Álvaro (55736672900)",1,2,1,2
"Serra, E. (57198286992)",1,2,0,0
"Serra, Maria (7203064232)",1,2,0,0
"Serradilla Garcia, Francisco (6504126599)",1,4,0,0
"Serrano, David P. (7005182724)",0,0,1,5
"Serrano, Juan Miguel (58655683600)",0,0,1,1
"Serrano, Luis (57201877537)",0,0,1,1
"Serrano, R. (57224057053)",0,0,1,1
"Serras, Paula (55037322200)",0,0,2,2
"Serre-Combe, P. (55954430600)",0,0,1,1
"Servin, Martin (7005763252)",1,1,0,0
"Seshadri, Arunkumar (57205463732)",0,0,1,1
"Setier, Pierre-Alexandre (55013032200)",1,6,2,15
"Severini, Marco (55318892700)",1,1,1,2
"Sevillano-Bendezú, Miguel A. (57214724844)",0,0,1,1
"Sevlian, Raffi (54973693400)",1,2,1,1
"Sewall, Brent J. (7801352984)",0,0,1,1
"Seya, Hajime (25650916000)",0,0,1,1
"Seyedi, Younes (36174052700)",1,1,0,0
"Seyedmahmoudian, Mehdi (55575761400)",1,1,0,0
"Seymour, Clive (7005926670)",1,6,0,0
"Sezer, Ugur (57189597823)",1,1,0,0
"Seznec, André (7004335844)",1,4,0,0
"Sgobba, A. (57204163267)",0,0,1,1
"Sgouridis, Sgouris (6507861379)",1,3,1,1
"Sha, Edwin Hsing-Mean (7006659832)",1,1,0,0
"Sha, Jitong (58303473600)",1,1,0,0
"Sha, Mo (24470562800)",1,2,0,0
"Sha, Peng (59118648200)",1,1,0,0
"Sha, Wei E. I. (56419475000)",1,1,0,0
"Sha, Yitian (58026802900)",1,1,0,0
"Shabani, Bahman (35185764000)",0,0,1,1
"Shabayek, Abd El-Rahman (36100800500)",1,1,0,0
"Shabbir, Noman (56597983400)",1,1,0,0
"Shabih Zaidi, Khurram (56176888500)",1,1,0,0
"Shachmurove, Yochanan (6603568176)",0,0,1,8
"Shad, Mostafa (55368297600)",1,2,0,0
"Shadman, Milad (55861473200)",0,0,1,1
"Shadmand, Mohammad B. (54403917500)",1,1,0,0
"Shafeeyan, Mohammad Saleh (36337980400)",1,1,0,0
"Shafer, Michael W. (37662320900)",1,1,0,0
"Shafiabady, Niusha (35615154400)",1,1,0,0
"Shafie-Khah, Miadreza (36895187100)",1,1,2,2
"Shafie-khah, Miadreza (36895187100)",1,5,0,0
"Shafiee, Qobad (48161731600)",1,1,0,0
"Shafik, Rishad A. (23390540700)",1,1,1,1
"Shafiq, Zeeshan (55557471900)",1,1,0,0
"Shafiullah, G.M. (24475918800)",1,4,3,8
"Shafiullah, Md (12144323300)",2,2,1,1
"Shah, Aamer Abbas (57216349801)",1,1,0,0
"Shah, Abdul Salam (57189045393)",2,3,0,0
"Shah, Ghalib (14042806500)",0,0,1,1
"Shah, Habib (55077194100)",1,1,0,0
"Shah, Iqrar (58068768300)",1,1,0,0
"Shah, Ismail (49061496200)",1,1,0,0
"Shah, Mehul A. (7402047299)",0,0,1,1
"Shah, N. (56846290400)",0,0,1,3
"Shah, Nilay (56846290400)",2,11,4,29
"Shah, Rakibuzzaman (36083109500)",1,1,0,0
"Shah, Shahil (57213233305)",1,1,1,7
"Shah, Usman Ali (57204694978)",1,1,0,0
"Shah, Zeal (57215343341)",0,0,1,1
"Shahbakhti, M. (16302791000)",2,42,0,0
"Shahbakhti, Mahdi (16302791000)",0,0,1,1
"Shahbaz, Muhammad (57218886081)",0,0,3,4
"Shahid, Muhammad (57192651273)",0,0,1,3
"Shahidehpour, Mohammad (6603715241)",1,2,1,1
"Shahidinejad, Soheil (36193267100)",1,8,1,2
"Shahnia, Farhad (15846514600)",1,1,0,0
"Shahriar, Sakib (57216440105)",1,1,1,1
"Shaik, Feroz (57218993264)",1,4,0,0
"Shaikh, Abdul Khalique (54785101500)",1,2,0,0
"Shaker, Hamid Reza (15061871700)",2,6,0,0
"Shakibaei, Alireza (57192384657)",0,0,1,1
"Shakoor, Anser (24438488100)",1,1,1,14
"Shakouri, A. (7006572895)",1,5,0,0
"Shakouri, Hamed G. (6603298290)",1,4,0,0
"Shalaby, Ahmed (57204579441)",0,0,1,1
"Shalloo, L. (6602787027)",0,0,3,3
"Shaloudegi, Kiarash (51864661500)",0,0,1,1
"Shamanin, I.E. (16403329600)",0,0,1,4
"Shami, Abdallah (6604003537)",1,1,0,0
"Shamlou, Parviz Ayazi (35568093000)",1,1,0,0
"Shams, Mohammad H. (57202501643)",1,1,0,0
"Shamsa, Elham (57205588995)",1,1,0,0
"Shamsaiee, Masood (57207938267)",0,0,1,1
"Shamshirband, Shahaboddin (57221738247)",3,5,0,0
"Shamshiri, Ali Reza (57218766094)",1,1,0,0
"Shamsi, Mohammad Haris (57195836268)",1,3,1,3
"Shamsi, Pourya (54396238100)",0,0,1,1
"Shan, Dan (36053501200)",1,1,0,0
"Shan, Lu (57218500124)",1,3,0,0
"Shan, Shubing (57193407527)",1,1,0,0
"Shan, Xiaofang (51664063200)",1,1,0,0
"Shan, Yinghao (57201423589)",1,1,1,1
"Shang, Dongdong (57218392767)",1,2,0,0
"Shang, Duo (55500340700)",0,0,1,1
"Shang, Junlong (56252273300)",1,1,0,0
"Shang, Wenli (59109216700)",1,1,0,0
"Shang, Zhendong (57203017833)",1,1,0,0
"Shang, Zongjiang (57210798114)",1,1,0,0
"Shankar, Ravi (57193517120)",1,3,0,0
"Shao, Cheng (7102817002)",1,1,0,0
"Shao, Chenhui (36444334200)",1,1,0,0
"Shao, Dan-Wei (57209339823)",1,1,0,0
"Shao, Huaishuang (56714708900)",1,2,0,0
"Shao, Jiaqi (58479615100)",1,1,0,0
"Shao, Jing (57215190034)",0,0,1,1
"Shao, Lizhen (23470913000)",1,1,0,0
"Shao, Mengxin (59198903500)",1,1,0,0
"Shao, Min (7102597422)",0,0,1,1
"Shao, Shijia (59728396800)",1,1,0,0
"Shao, Wei (57202486312)",1,1,0,0
"Shao, Wenlong (57240184000)",1,1,0,0
"Shao, Xiandong (57579657400)",1,1,0,0
"Shao, Xiaorui (57216473967)",1,1,0,0
"Shao, Xueyan (57216285703)",1,1,0,0
"Shao, Yuanxun (57200216770)",1,4,1,1
"Shao, Yunli (57188803628)",0,0,1,2
"Shao, Zili (7202244400)",1,2,0,0
"Shapiro, Finley R. (58320103300)",0,0,1,1
"Shapland, John (57221224139)",0,0,1,34
"Shapter, Joseph G. (6701787991)",1,1,0,0
"Sharan, Prashant (56941609300)",0,0,1,5
"Sharif, Muhammad (59573031700)",0,0,1,2
"Sharif, Seyed Amirhosain (57190007378)",0,0,1,2
"Sharifi, Ayyoob (55203967900)",0,0,1,1
"Sharifi, Pouya (56436262700)",1,3,0,0
"Sharifzadeh, Mahdi (8369664900)",1,10,0,0
"Sharkey, Thomas D. (7006793229)",0,0,1,1
"Sharma, Atul (56593971100)",0,0,1,3
"Sharma, B.D. (57198341241)",0,0,1,8
"Sharma, Chander Shekhar (54685036000)",1,3,0,0
"Sharma, D.Parameswara (57213216900)",0,0,1,1
"Sharma, Deepak K. (59000311900)",1,1,0,0
"Sharma, Dimple (57193931430)",1,2,0,0
"Sharma, Divya (57675083300)",1,4,0,0
"Sharma, Ekta (57212448573)",1,2,0,0
"Sharma, Ishan (57209097786)",0,0,1,2
"Sharma, Navin (9743495000)",1,2,0,0
"Sharma, Neha (59465988500)",1,1,0,0
"Sharma, R. (57192716092)",0,0,1,2
"Sharma, Roshan (56303489600)",0,0,1,1
"Sharma, Sachin (57209097691)",1,1,0,0
"Sharma, Sandeep (59600258000)",1,1,0,0
"Sharma, Sunil Kumar (57745894200)",1,1,0,0
"Sharma, Vinay (57219946817)",1,1,0,0
"Sharma, Vishal (55682655583)",1,4,0,0
"Sharp, Ed (56480200300)",0,0,1,4
"Sharp, Justin (7401915328)",0,0,4,12
"Sharp, Kendra V. (7101988762)",0,0,1,1
"Sharples, Stephen (7004587682)",0,0,1,1
"Sharqawy, Mostafa H. (16480839900)",0,0,1,1
"Sharroush, Sherif M. (21834698100)",2,4,0,0
"Shastri, Bhavin J. (16064222500)",1,86,1,2
"Shatrugna, Veena (6602579967)",0,0,1,3
"Shaurya, Sunny (58199764600)",1,1,0,0
"Shaver, Gregory (7005148433)",0,0,1,2
"Shaw, Andrew R. (7402249262)",0,0,1,3
"Shaw, Simon (11438893700)",1,1,1,5
"Shaw, Steven R. (7402759103)",1,1,0,0
"She, Huimin (24833130400)",1,1,0,0
"She, Jinhua (7102576674)",1,1,0,0
"Shea, H. (7003472283)",1,21,0,0
"Shea, Herbert (7003472283)",1,1,0,0
"Shealy, Malcolm (31367576100)",0,0,1,4
"Shearer, Cameron J. (25722322700)",1,1,0,0
"Sheikh, Farhana (7004120485)",1,12,0,0
"Sheikh, Rami (36706568600)",1,6,0,0
"Sheikh-Akbari, Akbar (24469966400)",0,0,1,1
"Sheikhan, Mansour (8922649900)",1,1,0,0
"Shek, Jonathan K.H. (14009327700)",0,0,1,3
"Shelby, Robert M. (7006713687)",1,120,0,0
"Shen, B. (55840462500)",1,2,0,0
"Shen, Di (56449954700)",1,2,0,0
"Shen, Feifan (57194457717)",1,1,0,0
"Shen, Geoffrey Qiping (7402933134)",1,1,0,0
"Shen, Guofeng (35254285100)",0,0,1,3
"Shen, Guorong (57409304600)",1,1,0,0
"Shen, Haotian (59891589100)",1,1,0,0
"Shen, Hengle (57214760790)",1,1,0,0
"Shen, J. (35099428100)",1,1,0,0
"Shen, Jiahui (56263611900)",0,0,2,7
"Shen, Jialin (57296881600)",0,0,1,2
"Shen, Jianjian (45261490200)",0,0,1,1
"Shen, Jie (57226522558)",1,4,1,1
"Shen, Jiong (7404931083)",2,2,0,0
"Shen, Jun (55649570000)",1,1,0,0
"Shen, Liang (57203977467)",1,1,0,0
"Shen, Meng (36701894100)",1,1,1,1
"Shen, Min (57129731500)",1,1,0,0
"Shen, Pengyuan (54400115300)",1,1,1,3
"Shen, Qu (57208802200)",0,0,1,1
"Shen, Rong (56134831000)",0,0,1,3
"Shen, Shaohua (8714841100)",1,1,0,0
"Shen, Suping (57190886101)",1,1,0,0
"Shen, Tielong (7202006621)",1,3,0,0
"Shen, Weifeng (39762854400)",1,1,0,0
"Shen, Wenhao (7403601735)",0,0,2,9
"Shen, Xiaodong (55103480700)",1,1,0,0
"Shen, Xiaoxuan (59755572700)",1,1,0,0
"Shen, Xingao (59113504800)",1,1,0,0
"Shen, Xinwei (55210059900)",1,1,0,0
"Shen, Xiong (55261231400)",1,1,0,0
"Shen, Xuemin (7402721166)",2,4,0,0
"Shen, Yamin (57218853641)",0,0,1,2
"Shen, Yi (57204307463)",1,1,0,0
"Shen, Yifei (58192180000)",1,1,0,0
"Shen, Yingshan (57215428221)",1,1,0,0
"Shen, Yongtao (57200244472)",1,2,1,1
"Shen, Yuting (57212109371)",1,3,0,0
"Shen, Yuxuan (57906865700)",1,1,0,0
"Shen, Zheng (35410506600)",1,2,0,0
"Shen, Zhenzhong (59217576600)",1,1,0,0
"Shen, Zhiyu (27067994300)",1,1,0,0
"Shen, Zhongli (7403323913)",1,1,0,0
"Shen, Zuo-Jun Max (8947426700)",0,0,1,1
"Sheng, Andi (58341776200)",1,1,0,0
"Sheng, Hao (55939548800)",1,1,0,0
"Sheng, Hongsheng (57202022780)",1,1,0,0
"Sheng, Hongzhang (57218280042)",0,0,1,1
"Sheng, Jiang (35574846800)",1,1,0,0
"Sheng, Shuangwen (7102347572)",0,0,1,8
"Sheng, Tongtian (56492448900)",0,0,1,1
"Sheng, Wanxing (7103378691)",1,1,0,0
"Sheng, Yu (57225761399)",0,0,1,1
"Shenghong, Cao (58789649400)",1,1,0,0
"Shenoi, S. (57216396620)",1,1,0,0
"Shenoy, K.T. (7007041155)",0,0,1,1
"Shenoy, Krishna V. (7007041156)",1,1,0,0
"Shenoy, Prashant (7005159885)",1,2,0,0
"Shepherd, Anita (7101992822)",0,0,1,4
"Sheri, Ahmad Muqeem (26422488100)",1,5,0,0
"Sheridan, Lindsay M. (56940378300)",0,0,1,1
"Sherwin, Evan D. (57201366261)",0,0,1,5
"Shete, Nilam (57195434616)",0,0,1,1
"Shi, Bin (57209581366)",2,38,0,0
"Shi, Bohui (36504935500)",1,1,0,0
"Shi, Bowen (58086121900)",1,1,0,0
"Shi, Ce (57559815400)",1,1,0,0
"Shi, Changli (55646877400)",1,2,0,0
"Shi, Dadian (59866371200)",1,1,0,0
"Shi, Dalin (35410322800)",0,0,1,3
"Shi, Fang (57218851116)",2,2,0,0
"Shi, Feng (7202739628)",1,1,0,0
"Shi, Guang (56553591400)",1,1,0,0
"Shi, Guoyi (59784846000)",1,2,0,0
"Shi, H.C. (35775682400)",1,1,0,0
"Shi, Haiyun (43161360000)",0,0,1,4
"Shi, Hao (59216282100)",1,1,0,0
"Shi, Hongda (15023660400)",1,3,0,0
"Shi, Hongfu (57221502230)",1,2,0,0
"Shi, Hui (58833741000)",0,0,1,1
"Shi, Jia (60348811900)",1,1,0,0
"Shi, Jian (55491835900)",1,1,0,0
"Shi, Jianhua (55491884500)",1,1,0,0
"Shi, Jianpeng (57196345437)",1,1,0,0
"Shi, Jie (55328402000)",1,1,1,1
"Shi, Jing (55485966800)",1,1,1,1
"Shi, Jing (9250763700)",1,1,0,0
"Shi, Junsheng (8640031700)",3,5,0,0
"Shi, Kaining (55772794400)",1,2,0,0
"Shi, Kun (55898516500)",1,1,0,0
"Shi, Li (55510001400)",0,0,1,3
"Shi, Libao (55512877400)",2,2,0,0
"Shi, Lixian (57223444653)",0,0,1,1
"Shi, Long (36985806000)",0,0,1,1
"Shi, Longxing (7401640838)",1,5,0,0
"Shi, Peiming (55888290500)",1,2,0,0
"Shi, Peng (36748941200)",1,2,0,0
"Shi, Qin (35249106300)",1,1,0,0
"Shi, Rui (57189334000)",0,0,1,1
"Shi, Shu (35113961700)",1,25,0,0
"Shi, Shuo (58614696600)",1,1,0,0
"Shi, Tian (57208211665)",2,3,0,0
"Shi, Wen (59277373200)",1,1,0,0
"Shi, Wenbo (56340388100)",1,2,1,2
"Shi, Wenhui (35243239200)",1,1,0,0
"Shi, Wenxing (7402664814)",1,1,0,0
"Shi, Xiaohan (55877818100)",1,1,0,0
"Shi, Xiaoyu (56488971500)",2,2,0,0
"Shi, Xin (54417939200)",3,3,0,0
"Shi, Xiongtao (57212090168)",1,1,0,0
"Shi, Xudong (59926307000)",1,2,0,0
"Shi, Xun (55236289700)",1,1,0,0
"Shi, Xunpeng (53878592800)",0,0,2,2
"Shi, Yang (57219942984)",1,1,0,0
"Shi, Yaoyao (23490436700)",1,2,0,0
"Shi, Ye (57212547461)",2,2,1,1
"Shi, Yi (57322419400)",1,1,0,0
"Shi, Yi (58138109800)",1,1,0,0
"Shi, Yuan (56949367600)",0,0,1,2
"Shi, Yuanyuan (57271714200)",1,1,0,0
"Shi, Yufei (57208566149)",0,0,1,1
"Shi, Yunfei (57196081348)",1,1,0,0
"Shi, Yusuf (57201555920)",1,4,1,2
"Shi, Zhichao (56510723000)",1,2,0,0
"Shi, Zhijie (35225236800)",2,3,0,0
"Shibukawa, Koichi (6603699243)",0,0,1,8
"Shieh, Jyh-Cherng (7102249024)",0,0,1,4
"Shiferaw, Yegnanew (57192266065)",0,0,1,1
"Shih, Shun-Yao (57209327026)",1,12,0,0
"Shih, Wan-Ting (57201313987)",1,1,0,0
"Shim, Jaegyu (57219375697)",1,1,0,0
"Shim, Jaewoo (55192891500)",2,4,0,0
"Shimamoto, Shigeru (14632743600)",1,1,0,0
"Shimatani, Yukihiro (32868222500)",0,0,1,8
"Shimizu, Hayato (35380649200)",2,2,0,0
"Shimizu, Masakata (7404138366)",0,0,1,1
"Shimoda, Y. (15081121700)",0,0,1,1
"Shimoda, Yoshiyuki (15081121700)",1,1,1,5
"Shimose, Ken-ichi (23013277700)",0,0,1,2
"Shin, Changho (57208881543)",1,1,0,0
"Shin, Haeseong (58197307100)",0,0,1,1
"Shin, Hyo-Sang (10642381400)",1,1,0,0
"Shin, Hyoungsub (57205190192)",1,1,0,0
"Shin, Jin-Ho (57199953488)",1,1,0,0
"Shin, Kyoungseon (7402410372)",1,1,0,0
"Shin, Myunghun (15129066500)",1,1,0,0
"Shin, Oh-Soon (7004309619)",1,1,0,0
"Shin, Seung-Jun (56241883300)",1,1,0,0
"Shin, Seungwon (7403647100)",1,1,0,0
"Shin, Yong-Jun (56245218700)",0,0,1,5
"Shin, Yong-June (10141902100)",1,1,0,0
"Shin, Yoonjeong (59228480000)",1,1,0,0
"Shin, Yung C. (7402816029)",1,1,0,0
"Shinde, Aditya (57209466370)",1,1,0,0
"Shindell, Drew (7004214645)",0,0,1,48
"Shine, P. (57203543349)",0,0,3,3
"Shinoda, Yukio (35115529800)",0,0,1,4
"Shinwari, Merwais (54951011600)",1,4,0,0
"Shipton, Zoe K. (6602592476)",0,0,1,1
"Shipworth, D. (6507200086)",0,0,1,6
"Shipworth, David (6507200086)",0,0,8,49
"Shipworth, Michelle (35728985200)",0,0,1,9
"Shiraishi, Yoshiaki (7202721246)",1,1,0,0
"Shireen, Tahasin (57199505435)",1,1,0,0
"Shirk, Matthew (25321031100)",0,0,1,3
"Shirvan, Koroush (26421802000)",0,0,1,1
"Shirzaei, Manoochehr (35273774300)",0,0,1,4
"Shives, Michael (36769113800)",0,0,1,1
"Shiwakoti, Nirajan (35489053500)",0,0,1,1
"Shiyun, Xie (60094634100)",1,1,0,0
"Shkalenko, Anna (56275855600)",0,0,1,2
"Shkurko, Konstantin (18042809800)",1,2,0,0
"Shneidman, Anna V. (55507775200)",1,1,0,0
"Sholahudin, S. (57202068616)",1,1,0,0
"Sholl, David (7006706654)",0,0,1,3
"Shon, Ho kyong (6701629946)",1,1,0,0
"Shonnard, David (35564572200)",1,1,0,0
"Shonnard, David R. (35564572200)",0,0,1,1
"Shoorangiz, Mostafa (57211608810)",1,1,0,0
"Shorrock, L.D. (36756736000)",0,0,1,1
"Short, C. Alan (16054033700)",0,0,1,1
"Short, C.A. (16054033700)",0,0,1,15
"Short, Michael (7101631453)",0,0,2,3
"Shou, Chunhui (35223877200)",1,1,1,1
"Shoukourian, Hayk (55796769800)",1,2,0,0
"Shreejith, Shanker (55614942600)",1,9,0,0
"Shrestha, Krishna P. (57204348266)",1,3,0,0
"Shrivastava, Aniruddh (57194717064)",1,2,0,0
"Shu, Boyu (58503582400)",1,1,0,0
"Shu, Feng (60550600900)",1,1,0,0
"Shu, Gequn (7006113337)",1,6,0,0
"Shu, Lei (35248927000)",1,2,0,0
"Shu, Lianjie (7102761676)",2,6,0,0
"Shu, Shaolong (23398211300)",1,1,0,0
"Shu, Shiu-Ya (36705357200)",0,0,1,1
"Shu, Tao (7006576497)",1,9,0,0
"Shu, Y.C. (55508170500)",1,5,0,0
"Shubyn, Bohdan (57210411710)",1,1,0,0
"Shufian, Abu (57213271016)",0,0,1,1
"Shukla, A. (57195537828)",0,0,1,3
"Shukla, Akash Kumar (57211749489)",0,0,1,1
"Shukla, Mukund R. (55146282000)",0,0,1,1
"Shukla, Yash (55907162300)",0,0,1,1
"Shukur, Osamah Basheer (56226002900)",1,2,0,0
"Shum, Wai Yan (57224193076)",0,0,1,1
"Shumavon, Aram (57357291100)",0,0,1,2
"Shuo, Quan (60094446300)",1,1,0,0
"Shyamal, Smriti (57191496685)",0,0,1,2
"Shyu, Chian-Woei (55370075600)",0,0,1,2
"Si, Caomingzhe (57220750445)",1,1,0,0
"Si, Zhiyuan (57218940057)",1,1,0,0
"Siala, Kais (56998605700)",0,0,1,2
"Siano, Pierluigi (6603170751)",0,0,1,1
"Siasi, Nazli (57202450058)",1,1,0,0
"Sibtain, Muhammad (57218876566)",1,2,0,0
"Sicaire, Anne-Gaëlle (56596692500)",1,3,1,4
"Sicilia, Álvaro (57220772674)",1,3,0,0
"Siddall, Mark (55849724700)",0,0,1,4
"Siddiq, A. (12786841100)",1,1,0,0
"Siddiqui, Afzal (7201954788)",0,0,1,2
"Siddiqui, Afzal S. (7201954788)",0,0,1,1
"Siddiqui, Salman (57216648072)",0,0,2,3
"Sideratos, George (6507187852)",1,2,0,0
"Sidibé, Sayon dit Sadio (36509231400)",0,0,1,1
"Sidorov, Denis (15060736400)",1,1,0,0
"Sidorov, Maxim (57215431851)",1,1,0,0
"Siegel, Nathan P. (55362706400)",1,3,0,0
"Sieglin, B. (54382312900)",0,0,1,1
"Sieker, Tobias (57268698300)",1,1,0,0
"Siekkinen, Matti (23393910300)",1,7,0,0
"Sielker, Franziska (57189499702)",0,0,1,5
"Siemann, Robert H. (7006812181)",1,1,1,1
"Siems, R.S. (56203152500)",0,0,1,1
"Siems, Raymond (56203152500)",0,0,1,1
"Sienz, Johann (6603625906)",1,1,0,0
"Sierra, Francisco (56446534800)",0,0,1,1
"Sierra, G. (57204499839)",0,0,1,1
"Sievert, Maximiliane (56577974700)",0,0,1,16
"Sifakis, Nikolaos (57208086274)",1,1,0,0
"Sigrin, Benjamin (55651099700)",0,0,1,6
"Sigrist, Lukas (24759643300)",1,2,0,0
"Sikinioti-Lock, Alexandra (57105559800)",1,10,0,0
"Sikkema, Richard (6507005206)",0,0,3,32
"Silcock, Andy (57191708203)",1,1,0,0
"Siler, Matthew (6507409689)",0,0,1,4
"Siles, Jose V. (8238718500)",1,2,0,0
"Silinevics, Jurijs (57221752131)",0,0,1,5
"Silva Santos, C. (36938377000)",0,0,2,3
"Silva, Carlos A. (9249548800)",1,1,0,0
"Silva, Carlos Santos (9249548800)",0,0,1,2
"Silva, Cátia S.P. (57192921230)",1,1,0,0
"Silva, Felipe L.C. (57200110112)",0,0,1,1
"Silva, Helena (7102206103)",1,2,0,0
"Silva, J. (57460440900)",0,0,1,1
"Silva, Jair A.L. (35113883500)",0,0,1,1
"Silva, João E.A.R. (57161990500)",1,1,1,95
"Silva, M. (15756339800)",0,0,1,1
"Silva, M. (57200717770)",1,2,0,0
"Silva, Mafalda (56874950500)",1,1,0,0
"Silva, Pedro D. (57432130100)",0,0,1,1
"Silva, S. (15924060200)",1,4,1,3
"Silva, S. Ravi P. (7203043276)",0,0,1,2
"Silva, Urbano L. (15737457800)",0,0,1,13
"Silva-Filho, Abel G. (23490645400)",1,1,0,0
"Silva-Monroy, César (52664304300)",0,0,1,2
"Silvano, Cristina (6701431625)",1,7,0,0
"Silvestre, Leonardo J. (56589705000)",0,0,1,1
"Silvestri, Alberto (58759367200)",1,1,0,0
"Silvestri, P. (6603616075)",1,3,0,0
"Sima, Qi (57219626726)",1,1,0,0
"Simao Ferreira, Carlos (57219734868)",0,0,1,3
"Simaraks, Suchint (6506344412)",0,0,1,1
"Simeon, Fritz (36194137200)",1,33,0,0
"Simeone, David (7006132417)",0,0,1,2
"Simeone, Osvaldo (23993347300)",1,1,0,0
"Simeunovic, Goran (24463044500)",0,0,1,5
"Simeunovic, Jelena (57226612809)",1,1,0,0
"Simic, Katarina (57216147504)",0,0,1,2
"Simionescu, Mihaela (57194173341)",0,0,1,1
"Simmons, Asher (36678125800)",0,0,1,1
"Simmons, Joseph (57206319270)",0,0,1,1
"Simmons, Richard (57205558659)",0,0,1,2
"Simo, A. (56091673900)",0,0,1,1
"Simon, Elliot (57191967961)",0,0,1,1
"Simon, Michael (56637058400)",1,1,0,0
"Simon, Sishaj P. (13008541500)",1,1,0,0
"Simon, Sophia L. (59995327900)",0,0,1,13
"Simoneau, Alexandre (57201269488)",0,0,1,4
"Simonis, B. (57195428238)",0,0,1,3
"Simpson, Genevieve (36457836400)",0,0,1,2
"Simpson, J. (10239078800)",1,1,0,0
"Simpson, Juliet (57214820408)",0,0,1,3
"Simsek, Yeliz (57191090260)",0,0,1,4
"Simson, Amanda (25957791900)",1,2,0,0
"Simão, H.P. (6602342881)",1,1,0,0
"Simão, Mariana (55694131400)",1,2,0,0
"Simôes, Pedro (57197816863)",1,2,0,0
"Simões, M. Godoy (7102405730)",1,5,1,1
"Sinangil, Mahmut E. (25928840800)",1,1,0,0
"Sinclair, Brent J. (57204572413)",0,0,1,1
"Sinden, Graham (13205137600)",0,0,1,16
"Sinebe, Jude Ebieladoh (57208356281)",1,1,0,0
"Singa, Rupam (57202589287)",0,0,1,1
"Singh, Amarjeet (7407708743)",1,1,0,0
"Singh, Amit Kumar (58345761200)",1,6,3,3
"Singh, Antriksh (55962831900)",0,0,1,3
"Singh, Ashutosh Kumar (57212846086)",1,1,0,0
"Singh, Baljit (57013843500)",1,1,1,1
"Singh, Bhim (7405638726)",1,1,0,0
"Singh, Chanan (35584357000)",1,1,0,0
"Singh, David J. (7403593794)",1,3,0,0
"Singh, Jai Govind (37462123800)",1,1,0,0
"Singh, Jaspal (58358498900)",1,12,0,0
"Singh, K.K. (35495932000)",0,0,1,1
"Singh, Kartikeya (55450570800)",0,0,1,1
"Singh, Neeraj Kumar (57207341283)",0,0,1,1
"Singh, Priyanka (59534798600)",0,0,1,1
"Singh, Pushpendra (57199272034)",1,1,0,0
"Singh, Shailendra (57216140082)",1,2,0,0
"Singh, Shailendra (59459751900)",1,1,1,2
"Singh, Shashank (57188769297)",1,2,0,0
"Singh, Shiv P. (7406401328)",1,2,0,0
"Singh, Sri Niwas (55740373500)",1,1,0,0
"Singh, Sukhpal (57216940144)",1,3,0,0
"Singhal, Nikita G. (56021766400)",0,0,1,2
"Sinha, Rakesh Kumar (57197719790)",1,1,1,1
"Sinha, Vinay (39962574400)",0,0,1,2
"Sinibaldi, Edoardo (8432739000)",1,4,0,0
"Siniscalchi, Mariana (56608960100)",1,2,0,0
"Sintov, Nicole D. (26435456800)",0,0,2,13
"Sioshansi, Ramteen (15763872000)",0,0,4,16
"Siqi, Yang (57208526785)",1,1,0,0
"Sirithian, Duanpen (57090915200)",0,0,1,1
"Sirouspour, Shahin (10739850200)",1,1,1,1
"Sisó, Laura (55906681100)",1,1,0,0
"Sivakumar, Bellie (56277793100)",0,0,1,4
"Sivakumar, P. (53871895300)",1,1,0,0
"Sivakumaran, N. (55903958300)",1,2,0,0
"Sivaram, Varun (55566364700)",1,15,1,1
"Sivaranjani, S. (57210320509)",0,0,1,1
"Sivasubramaniam, Anand (7004044420)",1,12,0,0
"Sivrikaya, Fikret (6505985294)",1,1,0,0
"Six, Klaus (16317514700)",0,0,1,1
"Sjöberg, Jonas (57218613709)",1,1,0,0
"Skaggs, Richard L. (55470788900)",0,0,1,3
"Skajaa, Anders (55608464800)",0,0,1,1
"Skarmeta, Antonio F. (7004419066)",2,3,1,1
"Skarmintzos, Vasileios (58551384200)",0,0,1,1
"Skavdahl, Isaac (56001501200)",0,0,1,1
"Skelton, Benjamin (57190289880)",0,0,1,2
"Skitmore, Martin (7003387239)",0,0,2,7
"Skjong, Stian (56291780600)",1,1,0,0
"Skoczylas, Mariusz (55631055700)",1,1,0,0
"Skog, Kenneth E. (35249590300)",0,0,1,10
"Skopik, Florian (27568141600)",0,0,1,2
"Skreiberg, Øyvind (6603490749)",1,2,0,0
"Skrivervik, Anja K. (6701417455)",1,2,0,0
"Skrjanc, Igor (6701316349)",1,1,0,0
"Skrypnyk, Andrii (56667451800)",0,0,1,1
"Skydt, Mathis Riber (57208479699)",1,3,0,0
"Slevogt, Gerrit (57004987600)",0,0,1,2
"Slimane, A. (24178981400)",1,1,0,0
"Sliwa, Benjamin (57193692610)",1,1,0,0
"Slocum, Alexander H. (7003836660)",0,0,1,2
"Slowik, Maciej (55643835800)",1,1,0,0
"Smajla, Ivan (57203622722)",0,0,1,1
"Small, Arthur (44261758800)",0,0,1,2
"Smallbone, Andrew (35773611500)",0,0,1,26
"Smarra, Francesco (55605070300)",1,1,0,0
"Smilek, Jan (56528406100)",1,2,0,0
"Smit, Robin (23490602500)",0,0,1,3
"Smith, Alexander M. (56434722400)",0,0,1,1
"Smith, Amanda D. (55822965800)",2,4,0,0
"Smith, Christopher J. (57191980050)",0,0,1,48
"Smith, David (8696200500)",1,1,0,0
"Smith, J Charles (7410168766)",0,0,1,62
"Smith, Joseph D. (56416673700)",0,0,1,3
"Smith, Joshua R. (54421256200)",1,1,0,0
"Smith, Kevin M. (57208141818)",1,1,1,2
"Smith, Kyle C. (55489781500)",2,14,0,0
"Smith, Matthew K. (55698408900)",0,0,1,2
"Smith, Michael (8384957700)",1,1,2,3
"Smith, Pete (57201748498)",0,0,1,3
"Smith, Philip J. (7408329654)",1,1,0,0
"Smith, Roy S. (7410294153)",0,0,1,2
"Smith, Sean T. (59607180000)",1,1,0,0
"Smith, Steven J (57193073844)",0,0,1,18
"Smits, Alexander J. (7102735299)",1,4,0,0
"Smolarkiewicz, Piotr K. (7004279605)",0,0,1,1
"Smolinka, Tom (8724013000)",0,0,1,1
"Smout, Sophie (23475129400)",0,0,1,2
"Smyth, Carolyn (24605693900)",0,0,1,26
"Smyth, Mervyn (7202702217)",1,1,0,0
"Smyth, Russell (55112813700)",0,0,1,3
"Snaith, Henry J. (8833978100)",2,3,0,0
"Snedden, G. (24072133200)",0,0,1,1
"Snicker, A. (36476856000)",0,0,1,2
"Snigovyi, Oleksandr (56922289100)",0,0,1,3
"Snoussi, H. (59454512800)",1,4,0,0
"Snoussi, Hichem (59454512800)",2,2,0,0
"Snowden, Simon (14831848000)",0,0,1,1
"Snyder, G. Jeffrey (35547214000)",1,3,0,0
"Snyder, Ralph D. (7402214969)",1,42,1,5
"Snyder, Seth W. (57216599226)",1,3,0,0
"So, Albert T.P. (7102882816)",0,0,1,1
"So, Dayeong (58203736700)",1,1,0,0
"So, Jungmin (7102853890)",1,1,0,0
"So, P.L. (7102823654)",2,4,0,0
"So, Shu Kong (7102397805)",1,1,0,0
"Soares, Ana (57226205383)",0,0,1,1
"Soares, Filipe (35115815800)",1,1,1,1
"Soares, Filipe J. (35115815800)",0,0,1,1
"Soares, J. (35436109600)",0,0,1,1
"Soares, Marta Bruno (56741439500)",0,0,1,1
"Soares, Pedro M.M. (7006091410)",0,0,1,1
"Soares, S. (35577417900)",0,0,1,1
"Soares, Tiago (48762149800)",0,0,2,2
"Sobhani, Reza (57714645400)",0,0,1,3
"Sobti, Kanwaldeep (24778974900)",1,8,0,0
"Sodagar, Behzad (36107299000)",0,0,1,1
"Sodano, Henry A (6603243602)",1,1,0,0
"Sodenkamp, Mariya (35070428000)",0,0,1,1
"Soebarto, Veronica (7801674572)",0,0,2,8
Soedibyo (54893123500),0,0,1,1
"Soh, Chew Beng (35202127400)",0,0,1,1
"Soh, Donny Cheng Lock (57410944300)",0,0,1,1
"Soh, Yeng Chai (7102776128)",1,2,0,0
"Sohag, Kazi (56210712000)",0,0,1,1
"Sohail, Ahmed (56506852800)",0,0,1,4
"Sohail, Muhammad (57210231246)",1,1,0,0
"Sohani, Mayank (26534838500)",1,1,0,0
"Soheyli, Farideh (57612222200)",1,1,0,0
"Sohi, Gurindar S. (35582128600)",1,1,0,0
"Sohn, Hong Yong (7201426360)",1,1,0,0
"Sohrabkhani, S. (16069872700)",0,0,1,1
"Soibelman, Lucio (6603239749)",1,6,0,0
"Sojka, Michal (24172839500)",1,6,1,1
"Sokhansanj, Shahab (55550503400)",0,0,1,2
"Sokol, Julia (57190008984)",0,0,1,1
"Sol, Christian (57188690319)",1,4,0,0
"Solano, J.C. (57188697179)",0,0,1,2
"Solaun, Kepa (57195624722)",0,0,1,4
"Soleimani, Maliheh (57191278251)",1,108,0,0
"Soleimanzade, Mohammad Amin (57223442630)",0,0,1,2
"Soleymani, Seyed Ahmad (55875827500)",1,2,0,0
"Soliman, Ahmed M. (7201839953)",1,2,0,0
"Soliman, Mostafa (35613096800)",1,10,0,0
"Soliman, S.A. (7102387336)",1,2,0,0
"Solis Castilla, Roger (57218860667)",1,1,0,0
"Soljačić, Marin (7004342424)",1,5,2,2
"Sollazzo, Adolfo (56019075200)",1,3,0,0
"Solli, Christian (13009034300)",0,0,1,2
"Solmaz, Gurkan (55546456200)",1,2,0,0
"Soltan, Hassan (7003913409)",1,7,0,0
"Soltani, Hamid (25626415500)",0,0,1,2
"Somu, Nivethitha (56414678100)",1,1,1,2
"Son, Donghwan (56229437100)",1,2,0,0
"Son, Heung-Gu (57210990291)",1,2,0,0
"Son, Heung-gu (57210990291)",0,0,1,1
"Son, Hyunsoo (57202392377)",1,2,0,0
"Son, Kiyoung (55180310900)",0,0,1,1
"Son, Le Hoang (36601294900)",0,0,1,1
"Son, Moon (55746242600)",1,1,0,0
"Son, Namrye (8390878100)",1,1,0,0
"Son, Sangwoo (59522880400)",1,1,0,0
"Son, Seung Woo (9733463800)",1,2,0,0
"Son, Seunghyun (57650525400)",0,0,1,1
"Son, Yongju (57216128158)",2,3,0,0
"Son, Young-Suk (25923142100)",1,2,0,0
"Sone, B. (56092058900)",0,0,1,1
"Song, Aiyi (57223966672)",1,1,0,0
"Song, Ce (15830491100)",1,1,0,0
"Song, Chunyue (7403252760)",1,1,0,0
"Song, Dongran (56861620100)",1,1,0,0
"Song, Fanchao (59373545900)",1,1,0,0
"Song, Fangting (59607392300)",1,3,1,1
"Song, Gangbing (7402252860)",1,4,1,1
"Song, Guo-Ping (36728479800)",1,1,0,0
"Song, Han Ho (43861761700)",0,0,1,4
"Song, Hee-eun (55218656400)",1,1,0,0
"Song, Hongtao (35113865100)",1,1,0,0
"Song, Houbing (57199094588)",1,2,0,0
"Song, Hui (35263160400)",1,4,0,0
"Song, Hui (55336557700)",1,1,0,0
"Song, Il-Keun (8274999100)",0,0,1,1
"Song, Jaeman (57201315851)",1,1,0,0
"Song, Jialin (56121655000)",1,1,0,0
"Song, Jiangfeng (58947462200)",1,1,0,0
"Song, Jieru (59367597900)",1,1,0,0
"Song, Jifeng (49461898600)",1,1,0,0
"Song, Jingping (25654100900)",1,2,0,0
"Song, Jinwei (57199025238)",1,1,0,0
"Song, Keunju (58055038700)",1,1,0,0
"Song, Kiwook (42062373800)",1,1,0,0
"Song, Lifei (56449831400)",1,1,0,0
"Song, Liye (35206923600)",1,1,0,0
"Song, Meng (56073530400)",0,0,1,1
"Song, Mengxuan (25227170600)",1,2,0,0
"Song, Min (35244093000)",1,4,0,0
"Song, Minghao (57306416000)",1,1,0,0
"Song, Nakhun (60011494600)",1,1,0,0
"Song, Qingbin (55438506300)",0,0,1,1
"Song, Qingfeng (57192318770)",1,1,0,0
"Song, Qinghua (58410411200)",1,2,0,0
"Song, Renjun (57215545597)",1,2,0,0
"Song, Rui (7202051472)",1,1,0,0
"Song, Ruizhuo (36096195700)",1,1,0,0
"Song, Siao (58186732400)",2,2,0,0
"Song, W.J.R. (57193953747)",1,5,0,0
"Song, Wanqing (25624085700)",1,1,0,0
"Song, Wei (56824803300)",1,1,0,0
"Song, Wenji (26531830300)",1,1,0,0
"Song, Wensheng (21740210500)",1,1,0,0
"Song, Wenzhan (57203596999)",1,1,0,0
"Song, Xiaoxin (57208753192)",0,0,1,1
"Song, Xieqing (57209413928)",2,2,0,0
"Song, Xuan (7402269519)",1,2,1,2
"Song, Xuri (51665805200)",1,1,0,0
"Song, Yang (58089533500)",0,0,1,1
"Song, Yeoung-Seok (60220239000)",1,1,0,0
"Song, Yihang (57222555335)",1,1,0,0
"Song, Yilei (57192087625)",1,1,0,0
"Song, Yonghua (55522831400)",11,14,1,1
"Song, Young Jae (55494038300)",1,3,0,0
"Song, Youyi (56420728300)",1,1,0,0
"Song, Yu (56962989000)",2,3,0,0
"Song, Yu (57191511945)",1,1,0,0
"Song, Yu (57476550500)",1,1,0,0
"Song, Yuan (57219381013)",1,1,0,0
"Song, Yue (58842721300)",1,1,0,0
"Song, Yun-Peng (58634767700)",1,2,0,0
"Song, Zenglu (57215495900)",1,5,0,0
"Song, Zengxu (57223231771)",1,1,0,0
"Song, Zhanlong (8258182100)",1,1,0,0
"Song, Zhe (35321474100)",2,12,1,1
"Song, Ziyou (55532653600)",0,0,1,1
"Sonnenschein, Michael (7003754823)",1,2,1,2
"Soo Son, Hyun (37047746800)",1,1,0,0
"Soo, M.J. (55548106300)",1,13,1,3
"Sood, Divyanshu (57215505985)",0,0,1,1
"Soofastaei, Ali (57074135900)",0,0,1,1
"Soofiabadi, Mahsa (57615366800)",0,0,1,1
"Soong, Wen L. (7005700896)",1,1,0,0
"Sooriyabandara, Mahesh (23393949800)",1,1,1,7
"Soret, A. (36159800500)",0,0,1,2
"Sorge, Christoph (10144020000)",1,1,0,0
"Soria-Alcaraz, J.A. (36976252700)",1,1,0,0
"Soriaga, Joseph B. (6508386315)",1,1,0,0
"Soriano, Francisco (55664006800)",1,3,0,0
"Sorjamaa, Antti (8875442800)",1,2,1,2
"Sorniotti, Aldo (55947984400)",1,3,0,0
"Soro, Yrébégnan Moussa (23470478100)",0,0,1,1
"Soroosh, Mohammad (56251907200)",1,1,0,0
"Soroush, Ebrahim (58447190700)",1,1,0,0
"Sorrentino, Giancarlo (39362239600)",0,0,1,1
"Sorribas, Mino V. (56671258300)",0,0,1,13
"Sosonkina, Masha (17435910000)",1,2,0,0
"Soteriou, Marios C. (6603926365)",1,1,0,0
"Soteriou, Vassos (10044515100)",1,2,0,0
"Sotiropoulos, Fotis (7003581647)",0,0,1,2
"Soto, Ricardo (24403038600)",1,3,0,0
"Souleyrette, Reginald R. (6701434661)",0,0,1,23
"Sousa, Gustavo (57194590193)",0,0,1,1
"Sousa, João (57464638300)",1,2,1,1
"Sousa, T. (56351991400)",0,0,1,1
"Souza, Leonardo R. (59995144000)",0,0,1,13
"Souza, Reinaldo (8432496900)",0,0,1,2
"Souza, Reinaldo C. (8432496900)",0,0,1,1
"Souza, Reinaldo Castro (8432496900)",0,0,2,3
"Souza, Richard Demo (7102113656)",1,2,0,0
"Sovacool, Benjamin K. (9333655700)",0,0,1,8
"Sowell, Fallaw (6506316171)",1,1,1,4
"Sowlati, Taraneh (7004194496)",0,0,1,2
"Soyguder, Servet (19337897900)",2,4,0,0
"Soytas, Ugur (56016958000)",0,0,3,12
"Spada, F. (56641024100)",0,0,1,2
"Spada, Francesco (56641024100)",0,0,3,8
"Spagnolo, F. (56506851000)",1,10,0,0
"Spandana, K. (59337925400)",0,0,1,1
"Spanias, Andreas (7006177932)",1,1,0,0
"Sparacino, Adam R. (36702290900)",0,0,1,2
"Sparling, Carol E. (14039385800)",0,0,1,2
"Spataru, Catalina (26039534700)",0,0,1,4
"Spataru, Sergiu Viorel (36348803600)",1,1,0,0
"Spencer, Steven J. (57217483682)",1,1,0,0
"Sperandio, M. (36769271100)",1,1,0,0
"Sperati, S. (55625600000)",1,3,1,4
"Spertino, Filippo (6506544422)",1,2,0,0
"Spiessens, Fred (8700996500)",0,0,1,1
"Spiliotis, Evangelos (56342584200)",1,1,0,0
"Spiller, Matteo (57951567400)",1,1,0,0
"Spina, Pier Ruggero (6603761616)",0,0,1,1
"Spinti, Jennifer P. (6508118085)",1,1,0,0
"Spitsen, Paul (57224587487)",0,0,1,1
"Sposito, Giuseppe (15137553700)",1,3,0,0
"Springer, Martin (57189683284)",0,0,1,2
"Springer, Rob (9737942300)",1,1,0,0
"Sproewitz, Tom (35782431700)",1,2,0,0
"Sproul, A.B. (7003973487)",0,0,1,7
"Sproul, Alistair (7003973487)",1,1,0,0
"Spurgeon, Jonathan J. (56340832900)",0,0,1,1
"Squartini, Stefano (6507753695)",1,1,1,2
"Srebric, Jelena (6602942930)",2,10,4,5
"Sreekumar, S. (57156166000)",1,1,0,0
"Sreevalsan, E. (15078426500)",1,1,0,0
"Sretenović, Aleksandra A. (54962449900)",0,0,1,3
"Sridhar, Gopisetti (7006168159)",0,0,1,1
"Srikumar, Vivek (25926720800)",1,1,0,0
"Srinivas, T. (7005687921)",0,0,1,1
"Srinivasa, Narayan (56028528300)",1,1,0,0
"Srinivasa, Siddhartha (6602084313)",1,1,0,0
"Srinivasan, Arvind (58595469600)",0,0,1,1
"Srinivasan, Dipti (7006684979)",4,6,2,2
"Srinivasan, Ravi S. (56683960500)",0,0,1,1
"Srinivasan, Suresh (7402912641)",1,12,0,0
"Srinivasn, Suresh (58717108500)",0,0,1,1
"Sriram, Lalitha Madhavi Konila (57201094407)",0,0,1,1
"Sriram, Shreeya (57219767291)",1,1,0,0
"Srirama, Satish (14632859900)",0,0,1,1
"Srisa-An, Witawas (6603394806)",1,5,1,1
"Srivastava, Adhishree (57129613500)",1,1,0,0
"Srivastava, Ankur (35785105900)",1,3,0,0
"Srivastava, Anurag K. (35243843300)",0,0,1,1
"Srivastava, Mani (35599699800)",1,1,0,0
"Srivastava, Mani B. (35599699800)",1,1,0,0
"Srivastava, Rohit K. (57192589536)",1,1,0,0
"Srivastava, Sanjeev K. (57217859402)",1,1,1,1
"Srivastava, Shikhar (57676108100)",1,1,0,0
"St-Gelais, Raphael (25422680600)",1,3,0,0
"Staake, T. (12753897800)",0,0,1,1
"Staake, Thorsten (12753897800)",0,0,1,1
"Stabile, R. (25229512100)",1,1,0,0
"Stabile, Ripalta (25229512100)",2,38,0,0
"Stacey, M. Ben (57201027473)",0,0,1,18
"Stackhouse Jr., Paul W. (6602844274)",0,0,1,1
"Stadermann, Michael (13607103900)",1,3,0,0
"Stadler, Michael (57221796951)",0,0,1,1
"Stadler, Michael (7103237238)",1,2,1,2
"Stadler, Peter F. (7102702401)",1,2,1,1
"Staffell, I. (23101313800)",0,0,1,14
"Staid, Andrea (55759582600)",0,0,3,11
"Staino, Andrea (36053520000)",0,0,1,1
"Stallard, Tim (24278974100)",0,0,1,1
"Stallknecht, Eric J. (57224677417)",0,0,1,1
"Stamatakis, Michail (7004483530)",1,3,0,0
"Stammler, Matthias (57191956247)",0,0,1,1
"Stamoulis, George (7003773174)",1,1,0,0
"Stamp, M.F. (7005377624)",0,0,1,1
"Stamp, Samuel (55906864200)",0,0,1,1
"Stan, Sergiu (22235564200)",1,2,0,0
"Standardi, L. (56028534300)",0,0,1,1
"Standeven, M. (6603155062)",0,0,1,8
"Stanev, Stanislav (57209825999)",1,1,1,27
"Stang, Jacob (23994565700)",0,0,1,1
"Stangl, Rolf (7003914574)",0,0,1,2
"Stankovic, Konstantina M. (6603737931)",1,2,0,0
"Stanojev, Igor (21743710900)",1,1,0,0
"Stanzione, Stefano (25928834100)",1,1,0,0
"Starbuck, C.M. (6603614264)",0,0,1,1
"Starck, J.-L. (7005106453)",1,3,0,0
"Stark, J.P.W. (8661991300)",1,21,0,0
"Stasinopoulos, Peter (53985479600)",0,0,1,1
"Statscewich, Hank (55308085700)",0,0,1,2
"Staver, Tiril Toftdahl (57160345500)",0,0,1,1
"Stavrakas, Vassilis (56700348300)",0,0,1,3
"Stazi, Francesca (26422608200)",1,1,1,2
"Stańczak, Slawomir (35617325800)",1,1,0,0
"Steadman, J. Philip (7004098734)",0,0,1,10
"Stec, W.J. (7006236888)",0,0,1,1
"Steefel, Carl I. (6701579207)",0,0,1,1
"Steel, E. Ashley (7007128610)",0,0,1,13
"Steemers, Koen (6602734158)",1,2,6,18
"Steen, David (36678268300)",1,1,0,0
"Stefanakos, E. (35566011200)",1,2,1,5
"Stefanescu, I. (59581673000)",1,2,0,0
"Stefanopoulou, Anna G. (7003366932)",0,0,1,1
"Steffen, Bjarne (55060584400)",0,0,1,8
"Steg, Linda (6602228540)",0,0,1,23
"Steger, Mark (15081723500)",0,0,1,2
"Steierer, Florian (36683132400)",0,0,1,13
"Stein, Joshua S. (36635104600)",1,5,1,3
"Steinbach, Jan (36140791600)",0,0,1,2
"Steinboeck, A. (23670701100)",2,2,0,0
"Steinbuch, Maarten (7005859475)",2,35,0,0
"Steiner, Andrea (57150132600)",0,0,1,2
"Steiner, Monika (37262024800)",0,0,1,16
"Steiner, Myles A. (24339457300)",0,0,1,2
"Steiner, Peter (57200078813)",1,2,0,0
"Steinert, Rick (56448362600)",1,2,0,0
"Steinfeld, A. (7103257674)",2,4,2,3
"Steinfeld, Gerald (16069716600)",0,0,1,2
"Stelmakh, Veronika (54790192800)",0,0,1,1
"Stempien, Jan Pawel (55329735800)",1,1,0,0
"Stenstrom, Michael K. (7005311075)",0,0,1,3
"Stenström, Per (7006121518)",1,4,0,0
"Stentoft, P.A. (57194051342)",0,0,1,4
"Stenzel, Peter (55984652600)",0,0,1,1
"Stephani, Ribka (56437617200)",0,0,1,1
"Stephen, Bruce (8375894400)",0,0,1,2
"Stephen, Gord (57210311733)",0,0,2,9
"Stephens, Brent (36082158500)",0,0,2,3
"Stephenson, P. (7103060239)",1,2,0,0
"Stergiopoulos, Fotis (57194391245)",0,0,1,2
"Sterk, G.R. (15736422000)",1,5,0,0
"Stern, Michael C. (59081029000)",1,33,0,0
"Sternad, Mikael (7004070539)",1,1,0,0
"Steuer, Ralf (56074447600)",1,2,0,0
"Stevanovic, Z. (23052921800)",0,0,1,14
"Stevanović, Vladimir (7003854350)",0,0,1,2
"Stevens, Gary C. (7201900964)",1,1,0,0
"Stewart, Daniel (16643615700)",0,0,1,1
"Stewart, R.A. (58023802000)",0,0,1,1
"Stewart, Rodney A. (58023802000)",0,0,4,6
"Steyn, Karel (57194102369)",0,0,1,2
"Steynor, Jeffrey (56893845800)",0,0,1,1
"Stiff, George (57195450502)",0,0,1,2
"Stigka, Eleni (55797140700)",0,0,1,1
"Still, Dean (16204319700)",0,0,1,27
"Stinner, Sebastian (55907344000)",1,2,1,2
"Stjelja, Davor (57210915588)",1,1,0,0
"Stluka, Petr (22036250200)",1,1,0,0
"Stoffel, Markus (57202563842)",0,0,1,10
"Stoft, Steven E. (6602725851)",1,1,1,6
"Stogiannos, Marios (55776473700)",1,1,0,0
"Stoiko, Allisandra (56979410200)",0,0,1,1
"Stojcevski, Alex (55884935900)",1,1,0,0
"Stokes-Draut, Jennifer (8428916100)",0,0,1,3
"Stoll, Sean (7007158059)",1,1,0,0
"Stoller, Roger (7005831124)",0,0,1,2
"Stolper, Samuel (57201366639)",0,0,1,19
"Stolten, D. (8973079500)",0,0,1,1
"Stolten, Detlef (8973079500)",0,0,1,1
"Stolz, Theodore (56012914700)",1,1,0,0
"Stone, Adrian (57072608700)",0,0,2,3
"Stone, Christopher (57188665315)",0,0,1,3
"Stone, Michael L. (57197817261)",1,2,0,0
"Stoner, Oliver (57208584145)",0,0,1,13
"Stoppato, A. (6602314818)",0,0,1,2
"Storer, James A. (57000678400)",1,5,0,0
"Storiz, Paul (56012220200)",1,1,0,0
"Stothert, Alec (6602435575)",1,8,0,0
"Stott, Jacklynn (57226390831)",1,2,1,17
"Stoutenburg, Eric D. (36057765000)",0,0,1,1
"Stover, R.L. (8379768600)",1,1,0,0
"Strach, T. (15754541000)",1,3,0,0
"Strachan, Paul (23967188800)",0,0,1,1
"Stramosk, Vinicius (56027560500)",1,2,0,0
"Strand, Kerstin (16029281800)",0,0,1,2
"Strapp, Walter (6603260116)",0,0,1,3
"Straub, Tobias (57215429778)",1,1,0,0
"Stravoravdis, Spyridon (24399947900)",0,0,1,5
"Strazzeri, S. (22981327300)",1,8,0,0
"Strbac, Goran (56643291900)",3,9,4,86
"Street, Alexandre (24537878900)",0,0,1,2
"Streets, David G. (7006461606)",0,0,1,1
"Streimikiene, Dalia (57195415199)",1,1,2,32
"Streltsov, Artem (57207876828)",0,0,1,1
"Strengers, Yolande (6506783906)",0,0,1,12
"Strielkowski, Wadim (36620065300)",0,0,1,1
"Striolo, Alberto (6602824221)",1,3,0,0
"Strommer, S. (55538721700)",2,2,0,0
"Struckl, Walter (50162372000)",1,1,0,0
"Strunz, Kai (6602537242)",1,3,0,0
"Strużyk, Adam (54997934800)",0,0,1,1
"Ström, Henrik (25936929500)",1,2,0,0
"Stuckelberger, Michael (36675941400)",0,0,1,4
"Stuckenschmidt, Heiner (6603168933)",1,1,0,0
"Studnička, Filip (57190321908)",1,2,0,0
"Stuivenvolt-Allen, Jacob (57222015659)",0,0,1,1
"Stulp, Freek (55891892900)",1,7,0,0
"Stumpf González, Marco Aurélio (56168332400)",0,0,1,1
"Sturt, Alexander (51864866400)",0,0,1,6
"Stöcker, Philipp (56979906900)",0,0,1,1
"Stănică, Justina-Lavinia (35119360600)",0,0,1,1
"Su'ait, M.S. (57223117728)",1,1,0,0
"Su, Alvin W. Y. (8433191700)",1,3,0,0
"Su, Baichuan (57204725430)",1,1,0,0
"Su, Chenbo (55514803600)",1,1,0,0
"Su, Danyang (24485800300)",0,0,1,1
"Su, Fei (56044988500)",1,1,0,0
"Su, Feiming (60301239100)",1,1,0,0
"Su, G.H. (55957493100)",1,2,0,0
"Su, Guosheng (35763118600)",1,2,0,0
"Su, Hanguang (57190878085)",1,1,0,0
"Su, Heng-Yi (57149487200)",2,2,0,0
"Su, Hongye (7401459370)",3,6,0,0
"Su, Huai (57196454267)",1,1,0,0
"Su, Huaying (56709128300)",1,1,0,0
"Su, Jia (57193613862)",1,1,0,0
"Su, Jianhai (57217476574)",1,1,0,0
"Su, Lyuwen (57203715489)",1,1,0,0
"Su, Rong (23393946900)",1,1,0,0
"Su, Shen (58349514700)",1,1,0,0
"Su, Shi (20735399600)",0,0,1,1
"Su, Shi (57212420501)",1,5,0,0
"Su, Shu (55994516600)",0,0,1,1
"Su, Shun-Feng (7402030152)",1,2,0,0
"Su, Tao (57302523100)",1,1,0,0
"Su, Ting-Li (57158430800)",1,2,0,0
"Su, Wencong (36678172400)",1,1,0,0
"Su, Xianli (56978558200)",1,1,0,0
"Su, Xin (57202157673)",2,2,0,0
"Su, Xing (22136994500)",1,1,0,0
"Su, Xu (59046214800)",1,1,0,0
"Su, Xuan (35103656900)",1,5,0,0
"Su, Yan (51564817600)",2,6,0,0
"Su, Ying-Ming (36976535900)",0,0,1,1
"Su, Yongxin (23111807800)",3,5,0,0
"Su, Yu-Li (36938569200)",0,0,1,4
"Su, Yuehong (7404457133)",0,0,1,1
"Su, Yuelong (36121552800)",1,4,1,1
"Su, Zhongbin (8888374100)",1,1,0,0
"Su, Zhongyue (60169870500)",1,1,0,0
"Suarez, Rafael (7102580437)",0,0,1,1
"Subahi, Ahmad F. (57211426168)",1,2,0,0
Subanar (35801302800),0,0,1,1
"Suboyin, Abhijith (57203937073)",1,2,0,0
"Subramaniam, Balaji (24766631200)",1,2,0,0
"Subramaniam, Umashankar (57199091461)",1,1,0,0
"Subramanian, Hariharan (57203200507)",1,14,0,0
"Subramanyan, Karthik (8212517100)",1,2,0,0
"Sudha, S. (57220905923)",1,1,0,0
"Sudhakar, K. (57203257556)",0,0,1,1
"Sudret, Bruno (6603259697)",0,0,1,1
"Sue, Jonathan Ah (57193135486)",1,1,0,0
"Suganthan, Ponnuthurai Nagaratnam (7003996538)",1,7,0,0
"Suganthi, L. (57990060100)",2,2,1,1
"Suganyadevi, M.V. (35146600200)",1,1,0,0
"Sugar, Joshua D. (7102959686)",1,2,0,0
"Sugar, Thomas G. (7003704339)",1,13,0,0
"Sugarmen, Chemi (9246009100)",1,6,1,2
"Sugi, Junjiro (6602341504)",1,1,0,0
"Sugiyama, Masakazu (7402826923)",1,2,0,0
"Suhaimi, Nik Hazmi Nik (58094687100)",1,2,0,0
"Suhling, Jeffrey C. (7006069306)",1,1,0,0
"Sui, Minghao (7005146515)",1,1,0,0
"Sui, Quan (57201011990)",1,1,0,0
"Sui, Ran (57217508676)",0,0,1,1
"Sui, Shanshan (57215721529)",1,1,0,0
"Sulaiman, Shaharin Anwar (37114658100)",0,0,1,1
"Sulamaa, Pekka (6508379132)",0,0,1,1
"Sulandari, Winita (57031948900)",0,0,1,1
"Sullivan, Neal P. (26634464600)",0,0,1,2
"Sulowicz, Maciej (15124876700)",1,1,0,0
"Sultan, Cornel (7101863963)",1,2,0,0
"Sultan, Hameedah (56185627400)",1,1,0,0
"Sumaili, J. (37105068400)",0,0,1,2
"Sumi, Kazuyoshi (36869041800)",1,1,0,0
"Summerbell, Daniel L. (57191428868)",0,0,1,2
"Summerfield, A. (25643378500)",0,0,1,14
"Summerfield, A.J. (25643378500)",0,0,2,9
"Summerfield, Alex J. (25643378500)",0,0,1,10
"Summers, Jonathan (7202483248)",0,0,1,2
"Summerville, Brent (55457572600)",0,0,1,3
"Sumner, Mark (14632813800)",1,1,0,0
"Sumner, Ryan (57212452550)",1,2,0,0
"Sun, Bei (55460745900)",2,2,0,0
"Sun, Biao (36621417400)",2,4,1,1
"Sun, Bingxiang (7401984491)",1,1,0,0
"Sun, Bo (56440622700)",1,1,0,0
"Sun, Bo (56508745600)",0,0,1,3
"Sun, Bo (57553318600)",1,1,0,0
"Sun, Chao (51162061100)",1,1,1,1
"Sun, Chao (55364440600)",1,4,0,0
"Sun, Chao (59179770800)",1,1,0,0
"Sun, Cheng (55124437000)",1,1,0,0
"Sun, Daniel (7403968254)",1,2,0,0
"Sun, Donghuai (7403968632)",1,1,0,0
"Sun, Duo (58569261100)",1,1,0,0
"Sun, Fan-Keng (57204967656)",1,12,0,0
"Sun, Fengchun (7401804038)",0,0,1,1
"Sun, Gang (36624303100)",1,1,0,0
"Sun, Guangyu (57219325799)",1,2,0,0
"Sun, Guoqiang (9236400000)",6,8,1,1
"Sun, H.S. (59049447400)",1,1,0,0
"Sun, Haifeng (55729290400)",1,1,0,0
"Sun, Haiwang (58086775600)",1,1,0,0
"Sun, Haiying (57200325122)",1,1,0,0
"Sun, Hang (59471732900)",1,1,0,0
"Sun, He (59211426400)",1,1,0,0
"Sun, Hexu (7404827449)",4,4,0,0
"Sun, Hongbin (56420772800)",1,1,0,0
"Sun, Hongbin (7404827571)",2,2,2,2
"Sun, Hongchang (57196450680)",1,2,0,0
"Sun, Hongjun (57211441753)",1,1,0,0
"Sun, Huadong (7404827733)",1,2,0,0
"Sun, Huaping (56645203200)",0,0,1,1
"Sun, J.W (56171687700)",0,0,1,1
"Sun, Ji Wu (13608899300)",0,0,1,2
"Sun, Jian (35231620600)",1,5,0,0
"Sun, Jian-Qiao (55562095300)",1,2,0,0
"Sun, Jianying (60234215400)",1,1,0,0
"Sun, Jifeng (55702096600)",1,3,0,0
"Sun, Jing (15844090900)",2,3,0,0
"Sun, Jing (57209194382)",1,1,0,0
"Sun, Jing-Qi (36769246200)",1,1,0,0
"Sun, Jingsong (57223789441)",1,1,0,0
"Sun, Jiwei (55557282100)",1,2,0,0
"Sun, Kai (56150499000)",1,1,0,0
"Sun, Kai (58897169600)",1,1,0,0
"Sun, Kaiyu (56175457000)",1,1,1,11
"Sun, Kang (55574571900)",1,1,0,0
"Sun, Kang (57365428900)",1,1,0,0
"Sun, Kun (57411580600)",1,1,0,0
"Sun, Lei (56399609600)",1,2,0,0
"Sun, Li (25931025700)",1,1,0,0
"Sun, Li (56168337900)",1,1,0,0
"Sun, Li (57747871500)",1,1,0,0
"Sun, Li (58955538800)",1,1,0,0
"Sun, Lijie (56362818700)",1,2,0,0
"Sun, Limin (35308519200)",1,3,0,0
"Sun, Liping (56991722300)",1,1,0,0
"Sun, Liyuan (59133852000)",1,1,0,0
"Sun, Meng (57413822500)",1,1,0,0
"Sun, Mingjian (42162312100)",1,1,0,0
"Sun, Mingyang (57191096698)",1,1,0,0
"Sun, Mucun (57207440963)",0,0,1,3
"Sun, Muxia (55510882800)",1,1,0,0
"Sun, Nian X. (7202557288)",1,4,0,0
"Sun, Nianqi (58483449000)",1,1,0,0
"Sun, Nuo (58982080100)",1,1,0,0
"Sun, Pei-Li (7202976027)",1,1,0,0
"Sun, Pengfei (57198701063)",1,1,0,0
"Sun, Qiang (55728251200)",1,1,0,0
"Sun, Qiming (38562223400)",1,1,0,0
"Sun, Qiu (57919081000)",1,1,0,0
"Sun, Qiuye (57698922600)",1,1,0,0
"Sun, Quan (57806814200)",1,1,0,0
"Sun, Ran (58574251000)",0,0,1,2
"Sun, Renhao (58018718600)",1,1,0,0
"Sun, Renjin (35280861800)",0,0,1,1
"Sun, Renjuan (36495889600)",0,0,1,1
"Sun, Rongfu (55382285900)",1,1,0,0
"Sun, Rui (57203433646)",1,1,0,0
"Sun, Runjia (57189304976)",1,1,0,0
"Sun, Shanfeng (57216623125)",1,1,0,0
"Sun, Shanxun (57193671157)",0,0,1,1
"Sun, Shaolong (57193552421)",2,3,0,0
"Sun, Shishuang (7404509392)",1,1,0,0
"Sun, Shuai (57202070398)",1,4,0,0
"Sun, Shumin (16305707600)",1,1,0,0
"Sun, Shuyan (57219604310)",1,2,0,0
"Sun, Tianle (59377313200)",1,1,0,0
"Sun, Tianyi (57225185175)",2,2,0,0
"Sun, Ting (56230794000)",0,0,1,16
"Sun, Wei (57217329504)",1,1,0,0
"Sun, Wei (7404011052)",1,1,0,0
"Sun, Weiyi (57209785646)",2,2,0,0
"Sun, Wenbo (57321603300)",0,0,1,2
"Sun, Wenjian (57373438800)",1,1,0,0
"Sun, Wenxuan (57224474159)",1,1,0,0
"Sun, Wenxue (58745763200)",1,1,0,0
"Sun, Xianzhuo (57221305266)",1,2,0,0
"Sun, Xiaodong (55727911400)",0,0,1,1
"Sun, Xiaofeng (56159167000)",1,1,0,0
"Sun, Xiaohui (57203034785)",1,1,0,0
"Sun, Xiaojing (55727908000)",0,0,1,8
"Sun, Xiaolong (58900527000)",1,1,0,0
"Sun, Xiaoyan (56191311900)",1,2,0,0
"Sun, Xingshu (56799338000)",0,0,2,3
"Sun, Yanbai (59447444900)",1,1,0,0
"Sun, Yanfei (8432928100)",1,1,0,0
"Sun, Yao (57192200363)",1,1,0,0
"Sun, Yi (55570878500)",2,4,0,0
"Sun, Yichuang (7406432980)",1,1,0,0
"Sun, Yichun (57194048529)",1,1,0,0
"Sun, Yifan (58974246100)",1,1,0,0
"Sun, Yimeng (55946157900)",1,1,0,0
"Sun, Yingyun (7408371539)",2,3,0,0
"Sun, Yiqian (56783386900)",2,2,0,0
"Sun, Yiyang (57753989700)",1,2,0,0
"Sun, Yong (56991642600)",1,1,1,3
"Sun, Yongjun (56374221200)",1,2,2,4
"Sun, Yongkai (57218667686)",1,1,0,0
"Sun, Yu (59398676000)",1,1,0,0
"Sun, Yuanliang (57216977891)",1,1,1,4
"Sun, Yuanzhang (57203963123)",1,1,0,0
"Sun, Yuanzhang (7406430596)",1,2,2,4
"Sun, Yuchi (56555419900)",0,0,1,6
"Sun, Yuying (56174853600)",3,3,0,0
"Sun, Zhaohui (57547598700)",1,1,0,0
"Sun, Zhaowei (7404240577)",1,1,0,0
"Sun, Zhen'Ao (59090611100)",1,1,0,0
"Sun, Zhiwei (56576692900)",1,1,0,0
"Sun, Zhiyu (57214376547)",1,2,0,0
"Sun, Zhongwei (35485956200)",0,0,1,1
"Sun, Zhongwei (57209261810)",1,1,0,0
"Sun, Ziyi (57224104306)",1,2,0,0
"Sun, Zongxuan (7404239358)",0,0,1,2
"Sun, zexian (57190289305)",1,1,0,0
"Sundaram, Senthilarasu (57190937321)",1,1,0,0
"Sundberg, J. (57193883470)",0,0,1,3
"Sundberg, Jan (35895109400)",0,0,1,2
"Sunder, R. (57216770868)",1,1,0,0
"Sunderam, Vaidy (7005423913)",1,1,0,0
"Sundriyal, Vaibhav (50861793400)",1,2,0,0
"Sung, Dan Keun (7101685092)",2,2,0,0
"Sung, Wen-Tsai (7102749669)",1,3,0,0
"Sunikka-Blank, Minna (35077230100)",0,0,1,65
"Suo, C. (57193231720)",0,0,1,1
"Superfine, Richard (7004441945)",1,3,0,0
"Suprun, Nikita (59745108400)",1,1,0,0
"Surender Reddy, S. (58897438800)",0,0,1,1
"Suresh, Raghavi (59209114500)",0,0,1,2
"Suresh, Vishnu (57210466291)",1,1,0,0
"Suri, Dhruv (57216966719)",0,0,1,1
"Surya, Charles (7003939256)",1,1,0,0
"Susin, Altamiro (6603924808)",1,1,0,0
"Suslov, K.V. (36926392500)",0,0,1,1
"Susorova, Irina (55541581500)",0,0,1,2
"Suter, Clemens (37119474100)",0,0,1,1
"Sutha, S. (56110048300)",0,0,1,1
"Sutherland, Duncan (57194157326)",0,0,1,1
"Sutherland, John W. (7202056238)",0,0,1,2
"Sutphin, Andrew L. (56535381500)",0,0,1,11
"Suttakul, Pana (56724686000)",0,0,1,1
"Suttrop, W. (7005446550)",1,1,0,0
"Suvarnaraksha, Apinun (43462135900)",0,0,1,8
"Suwankawin, Surapong (6506692490)",1,1,0,0
Suyanto (56843711600),0,0,1,1
"Suzudo, Tomoaki (55931890400)",0,0,1,2
"Suzuki, Akio (55454105600)",1,3,1,1
"Suzuki, T. (7409095896)",1,6,0,0
"Suzuki, Tatsuya (55628567602)",2,11,0,0
"Suárez Medina, R. (7102580437)",0,0,1,2
"Suárez, Jaime Durán (57216694243)",1,2,0,0
"Suárez, Rafael (7102580437)",0,0,3,4
"Suárez-Ojeda, María Eugenia (15763588400)",0,0,1,1
"Svanbayev, Yeldos (54906220800)",1,1,0,0
"Svedlindh, P. (7006347551)",1,1,0,0
"Svendsen, Svend (6603789284)",1,2,0,0
"Svennevig, Paul Ragnar (57200659973)",2,4,0,0
"Svensson, Tommy (35389765200)",1,1,0,0
"Svento, Rauli (56032109800)",0,0,1,2
"Svidt, Kjeld (6507599678)",2,4,0,0
"Svoma, B.M. (25926669000)",1,1,1,1
"Swager, Timothy M. (7103104771)",1,1,0,0
"Swamy, M.N.S. (35598607400)",1,2,0,0
"Swan, William (6701807920)",1,2,0,0
"Swarna, K.S.V. (57196082280)",1,1,0,0
"Swarnkar, Abhishek (57218247606)",1,2,0,0
"Swart, H.C. (7005656111)",0,0,1,1
"Swartz, Christopher L.E. (7102202663)",0,0,1,2
"Swathika, O. V. Gnana (57191034658)",1,1,0,0
"Swati, Raees Fida (57188550877)",1,1,0,0
"Sweeney, C. (14065570000)",0,0,1,1
"Sweeney, S.J. (7102671978)",1,1,0,0
"Sweerts, Bart (57204967614)",0,0,1,11
"Swider, Derk J. (6506944315)",0,0,1,5
"Swinand, Gregory P. (7801438559)",0,0,1,1
"Swirhun, Paul (57190486918)",1,4,0,0
"Swyer, Michael W. (56012784800)",0,0,1,2
"Syauqi, Ahmad (57608664200)",2,2,0,0
"Syed Abdullah, Sharifah Mastura (35118294200)",0,0,1,1
"Syed, Abdul Momin (58283395600)",1,1,0,0
"Syed, Dabeeruddin (57215586887)",1,1,0,0
"Syed, Miswar A. (57221662495)",0,0,1,1
"Syme, Mike (8041657600)",0,0,1,2
"Symeonidis, A.L. (7004087388)",0,0,1,1
"Symmonds, Mkael (6507118437)",0,0,1,4
"Symonds, Phil (58601888700)",0,0,1,1
"Syndicus, Marc (57194943218)",1,1,0,0
"Synnefa, A. (14049323300)",0,0,1,1
"Synnefa, Afroditi (14049323300)",0,0,1,8
"Sypuła, Michał (36104849400)",0,0,1,1
"Syrimpeis, Vasileios (36460186500)",0,0,1,1
"Syron, Eoin (23983269900)",0,0,1,7
"Syu, Jia-Hao (57208629793)",1,1,0,0
"Szabados, Robert L. (54421307500)",1,1,1,1
"Szabo, Laszlo (56250137600)",0,0,1,3
"Szabo, Sandor (57193861231)",0,0,1,3
"Szejka, Anderson Luis (55504511100)",0,0,1,1
"Szklo, A. (6603803125)",0,0,1,1
"Sznajder, Maciej (55848736400)",1,2,0,0
"Szolgayova, Jana (23974057700)",0,0,1,12
"Szymanek, Mariusz (25930186900)",1,1,0,0
"Sáenz, Jon (7006174511)",0,0,2,2
"Sáez, Doris (7003391037)",1,1,0,0
"Sánchez Gómez, Santiago (57217728821)",0,0,1,1
"Sánchez, P. (7201503924)",1,1,0,0
"Sánchez-Calderón, Ismael (57211532645)",1,2,0,0
"Sánchez-Esguevillas, Antonio (6504458933)",1,3,1,1
"Sévi, Benoît (17435745700)",0,0,1,9
"Sîrbu, Alina (35622427700)",1,2,0,0
"Söder, Lennart (6603381455)",0,0,2,85
"Söderström, Mats (57197122723)",1,1,1,3
"Søndergaard, Anders A. (59284287300)",0,0,1,2
"Sørensen, Bent (7201532455)",0,0,1,1
"Sørensen, J.D. (7403200698)",1,3,0,0
"Sørensen, Jens N. (7403200662)",0,0,1,1
"Sørensen, Trine (22981314200)",0,0,1,1
"T'Jollyn, Ilya (57193810123)",0,0,1,2
"Tabaczynski, Waldemar (57212621551)",1,5,0,0
"Tabasi, Sanaz (57192983059)",0,0,1,1
"Tabet, I. (56380586700)",0,0,1,1
"Tabet, Ismail (56380586700)",0,0,1,1
"Tabie, Marc (55418863100)",1,4,0,0
"Taboada, M.E. (7006962174)",0,0,1,9
"Tabone, Michaelangelo D. (25655567200)",0,0,1,2
"Tadeo, Fernando (7003860727)",1,2,1,2
"Tadiwose, Tassew (58131662200)",0,0,1,4
"Tafer, Hakim (23135615600)",1,2,1,1
"Tag Eldin, Elsayed (58895152200)",1,1,0,0
"Taghavifar, Hamid (55582643500)",1,1,1,3
"Taghavipour, Amir (35108277700)",1,1,0,0
"Taghizadeh-Hesary, Farhad (56291956400)",0,0,1,1
"Tagliafico, Luca A. (6604087161)",0,0,2,11
"Taheri, Saman (57215212971)",1,2,0,0
"Taheri, Shamsodin (55390995800)",0,0,1,2
"Tahim, André Pires Nóbrega (54791398200)",1,2,0,0
"Tahir, Furqan (57201605786)",0,0,2,2
"Tahir, Muhammad Faizan (57208808470)",1,1,0,0
"Tahir, Touseef (59186384900)",1,2,0,0
"Tahmasebi, Farhang (56367480500)",0,0,1,1
"Tahmasebinia, Faham (25637948000)",0,0,1,1
"Tai, Jen-Kuo (57219988301)",1,1,0,0
"Tai, Nengling (7005754800)",1,1,0,0
"Tai, Yonghang (36984437500)",4,6,0,0
"Taibi, Emanuele (50462385800)",0,0,1,4
"Taiebat, Morteza (57192594331)",0,0,1,19
"Tait, Alexander N. (36967647400)",1,86,1,2
"Tak, Geum-Young (8907361600)",1,1,0,0
"Takagi, Shinichi (7401494794)",1,1,0,0
"Takano, Hirotaka (54394480500)",1,1,0,0
"Takashima, Takumi (7202165529)",0,0,1,2
"Takehara, Masanori (57220428166)",1,3,0,0
"Takemura, Yasushi (7101874314)",1,5,0,0
"Takenaka, Mitsuru (7102442531)",1,1,0,0
"Takeuchi, Akira (37016738600)",1,1,0,0
"Takeuchi, Ichiro (7102900497)",1,4,1,4
"Takeuchi, Ken (35365285600)",1,4,0,0
"Taki, Morteza (54413207500)",0,0,1,4
"Talaei, Mohammad (59877635900)",1,1,0,0
"Talavera-Llames, R. (57188871755)",1,3,1,4
"Talavyria, Mykola (57203750220)",0,0,1,1
"Talbot, G. (38362212100)",1,13,1,24
"Taleb, Hussein (37018902600)",1,1,0,0
"Talebpour, Faraz (56951149600)",1,1,0,0
"Talin, A. Alec (57136554400)",1,2,0,0
"Taliotis, Constantinos (56040709900)",0,0,1,7
"Talja, Risto (6602887306)",0,0,1,1
"Tallaksen, Joel (24367480500)",0,0,1,1
"Tam, Ho Won (57190753526)",1,1,0,0
"Tamaura, Yutaka (7005919262)",1,3,1,1
"Tambani, Chiara (55524318200)",0,0,1,2
"Tamboli, Adele C. (16242492100)",0,0,1,2
"Tamburrelli, Giordano (30567801500)",1,2,0,0
"Tamhane, T.V. (54411294800)",1,4,0,0
"Tamhane, Tushar V. (54411294800)",1,2,0,0
"Tammi, Kari (23020285600)",1,1,3,4
"Tamrat, Bimrew (55597495300)",0,0,1,4
"Tan, Chin-Seang (57194199156)",0,0,1,1
"Tan, Dapeng (15119343100)",1,2,0,0
"Tan, E.P. (55956797300)",1,11,0,0
"Tan, Hao (57956313400)",1,1,0,0
"Tan, Hong-Zhou (7403011722)",1,1,0,0
"Tan, Hongjun (57224501082)",1,1,0,0
"Tan, Hu Quee (57221864922)",1,1,0,0
"Tan, J. (14523754800)",1,1,0,0
"Tan, Jia-Cheng (57212607614)",1,1,0,0
"Tan, Jianguo (57199051943)",0,0,1,16
"Tan, Jianjun (38962095500)",1,1,0,0
"Tan, Jiubin (55618634800)",1,1,0,0
"Tan, K.T. (25938967400)",2,4,0,0
"Tan, Kelvin (57277637300)",1,1,0,0
"Tan, Kuan Tak (25938967400)",0,0,1,1
"Tan, Li (58554716600)",1,1,0,0
"Tan, Lippong (54949331200)",1,1,0,0
"Tan, Mao (51462412500)",4,6,0,0
"Tan, Ming (35779097500)",1,1,0,0
"Tan, Ning (58928435400)",1,1,0,0
"Tan, Qiaofeng (57189240923)",1,1,1,4
"Tan, Qingkun (57209610716)",2,3,0,0
"Tan, Qinliang (56978695400)",2,3,0,0
"Tan, Raymond R. (56962727300)",0,0,1,5
"Tan, Shiyao (57217148433)",1,2,0,0
"Tan, Weitao (57362803700)",1,1,0,0
"Tan, Xiaoqi (56027496900)",0,0,1,3
"Tan, Xiaoyu (57193683713)",1,1,0,0
"Tan, Yongdong (56193673900)",1,1,0,0
"Tan, Zehan (59580495400)",1,1,1,1
"Tan, Zhenfei (57197381053)",2,3,0,0
"Tan, Zheng H. (7201599686)",0,0,1,1
"Tan, Zhi (26644502500)",1,1,0,0
"Tan, Zhongfu (8396202900)",4,7,0,0
"Tanabe, Shin-ichi (55710820000)",1,1,0,0
"Tanaka, Eiichi (56587408700)",1,2,0,0
"Tanaka, Hideo (55740212600)",0,0,1,4
"Tanaka, Katsumasa (55636322183)",0,0,1,1
"Tanaka, Takuro (57201339893)",0,0,1,1
"Tanaka, Wataru (52564388500)",0,0,1,8
"Tanaka, Yoshiaki (7405318741)",1,3,0,0
"Tanaka, Yoshinobu (7405314042)",3,3,0,0
"Tanaś, Wojciech (56131757300)",1,1,0,0
"Tande, John Olav (55897469400)",0,0,1,62
"Taneja, Jay (16239598600)",1,1,1,1
"Tanevski, Mitko (36702244100)",1,2,0,0
"Tang, Bangrui (57209959609)",1,1,0,0
"Tang, Chen (57487567900)",1,1,0,0
"Tang, Chenghong (56315216000)",1,1,0,0
"Tang, Chenghui (57192248461)",1,2,0,0
"Tang, Chun (35206813100)",1,1,0,0
"Tang, Chunming (57198969950)",1,2,0,0
"Tang, De-Wei (7401986948)",1,1,0,0
"Tang, Diyin (35235582700)",1,1,0,0
"Tang, Geng (57216085601)",1,1,0,0
"Tang, Gongyue (7401634139)",1,2,0,0
"Tang, Hao (57209682611)",1,1,0,0
"Tang, Jiahui (57191200600)",1,1,0,0
"Tang, Jiajie (57222428143)",1,3,0,0
"Tang, Jiali (36095002400)",1,1,0,0
"Tang, Jianshi (35789210900)",2,2,0,0
"Tang, Jine (36519877400)",1,1,0,0
"Tang, Jingwei (57203154680)",1,1,0,0
"Tang, Jingwei (57830103400)",1,1,0,0
"Tang, Lei (55234263800)",0,0,1,2
"Tang, Lihua (34873882100)",1,2,0,0
"Tang, Ling (48361896000)",0,0,2,2
"Tang, Lun (35318601300)",2,2,0,0
"Tang, Mingfeng (57455473900)",1,1,0,0
"Tang, Ou (7006723391)",0,0,1,1
"Tang, Peipei (59347330600)",1,1,0,0
"Tang, Peter (57218321243)",0,0,1,1
"Tang, Renzhong (7202299634)",1,1,0,0
"Tang, Rui (55749712900)",1,1,0,0
"Tang, Rui (59796753800)",1,2,0,0
"Tang, Rui Xin (57214149805)",1,1,0,0
"Tang, Runsheng (7202299623)",0,0,1,4
"Tang, Ruoli (56489544600)",0,0,1,1
"Tang, Ruomei (58026343200)",1,1,0,0
"Tang, She (57200333349)",1,2,0,0
"Tang, Sheng (56153278600)",1,2,0,0
"Tang, Simiao (57196297036)",1,2,0,0
"Tang, Songlin (55174791200)",0,0,1,1
"Tang, Tao (34973410200)",1,2,0,0
"Tang, Tao (56411494300)",1,1,0,0
"Tang, Tian (55222487400)",1,1,0,0
"Tang, Wanwei (57192110012)",1,1,0,0
"Tang, Weiyu (32668050700)",1,2,0,0
"Tang, Wenshuo (57192267218)",0,0,1,1
"Tang, Xianfeng (56900211500)",1,1,0,0
"Tang, Xianlun (23394027100)",1,2,0,0
"Tang, Xiaojing (55827839300)",0,0,1,2
"Tang, Xiaolin (55801036300)",2,2,0,0
"Tang, Xiaorun (57755299300)",1,1,0,0
"Tang, Xu (57224090545)",0,0,1,1
"Tang, Xu (59072860000)",1,2,0,0
"Tang, Xueyan (7404101407)",1,1,0,0
"Tang, Xujing (7404101076)",1,1,0,0
"Tang, Ya-Meng (57194113592)",1,2,0,0
"Tang, Yachun (57488370600)",1,1,0,0
"Tang, Yi (35202048000)",1,1,0,0
"Tang, Yi (57193256234)",3,8,0,0
"Tang, Yihao (58279905200)",1,1,0,0
"Tang, Ying-Ling (57215537386)",1,1,0,0
"Tang, Yingjuan (57908881400)",1,1,0,0
"Tang, Yong (56359259500)",2,3,0,0
"Tang, Yuanjun (56105280200)",1,1,0,0
"Tang, Yufei (55555638900)",1,2,0,0
"Tang, Yunbing (57218894092)",1,1,0,0
"Tang, Zengyi (58137865400)",1,2,0,0
"Tang, Zeyang (55448098000)",1,1,0,0
"Tang, Zheng-Xue (7403305754)",1,6,0,0
"Tang, Zhengyang (57211402676)",1,1,0,0
"Tang, Zhenpeng (26533334100)",1,1,0,0
"Tang, Zihan (58055603400)",1,1,0,0
"Tanghe, E. (24479883500)",0,0,1,1
"Tanguy, Philippe A. (7007145064)",2,6,0,0
"Tangwe, Stephen (56241790900)",1,1,0,0
"Tani, Junji (7101749450)",1,4,0,0
"Tanigawa, H. (7005337075)",1,6,0,0
"Taniguchi, Ayako (57192894946)",1,1,1,5
"Tanner, Neal A. (7005871653)",1,1,0,0
"Tanwar, Sudeep (56576145100)",0,0,1,2
"Tao, Chen (7102146472)",1,1,0,0
"Tao, Coby S. (48462198400)",1,4,1,1
"Tao, Dacheng (7102600334)",1,18,0,0
"Tao, Hai (59214141200)",1,1,0,0
"Tao, Huabing (56205758400)",0,0,1,1
"Tao, Jun (35422971600)",1,1,0,0
"Tao, Meixia (7103288466)",1,1,0,0
"Tao, Meng (7103288405)",2,5,1,1
"Tao, Peng (59111350200)",1,1,0,0
"Tao, Songbing (57195974478)",1,3,0,0
"Tao, Wei (57214804716)",1,1,0,0
"Tao, Wei (57641208800)",1,1,0,0
"Tao, Wen-Quan (57470017800)",1,1,0,0
"Tao, Xinran (56372602900)",1,2,0,0
"Tao, Yifan (57296668000)",1,2,0,0
"Tao, Yuanxue (57208654056)",1,1,0,0
"Tao, Yuechuan (57211239962)",1,2,0,0
"Tao, Zui (57220062497)",1,1,0,0
"Taoyuan, Wei (36770436600)",0,0,1,5
"Tapia, A. (7005228863)",1,4,0,0
"Tapia, G. (7004576050)",1,4,0,0
"Tapkın, Serkan (23487315300)",1,1,0,0
"Tappan, Ian A. (57190280467)",0,0,1,1
"Taptich, Michael (55830684000)",0,0,1,3
"Tari, Abdelkamel (8248256900)",0,0,1,1
"Tariku, Fitsum (8683346200)",1,1,1,4
"Tariq, Mohd (57220656842)",0,0,1,1
"Tariq, Shahzeb (57215488706)",2,2,0,0
"Tarisciotti, Luca (36705170900)",1,1,0,0
"Tarjanne, R. (6506771453)",0,0,1,2
"Tarkowski, Radosław (35608671500)",0,0,1,1
"Tarpeh, William A. (57193933937)",1,3,0,0
"Tarragona, Joan (57204002141)",1,1,1,1
"Tarroja, Brian (34870815400)",0,0,1,11
"Tartibu, Lagouge (56376433600)",1,1,0,0
"Taseska, Verica (26430113800)",0,0,1,3
"Taslimi Renani, Ehsan (55630777500)",0,0,1,1
"Taslimi-Renani, Ehsan (55630777500)",1,1,0,0
"Tassiulas, Leandros (36562504600)",2,2,0,0
"Tassou, S.A. (7005196787)",1,1,0,0
"Tassou, Savvas A. (7005196787)",0,0,1,1
"Tastu, Julija (36955415400)",2,2,0,0
"Tatari, Omer (14627876500)",0,0,2,6
"Tatchell-Evans, Morgan (57188709276)",0,0,1,2
"Tatlidil, Hüseyin (55927336500)",0,0,1,1
"Tatry, Léa (57201583265)",0,0,1,1
"Taufik, Danny (56593279100)",0,0,1,23
"Taulo, John L (56134696600)",0,0,1,17
"Taura, Usman (57200606954)",1,2,0,0
"Tauriainen, Simo (6603353238)",0,0,1,3
"Tavajohi, Naser (57219650052)",0,0,1,1
"Tavakkol, Arash (24475756300)",1,3,0,0
"Tavan, Yadollah (55588793500)",1,2,0,0
"Tavares Bruscato, Leandro (57215362395)",1,1,0,0
"Taveira-Pinto, F. (56423223800)",0,0,1,1
"Tavernini, Davide (55774684800)",1,3,0,0
"Tavoni, Massimo (21744127000)",0,0,1,2
"Tay, A.A.O. (7101792739)",1,5,0,0
"Tayeh, Gaby Bou (57202746390)",1,5,0,0
"Taylor, Adam J. (55473530300)",0,0,1,2
"Taylor, Gail (7404202442)",0,0,1,7
"Taylor, J. (57203573483)",0,0,1,1
"Taylor, J.W. (55741195700)",2,5,1,4
"Taylor, James W. (55741195700)",5,55,4,12
"Taylor, John E. (55741147200)",1,1,3,6
"Taylor, Jonathon (7405402740)",0,0,1,2
"Taylor, P. (57198977488)",0,0,1,2
"Taylor, Richard H.S. (55479064700)",0,0,1,26
"Taylor, Robert A. (55547114594)",3,4,2,6
"Taylor, Robert P. (7405760449)",1,2,0,0
"Taylor, Russell (57219109052)",1,3,0,0
"Taysi, Ziya Cihan (35103754000)",0,0,1,1
"Tazir, Mohamed Hatem (59946548900)",1,1,0,0
"Te Velde, Dirk Willem (14018829600)",0,0,1,38
"Tedesco, John (57201448162)",0,0,1,1
"Teegavarapu, Ramesh S.V. (6602528284)",0,0,1,2
"Teeraratkul, Thanchanok (56527309100)",1,2,1,1
"Teferi, Solomon T/mariam (57219978083)",0,0,1,1
"Teich, Jurgen (7005076708)",1,1,0,0
"Teimourian, Milad (56406468100)",1,1,0,0
"Tejaswini, Dharani (58025410600)",0,0,1,1
"Tejero, Jorge A. (57209007428)",0,0,1,1
"Tekkaya, A. Erman (7003877035)",0,0,1,1
"Teleke, Sercan (21834720100)",1,13,1,2
"Telfar-Barnard, Lucy (25722369700)",0,0,1,19
"Tellambura, Chintha (7006820583)",1,1,0,0
"Tembhurne, Saurabh (56979214100)",1,1,1,1
"Temich, Sebastian (57192642454)",0,0,1,1
"Tena-Solsona, Marta (55619372700)",1,1,0,0
"Teng, Jing (35235730400)",1,1,0,0
"Teng, Yue (57226352868)",1,1,0,0
"Tengku Hashim, Tengku Juhana (55241766100)",1,2,0,0
"Tengteng, Ma (57118163900)",1,1,0,0
"Tenhumberg, Nils (54384282800)",0,0,1,11
"Tenhunen, Hannu (7005566901)",2,3,0,0
"Tennina, S. (17436208500)",1,2,0,0
"Ternero, A. (56075657400)",1,1,0,0
"Terneus Páez, Carlos Francisco (57217681029)",0,0,1,3
"Terpenny, Janis (6602083567)",1,5,0,0
"Terriche, Yacine (56470769200)",1,2,0,0
"Terry, Nicola (56642469500)",0,0,1,3
"Terzija, Vladimir (7004443467)",0,0,1,2
"Tesfamichael, Solomon G. (24071817600)",0,0,1,1
"Testa, Alfredo (7103110863)",1,3,0,0
"Tester, Jefferson W. (7004923604)",0,0,1,8
"Testi, Daniele (8983155400)",1,2,1,1
"Tete, Komlan Hector Seth (57982498800)",0,0,1,1
"Teter, Jacob (37056461700)",0,0,1,3
"Tetzlaff, Ronald (56829108400)",1,6,0,0
"Tezura, Shuichi (7801643811)",1,2,0,0
"Thach, Phanara (55764330400)",0,0,1,8
"Thacher, E.F. (6602691135)",0,0,1,1
"Thakkar, Chintan (17436460500)",1,1,0,0
"Tham, Chen Khong (7006081234)",1,1,0,0
"Thambi, N. (55301667300)",1,18,0,0
"Thangavel, S. (56275957300)",1,1,0,0
"Thapa, Biraj Singh (12239006000)",0,0,1,1
"Thapa, S. (36110373900)",1,1,0,0
"Thatcher, Marcus J. (16481374800)",0,0,1,3
"Theeuwes, Natalie E. (55914206700)",0,0,1,16
"Thei, Kong-Beng (6701803293)",1,1,0,0
"Theile, Jürgen (54401614700)",0,0,1,1
"Theis, Thomas L. (7005092463)",0,0,1,5
"Thema, F.T. (55260188700)",0,0,1,1
"Theocharides, Theocharis (15220956100)",1,2,0,0
"Theocharis, John B. (7003978405)",1,1,0,0
"Theodorou, Evangelos A. (23398293600)",1,7,0,0
"Thepanondh, Sarawut (6508292011)",0,0,1,1
"Theristis, Marios (55908610500)",0,0,1,1
"Therkelsen, Peter (15058517900)",0,0,1,2
"Thiede, Sebastian (27068051800)",0,0,2,2
"Thiel, Christian (13605737400)",0,0,1,23
"Thierstein, Alain (6603196077)",0,0,1,1
"Thiesse, Frédéric (12344992600)",0,0,1,1
"Thilker, Christian Ankerstjerne (57222632395)",2,2,0,0
"Thirugnanasambandam, M. (56908550500)",0,0,1,1
"Thole, K.A. (56235121300)",1,2,1,2
"Thoma, Greg (7005141815)",0,0,1,3
"Thomas, Albert (56978528500)",0,0,1,1
"Thomas, Jared J. (57188658434)",1,2,1,6
"Thomas, Sebastian (55363718500)",0,0,1,2
"Thomas, T. (56289017600)",1,1,0,0
"Thomaßen, Georg (57216353386)",0,0,1,2
"Thompson, G.J. (7403077833)",2,4,0,0
"Thompson, Harvey (25928842900)",0,0,1,2
"Thompson, John S. (55498731300)",1,2,0,0
"Thompson, Steve (57191195071)",1,2,0,0
"Thompson, Tammy (16033699300)",0,0,1,7
"Thompson, Tammy M. (16033699300)",0,0,1,3
"Thomsen, Nina Marie (58795789200)",0,0,1,2
"Thong, Pham Huy (56418152300)",0,0,1,1
"Thorburn, Karin (7003565135)",0,0,1,2
"Thorgeirsson, Adam Thor (57209363601)",2,8,0,0
"Thornburg, Nicholas E. (55561469400)",1,2,0,0
"Thornley, Patricia (13606464400)",0,0,1,5
"Thornton, Hazel E. (8326194600)",0,0,1,1
"Thota, B. (57191364258)",1,1,0,0
"Thu, Kyaw (24315364500)",1,1,0,0
"Thunman, Henrik (6603059979)",1,2,0,0
"Thurner, Stefan (35588832000)",0,0,1,2
"Thygesen, Richard (55821355500)",0,0,1,1
"Théron, Ricardo (6602575900)",1,2,0,0
"Thøgersen, John (7004137983)",0,0,1,3
"Ti, Zilong (56622881100)",2,3,0,0
"Tiago Filho, Geraldo Lúcio (45662117300)",0,0,1,1
"Tian, Bingxin (57215342980)",1,1,0,0
"Tian, Bo (60348426900)",1,1,0,0
"Tian, Chenlu (60109897000)",0,0,1,1
"Tian, Chong (57209732812)",1,1,0,0
"Tian, Chongyi (55371538400)",1,1,0,0
"Tian, Chuan (56365678300)",0,0,1,1
"Tian, Chunxiu (16556843600)",0,0,1,15
"Tian, Fengchun (22434191600)",1,7,0,0
"Tian, Guangdong (36619290600)",0,0,1,1
"Tian, Hangwei (58151297500)",1,1,0,0
"Tian, Hongmei (7202162038)",0,0,1,1
"Tian, Hua (23971711200)",1,6,0,0
"Tian, Hui (7202161757)",1,1,0,0
"Tian, Jingjia (59343042100)",1,1,0,0
"Tian, Jinpeng (57191632323)",1,3,0,0
"Tian, Junwei (15761266500)",1,1,0,0
"Tian, Kun (57212458433)",1,39,0,0
"Tian, Le (57909500300)",1,1,0,0
"Tian, Linlin (57916053100)",1,1,0,0
"Tian, Liwei (18839135800)",0,0,1,1
"Tian, Longhu (36119462000)",0,0,1,4
"Tian, Meng (56527711700)",1,1,0,0
"Tian, Shanjun (57211035465)",0,0,1,2
"Tian, Shaochen (57196456846)",1,1,0,0
"Tian, Shuoshuo (57263798300)",0,0,1,2
"Tian, Wei (36651857100)",0,0,1,1
"Tian, Weiyong (57219574689)",1,1,0,0
"Tian, Wen (57220905664)",0,0,1,2
"Tian, Wenxi (7201935364)",1,2,0,0
"Tian, Xiaoying (57191579488)",1,1,0,0
"Tian, Xuan (57207454314)",1,1,0,0
"Tian, Yan (58519459300)",1,1,0,0
"Tian, Yanbing (36679333700)",1,1,0,0
"Tian, Yanjun (56004702200)",1,1,0,0
"Tian, Yao (57719668400)",0,0,1,1
"Tian, Ye (57194679808)",1,1,0,0
"Tian, Yifei (57191226302)",1,1,0,0
"Tian, Ying (57195575210)",1,1,0,0
"Tian, Ying (57215503127)",1,1,0,0
"Tian, Yingjie (57208881176)",1,1,0,0
"Tian, Yuan (58075498700)",1,1,1,1
"Tian, Yun (55324859800)",0,0,1,23
"Tian, Yunxiang (57215535084)",1,1,0,0
"Tian, Zhe (35787645800)",1,1,0,0
"Tian, Zhongda (36444461800)",1,1,0,0
"Tianheng, Feng (56644916900)",1,8,1,1
"Tibbs, Michael (57199584515)",0,0,1,1
"Tiberi, U. (6508306322)",1,2,0,0
"Tiefenbeck, V. (55585549500)",0,0,1,1
"Tien, Paige Wenbin (57207847056)",1,1,1,2
"Tikka, Jarkko (9736824300)",0,0,1,2
"Tilley, K. (57403765300)",0,0,1,1
"Tillmann, Peter (57212531880)",1,3,0,0
"Timilsina, Govinda R. (6602325854)",0,0,1,5
"Timm, Jeb (55309183600)",0,0,1,2
"Timme, Marc (6603406199)",0,0,1,1
"Timmermans, H.J.P. (7006171625)",1,1,4,19
"Timonin, Vadim (57196752242)",1,1,0,0
"Timoumi, Youssef (15842778700)",1,1,0,0
"Timpe, Kelsie (57190983858)",0,0,1,1
"Tina, G. (59205356400)",0,0,1,2
"Tina, G.M. (59205356400)",2,4,0,0
"Tindal, Andrew (35093502600)",0,0,1,2
"Ting, Michael (35806327200)",1,2,1,1
"Ting, Yan (55571537500)",1,8,1,1
"Tingstveit, Merethe Solvang (57933378900)",1,1,0,0
"Tinnesand, Heidi (57215670804)",0,0,1,1
"Tiong, Sieh Kiong (15128307800)",1,3,1,2
"Tippabhotla, S.K. (57190000914)",1,5,0,0
"Tippayawong, Korrakot Yaibuathet (54407578400)",0,0,1,1
"Tippayawong, Nakorn (23979068100)",0,0,1,1
"Tirado, F. (6701365792)",1,13,0,0
"Tischner, Torsten (19934673300)",0,0,1,1
"Titah-Benbouzid, Hosna (56541629800)",0,0,1,1
"Titz, Diane (36626510900)",1,4,0,0
"Tiwari, Manish K. (35323167300)",1,3,0,0
"Tiwari, Prashant (57215341551)",1,2,0,0
"Tiwari, Vivek (57196699103)",1,1,0,0
"Tjandra, Rudy (55976655300)",0,0,1,1
"Tjernberg, Lina Bertling (6507153732)",1,16,0,0
"Tlija, Mehdi (35800408900)",1,1,0,0
"Tobaben, Nicholas E. (56044891600)",1,2,0,0
"Tobarra, Llanos (56007336400)",1,1,0,0
"Tobarra, María-Ángeles (23101452400)",0,0,1,3
"Toberer, Eric S. (8894847000)",1,3,0,0
"Tobler, Michael (57201784498)",0,0,1,1
"Tode, Christian (57140480800)",0,0,1,1
"Toderean, Liana (57248314500)",0,0,1,1
"Todeschini, Grazia (57202052028)",0,0,1,1
"Toepfl, S. (57219904642)",1,1,0,0
"Togeby, Mikael (6602640998)",0,0,1,4
"Togneri, Michael (50263432200)",0,0,1,1
"Tokekar, Pratap (36464388500)",1,1,0,0
"Tokuhiro, Akira (55523868700)",1,3,0,0
"Tokuyama, Mikio (7007092871)",1,1,0,0
"Tolba, Amr (56442428300)",1,1,0,0
"Tolbert, Isaac (57656098500)",0,0,1,2
"Toldinas, Jevgenijus (25654423800)",1,1,0,0
"Toledo, Carlos (57195252996)",0,0,1,2
"Toledo, Sergio (57189039968)",0,0,2,10
"Toledo, Tomer (12807059300)",1,1,1,2
"Tomac, Ingrid (56013015400)",0,0,1,2
"Toman, Michael A. (7005907886)",0,0,1,16
"Tomasko, David (57225685702)",0,0,1,1
"Tomczyk, Jakub (55683037600)",0,0,1,1
"Tomei, Julia (26636031400)",0,0,1,5
"Tomholt, Lara (57212323482)",1,1,0,0
"Tomich, Thomas P. (6701673504)",0,0,1,3
"Tomizuka, Masayoshi (35567325500)",1,1,0,0
"Tomlin, Claire (7005284849)",1,1,0,0
"Tommasi, Alessio (56141399900)",1,1,1,1
"Tomsovic, Kevin (7004172431)",1,1,1,1
"Tonetto, Leonardo (57204562389)",1,1,0,0
"Tong, Chong Wen (36448921500)",1,1,0,0
"Tong, Dong (7103317095)",1,2,0,0
"Tong, Hang-Wai (23567343300)",0,0,1,2
"Tong, Hao (59544550100)",1,1,0,0
"Tong, Ho Ming (57200964390)",0,0,1,2
"Tong, Jin (57203062862)",1,1,0,0
"Tong, Jingnan (56504514600)",1,1,0,0
"Tong, Jonathan K. (35977118400)",2,11,0,0
"Tong, Lang (7201891619)",2,2,0,0
"Tong, Ning (56257412400)",1,1,0,0
"Tong, Xiaoxi (57226274888)",1,1,0,0
"Tong, Xing (56004173700)",1,1,0,0
"Tong, Zihao (57221776787)",1,1,0,0
"Tonn, Bruce (7006207614)",0,0,1,1
"Toolabi Moghadam, Ali (57614857400)",1,1,0,0
"Toor, Fatima (16240207400)",1,3,0,0
"Toose, Peter (26039582100)",0,0,1,3
"Toosi, Adel Nadjaran (17343102300)",1,1,0,0
"Tootoonchi, Ali A. (36617133700)",1,7,0,0
"Top, Işıl (57191442390)",1,4,0,0
"Topal, Emre Tan (36012052900)",1,4,0,0
"Toparlar, Y. (55907445600)",0,0,1,5
"Topper, Mathew B.R. (57193826363)",0,0,1,2
"Toprak, Ali (57219029661)",0,0,1,2
"Toprasertpong, Kasidit (55755684500)",1,1,0,0
"Torabi, Mehrnoosh (55485860100)",1,1,0,0
"Torenvliet, Nick (57222080750)",1,1,0,0
"Tornatore, Massimo (6602975598)",1,2,0,0
"Toroghi, Shahaboddin H. (60502469800)",0,0,1,5
"Torquato, Matheus F. (57195314921)",1,1,0,0
"Torralba, V. (25959453500)",0,0,1,2
"Torregrosa, Gérald (55370426500)",1,2,0,0
"Torres, Alejandro Del Real (57221644861)",1,2,0,0
"Torres, J. (57208230648)",0,0,1,1
"Torres, Jordi (35308221200)",0,0,1,1
"Torres, José F. (57191281012)",1,1,1,1
"Torres, Miguel Garciá (8918249300)",1,1,0,0
"Torrie, Ralph D. (7801619824)",0,0,1,3
"Torrini, Fabiano Castro (57170782800)",0,0,1,2
"Torriti, Jacopo (26653856000)",0,0,1,3
"Torró, Hipòlit (6506009068)",0,0,1,1
"Toshniwal, Durga (8683737500)",3,7,1,4
"Tost, Thomas (56957221500)",1,1,0,0
"Tostain, Sylvain (55507981300)",1,3,1,4
"Tosun, Tolun (57223233745)",0,0,1,1
"Toth, Z. (7103365606)",0,0,1,4
"Touafek, K. (15752059700)",0,0,1,1
"Touafek, Khaled (15752059700)",1,1,1,1
"Toubeau, Jean-François (56296970000)",2,3,0,0
"Touchaei, A.G. (55974819200)",0,0,1,6
"Touchaei, Ali G. (55974819200)",0,0,1,5
"Touchard, R. (56766037300)",1,2,0,0
"Tourtchine, V. (44761624100)",1,4,0,0
"Touzani, Samir (55552210600)",1,1,2,3
"Tow, Emily W. (56015886000)",1,5,1,1
"Townley, Andrew (57004726500)",1,4,0,0
"Townsend, Aaron (57188715203)",0,0,1,13
"Townsend, Christopher D. (60029401800)",1,1,1,1
"Trabelsi, Mohamed (57220461896)",0,0,1,1
"Tragoudas, Spyros (35569067000)",1,1,0,0
"Trainor, Anne M. (22982082700)",0,0,1,39
"Traipattanakul, B. (57194944916)",1,1,0,0
"Tran, Dac Dinh (55292670900)",0,0,1,8
"Tran, Duc-Son (58278786800)",0,0,1,5
"Tran, Martino (36451764400)",0,0,1,16
"Tran, Nguyen H. (23398461300)",1,1,0,0
"Tran, Peter (57190860277)",0,0,1,2
"Tran, Phong D. (18435066600)",0,0,1,9
"Tran, T. (57037749100)",1,1,0,0
"Tran, Tuan (10539012000)",1,1,0,0
"Trani, A.A. (7004142770)",0,0,1,5
"Trappey, Amy J.C. (7003314683)",0,0,1,3
"Trappey, Charles V. (6603075752)",0,0,1,3
"Trautman, Neal (57215003492)",1,1,0,0
"Traver, V. (36947073600)",1,15,0,0
"Traverso, Marzia (16418098900)",0,0,1,2
"Trescases, Olivier (6508027040)",2,71,1,2
"Tress, Wolfgang (25650888500)",1,2,0,0
"Triana, Maria Andrea (55351578200)",0,0,1,2
"Triantafyllidis, Charalampos (57195803382)",0,0,1,1
"Trice, Rodney W. (6701911330)",1,1,0,0
"Trifonov, Alexander (55156820600)",1,1,0,0
"Trigo, Ricardo M. (6603764342)",0,0,1,3
"Trigui, Aref (56285181700)",1,4,0,0
"Trindade, A. (56519495500)",1,1,0,0
"Trinh, Hieu (7005816677)",1,1,0,0
"Trinh, Hieu M. (7005816677)",1,1,0,0
"Trinh, Hoang Duy (57201556393)",1,1,0,0
"Tripathi, Alok (57655435200)",1,1,0,0
"Tripura, Sajib (57224007419)",1,1,0,0
"Trivedi, Anupam (36976362400)",0,0,1,1
"Trivedi, Indrajit N. (12142670800)",1,3,0,0
"Trivedi, Kishor S. (7102364865)",1,2,1,1
"Trivella, Alessio (57189265492)",0,0,1,2
"Troccoli, Alberto (36726337300)",1,1,3,6
"Trojer, Elmar (24734263600)",1,8,0,0
"Trombe, Pierre-Julien (37115974000)",2,2,0,0
"Tronci, Stefania (6602887001)",1,2,0,0
"Troncoso, A. (23475711600)",1,3,2,5
"Troncoso, Alicia (23475711600)",2,3,3,3
"Troncoso-García, A.R. (57992575100)",0,0,1,1
"Troster, Victor (57189993883)",0,0,1,1
"Trotter, Ian M. (56830494600)",0,0,1,3
"Trotter, Philipp A. (57191221943)",0,0,1,11
"Troup, Luke (57194182862)",1,1,0,0
"Trovao, Joao Pedro F. (24825572300)",1,1,0,0
"Trovato, Michele (7006393092)",1,2,0,0
"Trtílek, Martin (6506708567)",1,2,0,0
"Truchot, Cyril (52464572000)",1,15,0,0
"Trudnowski, Daniel J. (7003731850)",1,1,0,0
"Trujillo, C.L. (24470081300)",1,1,0,0
"Trujillo, Elisa Carvajal (35199156400)",0,0,1,1
"Trujillo-Baute, Elisa (56100118800)",0,0,1,4
"Trull, Oscar (7801582009)",0,0,1,2
"Trummer, Gerald (54413089000)",0,0,1,1
"Trung, N.T. (57198094841)",1,1,0,0
"Truong, Ngoc-Son (57208483290)",1,1,1,3
"Truong, Nguyen-Vu (23570898400)",1,8,0,0
"Trygg, Louise (56019614700)",1,1,1,3
"Trystram, Gilles (7003570345)",1,2,1,1
"Trømborg, E. (22952466300)",0,0,1,4
"Tsai, Cheng-Han (55474131900)",1,2,0,0
"Tsai, Cheng-Ta (36982420200)",1,1,0,0
"Tsai, Chung-Ming (36081189400)",0,0,1,2
"Tsai, Ming-Jer (37114922500)",1,1,0,0
"Tsai, Pei-Shan (7202064662)",1,13,0,0
"Tsai, Sang-Bing (55910203400)",0,0,2,2
"Tsai, Shang-Ho (7403478195)",1,1,0,0
"Tsai, Sheng-Fu (7403478845)",1,1,0,0
"Tsamba, A.J. (12779450400)",0,0,1,1
"Tsang, C.F. (8873728200)",0,0,1,1
"Tsang, C.L. (7202935924)",0,0,1,2
"Tsang, Danny H.K. (7005609144)",0,0,1,3
"Tsangrassoulis, A. (6701739276)",1,1,1,2
"Tsao, Bang-Hung (7005956551)",1,1,0,0
"Tsaousoglou, Georgios (56414914800)",0,0,1,1
"Tsapelas, John (57202016037)",1,3,0,0
"Tschopp, Daniel (57192378291)",1,2,0,0
"Tse, W.L. (7006289007)",0,0,1,1
"Tse, Wai Leung (7006289007)",1,1,0,0
"Tseng, Chien-Ming (56354731900)",1,2,0,0
"Tseng, Hsin (57224977359)",1,2,0,0
"Tseng, K.J. (7102185164)",1,5,0,0
"Tseng, King Jet (7102185164)",0,0,1,1
"Tsetsinas, Ioannis (24333769800)",1,1,0,0
"Tsiakmakis, Stefanos (55963397200)",0,0,1,12
"Tso, C.Y. (55249604200)",1,1,0,0
"Tso, Geoffrey K.F. (6603107068)",1,4,1,5
"Tsoukalas, Lefteri H. (7003264539)",0,0,1,1
"Tsourdos, Antonios (6603755518)",1,1,0,0
"Tsoutsanis, Elias (55937942700)",0,0,1,2
"Tsugeno, Masashi (7801560302)",1,2,0,0
"Tsui, K.M. (7101671591)",1,5,0,0
"Tsui, Kwok-Leung (7101671584)",1,2,0,0
"Tsukada, Keiji (7201442097)",1,1,0,0
"Tsvetkova, Alexandra A. (35219360200)",1,2,1,4
"Tu, Chen (57209220729)",1,1,0,0
"Tu, Cheng (54938558800)",1,4,0,0
"Tu, Guangyu (7102396019)",1,1,0,0
"Tu, Guoqing (8924786600)",1,1,0,0
"Tu, Jiyuan (57202604488)",1,1,0,0
"Tu, Shan-Tung (55615966900)",1,1,0,0
"Tu, Xiaohan (57200168867)",1,4,0,0
"Tu, Zhiwen (57197766981)",1,3,0,0
"Tuan, Hoang Duong (7006933441)",2,2,1,1
"Tuan, Le Anh (59157716600)",1,1,0,0
"Tuan, Nguyen Trung (57655705200)",0,0,1,1
"Tuck, James (12344526400)",1,6,0,0
"Tucker, Rodney S. (7402024303)",0,0,1,2
"Tuerke, Ülrich (56055867400)",1,1,0,0
"Tugendhaft, Aviva (56607332000)",0,0,1,25
"Tukia, Toni (57189441011)",2,2,0,0
"Tukymbekov, Didar (57211296325)",1,1,0,0
"Tuli, Shreshth (57208274339)",2,3,0,0
"Tulino, Antonia M. (6701582212)",1,1,0,0
"Tumuluru, Vamsi Krishna (36444480400)",1,9,0,0
"Tun, Yan Kyaw (57188866480)",1,1,0,0
"Tuncer, Ismail H. (7005932711)",1,1,0,0
"Tundys, Blanka (56158452500)",0,0,1,2
"Tunkara, Ebrima (56401030500)",1,1,0,0
"Tunç, K.M. Murat (7006310336)",0,0,1,1
"Tuohy, A. (24759721100)",1,1,1,6
"Tuohy, Aidan (24759721100)",1,2,3,13
"Tuohy, Paul (57071604500)",0,0,1,1
"Tuomenvirta, Heikki (6602681695)",0,0,1,26
"Turan, Furkan (57191924897)",1,12,0,0
"Turchi, Craig (6505774513)",0,0,2,6
"Turek, Marko (7003606607)",1,1,0,0
"Turek, Martin (7003606612)",0,0,1,2
"Turetskyy, Artem (57194412720)",0,0,1,1
"Turhan, Aykut Melih (56803477700)",0,0,1,1
"Turkenburg, W.C. (7003397572)",0,0,1,41
"Turner, R.P. (55802493900)",2,2,0,0
"Turner, Sean W.D. (56166233900)",0,0,1,27
"Tushar, Mosaddek Hossain Kamal (56006275700)",1,2,0,0
"Tussupova, Kamshat (59496505500)",0,0,1,6
"Tutsch, Dietmar (6506708815)",0,0,1,1
"Tuy, Soklin (57430860200)",0,0,1,1
"Tuček, Kamil (14018730200)",0,0,1,1
"Tveit, Anna (57217133257)",1,1,0,0
"Tvete, Hans Anton (57212446187)",1,1,0,0
"Tveten, Åsa Grytli (55824012100)",0,0,1,5
"Twaha, Ssennoga (54785493500)",0,0,1,5
"Tweed, Chris (6603857839)",0,0,1,2
"Tweed, Christopher (6603857839)",0,0,1,3
"Tyagi, Himanshu (23486866400)",1,2,0,0
"Tyburek, Krzysztof (25646968600)",0,0,1,2
"Tyner, Wallace E. (35241386400)",0,0,1,2
"Tzamalis, George (6507550794)",1,2,1,3
"Tzanos, Diane (6505668912)",1,31,0,0
"Tzempelikos, Athanasios (9039355700)",1,1,0,0
"Tzivanidis, C. (6603297969)",0,0,1,1
"Tzortzis, Alexandros Menelaos (58680364000)",1,1,0,0
"Tzscheutschler, Peter (14059200400)",1,1,0,0
"Töfflinger, Jan A. (26639984200)",0,0,1,1
"U-Viengchai, Chanut (57219490188)",1,1,0,0
"Uamusse, Miguel Meque (57189442094)",0,0,1,6
"Ubertini, Stefano (15751977000)",1,2,0,0
"Ucar, Sevval (59379359700)",0,0,1,1
"Udagawa, J. (16029893600)",1,1,0,0
"Udayakumaran, Sumesh (8385948900)",1,11,0,0
"Uddenberg, Matthew E. (56012525900)",0,0,1,2
"Uddin, Gazi Salah (37082267000)",0,0,1,1
"Uddin, Ghulam Moeen (36441986700)",1,2,0,0
"Uddin, Md Zia (24482836700)",1,1,0,0
"Uddin, Mirza Md Moyen (57218213298)",0,0,1,2
"Uebel, Stephan (57194203207)",1,1,0,0
"Ueckerdt, Falko (55810286300)",0,0,1,2
"Ueda, K. (36191366800)",1,6,0,0
"Ueda, Yuzuru (12794491200)",1,2,0,0
"Ueno, Toshiyuki (7401532148)",1,4,0,0
"Ugursal, V. Ismet (7003484992)",2,2,3,8
"Ugursal, V.I. (7003484992)",0,0,1,2
"Ugus, Osman (25655618900)",1,1,0,0
"Uhl, J.H. (57191530675)",0,0,1,1
"Uilhoorn, F.E. (26041136300)",0,0,1,2
"Uimonen, Semen (57189444700)",2,2,0,0
"Ukaew, Suchada (56222776700)",0,0,1,1
"Ukarande, Suresh (57225184267)",0,0,1,1
"Ukil, Abhisek (13407254100)",1,1,0,0
"Ul Haq, Azhar (55864653000)",1,2,0,0
"Ul-Haq, Azhar (55864653000)",1,1,0,0
"Ulazia, Alain (56524654900)",0,0,3,3
"Ulbrich, Carolin (24475607300)",0,0,1,1
"Uliasz-Misiak, Barbara (6507485084)",0,0,1,1
"Ullah, Amin (57195399776)",2,3,1,1
"Ullah, Fath U Min (57203189784)",2,2,0,0
"Ullah, Irfan (58654201900)",2,3,0,0
"Ullah, Israr (26666362900)",1,1,0,0
"Ullah, Kafait (57192651571)",0,0,1,1
"Ullah, Rahmat (57217009518)",1,2,0,0
"Ullah, Sahib (58087455700)",1,1,0,0
"Ullah, Waseem (57218579944)",1,2,1,1
"Ullal, H.S. (6604071784)",1,2,1,5
"Ulloa, Mario Cabello (57204213530)",0,0,1,3
"Ullrich, Paul (31067496800)",0,0,1,1
"Ulpiani, Giulia (57056342700)",0,0,1,8
"Ulseth, Rolf (23994754400)",0,0,1,1
"Ulutan, Durul (15838067700)",1,1,0,0
"Uma Rao, K. (55792251700)",1,2,0,0
"Umair, Muhammad (56641365200)",0,0,1,1
"Umans, Ari (56237468700)",1,3,0,0
"Ummel, Kevin (57225984684)",0,0,1,7
"Ummels, Bart C. (15074185800)",0,0,1,1
"Ungureanu, Stefan (55200161100)",1,1,0,0
"Unold, Thomas (6701686576)",1,2,0,0
"Unsal, Osman S. (35612224700)",1,11,0,0
"Upadhyaya, H.M. (7005613112)",1,2,1,5
"Upham, Paul (8327141400)",0,0,1,5
"Upshaw, Charles R. (55813538500)",1,1,0,0
"Upton, J. (55650014300)",0,0,5,5
"Uqaili, Muhammad Aslam (23037433200)",0,0,1,3
"Ur Rehman, Faiz (58356683200)",0,0,1,8
"Ur Rehman, Syed Aziz (57211193347)",0,0,1,4
"Urasaki, Naomitsu (35551061700)",2,2,0,0
"Urban, Wieslaw (34980186500)",1,1,0,0
"Urbanucci, Luca (57191830167)",0,0,1,1
"Urbina, Antonio (7003893963)",0,0,1,2
"Uribe, Jorge M. (56427682700)",0,0,1,1
"Urmee, Tania (23107679200)",1,4,3,10
"Urpelainen, Johannes (34878180900)",0,0,1,1
"Urquhart, Bryan (53165154100)",1,2,0,0
"Ursavas, Evrim (56100437000)",0,0,1,2
"Urtiaga, Ane (56747590300)",1,3,0,0
"Usaola, J. (6603121932)",1,1,0,0
"Usaola, Julio (6603121932)",0,0,1,1
"Usman, Muhammad (57207835777)",1,3,0,0
"Utama, Ida Bagus Krishna Yoga (57212351995)",1,1,0,0
"Utans, Andrejs (42262780900)",0,0,1,5
"Utgikar, Vivek (6507720461)",0,0,1,1
"Utsugi, Kenzo (6701540339)",0,0,1,8
"Utzen, Christer (56070665500)",1,1,0,0
"Uvo, Cintia (6603003803)",0,0,1,2
"Uzuno glu, Bahri (57206788759)",0,0,1,1
"Vaagensmith, Bjorn (55660930500)",0,0,1,1
"Vaccarino, Francesco (23020385400)",0,0,1,2
"Vad Mathiesen, Brian (23489760200)",0,0,1,5
"Vafamand, Navid (56239290600)",1,2,0,0
"Vagias, V. (57194184731)",0,0,1,1
"Vagnoni, Elena (56943301700)",0,0,1,15
"Vahid, Frank (7005720760)",1,6,0,0
"Vahidi-Asl, Mojtaba (24923687100)",1,2,0,0
"Vaidya, Nilesh (26432384000)",1,7,0,0
"Vaidyanathan, Sundarapandian (57191607340)",1,1,0,0
"Vaillant, Moritz (56277860600)",1,3,0,0
"Vainio, Terttu (6603723525)",0,0,1,1
"Vairavasundaram, Indragandhi (55759761300)",0,0,1,3
"Vajen, Klaus (6602488450)",0,0,1,2
"Vakili, Mohammad Ghazi (57211116206)",1,1,0,0
"Vakili, Sajjad (57796649100)",0,0,1,1
"Vakiloroaya, V. (54947270700)",1,1,0,0
"Vakiloroaya, Vahid (54947270700)",1,1,0,0
"Vakkilainen, Esa (7003761507)",0,0,2,5
"Valdes-Garcia, Alberto (10438823100)",1,1,0,0
"Valdés, Adriana Arza (56040129800)",1,1,0,0
"Valdés-González, Héctor (6507810265)",0,0,1,2
"Vale, Z. (57203219788)",0,0,1,1
"Valencia, Daniel (54785528600)",1,3,0,0
"Valencia, Felipe (7003959585)",1,1,0,0
"Valencia-Chapi, Robert (57202606895)",0,0,1,1
"Valencia-Salazar, Iván (57982919100)",0,0,1,1
"Valentin, Stefan (23010469900)",1,4,0,0
"Valenzano, Adriano (7003332587)",1,1,0,0
"Valero, Alejandro (57202633862)",1,2,0,0
"Valero, Mateo (24475914200)",3,8,0,0
"Valkama, Mikko (6603051439)",1,1,0,0
"Valkanis, Anastasios (57202812798)",1,1,0,0
"Valldecabres, Laura (57202865053)",0,0,1,1
"Vallejo, Mónica (55508278300)",1,1,0,0
"Vallejo, W. (35724861200)",1,5,0,0
"Vallejo-Coral, E. Catalina (57211254979)",0,0,1,1
"Vallero, Greta (57204214821)",0,0,1,1
"Vallianos, Charalampos (56582174600)",1,1,0,0
"Vallée, François (58775886500)",2,3,0,0
"Valor, Enric (6701907704)",0,0,1,24
"Valovcin, S. (56398565300)",0,0,1,1
"Valtonen, Kati (57028630400)",0,0,1,7
"Valverde, Gustavo (35219499500)",1,3,0,0
"Valverde, J.L. (8920917400)",1,1,0,0
"Valverde, J.M. (7101604752)",1,1,2,3
"Valverde, Luis (36990510700)",1,3,0,0
"Valverde, Víctor (57201275572)",0,0,1,12
"Valverde-Pérez, B. (56008782400)",0,0,1,4
"Vaman, Dhadesugoor R. (6701349795)",1,2,0,0
"Van Aerde, M. (7003289146)",0,0,1,5
"Van Cutsem, Thierry (7004004510)",1,3,0,0
"Van Den Berg, G.P. (7006716891)",1,3,1,6
"Van Den Brande, Quinten (57194448571)",1,1,0,0
"Van Den Heever, Susara A. (57190894016)",1,4,0,0
"Van Der Perre, Liesbet (7003295393)",1,2,0,0
"Van Der Schaar, Mihaela (35605361700)",2,3,0,0
"Van Der Veen, G.J. (37058211800)",1,1,0,0
"Van Der Wolf, Pieter (7004514754)",1,3,0,0
"Van Der Zee, Ronan (7007040526)",1,2,0,0
"Van Dijk, A. (57197295502)",0,0,1,8
"Van Dijk, V.A.P. (6506462833)",0,0,1,8
"Van Foreest, Nicky D. (9337083900)",1,2,0,0
"Van Goch, Dennis (57210852349)",0,0,1,1
"Van Heerden, E. (6602074564)",0,0,1,2
"Van Heijst, G.J.F. (56962764200)",0,0,1,5
"Van Herbruggen, Ben (57205561780)",1,1,0,0
"Van Hooff, T. (24342245600)",1,1,1,1
"Van Hove, Stephanie (57192810829)",0,0,1,1
"Van Hulle, Frans (6603284028)",0,0,1,62
"Van Kuik, G.A.M. (6603260659)",1,1,0,0
"Van Mierlo, Joeri (57203921849)",2,6,1,1
"Van Oost, G. (7006718297)",1,1,1,6
"Van Roekel, G. (8291328100)",0,0,1,8
"Van Sambeeck, T.W.M. (56047936600)",1,1,1,6
"Van Schijndel, Jos (57196457924)",0,0,1,5
"Van Til, Harrison (57205639086)",0,0,1,3
"Van Zyl, P.G. (15047358600)",2,8,0,0
"Van de Lisdonk, C.A.C. (6507202322)",1,5,0,0
"Van herle, Jan (7004238462)",0,0,1,1
"VanReken, Timothy M. (6508182670)",0,0,1,1
"Vandecappelle, Arnout (6508071280)",1,5,0,0
"Vandenbergh, M. (57190535475)",0,0,1,4
"Vandeputte, Frederik (8944918900)",1,5,0,0
"Vandierendonck, Hans (6602259515)",1,4,0,0
"Vanem, Erik (10140700000)",1,1,0,0
"Vanhove, Hans (32267678800)",0,0,1,2
"Vanini, Salvatore (56273881300)",1,2,0,0
"Vaninsky, Alexander (6506007122)",0,0,1,1
"Vannucci, Marco (8267349200)",1,1,1,2
"Vanoli, Giuseppe Peter (58760057900)",1,2,2,3
"Vanoli, L. (6603163991)",0,0,1,2
"Vanthournout, Koen (7801508884)",0,0,1,1
"Vanting, Nicolai Bo (57270183800)",0,0,1,1
"Vanzwieten, James (23029299200)",1,2,0,0
"Varabuntoonvit, Viganda (24072364400)",0,0,1,1
"Varaiya, Pravin (7005905293)",1,2,0,0
"Varamini, Gohar (55967342100)",1,1,0,0
"Vargas, Luis S. (7103415994)",0,0,1,1
"Vargas-Solar, Genoveva (14632835700)",1,1,0,0
"Varigonda, Subbarao (6602465602)",0,0,1,2
"Varis, Olli (56259586400)",0,0,1,4
"Varje, J. (56641878900)",0,0,1,2
"Varsamopoulos, Georgios (6506671288)",1,10,0,0
"Varvarigos, Emmanouel (55408401600)",1,1,1,3
"Vasalos, Iacovos A. (35583267500)",0,0,1,2
"Vaschetti, J.C. (55199803900)",1,1,0,0
"Vasilaki, V. (57191970509)",0,0,1,2
"Vasilakopoulou, Konstantina (35220787600)",0,0,1,8
"Vasilakos, Athanasios V. (57200495061)",1,1,0,0
"Vasileff, Anthony (57140803500)",0,0,1,1
"Vasileva, Evgeniia (56315991700)",0,0,1,1
"Vasiliev, Mikhail (16053621100)",1,3,0,0
"Vasiou, Elena (57202306183)",1,2,0,0
"Vasirani, Matteo (15064754900)",1,1,1,1
"Vaska, Paul (8712457400)",1,1,0,0
"Vaskov, Alex K. (57198352005)",1,1,0,0
"Vasquez, Juan C. (57203104097)",4,9,0,0
"Vasquez, Luis Orlando Polanco (57211218747)",1,2,0,0
"Vassallo, Anthony (7006253057)",1,1,0,0
"Vassilopoulos, Philippe (7004221211)",0,0,1,4
"Vatani, Sare (57221134386)",1,1,0,0
"Vatanparvar, Korosh (56464247900)",1,1,0,0
"Vautard, Robert (56253852700)",0,0,1,3
"Vaz, A.G.R. (56723619900)",1,2,1,2
"Vaz, A.I.F. (7103061097)",0,0,1,2
"Vaz, Warren (56154728400)",1,2,0,0
"Vaz-Serra, Paulo (57193591779)",0,0,1,2
"Va´nˇa, Zdeneˇk (36642947400)",1,4,0,0
"Vašak, Mario (9267112000)",1,1,0,0
"Vecchio, Massimo (24342596400)",1,6,0,0
"Vechiu, Ionel (16069552100)",1,1,0,0
"Veda, Santosh (55410663400)",1,2,0,0
"Vedullapalli, Divya Tejaswini (57202446527)",1,1,1,1
"Veenstra, Arjen A.T. (57814804300)",0,0,1,2
"Veerasamy, Veerapandiyan (57201719362)",1,1,0,0
"Veerman, Lennert J. (8222114200)",0,0,1,25
"Veers, Paul (7004197321)",0,0,1,8
"Vega Puga, Estefania (57466103600)",0,0,1,1
"Vega, J.R. (7201629750)",1,1,0,0
"Vega, Rolando (55917550100)",1,4,0,0
"Vega-Avila, Rolando (55917550100)",1,2,0,0
"Vega-Márquez, Belén (57208834840)",0,0,1,1
"Vegliò, Ambra (45061127100)",0,0,1,2
"Vehse, Martin (6603229877)",1,2,0,0
"Veidenbaum, Alexander V. (6603907571)",1,2,0,0
"Veith, Stefan (26026650000)",0,0,1,30
"Veje, C.T. (6603223383)",1,1,1,2
"Veje, Christian T. (6603223383)",1,3,1,1
"Velavali, Mounik (58891748900)",0,0,1,1
"Velizhanin, Kirill A. (6508102703)",1,2,0,0
"Velupillai, Sankaranarayanan (35806574100)",1,1,0,0
"Venayagamoorthy, Ganesh Kumar (7003536240)",1,2,1,1
"Vendrusculo, Edson Adriano (6506159947)",0,0,1,4
"Venezia, L. (57194191072)",0,0,1,1
"Venkataramani, Vanchinathan (55787076000)",1,3,0,0
"Venkatasubramanian, Nalini (7003578607)",1,1,0,0
"Venkatesan, Raguraman (7006664134)",1,2,0,0
"Venkatesh Kumar, P. (57192683904)",1,1,0,0
"Venter, Hein S. (7005841055)",0,0,1,1
"Venter, M. (57192703029)",1,3,0,0
"Venteris, Erik R. (56042479200)",0,0,1,3
"Ventura, C. (36841662000)",1,3,0,0
"Ventura, Carlos E. (7101926223)",0,0,1,2
"Ventura, J. (7102389060)",0,0,1,1
"Venturini, Mauro (57221293157)",0,0,1,1
"Venu, Balaji (55356386100)",1,1,0,0
"Vepsäläinen, Jari (56765511000)",1,1,3,4
"Vera, Xavier (8053669200)",1,2,0,0
"Verbauwhede, Ingrid (16048506000)",1,12,0,0
"Verbecke, F. (20735391100)",0,0,1,1
"Verbeke, Wouter (16065279300)",1,2,0,0
"Verbruggen, Aviel (7102211457)",0,0,1,4
"Vercauteren, Tom (23010613000)",1,3,0,0
"Verda, V. (35605813400)",1,1,1,2
"Verda, Vittorio (35605813400)",0,0,1,3
"Verdecchia, Roberto (57200754960)",0,0,1,2
"Verdolini, Elena (36601625000)",0,0,1,2
"Vergados, Dimitrios J. (36790918200)",0,0,1,3
"Verheijen, Marcel A. (7006003131)",1,2,0,0
"Verl, Alexander (24504498500)",1,1,0,0
"Verloock, L. (24479868400)",0,0,1,1
"Verma, Manish (57195245019)",1,2,0,0
"Vermaak, Natasha (24333412900)",1,1,0,0
"Vermeij, Mark J.A. (6701455115)",0,0,1,1
"Versage, R.S. (57074151400)",0,0,1,1
"Vesa, Andreea Valeria (56434279700)",0,0,1,1
"Vesterlund, Folke (57223371006)",1,1,0,0
"Vesy, B. (55503901500)",0,0,1,1
"Vettiger, Peter (56211881300)",1,7,0,0
"Vezzaro, L. (36629483100)",0,0,1,4
"Vezzoni, Barbara (34878161100)",0,0,1,1
"Vian, Maryline (23973945600)",1,3,1,4
"Viana, João (58329693100)",0,0,1,1
"Viana-Fons, J.D. (57217677010)",0,0,1,1
"Vianna Cezar, Gustavo (57479877400)",0,0,1,1
"Viarouge, P. (7003803393)",1,2,0,0
"Vicario, Jose Lopez (24345524800)",1,1,0,0
"Vichare, Nikhil (6602766861)",1,2,1,2
"Vicinanza, D. (6507679469)",0,0,1,1
"Victor, Nadejda (56354967200)",0,0,1,1
"Vidal-Idiarte, Enric (6603330851)",1,2,0,0
"Vidanovic, Simon (56913339800)",1,2,1,1
"Vidican, Georgeta (25629892600)",0,0,1,4
"Vidoza, Jorge A. (57188853853)",0,0,2,2
"Viedma, A. (6603579037)",1,1,0,0
"Vierle, T. (25951694700)",1,1,0,0
"Viezzer, E. (37036487800)",1,1,0,0
"Vigna, Veronica (59512372200)",0,0,1,1
"Vijay Anand, R. (58352013300)",1,1,0,0
"Vijaykrishnan, Soontae (57194916250)",1,12,0,0
"Viklund, Mattias (6602659778)",0,0,1,15
"Vilanova, Lluis (36708748500)",1,8,0,0
"Vilar, Juan M. (6602092240)",1,1,0,0
"Vilela, Waldeir Amaral (6507717538)",0,0,1,1
"Vilim, Michael (56003298100)",0,0,1,3
"Viljainen, Satu (9742360400)",0,0,1,1
"Viljanen, Martti (56214697700)",1,2,1,2
"Villa Sierra, Juan F. (57209507769)",1,1,0,0
"Villacreses, Geovanna (57193689488)",0,0,1,1
"Villafán-Vidales, H.I. (56013710600)",1,1,0,0
"Villalba, Gara (16308135200)",0,0,1,1
"Villani, Marco (36165971100)",1,1,1,1
"Villasmil, W. (36164833100)",1,1,0,0
"Villegal Alcántar, Noé (57194112683)",0,0,1,2
"Villicaña-García, Esbeydi (57190968416)",0,0,1,1
"Vilà, A. (7102823988)",1,1,0,0
"Vinayagam, Arangarajan (57191867936)",1,1,0,0
"Vincent Poor, H. (55665272100)",1,1,1,1
"Vincentelli, A. Sangiovanni (35513835900)",1,40,0,0
"Vincze, András (57202872378)",0,0,2,2
"Vineeth, C.R. (57204788131)",0,0,1,2
"Vink, S. (35615826200)",0,0,1,20
"Vinopraba, T. (35333072400)",0,0,1,1
"Vinoth Kumar, K. (7402675817)",0,0,1,2
"Violos, John (57189643610)",0,0,1,2
"Virgone, J. (6601969565)",0,0,1,1
"Virote, João (55326005600)",1,2,1,1
"Visbeck, Martin (7004927007)",0,0,1,2
"Visnesky Jr., Anthony M. (8870382100)",1,2,0,0
"Visscher, H. (7003520713)",0,0,1,22
"Visscher, Henk (7003520713)",0,0,3,11
"Visser, L.R. (57214791705)",1,1,0,0
"Viswanathan, R. (7202038695)",1,5,0,0
"Vitali, L. (15063685300)",0,0,1,4
"Vittal, Vijay (7005746413)",1,1,0,0
"Vittersø, Gunnar (24462964000)",0,0,1,4
"Vivancos, José-Luis (7004059367)",0,0,1,8
"Vivien, Laurent (6701649757)",1,17,0,0
"Viúdez-Moreiras, Daniel (55155597900)",1,4,0,0
"Vlachos, D.G. (7101636618)",1,1,0,0
"Vlachou, D.S. (6602746731)",0,0,1,6
"Vladimir, Nikola (25646709700)",1,2,0,0
"Vlasova, Yulia (57188979139)",0,0,1,2
"Vo, Minh Thanh (54794625600)",1,1,0,0
"Vo, Xuan Vinh (22939657900)",0,0,1,2
"Vogel, D. (7103336011)",1,1,0,0
"Vogel, Ute (7102692478)",1,2,1,2
"Vogt, Stephan (56789608100)",1,1,1,2
"Vogt, Thomas (56385109800)",0,0,1,2
"Voisin, Nathalie (6507150303)",0,0,1,18
"Volk, U. (8316846400)",1,3,0,0
"Volkart, Kathrin (55655143600)",0,0,1,244
"Volker, P. (55859977700)",0,0,1,12
"Volonakis, George (18038518500)",0,0,1,1
"Volos, Haris (57204378333)",1,2,0,0
"Vom Scheidt, Frederik (57211289921)",0,0,1,1
"Von Büren, George (6508205663)",1,14,0,0
"Von Hauff, Elizabeth (8380915400)",1,3,0,0
"Von Hirschhausen, Christian (23089519700)",0,0,1,3
"Von Jouanne, Annette (7003708238)",1,2,0,0
"Von Laszewski, Gregor (6701618640)",1,7,0,0
"Vondra, Michal (56022506800)",1,1,0,0
"Vontzos, Georgios (57957405700)",1,1,0,0
"Voorspools, Kris R (6602560753)",0,0,1,1
"Voos, Holger (6603280387)",1,1,0,0
"Vora, Ashish P. (55814675300)",0,0,1,2
"Vorayos, Natanee (6508293394)",0,0,1,1
"Voropai, Nikolai (56183009600)",1,3,0,0
"Voros, Nikolaos (56728112100)",0,0,1,1
"Vorwerk, Johannes (55746687800)",1,2,0,0
"Vos, P. (23111449900)",0,0,1,5
"Voutetakis, Spyros (6505817434)",0,0,1,2
"Voutetakis, Spyros S. (6505817434)",0,0,1,2
"Voyant, Cyril (23502130600)",2,16,0,0
"Vrettos, Evangelos (48561665300)",1,1,1,2
"Vrudhula, Sarma (7003977191)",1,2,0,0
"Vrček, Neven (24829693000)",1,2,0,0
"Vu Xuan Son, Huu (58404647400)",1,1,0,0
"Vu, Anh-Tuan (57189616134)",1,3,0,0
"Vu, Binh-Minh (57201089043)",1,1,0,0
"Vu, D.H. (56462274600)",1,2,1,1
"Vu, Dang Thanh (57211048707)",1,1,0,0
"Vu, Philip P. (57190384566)",1,1,0,0
"Vuelvas, José (54685230900)",0,0,1,2
"Vyhlídal, Tomáš (25032075600)",0,0,1,5
"Vyhmeister, Eduardo (24503873000)",0,0,1,2
"Vytelingum, Perukrishnen (16235272200)",1,7,0,0
"Váci, László (57199499142)",1,1,1,27
"Völker, Christoph (7004309320)",1,3,1,37
"Wachendorf, M. (6601980015)",0,0,1,1
"Wachendorf, Michael (6601980015)",0,0,1,3
"Wachsmuth, Jakob (55512611100)",0,0,1,2
"Wada, Yoshihide (57195195518)",0,0,1,4
"Waddicor, David A. (57189661149)",1,1,0,0
"Wade, Cameron (57205737982)",0,0,1,1
"Wade, H. (7004994826)",0,0,1,8
"Wade, Joanne (57197588583)",0,0,1,3
"Wadood, Abdul (36098480800)",1,1,0,0
"Wadud, Zahid (57195225170)",2,3,0,0
"Wadud, Zia (24339719700)",0,0,1,191
"Waechter, Matthias (24345507300)",0,0,1,1
"Waggoner, P.E. (57208460954)",0,0,1,27
"Wagih, Malik (57198356563)",0,0,1,1
"Wagle, Dipika (55213299600)",0,0,1,2
"Wagner, Fabian (56001885100)",0,0,2,5
"Wagner, Johannes (58421485300)",0,0,1,1
"Wagner, John (57203232751)",1,2,0,0
"Wagner, Liam (36629479100)",0,0,3,6
"Wagner, Michael J. (57199121164)",0,0,1,1
"Wahid, Mazlan A. (36119480100)",0,0,1,2
"Wai, Rong-Jong (7004448478)",1,1,0,0
"Waidelich, Paul (57256637400)",0,0,1,8
"Waithe, Kimberly (25230706400)",0,0,1,5
"Wakelin, S.J. (7005793487)",0,0,1,1
"Wakil Shahzad, Muhammad (55363504200)",1,1,0,0
"Wakiyama, Takako (56262101200)",0,0,1,19
"Wakui, Tetsuya (7003512467)",1,1,0,0
"Walasai, Gordhan Das (57197812878)",0,0,2,7
"Walcott, Horace (55855401800)",1,14,0,0
"Wald, L. (7005456532)",1,2,1,6
"Waldl, Hans-Peter (6507074678)",1,2,1,6
"Walker, Anne (57195255944)",0,0,1,3
"Walker, Keith (56710909100)",0,0,1,3
"Walker, Ryan (56389036400)",0,0,1,5
"Walker, Sam-Erik (7403746094)",0,0,1,1
"Walker, Sara (37105142200)",0,0,1,2
"Walkington, I.A. (36162663300)",0,0,1,1
"Walkington, Ian (36162663300)",0,0,1,2
"Walkley, Brant (55793910000)",0,0,1,1
"Walkowiak, Krzysztof (8985785100)",2,4,0,0
"Wall, David M. (55887835300)",0,0,1,7
"Wall, Josh (8384822000)",3,5,0,0
"Wall, Maria (7202347137)",0,0,1,8
"Wallace, Matt (36160053400)",1,1,0,0
"Wallace, Robin (7201513518)",0,0,1,5
"Waller, S. Travis (56990283800)",0,0,1,1
"Wallin, Erik (8353110200)",1,1,0,0
"Walls, C. (56646132000)",0,0,1,4
"Walraven, Jeremy A. (7004358870)",1,1,0,0
"Wals, Adrian F. (6602417421)",0,0,1,4
"Walsh, Michael J. (16481757000)",0,0,1,1
"Walsh, Wilfred M. (7202742268)",0,0,1,2
"Walz, Dieter (7102654387)",1,1,1,1
"Wan Alwi, Sharifah R. (13608087500)",0,0,1,1
"Wan, Can (43361929700)",14,18,2,3
"Wan, Hang (57194416881)",1,1,0,0
"Wan, Hang (57210409081)",1,1,0,0
"Wan, Hanlong (57211069131)",1,2,0,0
"Wan, Hui (57219448325)",1,1,0,0
"Wan, Jian (35276207200)",1,5,0,0
"Wan, Jie (56177089800)",1,1,0,0
"Wan, Jinhong (55613185200)",1,1,0,0
"Wan, Jinquan (7202353184)",1,1,0,0
"Wan, Lei (35240961700)",1,2,0,0
"Wan, Man Pun (7202684953)",1,3,0,0
"Wan, Meng (57551907100)",1,1,0,0
"Wan, Pengbo (25630063600)",1,1,0,0
"Wan, Shuo (57199752998)",1,1,0,0
"Wan, Xiao (57204104870)",1,1,0,0
"Wan, Yimao (55311709400)",1,1,0,0
"Wander, Gurpreet Singh (55402205800)",1,2,0,0
"Wander, Paulo Roberto (6701671307)",0,0,1,1
"Wandishin, Matthew S. (6603303494)",0,0,1,2
"Wang, Ai-Jie (7404619701)",2,3,0,0
"Wang, Ai-Xia (53870879500)",1,1,0,0
"Wang, An-Ping (7404619579)",1,1,0,0
"Wang, Anqi (57215665245)",1,1,0,0
"Wang, Ansi (35110792700)",1,1,0,0
"Wang, B. (56920880300)",1,1,0,0
"Wang, Bao (55515299100)",1,1,0,0
"Wang, Bao Chao (57214218921)",1,5,0,0
"Wang, Baochao (57214218921)",1,1,0,0
"Wang, Baolong (8388646100)",1,1,0,0
"Wang, Baomin (55729665200)",1,1,0,0
"Wang, Baoshi (57211270706)",1,1,0,0
"Wang, Beibei (55729731300)",0,0,1,3
"Wang, Benfei (55885021500)",1,1,0,0
"Wang, Biao (57207112263)",1,1,0,0
"Wang, Biao (57221064320)",1,1,0,0
"Wang, Bin (57205546720)",2,3,0,0
"Wang, Bin (57658685800)",1,1,0,0
"Wang, Bing (55710778700)",1,1,0,0
"Wang, Bing (56927032200)",1,2,0,0
"Wang, Bo (57213984338)",1,2,0,0
"Wang, Bo (59661574800)",1,1,0,0
"Wang, Bohong (57212146506)",1,2,1,2
"Wang, Bowen (59865226100)",1,1,0,0
"Wang, Can (7501637590)",0,0,1,2
"Wang, Chao (57203122215)",1,2,0,0
"Wang, Chao (59288329500)",0,0,1,1
"Wang, Chao-fan (59489192700)",1,1,0,0
"Wang, Chaoyang (60619168500)",1,2,0,0
"Wang, Chen (56308653200)",2,2,0,0
"Wang, Chen (59640865300)",1,1,0,0
"Wang, Chen (59868906900)",1,1,0,0
"Wang, Cheng (55752891000)",1,2,0,0
"Wang, Cheng-Kuang (56486488600)",0,0,1,1
"Wang, Chengfu (7501646952)",1,1,1,1
"Wang, Chenglong (55808028200)",1,2,0,0
"Wang, Chengshan (55812680600)",2,4,0,0
"Wang, Chenxu (57204174396)",1,1,0,0
"Wang, Chenyang (57253571600)",1,1,0,0
"Wang, Chenyu (57191879840)",1,2,0,0
"Wang, Chi-Chuan (8934793900)",1,1,0,0
"Wang, Chi-Hwa (35239227700)",0,0,1,2
"Wang, Chi-hsiang (55157829300)",1,1,1,1
"Wang, Chien-Ming (57210964089)",0,0,1,2
"Wang, Ching-Hsin (57195608742)",1,1,0,0
"Wang, Chong (56019881600)",1,1,0,0
"Wang, Chonggang (35079629800)",1,3,0,0
"Wang, Christine (55766609400)",1,1,0,0
"Wang, Chu (57209930000)",1,1,0,0
"Wang, Chuang (7501631277)",0,0,1,1
"Wang, Chuanqing (57665676900)",1,1,0,0
"Wang, Chun (56036015400)",2,4,0,0
"Wang, Chunling (57214228039)",1,1,0,0
"Wang, Congmin (58535819700)",1,1,0,0
"Wang, Cunhua (57209223238)",1,1,0,0
"Wang, Dan (57108797500)",1,1,0,0
"Wang, Dan (57191485105)",1,1,0,0
"Wang, Dan (9275444300)",3,3,0,0
"Wang, Danhao (57220051837)",1,1,0,0
"Wang, Daoyang (58921238800)",0,0,1,1
"Wang, David Y. (23490853700)",1,1,1,1
"Wang, Dawei (55819523400)",0,0,1,5
"Wang, De (56102990500)",1,1,0,0
"Wang, Deyun (55607798900)",0,0,1,1
"Wang, Di (57190855562)",1,1,0,0
"Wang, Di (59859401600)",1,6,0,0
"Wang, Dong (58882634200)",1,1,0,0
"Wang, Dongfang (57192251340)",1,1,0,0
"Wang, Evelyn N. (7403413981)",3,6,0,0
"Wang, F. (35278563400)",0,0,1,1
"Wang, Fa (56139858900)",1,1,0,0
"Wang, Fan (35278563400)",0,0,1,1
"Wang, Fan (58794589900)",1,1,0,0
"Wang, Fang (58131634800)",0,0,1,1
"Wang, Fei (51461203400)",7,17,1,1
"Wang, Fei (57204321755)",1,1,0,0
"Wang, Feng (57199195626)",1,1,0,0
"Wang, Feng (57203340482)",1,2,0,0
"Wang, Fengyu (57143015800)",0,0,1,2
"Wang, G.B. (57192303894)",1,2,0,0
"Wang, Gang (57221464642)",1,1,0,0
"Wang, Gang (59483281300)",1,1,0,0
"Wang, Gaolin (56144109100)",1,2,0,0
"Wang, Geoff X. (7407146151)",1,3,0,0
"Wang, Gongpu (34882344300)",1,1,0,0
"Wang, Guanglin (56142618100)",1,1,0,0
"Wang, Gui-bing (57192303894)",1,5,0,0
"Wang, Guojun (56039387600)",1,1,0,0
"Wang, H.Z. (56052596300)",1,2,0,0
"Wang, Haidong (36007924100)",1,1,0,0
"Wang, Haihui (8659553100)",1,1,0,0
"Wang, Hailong (58570705900)",1,1,0,0
"Wang, Haiwei (57213689977)",1,1,0,0
"Wang, Haixin (57211368196)",2,40,0,0
"Wang, Haiyang (55689011400)",1,3,0,0
"Wang, Haiying (57168945600)",1,1,0,0
"Wang, Han (58139513100)",1,1,0,0
"Wang, Hang (59074777800)",0,0,1,1
"Wang, Hanho (54388292900)",1,2,0,0
"Wang, Hao (56166541300)",2,2,0,0
"Wang, Hao (56694859400)",1,1,0,0
"Wang, Hao (57202273307)",1,1,0,0
"Wang, Hao (57212881406)",1,1,0,0
"Wang, Hao (59293990000)",1,1,0,0
"Wang, Hao (60348812000)",1,1,0,0
"Wang, Haoda (57223638935)",1,1,0,0
"Wang, Haoyu (57218597139)",1,1,0,0
"Wang, Heng (59074121400)",1,2,0,0
"Wang, Hewu (55941476100)",0,0,2,9
"Wang, Hong-Cheng (40462542900)",2,3,0,0
"Wang, Hongming (36115944300)",0,0,1,1
"Wang, Hongqing (7501733919)",0,0,1,2
"Wang, Hongwei (57214056510)",1,1,0,0
"Wang, Hua (56098034000)",0,0,1,1
"Wang, Huai-zhi (56052596300)",1,5,0,0
"Wang, Huaiyuan (55993588900)",1,1,0,0
"Wang, Huan (55328611800)",2,2,0,0
"Wang, Huan (56311720500)",1,1,0,0
"Wang, Huan (57207241051)",1,1,0,0
"Wang, Hui (56368704000)",1,1,0,0
"Wang, Hui (57206736241)",2,2,1,1
"Wang, Hui-Ying (57190707692)",0,0,1,3
"Wang, Huifang (36926796400)",2,2,0,0
"Wang, Huihui (57210130902)",1,2,0,0
"Wang, Huilong (57111073900)",2,2,0,0
"Wang, J. (57200038380)",0,0,1,2
"Wang, Javan (57218323538)",0,0,1,1
"Wang, Jen-Cheng (8544761600)",0,0,1,4
"Wang, Jia (48161959100)",1,1,0,0
"Wang, Jia (57196223495)",1,1,0,0
"Wang, Jiacheng (57215436005)",1,1,0,0
"Wang, Jiahai (57211089844)",1,1,0,0
"Wang, Jialiang (58759769700)",1,1,0,0
"Wang, Jian (56098141300)",1,2,0,0
"Wang, Jian (57881560800)",1,1,0,0
"Wang, Jianchun (57038714200)",0,0,1,15
"Wang, Jiandong (24483770300)",0,0,1,1
"Wang, Jiang (7701311704)",1,1,0,0
"Wang, Jiangbo (57045529700)",1,1,1,2
"Wang, Jianhui (57200038380)",10,15,5,7
"Wang, Jiankai (57209275567)",1,1,0,0
"Wang, Jianliang (51864956500)",0,0,1,1
"Wang, Jianwu (57201399639)",1,1,0,0
"Wang, Jianxue (7701340013)",2,5,0,0
"Wang, Jianyuan (56503617800)",1,1,0,0
"Wang, Jianzhou (56380147600)",5,5,1,1
"Wang, Jiaqi (60394542500)",1,1,0,0
"Wang, Jiaqiang (57200026626)",1,1,1,1
"Wang, Jiarong (58294398400)",1,1,0,0
"Wang, Jiasong (59934474800)",1,1,0,0
"Wang, Jibo (59708512700)",1,1,0,0
"Wang, Jidong (56549753400)",1,1,0,0
"Wang, Jie (55742706500)",1,8,0,0
"Wang, Jie (56849662000)",1,1,0,0
"Wang, Jie (59210956800)",1,1,0,0
"Wang, Jieyu (57201646651)",0,0,1,17
"Wang, Jilei (57218593850)",1,1,0,0
"Wang, Jin (56655212300)",1,1,0,0
"Wang, Jin'an (57205684915)",1,2,0,0
"Wang, Jing (59065118300)",1,1,0,0
"Wang, Jing-Si (55485367800)",0,0,1,1
"Wang, Jing-hui (59292746600)",1,1,0,0
"Wang, Jingfan (57196425640)",0,0,1,5
"Wang, Jinghui (57155550700)",0,0,1,2
"Wang, Jingxue (57451820800)",1,1,0,0
"Wang, Jinjing (57904622700)",1,1,0,0
"Wang, Jinkuan (55954402400)",1,1,0,0
"Wang, Jinqiang (57208348475)",1,1,0,0
"Wang, Jinqu (7701326758)",0,0,1,1
"Wang, Jinxin (57214147774)",1,1,0,0
"Wang, Jiquan (56421636400)",1,1,1,2
"Wang, Jiyang (57202768015)",1,1,0,0
"Wang, Joseph (7701314455)",1,1,0,0
"Wang, Jue (55932120100)",1,1,0,0
"Wang, Jue (57212251104)",1,1,0,0
"Wang, Jujie (36550718400)",2,2,0,0
"Wang, Jun (55932102900)",1,2,0,0
"Wang, Jun (56486169700)",1,1,0,0
"Wang, Jun (57208348427)",1,2,0,0
"Wang, Jun (59121026600)",1,1,0,0
"Wang, Jun (59232241500)",1,1,0,0
"Wang, Jun (59929310200)",1,2,0,0
"Wang, Junbo (57193717956)",1,1,0,0
"Wang, Junmin (7701333092)",1,1,0,0
"Wang, Junqi (57191366470)",0,0,1,1
"Wang, Junxin (57761862900)",1,2,0,0
"Wang, Kai (56969959100)",1,1,1,2
"Wang, Kai (57986410500)",1,1,0,0
"Wang, Kai (58114309800)",1,1,0,0
"Wang, Kaifeng (57211658410)",1,1,0,0
"Wang, Kaipu (57193626293)",1,1,0,0
"Wang, Kang (57005661900)",1,1,0,0
"Wang, Kang (57188566175)",1,1,0,0
"Wang, Ke (56196425500)",2,2,0,0
"Wang, Ke (56937200300)",1,2,0,0
"Wang, Kejun (7501399380)",1,1,0,0
"Wang, Keke (57198353697)",2,3,0,0
"Wang, Keqi (59001172300)",1,1,0,0
"Wang, Kewei (57221120629)",1,3,0,0
"Wang, Keying (57204820643)",0,0,1,1
"Wang, Kuan (57200523765)",1,1,0,0
"Wang, Kun (56979513400)",1,1,0,0
"Wang, Kun (57193712838)",1,1,0,0
"Wang, Kun (57353452900)",1,1,0,0
"Wang, Lan (57201550088)",1,1,0,0
"Wang, Lei (57070557700)",1,1,0,0
"Wang, Lei (57070619000)",2,2,0,0
"Wang, Lei (57211488446)",1,1,1,1
"Wang, Lei (57267865800)",1,1,0,0
"Wang, Leying (54399624500)",1,1,0,0
"Wang, Li (57188963875)",1,1,0,0
"Wang, Li (57196334751)",1,1,0,0
"Wang, Li (57875757600)",1,2,0,0
"Wang, Li-Li (57204362143)",1,4,1,1
"Wang, Liang (60022519100)",1,1,0,0
"Wang, Liangmo (7409184577)",1,1,0,0
"Wang, Liangzhu (57196330210)",0,0,1,1
"Wang, Liangzhu (Leon) (57196330210)",1,1,1,1
"Wang, Libin (57712866300)",1,1,0,0
"Wang, Lidong (55721412000)",1,1,0,0
"Wang, Liguo (55790361200)",1,1,0,0
"Wang, Lijie (56967453900)",1,1,0,0
"Wang, Lijuan (57190494796)",1,3,0,0
"Wang, Limei (56115501200)",1,1,0,0
"Wang, Limin (57206486800)",0,0,1,3
"Wang, Lin (55778082300)",0,0,1,1
"Wang, Lin (57022259000)",1,4,0,0
"Wang, Lin (57193123129)",0,0,1,2
"Wang, Lingfeng (7409187628)",1,1,1,1
"Wang, Lingshi (57190768139)",0,0,1,3
"Wang, Linguang (58135621200)",1,1,0,0
"Wang, Linqing (36651925000)",1,1,0,0
"Wang, Liping (60253832700)",1,5,1,1
"Wang, Liuping (7409184494)",1,8,0,0
"Wang, Lizhe (23029267900)",1,7,0,0
"Wang, Lizhi (36086883500)",1,1,0,0
"Wang, Lu (57192721138)",1,1,0,0
"Wang, Lu (57195454818)",1,1,0,0
"Wang, Lu (57203825859)",1,1,0,0
"Wang, Lulu (57406615200)",1,1,0,0
"Wang, Lunche (55357667300)",0,0,1,1
"Wang, M. (25925567300)",1,2,0,0
"Wang, M. (55885378600)",1,1,1,1
"Wang, M.X. (26665766400)",1,2,0,0
"Wang, Mantao (57204240542)",1,1,0,0
"Wang, Maochun (36810632500)",1,1,0,0
"Wang, Meihong (25925567300)",3,3,2,3
"Wang, Meina (57200423112)",0,0,1,1
"Wang, Meng (55731980300)",1,2,0,0
"Wang, Mengmeng (58833277500)",1,1,0,0
"Wang, Mengting (57230453000)",1,2,0,0
"Wang, Mengxia (26665766400)",1,2,0,0
"Wang, Mingcong (57208834305)",1,1,0,0
"Wang, Mingfei (57192101220)",1,1,0,0
"Wang, Mingshen (55927517500)",1,1,0,0
"Wang, Mingwei (57222037022)",1,1,0,0
"Wang, Minli (57208307428)",1,1,0,0
"Wang, Naiyu (55467232600)",1,1,0,0
"Wang, Nan (57497375500)",0,0,1,2
"Wang, Nan (59662803800)",1,1,0,0
"Wang, Nier (57863528800)",1,1,0,0
"Wang, Ningbo (60080632400)",1,1,0,0
"Wang, Pei (55570383200)",1,1,0,0
"Wang, Pei-Hong (56297867000)",1,1,0,0
"Wang, Peihong (8314442100)",1,1,0,0
"Wang, Peng (53881987400)",2,5,1,2
"Wang, Peng (56158010700)",1,1,1,2
"Wang, Peng (56896364000)",1,1,0,0
"Wang, Peng (57192011414)",1,1,0,0
"Wang, Peng (58603697500)",0,0,1,1
"Wang, Peng (59102130100)",1,1,0,0
"Wang, Pengda (57201979871)",2,2,0,0
"Wang, Pengfei (57652377600)",1,1,0,0
"Wang, Pengling (55967223100)",0,0,1,1
"Wang, Ping (55496427500)",2,2,0,0
"Wang, Ping (55552608200)",2,2,0,0
"Wang, Ping (59000770400)",2,10,0,0
"Wang, Pingshan (55557685600)",2,3,0,0
"Wang, Qi (57190424007)",1,1,0,0
"Wang, Qi (57207112183)",1,1,0,0
"Wang, Qi (57219152186)",0,0,1,2
"Wang, Qi (57221577185)",1,1,0,0
"Wang, Qi (59837582500)",2,2,0,0
"Wang, Qian (56755772300)",1,1,0,0
"Wang, Qian (59245611600)",0,0,1,1
"Wang, Qiancheng (57202906291)",0,0,1,1
"Wang, Qiang (56953841500)",0,0,1,1
"Wang, Qiang (57142981600)",0,0,1,1
"Wang, Qianjiang (57215827753)",0,0,1,1
"Wang, Qianlong (57195938013)",1,1,0,0
"Wang, Qianting (59179770900)",1,1,0,0
"Wang, Qiaochu (57203283544)",1,1,0,0
"Wang, Qifeng (59615265200)",1,1,0,0
"Wang, Qin (57188711362)",1,5,0,0
"Wang, Qin (57199481206)",1,1,0,0
"Wang, Qin (59040158500)",0,0,3,8
"Wang, Qinglong (59263297700)",1,1,0,0
"Wang, Qingsong (56097864400)",1,1,0,0
"Wang, Qingyuan (57007439300)",1,1,0,0
"Wang, Qiuwang (55521034600)",1,1,0,0
"Wang, Ran (55647526800)",1,1,0,0
"Wang, Ran (57504848700)",1,1,0,0
"Wang, Rong (7405338650)",0,0,2,4
"Wang, Rongyao (57224501586)",1,1,0,0
"Wang, Ru-Guan (57203964800)",1,1,0,0
"Wang, Rui (56298066000)",1,5,0,0
"Wang, Rui (56428127900)",1,6,0,0
"Wang, Rui (56510490800)",4,6,1,3
"Wang, Rui (57200272960)",1,1,0,0
"Wang, Rui (57224466950)",2,2,0,0
"Wang, Rui (58604268600)",1,1,0,0
"Wang, Ruinong (57226885031)",1,1,0,0
"Wang, Ruiping (57211241763)",1,1,0,0
"Wang, Ruiqi (56276414500)",1,1,0,0
"Wang, Ruiqi (59620601700)",1,1,0,0
"Wang, Rujun (58657391800)",1,1,0,0
"Wang, Ruzhu (7405338489)",1,1,0,0
"Wang, Ryan Qi (59662931800)",1,32,1,1
"Wang, Sen (59140813400)",1,1,0,0
"Wang, Senyao (58575555600)",1,1,0,0
"Wang, Shangguang (36185971000)",1,2,0,0
"Wang, Shanli (59485238600)",1,1,0,0
"Wang, Shaohua (55714636800)",1,1,0,0
"Wang, Shaojian (56145927000)",0,0,1,17
"Wang, Shefang (55772702900)",0,0,1,2
"Wang, Sheng (55902655500)",2,2,0,0
"Wang, Sheng (56288839100)",1,1,0,0
"Wang, Sheng (57200526387)",1,2,0,0
"Wang, Shengnan (57210835538)",1,1,0,0
"Wang, Shengwei (7410349001)",4,6,3,5
"Wang, Shengyi (57218548091)",1,1,0,0
"Wang, Shian (57205163994)",0,0,1,2
"Wang, Shijie (59203248700)",1,1,0,0
"Wang, Shilong (7410333793)",1,1,0,0
"Wang, Shitao (57217182910)",1,1,0,0
"Wang, Shixiang (58102917000)",1,1,0,0
"Wang, Shou-Yang (35195168500)",0,0,1,1
"Wang, Shoujin (57202866239)",1,1,0,0
"Wang, Shouyang (35195168500)",1,1,1,1
"Wang, Shuai (57218333085)",0,0,1,1
"Wang, Shuai (59291670400)",1,1,0,0
"Wang, Shuaian (57195297860)",1,2,1,1
"Wang, Shuhui (55714699000)",1,2,0,0
"Wang, Shunjiang (57208245877)",1,1,0,0
"Wang, Shuo (57191711749)",2,2,0,0
"Wang, Shuo (57398459300)",0,0,1,1
"Wang, Shuxin (56126883500)",0,0,1,1
"Wang, Sibao (57191713310)",1,1,0,0
"Wang, Sihai (57959589300)",1,1,0,0
"Wang, Simon S.-Y. (56329646700)",0,0,1,1
"Wang, Sixin (58309227600)",1,1,0,0
"Wang, Siyi (55311860200)",1,4,0,0
"Wang, Siyu (58718416100)",1,1,0,0
"Wang, Suhang (57001918800)",1,1,0,0
"Wang, Suying (59291727000)",1,1,0,0
"Wang, Taiping (55783436900)",0,0,1,1
"Wang, Taiyong (7405563562)",1,1,0,0
"Wang, Tao (55569423000)",1,3,0,0
"Wang, Tao (57211655473)",1,1,0,0
"Wang, Ti (56199089200)",1,1,0,0
"Wang, Tian (57157613200)",1,1,0,0
"Wang, Tianye (58504428300)",1,1,0,0
"Wang, Tianyuan (57223053257)",1,3,0,0
"Wang, Tianzhen (8947714500)",1,1,0,0
"Wang, Tingyuan (57216617348)",1,1,0,0
"Wang, Trudie (56083703900)",2,4,0,0
"Wang, Wei (56939439500)",1,1,0,0
"Wang, Wei (56948437900)",2,33,1,1
"Wang, Wei (56948446400)",1,1,0,0
"Wang, Wei (56948553700)",1,3,0,0
"Wang, Wei (56948590400)",1,1,0,0
"Wang, Wei (56948614900)",1,1,0,0
"Wang, Wei (57192615575)",2,2,0,0
"Wang, Wei (57192620878)",0,0,1,5
"Wang, Wei (57234778500)",1,1,0,0
"Wang, Wei (57784136700)",3,3,0,0
"Wang, Wei (57785242500)",1,3,0,0
"Wang, Wei (59799070300)",1,2,0,0
"Wang, Wei (59906509500)",1,1,0,0
"Wang, Wei-Siang (56599916500)",0,0,1,1
"Wang, Weida (8362858200)",1,1,0,0
"Wang, Weijun (35790611700)",1,1,0,0
"Wang, Weining (35320776800)",1,2,0,0
"Wang, Weirong (58951735900)",1,1,0,0
"Wang, Weiru (60399385100)",1,1,0,0
"Wang, Weisheng (14631219900)",1,2,0,0
"Wang, Wenbang (58924501900)",1,1,0,0
"Wang, Wenbo (57195608802)",0,0,1,2
"Wang, Wenbo (57214050182)",1,1,0,0
"Wang, Wendong (7501757503)",1,1,0,0
"Wang, Wenjun (59157918300)",0,0,1,15
"Wang, Wenlong (55713747100)",1,1,0,0
"Wang, Wenxiang (56937282400)",1,1,0,0
"Wang, Wenxuan (60348426800)",1,1,0,0
"Wang, Wenyu (57193650333)",0,0,1,5
"Wang, Wenyuan (36621450300)",0,0,1,2
"Wang, Wenzhuo (57202945450)",1,1,0,0
"Wang, Wuchang (8576845500)",1,1,0,0
"Wang, X. (55736891300)",1,2,0,0
"Wang, Xi Vincent (55215531900)",1,2,0,0
"Wang, Xianbin (7501856729)",1,2,0,0
"Wang, Xiang (57216419371)",1,1,0,0
"Wang, Xiangwen (55448469300)",1,2,0,0
"Wang, Xiangyu (57205588172)",1,1,0,0
"Wang, Xiao (57203720552)",1,1,0,0
"Wang, Xiao (59648813900)",1,1,0,0
"Wang, Xiao-Yi (8968559300)",1,2,0,0
"Wang, Xiaodi (58571496600)",1,1,0,0
"Wang, Xiaodong (55000636900)",2,4,0,0
"Wang, Xiaohong (23111931300)",1,1,0,0
"Wang, Xiaohong (55828121500)",0,0,1,5
"Wang, Xiaohuan (55122202500)",1,1,0,0
"Wang, Xiaoli (55969142000)",1,1,0,0
"Wang, Xiaoli (56746791700)",1,1,0,0
"Wang, Xiaonan (56166894600)",1,1,4,6
"Wang, Xiaonan (57219909461)",1,1,0,0
"Wang, Xiaotong (58494956500)",1,1,0,0
"Wang, Xin (57220164252)",0,0,1,1
"Wang, Xin (57225118387)",1,2,0,0
"Wang, Xinbing (22136880500)",1,2,0,0
"Wang, Xindi (57206934886)",1,1,0,0
"Wang, Xing (58918871200)",1,1,0,0
"Wang, Xing-Cheng (8275066100)",0,0,1,3
"Wang, Xingwang (57140868500)",1,1,0,0
"Wang, Xingwei (54924910100)",1,1,0,0
"Wang, Xinheng (57223251267)",1,1,0,0
"Wang, Xinjie (55757449700)",1,1,0,0
"Wang, Xinjun (55999578600)",1,4,0,0
"Wang, Xinli (24829719800)",3,3,0,0
"Wang, Xinru (57192280190)",1,1,0,0
"Wang, Xinyang (60395266700)",1,6,0,0
"Wang, Xinyu (57209217729)",1,2,0,0
"Wang, Xiongfei (57190051628)",1,1,0,0
"Wang, Xiucai (56046352300)",1,1,0,0
"Wang, Xiugui (57353785600)",0,0,1,1
"Wang, Xiuli (55736950600)",1,2,1,2
"Wang, Xiwen (57268719900)",1,1,0,0
"Wang, Xu (56457903800)",1,1,0,0
"Wang, Xu (59292187800)",0,0,1,2
"Wang, Xu (59650817800)",1,1,0,0
"Wang, Xuan (56854851900)",1,6,0,0
"Wang, Xuan (57665047200)",1,4,0,0
"Wang, Xuanzheng (57778166200)",0,0,1,1
"Wang, Xue (35767001200)",1,3,0,0
"Wang, Xue (56737274200)",2,2,0,0
"Wang, Xueliang (57189898444)",1,1,0,0
"Wang, Xueyuan (57188763521)",1,1,0,0
"Wang, Xufang (57191267290)",1,1,1,2
"Wang, Xungai (51664041700)",1,6,0,0
"Wang, Xunting (58530922000)",1,1,0,0
"Wang, Xunyang (57226192163)",1,3,0,0
"Wang, Y. (56267903200)",0,0,1,6
"Wang, Y. (56549060800)",0,0,1,1
"Wang, Y.J. (7601504511)",1,1,0,0
"Wang, Y.P. (57200057728)",1,1,0,0
"Wang, Yahui (57189312062)",1,1,0,0
"Wang, Yalin (35077825600)",2,2,0,0
"Wang, Yan (55983831600)",1,1,0,0
"Wang, Yan (55992344000)",1,1,0,0
"Wang, Yan (57189391583)",1,1,0,0
"Wang, Yan (57215437576)",1,2,0,0
"Wang, Yan (57221621794)",0,0,1,1
"Wang, Yanbo (36915878900)",1,1,0,0
"Wang, Yang (56242089400)",1,1,0,0
"Wang, Yankai (57202025250)",1,1,0,0
"Wang, Yanzhi (36555062200)",3,5,1,1
"Wang, Yanzi (36614625300)",1,1,0,0
"Wang, Yaohua (55045025400)",1,3,0,0
"Wang, Yaonan (55998880600)",1,1,0,0
"Wang, Yaran (57192701944)",1,1,1,1
"Wang, Yayu (57200063966)",1,4,1,1
"Wang, Yebin (15078072000)",1,1,0,0
"Wang, Yeming (57444325300)",0,0,1,1
"Wang, Yewan (57204884745)",1,1,0,0
"Wang, Yi (57205480829)",1,1,0,0
"Wang, Yi (57223032385)",2,2,1,5
"Wang, Yi (58869898200)",0,0,1,1
"Wang, Yi (59655343900)",1,1,0,0
"Wang, Yibao (57718465800)",1,1,0,0
"Wang, Yibin (58351278600)",1,1,0,0
"Wang, Yifan (58504134500)",1,1,0,0
"Wang, Yifei (56199069300)",1,1,0,0
"Wang, Yifeng (57221507377)",1,2,0,0
"Wang, Yihui (57192198785)",1,1,0,0
"Wang, Yijing (57222871669)",0,0,1,1
"Wang, Yiming (57164099700)",1,1,0,0
"Wang, Ying (56600940900)",1,1,0,0
"Wang, Ying (59075548500)",1,1,0,0
"Wang, Yinglong (9637799500)",1,1,0,0
"Wang, Yining (57203907062)",1,1,0,0
"Wang, Yining (57204925473)",1,1,0,0
"Wang, Yiqi (57222008672)",1,1,0,0
"Wang, Yishen (56395646700)",1,8,0,0
"Wang, Yixian (57196219430)",1,1,0,0
"Wang, Yong (55964474700)",1,1,1,1
"Wang, Yong (56036009000)",1,1,0,0
"Wang, Yong (59963138600)",1,1,0,0
"Wang, Yonggang (55733758400)",1,2,0,0
"Wang, Yonggang (58747715600)",1,1,0,0
"Wang, Yongjian (57202783913)",1,1,0,0
"Wang, Yongli (35763102300)",1,1,0,0
"Wang, Yongli (7601486903)",0,0,1,2
"Wang, Yongxing (57195422998)",1,4,0,0
"Wang, Yongzhan (60391370300)",1,1,0,0
"Wang, Yongzhen (59416773400)",1,1,0,0
"Wang, Yu (55164276700)",1,2,0,0
"Wang, Yu (57197751850)",1,1,0,0
"Wang, Yu-Kai (57208018947)",1,1,0,0
"Wang, Yu-Qi (55733794700)",1,1,0,0
"Wang, Yu-Qi (57222813845)",1,2,0,0
"Wang, Yuan (58020187700)",1,1,0,0
"Wang, Yuanyuan (35241434100)",1,2,0,0
"Wang, Yuanyuan (35744078400)",1,1,0,0
"Wang, Yubin (57203770732)",1,1,0,0
"Wang, Yubo (56508555000)",1,1,0,0
"Wang, Yuchang (57190743890)",1,2,0,0
"Wang, Yueren (57196425288)",0,0,1,1
"Wang, Yufeng (57092708500)",2,2,0,0
"Wang, Yugang (57211416067)",1,2,0,0
"Wang, Yuhan (57668662200)",0,0,1,3
"Wang, Yuhang (59468300800)",1,1,0,0
"Wang, Yujie (56365047000)",1,1,0,0
"Wang, Yujun (7601504511)",1,2,0,0
"Wang, Yumei (8878146700)",1,3,0,0
"Wang, Yuming (57223054277)",1,1,0,0
"Wang, Yun (56802805300)",1,2,0,0
"Wang, Yunpeng (57200064143)",1,1,0,0
"Wang, Yuqing (56181046500)",1,1,0,0
"Wang, Yuteng (57219281317)",1,1,0,0
"Wang, Yuwei (54788489000)",1,1,0,0
"Wang, Yuxuan (59859750300)",1,1,0,0
"Wang, Yuzhang (8696132300)",1,1,0,0
"Wang, Zefeng (56013502400)",1,2,0,0
"Wang, Zehua (57213001962)",1,1,0,0
"Wang, Zeyu (56717453500)",0,0,1,1
"Wang, Zhan (57943405500)",1,1,0,0
"Wang, Zhanliang (7410034364)",1,1,0,0
"Wang, Zhaohua (57192245952)",1,1,0,0
"Wang, Zhaojing (57193761083)",0,0,1,17
"Wang, Zhaoxia (55904637800)",1,1,0,0
"Wang, Zhaoyu (54380891900)",2,2,3,5
"Wang, Zhe (56176432100)",2,2,1,4
"Wang, Zhe (59841437700)",1,2,0,0
"Wang, Zhecheng (57204966857)",1,3,1,9
"Wang, Zhen (15823063000)",0,0,1,3
"Wang, Zhen (37102785400)",1,4,0,0
"Wang, Zhen (56547665700)",1,5,0,0
"Wang, Zhen (58342432500)",1,1,0,0
"Wang, Zheng (57253696000)",1,1,0,0
"Wang, Zheng (57844595900)",2,4,0,0
"Wang, Zheng (58718910600)",1,1,0,0
"Wang, Zhenglang (58626239900)",1,1,0,0
"Wang, Zhenguo (59144761700)",1,1,0,0
"Wang, Zhenhao (8966787500)",1,1,0,0
"Wang, Zhenming (57217010614)",1,1,0,0
"Wang, Zhenni (57210733069)",1,1,1,4
"Wang, Zhenpo (8708281800)",2,9,2,2
"Wang, Zhi (55913248200)",1,1,0,0
"Wang, Zhi (56413202500)",1,1,0,0
"Wang, Zhi-Wu (8621105600)",1,1,0,0
"Wang, Zhibing (10042543300)",1,1,0,0
"Wang, Zhicheng (57219549348)",2,2,0,0
"Wang, Zhifeng (55851433800)",0,0,1,3
"Wang, Zhihua (56467537400)",1,1,0,0
"Wang, Zhijie (57999300600)",1,1,0,0
"Wang, Zhiwei (8376785600)",1,1,0,0
"Wang, Zhixun (57189640182)",1,1,0,0
"Wang, Zhiyang (57201368328)",1,1,0,0
"Wang, Zhiyi (59567465500)",1,1,0,0
"Wang, Zhiyuan (57201989763)",0,0,1,1
"Wang, Zhongguan (56957891700)",1,3,0,0
"Wang, Zhu (7410038332)",1,1,0,0
"Wang, Zhuang (57260974500)",1,1,0,0
"Wang, Zichen (57213162168)",1,1,0,0
"Wang, Zihan (57201528944)",1,2,0,0
"Wang, Ziheng (58074243900)",1,1,0,0
"Wang, Zijin (57736542000)",1,1,0,0
"Wang, Ziqi (57223053865)",1,1,0,0
"Wang, Ziran (57195429182)",1,2,0,0
"Wang, Zishuai (57192202920)",1,1,0,0
"Wang, Zixiao (57221406380)",1,1,0,0
"Wang, Zixuan (57216746855)",1,1,0,0
"Wang, Ziyu (57224733960)",1,1,0,0
"Wang, Zongjie (56435773900)",1,1,0,0
"Wang, Zuoxue (57218837338)",1,2,0,0
"Wang, Zuoxun (8308359800)",1,1,0,0
"Wangdee, Wijarn (9133969600)",0,0,1,2
"Wanigasekara, C. (57201405558)",1,1,0,0
"Wanjiru, G. Kamau (57192163414)",0,0,1,8
"Wanzke, Caren (57195033298)",1,1,0,0
"Wapler, J. (8369248800)",0,0,1,1
"Waqar Azhar, M. (36661882800)",1,4,0,0
"Waqas, Muhammad (57215416666)",1,1,0,0
"Warburton, Paul (7005264376)",1,2,0,0
"Ward, Helen C. (55703757400)",0,0,1,16
"Ward, John K. (55449073300)",2,3,0,0
"Ward, Matthew P. (26653915000)",1,1,0,0
"Ward, R.M. (7403168679)",2,2,0,0
"Ward, Teddy (57413370800)",0,0,1,2
"Waring, Michael S. (16231996200)",1,13,1,1
"Warmann, Emily (50263372700)",0,0,1,1
"Warren, Emily L. (35308147300)",0,0,1,2
"Warsinger, David M. (56720363100)",1,5,1,1
"Warthmann, Alexander (57205198671)",1,1,0,0
"Waseem, Muhammad (57194042618)",1,1,0,0
"Washburn, Sean (7006299768)",1,3,0,0
"Washom, B. (53875480200)",1,7,1,5
"Wasserkrug, Segev (10739803000)",1,1,0,0
"Wastell, D.G. (7006115955)",0,0,1,3
"Wasynczuk, Oleg (7005211801)",0,0,1,2
"Watanabe, Edson H. (7202442083)",1,1,0,0
"Watanabe, Katsutoshi (55552231100)",0,0,1,8
"Watanabe, Takamoto (7501522969)",1,18,0,0
"Watanabe, Takao (7501519391)",1,1,0,0
"Waterson, Michael (6603768797)",0,0,1,1
"Watkins, Richard (7201422544)",0,0,1,4
"Watkinson, A. Paul (55664091800)",0,0,1,2
"Watling, David (7003610581)",0,0,1,1
"Watson, Eileen B. (57215538603)",0,0,1,1
"Watson, Jean-Paul (35410758700)",0,0,4,13
"Watson, Jim (57209845046)",0,0,1,42
"Watson, S.D. (56850902800)",0,0,1,5
"Watson, Simon J. (8312994100)",1,1,2,9
"Watteyne, Thomas (23567415000)",1,5,0,0
"Weaver, James C. (55708047500)",1,1,0,0
"Webber, Michael (7103355833)",1,41,1,7
"Webber, Michael E. (7103355833)",1,1,3,9
"Webborn, Ellen (57200697215)",0,0,1,4
"Webel, T. (6506009916)",1,3,0,0
"Weber, A. (57189655505)",0,0,1,6
"Weber, Adam Z. (7403707400)",1,4,1,1
"Weber, C. (12780039300)",0,0,1,11
"Weber, Christoph (12780039300)",1,1,2,14
"Weber, Ines (57194012805)",0,0,1,1
"Weber, Juliane (57213136549)",0,0,1,3
"Weber, R. (56194284700)",0,0,1,6
"Weber, Stephanie C. (7401926960)",1,7,0,0
"Weber, William J. (7402748291)",0,0,1,2
"Webley, Paul A. (57204782382)",1,10,1,1
"Webster, Mort (7202299050)",0,0,1,27
"Webster, Richard D. (7402927639)",0,0,1,1
"Webster, Tom (7101765773)",1,1,0,0
"Weckman, Gary R. (6602977086)",0,0,1,1
"Wedam, Garrett (6508209091)",0,0,1,4
"Wedi, Nils P. (8255473900)",0,0,2,2
"Weeks, M. (7005583281)",0,0,1,1
"Wefki, Hossam (57195283493)",0,0,1,1
"Weger, J. (13006574500)",0,0,1,9
"Wehrung, Quentin (57219976962)",1,1,0,0
"Wei, Fanrong (57189308086)",1,1,0,0
"Wei, Fengsheng (57218527278)",1,1,0,0
"Wei, Guangsheng (57189997751)",1,1,0,0
"Wei, Guorui (59411189600)",1,1,0,0
"Wei, Guowen (17436061900)",1,4,0,0
"Wei, Haikun (7402516860)",2,2,0,0
"Wei, Heng (58674417100)",0,0,1,1
"Wei, Hsi-Hsien (54883133200)",0,0,1,1
"Wei, Jia (58195882300)",1,1,0,0
"Wei, Jian (58141897500)",1,1,0,0
"Wei, Jinlin (57608123100)",0,0,1,1
"Wei, Juan (57216612499)",1,1,0,0
"Wei, Kua Harn (57189323496)",1,1,1,1
"Wei, Ling (57217385075)",1,5,0,0
"Wei, Lu (35319209500)",1,1,0,0
"Wei, Manman (59146175000)",1,1,0,0
"Wei, Max (35148814900)",0,0,1,11
"Wei, Minghan (57204215467)",0,0,2,4
"Wei, Mofan (57215092567)",1,1,0,0
"Wei, Nan (57205557419)",0,0,1,3
"Wei, Pang (55621612700)",1,4,1,1
"Wei, Peiyang (57558469800)",1,1,0,0
"Wei, Qinglai (23092563300)",2,2,0,0
"Wei, R. (36924340400)",0,0,1,1
"Wei, Ruihua (36924340400)",1,2,2,3
"Wei, Shaojun (7401765431)",1,1,0,0
"Wei, Shen (55504215000)",0,0,2,2
"Wei, Shuangyu (57209367453)",1,1,1,2
"Wei, Tao (57207163190)",1,1,1,1
"Wei, Tao (59286320000)",1,1,0,0
"Wei, Taoyuan (36770436600)",0,0,1,9
"Wei, Tingcun (15764044900)",1,1,0,0
"Wei, Tongzhen (16305934300)",1,2,0,0
"Wei, Vicky Feng (54405242500)",0,0,1,7
"Wei, Wanghe (7403321328)",1,1,0,0
"Wei, Wei (56427338400)",1,1,0,0
"Wei, Wei (57203774283)",1,1,0,0
"Wei, Wei (57912440800)",1,1,0,0
"Wei, Xiaohui (35276463600)",1,1,0,0
"Wei, Xiaomin (55891550000)",1,1,0,0
"Wei, Xiaoxia (57223000726)",0,0,1,23
"Wei, Xile (24537812900)",1,1,0,0
"Wei, Xinyuan (57192166126)",1,1,0,0
"Wei, Xiuxi (35754018800)",1,1,0,0
"Wei, Xuezhe (12241427500)",1,1,0,0
"Wei, Yanyu (55503494500)",1,1,0,0
"Wei, Yi-Ming (13005705700)",3,3,0,0
"Wei, Yu (59982732600)",1,1,0,0
"Wei, Yujiang (57212405719)",1,1,0,0
"Wei, Yuyi (57203127870)",1,4,0,0
"Wei, Zhaobin (57211781694)",3,4,0,0
"Wei, Zhenhua (8056680800)",1,1,0,0
"Wei, Zhicheng (57320753500)",1,1,0,0
"Wei, Zhinong (7402258961)",6,8,1,1
"Wei, Zhiqing (59662782800)",1,1,0,0
"Wei, Ziqing (57214858760)",1,1,0,0
"Weidmann, Rainer (36449415200)",0,0,1,1
"Weigt, Hannes (23973738300)",0,0,1,7
"Weimar, Holger (55624004200)",0,0,1,13
"Weimar, M. (6507193817)",0,0,1,1
"Weinert, Nils (16481418400)",1,2,0,0
"Weingartner, Tom (57202508425)",0,0,1,2
"Weinstein, Randy D. (7202285998)",1,1,1,1
"Weirman, Chris (35772111700)",1,1,0,0
"Weise, Thomas (7004013771)",1,1,0,0
"Weiss, Manoja D. (7404317436)",1,5,1,1
"Weisser, Sabine (57195614091)",0,0,1,13
"Weitz, David A. (7006798731)",1,7,0,0
"Weißmann, Andreas (57196086784)",1,1,0,0
"Welch, Adam W. (55217971700)",0,0,1,1
"Welfle, Andrew (26432398400)",0,0,1,5
"Welikala, Shirantha (57191270832)",2,2,2,3
"Welle, Elissa J. (57209179189)",1,1,0,0
"Weller, Steven R. (7202503383)",1,1,1,1
"Wellnitz, Sonja (57891515000)",0,0,1,1
"Wemhoff, A.P. (6507284083)",0,0,1,1
"Wen, Ai Jun (7004010586)",1,1,0,0
"Wen, Bo (52365138900)",1,1,0,0
"Wen, Bo (57222423534)",1,1,0,0
"Wen, Chao-Kai (7201367144)",1,1,0,0
"Wen, Chenglin (55967624600)",1,1,0,0
"Wen, Chih-Yung (7201366945)",0,0,1,1
"Wen, Fushuan (7102815249)",1,1,0,0
"Wen, Gen (57219087568)",1,1,0,0
"Wen, Haifang (7202983761)",0,0,1,1
"Wen, Haoran (57220046564)",1,2,0,0
"Wen, Huiqing (24722389900)",2,3,0,0
"Wen, Jianghui (35794099500)",0,0,1,1
"Wen, Jinyu (7402701729)",1,1,0,0
"Wen, John Z. (9274171100)",0,0,1,1
"Wen, Lulu (57201461417)",0,0,1,1
"Wen, Shiping (25823384000)",0,0,1,1
"Wen, Shiting (36988118700)",1,1,0,0
"Wen, Shuli (55542525000)",2,5,0,0
"Wen, Shuming (36344487100)",1,1,0,0
"Wen, Xin (56352483800)",1,1,1,4
"Wen, Xin (57812027200)",1,1,0,0
"Wen, Xuanhao (57220602595)",1,1,0,0
"Wen, Yafeng (16065244200)",1,2,0,0
"Wen, Yi-Lun (57208012534)",1,1,0,0
"Wen, Yingyou (15047271200)",1,2,0,0
"Wen, Yonggang (7401777066)",2,30,1,5
"Wen, Yuanqiao (13103950900)",1,1,0,0
"Wen, Yueming (57214852531)",1,1,0,0
"Wen, Yunfeng (55511999100)",1,1,0,0
"Wen, Zongguo (7201724187)",0,0,1,2
"Wendt, Nathaniel (57190864358)",1,1,0,0
"Weng, Jian (35363338200)",1,2,1,1
"Weng, Xinqian (55326774000)",1,6,0,0
"Wenig, Jürgen (57073759400)",0,0,1,1
"Wenner, Fabian (57193127276)",0,0,1,1
"Wente, Jordan William (56928259100)",0,0,1,2
"Werkoff, F. (14520142900)",0,0,1,2
"Werner, Jörg R. (14623521800)",0,0,1,30
"Weron, Rafal (6603869283)",1,1,0,0
"Weron, Rafał (6603869283)",0,0,1,1
"Wesley Burnett, J. (56600663500)",0,0,1,2
"Wessel, Jacob (57219373318)",0,0,1,1
"Wesseling, Mark (57192689470)",0,0,1,1
"West, Andrew (7202674488)",1,2,0,0
"West, Bradley (56428555800)",0,0,1,4
"West, Geoffrey B. (7201945802)",1,1,0,0
"West, Randy C. (11339657300)",0,0,1,2
"West, Samuel R. (26422640600)",1,5,1,6
"Westby, Eskild R. (6603251553)",1,1,0,0
"Westerhoff, Paul (7004688700)",0,0,1,1
"Westermann, Dirk (35243923700)",0,0,1,3
"Westgaard, Sjur (24402167300)",0,0,1,1
"Westman, Matthew (56845145200)",1,1,0,0
"Westwick, David T. (57027520400)",1,10,0,0
"Wetland, James D. (57192780929)",1,2,0,0
"Wets, Geert (55697067400)",1,3,1,1
"Wetterlund, Elisabeth (35308227000)",1,1,1,3
"Weyant, John P. (7003413782)",0,0,1,5
"Weyman-Jones, Thomas G. (6602955236)",0,0,1,4
"Whale-Obrero, Jaime (59671380400)",0,0,1,1
"Wharton, Sonia (8525944000)",0,0,1,4
"Wheeler, Pat (7101693838)",0,0,1,5
"Whelan, Gerard (57207565410)",0,0,1,9
"Whelan, Pádraig M. (53881992200)",1,4,1,5
"White, A.B. (7404187535)",0,0,1,4
"White, Lee V. (55627054600)",0,0,2,13
"White, Philip (57224529636)",0,0,1,3
"White, William (56046195100)",1,1,0,0
"Whiteford, J. (22987005000)",0,0,1,1
"Whitfield, Stephen C. (26030182100)",0,0,1,15
"Whitman, A. (55973989600)",0,0,1,1
"Whitsett, Dason (55800732000)",0,0,1,2
"Whittaker, Alex (58664690200)",0,0,2,5
"Whittington, H.W. (7005121552)",0,0,1,3
"Whyatt, G. (6603654357)",0,0,1,1
"Whyatt, Greg (6603654357)",1,1,0,0
"Whyte, Kieran (55557939100)",0,0,1,3
"Wi, Young-Min (25959421600)",0,0,1,5
"Wibbenmeyer, Jason (58670839200)",1,1,0,0
"Wiberg, Viktor (57219626451)",1,1,0,0
"Wichakool, Warit (26322150900)",2,5,0,0
"Wicht, Bernhard (6603483829)",1,1,0,0
"Wickramasinghe, P.U. (56594972000)",1,4,0,0
"Wider, Hartmut (7004052386)",0,0,1,1
"Widjaja, Reisa F. (57208148312)",1,1,0,0
"Widmer, Fabio (57223430720)",1,2,0,0
"Widyolar, Bennett (56122713000)",0,0,1,2
"Widén, J. (26424866400)",1,1,1,1
"Widén, Joakim (26424866400)",0,0,1,1
"Wiedenhofer, Dominik (55845579800)",0,0,1,5
"Wiegerink, Remco J. (7004153695)",1,1,0,0
"Wielgosz, Maciej (24451414700)",1,5,0,0
"Wiener, Gerry (15319811900)",0,0,1,1
"Wierman, Adam (8148116600)",2,4,1,1
"Wietfeld, Christian (16176324400)",1,1,0,0
"Wigmosta, Mark S. (6601977455)",0,0,1,3
"Wijnhoven, Fons (6603180438)",1,1,1,24
"Wik, Torsten (6701741286)",1,1,0,0
"Wikander, Jan (6602540140)",1,2,0,0
"Wilbert, S. (49862251500)",1,2,1,6
"Wilczak, James M. (7004499877)",0,0,3,8
"Wild, Peter (7102744066)",0,0,1,1
"Wilde, Torsten (6602740705)",1,2,0,0
"Wilkerson, Jordan (35225507400)",0,0,1,7
"Wilkerson, Jordan T. (35225507400)",0,0,1,5
"Wilkie, David (57210586505)",0,0,1,1
"Wilkinson, Mark (57213452247)",0,0,1,1
"Wilkinson, P. (7201434649)",0,0,1,1
"Willaime, Francois (6701507873)",0,0,1,2
"Willard, John (57201901397)",0,0,1,3
"Willard, Steve (55214023700)",1,2,0,0
"Wille-Haussmann, Bernhard (35114222200)",0,0,1,2
"Willensdorfer, M. (55668525300)",1,1,0,0
"Williams, A. Prysor (24777474400)",1,1,0,0
"Williams, Barry W. (7404502050)",1,2,0,0
"Williams, Baxter (57933835800)",0,0,1,1
"Williams, Caroline M. (35726143900)",0,0,1,1
"Williams, Eric (7403996458)",0,0,1,5
"Williams, Gustavious P. (57199257951)",0,0,1,1
"Williams, K.A. (35393808900)",1,1,0,0
"Williams, Lindy (57214793406)",0,0,1,8
"Williams, M. (20435088500)",0,0,1,3
"Williams, Ryan (57198060853)",0,0,1,5
"Williams, Sean (57214066282)",0,0,1,1
"Williams, T.M. (7404172625)",0,0,1,14
"Williams, Trevor (57212730547)",1,2,1,1
"Williamson, Terry (7102228431)",0,0,1,6
"Willis, Mark J. (35588192700)",1,1,0,0
"Wills, A.D. (43061727000)",0,0,1,2
"Willsey, Matthew S. (55859799800)",1,1,0,0
"Willson, Matthew (57223722495)",1,2,1,17
"Wilson, Chad T. (57199053252)",1,1,0,0
"Wilson, I.A. Grant (55759510855)",0,0,1,2
"Wilson, Mark A. (55574209765)",1,14,0,0
"Wimschulte, Jens (16067348700)",0,0,1,1
"Windarta, Jaka (57194067206)",0,0,1,2
"Wine, David (57284442100)",1,4,0,0
"Winebrake, James J. (7003777023)",0,0,1,5
"Wingert, Rhetta (57205402587)",0,0,1,2
"Winikoff, Justin B. (58363259600)",0,0,1,1
"Winkler, Harald (7201676551)",0,0,1,9
"Winkler, Jenny (55735282500)",0,0,1,6
"Winkler, Jon (42062613600)",1,10,0,0
"Winkler, Matthias (57190061826)",0,0,1,5
"Winston, Roland (7102254688)",0,0,1,2
"Winter, Benedikt (57191829265)",1,1,0,0
"Wirnshofer, Martin (25029028900)",1,15,0,0
"Wirsum, Manfred (6507953089)",1,1,0,0
"Wirth, Markus (57244098000)",0,0,1,15
"Wischmeier, M. (6602475124)",0,0,1,1
"Wiser, Ryan (6603952636)",0,0,1,1
"Wiser, Ryan H. (6603952636)",0,0,1,7
"Wisniewski, Rafael (23394098500)",1,6,0,0
"Wistort, Reid (6506682549)",1,1,0,0
"Witajewski-Baltvilks, Jan (57034266200)",0,0,1,2
"Witha, Björn (25723973900)",0,0,1,2
"Witheephanich, Kritchai (6506193727)",1,1,0,0
"Witmer, Dr. Dennis (7004608142)",0,0,1,1
"Witrant, E. (20434968900)",1,2,0,0
"Wittenberg, Inga (55869415900)",0,0,1,1
"Witthaut, Dirk (8533242700)",1,1,1,3
"Wittwer, Christof (35180667700)",0,0,1,2
"Wittwer, Franz (57215578792)",1,3,0,0
"Witzens, J. (6602358367)",1,2,0,0
"Wiśniewski, Tomasz (35147090100)",0,0,1,2
"Wohland, Jan (57189214160)",0,0,1,3
"Wojdan, Konrad (23092413100)",1,1,0,0
"Woldekidan, Korbaga (57226507292)",1,1,0,0
"Wolden, Colin A. (7003351157)",0,0,1,1
"Wolf, Felix (57205657566)",1,4,0,0
"Wolf, J. (57198672021)",0,0,1,1
"Wolf, Jesse (58243122400)",0,0,1,1
"Wolf, Judith (57198672021)",0,0,1,2
"Wolf-Gladrow, Dieter A. (6701350155)",1,3,1,37
"Wolfrum, E. (7003843908)",1,1,0,0
"Wolisz, Henryk (57194562715)",0,0,1,1
"Won, Dong Hyeok (57203990297)",0,0,1,1
"Won, Jae-Yeon (36082039100)",1,31,0,0
"Wong, Daniel (57188691921)",0,0,1,5
"Wong, K.P. (16556980900)",1,1,0,0
"Wong, Kit Po (16556980900)",1,2,1,1
"Wong, Kit Po (25651079400)",2,3,2,3
"Wong, M.Y. (56325565900)",1,1,0,0
"Wong, Man Sing (57210337677)",1,1,0,0
"Wong, Nyuk Hien (7202836613)",0,0,1,1
"Wong, Pak Kin (57193640456)",1,1,0,0
"Wong, Peter K.C. (57198903438)",1,8,0,0
"Wong, Raymond K. (7402126320)",1,1,0,0
"Wong, Wee Chin (58440013700)",0,0,1,2
"Wongsapai, Wongkot (56181322800)",0,0,1,1
"Wongseree, Waranyu (6506113457)",1,1,0,0
"Woo, C.K. (7102601032)",0,0,1,4
"Woo, Jung-Hun (26029601100)",0,0,1,1
"Woo, Jungyub (7401752820)",1,1,0,0
"Woo, Seung-Han (55654852800)",1,2,0,0
"Woo, Sung Yun (57201527826)",1,4,0,0
"Wood, B.D. (7401873331)",1,2,0,0
"Wood, Christopher (56962756600)",0,0,1,2
"Wood, David (7404400936)",0,0,1,3
"Wood, Eric (37050313000)",0,0,1,3
"Wood, Simon N. (7401448389)",1,1,3,11
"Woodhouse, M.L. (8901167000)",1,10,1,1
"Woodhouse, Michael (36904618200)",0,0,1,9
"Woodruff, David L. (7103343570)",0,0,1,2
"Woodruff, William H. (7005570753)",1,1,0,0
"Woods, Jeremy (22235896900)",0,0,1,6
"Woody, Craig (7102459976)",1,1,0,0
"Woody, David (57224892082)",0,0,1,34
"Woolley, Jonathan M. (24345900000)",0,0,1,1
"Woradit, Kampol (16320242500)",1,2,0,0
"Worni, Raphael (45662266600)",0,0,1,10
"Worrell, Ernst (7003316096)",1,1,2,11
"Worsnop, Rochelle P. (56572841600)",0,0,1,4
"Worthmann, Karl (23101725700)",1,1,1,1
"Wos, Piotr (55788748200)",0,0,1,2
"Woungang, Isaac (14059288900)",1,1,0,0
"Wozny, John (57218631950)",0,0,1,1
"Wright, Andrew (56844303200)",0,0,1,9
"Wright, J. (56208551100)",0,0,1,3
"Wroblewski, Donald (7006715123)",1,8,0,0
"Wu, Allie X. (57164251500)",1,86,1,2
"Wu, An-Yeu (7402998495)",1,2,0,0
"Wu, Bin (7403590865)",2,5,2,2
"Wu, Binqing (57850692800)",1,1,0,0
"Wu, Bo (57218293154)",1,1,0,0
"Wu, Bowen (57202008212)",1,2,0,0
"Wu, Changchun (55713084700)",0,0,1,1
"Wu, Cheng-Feng (57204839262)",0,0,1,2
"Wu, Chenxi (55972202600)",1,1,0,0
"Wu, Chenye (55648102900)",1,1,0,0
"Wu, Chenyu (57192542561)",1,1,0,0
"Wu, Chien-Hung (57211499232)",1,1,0,0
"Wu, Chuanfeng (59197685000)",1,1,0,0
"Wu, Chunlei (57209739595)",0,0,1,1
"Wu, Chunqiang (36703659200)",1,1,0,0
"Wu, Da (57201911132)",1,2,0,0
"Wu, Dazhong (37015011600)",1,5,0,0
"Wu, Dehao (57215492704)",1,1,0,0
"Wu, Desheng Dash (34769206000)",0,0,1,2
"Wu, Di (57215064114)",1,4,0,0
"Wu, Di (57223912361)",1,1,0,0
"Wu, Di (57226552924)",1,2,0,0
"Wu, Dinghui (23096676200)",1,1,0,0
"Wu, Donghong (55523617900)",1,1,0,0
"Wu, Dongqi (57211676937)",0,0,1,1
"Wu, Duan (57208649742)",1,1,0,0
"Wu, Fan (55700771400)",1,1,0,0
"Wu, Felix F. (7403465107)",1,5,0,0
"Wu, Fengjiang (9744833800)",1,1,0,0
"Wu, Fubao (8548619700)",1,1,0,0
"Wu, Fuzhong (55848185300)",1,1,0,0
"Wu, Gaoxiang (57203292232)",1,5,0,0
"Wu, Grace C. (56520658700)",0,0,1,15
"Wu, Guangxin (57219625188)",2,7,0,0
"Wu, Guoqiang (59976106100)",1,1,0,0
"Wu, Guoyuan (55483767300)",2,5,1,2
"Wu, H.C. (55703627900)",1,5,0,0
"Wu, Haishang (57358563200)",1,1,0,0
"Wu, Hao (57223844755)",1,2,0,0
"Wu, Haotian (57220122202)",1,1,0,0
"Wu, He (57458684700)",1,1,0,0
"Wu, Hongyu (55703642600)",0,0,2,6
"Wu, Huaqiang (55649971900)",2,2,0,0
"Wu, Huarui (15822720700)",1,1,0,0
"Wu, Huaying (57203411436)",1,2,0,0
"Wu, Huichang (55790401500)",1,1,0,0
"Wu, Huiduo (58996487100)",1,1,0,0
"Wu, Huijuan (57211277233)",1,2,0,0
"Wu, Huijun (55511539400)",2,2,0,0
"Wu, Ji (57199506419)",0,0,1,1
"Wu, Ji-Chun (7409256839)",0,0,1,1
"Wu, Jiabin (58038506200)",1,1,0,0
"Wu, Jiale (59484712000)",1,1,0,0
"Wu, Jiaman (57218272835)",1,1,0,0
"Wu, Jianfeng (9740393800)",1,4,0,0
"Wu, Jianghong (55713889800)",1,1,0,0
"Wu, Jianzhong (55713564500)",2,2,2,8
"Wu, Jicheng (60352760200)",1,1,0,0
"Wu, Jie (55596776800)",1,2,0,0
"Wu, Jie (55837752300)",1,1,0,0
"Wu, Jie (60035391300)",1,1,0,0
"Wu, Jin (57188863645)",1,2,0,0
"Wu, Jing (56154956200)",0,0,1,3
"Wu, Jing (57217011195)",1,1,0,0
"Wu, Jing (59066666000)",1,1,0,0
"Wu, Jinran (57216781696)",1,1,0,0
"Wu, Jinshun (55927434900)",0,0,1,1
"Wu, Jinsong (36731675700)",1,1,0,0
"Wu, Jinyan (57191878884)",1,4,0,0
"Wu, Jixuan (57201521750)",1,1,0,0
"Wu, Juan (36555035700)",1,1,0,0
"Wu, Jun (56190095000)",1,1,0,0
"Wu, Jun (57151660700)",1,3,0,0
"Wu, Junqian (60039625700)",1,1,0,0
"Wu, Junqiang (58197398900)",0,0,1,1
"Wu, Junyong (15841233000)",1,1,0,0
"Wu, Kejun (55801487100)",1,4,0,0
"Wu, Libo (56127369600)",1,1,0,0
"Wu, Lifeng (26666369500)",0,0,2,2
"Wu, Mengchun (56162234600)",1,4,1,2
"Wu, Mengkai (57189062088)",1,1,0,0
"Wu, Min (35231682600)",1,1,0,0
"Wu, Paul P. (7403119018)",0,0,1,3
"Wu, Pei-Chih (35235540500)",0,0,1,4
"Wu, Peng (57222349415)",1,1,0,0
"Wu, Ping (34882498700)",0,0,1,1
"Wu, Ping (56643595700)",0,0,1,1
"Wu, Q.H. (7404602087)",1,2,0,0
"Wu, Qianyu (56015338500)",0,0,1,3
"Wu, Qingliang (57205436044)",1,1,0,0
"Wu, Qiong (57169166700)",1,1,0,0
"Wu, Qiong (57207980184)",1,3,0,0
"Wu, Qiqi (58130529100)",0,0,1,1
"Wu, Qiuwei (16040971200)",5,5,0,0
"Wu, Qiuxuan (8919479800)",1,1,0,0
"Wu, Qunli (36081531000)",1,1,0,0
"Wu, Raphael (57192910356)",0,0,1,1
"Wu, Rong (57221001291)",0,0,1,17
"Wu, Senyuan (59314475000)",1,1,0,0
"Wu, Shen (58983457400)",1,1,0,0
"Wu, Sheng-Hong (57223103609)",1,1,0,0
"Wu, Shiquan (58638406700)",1,1,0,0
"Wu, Shuai (58766388100)",1,1,0,0
"Wu, Shuang (57216364489)",1,1,0,0
"Wu, Shuang (59498194700)",1,1,0,0
"Wu, Tianxiang (57203497166)",1,1,0,0
"Wu, Tingfan (56517284300)",1,1,0,0
"Wu, Tong (57188746975)",1,1,0,0
"Wu, Wanli (57238970300)",2,3,0,0
"Wu, Wei (56166025600)",1,1,0,0
"Wu, Wei (57196078653)",1,1,0,0
"Wu, Wei (57929313300)",1,1,0,0
"Wu, Wei (59998288400)",1,1,0,0
"Wu, Weize (7407078260)",1,1,0,0
"Wu, Wenbo (56162649600)",1,1,0,0
"Wu, Wenchuan (56195909500)",1,1,0,0
"Wu, Wentai (56582973300)",2,2,0,0
"Wu, Xianguo (55781337300)",2,2,0,0
"Wu, Xiao (55753017200)",3,3,0,0
"Wu, Xiao M. (56217724700)",1,3,0,0
"Wu, Xiaogang (55908737500)",1,1,1,1
"Wu, Xiaohua (37119622300)",0,0,1,3
"Wu, Xiaomei (55715102800)",1,2,0,0
"Wu, Xijia (57203012016)",1,1,0,0
"Wu, Xindong (55533800700)",1,1,0,0
"Wu, Xingping (57716841000)",1,1,0,0
"Wu, Xinya (57470258700)",1,1,0,0
"Wu, Xinyu (36086770400)",0,0,1,1
"Wu, Xiuliang (57209853271)",1,1,0,0
"Wu, Xuan (56440449500)",1,1,0,0
"Wu, Xuecheng (55547084400)",1,1,0,0
"Wu, Ya-Liang (57215539216)",1,1,0,0
"Wu, Ya-Ping (55707366100)",0,0,1,1
"Wu, Yan (57757386700)",1,1,0,0
"Wu, Yanan (55562269700)",1,1,0,0
"Wu, Yanrui (55824226100)",0,0,1,14
"Wu, Yanwei (56093278100)",1,3,0,0
"Wu, Yanwen (55707359000)",0,0,1,1
"Wu, Yao (56491785300)",1,1,0,0
"Wu, Yaqiao (26532007100)",0,0,1,1
"Wu, Ye (56362381900)",1,2,0,0
"Wu, Yifan (56093588800)",1,1,0,0
"Wu, Yik-Chung (7406894786)",1,5,0,0
"Wu, Yinghui (57194693601)",1,1,0,0
"Wu, Yiying (7406893809)",0,0,1,3
"Wu, Yizhi (58959472800)",1,1,0,0
"Wu, Yu (59053336300)",1,3,0,0
"Wu, Yuan (24781596200)",0,0,1,3
"Wu, Yuan-Kang (22954666100)",2,4,0,0
"Wu, Yuankai (56097892900)",1,1,0,0
"Wu, Yue (57205648174)",1,1,0,0
"Wu, Yue (58740331900)",1,1,0,0
"Wu, Yue (59234362300)",1,1,0,0
"Wu, Yufeng (57217058299)",1,1,0,0
"Wu, Yulei (23092568400)",1,2,0,0
"Wu, Yunpeng (57218657408)",0,0,1,2
"Wu, Yuntao (55808842400)",1,1,0,0
"Wu, Yuxin (59731134900)",1,2,0,0
"Wu, Yuyu (57200317336)",1,1,0,0
"Wu, Yuzhe (35772932700)",0,0,2,7
"Wu, Ze (57446099700)",1,1,0,0
"Wu, Zeyang (57215667816)",1,1,0,0
"Wu, Zhanxia (57712595700)",1,1,0,0
"Wu, Zhaoli (60115577700)",1,1,0,0
"Wu, Zhe (57188708149)",1,1,0,0
"Wu, Zhengyan (55500641600)",1,1,0,0
"Wu, Zhiqiang (36607235000)",1,1,0,0
"Wu, Zhiwei (58954802100)",1,2,0,0
"Wu, Zhong (56167556300)",1,1,0,0
"Wu, Zhonghui (59552970400)",1,1,0,0
"Wu, Zhonglin (59410623300)",1,1,0,0
"Wu, Zhongyu (55500648700)",1,1,1,1
"Wu, Zhou (55191621500)",1,1,1,1
"Wu, Zidan (55212092100)",1,1,0,0
"Wu, Zidong (57216873747)",1,1,0,0
"Wu, Ziyi (59125356100)",1,1,0,0
"Wu, Ziyu (57222898400)",1,2,0,0
"Wun, Jhang-Shang (57217592413)",1,1,0,0
"Wunsch, Donald C. (7006706193)",1,3,0,0
"Wyon, D.P. (7004073742)",0,0,1,26
"Wyrsch, Nicolas (7004464523)",0,0,1,1
"Wyseure, Guido (6603765116)",0,0,1,5
"Wyszogrodzki, Andrzej (6507002063)",0,0,1,1
"Wächter, Eduardo Weber (49964825600)",0,0,1,1
"Wästberg, Dag (56568263500)",0,0,1,16
"Wójcik, Joanna (57217170110)",0,0,1,1
"Wójtowicz, M.A. (7005891454)",0,0,1,1
"Wöhrle, Hendrik (6506105209)",1,4,0,0
"Wünschmann, Jurgen (6507036861)",1,2,0,0
"Würth, Ines (56386095600)",0,0,1,1
"Würtz, Samuel (57218102687)",0,0,1,1
"Würzburg, Klaas (55939895700)",0,0,1,27
"Wȩglarski, Mariusz (14024958400)",1,1,0,0
"Xi, Hanwei (60214488200)",1,1,0,0
"Xi, Huan (55545067200)",1,1,0,0
"Xi, Yue (57201526580)",1,1,0,0
"Xia, Bing (57094569500)",1,3,0,0
"Xia, Bing (58302922900)",1,1,0,0
"Xia, Changhao (36639723200)",1,2,0,0
"Xia, Chunqiu (57208690690)",1,1,0,0
"Xia, E. (57469119700)",1,1,0,0
"Xia, Fei (55724398400)",1,2,0,0
"Xia, Fei (56386768800)",1,1,0,0
"Xia, Geng (56464679400)",0,0,2,6
"Xia, Jing (57211882384)",1,1,0,0
"Xia, Junjuan (57200372778)",1,1,0,0
"Xia, Junqiang (57203693990)",0,0,2,4
"Xia, Li (57907089500)",1,1,0,0
"Xia, Liang (23968470200)",0,0,1,1
"Xia, Pengcheng (58183804100)",1,1,0,0
"Xia, Qing (57204392480)",1,1,1,2
"Xia, Shu (46961569400)",1,1,0,0
"Xia, Shuibin (57201553238)",1,1,0,0
"Xia, Tao (35243729000)",1,1,1,1
"Xia, Tian (57200269871)",1,1,0,0
"Xia, Xiangao (57218665240)",0,0,1,1
"Xia, Xiaohua (56483354500)",1,3,0,0
"Xia, Xugui (55145093400)",1,1,0,0
"Xia, Yaping (59934116100)",1,1,0,0
"Xia, Yuanxing (57212488388)",1,1,0,0
"Xian, Qinglong (58045058300)",1,1,0,0
"Xiang, Changying (57211778328)",1,1,0,0
"Xiang, Junhui (56564687100)",1,1,0,0
"Xiang, Kai (59708255200)",1,1,0,0
"Xiang, Manqi (58044974800)",1,1,0,0
"Xiang, Mianyi (59336329500)",1,2,0,0
"Xiang, Mingxu (57208258665)",1,1,0,0
"Xiang, Nan (57208601028)",1,1,0,0
"Xiang, Shui Ying (26431185100)",1,1,0,0
"Xiang, Wei (56801352700)",1,2,0,0
"Xiang, Wenhao (57388840300)",1,2,0,0
"Xiang, Xingcan (55849179900)",1,5,0,0
"Xiang, Xiuli (58947869800)",1,1,0,0
"Xiang, Yong (7201978796)",1,1,0,0
"Xiang, Zhengrong (57223622314)",1,1,0,0
"Xiang, Zhengtao (14038319700)",1,1,0,0
"Xiangqiang, Zhang (60172936200)",1,1,0,0
"Xiao, Bai (36462971200)",1,1,0,0
"Xiao, Chan (56233496200)",1,1,0,0
"Xiao, Chaofeng (7202239599)",0,0,1,4
"Xiao, Chun (57207999852)",1,1,0,0
"Xiao, Fei (57189895478)",1,2,0,0
"Xiao, Fen (58951332300)",1,1,0,0
"Xiao, Fu (57203328269)",5,8,5,9
"Xiao, Fu (7201709602)",1,1,0,0
"Xiao, Gaoxi (7201917092)",1,1,0,0
"Xiao, Hai (57221954857)",1,1,0,0
"Xiao, Hailin (7401565445)",1,1,0,0
"Xiao, Hansong (57220866835)",1,1,0,0
"Xiao, Hao (57627957900)",2,4,0,0
"Xiao, He (26637586600)",1,2,0,0
"Xiao, Huanxiu (59672722400)",1,1,0,0
"Xiao, Jingyi (57211093700)",0,0,1,2
"Xiao, Jintao (57215840188)",1,1,0,0
"Xiao, Jinxin (59365859500)",2,2,0,0
"Xiao, Jinyu (7402564740)",0,0,1,23
"Xiao, Li (55244433700)",1,1,0,0
"Xiao, Liang (51462321100)",1,4,0,0
"Xiao, Lingjuan (57223010004)",1,1,1,3
"Xiao, Liye (56422598200)",1,1,0,0
"Xiao, Nan (57818681400)",1,1,0,0
"Xiao, Pengcheng (57504823400)",1,1,0,0
"Xiao, Penny (16644261700)",1,10,1,1
"Xiao, Shichao (57354105800)",1,1,0,0
"Xiao, Tong (57219563846)",1,1,0,0
"Xiao, Weidong (7202456431)",1,1,1,2
"Xiao, Wendong (35276611800)",2,3,0,0
"Xiao, Wendong (59595919200)",2,4,0,0
"Xiao, Wenhua (55545904200)",1,1,0,0
"Xiao, Wuyang (59488539000)",1,1,0,0
"Xiao, Xi (8923881500)",1,1,0,0
"Xiao, Xinping (15020101200)",0,0,1,1
"Xiao, Yang (36047400300)",0,0,1,1
"Xiao, Yanli (57210362893)",0,0,1,1
"Xiao, Ying (58596030100)",1,1,0,0
"Xiao, Yiqing (7403260236)",1,3,0,0
"Xiao, Yizi (56673241000)",1,3,0,0
"Xiao, Yong (7403260193)",1,1,0,0
"Xiao, Yongjun (55202475000)",0,0,1,1
"Xiao, Yu (57211246634)",1,1,0,0
"Xiao, Yu-jun (57194070639)",1,1,0,0
"Xiao, Yue (57482222000)",1,2,0,0
"Xiao, Zhihuai (7402447311)",1,1,0,0
"Xiao, Zhiwen (57211747349)",1,1,0,0
"Xiao, Zhuang (57204363667)",1,1,0,0
"Xiao, Zi-Yue (58983455100)",1,1,0,0
"Xiao, Ziwei (57210912548)",0,0,1,1
"Xie, Binbin (57221661647)",1,1,0,0
"Xie, Cheng (58249495900)",1,1,0,0
"Xie, Congjiu (59343008500)",1,1,0,0
"Xie, Da (10042160300)",1,1,0,0
"Xie, Di (57196349153)",0,0,1,2
"Xie, Dong (59181679700)",1,1,0,0
"Xie, Dongxuan (56822905800)",1,1,0,0
"Xie, Fen (9037000600)",1,1,0,0
"Xie, Guoqi (36679569600)",1,4,0,0
"Xie, Hailian (22836712800)",1,1,0,0
"Xie, Jiale (57188715518)",1,1,0,0
"Xie, Jiaxing (57220862181)",1,1,0,0
"Xie, Kan (56272995300)",1,2,0,0
"Xie, Le (36447712900)",2,4,2,7
"Xie, Lei (57193363023)",1,1,0,0
"Xie, Lewei (58341776300)",1,1,0,0
"Xie, Lihua (57211550487)",3,7,0,0
"Xie, Lin (53164995600)",0,0,1,1
"Xie, Liqiang (35101208600)",1,1,0,0
"Xie, Min (55710051800)",1,1,0,0
"Xie, Peng (14038352500)",1,1,0,0
"Xie, Q. (59157795100)",1,1,0,0
"Xie, Qiyue (24178884200)",1,1,0,0
"Xie, Shaobo (55457992900)",2,2,0,0
"Xie, Shengli (7401936935)",1,2,0,0
"Xie, Wei (56286249000)",1,1,0,0
"Xie, Wei (57408619700)",1,1,0,0
"Xie, Xian-Chuan (36105618500)",0,0,1,1
"Xie, Xiangpeng (26032736600)",2,3,0,0
"Xie, Xiaorong (7402761473)",1,1,0,0
"Xie, Xintong (57765830700)",1,1,0,0
"Xie, Yi (55497195800)",1,1,1,1
"Xie, Yiwei (57210861470)",1,1,0,0
"Xie, Yuanyuan (55710302200)",1,3,1,3
"Xie, Yufan (59263297600)",1,1,0,0
"Xie, Yuhong (57266241000)",1,2,0,0
"Xie, Yulai (57204102220)",1,1,0,0
"Xie, Yunfei (57223978155)",1,1,0,0
"Xie, Yunyun (50862376300)",1,1,0,0
"Xie, Yuxin (7403959437)",1,1,0,0
"Xie, Zhengyu (23390877400)",1,1,0,0
"Xin, Haoming (57194453073)",1,3,0,0
"Xin, Huanhai (55704991700)",1,1,0,0
"Xin, Zongke (57195630305)",2,2,0,0
"Xing, Gaosong (60115519200)",1,1,0,0
"Xing, Guoliang (7103115606)",1,1,0,0
"Xing, Huishuang (57222004902)",1,1,0,0
"Xing, Jianchun (8647570300)",1,1,0,0
"Xing, Lei (34979685000)",1,5,0,0
"Xing, Lu (57224776112)",1,1,0,0
"Xing, Shaoxia (60145248600)",1,1,0,0
"Xing, Tong (21637554800)",1,1,0,0
"Xing, Xiaofan (57193099905)",0,0,1,1
"Xing, Zhongwen (8970980800)",1,2,0,0
"Xiong, Binyu (57695468100)",2,2,0,0
"Xiong, Bo (59631518800)",0,0,1,19
"Xiong, Chang (57205416586)",1,1,0,0
"Xiong, Feng (59794816900)",1,4,0,0
"Xiong, Jie (57189339912)",1,1,0,0
"Xiong, Jun (58458804300)",1,1,0,0
"Xiong, Liangbin (35231377300)",1,1,0,0
"Xiong, Lin (59411002900)",1,1,0,0
"Xiong, Mingming (45761562000)",0,0,1,2
"Xiong, Neal Naixue (35231569200)",1,3,0,0
"Xiong, Qianjin (35199300700)",1,1,0,0
"Xiong, Rui (57201315780)",2,4,0,0
"Xiong, Tao (59891829400)",1,1,0,0
"Xiong, Tong (57211584647)",1,1,0,0
"Xiong, Weiming (56074900500)",0,0,1,3
"Xiong, Wutao (59281366400)",1,1,0,0
"Xiong, Xiaoyan (7201633759)",1,1,0,0
"Xiong, Xingyin (57191897590)",1,1,0,0
"Xiong, Yaxuan (36060658700)",1,1,0,0
"Xiong, Yingqi (57193015905)",1,2,0,0
"Xiong, Yingzi (57192720772)",0,0,1,1
"Xiong, Yuankang (57222872167)",0,0,1,1
"Xiong, Zehui (57201881045)",1,1,0,0
"Xiros, Nikolaos (24175433600)",1,2,0,0
"Xotta, Andrea (6506262104)",1,2,0,0
"Xu, Bin (56422840100)",1,1,0,0
"Xu, Bin (57190308329)",1,1,0,0
"Xu, Bin (57207396995)",1,1,0,0
"Xu, Chang-Chun (56001182000)",0,0,1,2
"Xu, Chen (35520441000)",1,1,0,0
"Xu, Cheng (57198225504)",1,4,0,0
"Xu, Chengliang (57201418928)",1,1,1,1
"Xu, Chi (58134170100)",1,1,0,0
"Xu, Chuanbo (57191922482)",1,1,0,0
"Xu, Da (57194697060)",1,1,0,0
"Xu, Da-Yu (20736032000)",1,1,0,0
"Xu, Danyang (57998445300)",1,1,0,0
"Xu, Dezhi (55638085500)",1,1,0,0
"Xu, Dianguo (57204308823)",2,7,1,1
"Xu, Fang (35224238200)",1,2,0,0
"Xu, Fang Yuan (35115805900)",1,1,0,0
"Xu, Feng (56491938600)",1,1,0,0
"Xu, Fuqiang (57196454442)",0,0,1,1
"Xu, Gang (55726324100)",0,0,1,4
"Xu, Gaoyuan (57999922600)",1,1,0,0
"Xu, Guanglin (55617062700)",1,3,0,0
"Xu, Haitao (58702026100)",1,1,0,0
"Xu, Haiyan (55493779400)",0,0,1,1
"Xu, Haowei (57205029575)",0,0,1,1
"Xu, He (55575918100)",0,0,1,1
"Xu, Hongfeng (56144064400)",0,0,1,2
"Xu, Honglei (23037699600)",1,1,0,0
"Xu, Hongtao (55920837800)",1,1,0,0
"Xu, Jia (59385328700)",1,1,0,0
"Xu, Jiahe (57457786700)",1,2,0,0
"Xu, Jian (55746382100)",1,1,0,0
"Xu, Jian (56939420100)",2,3,0,0
"Xu, Jianchun (57573618400)",1,2,0,0
"Xu, Jianliang (54790595000)",1,1,0,0
"Xu, Jianshan (60263237800)",1,1,0,0
"Xu, Jianyu (57224477053)",1,1,0,0
"Xu, Jianzhong (24484820600)",0,0,1,5
"Xu, Jianzhong (37125417100)",1,2,0,0
"Xu, Jingcheng (23491006500)",0,0,1,1
"Xu, Jingdong (8321202800)",1,3,0,0
"Xu, Jinghua (26539025500)",1,1,0,0
"Xu, Jinhao (60383681400)",1,1,0,0
"Xu, Juan (57222637612)",1,1,0,0
"Xu, Jun (57191737333)",1,1,0,0
"Xu, Kan (57478338900)",1,1,0,0
"Xu, Kang (57195303179)",1,1,0,0
"Xu, Ke (56878066700)",1,1,0,0
"Xu, L. (7404745586)",0,0,1,1
"Xu, Lei (57207195897)",0,0,1,1
"Xu, Li (57199907152)",1,1,0,0
"Xu, Liangfei (55083180100)",1,2,0,0
"Xu, Lianming (35207730400)",1,1,0,0
"Xu, Libo (57459022700)",1,1,0,0
"Xu, Lihong (7404745586)",1,2,2,3
"Xu, Lin (55732606900)",0,0,1,3
"Xu, Lin (57188625712)",1,3,0,0
"Xu, Lin (57202504062)",1,2,0,0
"Xu, Linghong (55303406300)",1,1,0,0
"Xu, Lisong (57214267207)",0,0,1,2
"Xu, Liuwei (9134051100)",1,1,0,0
"Xu, Lujia (55577924600)",1,1,0,0
"Xu, M. (55703596500)",1,1,0,0
"Xu, Meiling (57214755850)",1,1,0,0
"Xu, Meng (57209712912)",1,1,0,0
"Xu, Ming (55519747200)",0,0,1,19
"Xu, Minglu (57195552596)",1,1,0,0
"Xu, Mingshen (58803467100)",1,1,0,0
"Xu, Peng (37462440100)",1,1,0,0
"Xu, Peng (57040334300)",2,2,0,0
"Xu, Pengfei (57210373299)",1,1,0,0
"Xu, Pengfei (57981751600)",0,0,1,3
"Xu, Po (59794404600)",1,1,0,0
"Xu, Qianwen (56925771300)",1,2,0,0
"Xu, Qifa (16044277500)",3,4,0,0
"Xu, Qiming (57213192156)",1,1,0,0
"Xu, Qingquan (57222056013)",2,2,0,0
"Xu, Qingshan (14631248400)",3,3,2,3
"Xu, Rui (57092927600)",1,1,0,0
"Xu, Rui (59588086500)",1,1,0,0
"Xu, Ruilin (59133588300)",1,1,0,0
"Xu, Ruina (7402813961)",0,0,1,7
"Xu, Sendren Sheng-Dong (55780962200)",1,2,0,0
"Xu, Shaozhen (58156245200)",1,1,0,0
"Xu, Shenglan (57205631102)",1,1,0,0
"Xu, Shijie (57215214579)",1,1,0,0
"Xu, Shilong (60388945400)",1,1,0,0
"Xu, Shouchen (57195545438)",1,1,0,0
"Xu, Si Bin (57216763607)",1,1,0,0
"Xu, Siqing (57224076958)",0,0,1,1
"Xu, Susu (57192649460)",0,0,1,1
"Xu, Tianqi (23468148700)",1,1,0,0
"Xu, Wei (55946665000)",1,1,0,0
"Xu, Wei (56456892100)",1,1,0,0
"Xu, Wei (57209217040)",1,2,0,0
"Xu, Weifeng (57212460544)",1,1,0,0
"Xu, Weijian (36804009100)",1,14,0,0
"Xu, Weixing (57561917700)",0,0,1,1
"Xu, Wen (57566557200)",1,1,0,0
"Xu, Wen-yuan (36242752200)",1,1,0,0
"Xu, Wenhao (59708986800)",1,1,0,0
"Xu, Wenquan (57192895870)",1,1,0,0
"Xu, Wenzheng (55487640400)",1,2,0,0
"Xu, Xiao (57205534107)",1,1,1,1
"Xu, Xiaobin (55924160200)",1,2,0,0
"Xu, Xiaochun (57218280405)",1,1,0,0
"Xu, Xiaodong (57202906421)",1,2,0,0
"Xu, Xiaoka (24826025600)",1,2,0,0
"Xu, Xiaomin (56017761000)",2,2,0,0
"Xu, Xiaoning (56518413000)",1,1,0,0
"Xu, Xiaoqi (7405294943)",0,0,1,2
"Xu, Xiaoxin (56288768900)",1,1,0,0
"Xu, Xiaoyuan (56239642800)",1,1,0,0
"Xu, Xinan (57779863100)",0,0,1,1
"Xu, Xinhang (59410441700)",1,1,0,0
"Xu, Xinhua (57211047381)",2,3,1,1
"Xu, Xinxin (55982689400)",1,1,0,0
"Xu, Xinyi (58996456100)",1,1,0,0
"Xu, Xinzhi (57193699976)",1,2,0,0
"Xu, Xiuqin (57213266498)",1,1,0,0
"Xu, Xu (57204427696)",2,4,1,1
"Xu, Xuefang (57193796897)",1,2,0,0
"Xu, Y. (57203363100)",1,1,0,0
"Xu, Yalin (58514520700)",1,1,0,0
"Xu, Yan (57203363100)",6,12,3,4
"Xu, Yan (8515739600)",1,1,0,0
"Xu, Yanfei (56707799100)",1,9,0,0
"Xu, Yang (57204051894)",2,3,0,0
"Xu, Yang (57246581700)",0,0,1,1
"Xu, Yang (59053116700)",0,0,1,23
"Xu, Ying (58612583400)",1,1,0,0
"Xu, Yinliang (36992824000)",2,4,1,2
"Xu, Yiyi (57212364241)",1,1,0,0
"Xu, Yonghai (35754185600)",1,3,0,0
"Xu, Yongxin (57205604997)",1,1,0,0
"Xu, You-Lin (55695003100)",1,3,0,0
"Xu, Yucheng (57768232000)",1,1,0,0
"Xu, Yueru (57198773407)",0,0,1,2
"Xu, Yujie (8451810000)",1,1,0,0
"Xu, Yuqi (57222247499)",1,1,0,0
"Xu, Zehan (58235465300)",1,1,0,0
"Xu, Zhao (55764069000)",6,10,4,5
"Xu, Zhaofeng (56173549200)",1,1,1,3
"Xu, Zhifeng (55532480300)",1,1,0,0
"Xu, Zhigang (55619297848)",1,1,1,1
"Xu, Zhiming (57652875500)",1,1,0,0
"Xu, Zhixin (59217712800)",1,1,0,0
"Xu, Zhuoran (58180325400)",1,1,0,0
"Xuan, Donghai (58312241600)",1,1,0,0
"Xuan, Sizhong (56521164300)",1,6,0,0
"Xuan, Zhiming (57211364293)",1,1,0,0
"Xue, Chen-Hao (59154771400)",1,1,0,0
"Xue, Chun Jason (8937096100)",1,2,0,0
"Xue, Daojun (8619773800)",1,1,0,0
"Xue, Gang (57204555395)",1,1,0,0
"Xue, Hansong (56384926000)",1,1,1,2
"Xue, Huiyu (57218449095)",1,1,0,0
"Xue, Lingbo (57196222894)",0,0,1,16
"Xue, Qi-Kun (7201986973)",1,4,1,1
"Xue, Qiqi (57825766100)",1,1,0,0
"Xue, Xiaoye (56341404500)",1,1,0,0
"Xue, Xue (55901926400)",1,2,1,2
"Xue, Yan (60077725300)",1,1,0,0
"Xue, Yaosuo (7402270461)",0,0,1,1
"Xue, Yifan (57211967716)",1,1,0,0
"Xue, Ying (56780847700)",1,1,0,0
"Xue, Youzhi (55910114000)",0,0,1,1
"Xuliang, Wang (14520077800)",1,1,0,0
"Xun, Qian (57188724009)",1,1,0,0
"Xydas, Erotokritos (56022551100)",2,3,0,0
"Y, Heo (36453801700)",0,0,1,1
"Y, Kiguchi (36026521900)",0,0,1,1
"Yaagoubi, Reda (26325186800)",1,1,0,0
"Yabe, Kuniaki (57205596594)",1,1,1,4
"Yachi, Toshiaki (7006704037)",1,1,0,0
"Yadack, Malcolm (57191835390)",0,0,1,1
"Yadav, Deepak (57819236100)",1,1,1,1
"Yadav, Neeraj (57219791925)",1,15,1,1
"Yadav, Vineet (55647164522)",1,1,0,0
"Yaghoobian, Neda (36118294400)",0,0,1,1
"Yagita, Yoshie (6603680443)",0,0,1,4
"Yagupsky, Daniel (24172132900)",1,1,0,0
"Yahaya, Wan Muhammad Zafri Wan (57211793166)",1,1,0,0
"Yahya, Bashir (25928913800)",1,4,0,0
"Yahyaoui, Imene (55886404300)",1,2,1,2
"Yair, Yoav (6603253640)",0,0,1,9
"Yalcintas, Melek (6701652183)",2,3,2,2
"Yamada, Tsutomu (60370442300)",1,5,0,0
"Yamada, Yuji (55471422400)",1,1,0,0
"Yamada, Yutaka (7407164108)",1,5,0,0
"Yamagata, Yoshiki (55322269300)",0,0,1,1
"Yamagiwa, Kazuaki (7005455810)",1,2,0,0
"Yamaguchi, Hiroshi (55628571501)",1,1,0,0
"Yamaguchi, Hiroshi (55628571584)",0,0,1,11
"Yamaguchi, Takuma (55942756100)",1,3,0,0
"Yamaguchi, Y. (8638124400)",0,0,1,1
"Yamamoto, Hiroki (57655764900)",1,1,0,0
"Yamamoto, Shigehiro (7408533555)",1,1,0,0
"Yamamoto, Toshiyuki (55703202800)",3,4,1,2
"Yamano, Takashi (35893596300)",0,0,1,6
"Yamashiro, Susumu (7102810007)",1,4,0,0
"Yamashita, Tomomi (37008123100)",0,0,1,8
"Yamashita, Yukari (7402954382)",0,0,1,2
"Yamasoe, Márcia A. (6602360081)",0,0,1,1
"Yamazaki, Tatsuya (35497359900)",1,6,1,3
"Yamin, Farhana (9239199000)",0,0,1,42
"Yan, Baojie (7201858578)",2,2,0,0
"Yan, Bin (55504595700)",1,1,0,0
"Yan, Chengchu (55213380900)",1,1,0,0
"Yan, Chenyang (56260815400)",1,1,0,0
"Yan, Da (7401863008)",0,0,1,1
"Yan, Fangqing (57215666126)",1,2,0,0
"Yan, Fei (57189731207)",1,1,0,0
"Yan, Feng (50862222500)",1,1,0,0
"Yan, Feng (57212377407)",1,1,0,0
"Yan, Gang (7202089711)",1,1,0,0
"Yan, Gangui (7202089440)",1,1,0,0
"Yan, Gao (55218797200)",0,0,1,1
"Yan, Guan (57219438812)",0,0,1,1
"Yan, Haobo (57273433900)",0,0,1,1
"Yan, Hu (56959686600)",1,1,0,0
"Yan, Huaicheng (59893604500)",1,1,0,0
"Yan, Hui (59670079200)",0,0,1,1
"Yan, Jan (58656278200)",1,1,0,0
"Yan, Jie (55467807500)",3,4,1,5
"Yan, Jihong (35301440800)",1,2,0,0
"Yan, Jing (25961228700)",1,1,0,0
"Yan, Jinyue (59452324300)",1,1,1,1
"Yan, Junjie (34769147800)",1,2,0,0
"Yan, Ke (56263145300)",3,3,0,0
"Yan, Laiqing (57205458912)",1,1,0,0
"Yan, Longxu (57202340299)",1,1,0,0
"Yan, M. (35176972900)",1,1,0,0
"Yan, Mei (57193338835)",0,0,1,1
"Yan, Ming (57905132400)",1,1,0,0
"Yan, Na (14219877500)",1,1,0,0
"Yan, Qin (57423857300)",1,2,0,0
"Yan, Qingyou (7201665312)",1,1,0,0
"Yan, Ran (57209308101)",1,2,1,1
"Yan, Ran (58984317800)",1,1,0,0
"Yan, Shiye (58032468200)",1,1,0,0
"Yan, Shuo (56342304900)",1,1,0,0
"Yan, Tian (57194681812)",1,1,0,0
"Yan, Wei (55454261900)",1,1,0,0
"Yan, Xingyu (56599469400)",1,3,0,0
"Yan, Xinping (57200980418)",0,0,1,2
"Yan, Yi (56824717400)",1,3,0,0
"Yan, Yihuan (56500990900)",1,1,0,0
"Yan, Yong (55239605700)",1,2,0,0
"Yan, Yong (57203541957)",1,3,0,0
"Yan, Yuping (36171964500)",1,1,0,0
"Yan, Zengfeng (54404156700)",1,1,0,0
"Yan, Zheng (7402519416)",1,1,0,0
"Yan, Zixuan (58148360200)",1,1,0,0
"Yan, Zutai (57888960700)",1,1,0,0
"Yanagimoto, Jun (7004611347)",1,2,0,0
"Yanagisawa, Akira (55660479200)",0,0,1,2
"Yancey, Neal A. (21740395500)",0,0,1,1
"Yanchu, Yang (58789607200)",1,1,0,0
"Yanfang, Dong (59982027300)",1,1,0,0
"Yang, An-Shik (55669017300)",0,0,1,1
"Yang, Anqi (57194343024)",0,0,1,1
"Yang, Baozhu (56542151700)",1,1,0,0
"Yang, Biao (55543697600)",1,1,0,0
"Yang, Bin (55584795026)",1,1,0,0
"Yang, Bin (58419695400)",1,1,0,0
"Yang, Bisheng (55578807789)",1,1,0,0
"Yang, Bo (56701400000)",1,1,0,0
"Yang, Bo (57126573300)",1,4,0,0
"Yang, Bodong (58513443700)",1,2,0,0
"Yang, Canhui (55928585800)",1,1,0,0
"Yang, Ce (58981970200)",1,1,0,0
"Yang, Chao (37111570000)",1,1,0,0
"Yang, Chao (56416761000)",1,1,0,0
"Yang, Chao (56707730300)",1,2,0,0
"Yang, Chao (57210600393)",1,5,0,0
"Yang, Chao (58438560000)",1,1,0,0
"Yang, Chao (7407738693)",0,0,1,1
"Yang, Chenchen (57193260082)",0,0,1,1
"Yang, Cheng (59161401700)",1,1,0,0
"Yang, Chenxi (57193212026)",1,1,0,0
"Yang, Chenxing (55639927400)",1,1,1,2
"Yang, Chenyang (55583285600)",1,3,0,0
"Yang, Chris (55706691600)",0,0,1,3
"Yang, Chuanchuan (12783842400)",1,1,0,0
"Yang, Chun (57969900300)",1,1,0,0
"Yang, Chunhua (7407741768)",4,4,0,0
"Yang, Chunjie (7407743506)",1,1,0,0
"Yang, Dan (57224902061)",1,1,0,0
"Yang, Dazhi (55699386400)",0,0,3,8
"Yang, Diyu (57192708616)",1,1,0,0
"Yang, Dongchuan (57219584497)",1,1,0,0
"Yang, Dongmei (57208293335)",1,1,0,0
"Yang, Dongsheng (57206705036)",1,1,0,0
"Yang, Eui-Hyeok (7202021074)",1,14,0,0
"Yang, Fan (57226013904)",1,3,1,3
"Yang, Fan (59040930800)",1,3,0,0
"Yang, Fan (59492763100)",1,1,0,0
"Yang, Fenglin (54954680200)",1,1,0,0
"Yang, Guanghua (57189047002)",1,1,0,0
"Yang, Guangya (36616081100)",1,1,0,0
"Yang, Guogang (8270667600)",1,1,0,0
"Yang, Haidong (9735197200)",1,1,0,0
"Yang, Haitao (57900737400)",1,2,0,0
"Yang, Handa (56073604200)",1,2,0,0
"Yang, Haoxiang (58889215100)",1,1,0,0
"Yang, Heng (57203222827)",1,1,0,0
"Yang, Ho-seong (57211523948)",0,0,1,1
"Yang, Hong-Tzer (35313063300)",2,3,0,0
"Yang, Hongxing (7406565175)",5,6,0,0
"Yang, Hongzhi (57211755425)",1,1,0,0
"Yang, Huifang (57218825570)",1,1,0,0
"Yang, J.J. (56103255000)",1,2,0,0
"Yang, Jackson (59258193500)",1,1,0,0
"Yang, Jiajun (56103255000)",1,2,0,0
"Yang, Jian (57883839000)",1,2,0,0
"Yang, Jian (58372136000)",1,1,0,0
"Yang, Jianbo (57195394008)",0,0,1,1
"Yang, Jianguo (9742189700)",1,1,0,0
"Yang, Jianhua (57192153967)",1,1,0,0
"Yang, Jianlong (57856341900)",1,1,0,0
"Yang, Jianxun (57191837104)",1,1,0,0
"Yang, Jianyong (60030413900)",1,1,0,0
"Yang, Jie (56970277800)",2,2,0,0
"Yang, Jie (57192452115)",1,4,0,0
"Yang, Jie (57451296700)",1,1,0,0
"Yang, Jie (58370725600)",1,1,0,0
"Yang, Jin (8963911000)",1,2,0,0
"Yang, Jing (57191581121)",1,2,0,0
"Yang, Jing (57840699700)",1,5,0,0
"Yang, Jing (60704594100)",1,1,0,0
"Yang, Jingming (57388761200)",1,2,0,0
"Yang, Jinlong (35249418200)",0,0,1,1
"Yang, Jufeng (57189240306)",2,4,0,0
"Yang, Jun (35239123400)",1,6,0,0
"Yang, Jun (54581955400)",1,1,0,0
"Yang, Jun (57188586204)",1,2,0,0
"Yang, Jun (58834411500)",1,1,0,0
"Yang, Junfeng (56003900500)",1,1,0,0
"Yang, Junjie (55719562000)",1,2,0,0
"Yang, Junwei (58753788300)",1,1,0,0
"Yang, Junyan (35320620700)",1,1,0,0
"Yang, Junyou (59454513700)",2,40,0,0
"Yang, Jyun-Yan (25032147100)",1,1,0,0
"Yang, Kai (56480936000)",0,0,1,1
"Yang, Kai (57198557864)",1,1,0,0
"Yang, Kai (58692246800)",1,1,0,0
"Yang, Kan (55478582400)",2,2,0,0
"Yang, Kangquan (57571062500)",1,1,0,0
"Yang, Kun (57195678739)",2,2,0,0
"Yang, Kun (57737950400)",1,1,0,0
"Yang, Laurence Tianruo (7406280812)",1,4,0,0
"Yang, Lei (56739433700)",1,1,0,0
"Yang, Lei (57089357300)",1,1,0,0
"Yang, Lei (57131580100)",1,1,0,0
"Yang, Lei (57155130300)",2,4,0,0
"Yang, Lei (57155160200)",1,1,0,0
"Yang, Lei (57207354291)",1,1,0,0
"Yang, Lei (57213066233)",1,1,0,0
"Yang, Li (56909087900)",3,3,0,0
"Yang, Lin (57203351492)",1,3,0,0
"Yang, Lina (58044974900)",1,1,0,0
"Yang, Lingfang (58147616400)",1,1,0,0
"Yang, Lingzhi (56035265500)",1,1,0,0
"Yang, Liu (56176447600)",1,2,0,0
"Yang, Liu (57008459900)",0,0,2,3
"Yang, Lixing (14059260100)",1,1,0,0
"Yang, Liyou (56083754400)",1,1,0,0
"Yang, M. (56218258600)",1,2,0,0
"Yang, Mao (55703321400)",6,7,0,0
"Yang, Ming (56218258600)",3,5,1,1
"Yang, Ming (57201419355)",1,1,0,0
"Yang, Ming (59613303200)",0,0,1,1
"Yang, Ming-Ta (60333132400)",1,1,0,0
"Yang, Mingzhi (57224899564)",1,1,0,0
"Yang, Muyu (60099389800)",1,1,0,0
"Yang, Na (58991706200)",1,1,0,0
"Yang, Nuo (55420109600)",1,1,0,0
"Yang, Peidong (7403931988)",1,1,0,0
"Yang, Peizhi (56221365300)",1,1,0,0
"Yang, Peizhi (7403931728)",1,1,0,0
"Yang, Ping (57216387838)",1,3,0,0
"Yang, Qi (57061235800)",1,1,0,0
"Yang, Qiang (57189235801)",3,3,0,0
"Yang, Qiguo (57214820031)",1,1,0,0
"Yang, Qiliang (8641105000)",1,1,0,0
"Yang, Qingqing (56413376700)",1,1,0,0
"Yang, Qingyu (36731735900)",1,1,0,0
"Yang, Qiqi (58026323200)",1,1,0,0
"Yang, Ruipu (57222867613)",0,0,1,1
"Yang, Shan-Lin (7406950447)",1,1,0,0
"Yang, Shan-Shan (53364909700)",1,1,0,0
"Yang, Shanlin (7406950447)",2,2,1,1
"Yang, Sheng (36096058200)",1,1,1,1
"Yang, Sheng (57188738737)",1,1,0,0
"Yang, Shiyu (57201672010)",1,3,0,0
"Yang, Shuyun (36728515800)",1,1,0,0
"Yang, Siliang (57203120359)",1,1,0,0
"Yang, Siyu (58951009900)",1,1,0,0
"Yang, Siyue (57312793300)",1,1,0,0
"Yang, Song (59784294600)",1,1,0,0
"Yang, Su (35319285900)",1,4,0,0
"Yang, Sungwoo (56016107500)",1,3,0,0
"Yang, Taeyong (48862135500)",0,0,1,2
"Yang, Tao (57092368600)",1,1,0,0
"Yang, Tianyou (57218421683)",1,2,0,0
"Yang, Ting (36085864500)",2,3,0,0
"Yang, Ting (57212903148)",1,1,0,0
"Yang, Tongguang (23111522300)",1,1,0,0
"Yang, W. (55388324200)",0,0,1,1
"Yang, Wei (56995397900)",1,1,0,0
"Yang, Wei (57001294200)",0,0,1,1
"Yang, Weichuang (57211136958)",1,1,0,0
"Yang, Weijia (56621581100)",1,1,0,0
"Yang, Wendong (57191974753)",1,1,0,0
"Yang, Wenguang (58197399000)",0,0,1,1
"Yang, Wuhao (57210937236)",1,1,0,0
"Yang, Xi (57207360496)",1,1,0,0
"Yang, Xiaodong (56949221500)",2,2,0,0
"Yang, Xiaolei (36112532200)",0,0,1,2
"Yang, Xiaoyang (59715627200)",1,1,0,0
"Yang, Xie (56035671900)",1,1,0,0
"Yang, Xilian (57217084229)",1,1,0,0
"Yang, Xinbo (36621514500)",1,1,0,0
"Yang, Xingwu (35782495600)",1,1,0,0
"Yang, Xinkun (57834799900)",1,1,0,0
"Yang, Xiuyuan (16033736500)",1,1,0,0
"Yang, Xiyun (14030797000)",2,2,0,0
"Yang, Yan (56340047700)",1,11,0,0
"Yang, Yanfang (58964820800)",1,1,0,0
"Yang, Yang (56707735700)",1,1,0,0
"Yang, Yang (57218995567)",0,0,1,1
"Yang, Yang (59630751600)",0,0,1,3
"Yang, Yanru (57224687356)",1,1,0,0
"Yang, Ye (59637275400)",1,1,0,0
"Yang, Ying (56978771100)",0,0,1,2
"Yang, Ying (57259964700)",1,1,0,0
"Yang, Yingjie (7409384730)",0,0,1,1
"Yang, Yixin (57216113737)",1,3,0,0
"Yang, Yizhi (57286986100)",0,0,1,1
"Yang, Yong (56103223100)",1,1,0,0
"Yang, Yongheng (55329935500)",1,1,2,9
"Yang, Yongping (57208454951)",1,1,1,1
"Yang, Yongsheng (7409390886)",1,1,1,2
"Yang, Youlong (55995693300)",1,1,0,0
"Yang, Yuan-Bo (58426633000)",1,1,0,0
"Yang, Yuanjuan (57211796817)",1,1,0,0
"Yang, Yue (57218096164)",2,2,0,0
"Yang, Yumeng (58187449600)",1,2,0,0
"Yang, Yuwei (57209286116)",1,1,0,0
"Yang, Yuyun (57219570516)",1,2,0,0
"Yang, Zaiqiang (57215725175)",1,1,0,0
"Yang, Zhang (58610670400)",1,1,0,0
"Yang, Zhaohui (56123330000)",1,1,0,0
"Yang, Zhaoming (57200511030)",1,1,0,0
"Yang, Zhaoqing (55914640400)",0,0,1,1
"Yang, Zhaowei (58759879000)",1,1,0,0
"Yang, Zhe (55700194400)",2,2,0,0
"Yang, Zhen (57203490390)",1,1,0,0
"Yang, Zhen (59813435000)",1,1,0,0
"Yang, Zheng (58839391900)",0,0,1,1
"Yang, Zhengqiang (57577146400)",1,1,0,0
"Yang, Zhenhai (55788805700)",1,1,0,0
"Yang, Zhenning (58565124900)",1,1,0,0
"Yang, Zhi (55746125100)",1,1,0,0
"Yang, Zhifang (55842342700)",1,1,0,0
"Yang, Zhihong (55716655100)",1,1,0,0
"Yang, Zhile (35095765200)",1,1,0,0
"Yang, Zilin (58954802200)",1,2,0,0
"Yang, Zixu (57214049698)",1,1,0,0
"Yang, Ziyi (57219572041)",1,1,0,0
"Yangyang, Li (58137440100)",1,1,0,0
"Yanmei, Jiang (57208302877)",1,1,0,0
"Yannopoulos, Andreas (6603041105)",0,0,1,2
"Yanqing, Hu (55575685800)",1,8,1,1
"Yao, D.L. (35189941700)",1,5,0,0
"Yao, Dalei (33368401600)",1,1,0,0
"Yao, Gang (35226799800)",1,1,0,0
"Yao, Guanhui (15069870200)",1,4,0,0
"Yao, Haipeng (24330114000)",1,2,0,0
"Yao, Haiqing (56233407700)",1,1,1,2
"Yao, Hui (55262442300)",1,1,0,0
"Yao, Jian (55478504800)",1,1,0,0
"Yao, Jiawei (57199844749)",0,0,1,1
"Yao, Jingjing (56352891100)",1,1,0,0
"Yao, Junfeng (58203800900)",1,1,0,0
"Yao, Kui (7403234563)",1,1,0,0
"Yao, Liangzhong (55570631000)",1,1,0,0
"Yao, Liqiang (57207760682)",1,1,0,0
"Yao, Lizhong (55711842100)",1,1,0,0
"Yao, Longchao (56678233000)",1,1,0,0
"Yao, Meiyi (7403317231)",1,1,0,0
"Yao, Mingyao (57191896081)",0,0,1,1
"Yao, Peng (57190174635)",2,2,0,0
"Yao, Qi (55649368600)",1,2,0,0
"Yao, Qiwei (7202585992)",2,2,0,0
"Yao, Richard Yuqi (7102766186)",1,1,0,0
"Yao, Runkun (59567331000)",1,1,0,0
"Yao, Runming (10243864900)",1,2,2,8
"Yao, Shi-chune (57198079128)",1,3,1,1
"Yao, Tiechui (57291310300)",1,1,0,0
"Yao, Wei (57031158100)",1,1,0,0
"Yao, Wenli (55811886200)",1,3,0,0
"Yao, Xiaotong (57193804901)",1,2,0,0
"Yao, Xin (7402530404)",1,1,0,0
"Yao, Xiu (26659274500)",1,1,0,0
"Yao, Xuejian (58769351700)",1,2,0,0
"Yao, Yan-long (57226365387)",1,1,0,0
"Yao, Yao (57192671009)",0,0,1,3
"Yao, Ying (57191875013)",1,4,1,1
"Yao, Yongming (36645427200)",1,1,0,0
"Yao, Yuancheng (14040815200)",1,1,0,0
"Yap, Kah Yung (57212766325)",1,2,0,0
"Yap, Keem Siah (24448864400)",1,3,0,0
"Yaping, Liu (60591636800)",1,1,0,0
"Yaramasu, Venkata (36471604300)",2,5,1,1
"Yasar, Ansar-Ul-Haque (17347063800)",1,3,0,0
"Yasini, Taha (58002430700)",1,1,0,0
"Yassine, Abdulsalam (24722051600)",1,1,1,2
"Yassuda Yamashita, Daniela (57211292705)",1,1,0,0
"Yates, Andrew J. (7202620663)",0,0,1,17
"Yates, Luke (59121599300)",0,0,1,2
"Yates, N.C. (36162672000)",0,0,1,1
"Yates, Nick (36162672000)",0,0,1,2
"Yau, Kelvin K.W. (7101941425)",1,4,1,5
"Yau, Raymond (6602465378)",0,0,1,2
"Yavuz, Feyza (57885581700)",0,0,1,1
"Yazdani, Miad (16424998000)",1,1,0,0
"Yazdani, Sara (57205506200)",0,0,1,1
"Yazdanian, Mehrangiz (58826678900)",1,2,1,1
"Yazdi, E. Azadi (25629863500)",0,0,1,1
"Yazidi, Anis (36623068400)",0,0,1,1
"Ye, Chengjin (55462187700)",2,3,0,0
"Ye, Dong (57215232481)",1,1,0,0
"Ye, Fan (35363273600)",1,9,0,0
"Ye, Fei (57193013854)",1,3,0,0
"Ye, Feihong (57208514045)",1,1,0,0
"Ye, Jichun (55980114500)",2,2,0,0
"Ye, Jilei (55541358200)",1,1,0,0
"Ye, Jin (56228272600)",1,1,0,0
"Ye, Ke (60059698400)",1,1,0,0
"Ye, Lin (36159183300)",3,4,0,0
"Ye, Peiqing (60520122800)",1,1,0,0
"Ye, Wenjie (58064524400)",1,1,0,0
"Ye, Xi (55227738900)",1,1,0,0
"Ye, Xiao-Jiang (56308483700)",1,1,0,0
"Ye, Yanzhu (36448592600)",1,1,1,1
"Ye, Yongchun (57295952200)",1,2,0,0
"Ye, Yujian (56542272800)",1,1,0,0
"Ye, Yunyang (57203019001)",0,0,1,1
"Ye, Zihua (59177850400)",1,1,0,0
"Yeap, Rou Yi (57031856700)",0,0,1,1
"Yebi, Adamu (55845432100)",1,1,0,0
"Yee, Jurng-Jae (7203044281)",0,0,1,1
"Yee, Khor Chu (57193315174)",1,4,0,0
"Yeh, Christopher (57216916153)",1,1,0,0
"Yeh, Sonia (57216615313)",0,0,2,6
"Yen, Zuan Z. (36728859600)",1,2,0,0
"Yen-Nakafuji, Dora (6508093335)",0,0,1,3
"Yener, Bülent (7003714752)",1,1,0,0
"Yeo, Chai Kiat (7102545548)",0,0,1,1
"Yeo, In-Ae (55543631400)",0,0,1,1
"Yeom, Dongwoo (35222814500)",0,0,1,2
"Yesilbudak, Mehmet (35792736300)",0,0,1,1
"Yessoufou, Kowiyou (55385871200)",0,0,1,1
"Yeung, H. (57211037010)",1,2,0,0
"Yeung, Victor C.H. (7006185562)",0,0,1,3
"Yezioro, Abraham (6602422460)",0,0,1,1
"Yi, Bo (57194626672)",1,1,0,0
"Yi, Bo-Wen (56992290800)",0,0,1,4
"Yi, Bong-Jae (7102345328)",1,1,0,0
"Yi, Chengqi (56023044600)",0,0,1,1
"Yi, Hong (57203925884)",1,1,0,0
"Yi, Jianqiang (14016793800)",1,1,1,2
"Yi, Jin-Hak (7402736635)",0,0,1,2
"Yi, Juan (55710765700)",1,1,0,0
"Yi, Lingzhi (9746284600)",1,1,0,0
"Yi, Ran (57213277821)",0,0,1,3
"Yi, Xiaoying (58640977400)",1,1,0,0
"Yi, Yanzhou (59461118800)",1,1,0,0
"Yi, Yu (58066147500)",1,1,0,0
"Yi, Zhang (48561650100)",0,0,1,1
"Yi, Zonggen (56203771200)",1,1,0,0
YiYan (58794339200),1,1,0,0
"Yifeng, Liu (57203151266)",1,1,0,0
"Yik, F.W.H. (7004635616)",0,0,1,3
"Yilbas, B.S. (7103013345)",1,1,0,0
"Yildiz, Baran (57193257978)",1,1,0,0
"Yilmaz, Bilgi (57195529760)",0,0,1,2
"Yim, Jaeryun (56714985400)",1,1,0,0
"Yimen, Nasser (57204545451)",0,0,1,17
"Yin, Benshun (57202545176)",1,1,0,0
"Yin, Chaoying (57200525935)",1,1,0,0
"Yin, Chin (54977494800)",1,1,0,0
"Yin, Chunyan (55630153300)",1,1,1,1
"Yin, Du (59625401200)",1,1,0,0
"Yin, Guodong (24781523700)",1,2,0,0
"Yin, Hang (56783444500)",1,1,0,0
"Yin, Jiaxin (59479782600)",1,3,0,0
"Yin, Jiaying (57203809010)",2,3,0,0
"Yin, Jinghan (57903537500)",1,1,0,0
"Yin, Lei (57193056378)",1,2,0,0
"Yin, Lijuan (56581059700)",1,1,0,0
"Yin, Linfei (56266552000)",4,4,0,0
"Yin, Long (57195739016)",1,2,1,2
"Yin, Lu (57191369376)",1,1,0,0
"Yin, Qing (35338519200)",1,1,0,0
"Yin, Rongrong (36645294500)",1,1,0,0
"Yin, Rongxin (24067993200)",1,1,0,0
"Yin, Shouyi (8376913500)",1,1,0,0
"Yin, Wan-Xin (57260383100)",1,1,0,0
"Yin, Wangbao (7202298934)",1,3,0,0
"Yin, Wansi (57217057972)",1,2,0,0
"Yin, Xiaofeng (7401674361)",0,0,1,3
"Yin, Xiaohong (56681612000)",2,2,0,0
"Yin, Xin (55638714600)",1,7,0,0
"Yin, Xiuxing (56105871200)",2,3,0,0
"Yin, Xunhu (57216356216)",1,1,0,0
"Yin, Yafeng (55648429800)",1,1,0,0
"Yin, Yan (7403274005)",0,0,1,5
"Yin, Yihan (58128218400)",1,1,0,0
"Yin, Yixin (8852493900)",1,2,0,0
"Yin, Zhimin (57709274900)",1,1,0,0
"Yin, Zhongqian (57889346400)",1,1,0,0
"Yingvivatanapong, Chitra (10144883200)",0,0,1,1
"Yinxiang, Qu (60094446200)",1,1,0,0
"Yip, Marcus (35797821400)",1,2,0,0
"Yip, S.Y. (55537304800)",1,11,0,0
"Yirtici, Ozcan (57191959389)",1,1,0,0
"Yizhou, Jing (57999788500)",1,1,0,0
"Yla-Jaaski, Antti (23391650600)",1,1,0,0
"Yoda, Minami (55760077800)",1,1,0,0
"Yoffe, Yaron (56784269700)",1,3,0,0
"Yokochi, Alex (6603706843)",1,2,0,0
"Yokoyama, Hiromi M. (55789932000)",0,0,1,2
"Yokoyama, Ryohei (55512992200)",1,1,0,0
"Yon, Haoren (57190406873)",1,1,0,0
"Yona, Atsushi (15838251700)",1,1,0,0
"Yonemoto, Yukihiro (8417743800)",1,1,0,0
"Yong, Binbin (57192201295)",1,1,0,0
"Yoo, ChangKyoo (7201746395)",4,4,0,0
"Yoo, Changkyoo (7201746395)",0,0,1,1
"Yoo, Eungeun (57430739700)",1,1,0,0
"Yoo, Eunji (57220857083)",0,0,1,4
"Yoo, Hoi-Jun (7201373390)",5,8,0,0
"Yoo, Jaehyun (58670001000)",1,1,0,0
"Yoo, Kwae Hwan (55941000500)",0,0,1,1
"Yoo, Sangmin (57219112054)",1,2,0,0
"Yoo, Sarang (58956271900)",1,1,0,0
"Yoo, Seung Jick (8614743500)",0,0,1,1
"Yoo, Seung-Hoon (56873063800)",0,0,1,4
"Yoo, Soyoung (57225661348)",0,0,1,1
"Yoo, Sungjoo (7401970649)",2,5,0,0
"Yoo, Yeong (8853648700)",0,0,1,2
"Yoo, Yeuntae (57007693500)",1,1,0,0
"Yoo, Yoon-Sik (14010661600)",1,1,0,0
"Yoo, Yunsung (57191504393)",1,2,0,0
"Yoon, Hae-Sung (36728808600)",0,0,1,5
"Yoon, Ji Woong (34868963300)",1,2,0,0
"Yoon, Jun Churl (57224904398)",1,1,0,0
"Yoon, Kuk-Jin (55932200600)",1,1,0,0
"Yoon, Myungseok (57218949507)",1,1,0,0
"Yoon, Philyoung (56112222900)",1,1,0,0
"Yoon, Seok-Ho (57217845743)",0,0,1,1
"Yoon, Seong-Hwan (55479261000)",0,0,1,1
"Yoon, Sungchul (57216934838)",1,1,0,0
"Yoon, Sungmin (56459313100)",0,0,1,1
"Yoon, Sungroh (58142622900)",1,4,0,0
"Yoon, Yeunggurl (57217992858)",1,2,0,0
"Yoon, YongIk (7402126740)",1,2,0,0
"Yoon, Young-Jin (58348181400)",1,2,0,0
"Yoon, Younju (55754225200)",1,1,1,2
"Yorino, Naoto (7003572420)",1,1,0,0
"Yoshiba, Fumihiko (6602546047)",1,1,0,0
"Yoshida, Ken (55658772500)",1,2,0,0
"Yoshida, Masanori (55480656200)",1,2,0,0
"Yoshida, Yuichiro (35331125200)",0,0,1,1
"Yoshikawa, Masahiro (57964984800)",1,1,0,0
"Yoshimura, Natsue (36678577700)",1,1,0,0
"Yoshinaga, Tsutomu (8593685600)",1,4,0,0
"Yoshino, Hiroshi (55026640100)",1,2,1,1
"Yoshizawa, Yoshio (7102882943)",1,3,1,1
"You, Bingtao (57216081394)",1,1,0,0
"You, Chuang-Wen (8423092000)",1,1,0,0
"You, Deguang (57219903944)",1,1,0,0
"You, Guo-Dong (35754086500)",1,1,0,0
"You, Hongfei (57205251539)",1,3,0,0
"You, Jiawen (59862702800)",1,1,0,0
"You, Linlin (55900968400)",1,1,0,0
"You, Shijun (55511561400)",1,1,1,1
"You, Siming (55800691100)",0,0,1,2
"You, Wen (7005646187)",1,2,0,0
"You, Zhengjie (57212088449)",1,1,0,0
"Youn, Chan-Hyun (35197464700)",1,4,1,1
"Younas, Rehan (57207929613)",0,0,1,2
"Young, Chris (55624012200)",0,0,1,19
"Young, David (56344808800)",0,0,1,2
"Young, Michelle (7404193854)",0,0,1,2
"Young, Vinson (56779549900)",1,8,0,0
"Young, William A. (23013584800)",0,0,1,1
"Youngblood, Jeffrey P. (15823224800)",1,1,0,0
"Younis, Mohamed (7005564685)",1,2,1,1
"Younis, Muhammad Shahzad (57197921786)",1,1,0,0
"Yousefi, Hossein (57192403998)",0,0,2,3
"Yousefpoor, Efat (57222607740)",1,3,0,0
"Yousefpoor, Mohammad Sadegh (57205260739)",1,3,0,0
"Yousg, Marcus P. (35977143900)",1,6,0,0
"Yousif, Belal (55886099400)",0,0,1,2
"Yousif, Jabar H. (37035566000)",1,1,0,0
"Youssef, Amr (7101875996)",1,4,0,0
"Youssef, Moustafa (7102125877)",1,2,1,1
"Youssef, Tarek A. (57195465300)",1,7,1,1
"Yu, Aihua (53664778100)",1,1,0,0
"Yu, Bin (37018980100)",1,1,0,0
"Yu, Bingbing (59778318900)",1,2,0,0
"Yu, Biying (38663804100)",0,0,1,3
"Yu, Chansu (57192817002)",2,8,0,0
"Yu, Chao-Wei (54379325600)",1,4,0,0
"Yu, Cong (57111088700)",0,0,1,1
"Yu, Dahua (53864510100)",1,1,0,0
"Yu, Daihong (36722837100)",1,1,0,0
"Yu, Daren (7404666356)",1,1,0,0
"Yu, Dongxiao (30767911100)",1,1,0,0
"Yu, Fang (34980082200)",1,1,1,2
"Yu, Fei Richard (57328511600)",1,2,0,0
"Yu, Guangping (15020055100)",1,1,0,0
"Yu, Guihua (8835618000)",1,1,0,0
"Yu, Gwang Hyun (57203912139)",1,1,0,0
"Yu, Hai (57040073800)",1,4,0,0
"Yu, Hang (39462325100)",1,2,0,0
"Yu, Hang (59872671800)",1,1,0,0
"Yu, Hongyi (59676233100)",1,1,0,0
"Yu, Huichao (26637593500)",0,0,1,2
"Yu, James (56193893700)",0,0,2,6
"Yu, Jiafan (57189052402)",1,3,1,9
"Yu, Jian (56226036200)",1,1,0,0
"Yu, Jianglong (7405529757)",1,2,0,0
"Yu, Jianjun (55682081900)",1,1,0,0
"Yu, Jianlin (8347943700)",1,1,1,1
"Yu, Jie (56839190600)",1,6,0,0
"Yu, Jie (57202706292)",1,1,0,0
"Yu, Jiguo (13409205300)",1,1,0,0
"Yu, Jilai (7405527111)",1,1,0,0
"Yu, Jing (57218563012)",1,1,0,0
"Yu, Jinsong (15066324000)",1,1,0,0
"Yu, Juan (55682164600)",1,1,0,0
"Yu, Junqi (35147241600)",4,4,0,0
"Yu, Junsheng (55834571800)",1,1,0,0
"Yu, Kai (57226346182)",1,1,0,0
"Yu, Kar-Ming (52464839000)",0,0,1,1
"Yu, Keping (56316023300)",1,2,0,0
"Yu, Kun (35108459200)",1,1,0,0
"Yu, Lean (8983968500)",0,0,1,1
"Yu, Liang (56327271300)",1,1,1,2
"Yu, Lianqing (57212236580)",1,1,0,0
"Yu, Lifan (56420805700)",1,1,0,0
"Yu, Lijun (7404163994)",1,2,0,0
"Yu, Linxin (60149439700)",1,1,0,0
"Yu, Lixing (57195939294)",1,1,0,0
"Yu, Lujie (56145434800)",2,2,0,0
"Yu, Min (57215815854)",1,2,0,0
"Yu, Min (58832711700)",0,0,1,1
"Yu, Mingbiao (57202032362)",1,3,0,0
"Yu, Na (56337174600)",0,0,1,1
"Yu, Nanpeng (24074948100)",0,0,2,10
"Yu, Nanyang (36449724000)",0,0,1,1
"Yu, Peng (36664072900)",1,5,0,0
"Yu, Philip S. (7402366049)",1,14,0,0
"Yu, Ping (57322910000)",0,0,1,1
"Yu, Qi (57022733200)",1,4,0,0
"Yu, Qinghua (54948682200)",1,1,0,0
"Yu, Qiong (55505293700)",1,2,0,0
"Yu, Qun (57220860925)",1,1,0,0
"Yu, Rong (57043605700)",1,2,0,0
"Yu, Ruiji (58479003500)",1,1,0,0
"Yu, Samson S. (59319278400)",2,2,0,0
"Yu, Shan (55607687500)",1,1,0,0
"Yu, Shen (57226074227)",1,1,0,0
"Yu, Shi-wei (56041475300)",0,0,1,1
"Yu, Shiwei (56041475300)",2,2,0,0
"Yu, Shuang-Rui (58595840800)",1,1,0,0
"Yu, Shuhai (55515591000)",0,0,1,5
"Yu, Suhua (60374985100)",1,1,0,0
"Yu, Tao (56454665900)",1,1,0,0
"Yu, Tianyang (57220205915)",1,1,0,0
"Yu, Ting-Chao (8945378600)",1,1,0,0
"Yu, Tsang-Chu (54407749300)",1,1,0,0
"Yu, Wanju (60059345700)",1,1,0,0
"Yu, Wei (60340376700)",1,6,0,0
"Yu, Weijie (59010899200)",1,1,0,0
"Yu, Xiaodong (55490472900)",1,1,0,0
"Yu, Xin (57196945576)",0,0,1,1
"Yu, Xinghuo (7404114597)",1,1,1,2
"Yu, Xinran (57202537908)",1,6,0,0
"Yu, Y. (57192815219)",1,1,0,0
"Yu, Y.X. (57215082997)",1,2,0,0
"Yu, Yan-Shuo (55262565400)",1,1,0,0
"Yu, Yifan (56046435700)",1,1,1,1
"Yu, Yijun (55731529400)",1,1,0,0
"Yu, Yili (57201638618)",2,8,0,0
"Yu, Yixiao (57215082997)",2,3,0,0
"Yu, Yuanbin (55689225300)",2,2,0,0
"Yu, Yuebin (41461909000)",1,1,1,1
"Yu, Yulong (59138529600)",1,1,0,0
"Yu, Yun S. (55731450600)",1,3,0,0
"Yu, Yunsong (55731450600)",1,2,0,0
"Yu, Zetian (57713195400)",1,1,0,0
"Yu, Zhaosheng (56383188100)",0,0,1,1
"Yu, Zhengshan J. (56813993000)",1,3,0,0
"Yu, Zhengxin (57196355960)",1,1,0,0
"Yu, Zhi Gen (7404345850)",1,1,0,0
"Yu, Zhi-Guo (57143064500)",0,0,1,1
"Yu, Zhibin (55730413300)",0,0,1,5
"Yu, Zhibin (60739850200)",0,0,1,1
"Yu, Zhihong (55543122600)",1,1,0,0
"Yu, Zhiwen (16178409600)",1,2,0,0
"Yu, Zhun (56222852100)",1,2,1,1
"Yuan, Changrong (57204140473)",1,1,0,0
"Yuan, Chien-Chung (57210960590)",0,0,1,2
"Yuan, Chris (8547379500)",1,3,1,3
"Yuan, Fang (57828031200)",1,1,0,0
"Yuan, Heyang (56479727600)",1,1,0,0
"Yuan, Hui (57570935500)",1,1,0,0
"Yuan, Jianhua (55982082600)",1,1,0,0
"Yuan, Jiaqi (57207962518)",0,0,1,1
"Yuan, Jinyun (7403401458)",1,1,0,0
"Yuan, Jiren (7403401674)",1,5,0,0
"Yuan, Kuidong (58973508700)",1,1,0,0
"Yuan, Lufeng (60348293700)",1,1,0,0
"Yuan, Mukun (57460013300)",1,1,0,0
"Yuan, Qiheng (57647052300)",1,1,0,0
"Yuan, Shengzhao (23053568500)",1,1,0,0
"Yuan, Shihua (7403272970)",1,1,0,0
"Yuan, Shun (23062612800)",0,0,1,2
"Yuan, Siping (57201086097)",1,2,0,0
"Yuan, Sophie (57197732469)",1,1,0,0
"Yuan, Tianhao (57188723563)",2,2,0,0
"Yuan, Tiejiang (35173913500)",1,2,0,0
"Yuan, Wei (55197962500)",1,1,0,0
"Yuan, Xiao-Chen (55438199300)",0,0,1,1
"Yuan, Xiaohui (7402202700)",1,1,0,0
"Yuan, Xiaojun (55469916600)",1,1,0,0
"Yuan, Xueliang (15066382000)",1,1,0,0
"Yuan, Ye (56390703000)",1,1,0,0
"Yuan, Yupeng (55474953200)",0,0,1,2
"Yuan, Zhaolin (57204799692)",1,1,0,0
"Yuan, Zhi-Ming (56050831400)",1,1,0,0
"Yuan, Zhiyong (59662795600)",1,1,1,1
"Yuan, Zhongyin (58193568700)",1,1,0,0
"Yuanhao, Wang (56521526400)",1,1,0,0
"Yuce, Baris (14027607600)",1,1,0,0
"Yucekaya, Ahmet (24823628300)",0,0,1,1
"Yudi, Jones (57194330963)",1,3,0,0
"Yudiartono, Yudiartono (58130851200)",0,0,1,2
"Yue, Chang (57190968796)",1,1,0,0
"Yue, Dong (36193477900)",2,3,0,0
"Yue, Haitao (57209213924)",1,1,0,0
"Yue, Junqi (35098041100)",0,0,1,1
"Yue, Lihua (7101974776)",1,5,0,0
"Yue, Lingping (59976106000)",1,1,0,0
"Yue, Shuai (57200502040)",1,1,0,0
"Yue, Yingjun (57981113100)",1,1,0,0
"Yue, Zhanpeng (59126036400)",1,1,0,0
"Yuen, Chau (24473792300)",1,1,0,0
"Yuen, Richard K.K. (7006668818)",1,1,0,0
"Yuill, David P. (6505978317)",1,1,0,0
"Yuksel, Cem (57223417705)",1,2,0,0
"Yukseltan, Ergun (55062130900)",0,0,1,1
"Yum, Sang-Guk (57209274173)",0,0,1,1
"Yun, Geun Young (15836332800)",0,0,1,1
"Yun, Jingyang (57205199712)",0,0,1,2
"Yun, Nakyeong (57218476580)",1,1,0,0
"Yun, Ray (37011820600)",1,2,1,1
"Yun, Sun Jin (7202777409)",1,1,0,0
"Yung, Esther H.K. (13304401000)",0,0,1,2
"Yunge, Daniel (55787059500)",1,1,0,0
"Yunusa-Kaltungo, Akilu (56285338100)",1,1,0,0
"Yurrita, Naiara (57189470494)",1,1,0,0
"Yusaf, Talal (23112065900)",0,0,1,2
"Yuxiu, Wang (49362497800)",0,0,1,1
"Yvon, Andrianaharison (57194434665)",0,0,1,1
"Yáñez, Edgar (56212998500)",0,0,1,4
"Yücedaǧ, C. (36500528300)",1,2,0,0
"Z'Graggen, A. (23007277600)",0,0,1,2
"Zabalza, Ignacio (57196216160)",0,0,1,1
"Zabihi, Reza (57044617500)",1,1,0,0
"Zabkowski, Tomasz (6505769681)",2,4,0,0
"Zaccaria, Vittorio (6602932548)",1,7,0,0
"Zachariadis, Theodoros (57214957562)",0,0,7,35
"Zacharopoulos, Aggelos (6506941899)",1,1,0,0
"Zachary, Daniel S. (56370566500)",0,0,1,6
"Zacheilas, Nikos (56743353000)",1,1,0,0
"Zack, John (7101844961)",0,0,2,5
"Zad, Bashir Bakhshideh (56099690400)",1,1,0,0
"Zade, Michel (57205632090)",1,1,0,0
"Zadeh, Mehdi Karbalaye (55943250200)",1,1,0,0
"Zadorojniy, Alexander (12808566700)",1,1,0,0
"Zaeimbashi, Mohsen (57203588802)",1,4,0,0
"Zaffran, Margaux (57215610011)",0,0,1,3
"Zafrilla, Jorge-Enrique (55363057200)",0,0,1,3
"Zahedi, Gholamreza (9276646900)",0,0,1,1
"Zahid, Hamza (57226099953)",1,1,0,0
"Zahid, Muhammad (57207261219)",1,2,0,0
"Zahid, Muhammad (59219452700)",1,2,0,0
"Zai, Zhoupeng (58482581100)",1,1,0,0
"Zaidan, Martha Arbayani (36167809400)",1,2,0,0
"Zaima, Nobuyuki (6507375819)",1,1,0,0
"Zakeeruddin, Shaik M. (35461776200)",2,4,0,0
"Zakeri, Behnam (55092009400)",1,2,0,0
"Zakhvatkin, Lev (57226068813)",1,3,0,0
"Zakutayev, Andriy (25723988200)",0,0,1,1
"Zaman, Fadhlan Hafizhelmi Kamaru (57211748029)",1,1,0,0
"Zaman, Khair Uz (57201538446)",0,0,1,1
"Zamanifar, Azadeh (16023540400)",1,2,0,0
"Zamarreño, Jesús M. (6602293407)",1,4,0,0
"Zamel, Nada (12805218900)",0,0,1,5
"Zamini, Shokufeh (57190128225)",1,1,0,0
"Zammuto, I. (26022160300)",1,1,0,0
"Zamo, M. (56124326200)",0,0,2,4
"Zamora, I. (7003590295)",1,1,0,0
"Zamora, Ramon (35773032600)",0,0,1,1
"Zamora-Martínez, F. (23394203700)",1,1,0,0
"Zampelli, Ernest M. (6507508133)",2,5,1,1
"Zampetti, Lorenzo (57196730607)",1,1,0,0
"Zampieri, P.R. (56351905100)",1,3,1,2
"Zamzam, Ahmed S. (56543716000)",1,1,0,0
"Zana, Iulica (6603561041)",1,1,0,0
"Zander, Jens (7102225810)",2,19,1,1
"Zander, Kerstin K. (57205449913)",0,0,1,2
"Zanfei, Ariele (57221663277)",1,1,0,0
"Zang, Haixiang (56870889000)",4,6,1,1
"Zang, Haixiang (59704931000)",2,2,0,0
"Zang, Xiaodi (57211005934)",1,3,0,0
"Zang, Yuesong (59747909500)",1,1,0,0
"Zanganeh, G. (34877838800)",1,3,1,1
"Zani, Alessandro (36549888700)",0,0,1,2
"Zanker, Sebastian (35791308300)",1,2,0,0
"Zanon, Mario (55375650900)",1,1,0,0
"Zanuso, Marco (26435014700)",1,2,0,0
"Zapata, Christina B. (55322657800)",0,0,1,3
"Zapata-Webborn, Ellen (57200697215)",0,0,3,17
"Zapater, Marina (39462438800)",1,2,0,0
"Zappa, Massimiliano (58501572400)",1,1,0,0
"Zappettini, Andrea (7004337884)",1,1,1,1
"Zare, Firuz (6602359329)",1,1,0,0
"Zare, Kazem (24825931700)",0,0,1,2
"Zareipour, Hamidreza (16029901300)",1,1,0,0
"Zarzalejo, Luis F. (6508261583)",1,1,0,0
"Zatt, Bruno (15926342600)",1,1,0,0
"Zavala, Victor M. (8298282200)",1,2,1,1
"Zavitsanou, Stamatina (39962720300)",1,6,0,0
"Zavřel, Tomáš (55415702500)",1,2,0,0
"Zawadzki, Pawel (37023676000)",0,0,1,1
"Zawistowski, Pawel (36624638100)",1,1,0,0
"Zayed, Mohamed E. (57110025400)",1,1,0,0
"Zazi, Malika (56426278600)",0,0,1,1
"Zdankiewicz, Edward (56615277000)",1,10,0,0
"Zeadally, Sherali (7003472739)",1,2,0,0
"Zechinelli-Martini, José-Luis (8283156300)",1,1,0,0
"Zechmeister, Martin (57193311106)",0,0,1,1
"Zedda, Mario (8651278900)",0,0,1,1
"Zegura, Ellen W. (7004144540)",1,6,0,0
"Zeiler, Wim (24342415400)",2,2,0,0
"Zeilinger, Melanie N. (23570206900)",1,1,0,0
"Zeineddine, Adel W. (57195983030)",1,2,0,0
"Zekić-Sušac, Marijana (23394171200)",1,14,1,1
"Zelek, John (6603746225)",1,1,0,0
"Zelikman, Eric (57219542915)",1,1,0,0
"Zeller, Ulli (55907757800)",1,3,0,0
"Zeltyn, Sergey (56000042400)",1,1,0,0
"Zendegan, Saeid (57316924800)",1,2,0,0
"Zeng, Chunlei (56029911000)",0,0,1,1
"Zeng, Dongheng (60030557200)",1,1,0,0
"Zeng, Fanhua (57202222602)",0,0,1,3
"Zeng, Guo-Qiang (36646837500)",1,2,1,1
"Zeng, Haibo (35191392200)",1,2,0,0
"Zeng, Hansong (34979388200)",1,3,0,0
"Zeng, Liping (57214661983)",1,1,0,0
"Zeng, Min (10038994800)",1,1,0,0
"Zeng, Min (57201614602)",1,2,0,0
"Zeng, Pan (57196024110)",1,1,0,0
"Zeng, Pingliang (56151425800)",1,1,0,0
"Zeng, Pingying (36895539200)",1,1,0,0
"Zeng, Qingsong (57225681940)",1,1,0,0
"Zeng, Shaoxiong (57838311000)",1,1,0,0
"Zeng, Songtao (37019002300)",0,0,1,1
"Zeng, Tao (57204143587)",1,1,0,0
"Zeng, Xiangjun (7403247816)",1,1,0,0
"Zeng, Xianglong (57329590900)",1,1,0,0
"Zeng, Xiaoyang (9634891200)",1,6,0,0
"Zeng, Xiaoyong (55496449400)",1,1,0,0
"Zeng, Yaohui (55388759900)",1,3,0,0
"Zeng, Yaxiang (57202059623)",1,1,0,0
"Zeng, Yaxiong (57195446960)",1,79,0,0
"Zeng, Yi (57196947807)",0,0,1,2
"Zeng, Yingzhi (7402982128)",0,0,1,1
"Zeng, Yu-Rong (8866990400)",0,0,1,2
"Zeng, Yuheng (16551482700)",1,1,0,0
"Zeng, Zeng (57876478700)",1,1,0,0
"Zeng, Zhigang (35316687300)",1,1,1,1
"Zentkó, László (57201978032)",0,0,1,2
"Zeqiri, Bajram (6701630009)",1,9,0,0
"Zervas, P.L. (55946402600)",1,2,0,0
"Zevenhoven, R. (6603993312)",1,3,1,4
"Zeyringer, Marianne (55368951400)",0,0,1,7
"Zha, Yabing (8845252900)",1,1,0,0
"Zhai, Guang (57190339819)",0,0,1,4
"Zhai, Huixing (56004165700)",1,1,0,0
"Zhai, Mengyu (57202773578)",0,0,1,2
"Zhai, Shaolei (55781004900)",1,5,0,0
"Zhai, Wenwen (57223234993)",1,2,0,0
"Zhai, Xiaoqiang (7006359384)",1,1,0,0
"Zhai, Xiongxiong (58888765500)",1,1,0,0
"Zhai, Yuchun (7102983172)",1,10,1,1
"Zhai, Zhiqiang John (7101687227)",0,0,1,1
"Zhan, Choujun (55180932300)",1,1,0,0
"Zhan, Hongyi (59325428500)",1,1,0,0
"Zhan, Jingyuan (51061798100)",1,1,0,0
"Zhan, Weipeng (57844653700)",0,0,1,1
"Zhan, Wenhan (55371877400)",1,1,0,0
"Zhan, Xuepeng (55571289200)",1,1,0,0
"Zhan, Yaping (17436566800)",1,4,0,0
"Zhan, Ying (57194138326)",1,1,0,0
"Zhang, Baosen (56100683300)",1,8,1,3
"Zhang, Bei (56021083000)",0,0,1,2
"Zhang, Bidan (57217115102)",1,1,0,0
"Zhang, Bin (56029475700)",0,0,1,1
"Zhang, Bin (57218111154)",1,1,0,0
"Zhang, Bingzhe (57220549417)",1,1,0,0
"Zhang, Bo (57203844948)",1,1,0,0
"Zhang, Bo (59350831900)",0,0,1,1
"Zhang, Caiqing (55779951700)",0,0,1,2
"Zhang, Caizhi (55841954400)",1,1,0,0
"Zhang, Changyu (59297055200)",1,1,0,0
"Zhang, Chao Y. (56218309300)",1,3,0,0
"Zhang, Chaobo (57206684840)",3,4,0,0
"Zhang, Cheng (55795051300)",1,3,0,0
"Zhang, Cheng (60384760500)",1,1,0,0
"Zhang, Chenggang (57220583890)",1,4,0,0
"Zhang, Chenghui (56018442000)",2,4,0,0
"Zhang, Chengqi (57571062600)",1,1,0,0
"Zhang, Chengqian (57191861902)",1,1,0,0
"Zhang, Chengquan (57191225282)",0,0,1,2
"Zhang, Chenlin (57202293313)",1,1,0,0
"Zhang, Chenrui (57224530393)",1,2,0,0
"Zhang, Chong (56768573400)",1,2,0,0
"Zhang, Chong (57216944490)",1,1,0,0
"Zhang, Chuanjun (7405491258)",1,6,0,0
"Zhang, Chuhan (58761089200)",1,1,0,0
"Zhang, Chunyan (57204640640)",1,1,0,0
"Zhang, Cong (56122780700)",1,1,0,0
"Zhang, Cong (57191477896)",0,0,1,6
"Zhang, Da (55020026400)",0,0,1,3
"Zhang, Dan (8708244600)",1,1,0,0
"Zhang, Dandan (56589189600)",0,0,1,1
"Zhang, Daoyuan (58295940100)",1,1,0,0
"Zhang, David (57195047946)",1,7,0,0
"Zhang, De (7405359138)",1,1,0,0
"Zhang, De-Gan (8202813500)",1,2,0,0
"Zhang, Di (57077087800)",1,1,0,0
"Zhang, Di (57204108017)",1,1,0,0
"Zhang, Dongliang (55994861400)",1,2,0,0
"Zhang, Dongliang (57209635226)",1,1,0,0
"Zhang, Dongrui (57196020856)",1,1,0,0
"Zhang, Dongxiao (57034330100)",4,4,0,0
"Zhang, Dongyu (57198353931)",1,2,0,0
"Zhang, Dongyu (57215433180)",1,2,0,0
"Zhang, Fan (57202351731)",0,0,1,1
"Zhang, Fan (57202400553)",0,0,1,1
"Zhang, Fan (57209582261)",0,0,1,8
"Zhang, Fan (57221135941)",1,1,0,0
"Zhang, Fan (57746917500)",1,1,0,0
"Zhang, Feng (56177758900)",1,1,0,0
"Zhang, Feng (56195291200)",1,2,0,0
"Zhang, Feng (56347493400)",1,1,0,0
"Zhang, Fengyi (57218652767)",1,1,0,0
"Zhang, Futing (57194110425)",0,0,1,3
"Zhang, Fuxiang (58266104500)",1,1,0,0
"Zhang, Gaofeng (57213770203)",1,1,0,0
"Zhang, Ge (57930346300)",1,1,0,0
"Zhang, Geng (57217847687)",1,1,0,0
"Zhang, Gexiang (55777907800)",1,1,0,0
"Zhang, Guangyuan (57580275500)",1,1,0,0
"Zhang, Guilong (55855959900)",1,1,0,0
"Zhang, Guiqing (55738877100)",1,1,2,3
"Zhang, Guohui (57861686000)",1,1,0,0
"Zhang, Guoqiang (57001609400)",1,2,0,0
"Zhang, Guoqiang (57207176873)",1,1,0,0
"Zhang, Guoqiang (7405270070)",0,0,1,1
"Zhang, Guosheng (55825718900)",0,0,1,19
"Zhang, Haibo (57028989600)",2,3,0,0
"Zhang, Hailing (60212414500)",1,1,0,0
"Zhang, Hairong (57205218331)",1,1,0,0
"Zhang, Haiyan (57958163200)",1,2,0,0
"Zhang, Hanbei (57221295669)",1,1,0,0
"Zhang, Hanmin (56683370400)",1,1,0,0
"Zhang, Hao (57804426500)",1,1,0,0
"Zhang, Hao (58283445300)",1,1,0,0
"Zhang, Hao (59636801200)",1,1,0,0
"Zhang, Hao Tian (36618391300)",1,1,0,0
"Zhang, Haohao (57506792700)",1,1,0,0
"Zhang, Haojie (60053263700)",1,1,0,0
"Zhang, Haoran (57204578013)",3,4,2,7
"Zhang, Haoran (57208173635)",2,2,0,0
"Zhang, Heng (56783583500)",1,2,0,0
"Zhang, Heng (59234183600)",1,1,0,0
"Zhang, Heng (59638528700)",1,2,0,0
"Zhang, Hengxu (56411078900)",1,1,0,0
"Zhang, Heping (55685482600)",0,0,1,1
"Zhang, Hong (57195216030)",1,2,0,0
"Zhang, Honggang (55685637400)",0,0,1,1
"Zhang, Hongguang (56482388100)",1,1,0,0
"Zhang, Hongguang (57213819789)",1,3,0,0
"Zhang, Hongtao (57222417739)",2,2,0,0
"Zhang, Hongwu (57211449501)",0,0,1,1
"Zhang, Houcheng (36161564100)",1,1,0,0
"Zhang, Hu (55685458100)",1,1,0,0
"Zhang, Hua (56723087800)",1,3,0,0
"Zhang, Huaguang (56122851800)",1,1,0,0
"Zhang, Huahan (57249284200)",1,1,0,0
"Zhang, Huaixun (57270879800)",1,3,0,0
"Zhang, Hualiang (36899278300)",1,1,0,0
"Zhang, Huang (58131095200)",1,1,0,0
"Zhang, Hui (57216240795)",1,1,0,0
"Zhang, Huifeng (40562017900)",1,2,0,0
"Zhang, Huzhu (23981826900)",1,1,0,0
"Zhang, Jia (9839198800)",1,1,0,0
"Zhang, Jia-wan (7601354419)",1,1,0,0
"Zhang, Jiaan (35093623400)",1,1,0,0
"Zhang, Jiajin (57195399885)",1,1,0,0
"Zhang, Jiajing (57209282799)",1,2,0,0
"Zhang, Jian (56002602400)",1,2,0,0
"Zhang, Jian (56637434200)",1,1,0,0
"Zhang, Jianfei (7601353466)",3,3,0,0
"Zhang, Jiangfeng (55491232600)",1,3,0,0
"Zhang, Jiangyan (23112010400)",1,3,0,0
"Zhang, Jianhua (55920605400)",2,2,1,1
"Zhang, Jianhui (57141216700)",1,1,0,0
"Zhang, Jianwei (35391399700)",1,1,0,0
"Zhang, Jianyong (7601345234)",1,1,0,0
"Zhang, Jianyu (36656662200)",0,0,1,1
"Zhang, Jianyun (57223010467)",1,1,1,3
"Zhang, Jiawei (57203966415)",1,1,0,0
"Zhang, Jiayi (58800006300)",1,1,0,0
"Zhang, Jie (49962476600)",2,8,8,21
"Zhang, Jie (55949808200)",1,1,0,0
"Zhang, Jie (57077118100)",1,2,0,0
"Zhang, Jie (57218507374)",1,2,0,0
"Zhang, Jie (57221656200)",1,1,0,0
"Zhang, Jie (59517038900)",1,1,0,0
"Zhang, Jie (59839292900)",1,1,0,0
"Zhang, Jie (8668785000)",1,4,0,0
"Zhang, Jili (7601340538)",5,5,0,0
"Zhang, Jin (14014621100)",0,0,1,1
"Zhang, Jin (57200220932)",1,2,0,0
"Zhang, Jin (57225122249)",1,1,0,0
"Zhang, Jing (56193386300)",3,5,0,0
"Zhang, Jing (59650816400)",1,1,1,5
"Zhang, Jingwen (57222091725)",1,1,0,0
"Zhang, Jinhua (56449980900)",1,1,0,0
"Zhang, Jinjiang (24342210300)",1,1,0,0
"Zhang, Jinjun (56036044700)",1,1,0,0
"Zhang, Jinsong (57208606917)",1,4,1,1
"Zhang, Jinwen (18839705700)",0,0,1,1
"Zhang, Jiong (37090000600)",1,1,0,0
"Zhang, Jiqiang (57216272989)",1,1,1,3
"Zhang, Jiyu (58637682100)",1,1,0,0
"Zhang, John X. J. (55715615400)",0,0,1,1
"Zhang, Juan (57217685849)",1,2,0,0
"Zhang, Jun (36928402900)",1,1,0,0
"Zhang, Jun (56203279600)",0,0,1,1
"Zhang, Jun (57200730565)",1,1,0,0
"Zhang, Jun (59650502300)",2,4,0,0
"Zhang, Junqin (57580275400)",1,1,0,0
"Zhang, Junshan (36105605300)",2,4,0,0
"Zhang, Juntao (57209071307)",1,1,0,0
"Zhang, Junyi (14022184900)",0,0,1,3
"Zhang, Junyu (55346144800)",1,1,0,0
"Zhang, K. Max (7404451214)",2,3,0,0
"Zhang, Kai (57226052666)",1,1,0,0
"Zhang, Kaifeng (56422812000)",1,1,0,0
"Zhang, Kaiqi (60263465900)",1,1,0,0
"Zhang, Kanjian (7404451787)",2,2,0,0
"Zhang, Kuan (57217986526)",1,3,0,0
"Zhang, Kun (57199256790)",1,1,0,0
"Zhang, Kun (57307345700)",0,0,1,1
"Zhang, L. (15039813600)",1,4,0,0
"Zhang, L.Z. (35239259900)",3,10,1,3
"Zhang, Le (52664440400)",1,1,0,0
"Zhang, Le (58745146400)",1,1,0,0
"Zhang, Lei (55648142400)",1,7,0,0
"Zhang, Lei (56028400300)",1,7,0,0
"Zhang, Lei (56789796400)",1,1,0,0
"Zhang, Lei (57205697073)",1,6,0,0
"Zhang, Lei (57215062560)",1,1,0,0
"Zhang, Lei (57215850249)",2,4,0,0
"Zhang, Lei (57789350300)",2,2,0,0
"Zhang, Lei (58607376300)",1,1,0,0
"Zhang, Lenan (57197843903)",1,1,0,0
"Zhang, Li (55868086900)",1,1,0,0
"Zhang, Li (57218523649)",1,1,1,1
"Zhang, Li (57218798430)",1,1,0,0
"Zhang, Li (59645533500)",1,5,0,0
"Zhang, Li (59816377900)",1,1,0,0
"Zhang, Li (59895744600)",1,1,0,0
"Zhang, Li-zhi (35239259900)",1,1,0,0
"Zhang, Liang (56338569400)",1,1,0,0
"Zhang, Liang (57201996167)",1,1,0,0
"Zhang, Libin (36023069300)",1,2,0,0
"Zhang, Libo (54396501300)",0,0,1,1
"Zhang, Lifeng (59644720200)",0,0,1,1
"Zhang, Lihua (55709251600)",1,1,0,0
"Zhang, Lihua (57223101319)",1,1,0,0
"Zhang, Lihui (55357893600)",1,1,0,0
"Zhang, Lili (58744952600)",1,1,0,0
"Zhang, Limao (55271615200)",2,2,0,0
"Zhang, Lin (57211439385)",1,2,0,0
"Zhang, Ling (57220012208)",0,0,1,2
"Zhang, Liping (56493393400)",0,0,1,1
"Zhang, Lirong (59448648000)",1,1,0,0
"Zhang, Lixia (8376915500)",1,9,0,0
"Zhang, Liyan (56071868300)",1,1,0,0
"Zhang, Lu-Yan (55898871800)",1,1,0,0
"Zhang, Luqi (56035571900)",1,1,0,0
"Zhang, Meijie (57928131600)",1,1,0,0
"Zhang, Meng (56263818200)",1,1,0,0
"Zhang, Meng (57965817700)",0,0,2,6
"Zhang, Menghua (56949258000)",1,1,0,0
"Zhang, Menglin (55541786600)",2,2,0,0
"Zhang, Miao (56681484800)",1,1,0,0
"Zhang, Min (57359483000)",1,1,0,0
"Zhang, Min-Ling (7601554844)",1,1,0,0
"Zhang, Ming (55509671900)",0,0,1,1
"Zhang, Ming (56159177300)",1,1,0,0
"Zhang, Ming (56297365300)",1,6,0,0
"Zhang, Ming (57218950544)",1,1,0,0
"Zhang, Mingming (56643345000)",1,2,0,0
"Zhang, Mingxuan (57199247398)",1,1,0,0
"Zhang, Minkai (55654177400)",1,3,0,0
"Zhang, Muxing (57208240456)",1,2,0,0
"Zhang, Na (35424961100)",0,0,1,3
"Zhang, Nachuan (60077746100)",1,1,0,0
"Zhang, Naiyu (57224198806)",1,1,0,0
"Zhang, Ning (57226601554)",1,1,1,2
"Zhang, P. (57750724200)",1,1,0,0
"Zhang, Pan (57193851164)",1,1,0,0
"Zhang, Peng (59610639600)",0,0,1,1
"Zhang, Pengfei (57751273800)",1,1,0,0
"Zhang, Pengji (57224190722)",1,1,0,0
"Zhang, Qi (57218330831)",0,0,1,2
"Zhang, Qian (57201243566)",1,1,0,0
"Zhang, Qiang (55627873077)",1,1,0,0
"Zhang, Qiang (56442932700)",1,1,0,0
"Zhang, Qianqian (57193648882)",1,2,0,0
"Zhang, Qianzhi (47961508500)",0,0,1,1
"Zhang, Qihao (56125272200)",1,1,0,0
"Zhang, Qihui (57204241849)",1,4,0,0
"Zhang, Qilong (57216992824)",1,2,0,0
"Zhang, Qingang (57763282100)",1,1,0,0
"Zhang, Qingquan (60392956600)",1,2,0,0
"Zhang, Qingtian (57194219666)",1,1,0,0
"Zhang, Qinguo (56822523000)",1,2,0,0
"Zhang, Qinlong (58626927100)",1,1,0,0
"Zhang, Qixia (57192979686)",1,1,0,0
"Zhang, Qixun (24768178600)",1,1,0,0
"Zhang, Quan (16205804000)",0,0,2,2
"Zhang, Quan (57204764183)",1,1,0,0
"Zhang, Renhe (57224322333)",0,0,1,1
"Zhang, Rongbiao (23011084400)",1,1,0,0
"Zhang, Ronghui (7404864225)",1,1,0,0
"Zhang, Ru-Xuan (57799485000)",1,1,0,0
"Zhang, Rui (55504962800)",1,3,1,1
"Zhang, Rui (59619557900)",1,1,0,0
"Zhang, Ruihong (57192700498)",0,0,1,3
"Zhang, Ruiqin (57209169081)",0,0,1,2
"Zhang, Ruixiao (57217079113)",1,2,0,0
"Zhang, Sai (57204919537)",0,0,1,1
"Zhang, Sen (55347510000)",1,1,0,0
"Zhang, Sen (56153294200)",1,2,0,0
"Zhang, Sen-lin (57189218610)",1,1,0,0
"Zhang, Shan-Ting (57192651421)",1,1,0,0
"Zhang, Shangwu (57202334927)",1,1,0,0
"Zhang, Shaohui (56473172500)",0,0,1,4
"Zhang, Shaohui (57449205600)",0,0,1,3
"Zhang, Shaqian (57209683608)",1,1,0,0
"Zhang, Shijia (57224191250)",1,1,0,0
"Zhang, Shining (57205249606)",1,3,0,0
"Zhang, Shiyang (23993130900)",1,1,0,0
"Zhang, Shiying (57214884908)",1,2,0,0
"Zhang, Shiying (58645409500)",1,1,0,0
"Zhang, Shiyu (57766049000)",1,1,0,0
"Zhang, Shou-Cheng (57202874643)",2,22,1,1
"Zhang, Shuainan (57221046555)",0,0,1,1
"Zhang, Shuaishuai (57211006374)",1,1,0,0
"Zhang, Shuanglin (57208334663)",1,1,0,0
"Zhang, Shuqiang (35220939800)",1,2,0,0
"Zhang, Shuwei (51565369100)",1,1,0,0
"Zhang, Shuyou (8375666400)",1,1,0,0
"Zhang, Sijia (57443967600)",1,1,0,0
"Zhang, Silong (55325511300)",1,1,0,0
"Zhang, Simeng (55277501400)",1,3,0,0
"Zhang, Sizhe (57194048795)",0,0,1,1
"Zhang, Song (35328841600)",1,1,0,0
"Zhang, Song (57204164290)",1,1,0,0
"Zhang, Tao (55547106147)",1,1,0,0
"Zhang, Tao (58603715900)",3,4,1,3
"Zhang, Tengfei (55899749700)",1,1,0,0
"Zhang, Tengyue (57227965900)",0,0,1,1
"Zhang, Tiancheng (57445667100)",1,1,0,0
"Zhang, Tianhan (57209097372)",1,1,0,0
"Zhang, Tianhao (58821373400)",1,1,0,0
"Zhang, Tianlun (57194398151)",1,1,0,0
"Zhang, Tianyi (57339914200)",1,1,0,0
"Zhang, Ting (57189491058)",1,2,0,0
"Zhang, Tingting (55848546500)",1,2,0,0
"Zhang, Tingting (57204418856)",1,2,0,0
"Zhang, Wanhu (57222498076)",2,2,0,0
"Zhang, Wanqing (57222292789)",1,1,0,0
"Zhang, Wanxiang (57209331766)",1,1,0,0
"Zhang, Wei (55323850100)",1,5,1,1
"Zhang, Wei (56366708000)",1,1,0,0
"Zhang, Wei (56537349400)",1,1,0,0
"Zhang, Wei (56760573300)",1,1,0,0
"Zhang, Wei (57192222929)",1,1,0,0
"Zhang, Wei (57276109400)",1,1,0,0
"Zhang, Wei (57276183800)",1,1,0,0
"Zhang, Wei (57970839200)",1,1,0,0
"Zhang, Wei (58373810500)",1,1,0,0
"Zhang, Wei (60146715700)",1,2,0,0
"Zhang, Weichuan (59562489200)",1,1,0,0
"Zhang, Weidong (57214848666)",1,1,0,0
"Zhang, Weige (22137280600)",1,1,0,0
"Zhang, Weishan (14038263700)",1,4,0,0
"Zhang, Wen (56470988100)",2,3,0,0
"Zhang, Wen-Yu (57276271900)",0,0,1,1
"Zhang, Wenbiao (7409434208)",1,3,0,0
"Zhang, Wenbo (8716402400)",1,1,0,0
"Zhang, Wenjie (56643323300)",1,1,0,0
"Zhang, Wenjie (57276262400)",0,0,1,4
"Zhang, Wenjun (57863246700)",1,1,0,0
"Zhang, Wenqiang (54797223700)",1,1,0,0
"Zhang, Wenwen (56900468200)",1,2,1,3
"Zhang, Wenyu (58741461400)",1,1,0,0
"Zhang, Xi (56342897300)",1,1,0,0
"Zhang, Xi (57205733861)",1,1,0,0
"Zhang, Xi (57219272311)",1,1,1,1
"Zhang, Xian (55206349200)",0,0,2,3
"Zhang, Xiangdong (57223355644)",0,0,1,1
"Zhang, Xiangyu (57193609156)",1,2,0,0
"Zhang, Xianku (12782322500)",1,1,0,0
"Zhang, Xiantao (56349192700)",1,1,0,0
"Zhang, Xiao-Song (35270951600)",0,0,1,1
"Zhang, Xiaobin (36810953600)",1,3,0,0
"Zhang, Xiaobo (57193349851)",2,2,0,0
"Zhang, Xiaodong (56692223800)",1,2,0,0
"Zhang, Xiaogang (46061686300)",1,1,0,0
"Zhang, Xiaohang (23013086100)",1,4,1,4
"Zhang, Xiaohui (55928273000)",1,1,0,0
"Zhang, Xiaohui (55978368600)",1,1,0,0
"Zhang, Xiaojun (57219132568)",1,1,0,0
"Zhang, Xiaoli (56414652500)",1,1,0,0
"Zhang, Xiaoling (55604838800)",0,0,2,7
"Zhang, Xiaolong (57774125500)",1,1,0,0
"Zhang, Xiaoshun (56375323700)",1,1,0,0
"Zhang, Xiaosong (35270951600)",1,2,0,0
"Zhang, Xiaowu (8618314100)",1,2,0,0
"Zhang, Xiaoyang (57221516853)",1,1,0,0
"Zhang, Xiaoyu (57197764550)",1,1,0,0
"Zhang, Xiaoyu (59873118300)",1,1,0,0
"Zhang, Xibeng (57204437470)",1,1,0,0
"Zhang, Xihai (57219396710)",1,2,0,0
"Zhang, Xiliang (34769246300)",0,0,2,6
"Zhang, Xin (55972791500)",1,1,0,0
"Zhang, Xin (57276305000)",1,1,0,0
"Zhang, Xinfeng (42162398900)",1,1,0,0
"Zhang, Xing (55864286000)",1,1,0,0
"Zhang, Xingxing (57209625490)",0,0,1,1
"Zhang, Xinmin (55582422800)",0,0,1,1
"Zhang, Xinmin (56186036800)",1,1,0,0
"Zhang, Xinru (57729686300)",1,1,0,0
"Zhang, Xinsheng (56452495900)",1,1,0,0
"Zhang, Xinwen (7410278759)",1,2,0,0
"Zhang, Xinyan (24923645800)",1,2,0,0
"Zhang, Xinyang (59874621200)",1,1,0,0
"Zhang, Xinyu (55597017700)",1,1,0,0
"Zhang, Xinyu (58086880500)",1,1,0,0
"Zhang, Xinze (57219524835)",1,1,0,0
"Zhang, Xiuyu (45761645600)",1,1,0,0
"Zhang, Xiuyu (58170072700)",2,2,0,0
"Zhang, Xu (56150125300)",1,1,0,0
"Zhang, Xuan (59120976900)",0,0,1,1
"Zhang, Xudong (58064128600)",1,1,0,0
"Zhang, Xuejun (55735627500)",1,3,0,0
"Zhang, Xuejun (7410281588)",2,3,0,0
"Zhang, Xuelin (57207317373)",1,1,0,0
"Zhang, Xueqin (57192504236)",1,1,0,0
"Zhang, Ya Hui (57195383741)",1,1,0,0
"Zhang, Yachao (57053584500)",1,2,0,0
"Zhang, Yagang (8913033600)",1,1,0,0
"Zhang, Yamin (57202874938)",1,1,0,0
"Zhang, Yan (56178859100)",2,3,1,3
"Zhang, Yan (56602599100)",1,2,0,0
"Zhang, Yan (57208673244)",1,3,0,0
"Zhang, Yang (57213593274)",1,1,0,0
"Zhang, Yang (57223918138)",1,1,0,0
"Zhang, Yang (58610670400)",1,1,0,0
"Zhang, Yang (59821073600)",1,1,0,0
"Zhang, Yangjun (55739901900)",1,1,1,1
"Zhang, Yanhui (58409014000)",1,1,0,0
"Zhang, Yanke (35189804600)",0,0,1,1
"Zhang, Yanliang (35726429600)",0,0,1,1
"Zhang, Yanqi (57215301454)",1,2,0,0
"Zhang, Yao (57196201566)",2,5,0,0
"Zhang, Yao (57218926174)",1,1,0,0
"Zhang, Yaoli (58947459800)",1,1,0,0
"Zhang, Yi (55740038700)",1,2,1,2
"Zhang, Yi (55912063900)",0,0,1,1
"Zhang, Yi (55914070100)",1,1,0,0
"Zhang, Yichen (57193676442)",0,0,1,1
"Zhang, Yifan (60163389400)",1,1,0,0
"Zhang, Yifei (56107587300)",0,0,1,1
"Zhang, Yigong (57218273389)",0,0,1,1
"Zhang, Yihang (59397104300)",1,1,0,0
"Zhang, Yihuan (57008345900)",1,1,0,0
"Zhang, Yiliu (57678281400)",1,1,0,0
"Zhang, Yimin (58513482000)",1,2,0,0
"Zhang, Ying (57170242600)",1,1,0,0
"Zhang, Ying (57208313023)",0,0,1,1
"Zhang, Ying (57218471532)",1,1,0,0
"Zhang, Yingchen (56021347300)",1,1,2,3
"Zhang, Yingfeng (8305738300)",1,1,0,0
"Zhang, Yirui (57873348800)",1,1,0,0
"Zhang, Yisa (57216164260)",1,1,0,0
"Zhang, Yiying (58904380400)",1,1,0,0
"Zhang, Yong (55740048600)",1,2,0,0
"Zhang, Yong-Wei (57133220700)",1,1,0,0
"Zhang, Yongjie (55739765100)",1,3,1,1
"Zhang, Yongzhi (55793839700)",1,1,0,0
"Zhang, Youhui (8686316300)",0,0,1,1
"Zhang, Youkang (60388798100)",1,1,0,0
"Zhang, Yu (55912091800)",1,1,0,0
"Zhang, Yu (55928252600)",1,1,0,0
"Zhang, Yu (57190803603)",1,5,0,0
"Zhang, Yu (57203829859)",1,1,0,0
"Zhang, Yu (57214256000)",1,2,1,2
"Zhang, Yuan (57193029895)",1,1,1,2
"Zhang, Yuanjian (60388662000)",1,1,0,0
"Zhang, Yuanlei (57196203597)",1,2,0,0
"Zhang, Yuanrui (14017147800)",1,8,0,0
"Zhang, Yuchao (56784369900)",1,1,0,0
"Zhang, Yue (57205423386)",0,0,1,1
"Zhang, Yue (57954219400)",0,0,1,1
"Zhang, Yue (58562721800)",1,1,0,0
"Zhang, Yuepeng (55876319400)",0,0,1,4
"Zhang, Yufan (57205887455)",1,2,0,0
"Zhang, Yufeng (40462843500)",1,1,0,0
"Zhang, Yuhao (59647922400)",1,1,0,0
"Zhang, Yujie (59826294700)",1,1,0,0
"Zhang, Yuming (60395421200)",1,1,0,0
"Zhang, Yun (55969154800)",1,1,0,0
"Zhang, Yunjin (57203134263)",1,5,0,0
"Zhang, Yunlong (8933670500)",1,4,1,1
"Zhang, Yuqing (53985977300)",0,0,1,2
"Zhang, Yuqing (55268868100)",1,2,0,0
"Zhang, Yurou (57218958202)",1,1,0,0
"Zhang, Yuxie (57200793780)",1,2,0,0
"Zhang, Yuxin (58405112600)",1,1,0,0
"Zhang, Z.F. (56068835900)",1,1,0,0
"Zhang, Z.H. (57191197433)",1,1,0,0
"Zhang, Zaoxiao (57721296100)",1,2,0,0
"Zhang, Zejian (58925527900)",1,1,0,0
"Zhang, Zhanhao (57712392600)",1,1,0,0
"Zhang, Zhanqiang (56693377700)",1,2,0,0
"Zhang, Zhanyao (57203264193)",2,8,0,0
"Zhang, Zhao (53165263700)",1,2,0,0
"Zhang, Zhao (59797232600)",1,1,0,0
"Zhang, Zhaohui (57923382200)",0,0,1,1
"Zhang, Zhaohui (59745623500)",1,1,0,0
"Zhang, Zhaolong (57216369812)",1,1,0,0
"Zhang, Zhaolong (57220546739)",1,1,0,0
"Zhang, Zhaopu (57216187138)",1,1,0,0
"Zhang, Zhaosheng (57209655165)",1,2,0,0
"Zhang, Zhe (57196222293)",0,0,1,16
"Zhang, Zhen (58896170400)",1,1,0,0
"Zhang, Zhen (59800733200)",1,1,0,0
"Zhang, Zhendong (57206859237)",1,1,0,0
"Zhang, Zhengjiang (56003147000)",1,1,0,0
"Zhang, Zhengyu (55761949300)",1,1,0,0
"Zhang, Zhenhuan (58297371800)",1,1,0,0
"Zhang, Zhenlong (60205402400)",1,1,0,0
"Zhang, Zhenwei (57222012827)",1,1,0,0
"Zhang, Zhenyuan (59931924400)",1,1,0,0
"Zhang, Zhi (57214913770)",1,1,0,0
"Zhang, Zhilai (57843928700)",1,1,0,0
"Zhang, Zhiliang (57211549514)",0,0,1,1
"Zhang, Zhilong (60392208500)",1,1,0,0
"Zhang, Zhipeng (57222078245)",1,1,0,0
"Zhang, Zhizhong (57217080898)",1,1,0,0
"Zhang, Zhong (57204241157)",1,4,0,0
"Zhang, Zhongshan (15838260000)",1,1,0,0
"Zhang, Zhongwei (59722750700)",1,1,0,0
"Zhang, Zhuangzhuang (57485650500)",1,1,0,0
"Zhang, Ziang (52664655600)",1,1,0,0
"Zhang, Zihan (57212592973)",1,1,0,0
"Zhang, Zihao (59644228900)",1,1,0,0
"Zhang, Zihe (57202875582)",1,1,0,0
"Zhang, Zijun (8296336500)",1,3,0,0
"Zhang, Ziqi (57206280020)",1,2,0,0
"Zhang, Zirui (58847734200)",1,1,0,0
"Zhang, Zisheng (56647228100)",1,1,0,0
"Zhang, Zong-Xian (55721887500)",0,0,1,4
"Zhang, Zuocheng (56515709700)",1,4,1,1
"Zhang-Jian, Da-Jing (24922446200)",1,1,0,0
"Zhanhui, Lu (57546284000)",1,1,0,0
"Zhao, Anjun (15754491800)",4,4,0,0
"Zhao, Biao (60520092600)",1,1,0,0
"Zhao, Bin (55260975900)",1,1,0,0
"Zhao, Bin (56547817400)",0,0,1,1
"Zhao, Binyan (55973410500)",1,1,0,0
"Zhao, Bo (56522080800)",1,3,0,0
"Zhao, Bo (57193517511)",1,1,0,0
"Zhao, Changfei (57214235373)",4,5,0,0
"Zhao, Chunjiang (57303287700)",1,1,0,0
"Zhao, Chunna (55665265400)",1,1,0,0
"Zhao, Cuimei (57190984212)",1,1,0,0
"Zhao, Danyang (58933063800)",1,1,0,0
"Zhao, De (56309455100)",0,0,1,1
"Zhao, Ding (57188873930)",1,1,0,0
"Zhao, Dongbin (7403490040)",1,1,1,2
"Zhao, Erdong (23391569000)",0,0,1,1
"Zhao, Fang (57225866207)",1,1,0,0
"Zhao, Feng (57225866175)",1,1,1,1
"Zhao, Fenglin (57191539495)",1,1,0,0
"Zhao, Fulin (35317491300)",1,1,0,0
"Zhao, Fuquan (36932164000)",0,0,1,4
"Zhao, Guang-Wei (57216755414)",1,1,0,0
"Zhao, Guochang (56717062000)",0,0,1,1
"Zhao, Guopeng (57452045300)",1,1,0,0
"Zhao, Hai-Xiang (8855277200)",1,1,1,1
"Zhao, Haitao (56227228300)",1,1,0,0
"Zhao, Haiyan (57203039020)",1,1,0,0
"Zhao, Honghui (55782117100)",1,1,0,0
"Zhao, Hongjun (57985020900)",1,1,0,0
"Zhao, Hongshan (55513434800)",1,5,0,0
"Zhao, Hongxia (55715857900)",1,1,0,0
"Zhao, Hongxue (58603430000)",1,1,0,0
"Zhao, Hua (57219037546)",1,1,1,1
"Zhao, Hui (57226043156)",1,2,0,0
"Zhao, Huirong (57211978355)",1,1,0,0
"Zhao, Huiru (7404779739)",2,3,0,0
"Zhao, Jianli (58077818200)",1,1,0,0
"Zhao, Jianyou (21234351600)",0,0,1,1
"Zhao, Jiaqing (55535327100)",1,2,0,0
"Zhao, Jie (55257322500)",1,2,1,1
"Zhao, Jie (56144179500)",1,3,0,0
"Zhao, Jifeng (57221070198)",1,1,0,0
"Zhao, Jijun (57218362985)",0,0,1,1
"Zhao, Jinbin (55368333400)",1,1,0,0
"Zhao, Jingming (57338204200)",1,1,0,0
"Zhao, Jumin (15120160400)",1,1,0,0
"Zhao, Jun (57188561419)",2,2,0,0
"Zhao, Junbo (55925517600)",3,3,0,0
"Zhao, Junhua (57200530099)",2,3,0,0
"Zhao, Kaiying (57225929680)",1,1,0,0
"Zhao, Kuo (18435554700)",1,1,0,0
"Zhao, Laijun (55493597100)",1,1,0,0
"Zhao, Lei (56525570200)",0,0,1,1
"Zhao, Lei (57910047000)",1,1,0,0
"Zhao, Lijuan (55739486000)",1,1,0,0
"Zhao, Lin (57157787100)",0,0,1,1
"Zhao, Lin (57193442401)",1,1,0,0
"Zhao, Liping (55595769100)",1,2,0,0
"Zhao, Liquan (25959464800)",1,1,0,0
"Zhao, Liyuan (57207768517)",1,2,0,0
"Zhao, Long (56259093300)",0,0,1,1
"Zhao, Longfei (57320291000)",1,1,0,0
"Zhao, Lu (55366952400)",0,0,1,1
"Zhao, Luneng (57219588404)",0,0,1,1
"Zhao, Meiran (57208195883)",1,1,0,0
"Zhao, Meng (57325956600)",1,1,0,0
"Zhao, Ning (35995997100)",1,1,0,0
"Zhao, Peiyu (59392371000)",1,1,0,0
"Zhao, Peng (56581020200)",1,1,0,0
"Zhao, Peng (56896608400)",1,1,1,1
"Zhao, Pengtao (57193835657)",1,1,0,0
"Zhao, Pengxiang (57219448040)",1,2,0,0
"Zhao, Qianchuan (59301026000)",1,1,0,0
"Zhao, Qiang (55480989500)",1,1,0,0
"Zhao, Qiannan (57221089514)",1,1,0,0
"Zhao, Qinglei (53165301200)",0,0,1,1
"Zhao, Qun (55743328400)",0,0,1,19
"Zhao, Qunfei (7402763727)",1,1,0,0
"Zhao, Rui (57215432673)",1,1,0,0
"Zhao, Shangrui (55681843400)",1,1,0,0
"Zhao, Sheng (55867984000)",1,1,0,0
"Zhao, Shiwei (57954570600)",1,1,0,0
"Zhao, Shuangle (57217636330)",1,1,0,0
"Zhao, Shujie (57208598918)",0,0,1,1
"Zhao, Summer Jiakun (57194103606)",1,1,0,0
"Zhao, Tianxiang (57219876468)",1,1,0,0
"Zhao, Tianyang (55671449600)",2,5,0,0
"Zhao, Tongtiegang (24832532300)",1,1,0,0
"Zhao, Wei (57218588161)",1,2,0,0
"Zhao, Weigang (55851948104)",2,2,1,1
"Zhao, Weiguang (55648697300)",1,1,0,0
"Zhao, Weiyou (57886999500)",1,1,0,0
"Zhao, Wenhui (55725946300)",1,1,0,0
"Zhao, Wenjun (57193360113)",1,1,1,1
"Zhao, Wenjun (57218488941)",1,6,0,0
"Zhao, Wenwen (57131705100)",1,2,0,0
"Zhao, Wenzhuo (58921339100)",0,0,1,1
"Zhao, Xiangmo (14009134900)",1,1,1,1
"Zhao, Xiao (58111265900)",1,1,0,0
"Zhao, Xiao-Lin (7407577907)",1,1,0,0
"Zhao, Xiaohan (57361845100)",1,1,0,0
"Zhao, Xiaohua (55648485100)",1,4,1,1
"Zhao, Xiaolu (7407575114)",0,0,1,5
"Zhao, Xiaomei (7407574808)",0,0,1,2
"Zhao, Xiaoning (59134313800)",1,1,0,0
"Zhao, Xiaowei (55705171000)",2,3,0,0
"Zhao, Xiaoxia (57207261230)",1,1,0,0
"Zhao, Xikun (57219593918)",1,1,0,0
"Zhao, Xilin (56170189200)",1,1,0,0
"Zhao, Xin (58758973700)",1,1,0,0
"Zhao, Xingyu (57221499173)",1,1,0,0
"Zhao, Xinhai (57221863236)",1,1,0,0
"Zhao, Xinyu (58026085900)",1,1,0,0
"Zhao, Xiqiang (8904647300)",1,1,0,0
"Zhao, Xiuge (57209049721)",0,0,1,3
"Zhao, Xu (57194186960)",1,1,0,0
"Zhao, Xuan (56043511500)",1,1,0,0
"Zhao, Xuemeng (58100958500)",1,1,0,0
"Zhao, Xuhao (57871599500)",1,1,0,0
"Zhao, Yang (55443372800)",3,4,0,0
"Zhao, Yang (56999363700)",0,0,1,2
"Zhao, Yang (57194509433)",0,0,1,1
"Zhao, Yang (57221285484)",1,1,0,0
"Zhao, Yang (59794488600)",1,1,0,0
"Zhao, Yantao (8714260900)",3,3,0,0
"Zhao, Yi (35232012400)",1,3,0,0
"Zhao, Yi-Wei (57935397000)",1,2,0,0
"Zhao, Yilin (57222098596)",1,1,0,0
"Zhao, Yimeng (57359476100)",1,1,0,0
"Zhao, Yirong (57224075245)",1,1,0,0
"Zhao, Yiwen (58101359800)",0,0,1,1
"Zhao, Yiyang (59680260100)",1,1,0,0
"Zhao, Yongli (35333445700)",1,1,0,0
"Zhao, Yongliang (57200500468)",1,2,0,0
"Zhao, Yongling (55071782600)",0,0,1,1
"Zhao, Yongning (55551800000)",2,3,0,0
"Zhao, Yu-Lai (17347576300)",1,2,0,0
"Zhao, Yu-Lian (57223020390)",1,1,0,0
"Zhao, Yuchen (56359429900)",1,1,0,0
"Zhao, Yufei (57223364958)",1,1,0,0
"Zhao, Yuheng (57751183100)",1,1,0,0
"Zhao, Yulong (56440592800)",1,1,0,0
"Zhao, Yun (58762184600)",0,0,1,1
"Zhao, Yuqiang (57220005537)",0,0,1,4
"Zhao, Yuxuan (57200249001)",1,2,0,0
"Zhao, Yuyang (55180218600)",1,1,0,0
"Zhao, Zengya (57213002561)",1,1,0,0
"Zhao, Zeqian (57221763709)",1,1,0,0
"Zhao, Zeyu (58150845800)",1,1,0,0
"Zhao, Zezheng (57221233196)",1,1,0,0
"Zhao, Zhao (57208015065)",1,1,0,0
"Zhao, Zhe (57189891627)",1,1,0,0
"Zhao, Zhen (57199102513)",0,0,1,4
"Zhao, Zhengrun (57367140800)",1,1,0,0
"Zhao, Zhenlong (55567230200)",1,2,0,0
"Zhao, Zhifeng (14059333700)",0,0,1,1
"Zhao, Zhongyang (57216513003)",1,1,0,0
"Zhao, Zhouqiao (57215364103)",0,0,1,2
"Zhao, Zhuoli (57199102084)",1,1,0,0
"Zhao, Zi-xiang (57226355853)",1,1,0,0
"Zhao, Zikai (57218393490)",1,2,0,0
"Zhao, mingyu (57218501591)",1,1,0,0
"Zhen, Li (57191848766)",1,2,0,0
"Zhen, Zhao (55993147500)",5,7,0,0
"Zheng, Aixia (57191481259)",0,0,1,1
"Zheng, Boyue (57205302824)",0,0,1,2
"Zheng, C. (56532243800)",1,1,0,0
"Zheng, Cen (58195124700)",1,1,0,0
"Zheng, Cheng (57211658659)",1,1,0,0
"Zheng, Chenghang (22942496100)",2,2,0,0
"Zheng, Cong (16205730800)",0,0,1,1
"Zheng, Dequan (59408583100)",1,1,0,0
"Zheng, Feiyu (57211513823)",0,0,1,1
"Zheng, Feng (36661652700)",1,1,0,0
"Zheng, Guangfa (58554444000)",1,1,0,0
"Zheng, Guoqiang (59371363500)",1,1,0,0
"Zheng, Haiyang (8712980900)",1,3,0,0
"Zheng, Hao (57190340716)",1,1,0,0
"Zheng, Hao (57209660921)",1,1,0,0
"Zheng, Hui (55823041800)",1,1,0,0
"Zheng, Jia-Mei (57207843185)",1,8,0,0
"Zheng, Jiajia (56742515100)",0,0,1,2
"Zheng, Jiajun (58511982200)",1,2,0,0
"Zheng, Jianqin (57198759384)",1,2,1,2
"Zheng, Jianwei (55512384600)",1,1,0,0
"Zheng, Jianyong (7403971857)",3,4,0,0
"Zheng, Jingming (57215925544)",1,1,0,0
"Zheng, Jinhai (7403975001)",1,1,0,0
"Zheng, Jun-Yi (57803935800)",1,1,0,0
"Zheng, Junsheng (16235523000)",1,1,0,0
"Zheng, Kaihong (57212194809)",1,1,0,0
"Zheng, Li-Rong (57199126768)",2,3,0,0
"Zheng, Lizhao (57218219647)",1,1,0,0
"Zheng, Long (35320623500)",1,1,0,0
"Zheng, Menglan (57202802559)",0,0,1,2
"Zheng, Menglian (56150427400)",1,1,0,0
"Zheng, Minghui (36952112500)",1,1,0,0
"Zheng, O'Neill (15045472400)",1,7,0,0
"Zheng, Q.P. (36521961500)",1,1,0,0
"Zheng, Qian (57200340588)",1,2,0,0
"Zheng, Qiang (54983165100)",1,3,0,0
"Zheng, Ran (36635376300)",1,1,0,0
"Zheng, Shao Yong (16308543500)",1,1,0,0
"Zheng, Shunlin (57205080791)",1,1,0,0
"Zheng, Silu (58338558500)",1,1,0,0
"Zheng, Siqian (57191993065)",1,1,0,0
"Zheng, Siyu (57215693560)",1,1,0,0
"Zheng, Tao (57204505379)",0,0,1,1
"Zheng, Wanting (58245469800)",1,2,0,0
"Zheng, Wei-Zhen (57223912903)",1,2,0,0
"Zheng, Weigang (57962868700)",1,2,0,0
"Zheng, Wengang (12784042600)",1,1,0,0
"Zheng, X.T. (36899254800)",1,1,0,0
"Zheng, Xiang (36007984200)",1,1,0,0
"Zheng, Xiangtian (57188859929)",0,0,1,1
"Zheng, Xiangyuan (7404091016)",1,1,0,0
"Zheng, Xiaolong (57192908413)",1,2,0,0
"Zheng, Xidong (57223035219)",2,4,0,0
"Zheng, Xinxin (37118188700)",1,1,0,0
"Zheng, Xiujuan (57187383000)",1,2,0,0
"Zheng, Xu (57215527290)",1,1,0,0
"Zheng, Xuejing (55483667100)",0,0,1,1
"Zheng, Yaohui (56130637700)",1,1,0,0
"Zheng, Yaya (57201801281)",1,1,0,0
"Zheng, Yiwen (59322887300)",1,1,0,0
"Zheng, Youqu (55286367800)",1,1,0,0
"Zheng, Yu (25646803600)",1,1,0,0
"Zheng, Yuan (57189040672)",0,0,1,2
"Zheng, Yuanjie (23471581800)",0,0,1,2
"Zheng, Yuanjin (7404837363)",1,1,0,0
"Zheng, Yuchuan (57216969395)",1,1,0,0
"Zheng, Yueqing (58114354400)",1,1,0,0
"Zheng, Zhimin (57204880795)",1,1,0,0
"Zheng, Zhuang (57201391726)",1,1,0,0
"Zheng, Zimu (57192070324)",1,1,0,0
"Zheng, Zuduo (13611790700)",0,0,1,1
"Zherdev, Filip (56195811400)",0,0,1,2
"Zhi, Wu (35191289100)",1,1,0,0
"Zhi, Yuyan (57221537036)",1,1,0,0
"Zhong, Bin (58722236400)",1,1,0,0
"Zhong, Caijun (23398998300)",1,1,0,0
"Zhong, Chaowen (57204435758)",1,1,0,0
"Zhong, Chenglin (57795248700)",1,1,0,0
"Zhong, Haiwang (55771206200)",1,2,1,1
"Zhong, Hao (36164764600)",0,0,1,4
"Zhong, Hao (57214456081)",1,1,0,0
"Zhong, Hao (57952228600)",1,1,0,0
"Zhong, Jiaqing (8440388200)",1,1,0,0
"Zhong, Jibin (58965293400)",1,1,0,0
"Zhong, Lexuan (36447256600)",0,0,1,1
"Zhong, Lin (57202256484)",1,2,0,0
"Zhong, Lulu (57685303300)",1,1,0,0
"Zhong, Mengjuan (59584420800)",1,1,0,0
"Zhong, Peirong (57809789600)",0,0,1,1
"Zhong, Ping-an (23478995600)",2,2,0,0
"Zhong, Weifeng (57043986300)",1,2,0,0
"Zhong, Yanhua (54390658200)",1,1,0,0
"Zhong, Yongheng (57220844722)",0,0,1,4
"Zhong, Zhenghao (60348426700)",1,1,0,0
"Zhong, Zhifeng (9735080900)",1,1,0,0
"Zhong, Zhiwen (59527158100)",1,1,0,0
"Zhong, Zijie (58973875800)",1,1,0,0
"Zhou, Anjian (57204139855)",1,1,0,0
"Zhou, Bin (56905089300)",2,4,0,0
"Zhou, Bin (58061626600)",1,1,0,0
"Zhou, Can (37090106700)",1,1,0,0
"Zhou, Changyu (55620858400)",1,1,0,0
"Zhou, Chen (57195584961)",1,2,0,0
"Zhou, Cheng (56106564800)",0,0,1,2
"Zhou, Cheng (57199738141)",1,2,0,0
"Zhou, Chengang (57788857500)",1,1,0,0
"Zhou, Chi (7403346567)",1,3,0,0
"Zhou, Chonggang (36086954800)",1,1,0,0
"Zhou, Chunlei (57216646698)",1,1,0,0
"Zhou, Dajiang (35099774900)",1,9,0,0
"Zhou, Dequn (16044080000)",0,0,1,1
"Zhou, Dian (7403394954)",1,1,0,0
"Zhou, Ellen (57164413400)",1,86,1,2
"Zhou, Feng (57211335347)",1,1,0,0
"Zhou, Fengyu (12646806200)",2,3,0,0
"Zhou, Guang (57218438896)",1,1,0,0
"Zhou, Guo (36638870900)",1,1,0,0
"Zhou, Guofu (56433877200)",1,2,0,0
"Zhou, Hai (57213228380)",1,2,0,0
"Zhou, Hailian (59806489000)",1,1,0,0
"Zhou, Hao (55716765000)",1,2,0,0
"Zhou, Hao (57221065043)",1,1,0,0
"Zhou, Huan (58516303700)",1,1,0,0
"Zhou, Huiling (35173814400)",1,1,0,0
"Zhou, Huiming (57214754239)",1,1,0,0
"Zhou, Jian (57212223031)",1,1,0,0
"Zhou, Jianwei (57216272832)",0,0,1,4
"Zhou, Jianzhong (57218363180)",1,1,0,0
"Zhou, Jianzhong (7405548815)",1,1,0,0
"Zhou, Jie (56716896000)",0,0,1,1
"Zhou, Jiehan (12646336000)",1,4,0,0
"Zhou, Jing (57218797082)",1,1,0,0
"Zhou, Jing (57222009721)",1,1,0,0
"Zhou, Jinhe (36174619900)",1,6,0,0
"Zhou, Jun (60576624200)",1,1,0,0
"Zhou, Kaile (55522197400)",1,1,1,1
"Zhou, Kailun (55556229000)",1,2,0,0
"Zhou, Kate Qi (57282489000)",1,1,0,0
"Zhou, Keyu (57221958653)",1,1,0,0
"Zhou, Kuncheng (57213520945)",1,1,0,0
"Zhou, Lidong (57200276510)",1,1,0,0
"Zhou, Liting (59305513400)",1,1,0,0
"Zhou, Meng (56039445500)",1,1,0,0
"Zhou, Mengran (8683148400)",2,2,0,0
"Zhou, Mengxia (57201156161)",1,1,0,0
"Zhou, Miaomiao (8694815100)",1,1,1,1
"Zhou, Ming (57503004200)",1,1,0,0
"Zhou, Mingle (35783780700)",1,1,0,0
"Zhou, Ning (36005111900)",1,1,0,0
"Zhou, P. (37006075700)",0,0,1,1
"Zhou, Ping (55447219400)",1,4,0,0
"Zhou, Qi (56585132100)",1,1,0,0
"Zhou, Qibo (58956034600)",1,1,0,0
"Zhou, Qifan (57207984638)",1,2,0,0
"Zhou, Qingguo (7402699808)",1,1,0,0
"Zhou, Qizhen (57193616209)",1,1,0,0
"Zhou, Ruogu (36635375400)",1,1,0,0
"Zhou, S.Y. (57204686932)",1,1,0,0
"Zhou, Sheng (57198488315)",0,0,1,3
"Zhou, Shengli (7404165407)",1,2,0,0
"Zhou, Shi-Qing (54961532900)",1,2,0,0
"Zhou, Tao (56438525800)",2,2,0,0
"Zhou, Teng (57280993600)",1,1,0,0
"Zhou, Tian (58595506100)",0,0,1,18
"Zhou, Ting (58789589800)",1,1,0,0
"Zhou, Tingting (57471549800)",1,1,0,0
"Zhou, Tong (57200242626)",1,1,0,0
"Zhou, Wei (57218540962)",0,0,1,1
"Zhou, X. (55743207100)",1,2,0,0
"Zhou, X.H. (57207355375)",1,1,0,0
"Zhou, Xiangyang (57216623548)",1,1,0,0
"Zhou, Xiaobo (55743262600)",2,2,0,0
"Zhou, Xiaoguang (57198478839)",1,1,0,0
"Zhou, Xiaoming (57202961690)",1,2,0,0
"Zhou, Xiaoqing (57203870911)",2,2,0,0
"Zhou, Xiaoru (57226235418)",1,2,0,0
"Zhou, Xijia (57207695542)",1,1,0,0
"Zhou, Xin (55743229000)",0,0,1,15
"Zhou, Xin (56258882000)",1,1,0,0
"Zhou, Xin (56410132900)",0,0,1,1
"Zhou, Xinwei (57222496437)",1,1,0,0
"Zhou, Y.H. (57200523570)",1,1,0,0
"Zhou, Ya (57213435126)",1,1,0,0
"Zhou, Yang (57204140167)",1,2,0,0
"Zhou, Yang (57204605354)",1,1,0,0
"Zhou, Yanlai (55264526200)",0,0,1,2
"Zhou, Yanzhen (56376678400)",1,1,0,0
"Zhou, Yibo (36706834200)",0,0,1,5
"Zhou, Yijun (7405367624)",1,5,0,0
"Zhou, Yilin (57456251100)",1,1,0,0
"Zhou, Ying (57208334202)",1,1,0,0
"Zhou, Yingjie (35241533300)",1,2,0,0
"Zhou, Yixiang (58341776400)",1,1,0,0
"Zhou, Yong (59829976400)",1,1,0,0
"Zhou, Yongquan (57184556900)",1,1,0,0
"Zhou, Yuanjun (13402892900)",1,1,0,0
"Zhou, Yue (57188566933)",1,1,0,0
"Zhou, Yue (57203662073)",0,0,1,2
"Zhou, Yuekuan (57191995034)",1,1,0,0
"Zhou, Yuxun (7405364574)",1,1,0,0
"Zhou, Ze (57209503652)",1,1,0,0
"Zhou, Zhangbing (24340085800)",2,3,0,0
"Zhou, Zheng (55728235000)",1,1,0,0
"Zhou, Zhenhua (59001810800)",1,1,0,0
"Zhou, Zhi (55728173400)",1,1,1,3
"Zhou, Zhi (57202115610)",1,3,0,0
"Zhou, Zhicong (57226008332)",1,1,0,0
"Zhou, Zhigao (57200035729)",0,0,1,1
"Zhou, Zhiyi (59141441100)",1,1,0,0
"Zhou, Zhiying (57224987961)",1,1,0,0
"Zhou, Zhong (55728201800)",1,1,0,0
"Zhou, Zhou (55728234900)",1,1,0,0
"Zhou, Zhuomin (58596874700)",1,3,0,0
"Zhu, Baixue (57219204178)",1,1,0,0
"Zhu, Bangzhu (14326460600)",0,0,1,2
"Zhu, Biaokai (57191504064)",1,1,0,0
"Zhu, Binruo (57188865602)",1,1,0,0
"Zhu, Changsheng (55728073700)",1,1,0,0
"Zhu, Chong (57202143448)",1,3,0,0
"Zhu, Chuan (35180501600)",1,1,0,0
"Zhu, Chun (57198886318)",1,1,0,0
"Zhu, Congcong (57226428798)",1,2,0,0
"Zhu, Feilin (55965133800)",2,2,0,0
"Zhu, Guangdong (17347560700)",0,0,1,1
"Zhu, Guiping (12764695000)",1,2,0,0
"Zhu, Guozhu (58042885600)",1,1,0,0
"Zhu, Hangtian (24282134200)",1,3,0,0
"Zhu, Hao-Cheng (57211598561)",1,1,0,0
"Zhu, Haohao (57238797100)",2,3,0,0
"Zhu, Hong (56387849700)",1,1,0,0
"Zhu, Hongbo (8882010600)",1,1,0,0
"Zhu, Hongchun (55984666800)",1,1,0,0
"Zhu, Honglu (35115850500)",2,3,0,0
"Zhu, Hongqiu (24333409600)",2,2,0,0
"Zhu, Hongzi (14030843400)",1,1,0,0
"Zhu, Huaji (23993280300)",1,1,0,0
"Zhu, Huangyi (57353228000)",2,2,0,0
"Zhu, Hui (55717901400)",0,0,1,1
"Zhu, J. (57307408800)",1,1,0,0
"Zhu, Jian Guo (57022373100)",1,1,0,0
"Zhu, Jiang (55827496000)",1,1,0,0
"Zhu, Jiangong (56023299900)",1,1,0,0
"Zhu, Jianguo (57022373100)",2,4,0,0
"Zhu, Jiebei (36784213500)",2,2,0,0
"Zhu, Jingyao (57220782075)",1,1,0,0
"Zhu, Jizhong (24081912900)",3,4,0,0
"Zhu, Junye (59730057100)",1,1,0,0
"Zhu, Kai (56479852000)",1,3,0,0
"Zhu, Ke-jun (56482682300)",0,0,1,1
"Zhu, Kedong (56005405800)",1,2,0,0
"Zhu, Lei (57190033259)",0,0,1,3
"Zhu, Lei (57221371655)",1,1,0,0
"Zhu, Lei (57243678000)",0,0,1,2
"Zhu, Li (55500137300)",1,1,1,3
"Zhu, Li (56784663200)",1,1,0,0
"Zhu, Li (56902022400)",2,2,0,0
"Zhu, Liangquan (57203396261)",1,1,0,0
"Zhu, Ling (56252448900)",0,0,1,2
"Zhu, Lingzhi (7404201961)",1,1,0,0
"Zhu, Linling (59750164800)",1,1,0,0
"Zhu, Linxiao (54943547500)",1,3,0,0
"Zhu, Liting (57226112248)",1,1,0,0
"Zhu, Liuxian (57211805580)",1,1,0,0
"Zhu, Liya (57188817991)",1,1,0,0
"Zhu, Man (55861471500)",1,1,0,0
"Zhu, Meiling (25627012100)",1,1,0,0
"Zhu, Mengmeng (55878005800)",1,1,0,0
"Zhu, Miao (8603975900)",2,5,0,0
"Zhu, Na (54980556900)",1,1,0,0
"Zhu, Neng (55796800800)",2,2,0,0
"Zhu, Peng (57987918200)",1,1,0,0
"Zhu, Qi (56542196200)",1,2,1,1
"Zhu, Qiliang (23391450800)",1,1,0,0
"Zhu, Qing (57193918512)",1,3,0,0
"Zhu, Rongkang (57217525917)",1,1,0,0
"Zhu, Ruhua (60256678600)",1,1,0,0
"Zhu, Rui (56754542900)",1,1,0,0
"Zhu, Shinan (57215531798)",1,1,0,0
"Zhu, Songye (23092505900)",1,3,0,0
"Zhu, Suling (27568209900)",1,1,0,0
"Zhu, Tao (36946138700)",1,1,0,0
"Zhu, Tong (57004203400)",1,1,0,0
"Zhu, Weimin (58894859100)",1,1,0,0
"Zhu, Weiyi (57215534583)",1,1,0,0
"Zhu, Wen (8964792000)",1,1,0,0
"Zhu, Wenbo (55872642700)",1,1,0,0
"Zhu, Wencai (57196194928)",1,1,0,0
"Zhu, Wenjin (55574517800)",1,1,0,0
"Zhu, Wentao (57209778083)",1,5,0,0
"Zhu, Wentao (59040014300)",1,1,0,0
"Zhu, Wenwu (7404232311)",1,1,0,0
"Zhu, Xiang (56229725300)",1,3,0,0
"Zhu, Xianhui (15823250000)",1,1,0,0
"Zhu, Xiaomin (57054311600)",1,1,0,0
"Zhu, Xiaoming (55696682600)",1,1,0,0
"Zhu, Xin (57203879041)",2,2,0,0
"Zhu, Xinzhe (56459195300)",1,1,1,2
"Zhu, Xu (57203249729)",1,1,0,0
"Zhu, Xueling (55928898400)",1,1,0,0
"Zhu, Yan (35390499100)",1,1,0,0
"Zhu, Yanan (57200191501)",1,1,0,0
"Zhu, Yankai (57383204900)",1,1,0,0
"Zhu, Yanqing (55562149000)",1,1,0,0
"Zhu, Ye (59708950100)",1,1,0,0
"Zhu, Yilin (57188554609)",1,1,0,0
"Zhu, Yimin (57208037171)",0,0,1,1
"Zhu, Ying (57203374026)",1,1,0,0
"Zhu, Yingxin (57198950567)",0,0,1,4
"Zhu, Yixin (56156852800)",1,2,0,0
"Zhu, Yun (57221095715)",0,0,1,2
"Zhu, Yutong (57858283600)",1,1,0,0
"Zhu, Yuzhen (57439839300)",1,1,0,0
"Zhu, Z. (57149039100)",1,1,0,0
"Zhu, Zhaoyou (36509438600)",1,1,0,0
"Zhu, Zhenle (59536600000)",1,1,0,0
"Zhu, Zicai (35797706000)",1,1,0,0
"Zhu, Ziqing (57477413300)",0,0,1,1
"Zhu, Ziwei (57226796739)",1,1,0,0
"Zhuan, X. (23007093600)",1,1,0,0
"Zhuang, Junhua (57200195271)",0,0,1,1
"Zhuang, L. (57215733467)",1,1,0,0
"Zhuang, Wanqing (57197826238)",1,1,0,0
"Zhuang, Wei (54797369300)",1,1,0,0
"Zhuang, Wei (57224580976)",1,1,0,0
"Zhuang, Weichao (56338038400)",2,3,0,0
"Zhuang, Weihua (7103155022)",1,4,0,0
"Zhuang, Yiqi (7202294425)",1,2,0,0
"Zhuang, Zhenzhen (57310846500)",1,1,0,0
"Zhuang, Zhiyuan (57558438200)",2,4,0,0
"Zhuo, Yixin (56453967600)",0,0,1,1
"Zi, Peng (24068262600)",1,1,0,0
"Zi-qiang, Lv (57188697375)",1,1,0,0
"Zia Ullah, Qazi (57195338716)",1,84,0,0
"Zia, Hina (15137778700)",0,0,1,1
"Zia, Usman (59428506600)",0,0,1,4
"Ziadi, Zakaria (55540464300)",1,1,0,0
"Zibo, Yan (59982456300)",1,1,0,0
"Zide, Joshua M.O. (8586290900)",1,2,0,0
"Ziel, Florian (56449069200)",2,3,0,0
"Zielke, Lukas (55571240600)",0,0,1,1
"Ziemba, Christopher (40262956600)",0,0,1,2
"Ziemski, M. (57203510629)",0,0,1,20
"Zilberman, David (35578894000)",0,0,1,2
"Zilio, C. (6507954986)",1,1,1,6
"Zimmerman, William B. (56213763000)",0,0,1,1
"Zimmermann, Jochen (14623446400)",0,0,1,30
"Zimmermann, Severin (37022005800)",1,3,0,0
"Zinkle, Steven J. (7006308667)",0,0,1,2
"Zio, Enrico (7005289082)",4,9,2,2
"Zirkelbach, Mathias (55782092400)",0,0,1,2
"Zisman, Sagi (55508654400)",0,0,1,1
"Zivin, Joshua Graff (7005123294)",0,0,1,24
"Ziyadi, Mojtaba (55844233600)",0,0,1,3
"Zlotnik, Anatoly (55210090800)",0,0,1,4
"Zmeureanu, Radu (57204296480)",1,2,0,0
"Zmeureanu, Radu (57222519102)",0,0,1,1
"Zoellick, James (6504649093)",0,0,1,1
"Zoellner, Brandon (56521554400)",1,1,0,0
"Zohrabian, Angineh (55990645200)",0,0,1,1
"Zois, Elias N. (55917353000)",1,1,0,0
"Zoka, Yoshifumi (6506575133)",1,1,0,0
"Zola, Enrica (12807899700)",1,2,0,0
"Zomaya, Albert Y. (7005128430)",2,3,0,0
"Zong, Chaofei (57826242700)",1,2,0,0
"Zorlu, Özge (15023827100)",1,4,0,0
"Zorzi, Michele (7102431876)",1,2,0,0
"Zou, Bin (59745064200)",1,1,0,0
"Zou, Caineng (7102543741)",0,0,1,19
"Zou, Gaolu (15020096200)",0,0,1,1
"Zou, Hongliang (56770578700)",1,3,0,0
"Zou, Jin (55982465100)",1,1,0,0
"Zou, Lianglin (57761788900)",1,1,0,0
"Zou, Mi (56048082400)",1,2,0,0
"Zou, Miaojie (58566193200)",1,1,0,0
"Zou, Patrick X.W. (7006775603)",0,0,2,3
"Zou, Rongwei (57431367800)",1,1,0,0
"Zou, Runnan (57212085835)",1,1,0,0
"Zou, Xudong (56155748900)",1,1,0,0
"Zou, Yao (54936509500)",1,6,0,0
"Zou, Yong (57903585700)",1,1,0,0
"Zou, Yuan (57212182693)",1,1,0,0
"Zou, Yulong (55939922900)",1,1,1,2
"Zou, Zhengbo (57195301528)",1,6,0,0
"Zou, Zhuo (23096694900)",1,2,0,0
"Zouache, Moussa A. (56682071700)",1,1,0,0
"Zpěvák, Aleš (58167950900)",0,0,1,1
"Zsiborács, Henrik (56580310700)",0,0,3,4
"Zubillaga, Oihana (24484288000)",1,1,0,0
"Zubizarreta, Asier (24476560300)",1,3,0,0
"Zucker, A. (55287928300)",0,0,2,16
"Zucker, Gerhard (24403198800)",0,0,1,1
"Zugno, Marco (35091595500)",0,0,1,1
"Zukerman, Moshe (7005286078)",1,2,0,0
"Zulvia, Ferani Eva (55363070700)",1,1,0,0
"Zunino, Claudio (6603273562)",1,1,0,0
"Zuo, Decheng (11339633500)",1,2,0,0
"Zuo, H.G. (7005708910)",1,1,1,3
"Zuo, Lei (7102124829)",1,3,0,0
"Zuo, Lili (18042658500)",0,0,1,1
"Zuo, Qi (36719304800)",1,1,0,0
"Zuo, Wangda (25961077900)",1,2,1,1
"Zuo, Wenyun (58581682900)",1,1,0,0
"Zuo, Xianwang (57381892500)",1,1,0,0
"Zuo, Yi (59782337200)",1,5,0,0
"Zuo, Youhong (58037890300)",1,1,0,0
"Zupančič, Domen (56084974800)",1,2,0,0
"Zurcher, Jean-François (7004724089)",1,2,0,0
"Zurek, Hans-Ulrich (57209367580)",1,1,0,0
"Zwaenepoel, Willy (55955749000)",1,7,0,0
"Zweiler, Richard (57194326480)",1,4,1,2
"Zˇa´cˇekova´, Eva (54911942200)",1,4,0,0
"d'Avignon, Alexandre Louis de Almeida (6602100697)",0,0,1,4
"da Costa, Paula Rocha (56305992700)",0,0,1,1
"da Guarda, Emeli Lalesca Aparecida (57211715160)",0,0,1,1
"da Silva, Tiago Rodrigo (55964249400)",0,0,1,1
"de Dear, Richard (57509153500)",0,0,3,3
"de Diego, Luis F. (55149272200)",1,3,0,0
"de Goes Soares, Julio (57193758483)",1,2,0,0
"de Gracia, Alvaro (35799440200)",0,0,1,1
"de Haan, Peter (7006463620)",0,0,1,10
"de Jager, Bram (55662961100)",2,35,0,0
"de L. Silva, Leandro M. (44760956400)",1,1,0,0
"de La Tour, Arnaud (36625322000)",0,0,1,22
"de Magalhães Júnior, Walter Coelho Pereira (56110781700)",0,0,1,1
"de Mattos Neto, Paulo Salgado Gomes (35172776500)",1,1,0,0
"de Meer, Hermann (8905799500)",0,0,1,4
"de Melo, Talison A.C. (59124656200)",1,1,0,0
"de Oliveira, Cassiano (7102223138)",1,1,0,0
"de Oliveira, Erick Meira (57191618655)",0,0,1,2
"de Prada, C. (6603379715)",1,1,0,0
"de Prada, César (6603379715)",1,2,1,2
"de Queiroz, Anderson Rodrigo (36650371600)",0,0,1,1
"de Rubeis, Tullio (57035305500)",0,0,1,1
"de Silva Jr., Herculano Xavier (26667567700)",0,0,1,4
"de Sousa, Fernando Rangel (56725928400)",1,1,0,0
"de Vries, L. (7102828257)",0,0,1,4
"de la Fuente Carmona, Antonio (57203780657)",1,2,0,0
"de la Rue du Can, Stephane (12141509600)",0,0,1,11
"del Rio-Chanona, R. Maria (57022234300)",0,0,1,3
"do Carmo Tavares, Arilma Oliveira (58164852700)",0,0,1,1
"dos Reis, Max M.L. (57208331494)",0,0,1,1
"dos Santos Almeida, Edna (55412280800)",0,0,1,1
"dos Santos, Gerson Henrique (7004980997)",0,0,2,2
"du Pont, Peter T. (6506183176)",0,0,1,5
"ir, Brian P. (13611881300)",0,0,1,8
"ji, Ying (56506080700)",1,1,0,0
"kirmani, Sheeraz (55060686800)",0,0,1,1
"ten Donkelaar, Michael (21834894800)",0,0,1,1
"uit het Broek, Michiel A.J. (57194133278)",0,0,1,2
"ul Islam, Naeem (57195806540)",1,2,0,0
"van Alphen, Chris (12140470100)",0,0,1,3
"van Dam, J. (13007121900)",0,0,1,9
"van Dam, Koen H. (8278082900)",0,0,2,4
"van Foreest, Nicky D. (9337083900)",0,0,1,1
"van Hooff, T. (24342245600)",0,0,3,18
"van Hooijdonk, A. (13006996800)",0,0,1,9
"van Hove, Willem (57566274400)",0,0,1,3
"van Keulen, Thijs (34979459800)",1,26,0,0
"van Onna, Tom (55988804900)",0,0,1,2
"van Sark, W.G.H.J.M. (57084399300)",1,1,0,0
"van Sark, W.G.J.H.M. (57084399300)",1,2,1,2
"van Sark, Wilfried (57084399300)",0,0,2,10
"van Staden, Adam Jacobus (35325524400)",1,3,0,0
"van Treeck, Christoph (13609211300)",1,1,0,0
"van Wingerden, Jan-Willem (7003353054)",1,2,1,1
"van Zoest, Vera (57201072104)",0,0,1,1
"van de Molengraft, René (6507656436)",1,26,0,0
"van den Bergh, Jeroen C.J.M. (7006196632)",0,0,1,8
"van den Bogert, Antonie J. (35563133000)",1,1,1,2
"van den Bosch, P.P.J. (7004396887)",1,9,0,0
"van den Broek, Machteld (23391193900)",0,0,1,1
"van der Kam, Mart (56204001600)",0,0,1,9
"van der Meer, D. (57194472515)",0,0,1,6
"van der Meer, D.W. (57194472515)",0,0,1,1
"van der Schaar, Mihaela (35605361700)",1,7,0,0
"van der Zwaan, Bob (35876735300)",0,0,2,14
"von Hellfeld, Rebecca (57217735281)",0,0,1,4
"von Loessl, Victor (57782425100)",0,0,1,1
"Águas, Hugo (7006303417)",1,1,0,0
"Álvarez, J.D. (16303147700)",2,4,2,3
"Álvarez, José Domingo (16303147700)",1,1,0,0
"Álvarez-Bel, Carlos (57218645935)",0,0,2,2
"Álvarez-Flórez, Jesús (23993536300)",1,3,0,0
Ángel M. Pérez-Bellido (25649030400),0,0,1,2
"Äkäslompolo, S. (53363163700)",0,0,1,1
"Åhlund, Christer (57191645768)",1,2,0,0
"Çakmak, Recep (59508628500)",0,0,1,1
"Çetin, Müjgan (49663023300)",0,0,1,11
"Çimen, Halil (57205614115)",1,2,0,0
"Ñaupari Huatuco, Dionicio Zócimo (60234375900)",1,1,0,0
"Ó Broin, Eoin (55623321500)",0,0,1,5
"Ó Gallachóir, B.P. (13611881300)",0,0,1,6
"Ó Gallachóir, Brian P. (13611881300)",0,0,1,3
"Özkasap, Öznur (6602394621)",1,1,0,0
"Öztop, Hakan F. (6603833743)",1,1,0,0
"Özşahin, Talat Şükrü (56156118800)",1,1,0,0
"Øyvang, Thomas (35179937600)",0,0,1,1
"Ünler, Alper (15837779400)",0,0,1,1
"Ćojbašić, Žarko (15727446500)",1,3,0,0
"Čelanović, Ivan (6603380320)",0,0,1,1
"Červený, Jan (8654085200)",1,2,0,0
"Śleszyński, Przemysław (6507164177)",0,0,1,1
"Świętochowski, Adam (57021570500)",0,0,1,1
"Şahin, Utkucan (57189730774)",0,0,1,1
"Ševeček, Martin (57191071231)",0,0,1,1
"Šimunić, Tajana (6602146676)",1,9,0,0
"Široký, Jan (35318759200)",2,7,2,4
"Šlégr, Jan (42462309800)",1,2,0,0
"Štuikys, Vytautas (6603106159)",1,1,0,0
"Štěpán, Jan (56742858500)",1,2,0,0
"Švogor, Ivan (55441521000)",1,2,0,0
"Ščasný, Milan (57208759576)",0,0,2,3
"Žagar, Mark (6701728368)",1,1,1,1
"Živković, Branislav D. (7005806985)",0,0,1,3
"Živković, Momčilo (35436354600)",0,0,1,1
́ Gallach́,0,0,1,8
