"Term","Document_Frequency","Term_Frequency"
"predict",2811,6148
"use",2402,5025
"model",2347,7785
"energi",2303,7240
"propos",2131,4477
"result",2111,2940
"consumpt",1947,3655
"system",1832,4402
"paper",1767,2078
"base",1690,2486
"can",1667,2757
"perform",1636,2754
"data",1569,3582
"method",1460,3130
"oper",1305,2343
"show",1301,1504
"compar",1272,1600
"effect",1220,1681
"generat",1210,2253
"improv",1195,1708
"studi",1176,1641
"reduc",1140,1608
"network",1139,2380
"develop",1138,1610
"effici",1135,1812
"time",1131,1798
"elsevi",1071,1075
"present",1056,1309
"simul",1052,1490
"differ",1021,1405
"forecast",1018,3202
"optim",999,1660
"electr",998,2222
"ieee",976,1014
"algorithm",962,1878
"control",945,2976
"approach",944,1528
"provid",920,1150
"increas",913,1316
"accuraci",887,1344
"achiev",882,1133
"design",879,1416
"ltd",872,879
"also",871,1050
"signific",867,1004
"high",859,1137
"process",849,1497
"load",838,2453
"howev",810,861
"demonstr",777,858
"applic",770,1162
"accur",743,910
"integr",739,1013
"first",737,804
"evalu",719,916
"consid",714,873
"two",708,902
"condit",703,1050
"demand",702,1303
"analysi",689,905
"problem",682,991
"error",680,1141
"experiment",679,843
"requir",677,881
"dynam",665,1055
"cost",659,1129
"due",628,717
"comput",627,1019
"combin",624,786
"paramet",620,946
"strategi",614,1108
"manag",612,936
"util",611,776
"author",611,634
"new",606,772
"neural",603,880
"appli",603,697
"novel",597,682
"addit",597,664
"obtain",592,739
"includ",589,686
"test",587,741
"distribut",585,1050
"measur",568,872
"import",568,635
"final",567,608
"work",556,694
"techniqu",549,801
"one",541,631
"challeng",532,630
"valid",531,595
"technolog",527,759
"case",527,621
"temperatur",514,1207
"implement",509,656
"build",508,1568
"inform",503,748
"limit",493,616
"estim",491,794
"order",484,579
"experi",483,566
"function",473,645
"valu",472,633
"rate",468,736
"term",465,551
"various",462,549
"current",461,675
"featur",458,841
"well",454,534
"exist",454,529
"indic",450,527
"potenti",446,549
"minim",444,545
"level",442,624
"averag",442,589
"set",440,557
"research",439,544
"three",439,523
"characterist",436,550
"grid",435,772
"select",434,607
"enhanc",434,534
"variabl",433,632
"respect",433,526
"solar",431,1152
"determin",431,512
"complex",430,534
"relat",430,505
"framework",427,728
"shortterm",427,643
"larg",424,514
"mean",423,597
"investig",423,479
"reserv",419,499
"factor",417,583
"solut",417,556
"heat",416,1054
"address",413,482
"output",411,637
"low",408,506
"product",407,722
"number",404,536
"adapt",403,591
"wind",401,1790
"train",397,622
"input",397,533
"photovolta",395,670
"mechan",395,573
"make",395,443
"introduc",388,429
"sever",386,426
"reliabl",385,493
"devic",384,679
"hybrid",383,617
"renew",382,604
"futur",382,491
"chang",379,487
"thermal",378,862
"better",378,431
"analyz",376,434
"save",372,550
"multipl",371,461
"employ",371,424
"need",370,432
"real",370,429
"sourc",368,507
"rang",367,475
"resourc",361,655
"reduct",359,520
"depend",359,434
"impact",358,449
"right",358,363
"specif",351,401
"environ",350,477
"within",348,414
"support",345,427
"deep",343,527
"schedul",341,704
"unit",341,519
"state",341,492
"aim",339,358
"scheme",338,578
"direct",337,411
"second",337,366
"capabl",336,378
"speed",335,676
"uncertainti",335,534
"becom",335,359
"therefor",333,359
"convent",331,396
"seri",329,514
"conduct",327,395
"realtim",326,491
"memori",326,479
"main",325,367
"higher",324,378
"tradit",323,371
"enabl",323,369
"without",319,360
"solv",317,362
"verifi",317,336
"total",315,408
"furthermor",315,329
"dataset",314,452
"structur",314,441
"lead",313,352
"issu",312,351
"storag",308,576
"behavior",305,427
"nonlinear",304,411
"smart",302,554
"numer",302,366
"calcul",300,400
"will",299,426
"thus",297,323
"compon",296,446
"advanc",296,358
"establish",295,347
"general",293,354
"regress",289,421
"area",289,376
"consist",289,318
"long",288,331
"correl",287,383
"allow",287,333
"key",287,320
"sensor",286,715
"scenario",285,431
"linear",284,362
"lower",284,323
"industri",283,422
"suppli",282,384
"influenc",282,336
"moreov",282,300
"air",278,559
"accord",277,306
"avail",275,337
"construct",275,337
"vehicl",273,685
"collect",273,344
"respons",272,416
"object",272,357
"produc",272,331
"engin",271,394
"extract",271,384
"point",270,369
"may",270,329
"activ",269,427
"variat",269,348
"natur",269,324
"practic",269,309
"architectur",268,448
"recent",268,280
"robust",267,358
"focus",267,283
"local",265,386
"plant",263,568
"identifi",263,317
"actual",263,304
"mode",262,439
"plan",262,394
"type",261,359
"batteri",260,597
"period",260,348
"maximum",258,330
"account",258,294
"pattern",257,376
"captur",255,336
"among",255,282
"comparison",255,278
"outperform",255,266
"maintain",253,285
"qualiti",252,338
"econom",252,334
"take",252,267
"monitor",251,387
"weather",250,406
"consum",250,342
"possibl",250,277
"advantag",250,263
"program",249,316
"frequenc",246,430
"particular",246,265
"year",245,292
"adopt",245,265
"affect",244,269
"constraint",243,321
"overal",242,289
"task",240,399
"capac",240,349
"balanc",240,306
"articl",240,272
"scale",239,334
"methodolog",237,337
"ensur",236,258
"decis",234,310
"found",233,267
"mani",233,265
"best",233,264
"environment",231,292
"stabil",229,355
"assess",229,280
"voltag",228,476
"less",228,258
"loss",226,342
"hour",226,315
"decreas",224,277
"amount",223,267
"previous",223,242
"modul",222,501
"tool",222,336
"good",222,242
"way",222,241
"communic",220,325
"field",220,300
"global",220,284
"intellig",219,290
"histor",219,274
"caus",219,248
"promis",219,233
"emiss",218,455
"shown",218,236
"wide",217,239
"detect",216,458
"observ",216,267
"role",216,220
"size",215,319
"cell",213,547
"user",213,431
"servic",213,358
"day",213,348
"part",213,277
"coupl",212,274
"critic",212,238
"fuel",211,432
"find",211,226
"great",210,228
"continu",209,249
"discuss",209,234
"typic",208,230
"artifici",206,229
"individu",204,266
"locat",203,271
"random",202,255
"statist",202,249
"four",202,242
"suitabl",202,228
"help",202,226
"given",202,223
"squar",201,239
"singl",201,238
"transform",200,321
"consider",200,209
"coeffici",199,243
"charg",198,545
"sampl",198,314
"attent",198,267
"incorpor",198,219
"small",197,241
"target",196,304
"weight",196,279
"absolut",196,237
"precis",196,235
"comprehens",196,221
"extens",196,205
"repres",195,226
"benchmark",195,222
"price",194,393
"cycl",193,328
"signal",193,305
"superior",193,200
"gas",192,397
"abil",192,217
"water",191,435
"describ",191,216
"especi",191,197
"cool",190,456
"reveal",189,203
"lstm",188,323
"ratio",188,258
"similar",187,247
"benefit",187,233
"offer",187,204
"transfer",186,315
"carri",185,197
"peak",184,292
"standard",184,236
"contribut",184,199
"node",183,488
"profil",183,287
"convolut",183,245
"relationship",183,219
"crucial",183,190
"maxim",182,205
"layer",181,312
"associ",181,206
"cluster",180,382
"flexibl",180,287
"tempor",180,276
"detail",179,200
"follow",179,193
"drive",177,315
"equip",177,247
"vector",177,236
"fluctuat",177,221
"rapid",177,193
"formul",176,208
"stateoftheart",176,191
"market",175,296
"wireless",175,282
"adjust",175,222
"region",173,265
"common",173,192
"usag",172,254
"basi",172,188
"materi",170,331
"deploy",170,238
"vari",170,192
"play",170,174
"physic",169,248
"step",169,225
"theoret",169,198
"even",169,183
"refer",168,216
"across",168,204
"success",168,185
"explor",167,186
"extrem",166,202
"essenti",166,171
"mobil",165,328
"expect",165,186
"via",163,190
"deriv",163,179
"station",161,282
"space",160,237
"abl",160,181
"cloud",159,431
"comfort",159,314
"phase",159,249
"configur",159,243
"approxim",158,185
"correspond",158,168
"stage",157,299
"major",157,170
"surfac",156,263
"realiz",156,183
"onlin",155,226
"realworld",155,170
"name",155,164
"connect",154,196
"fast",154,179
"involv",154,162
"often",154,161
"exploit",153,182
"form",153,176
"feasibl",153,157
"trend",152,200
"simpl",151,167
"difficult",151,154
"polici",150,211
"instal",150,201
"per",150,185
"suggest",150,170
"sinc",150,159
"turbin",149,408
"sustain",149,204
"reach",149,165
"meet",149,164
"decomposit",148,217
"commerci",148,179
"dispatch",147,242
"delay",147,226
"stochast",147,211
"properti",147,181
"normal",147,177
"altern",147,169
"pressur",146,256
"simultan",146,157
"access",145,219
"root",145,153
"carbon",144,333
"interv",144,255
"probabl",144,193
"interact",143,200
"origin",143,167
"densiti",142,253
"longterm",142,188
"report",141,161
"next",141,153
"residenti",140,232
"emerg",140,159
"call",140,150
"daili",139,210
"convert",139,199
"contain",137,161
"much",137,147
"transmiss",136,217
"regul",135,199
"yield",135,181
"metric",134,168
"character",134,150
"strong",134,149
"defin",134,148
"track",133,255
"filter",133,251
"china",133,171
"short",133,148
"societi",133,136
"season",132,216
"subsequ",132,161
"context",132,149
"aggreg",131,200
"rmse",131,174
"regard",131,144
"intermitt",131,143
"sensit",130,163
"knowledg",130,159
"exhibit",130,139
"farm",129,264
"concentr",129,240
"percentag",129,142
"substanti",129,142
"publish",129,138
"mpc",128,306
"circuit",128,227
"move",128,143
"exampl",128,138
"reason",127,135
"platform",126,180
"analyt",126,162
"empir",126,144
"along",126,139
"creat",126,129
"purpos",126,127
"microgrid",125,320
"traffic",125,263
"gradient",125,163
"avoid",125,140
"climat",124,183
"extend",124,134
"datadriven",123,157
"handl",123,136
"overcom",123,132
"transport",122,187
"run",122,156
"minimum",122,150
"mitig",122,139
"switzerland",122,122
"sequenc",121,171
"public",121,162
"posit",121,161
"separ",121,158
"gain",121,154
"mathemat",121,147
"initi",121,145
"intern",121,138
"complet",121,136
"ventil",120,200
"dayahead",120,191
"nois",120,176
"still",120,125
"indoor",119,241
"degrad",119,170
"hardwar",119,166
"search",119,165
"energyeffici",119,151
"like",119,137
"leverag",119,129
"literatur",119,127
"license",119,119
"mdpi",119,119
"meteorolog",118,171
"embed",118,149
"remain",118,143
"concern",118,131
"confirm",118,119
"electron",117,161
"chemic",117,159
"constant",117,144
"penetr",117,144
"appropri",117,130
"horizon",116,154
"fit",116,144
"infrastructur",116,140
"quantifi",116,135
"switch",115,187
"convers",115,174
"softwar",115,165
"correct",115,159
"index",115,151
"end",115,140
"stabl",115,125
"spatial",114,160
"group",114,156
"theori",114,131
"radiat",113,184
"procedur",113,136
"therebi",113,120
"basel",113,113
"recurr",112,147
"deviat",112,141
"occup",111,265
"irradi",111,264
"sens",111,224
"mass",111,175
"secur",111,169
"element",111,137
"goal",111,127
"facilit",111,116
"taken",111,116
"particl",110,199
"concept",110,135
"toward",110,117
"coordin",109,144
"guarante",109,127
"automat",109,124
"built",109,122
"independ",109,117
"fulli",109,116
"necessari",109,113
"alloc",108,182
"open",108,122
"agreement",107,116
"consequ",107,111
"updat",106,133
"tradeoff",106,117
"institut",106,113
"close",106,111
"illustr",106,109
"center",105,225
"meter",105,160
"execut",105,157
"gate",105,127
"ensembl",104,179
"virtual",104,163
"prove",104,115
"imag",103,221
"probabilist",103,185
"risk",103,178
"genet",103,124
"made",103,115
"reli",103,111
"largescal",102,118
"decompos",102,114
"internet",102,114
"examin",101,115
"elimin",101,114
"classif",100,162
"manufactur",100,159
"share",100,151
"equat",100,131
"central",100,124
"deal",100,104
"exchang",99,137
"understand",99,113
"grow",99,105
"acceler",98,147
"mae",98,124
"boost",98,123
"modifi",98,114
"divers",98,110
"univers",98,105
"near",98,104
"hydrogen",97,292
"hvac",97,243
"ann",97,200
"project",97,140
"extern",97,120
"face",97,103
"edg",96,194
"digit",96,161
"joint",96,138
"mix",96,132
"baselin",96,119
"satisfi",96,108
"usual",96,105
"classifi",95,131
"map",95,126
"desir",95,101
"copyright",95,99
"rout",94,228
"remov",94,146
"curv",94,142
"analys",94,107
"power",94,105
"least",94,102
"highlight",94,101
"known",94,100
"interest",94,97
"workload",93,204
"springer",93,117
"life",92,137
"primari",92,121
"world",92,103
"must",92,100
"modern",92,99
"parallel",91,151
"growth",91,123
"mape",91,110
"give",91,102
"volum",90,120
"learn",90,107
"safeti",90,105
"innov",90,96
"predictor",89,144
"reinforc",89,128
"match",89,112
"around",89,95
"although",89,93
"lack",89,93
"array",88,159
"month",88,122
"ahead",88,105
"inher",88,89
"channel",87,169
"core",87,138
"static",87,125
"transit",87,120
"identif",87,116
"human",87,112
"relev",87,96
"autoregress",86,104
"popular",86,93
"light",85,162
"household",85,155
"custom",85,141
"residu",85,124
"resist",85,121
"proport",85,107
"certain",85,90
"proper",85,89
"serv",85,89
"pump",84,174
"annual",84,127
"wast",84,122
"conserv",84,102
"fabric",84,102
"reflect",84,102
"scalabl",84,102
"recoveri",83,132
"citi",83,123
"receiv",83,121
"excel",83,87
"fluid",82,128
"code",82,125
"mainten",82,111
"accept",82,92
"henc",82,88
"insight",82,84
"processor",81,177
"length",81,104
"record",81,103
"degre",81,88
"five",81,88
"besid",81,83
"event",80,149
"transient",80,124
"fuzzi",80,115
"fundament",80,81
"offic",79,146
"urban",79,140
"block",79,118
"smooth",79,105
"infer",79,101
"swarm",79,98
"full",79,88
"aspect",79,87
"promot",79,85
"link",78,135
"compens",78,128
"lifetim",78,125
"sector",78,111
"timeseri",78,109
"overhead",78,108
"volatil",78,98
"distanc",78,97
"intens",78,93
"site",77,134
"latenc",77,133
"veloc",77,131
"path",77,126
"multiobject",77,118
"thing",77,79
"domain",76,123
"disturb",76,112
"simplifi",76,93
"turn",76,90
"prototyp",76,88
"prevent",76,85
"presenc",76,82
"either",76,80
"iot",75,193
"interfac",75,104
"determinist",75,103
"gap",75,98
"min",75,94
"subject",75,84
"occur",75,81
"fault",74,230
"machin",74,133
"hierarch",74,93
"converg",74,88
"principl",74,82
"attract",74,74
"forc",73,137
"togeth",73,74
"zone",72,120
"behaviour",72,115
"line",72,115
"bus",72,107
"particip",72,99
"tune",72,91
"equival",72,85
"wiley",72,82
"realist",72,78
"suffici",72,77
"compress",71,172
"cmos",71,101
"fix",71,95
"replac",71,91
"last",71,76
"effort",71,74
"graph",70,154
"heterogen",70,113
"composit",70,104
"humid",70,103
"matrix",70,94
"faster",70,78
"entir",70,74
"greater",70,73
"applianc",69,156
"iter",69,90
"uncertain",69,88
"son",69,80
"scienc",69,76
"server",68,138
"cnn",68,116
"tree",68,94
"ambient",68,83
"decisionmak",68,78
"rise",68,76
"basic",68,74
"pose",68,69
"almost",68,68
"reaction",67,121
"motion",67,116
"room",67,110
"mine",67,101
"store",67,97
"compani",67,78
"john",67,77
"whole",67,73
"meanwhil",67,70
"special",67,68
"membran",66,195
"threshold",66,109
"failur",66,101
"window",66,98
"optimum",66,86
"facil",66,83
"bound",66,81
"cover",66,81
"six",66,79
"autom",66,77
"past",66,71
"competit",66,70
"divid",66,70
"third",66,68
"home",65,145
"hot",65,108
"action",65,88
"clear",65,75
"highest",65,72
"negat",65,72
"discret",65,71
"assumpt",65,70
"perspect",65,68
"american",65,67
"angl",64,121
"lowpow",64,89
"preprocess",64,81
"driven",64,71
"difficulti",64,69
"manner",64,69
"excess",64,68
"keep",64,67
"varieti",64,67
"llc",64,65
"optic",63,126
"calibr",63,101
"net",63,92
"organ",63,92
"review",63,91
"multivari",63,89
"bandwidth",63,83
"guid",63,73
"learningbas",63,73
"autonom",62,80
"partial",62,79
"side",62,79
"represent",62,77
"situat",62,73
"frequent",62,70
"opportun",62,65
"metal",61,100
"resolut",61,95
"stream",61,93
"forest",61,79
"twostag",61,79
"quantit",61,69
"etc",61,68
"upon",61,66
"content",60,110
"databas",60,93
"throughput",60,91
"feed",60,80
"differenti",60,72
"assist",60,71
"hyperparamet",60,70
"contrast",60,65
"media",60,64
"compris",60,62
"harvest",59,159
"protocol",59,124
"fusion",59,108
"margin",59,82
"reconstruct",59,82
"shift",59,80
"markov",59,73
"everi",59,65
"magnitud",59,65
"uniqu",59,61
"tackl",59,60
"panel",58,127
"spatiotempor",58,119
"clean",58,86
"medium",58,81
"gaussian",58,74
"propag",58,71
"deliv",58,65
"poor",58,60
"topolog",57,89
"logic",57,74
"prefer",57,68
"ideal",57,65
"multilay",57,63
"instead",57,60
"finit",57,59
"oxid",56,88
"countri",56,67
"inc",56,63
"view",56,63
"reactiv",55,98
"miss",55,87
"movement",55,82
"health",55,77
"shape",55,71
"durat",55,70
"bidirect",55,68
"domin",55,61
"smaller",55,59
"place",55,58
"systemat",55,58
"come",55,57
"springerverlag",55,55
"chip",54,107
"driver",54,90
"hous",54,86
"kinet",54,79
"profit",54,79
"loop",54,74
"interpret",54,73
"attribut",54,66
"economi",54,66
"criteria",54,64
"hidden",54,64
"prior",54,60
"massiv",54,59
"verif",54,57
"alway",54,56
"compos",54,55
"actuat",53,100
"trajectori",53,96
"feedback",53,82
"segment",53,79
"solid",53,76
"status",53,70
"ground",53,68
"timevari",53,63
"safe",53,59
"assum",53,58
"yet",53,54
"complic",53,53
"easili",53,53
"green",52,90
"trade",52,89
"liquid",52,84
"interconnect",52,76
"greenhous",52,75
"thermodynam",52,71
"dimens",52,67
"week",52,67
"rule",52,63
"hand",52,62
"popul",52,62
"larger",52,61
"exceed",52,60
"flow",52,59
"forward",52,58
"efficaci",52,56
"technic",52,56
"anoth",52,53
"stack",51,101
"drop",51,88
"motor",51,87
"outdoor",51,71
"earli",51,69
"trace",51,65
"exponenti",51,62
"protect",51,59
"recommend",51,55
"restrict",51,54
"motiv",51,52
"wherea",51,52
"bring",51,51
"fact",51,51
"cach",50,252
"combust",50,86
"collabor",50,77
"kernel",50,75
"neighbor",50,65
"raw",50,64
"candid",50,61
"heurist",50,61
"transmit",50,61
"acquir",50,56
"evolut",50,56
"led",50,55
"nation",50,55
"regular",50,55
"imped",49,113
"synchron",49,92
"discharg",49,90
"encod",49,79
"cooper",49,66
"aircondit",49,63
"gridconnect",49,54
"today",49,52
"valuabl",49,50
"reactor",48,112
"runtim",48,88
"svm",48,75
"bayesian",48,70
"bit",48,69
"rotat",48,68
"coverag",48,62
"expens",48,53
"hard",48,53
"lowest",48,53
"done",48,52
"induc",48,52
"distinct",48,51
"easi",48,51
"start",48,50
"vital",48,50
"stress",47,132
"decod",47,110
"oil",47,92
"road",47,80
"radio",47,70
"passiv",47,68
"score",47,55
"express",47,54
"equal",47,53
"penalti",47,53
"lowcost",47,51
"whose",47,50
"under",47,48
"chain",46,58
"invest",46,56
"satisfactori",46,47
"percent",45,76
"explicit",45,53
"accommod",45,51
"outcom",45,50
"constrain",45,48
"dedic",45,48
"longer",45,47
"perceptron",45,47
"quick",45,47
"conclud",45,45
"wave",44,105
"oxygen",44,89
"invert",44,72
"bias",44,70
"energysav",44,69
"wavelet",44,69
"big",44,65
"confid",44,61
"offlin",44,57
"dual",44,54
"insid",44,54
"summer",44,52
"fossil",44,51
"carlo",44,48
"mont",44,48
"care",44,45
"laboratori",44,44
"oscil",43,75
"diffus",43,71
"packet",43,71
"treatment",43,69
"atmospher",43,68
"island",43,65
"boundari",43,53
"steadyst",43,53
"back",43,49
"instabl",43,49
"costeffect",43,48
"sequenti",43,48
"attain",43,46
"paradigm",43,46
"act",43,45
"expand",43,45
"decad",43,43
"exclus",43,43
"sciencebusi",43,43
"suffer",43,43
"thick",42,73
"arima",42,72
"gru",42,67
"visual",42,65
"vertic",42,55
"augment",42,54
"fraction",42,54
"categori",42,52
"generic",42,48
"classic",42,47
"allevi",42,46
"cfd",41,83
"cpu",41,72
"revers",41,59
"class",41,58
"parametr",41,53
"geograph",41,50
"isol",41,47
"horizont",41,46
"except",41,44
"impos",41,44
"owe",41,43
"gmbh",41,42
"conclus",41,41
"huge",41,41
"silicon",40,78
"svr",40,76
"strength",40,62
"cold",40,61
"travel",40,61
"xgboost",40,60
"geometri",40,52
"doubl",40,50
"secondari",40,49
"weak",40,46
"redund",40,45
"australia",40,42
"far",40,42
"kind",40,42
"suit",40,42
"unlik",40,40
"refriger",39,76
"bodi",39,59
"mixtur",39,59
"format",39,58
"setpoint",39,58
"recognit",39,53
"pollut",39,50
"complementari",39,48
"lightweight",39,47
"width",39,46
"progress",39,45
"unknown",39,45
"andor",39,41
"rather",39,41
"attempt",39,40
"choic",39,40
"enough",39,40
"ultim",39,40
"vibrat",38,67
"privaci",38,64
"rnn",38,63
"remot",38,52
"top",38,50
"accumul",38,49
"criterion",38,48
"onchip",38,48
"persist",38,48
"respond",38,46
"entropi",38,44
"preserv",38,44
"largest",38,42
"synthes",38,41
"idea",38,40
"might",38,40
"occupi",38,40
"press",38,40
"despit",38,39
"insuffici",38,39
"littl",38,39
"primarili",38,39
"unifi",38,39
"fail",38,38
"electrod",37,77
"sky",37,75
"multiscal",37,67
"inject",37,64
"read",37,63
"quantil",37,62
"multistep",37,58
"arriv",37,56
"absorb",37,54
"commit",37,53
"assign",37,50
"intrins",37,44
"testb",37,41
"upper",37,41
"chosen",37,40
"permit",37,40
"explain",37,39
"widespread",37,37
"spectrum",36,63
"depth",36,57
"proactiv",36,51
"mse",36,49
"optimis",36,47
"resid",36,47
"onsit",36,45
"kmean",36,42
"option",36,42
"proven",36,41
"integ",36,40
"modelbas",36,39
"unpredict",36,39
"mixedinteg",36,37
"fed",36,36
"compressor",35,104
"anomali",35,92
"pipelin",35,72
"soc",35,68
"spectral",35,67
"leakag",35,64
"clock",35,61
"termin",35,60
"height",35,59
"subsystem",35,59
"curtail",35,57
"contact",35,56
"revenu",35,54
"violat",35,49
"plugin",35,48
"domest",35,46
"supervis",35,45
"compact",35,44
"communiti",35,42
"dissip",35,42
"varianc",35,42
"expans",35,41
"highperform",35,40
"preliminari",35,40
"appear",35,39
"now",35,37
"suppress",35,37
"worldwid",35,36
"adequ",35,35
"serious",35,35
"migrat",34,85
"video",34,77
"magnet",34,69
"absorpt",34,65
"electrolyt",34,63
"imbal",34,52
"tank",34,52
"frame",34,48
"inlet",34,47
"semiconductor",34,45
"concurr",34,44
"increment",34,43
"descript",34,42
"survey",34,42
"toler",34,41
"european",34,38
"portabl",34,38
"acquisit",34,37
"radial",34,37
"benefici",34,36
"throughout",34,36
"beyond",34,34
"other",34,34
"cut",33,87
"agent",33,69
"vmd",33,60
"abnorm",33,52
"person",33,52
"dioxid",33,50
"kalman",33,47
"band",33,46
"electrochem",33,45
"instantan",33,41
"pair",33,41
"deliveri",33,39
"compromis",33,36
"iii",33,36
"whether",33,35
"introduct",33,34
"latter",33,34
"dramat",33,33
"put",33,33
"feder",32,77
"pack",32,72
"instruct",32,70
"cascad",32,53
"roll",32,50
"screen",32,49
"prioriti",32,45
"request",32,43
"rough",32,43
"nonstationari",32,42
"rulebas",32,42
"closedloop",32,39
"threedimension",32,39
"model’",32,37
"synthet",32,37
"equilibrium",32,35
"quit",32,35
"thank",32,35
"alreadi",32,33
"favor",32,32
"hold",32,32
"manual",32,32
"specifi",32,32
"dri",31,84
"branch",31,76
"reservoir",31,75
"film",31,62
"qos",31,60
"grey",31,59
"torqu",31,56
"wsns",31,55
"diamet",31,52
"formula",31,51
"age",31,50
"split",31,50
"interfer",31,46
"display",31,41
"refin",31,40
"capit",31,39
"standalon",31,39
"south",31,38
"steadi",31,38
"prepar",31,37
"mismatch",31,36
"occurr",31,36
"newli",31,34
"get",31,33
"quantiti",31,33
"constitut",31,32
"ignor",31,32
"implic",31,32
"rais",31,32
"unnecessari",31,32
"licenc",31,31
"flux",30,55
"fan",30,52
"diagnosi",30,51
"orient",30,49
"provis",30,48
"partit",30,46
"translat",30,44
"rank",30,41
"footprint",30,38
"warm",30,38
"later",30,37
"quadrat",30,36
"instanc",30,35
"uniform",30,34
"anticip",30,33
"cope",30,33
"govern",30,32
"arrang",30,31
"guidanc",30,31
"herein",30,31
"devis",30,30
"evid",30,30
"portion",30,30
"version",30,30
"wellknown",30,30
"thermoelectr",29,73
"blade",29,67
"mlp",29,53
"quantum",29,50
"incom",29,46
"indirect",29,44
"enterpris",29,40
"layout",29,38
"decentr",29,37
"fair",29,37
"princip",29,36
"recogn",29,35
"zero",29,35
"seven",29,33
"awar",29,31
"extra",29,31
"incur",29,31
"germani",29,29
"notabl",29,29
"remark",29,29
"multimod",28,51
"buffer",28,49
"neuron",28,46
"head",28,44
"lowcarbon",28,43
"binari",28,41
"ultrashortterm",28,41
"million",28,40
"capacitor",28,39
"onoff",28,39
"return",28,39
"convex",28,35
"exogen",28,35
"geometr",28,34
"law",28,33
"programm",28,33
"peopl",28,32
"releas",28,32
"resolv",28,31
"compet",28,30
"foundat",28,30
"recov",28,30
"art",28,29
"date",28,29
"ineffici",28,29
"seek",28,29
"sophist",28,29
"evolv",28,28
"guidelin",28,28
"heavili",28,28
"coal",27,68
"multienergi",27,59
"adversari",27,58
"desalin",27,57
"steam",27,57
"distil",27,48
"intraday",27,46
"inertia",27,37
"amplitud",27,36
"front",27,34
"latent",27,34
"minut",27,34
"adjac",27,33
"capacit",27,33
"expert",27,33
"iop",27,33
"barrier",27,32
"setup",27,32
"synthesi",27,32
"treat",27,32
"thin",27,31
"maker",27,30
"gradual",27,29
"obvious",27,29
"burden",27,28
"busi",27,28
"categor",27,28
"chemistri",27,28
"aid",27,27
"aris",27,27
"background",27,27
"encount",27,27
"extent",27,27
"hinder",27,27
"thorough",27,27
"hydropow",26,79
"chiller",26,72
"offload",26,70
"bid",26,55
"biomass",26,51
"tcn",26,47
"outlier",26,46
"pathway",26,44
"pitch",26,42
"idl",26,41
"outlet",26,40
"multitask",26,39
"auxiliari",26,38
"energyplus",26,37
"transistor",26,37
"histori",26,35
"cross",26,32
"nonparametr",26,32
"social",26,32
"budget",26,31
"multidimension",26,31
"quantif",26,31
"systemlevel",26,31
"fuse",26,30
"spars",26,29
"live",26,28
"viabl",26,28
"winter",26,28
"neglig",26,27
"predefin",26,27
"scientif",26,27
"though",26,27
"acm",26,26
"emphas",26,26
"robot",25,73
"beam",25,69
"collector",25,59
"wastewat",25,55
"sleep",25,53
"twin",25,52
"ghz",25,48
"steel",25,48
"section",25,46
"cellular",25,42
"placement",25,42
"turbul",25,42
"modal",25,40
"slide",25,40
"soft",25,39
"powertrain",25,37
"cnnlstm",25,36
"pure",25,33
"pretrain",25,32
"free",25,30
"nonintrus",25,29
"rich",25,29
"slight",25,29
"surround",25,29
"modif",25,27
"perfect",25,27
"topic",25,27
"broad",25,26
"choos",25,25
"decid",25,25
"matlab",25,25
"most",25,25
"nevertheless",25,25
"nowaday",25,25
"seen",25,25
"ten",25,25
"attack",24,61
"tower",24,61
"shade",24,60
"condens",24,58
"camera",24,47
"airflow",24,40
"amplifi",24,40
"interpol",24,37
"subset",24,36
"bill",24,34
"invers",24,34
"reson",24,34
"dispers",24,33
"selfattent",24,33
"instrument",24,29
"mhz",24,29
"cumul",24,28
"offset",24,28
"half",24,27
"highqual",24,26
"agre",24,24
"encourag",24,24
"figur",24,24
"former",24,24
"necessit",24,24
"promin",24,24
"tremend",24,24
"wall",23,51
"hydraul",23,48
"disaggreg",23,43
"electrolysi",23,42
"analog",23,40
"rotor",23,40
"cloudi",23,39
"multicor",23,39
"damag",23,38
"packag",23,37
"exhaust",23,36
"resili",23,35
"bilstm",23,34
"shave",23,34
"plate",23,33
"campus",23,31
"financi",23,31
"kwh",23,31
"vision",23,31
"slow",23,30
"spin",23,30
"minimis",23,29
"pass",23,29
"trigger",23,29
"bank",23,28
"pso",23,28
"smallscal",23,28
"heavi",23,27
"true",23,27
"fall",23,26
"recurs",23,26
"abund",23,25
"fulfil",23,25
"inaccur",23,25
"inclus",23,25
"prolong",23,25
"twodimension",23,25
"backpropag",23,24
"eight",23,24
"intend",23,24
"usa",23,24
"impli",23,23
"necess",23,23
"unstabl",23,23
"wear",22,64
"adsorpt",22,50
"stlf",22,49
"furnac",22,46
"puls",22,45
"trip",22,45
"thermostat",22,42
"elm",22,41
"reconfigur",22,37
"feeder",22,35
"substrat",22,32
"satur",22,31
"rooftop",22,30
"graphic",22,28
"messag",22,28
"shortag",22,28
"sink",22,28
"biolog",22,27
"conflict",22,27
"purchas",22,27
"owner",22,26
"sort",22,26
"dens",22,25
"gather",22,25
"rare",22,25
"unman",22,25
"heater",22,24
"onedimension",22,24
"stationari",22,24
"sum",22,24
"counterpart",22,23
"mutual",22,23
"pearson",22,23
"taylor",22,23
"ablat",22,22
"bridg",22,22
"fewer",22,22
"inspir",22,22
"lot",22,22
"suboptim",22,22
"tend",22,22
"piezoelectr",21,53
"ramp",21,48
"salt",21,46
"bed",21,45
"implant",21,41
"carrier",21,39
"ion",21,37
"damp",21,35
"car",21,33
"elast",21,31
"electromagnet",21,31
"incid",21,31
"retrofit",21,31
"host",21,30
"transpar",21,30
"vapor",21,30
"bulk",21,29
"check",21,29
"elev",21,28
"lag",21,28
"provinc",21,28
"vulner",21,28
"autoencod",21,26
"endtoend",21,26
"highdimension",21,26
"micro",21,26
"onboard",21,26
"reject",21,26
"fourier",21,25
"highfrequ",21,25
"asm",21,24
"automot",21,24
"backup",21,24
"crossvalid",21,24
"evolutionari",21,24
"feedforward",21,24
"gase",21,24
"regim",21,24
"spread",21,24
"compat",21,23
"drawback",21,23
"licens",21,23
"question",21,23
"reproduc",21,23
"shortcom",21,23
"york",21,23
"exact",21,22
"expos",21,22
"lie",21,22
"possess",21,22
"retain",21,22
"brought",21,21
"complement",21,21
"distinguish",21,21
"underwat",20,48
"park",20,44
"nwp",20,43
"game",20,39
"dnn",20,38
"smartphon",20,38
"pid",20,36
"duti",20,35
"marin",20,34
"congest",20,32
"overload",20,32
"factori",20,31
"label",20,31
"count",20,30
"restor",20,29
"evapor",20,28
"privat",20,28
"miner",20,27
"transmitt",20,27
"bottleneck",20,26
"centr",20,26
"district",20,26
"irregular",20,26
"pareto",20,26
"unsupervis",20,26
"causal",20,25
"contract",20,25
"endus",20,25
"narrow",20,25
"ultralow",20,25
"condition",20,24
"outag",20,24
"slot",20,24
"alon",20,23
"command",20,23
"highspe",20,23
"novelti",20,23
"priorit",20,23
"repeat",20,23
"abstract",20,22
"distort",20,22
"ident",20,22
"qualit",20,22
"highfidel",20,21
"intric",20,21
"miniatur",20,21
"neglect",20,21
"prerequisit",20,21
"reallif",20,21
"strateg",20,21
"begin",20,20
"berlin",20,20
"eventu",20,20
"heidelberg",20,20
"highlevel",20,20
"immedi",20,20
"merit",20,20
"solver",20,20
"wake",19,87
"tag",19,62
"defect",19,50
"offshor",19,49
"ess",19,44
"consolid",19,41
"rectifi",19,41
"detector",19,39
"job",19,39
"render",19,35
"wire",19,34
"deadlin",19,33
"chill",19,32
"agricultur",19,31
"conveni",19,29
"longitudin",19,29
"moment",19,29
"sun",19,29
"wsn",19,29
"acid",19,28
"lowfrequ",19,28
"assembl",19,27
"draw",19,27
"insert",19,27
"parameter",19,27
"swing",19,26
"decoupl",19,24
"ration",19,23
"interdepend",19,22
"intermedi",19,22
"korea",19,22
"lithiumion",19,22
"tailor",19,22
"advers",19,21
"discrep",19,21
"merg",19,21
"networkbas",19,21
"port",19,21
"behind",19,20
"hierarchi",19,20
"just",19,20
"sudden",19,20
"contributor",19,19
"eas",19,19
"inner",19,19
"latest",19,19
"royal",19,19
"utilis",19,19
"wider",19,19
"uav",18,74
"antenna",18,48
"satellit",18,46
"insul",18,36
"column",18,34
"spatialtempor",18,34
"wet",18,33
"perturb",18,30
"wheel",18,30
"anod",18,28
"batch",18,28
"bpnn",18,28
"harmon",18,28
"spot",18,26
"stop",18,26
"strain",18,26
"expenditur",18,25
"reus",18,25
"granular",18,24
"nsgaii",18,24
"skill",18,24
"incent",18,23
"nrmse",18,23
"demandsid",18,22
"dimension",18,22
"hightemperatur",18,22
"multilevel",18,22
"phenomena",18,21
"predictionbas",18,21
"tap",18,21
"univari",18,21
"absenc",18,20
"align",18,20
"discov",18,20
"flat",18,20
"inde",18,20
"shorten",18,20
"stand",18,20
"summar",18,20
"thousand",18,20
"fill",18,19
"induct",18,19
"modular",18,19
"nondomin",18,19
"predomin",18,19
"prospect",18,19
"timeofus",18,19
"vote",18,19
"aforement",18,18
"behalf",18,18
"disadvantag",18,18
"drawn",18,18
"emphasi",18,18
"franci",18,18
"inevit",18,18
"met",18,18
"outlin",18,18
"pivot",18,18
"strict",18,18
"tight",18,18
"mill",17,41
"tilt",17,41
"spike",17,40
"photon",17,35
"catalyst",17,34
"illumin",17,34
"navig",17,34
"mac",17,31
"neutral",17,31
"phone",17,31
"shear",17,31
"recycl",17,28
"discomfort",17,27
"propuls",17,27
"spring",17,26
"compound",17,25
"counter",17,25
"floor",17,25
"fresh",17,25
"methan",17,25
"multisourc",17,25
"acoust",17,24
"aerial",17,24
"box",17,24
"healthcar",17,24
"polym",17,24
"relax",17,24
"excit",17,23
"fals",17,23
"infrar",17,23
"machinelearn",17,23
"speci",17,23
"cruis",17,22
"board",17,21
"entiti",17,21
"sea",17,21
"finegrain",17,20
"hydrodynam",17,20
"multiag",17,20
"porous",17,20
"span",17,20
"arbitrari",17,19
"inputoutput",17,19
"worstcas",17,19
"assur",17,18
"conjunct",17,18
"deplet",17,18
"explos",17,18
"look",17,18
"phenomenon",17,18
"seamless",17,18
"singapor",17,18
"stronger",17,18
"symmetr",17,18
"costeffici",17,17
"creativ",17,17
"deregul",17,17
"enorm",17,17
"fashion",17,17
"finetun",17,17
"note",17,17
"premis",17,17
"rootmeansquar",17,17
"scope",17,17
"urgent",17,17
"ship",16,72
"drl",16,63
"friction",16,41
"regener",16,36
"valv",16,35
"flight",16,34
"queue",16,33
"pmv",16,32
"surrog",16,32
"drift",16,31
"nuclear",16,30
"ocean",16,30
"wearabl",16,30
"multistag",16,28
"obstacl",16,28
"router",16,28
"convect",16,27
"axial",16,26
"vacuum",16,26
"diesel",16,25
"regist",16,25
"intersect",16,24
"send",16,24
"energet",16,23
"proton",16,23
"fold",16,22
"diseas",16,21
"japan",16,21
"multizon",16,21
"osmosi",16,21
"percept",16,21
"synergist",16,21
"variant",16,21
"volumetr",16,21
"bottom",16,20
"energyawar",16,20
"patient",16,20
"pilot",16,20
"polynomi",16,20
"startup",16,20
"stock",16,20
"tariff",16,20
"fullscal",16,19
"librari",16,19
"machineri",16,19
"revis",16,19
"tabl",16,19
"versus",16,19
"california",16,18
"deterior",16,18
"har",16,18
"nonuniform",16,18
"outsid",16,18
"overfit",16,18
"sole",16,18
"characteris",16,17
"consecut",16,17
"mention",16,17
"momentum",16,17
"north",16,17
"secondord",16,17
"trial",16,17
"accomplish",16,16
"belong",16,16
"greatest",16,16
"highresolut",16,16
"iet",16,16
"indispens",16,16
"preval",16,16
"simpler",16,16
"spain",16,16
"tri",16,16
"unexpect",16,16
"unfortun",16,16
"unpreced",16,16
"disk",15,48
"cement",15,46
"coat",15,40
"nilm",15,39
"cathod",15,34
"electrolyz",15,34
"perovskit",15,34
"rotari",15,34
"diod",15,31
"reform",15,30
"fleet",15,29
"boiler",15,28
"iron",15,26
"scan",15,26
"visibl",15,25
"bar",15,24
"discrimin",15,24
"food",15,24
"inflow",15,24
"microprocessor",15,24
"client",15,23
"stateofcharg",15,23
"transact",15,23
"hydro",15,22
"encoderdecod",15,21
"aspen",15,20
"chamber",15,20
"chanc",15,20
"durabl",15,20
"planar",15,20
"administr",15,19
"anomal",15,19
"ashra",15,19
"downstream",15,19
"energyintens",15,19
"explan",15,19
"nomin",15,19
"plane",15,19
"alter",15,18
"asynchron",15,18
"scatter",15,18
"backward",15,17
"influenti",15,17
"languag",15,17
"multihead",15,17
"nonstationar",15,17
"ordinari",15,17
"australian",15,16
"fidel",15,16
"highprecis",15,16
"policymak",15,16
"sharp",15,16
"supplement",15,16
"twostep",15,16
"drastic",15,15
"knearest",15,15
"planner",15,15
"pursu",15,15
"shorter",15,15
"strengthen",15,15
"ice",14,62
"bess",14,54
"soil",14,43
"dvfs",14,40
"mgs",14,38
"pipe",14,35
"die",14,34
"chp",14,32
"imput",14,32
"flash",14,29
"passeng",14,29
"anfi",14,26
"hub",14,26
"recombin",14,26
"threephas",14,26
"blend",14,25
"diagnost",14,25
"tube",14,25
"displac",14,23
"fpga",14,23
"arma",14,22
"mission",14,22
"belief",14,21
"compil",14,21
"qlearn",14,21
"angular",14,20
"cnns",14,20
"milp",14,20
"multi",14,20
"radius",14,20
"denois",14,19
"discoveri",14,19
"pool",14,19
"ancillari",14,18
"asymmetr",14,18
"log",14,18
"orthogon",14,18
"pixel",14,18
"attenu",14,17
"bilevel",14,17
"black",14,17
"buse",14,17
"definit",14,17
"diagram",14,17
"earlier",14,17
"mpcbase",14,17
"surplus",14,17
"creation",14,16
"highpow",14,16
"multipli",14,16
"overlap",14,16
"plot",14,16
"slope",14,16
"calendar",14,15
"cyclic",14,15
"famili",14,15
"never",14,15
"nextgener",14,15
"onto",14,15
"simpli",14,15
"surpass",14,15
"taiwan",14,15
"twolay",14,15
"ubiquit",14,15
"closer",14,14
"imper",14,14
"intuit",14,14
"know",14,14
"likelihood",14,14
"prolifer",14,14
"regardless",14,14
"selforgan",14,14
"shapley",14,14
"wileyvch",14,14
"mec",13,45
"write",13,44
"deposit",13,39
"gasif",13,36
"solvent",13,35
"fiber",13,33
"wakeup",13,29
"res",13,28
"drag",13,27
"daylight",13,26
"gps",13,25
"affin",13,24
"color",13,24
"arm",13,23
"copula",13,23
"supplier",13,23
"synga",13,23
"aqueous",13,22
"shed",13,22
"aerodynam",13,21
"chaotic",13,21
"coolant",13,21
"hit",13,21
"inerti",13,21
"occupants’",13,21
"alarm",13,20
"dcdc",13,20
"molecular",13,20
"row",13,20
"copper",13,19
"gpu",13,19
"ssa",13,19
"supervisori",13,19
"disrupt",13,18
"lowvoltag",13,18
"mediumterm",13,18
"pca",13,18
"satisfact",13,18
"coars",13,17
"dielectr",13,16
"dilat",13,16
"extrapol",13,16
"grade",13,16
"hypothesi",13,16
"logist",13,16
"manipul",13,16
"maximis",13,16
"reward",13,16
"selfadapt",13,16
"suspend",13,16
"warp",13,16
"autocorrel",13,15
"electromechan",13,15
"middl",13,15
"recal",13,15
"apart",13,14
"bench",13,14
"envelop",13,14
"fine",13,14
"french",13,14
"hazard",13,14
"matter",13,14
"medic",13,14
"minor",13,14
"modest",13,14
"rigor",13,14
"singular",13,14
"sunni",13,14
"terrestri",13,14
"timedepend",13,14
"add",13,13
"brief",13,13
"compli",13,13
"credit",13,13
"diverg",13,13
"encompass",13,13
"googl",13,13
"implicit",13,13
"inaccuraci",13,13
"indepth",13,13
"lab",13,13
"matlabsimulink",13,13
"mount",13,13
"overview",13,13
"perman",13,13
"resourceconstrain",13,13
"solidst",13,13
"spanish",13,13
"timeconsum",13,13
"vast",13,13
"worst",13,13
"impel",12,54
"stimul",12,34
"moistur",12,31
"trust",12,31
"quantiz",12,28
"vessel",12,28
"prosum",12,27
"laser",12,26
"vms",12,25
"bandgap",12,24
"glass",12,24
"warn",12,23
"relay",12,21
"aluminum",12,19
"malici",12,19
"speedup",12,19
"waveform",12,19
"anneal",12,18
"elman",12,18
"emd",12,18
"ionic",12,18
"salin",12,18
"wavelength",12,18
"cognit",12,17
"effluent",12,17
"fscore",12,17
"transformerbas",12,17
"bigru",12,16
"junction",12,16
"portfolio",12,16
"routin",12,16
"scene",12,16
"sparrow",12,16
"threestag",12,16
"aggress",12,15
"anxieti",12,15
"crystal",12,15
"inspect",12,15
"mic",12,15
"stringent",12,15
"twophas",12,15
"unbalanc",12,15
"uncontrol",12,15
"wait",12,15
"wale",12,15
"educ",12,14
"enforc",12,14
"era",12,14
"korean",12,14
"multiplex",12,14
"serial",12,14
"sign",12,14
"technoeconom",12,14
"threat",12,14
"vehicular",12,14
"divis",12,13
"emit",12,13
"generaliz",12,13
"homogen",12,13
"multioutput",12,13
"retriev",12,13
"shutdown",12,13
"spectroscopi",12,13
"substat",12,13
"trnsys",12,13
"wherein",12,13
"academ",12,12
"afterward",12,12
"depart",12,12
"everincreas",12,12
"greedi",12,12
"hundr",12,12
"intract",12,12
"justifi",12,12
"leader",12,12
"london",12,12
"mainstream",12,12
"meaning",12,12
"mere",12,12
"neither",12,12
"notic",12,12
"oppos",12,12
"paramount",12,12
"pave",12,12
"relianc",12,12
"smallest",12,12
"straightforward",12,12
"ton",12,12
"undergo",12,12
"upcom",12,12
"viabil",12,12
"weaken",12,12
"concret",11,35
"lssvm",11,32
"steer",11,32
"brake",11,29
"caviti",11,29
"ammonia",11,28
"holiday",11,26
"multimedia",11,26
"sla",11,25
"deform",11,24
"mem",11,24
"entri",11,23
"ghg",11,23
"gan",11,22
"ppm",11,22
"bottomup",11,21
"faulti",11,21
"fli",11,21
"asic",11,20
"bim",11,20
"coil",11,20
"catalyt",11,19
"lump",11,19
"snr",11,19
"subproblem",11,19
"web",11,19
"covari",11,18
"recharg",11,18
"smallsign",11,18
"collis",11,17
"instant",11,17
"rbf",11,17
"tunabl",11,17
"wolf",11,17
"coloni",11,16
"flue",11,16
"mechanist",11,16
"semant",11,16
"throttl",11,16
"truck",11,16
"feedstock",11,15
"finish",11,15
"gcn",11,15
"intrahour",11,15
"neighborhood",11,15
"northern",11,15
"piecewis",11,15
"polar",11,15
"probe",11,15
"dispar",11,14
"ireland",11,14
"knn",11,14
"lookahead",11,14
"microscop",11,14
"puriti",11,14
"backbon",11,13
"bond",11,13
"destin",11,13
"enter",11,13
"intent",11,13
"januari",11,13
"mimo",11,13
"moder",11,13
"morpholog",11,13
"noisi",11,13
"realis",11,13
"recept",11,13
"tendenc",11,13
"timescal",11,13
"xray",11,13
"answer",11,12
"axi",11,12
"becam",11,12
"chargedischarg",11,12
"contamin",11,12
"dispos",11,12
"hole",11,12
"inequ",11,12
"interrupt",11,12
"list",11,12
"proxim",11,12
"quarter",11,12
"replic",11,12
"rigid",11,12
"river",11,12
"simplic",11,12
"texa",11,12
"twolevel",11,12
"unabl",11,12
"whale",11,12
"accompani",11,11
"appar",11,11
"believ",11,11
"circumst",11,11
"conceptu",11,11
"enrich",11,11
"freedom",11,11
"gross",11,11
"higheffici",11,11
"journal",11,11
"kept",11,11
"mid",11,11
"mimic",11,11
"none",11,11
"offgrid",11,11
"offtheshelf",11,11
"overlook",11,11
"reproduct",11,11
"scarc",11,11
"sell",11,11
"situ",11,11
"struggl",11,11
"system’",11,11
"tsinghua",11,11
"twice",11,11
"unrestrict",11,11
"dust",10,47
"fin",10,42
"tandem",10,40
"adsorb",10,35
"adc",10,31
"pcm",10,30
"der",10,29
"bear",10,28
"nanoparticl",10,25
"bioreactor",10,24
"encrypt",10,24
"bss",10,23
"exergi",10,23
"tidal",10,23
"blockchain",10,22
"seqseq",10,22
"skin",10,22
"terrain",10,22
"tire",10,22
"alloy",10,21
"grind",10,21
"droop",10,20
"gear",10,19
"lightgbm",10,19
"cap",10,18
"inclin",10,18
"neuromorph",10,18
"queu",10,18
"contextu",10,17
"datacent",10,17
"ddpg",10,17
"land",10,17
"submodel",10,17
"tunnel",10,17
"emul",10,16
"energyconsumpt",10,16
"sensibl",10,16
"subthreshold",10,16
"supercapacitor",10,16
"brain",10,15
"ceemdan",10,15
"decay",10,15
"emitt",10,15
"gpus",10,15
"india",10,15
"reynold",10,15
"scada",10,15
"spectra",10,15
"ceram",10,14
"cloudbas",10,14
"dissolv",10,14
"multihop",10,14
"sheet",10,14
"circular",10,13
"float",10,13
"inconsist",10,13
"iso",10,13
"lstmbase",10,13
"mask",10,13
"metaheurist",10,13
"polycrystallin",10,13
"transceiv",10,13
"unseen",10,13
"agentbas",10,12
"denmark",10,12
"diurnal",10,12
"fatigu",10,12
"hop",10,12
"lookup",10,12
"night",10,12
"optimizationbas",10,12
"parasit",10,12
"physiolog",10,12
"postprocess",10,12
"powergener",10,12
"precipit",10,12
"rear",10,12
"wastag",10,12
"attentionbas",10,11
"chargingdischarg",10,11
"cone",10,11
"conform",10,11
"declin",10,11
"deeper",10,11
"departur",10,11
"energyrel",10,11
"envis",10,11
"franc",10,11
"habit",10,11
"left",10,11
"mark",10,11
"nine",10,11
"priori",10,11
"privacypreserv",10,11
"react",10,11
"reced",10,11
"rest",10,11
"shop",10,11
"aerospac",10,10
"away",10,10
"changer",10,10
"constitu",10,10
"deepli",10,10
"drain",10,10
"elabor",10,10
"energyconsum",10,10
"ever",10,10
"iir",10,10
"immens",10,10
"itali",10,10
"judg",10,10
"lose",10,10
"matur",10,10
"oneyear",10,10
"ongo",10,10
"physicsbas",10,10
"proof",10,10
"readili",10,10
"recircul",10,10
"rsquar",10,10
"seem",10,10
"sent",10,10
"shortest",10,10
"signaltonois",10,10
"slower",10,10
"socal",10,10
"unavail",10,10
"pvt",9,37
"noc",9,29
"mold",9,28
"nmpc",9,27
"ethanol",9,26
"molten",9,26
"ecg",9,25
"thread",9,25
"permeabl",9,24
"wafer",9,24
"wpp",9,24
"brine",9,23
"yaw",9,23
"gateway",9,21
"suspens",9,21
"hem",9,20
"plasma",9,20
"underground",9,20
"dgs",9,19
"façad",9,19
"dehumidif",9,18
"flowrat",9,18
"hotspot",9,18
"prophet",9,18
"annbas",9,17
"dwell",9,17
"landscap",9,17
"surg",9,17
"intervent",9,16
"pvs",9,16
"broadcast",9,15
"coalfir",9,15
"deeplearn",9,15
"esss",9,15
"gdp",9,15
"mlr",9,15
"roof",9,15
"stiff",9,15
"aircool",9,14
"ant",9,14
"cvrmse",9,14
"melt",9,14
"onshor",9,14
"sale",9,14
"sarima",9,14
"thinfilm",9,14
"ambigu",9,13
"circuitri",9,13
"conting",9,13
"forese",9,13
"multithread",9,13
"nitrogen",9,13
"queri",9,13
"ress",9,13
"substitut",9,13
"cosin",9,12
"geotherm",9,12
"halfhour",9,12
"neurofuzzi",9,12
"nonconvex",9,12
"prime",9,12
"ring",9,12
"roadmap",9,12
"upstream",9,12
"valley",9,12
"windpow",9,12
"accid",9,11
"applicationspecif",9,11
"attach",9,11
"breakdown",9,11
"canada",9,11
"commiss",9,11
"copi",9,11
"deflect",9,11
"detriment",9,11
"hysteresi",9,11
"normalis",9,11
"ride",9,11
"ridg",9,11
"surveil",9,11
"uncov",9,11
"whilst",9,11
"afford",9,10
"analogtodigit",9,10
"arithmet",9,10
"cmean",9,10
"combat",9,10
"confin",9,10
"discontinu",9,10
"export",9,10
"fire",9,10
"firefli",9,10
"groundbas",9,10
"incomplet",9,10
"microbi",9,10
"modelfre",9,10
"naïv",9,10
"onestep",9,10
"outer",9,10
"paretooptim",9,10
"realiti",9,10
"sacrif",9,10
"showcas",9,10
"singlestep",9,10
"unreli",9,10
"upgrad",9,10
"advent",9,9
"allelectr",9,9
"behav",9,9
"broader",9,9
"cater",9,9
"confront",9,9
"contrari",9,9
"crisi",9,9
"easier",9,9
"entail",9,9
"exert",9,9
"firstord",9,9
"goe",9,9
"hardwareintheloop",9,9
"harm",9,9
"held",9,9
"hong",9,9
"kong",9,9
"letter",9,9
"microelectromechan",9,9
"opensourc",9,9
"own",9,9
"pay",9,9
"pictur",9,9
"plus",9,9
"powereffici",9,9
"practition",9,9
"proofofconcept",9,9
"sunlight",9,9
"text",9,9
"thereaft",9,9
"underscor",9,9
"versatil",9,9
"weekday",9,9
"dvs",8,34
"vpp",8,29
"fragment",8,27
"sram",8,26
"dcs",8,22
"iaq",8,22
"mppt",8,22
"redox",8,22
"wifi",8,22
"imf",8,20
"page",8,20
"pem",8,20
"cloth",8,19
"cop",8,19
"chlorid",8,18
"fft",8,18
"file",8,18
"patch",8,18
"pis",8,18
"rural",8,18
"wrf",8,18
"filtrat",8,17
"hpc",8,16
"plastic",8,16
"ber",8,15
"cpls",8,15
"exposur",8,15
"hydrocarbon",8,15
"influent",8,15
"manycor",8,15
"microarchitectur",8,15
"atom",8,14
"csp",8,14
"eye",8,14
"lossless",8,14
"precool",8,14
"sensori",8,14
"ami",8,13
"anim",8,13
"codesign",8,13
"consensus",8,13
"echo",8,13
"gasifi",8,13
"inert",8,13
"memristor",8,13
"propel",8,13
"readout",8,13
"alkalin",8,12
"dimensionless",8,12
"doe",8,12
"earth",8,12
"endur",8,12
"fps",8,12
"interior",8,12
"metropolitan",8,12
"multipath",8,12
"retail",8,12
"shap",8,12
"singlephas",8,12
"supplydemand",8,12
"workplac",8,12
"alert",8,11
"anchor",8,11
"billion",8,11
"cyberphys",8,11
"dope",8,11
"frontier",8,11
"hourahead",8,11
"lasso",8,11
"mdp",8,11
"onload",8,11
"opencircuit",8,11
"optoelectron",8,11
"postcombust",8,11
"rsm",8,11
"spiral",8,11
"traction",8,11
"users’",8,11
"asset",8,10
"berkeley",8,10
"bypass",8,10
"coincid",8,10
"crystallin",8,10
"daytim",8,10
"defici",8,10
"downlink",8,10
"england",8,10
"fcm",8,10
"kwhm",8,10
"matric",8,10
"microscopi",8,10
"ondemand",8,10
"polymer",8,10
"powerawar",8,10
"preheat",8,10
"selfpow",8,10
"skip",8,10
"stateofart",8,10
"stir",8,10
"tropic",8,10
"truth",8,10
"voltagefrequ",8,10
"algorithmbas",8,9
"burn",8,9
"circul",8,9
"circumv",8,9
"clarifi",8,9
"clinic",8,9
"contemporari",8,9
"crosssect",8,9
"eddi",8,9
"exclud",8,9
"forthcom",8,9
"generalpurpos",8,9
"highaccuraci",8,9
"highenergi",8,9
"holist",8,9
"inabl",8,9
"jeopard",8,9
"lost",8,9
"median",8,9
"microscal",8,9
"petroleum",8,9
"print",8,9
"retent",8,9
"see",8,9
"socioeconom",8,9
"stakehold",8,9
"style",8,9
"subspac",8,9
"thermochem",8,9
"tip",8,9
"underestim",8,9
"underutil",8,9
"union",8,9
"usabl",8,9
"algebra",8,8
"appeal",8,8
"bay",8,8
"breakthrough",8,8
"byproduct",8,8
"civil",8,8
"cours",8,8
"descent",8,8
"dissatisfi",8,8
"dynamomet",8,8
"econometr",8,8
"electrif",8,8
"electrocardiogram",8,8
"exit",8,8
"fastest",8,8
"gradientbas",8,8
"imposs",8,8
"inadequ",8,8
"incorrect",8,8
"inexpens",8,8
"internetofth",8,8
"item",8,8
"kgaa",8,8
"lay",8,8
"lyapunov",8,8
"metabol",8,8
"mpa",8,8
"nvidia",8,8
"otherwis",8,8
"perceiv",8,8
"prohibit",8,8
"prompt",8,8
"pursuit",8,8
"python",8,8
"reformul",8,8
"sequencetosequ",8,8
"shallow",8,8
"shrinkag",8,8
"simulationbas",8,8
"spite",8,8
"superimpos",8,8
"suppos",8,8
"suscept",8,8
"ternari",8,8
"tsmc",8,8
"understood",8,8
"uptak",8,8
"var",8,8
"verlag",8,8
"weinheim",8,8
"whenev",8,8
"wors",8,8
"zhejiang",8,8
"fractur",7,34
"droplet",7,31
"bifaci",7,30
"tcam",7,25
"beacon",7,22
"teg",7,22
"cylind",7,21
"sofc",7,21
"theft",7,21
"drill",7,20
"pce",7,20
"auction",7,19
"csi",7,19
"ecm",7,19
"ghi",7,19
"sodium",7,19
"damper",7,18
"freez",7,18
"gearbox",7,17
"attitud",7,16
"grain",7,16
"pcc",7,16
"walk",7,16
"aircraft",7,15
"crude",7,15
"dbn",7,15
"lithium",7,15
"microwav",7,15
"phev",7,15
"sdn",7,15
"standbi",7,15
"supercomput",7,15
"waveguid",7,15
"crack",7,14
"crop",7,14
"encapsul",7,14
"insol",7,14
"jitter",7,14
"prune",7,14
"uplink",7,14
"desorpt",7,13
"dnns",7,13
"dryer",7,13
"ethylen",7,13
"isotherm",7,13
"mispredict",7,13
"mmwave",7,13
"molecul",7,13
"nanoscal",7,13
"permeat",7,13
"session",7,13
"setback",7,13
"sound",7,13
"subseri",7,13
"cpl",7,12
"gray",7,12
"hall",7,12
"kinemat",7,12
"multichannel",7,12
"nox",7,12
"onset",7,12
"resampl",7,12
"resistor",7,12
"sail",7,12
"selfconsumpt",7,12
"timedomain",7,12
"vlsi",7,12
"ahu",7,11
"bioinspir",7,11
"breakag",7,11
"dbm",7,11
"electrifi",7,11
"gaa",7,11
"len",7,11
"nonvolatil",7,11
"pcb",7,11
"pjm",7,11
"sparsiti",7,11
"viscos",7,11
"acdc",7,10
"boom",7,10
"ceil",7,10
"cooler",7,10
"dtw",7,10
"enthalpi",7,10
"gwo",7,10
"mbe",7,10
"multisit",7,10
"multist",7,10
"preferenti",7,10
"sensorbas",7,10
"spectromet",7,10
"spindl",7,10
"straight",7,10
"tension",7,10
"textur",7,10
"unbal",7,10
"written",7,10
"app",7,9
"auto",7,9
"buildingintegr",7,9
"centrifug",7,9
"clusteringbas",7,9
"coexist",7,9
"compart",7,9
"east",7,9
"extractor",7,9
"grasp",7,9
"heart",7,9
"highway",7,9
"immun",7,9
"inact",7,9
"insitu",7,9
"irrevers",7,9
"lifespan",7,9
"member",7,9
"mgl",7,9
"modelpredict",7,9
"mutat",7,9
"ppd",7,9
"regen",7,9
"round",7,9
"selfsustain",7,9
"singlestag",7,9
"spline",7,9
"tie",7,9
"uneven",7,9
"western",7,9
"actorcrit",7,8
"batterypow",7,8
"boltzmann",7,8
"closedform",7,8
"cooptim",7,8
"deceler",7,8
"deioniz",7,8
"depict",7,8
"ecofriend",7,8
"elucid",7,8
"explanatori",7,8
"fade",7,8
"februari",7,8
"fertil",7,8
"fluent",7,8
"glaze",7,8
"healthi",7,8
"intensifi",7,8
"lowresolut",7,8
"maritim",7,8
"multiinput",7,8
"multiphas",7,8
"multiprocessor",7,8
"nest",7,8
"particul",7,8
"penal",7,8
"plug",7,8
"poros",7,8
"pricebas",7,8
"proportionalintegralderiv",7,8
"reciproc",7,8
"replay",7,8
"revolut",7,8
"rippl",7,8
"scarciti",7,8
"sensat",7,8
"shadow",7,8
"shanghai",7,8
"statespac",7,8
"subtract",7,8
"unchang",7,8
"upward",7,8
"voltagecontrol",7,8
"wasserstein",7,8
"xilinx",7,8
"advoc",7,7
"agil",7,7
"algorithmii",7,7
"amen",7,7
"asymptot",7,7
"avenu",7,7
"belgium",7,7
"broaden",7,7
"buy",7,7
"campaign",7,7
"cast",7,7
"centuri",7,7
"commod",7,7
"complianc",7,7
"conduc",7,7
"contradict",7,7
"corpor",7,7
"cubic",7,7
"curb",7,7
"cylindr",7,7
"deem",7,7
"diffract",7,7
"diminish",7,7
"disast",7,7
"discretetim",7,7
"empow",7,7
"escal",7,7
"exacerb",7,7
"firstprincipl",7,7
"grown",7,7
"imperfect",7,7
"interfaci",7,7
"longrang",7,7
"lowcomplex",7,7
"militari",7,7
"nearbi",7,7
"nondispatch",7,7
"nontrivi",7,7
"paid",7,7
"pervas",7,7
"profound",7,7
"prone",7,7
"provinci",7,7
"qualityofservic",7,7
"rankin",7,7
"regressor",7,7
"sandwich",7,7
"satisfactorili",7,7
"simplif",7,7
"southern",7,7
"thought",7,7
"twofold",7,7
"ultrathin",7,7
"uptod",7,7
"vanish",7,7
"virtu",7,7
"wellestablish",7,7
"wholesal",7,7
"word",7,7
"worth",7,7
"yang",7,7
"zhang",7,7
"sinter",6,28
"strip",6,26
"slice",6,24
"slurri",6,23
"clamp",6,22
"excav",6,21
"workpiec",6,21
"pms",6,19
"polysilicon",6,19
"airport",6,18
"fetch",6,18
"jump",6,18
"opf",6,18
"ore",6,18
"scratchpad",6,18
"wec",6,18
"ash",6,17
"cod",6,17
"hess",6,17
"aerat",6,16
"fog",6,16
"rod",6,16
"cyber",6,15
"dmpc",6,15
"hev",6,15
"les",6,15
"preced",6,15
"coher",6,14
"dclink",6,14
"grnn",6,14
"heavyduti",6,14
"inplan",6,14
"methanol",6,14
"mosfet",6,14
"orbit",6,14
"osmot",6,14
"powder",6,14
"annot",6,13
"lock",6,13
"bipv",6,12
"bluetooth",6,12
"cabin",6,12
"lcoe",6,12
"mtl",6,12
"scaveng",6,12
"shield",6,12
"tail",6,12
" °c",6,11
"baffl",6,11
"corner",6,11
"frontend",6,11
"gnn",6,11
"gpr",6,11
"iiot",6,11
"lagrangian",6,11
"lift",6,11
"liion",6,11
"photocurr",6,11
"templat",6,11
"wash",6,11
"biofuel",6,10
"combustor",6,10
"disconnect",6,10
"dissemin",6,10
"drybulb",6,10
"gwh",6,10
"highpressur",6,10
"leak",6,10
"makespan",6,10
"micromachin",6,10
"municip",6,10
"pore",6,10
"sludg",6,10
"tier",6,10
"workflow",6,10
"abras",6,9
"aibas",6,9
"alpha",6,9
"api",6,9
"audit",6,9
"baseband",6,9
"cogener",6,9
"demandrespons",6,9
"desicc",6,9
"exterior",6,9
"happen",6,9
"hoc",6,9
"inventori",6,9
"lowpass",6,9
"mol",6,9
"narrowband",6,9
"nonid",6,9
"nonradi",6,9
"preview",6,9
"radar",6,9
"smelt",6,9
"solubl",6,9
"sugar",6,9
"taguchi",6,9
"toxic",6,9
"ultrason",6,9
"variablespe",6,9
"voltvar",6,9
"buildings’",6,8
"chao",6,8
"cnc",6,8
"demograph",6,8
"dyesensit",6,8
"ecodriv",6,8
"frequencydomain",6,8
"gave",6,8
"highvoltag",6,8
"holtwint",6,8
"jeju",6,8
"lowlat",6,8
"master",6,8
"metamodel",6,8
"multicriteria",6,8
"multitim",6,8
"nearoptim",6,8
"obstruct",6,8
"opportunist",6,8
"outofsampl",6,8
"raini",6,8
"ram",6,8
"rms",6,8
"seawat",6,8
"shorttim",6,8
"suction",6,8
"synergi",6,8
"temperaturedepend",6,8
"topographi",6,8
"tripl",6,8
"truncat",6,8
"acceleromet",6,7
"arabia",6,7
"behindthemet",6,7
"card",6,7
"chart",6,7
"coarsegrain",6,7
"coast",6,7
"concaten",6,7
"crossov",6,7
"dam",6,7
"decompositionbas",6,7
"default",6,7
"diversifi",6,7
"duct",6,7
"eemd",6,7
"energydelay",6,7
"firm",6,7
"greybox",6,7
"hahead",6,7
"handheld",6,7
"iran",6,7
"irish",6,7
"judgment",6,7
"kwp",6,7
"leastsquar",6,7
"logarithm",6,7
"longdist",6,7
"longtim",6,7
"multitimescal",6,7
"nexus",6,7
"offchip",6,7
"overcast",6,7
"photovoltaictherm",6,7
"posterior",6,7
"purif",6,7
"retrain",6,7
"san",6,7
"saudi",6,7
"selfsupervis",6,7
"skew",6,7
"som",6,7
"spec",6,7
"sulfid",6,7
"thermomechan",6,7
"threelevel",6,7
"tractabl",6,7
"underpredict",6,7
"upload",6,7
"vivo",6,7
"watt",6,7
"wherebi",6,7
"abandon",6,6
"adher",6,6
"advis",6,6
"alic",6,6
"alongsid",6,6
"altitud",6,6
"appreci",6,6
"architect",6,6
"argu",6,6
"ascertain",6,6
"biggest",6,6
"blind",6,6
"conceiv",6,6
"cosimul",6,6
"counteract",6,6
"delv",6,6
"denot",6,6
"destabil",6,6
"devot",6,6
"dkasc",6,6
"document",6,6
"door",6,6
"downscal",6,6
"dozen",6,6
"eastern",6,6
"emb",6,6
"emss",6,6
"engag",6,6
"experienc",6,6
"formal",6,6
"generalis",6,6
"hamper",6,6
"harsh",6,6
"highdens",6,6
"highthroughput",6,6
"hydroelectr",6,6
"hypothes",6,6
"impract",6,6
"informa",6,6
"intel",6,6
"invari",6,6
"irrelev",6,6
"jetson",6,6
"kde",6,6
"lesser",6,6
"levenbergmarquardt",6,6
"longshort",6,6
"nativ",6,6
"navierstok",6,6
"necessarili",6,6
"networkonchip",6,6
"neuro",6,6
"offpeak",6,6
"ownerauthor",6,6
"payback",6,6
"pertin",6,6
"plausibl",6,6
"powerconsum",6,6
"powerload",6,6
"prescrib",6,6
"prevail",6,6
"push",6,6
"regressionbas",6,6
"repositori",6,6
"republ",6,6
"salient",6,6
"scenariobas",6,6
"seoul",6,6
"solarpow",6,6
"submit",6,6
"summari",6,6
"systemwid",6,6
"tech",6,6
"telecommun",6,6
"threaten",6,6
"toolbox",6,6
"tracedriven",6,6
"trivial",6,6
"twelv",6,6
"twopart",6,6
"unclear",6,6
"undertak",6,6
"undesir",6,6
"unsatisfactori",6,6
"viscous",6,6
"watercool",6,6
"websit",6,6
"welfar",6,6
"pev",5,25
"cantilev",5,23
"mesh",5,21
"soec",5,20
"sweep",5,19
"cutter",5,18
"thrust",5,18
"btm",5,17
"clinker",5,17
"fish",5,17
"fluidiz",5,17
"foul",5,17
"seizur",5,17
"hmpc",5,16
"ccs",5,15
"coke",5,15
"esn",5,15
"street",5,15
"adiabat",5,14
"albedo",5,14
"bes",5,14
"blast",5,14
"eutect",5,14
"iec",5,14
"kiln",5,14
"pemfc",5,14
"amin",5,13
"arc",5,13
"gasliquid",5,13
"igcc",5,13
"pin",5,13
"ptype",5,13
"turkey",5,13
"beamform",5,12
"buoyanc",5,12
"calcin",5,12
"graphit",5,12
"renov",5,12
"bev",5,11
"narx",5,11
"pdf",5,11
"rbc",5,11
"rfid",5,11
"tes",5,11
"blockag",5,10
"dissolut",5,10
"gbdt",5,10
"governor",5,10
"intrainterv",5,10
"mesoscal",5,10
"metalearn",5,10
"multiphys",5,10
"pll",5,10
"polish",5,10
"predic",5,10
"rock",5,10
"specul",5,10
"windspe",5,10
"wwtps",5,10
"august",5,9
"contextawar",5,9
"crosstalk",5,9
"dutycycl",5,9
"electrostat",5,9
"ict",5,9
"inorgan",5,9
"intra",5,9
"learner",5,9
"locomot",5,9
"multisensor",5,9
"peer",5,9
"plus®",5,9
"powersav",5,9
"pvbase",5,9
"ray",5,9
"rbfnn",5,9
"reflector",5,9
"rnns",5,9
"selfheal",5,9
"sine",5,9
"snn",5,9
"utilityscal",5,9
"voyag",5,9
"wpps",5,9
"aep",5,8
"airfoil",5,8
"crowdsourc",5,8
"hope",5,8
"juli",5,8
"lca",5,8
"liter",5,8
"mirror",5,8
"monolith",5,8
"mwe",5,8
"novemb",5,8
"rig",5,8
"school",5,8
"sec",5,8
"sorbent",5,8
"symbol",5,8
"unoccupi",5,8
"vacanc",5,8
"zigbe",5,8
"airborn",5,7
"apparatus",5,7
"beij",5,7
"bin",5,7
"blockchainbas",5,7
"canon",5,7
"desktop",5,7
"flame",5,7
"glycol",5,7
"hmm",5,7
"ilp",5,7
"interoper",5,7
"lean",5,7
"magnesium",5,7
"microchannel",5,7
"monoton",5,7
"nacl",5,7
"nearfield",5,7
"nodal",5,7
"nonrenew",5,7
"orchestr",5,7
"overh",5,7
"payment",5,7
"piec",5,7
"reader",5,7
"reset",5,7
"sas",5,7
"spacecraft",5,7
"stl",5,7
"svms",5,7
"tou",5,7
"twotier",5,7
"useless",5,7
"vav",5,7
"viewpoint",5,7
"wing",5,7
"abrupt",5,6
"aircondition",5,6
"akaik",5,6
"bath",5,6
"benign",5,6
"blackout",5,6
"brazil",5,6
"builtin",5,6
"chines",5,6
"closur",5,6
"coastal",5,6
"continuoustim",5,6
"decarbon",5,6
"dilut",5,6
"drlbase",5,6
"drone",5,6
"ecosystem",5,6
"electrodialysi",5,6
"fem",5,6
"filament",5,6
"financ",5,6
"forth",5,6
"gene",5,6
"german",5,6
"gold",5,6
"greec",5,6
"gridsid",5,6
"gridti",5,6
"immers",5,6
"incentivebas",5,6
"infiltr",5,6
"intrus",5,6
"invas",5,6
"java",5,6
"laminar",5,6
"latin",5,6
"lowtemperatur",5,6
"lte",5,6
"malaysia",5,6
"metallurg",5,6
"midterm",5,6
"monocrystallin",5,6
"monoethanolamin",5,6
"mos",5,6
"multifeatur",5,6
"multiperiod",5,6
"noncoop",5,6
"nrel",5,6
"nusselt",5,6
"onthefli",5,6
"overpredict",5,6
"overprovis",5,6
"physicsinform",5,6
"player",5,6
"post",5,6
"prescript",5,6
"radiant",5,6
"raspberri",5,6
"realm",5,6
"rectangular",5,6
"replica",5,6
"rpm",5,6
"selfsuffici",5,6
"shaft",5,6
"signatur",5,6
"spillag",5,6
"strike",5,6
"tabular",5,6
"team",5,6
"timedelay",5,6
"ultrahigh",5,6
"ultralowpow",5,6
"unconvent",5,6
"unidirect",5,6
"unteth",5,6
"vdd",5,6
"white",5,6
"academia",5,5
"acknowledg",5,5
"adequaci",5,5
"alias",5,5
"amorph",5,5
"analogdigit",5,5
"android",5,5
"appliancelevel",5,5
"arbitrarili",5,5
"ask",5,5
"austria",5,5
"autonomi",5,5
"bag",5,5
"bigger",5,5
"biomed",5,5
"break",5,5
"british",5,5
"carbonfre",5,5
"catch",5,5
"cloudsim",5,5
"confer",5,5
"controlbas",5,5
"convinc",5,5
"corrobor",5,5
"council",5,5
"credibl",5,5
"crossdomain",5,5
"csee",5,5
"cuttingedg",5,5
"dcbus",5,5
"deduc",5,5
"disappear",5,5
"disord",5,5
"dollar",5,5
"download",5,5
"dsp",5,5
"eigenvalu",5,5
"europ",5,5
"eventdriven",5,5
"evidenc",5,5
"fieldprogramm",5,5
"finiteel",5,5
"flatten",5,5
"florida",5,5
"friend",5,5
"gaug",5,5
"github",5,5
"highris",5,5
"hotel",5,5
"hspice",5,5
"hydrolysi",5,5
"infinit",5,5
"interplay",5,5
"inverterbas",5,5
"invok",5,5
"khz",5,5
"launch",5,5
"leadtim",5,5
"leav",5,5
"liu",5,5
"manuscript",5,5
"mediumvoltag",5,5
"metaloxid",5,5
"microcontrol",5,5
"millimeterwav",5,5
"networklong",5,5
"nlp",5,5
"nondeterminist",5,5
"nonetheless",5,5
"norm",5,5
"noteworthi",5,5
"onehourahead",5,5
"openloop",5,5
"optimist",5,5
"oscillatori",5,5
"outoford",5,5
"outstand",5,5
"overestim",5,5
"parsec",5,5
"parti",5,5
"peertop",5,5
"permiss",5,5
"permut",5,5
"pertain",5,5
"portug",5,5
"predetermin",5,5
"proportionalintegr",5,5
"qualifi",5,5
"rack",5,5
"ran",5,5
"reactant",5,5
"readi",5,5
"redefin",5,5
"referenc",5,5
"reliev",5,5
"riskavers",5,5
"rollout",5,5
"sake",5,5
"shortrang",5,5
"simulink",5,5
"singleobject",5,5
"smoother",5,5
"solartherm",5,5
"sold",5,5
"sometim",5,5
"sought",5,5
"southwest",5,5
"speech",5,5
"steadili",5,5
"steep",5,5
"stem",5,5
"stroke",5,5
"subcompon",5,5
"supplementari",5,5
"systemonchip",5,5
"tcns",5,5
"temporari",5,5
"threefold",5,5
"threelay",5,5
"threestep",5,5
"timeli",5,5
"tini",5,5
"toolkit",5,5
"topdown",5,5
"trialanderror",5,5
"uci",5,5
"unaccept",5,5
"undertaken",5,5
"unexplor",5,5
"unwant",5,5
"wang",5,5
"wellsuit",5,5
"zeroemiss",5,5
"cabl",4,21
"defrost",4,21
"spm",4,21
"cdi",4,19
"inhabit",4,18
"pavement",4,18
"creep",4,17
"eaf",4,17
"mixer",4,17
"uwsn",4,17
"mtc",4,16
"tof",4,16
"pscs",4,15
"alumina",4,14
"cig",4,14
"facial",4,14
"lru",4,14
"pad",4,14
"pellet",4,14
"pro",4,14
"tcls",4,14
"clc",4,13
"decompress",4,13
"fet",4,13
"finfet",4,13
"helic",4,13
"inductor",4,13
"twh",4,13
"uwb",4,13
"circl",4,12
"dwt",4,12
"leg",4,12
"mcs",4,12
"mds",4,12
"mwm",4,12
"snow",4,12
"autosc",4,11
"clearanc",4,11
"dac",4,11
"enclosur",4,11
"hydrid",4,11
"lng",4,11
"lumin",4,11
"nanogrid",4,11
"nitrat",4,11
"plc",4,11
"rac",4,11
"wcm",4,11
"wlan",4,11
"boil",4,10
"crowd",4,10
"eventbas",4,10
"ferrit",4,10
"hospit",4,10
"metro",4,10
"multimicrogrid",4,10
"sac",4,10
"semisupervis",4,10
"shortcircuit",4,10
"sub",4,10
"synapt",4,10
"taxi",4,10
"tec",4,10
"bind",4,9
"bootstrap",4,9
"codec",4,9
"dft",4,9
"eeg",4,9
"fraud",4,9
"notif",4,9
"proxi",4,9
"quasistat",4,9
"sarimax",4,9
"scrap",4,9
"scroll",4,9
"singlezon",4,9
"vehicle’",4,9
"acceptor",4,8
"acet",4,8
"agit",4,8
"avers",4,8
"bright",4,8
"capsul",4,8
"dram",4,8
"elastom",4,8
"energyoptim",4,8
"fpgas",4,8
"latch",4,8
"mfc",4,8
"muscl",4,8
"norwegian",4,8
"partload",4,8
"pcs",4,8
"psa",4,8
"rebound",4,8
"shell",4,8
"similaritybas",4,8
"stator",4,8
"sulphur",4,8
"swap",4,8
"wpd",4,8
"wrapper",4,8
"allski",4,7
"bead",4,7
"brackish",4,7
"bundl",4,7
"capillari",4,7
"cis",4,7
"crps",4,7
"drug",4,7
"enn",4,7
"fingerprint",4,7
"gpp",4,7
"handov",4,7
"iess",4,7
"lime",4,7
"machinelearningbas",4,7
"mea",4,7
"microfabr",4,7
"mixedsign",4,7
"molar",4,7
"multimodel",4,7
"multitarget",4,7
"nano",4,7
"nighttim",4,7
"outofplan",4,7
"oversampl",4,7
"overvoltag",4,7
"phosphat",4,7
"reshap",4,7
"resort",4,7
"slack",4,7
"soften",4,7
"tsa",4,7
"west",4,7
"woa",4,7
"angel",4,6
"arbitr",4,6
"austin",4,6
"bacteri",4,6
"bitstream",4,6
"blackbox",4,6
"braininspir",4,6
"buck",4,6
"cation",4,6
"chanceconstrain",4,6
"clip",4,6
"compiletim",4,6
"convlstm",4,6
"corridor",4,6
"cpus",4,6
"cure",4,6
"desulfur",4,6
"dof",4,6
"dot",4,6
"drink",4,6
"electrolys",4,6
"expon",4,6
"facad",4,6
"ferment",4,6
"focal",4,6
"gra",4,6
"graybox",4,6
"halv",4,6
"highentropi",4,6
"imageri",4,6
"impuls",4,6
"intak",4,6
"interlay",4,6
"isa",4,6
"jet",4,6
"kernelbas",4,6
"landmark",4,6
"lifecycl",4,6
"liquidliquid",4,6
"logicbas",4,6
"los",4,6
"mbps",4,6
"mild",4,6
"mileag",4,6
"minlp",4,6
"mpeg",4,6
"multistepahead",4,6
"nitrid",4,6
"nmae",4,6
"old",4,6
"ondevic",4,6
"pole",4,6
"pvdf",4,6
"queensland",4,6
"recuper",4,6
"reschedul",4,6
"respiratori",4,6
"rrmse",4,6
"rssi",4,6
"rubber",4,6
"selflearn",4,6
"sensorless",4,6
"stall",4,6
"steelmak",4,6
"sulfat",4,6
"tio",4,6
"transduc",4,6
"triangl",4,6
"unstructur",4,6
"vane",4,6
"veget",4,6
"villag",4,6
"vnf",4,6
"vortex",4,6
"waterenergi",4,6
"wound",4,6
"wuhan",4,6
"admit",4,5
"airwat",4,5
"alldigit",4,5
"amazon",4,5
"amongst",4,5
"anisotrop",4,5
"anova",4,5
"assimil",4,5
"atm",4,5
"attend",4,5
"audio",4,5
"bioclimat",4,5
"britain",4,5
"cent",4,5
"charact",4,5
"claim",4,5
"con",4,5
"cplex",4,5
"cps",4,5
"curvatur",4,5
"dbchz",4,5
"dehydr",4,5
"delaysensit",4,5
"dip",4,5
"discount",4,5
"dissatisfact",4,5
"downsiz",4,5
"epoch",4,5
"exascal",4,5
"exercis",4,5
"favour",4,5
"fiveminut",4,5
"flipflop",4,5
"fossilfuel",4,5
"fpgabas",4,5
"gasolin",4,5
"graviti",4,5
"htc",4,5
"ignit",4,5
"impress",4,5
"impur",4,5
"innetwork",4,5
"ironmak",4,5
"kmh",4,5
"kpa",4,5
"laboratoryscal",4,5
"largearea",4,5
"latitud",4,5
"lignocellulos",4,5
"lipid",4,5
"liquefi",4,5
"lssvr",4,5
"lubric",4,5
"machinetyp",4,5
"maxwel",4,5
"mfcs",4,5
"microclim",4,5
"mini",4,5
"minmax",4,5
"mixtureofexpert",4,5
"mlbase",4,5
"modeldriven",4,5
"mono",4,5
"multicompon",4,5
"multifunct",4,5
"nand",4,5
"nickel",4,5
"nondimension",4,5
"nontechn",4,5
"onehour",4,5
"overshoot",4,5
"permanentmagnet",4,5
"petrochem",4,5
"photoelectr",4,5
"physicsconstrain",4,5
"pick",4,5
"pontryagin",4,5
"precursor",4,5
"prognosi",4,5
"pyramid",4,5
"qnetwork",4,5
"radic",4,5
"ratebas",4,5
"reducedord",4,5
"refresh",4,5
"reloc",4,5
"remedi",4,5
"resnet",4,5
"seed",4,5
"shock",4,5
"shortcut",4,5
"shrink",4,5
"sinusoid",4,5
"smartgrid",4,5
"soi",4,5
"sota",4,5
"spatial–tempor",4,5
"spur",4,5
"star",4,5
"startstop",4,5
"stepwis",4,5
"stratif",4,5
"summaris",4,5
"telemetri",4,5
"temper",4,5
"thermoelectrochem",4,5
"thermogravimetr",4,5
"thermophotovolta",4,5
"transplant",4,5
"victoria",4,5
"webbas",4,5
"wkg",4,5
"wwtp",4,5
"zinc",4,5
"adept",4,4
"aeronaut",4,4
"aichi",4,4
"aluminium",4,4
"amplif",4,4
"anywher",4,4
"apprais",4,4
"approv",4,4
"archiv",4,4
"arizona",4,4
"asymmetri",4,4
"athen",4,4
"backsid",4,4
"basin",4,4
"batteryoper",4,4
"benchtop",4,4
"bioga",4,4
"bipolar",4,4
"boxcox",4,4
"breakeven",4,4
"briefli",4,4
"calcium",4,4
"canadian",4,4
"capita",4,4
"casestudi",4,4
"changeabl",4,4
"cheap",4,4
"chen",4,4
"collaps",4,4
"compliant",4,4
"computeintens",4,4
"computeraid",4,4
"conjug",4,4
"contour",4,4
"cornerston",4,4
"corros",4,4
"costoptim",4,4
"danger",4,4
"dcnn",4,4
"deactiv",4,4
"death",4,4
"decemb",4,4
"desert",4,4
"dew",4,4
"diagnos",4,4
"discard",4,4
"discern",4,4
"disciplin",4,4
"disproportion",4,4
"disregard",4,4
"dlbase",4,4
"doubli",4,4
"downtim",4,4
"downward",4,4
"dsm",4,4
"ecolog",4,4
"editori",4,4
"electrochemistri",4,4
"eleven",4,4
"endow",4,4
"energybas",4,4
"enlarg",4,4
"envisag",4,4
"euclidean",4,4
"exotherm",4,4
"extracellular",4,4
"fifth",4,4
"fifthgener",4,4
"figureofmerit",4,4
"fixedpoint",4,4
"flood",4,4
"flowthrough",4,4
"flush",4,4
"forecastingbas",4,4
"formid",4,4
"foster",4,4
"fourth",4,4
"freeli",4,4
"gallium",4,4
"gasfir",4,4
"glare",4,4
"guangzhou",4,4
"gyroscop",4,4
"hardwarebas",4,4
"hardwaresoftwar",4,4
"httpcreativecommonsorglicensesbi",4,4
"hydrogenbas",4,4
"hypercub",4,4
"hypothet",4,4
"imech",4,4
"inappropri",4,4
"incap",4,4
"indersci",4,4
"ineffect",4,4
"interdisciplinari",4,4
"investor",4,4
"irvin",4,4
"june",4,4
"lake",4,4
"laptop",4,4
"lastlevel",4,4
"late",4,4
"leap",4,4
"learnabl",4,4
"legaci",4,4
"legisl",4,4
"lengthi",4,4
"linux",4,4
"longest",4,4
"longshortterm",4,4
"lowdens",4,4
"lowerpow",4,4
"lowlevel",4,4
"loword",4,4
"luminesc",4,4
"macro",4,4
"macroscop",4,4
"maneuv",4,4
"maneuver",4,4
"manifest",4,4
"memorybas",4,4
"metadata",4,4
"meticul",4,4
"micron",4,4
"microservic",4,4
"mind",4,4
"movingaverag",4,4
"multiparamet",4,4
"multipurpos",4,4
"multiscenario",4,4
"nearest",4,4
"nedc",4,4
"nejat",4,4
"netherland",4,4
"network’",4,4
"newtonian",4,4
"noninvas",4,4
"nonsmooth",4,4
"northwest",4,4
"notion",4,4
"nphard",4,4
"onethird",4,4
"ontario",4,4
"optima",4,4
"outlook",4,4
"pairwis",4,4
"perhap",4,4
"perovskitebas",4,4
"pessimist",4,4
"picp",4,4
"pinbal",4,4
"pioneer",4,4
"planetlab",4,4
"plenti",4,4
"potassium",4,4
"powerperform",4,4
"powersplit",4,4
"pragmat",4,4
"prematur",4,4
"professor",4,4
"profici",4,4
"proportional–integral–deriv",4,4
"pseudo",4,4
"reachabl",4,4
"rectif",4,4
"redirect",4,4
"refract",4,4
"relief",4,4
"remaind",4,4
"safetycrit",4,4
"scalar",4,4
"scientist",4,4
"seal",4,4
"semimarkov",4,4
"shifter",4,4
"shipboard",4,4
"shunt",4,4
"shut",4,4
"singlecor",4,4
"sizeabl",4,4
"slip",4,4
"slowli",4,4
"specialis",4,4
"spent",4,4
"stabli",4,4
"statement",4,4
"stateofhealth",4,4
"stay",4,4
"student",4,4
"submet",4,4
"succeed",4,4
"superh",4,4
"superscalar",4,4
"systems’",4,4
"taxonomi",4,4
"teacher",4,4
"tensor",4,4
"terahertz",4,4
"tertiari",4,4
"therapi",4,4
"thinner",4,4
"timestep",4,4
"timetodigit",4,4
"tissu",4,4
"took",4,4
"topsi",4,4
"tracebas",4,4
"transconduct",4,4
"trap",4,4
"twenti",4,4
"ultradens",4,4
"ultrawideband",4,4
"unavoid",4,4
"unbias",4,4
"uncertaintyawar",4,4
"unequ",4,4
"unfavor",4,4
"unobserv",4,4
"unsteadi",4,4
"unus",4,4
"unusu",4,4
"userdefin",4,4
"varactor",4,4
"vent",4,4
"veziroglu",4,4
"vicin",4,4
"viz",4,4
"weatherdepend",4,4
"weekend",4,4
"wideband",4,4
"widelyus",4,4
"wit",4,4
"yalong",4,4
"yao",4,4
"zeolit",4,4
"zonal",4,4
"dni",3,21
"hps",3,18
"auv",3,17
"btms",3,17
"vre",3,17
"fat",3,16
"lidar",3,16
"pedal",3,16
"fibr",3,15
"honeycomb",3,15
"bubbl",3,13
"tbm",3,13
"dbs",3,12
"nanofluid",3,12
"rvfl",3,12
"slm",3,12
"soh",3,12
"thz",3,12
"agc",3,11
"desalt",3,11
"dispens",3,11
"drx",3,11
"homomorph",3,11
"ldpc",3,11
"lsc",3,11
"pandem",3,11
"simplex",3,11
"cuo",3,10
"demodul",3,10
"eui",3,10
"foam",3,10
"ozon",3,10
"pedestrian",3,10
"platoon",3,10
"pyrolysi",3,10
"asu",3,9
"ehp",3,9
"empc",3,9
"gam",3,9
"inhibitor",3,9
"intervari",3,9
"nanowir",3,9
"orc",3,9
"phasechang",3,9
"pinn",3,9
"pmax",3,9
"rram",3,9
"synaps",3,9
"thermalawar",3,9
"travers",3,9
"voc",3,9
"bulb",3,8
"crossbar",3,8
"cvar",3,8
"drm",3,8
"electrodialyz",3,8
"frost",3,8
"hydrofoil",3,8
"iaa",3,8
"lowdimension",3,8
"maglev",3,8
"multilabel",3,8
"nanofib",3,8
"nas",3,8
"orific",3,8
"paraffin",3,8
"refuel",3,8
"shuttl",3,8
"sorption",3,8
"thermophys",3,8
"analogu",3,7
"awaken",3,7
"belt",3,7
"binder",3,7
"bivari",3,7
"dcmd",3,7
"dfig",3,7
"ethernet",3,7
"garch",3,7
"harden",3,7
"highord",3,7
"hrl",3,7
"impair",3,7
"injector",3,7
"itransform",3,7
"journey",3,7
"lna",3,7
"macrocel",3,7
"multiport",3,7
"nbeat",3,7
"nongaussian",3,7
"oxyfuel",3,7
"patent",3,7
"peme",3,7
"personnel",3,7
"plf",3,7
"prosthes",3,7
"rec",3,7
"rna",3,7
"stackelberg",3,7
"subregion",3,7
"superson",3,7
"trim",3,7
"vco",3,7
"wtgs",3,7
"aco",3,6
"annular",3,6
"azimuth",3,6
"beetl",3,6
"bilinear",3,6
"bms",3,6
"catboost",3,6
"ces",3,6
"cityscal",3,6
"collid",3,6
"conservat",3,6
"cpo",3,6
"cultur",3,6
"deic",3,6
"dualstag",3,6
"dung",3,6
"dye",3,6
"edp",3,6
"evict",3,6
"foa",3,6
"fom",3,6
"gatelength",3,6
"gestur",3,6
"hydrat",3,6
"hydrophob",3,6
"idr",3,6
"iea",3,6
"irrig",3,6
"nanostructur",3,6
"nanotub",3,6
"nondestruct",3,6
"participatori",3,6
"psi",3,6
"retin",3,6
"sbs",3,6
"scaleup",3,6
"selfsimilar",3,6
"setassoci",3,6
"slidingmod",3,6
"spc",3,6
"ssds",3,6
"stripper",3,6
"timeshift",3,6
"tms",3,6
"treebas",3,6
"admiss",3,5
"arbitrag",3,5
"armax",3,5
"arx",3,5
"auditori",3,5
"bagass",3,5
"ban",3,5
"bee",3,5
"biosign",3,5
"blower",3,5
"bls",3,5
"borehol",3,5
"byte",3,5
"canyon",3,5
"cav",3,5
"cchp",3,5
"ccus",3,5
"cdte",3,5
"chronolog",3,5
"cie",3,5
"constantpow",3,5
"controlori",3,5
"coproduct",3,5
"correlationbas",3,5
"covid",3,5
"cutoff",3,5
"datacentr",3,5
"dataparallel",3,5
"deadbeat",3,5
"demanddriven",3,5
"diaphragm",3,5
"doublestag",3,5
"dso",3,5
"dssc",3,5
"dualmod",3,5
"embodi",3,5
"entrain",3,5
"eventtrigg",3,5
"farima",3,5
"fcsmpc",3,5
"finger",3,5
"flank",3,5
"gabp",3,5
"gamebas",3,5
"gbs",3,5
"gcns",3,5
"geolog",3,5
"grate",3,5
"gypsum",3,5
"heteroscedast",3,5
"hil",3,5
"ibm",3,5
"ingredi",3,5
"invehicl",3,5
"kpca",3,5
"ledger",3,5
"legal",3,5
"llvm",3,5
"lowerlevel",3,5
"lpf",3,5
"mach",3,5
"mapbas",3,5
"mole",3,5
"moor",3,5
"multifamili",3,5
"multiresolut",3,5
"nash",3,5
"nucleat",3,5
"par",3,5
"pariti",3,5
"payoff",3,5
"pbdr",3,5
"pilotscal",3,5
"pls",3,5
"pneumat",3,5
"qrs",3,5
"readwrit",3,5
"redispatch",3,5
"rlbase",3,5
"selfadjust",3,5
"selftun",3,5
"sem",3,5
"sewag",3,5
"sige",3,5
"slab",3,5
"softwaredefin",3,5
"spare",3,5
"stratifi",3,5
"string",3,5
"subsampl",3,5
"suburban",3,5
"sulphat",3,5
"superheat",3,5
"thermographi",3,5
"till",3,5
"trigener",3,5
"tso",3,5
"tubular",3,5
"unscent",3,5
"abat",3,4
"acc",3,4
"ace",3,4
"adsorptiondesorpt",3,4
"announc",3,4
"antireflect",3,4
"bare",3,4
"battery’",3,4
"beta",3,4
"binpack",3,4
"biochem",3,4
"bird",3,4
"blanket",3,4
"canopi",3,4
"cdf",3,4
"charger",3,4
"clusterbas",3,4
"coin",3,4
"colloid",3,4
"coloc",3,4
"comb",3,4
"consumptiongener",3,4
"crossattent",3,4
"crosslay",3,4
"crossmod",3,4
"csps",3,4
"cultiv",3,4
"deficit",3,4
"densitybas",3,4
"dhs",3,4
"disabl",3,4
"distributor",3,4
"diversif",3,4
"doublelay",3,4
"downsampl",3,4
"edibl",3,4
"electricityconsumpt",3,4
"electrodeposit",3,4
"electroluminesc",3,4
"ellipt",3,4
"emdbas",3,4
"ensemblebas",3,4
"errat",3,4
"errorcorrect",3,4
"exerget",3,4
"extremum",3,4
"fancoil",3,4
"ferrous",3,4
"flashbas",3,4
"flywheel",3,4
"fort",3,4
"fourwheel",3,4
"francisco",3,4
"freshwat",3,4
"gravit",3,4
"haar",3,4
"halid",3,4
"highbandwidth",3,4
"hurst",3,4
"ibdr",3,4
"improp",3,4
"inband",3,4
"ink",3,4
"intensif",3,4
"iotbas",3,4
"kfold",3,4
"landbas",3,4
"larges",3,4
"layerwis",3,4
"leach",3,4
"linkag",3,4
"llvmbase",3,4
"loadstor",3,4
"lognorm",3,4
"longitud",3,4
"lowcapac",3,4
"lowemiss",3,4
"lstms",3,4
"lut",3,4
"mamba",3,4
"mas",3,4
"mediumrang",3,4
"megawatt",3,4
"membership",3,4
"memoryintens",3,4
"metrolog",3,4
"mip",3,4
"modulus",3,4
"montecarlo",3,4
"mpcs",3,4
"multiattribut",3,4
"multiten",3,4
"multius",3,4
"nacell",3,4
"neighbour",3,4
"neurolog",3,4
"nextday",3,4
"nonadapt",3,4
"nonequilibrium",3,4
"nonresidenti",3,4
"noon",3,4
"ntls",3,4
"obd",3,4
"objectori",3,4
"ocp",3,4
"offdesign",3,4
"offsetfre",3,4
"opaqu",3,4
"oracl",3,4
"overpotenti",3,4
"parsimoni",3,4
"percor",3,4
"perpetu",3,4
"photo",3,4
"preconfigur",3,4
"preemptiv",3,4
"provabl",3,4
"psc",3,4
"pzt",3,4
"quartil",3,4
"rail",3,4
"rain",3,4
"raytrac",3,4
"reboil",3,4
"rerefer",3,4
"rescu",3,4
"rng",3,4
"scotland",3,4
"semiempir",3,4
"singleoutput",3,4
"singlesit",3,4
"smt",3,4
"softsensor",3,4
"solvabl",3,4
"spark",3,4
"spice",3,4
"stone",3,4
"submerg",3,4
"timefrequ",3,4
"tin",3,4
"tonn",3,4
"topsw",3,4
"trait",3,4
"trigonometr",3,4
"unlabel",3,4
"userlevel",3,4
"vapour",3,4
"yuan",3,4
" nm",3,3
"abbrevi",3,3
"academi",3,3
"accru",3,3
"adam",3,3
"adder",3,3
"adhoc",3,3
"agnost",3,3
"algeria",3,3
"algorithms’",3,3
"amid",3,3
"analyticsbas",3,3
"anycast",3,3
"anytim",3,3
"april",3,3
"aquat",3,3
"areaeffici",3,3
"arous",3,3
"articul",3,3
"atlas",3,3
"automobil",3,3
"avert",3,3
"backend",3,3
"bad",3,3
"ball",3,3
"baseload",3,3
"batteryless",3,3
"began",3,3
"bem",3,3
"bender",3,3
"bestfit",3,3
"bio",3,3
"blood",3,3
"bolster",3,3
"bore",3,3
"branchandbound",3,3
"brazilian",3,3
"breach",3,3
"breath",3,3
"broadband",3,3
"broken",3,3
"brushless",3,3
"buildinglevel",3,3
"burdensom",3,3
"bureau",3,3
"bursti",3,3
"cadmium",3,3
"calorimetri",3,3
"carbonbas",3,3
"carbonneutr",3,3
"cardiac",3,3
"centroid",3,3
"chapter",3,3
"chase",3,3
"chem",3,3
"cleaner",3,3
"closest",3,3
"closetooptim",3,3
"cointegr",3,3
"colloc",3,3
"combinatori",3,3
"commensur",3,3
"comment",3,3
"componentbas",3,3
"conductor",3,3
"confidenti",3,3
"connectivitybas",3,3
"constantcurr",3,3
"contend",3,3
"contest",3,3
"converterbas",3,3
"covert",3,3
"cpuintens",3,3
"crest",3,3
"crise",3,3
"crisp",3,3
"crosscorrel",3,3
"crown",3,3
"cte",3,3
"cube",3,3
"cuckoo",3,3
"customdesign",3,3
"customers’",3,3
"cyberattack",3,3
"cyclon",3,3
"danish",3,3
"dark",3,3
"datamin",3,3
"ddpgbase",3,3
"decarbonis",3,3
"decisionsupport",3,3
"decommiss",3,3
"deepen",3,3
"deeplearningbas",3,3
"delaytoler",3,3
"delet",3,3
"delic",3,3
"delta",3,3
"depress",3,3
"des",3,3
"deserv",3,3
"designmethodologyapproach",3,3
"destruct",3,3
"detach",3,3
"devicelevel",3,3
"devicetodevic",3,3
"dictat",3,3
"digitaltoanalog",3,3
"dijkstra",3,3
"disclos",3,3
"doesnt",3,3
"doppler",3,3
"doubt",3,3
"downhil",3,3
"dropout",3,3
"duallay",3,3
"earliest",3,3
"earn",3,3
"ekf",3,3
"electrodialyt",3,3
"electrowin",3,3
"eleg",3,3
"elementari",3,3
"encoder–decod",3,3
"energyus",3,3
"entranc",3,3
"epidem",3,3
"erron",3,3
"everchang",3,3
"evok",3,3
"exemplifi",3,3
"expedit",3,3
"expound",3,3
"facebook",3,3
"facto",3,3
"faculti",3,3
"familiar",3,3
"feel",3,3
"fight",3,3
"finer",3,3
"finland",3,3
"flexur",3,3
"floatingpoint",3,3
"flower",3,3
"fluctuant",3,3
"fluoresc",3,3
"focuss",3,3
"foot",3,3
"forefront",3,3
"forget",3,3
"fortran",3,3
"forwardbackward",3,3
"fourteen",3,3
"ftp",3,3
"fullyconnect",3,3
"furnish",3,3
"garner",3,3
"gaseous",3,3
"granger",3,3
"graphbas",3,3
"graphen",3,3
"greener",3,3
"groupwis",3,3
"gsm",3,3
"gsr",3,3
"gulf",3,3
"haberbosch",3,3
"hardwareinloop",3,3
"hereaft",3,3
"heterojunct",3,3
"highend",3,3
"higherord",3,3
"hilbert",3,3
"hindranc",3,3
"hint",3,3
"hollow",3,3
"homeown",3,3
"horn",3,3
"huang",3,3
"huber",3,3
"humanlik",3,3
"hurt",3,3
"hydrometeorolog",3,3
"iiiv",3,3
"illinoi",3,3
"imagebas",3,3
"imit",3,3
"incipi",3,3
"incompat",3,3
"indium",3,3
"industrialscal",3,3
"inexhaust",3,3
"inflex",3,3
"informationbas",3,3
"inherit",3,3
"inhibit",3,3
"insensit",3,3
"insignific",3,3
"instanti",3,3
"inter",3,3
"intercept",3,3
"interfram",3,3
"interiorpoint",3,3
"interlac",3,3
"interstiti",3,3
"intertempor",3,3
"intervalbas",3,3
"invalid",3,3
"irrat",3,3
"isentrop",3,3
"join",3,3
"kepler",3,3
"kilogram",3,3
"kingdom",3,3
"kitti",3,3
"labscal",3,3
"layerbylay",3,3
"lcd",3,3
"learnt",3,3
"lend",3,3
"lessen",3,3
"lesson",3,3
"levelis",3,3
"levi",3,3
"lightinduc",3,3
"likewis",3,3
"limitationsimpl",3,3
"llm",3,3
"loadforecast",3,3
"locationbas",3,3
"loess",3,3
"longshorttermmemori",3,3
"lownois",3,3
"lowoverhead",3,3
"lowpressur",3,3
"lowspe",3,3
"machinetomachin",3,3
"mall",3,3
"mandatori",3,3
"manifold",3,3
"mar",3,3
"march",3,3
"markovian",3,3
"masson",3,3
"matlab®",3,3
"max",3,3
"meansquar",3,3
"meantim",3,3
"mechanismbas",3,3
"mediat",3,3
"mediums",3,3
"meta",3,3
"metast",3,3
"middlewar",3,3
"mile",3,3
"mileston",3,3
"millimet",3,3
"mislead",3,3
"mitbih",3,3
"mixedus",3,3
"modelica",3,3
"mongolia",3,3
"morocco",3,3
"movi",3,3
"mre",3,3
"multifactor",3,3
"multiload",3,3
"multipleinput",3,3
"multipleoutput",3,3
"multiseason",3,3
"multistori",3,3
"nearinfrar",3,3
"nearzero",3,3
"nnbase",3,3
"non",3,3
"nonflat",3,3
"nonpollut",3,3
"northeast",3,3
"nsgaiii",3,3
"occasion",3,3
"octob",3,3
"ohmic",3,3
"older",3,3
"oltc",3,3
"oncom",3,3
"onestepahead",3,3
"ongrid",3,3
"opposit",3,3
"organis",3,3
"originalityvalu",3,3
"outweigh",3,3
"overrun",3,3
"oversimplifi",3,3
"overwhelm",3,3
"pace",3,3
"parabol",3,3
"particleincel",3,3
"partnership",3,3
"passag",3,3
"pdas",3,3
"pdp",3,3
"peaktoaverag",3,3
"peakvalley",3,3
"people’",3,3
"petrol",3,3
"phaselock",3,3
"phasor",3,3
"phi",3,3
"phonon",3,3
"phosphorus",3,3
"photoluminesc",3,3
"photovoltaicbatteri",3,3
"pillar",3,3
"pinch",3,3
"piston",3,3
"planet",3,3
"plugandplay",3,3
"pointofload",3,3
"pointtopoint",3,3
"pointwis",3,3
"poli",3,3
"porcupin",3,3
"postlayout",3,3
"poweroptim",3,3
"ppo",3,3
"predesign",3,3
"prefectur",3,3
"premium",3,3
"preschedul",3,3
"preselect",3,3
"preset",3,3
"prespecifi",3,3
"presum",3,3
"pretreat",3,3
"primit",3,3
"prioritybas",3,3
"procur",3,3
"prognost",3,3
"pronounc",3,3
"pseudospectr",3,3
"pte",3,3
"pull",3,3
"pulver",3,3
"pwm",3,3
"quad",3,3
"quasilinear",3,3
"quota",3,3
"randomaccess",3,3
"ratedetermin",3,3
"rational",3,3
"realli",3,3
"realloc",3,3
"reanalysi",3,3
"recedinghorizon",3,3
"reclam",3,3
"recognis",3,3
"recours",3,3
"red",3,3
"redesign",3,3
"redistribut",3,3
"refit",3,3
"reliant",3,3
"repetit",3,3
"resourceeffici",3,3
"restrain",3,3
"reusabl",3,3
"rev",3,3
"revolution",3,3
"reynoldsaverag",3,3
"richer",3,3
"ridethrough",3,3
"rtd",3,3
"rte",3,3
"safer",3,3
"sage",3,3
"seasonaltrend",3,3
"securityconstrain",3,3
"seldom",3,3
"selectionbas",3,3
"selfstart",3,3
"settlement",3,3
"shenzhen",3,3
"shootout",3,3
"shortfal",3,3
"singlejunct",3,3
"smape",3,3
"smarter",3,3
"societ",3,3
"socket",3,3
"softmax",3,3
"solidif",3,3
"somewhat",3,3
"soon",3,3
"specimen",3,3
"spend",3,3
"spheric",3,3
"splash",3,3
"squeezeandexcit",3,3
"stagnat",3,3
"standpoint",3,3
"stationar",3,3
"stimuli",3,3
"stirl",3,3
"straightblad",3,3
"strand",3,3
"stretch",3,3
"stride",3,3
"subcrit",3,3
"subdivid",3,3
"substanc",3,3
"subtask",3,3
"summat",3,3
"superalloy",3,3
"superconduct",3,3
"supercrit",3,3
"superposit",3,3
"surpris",3,3
"svmd",3,3
"svrs",3,3
"sweden",3,3
"tablet",3,3
"taipow",3,3
"tall",3,3
"tax",3,3
"tcnbase",3,3
"tedious",3,3
"televis",3,3
"tenfold",3,3
"tensorflow",3,3
"textil",3,3
"thd",3,3
"theil",3,3
"theorybas",3,3
"think",3,3
"thresholdbas",3,3
"tic",3,3
"timeout",3,3
"titan",3,3
"today’",3,3
"town",3,3
"toyota",3,3
"tracker",3,3
"trader",3,3
"transformbas",3,3
"transvers",3,3
"triaxial",3,3
"truli",3,3
"tsos",3,3
"twothird",3,3
"twoway",3,3
"ucla",3,3
"ultrafast",3,3
"ultrasound",3,3
"unconstrain",3,3
"uncoordin",3,3
"underdevelop",3,3
"underlay",3,3
"underlin",3,3
"underload",3,3
"undoubt",3,3
"unload",3,3
"unnecessarili",3,3
"unobtrus",3,3
"unreason",3,3
"unwil",3,3
"user’",3,3
"valenc",3,3
"vehicletogrid",3,3
"verilog",3,3
"versa",3,3
"vice",3,3
"visionbas",3,3
"visit",3,3
"warrant",3,3
"watch",3,3
"waveletbas",3,3
"wax",3,3
"wealth",3,3
"wholebuild",3,3
"wilcoxon",3,3
"willing",3,3
"wise",3,3
"wood",3,3
"wrong",3,3
"xiao",3,3
"xinjiang",3,3
"yunnan",3,3
"zhao",3,3
"zno",3,3
"zscore",3,3
"sbox",2,17
"curtain",2,16
"tsv",2,15
"blackstart",2,14
"disassembl",2,14
"ble",2,13
"hrt",2,13
"sfc",2,13
"microvalv",2,12
"mushroom",2,12
"vawt",2,12
"acmv",2,11
"axon",2,11
"ead",2,11
"lds",2,11
"meg",2,11
"ras",2,11
"twt",2,11
"vvo",2,11
"yarn",2,11
"balloon",2,10
"ejector",2,10
"hvdc",2,10
"img",2,10
"mcdi",2,10
"npp",2,10
"pcms",2,10
"reg",2,10
"roi",2,10
"weld",2,10
"ashp",2,9
"catalysi",2,9
"cran",2,9
"dts",2,9
"ferroelectr",2,9
"flask",2,9
"micropump",2,9
"nir",2,9
"quadratur",2,9
"repair",2,9
"scratch",2,9
"touch",2,9
"backlight",2,8
"colour",2,8
"css",2,8
"endoscopi",2,8
"fractal",2,8
"hdr",2,8
"mortar",2,8
"pat",2,8
"preconcentr",2,8
"selexol",2,8
"shake",2,8
"ski",2,8
"solder",2,8
"spray",2,8
"topcel",2,8
"torrefact",2,8
"udi",2,8
"usv",2,8
"vpc",2,8
"aard",2,7
"actor",2,7
"bhe",2,7
"biochar",2,7
"ccr",2,7
"clay",2,7
"crane",2,7
"cvt",2,7
"cyanid",2,7
"dea",2,7
"dock",2,7
"enos",2,7
"fbr",2,7
"flowpass",2,7
"freight",2,7
"gait",2,7
"iiv",2,7
"intercal",2,7
"purg",2,7
"rdpg",2,7
"roam",2,7
"sbp",2,7
"shaanxi",2,7
"sng",2,7
"softsens",2,7
"superhydrophob",2,7
"swro",2,7
"tsne",2,7
"wus",2,7
"anen",2,6
"backsheet",2,6
"batteryswap",2,6
"btb",2,6
"building’",2,6
"carfollow",2,6
"cochlear",2,6
"conveyor",2,6
"downconvert",2,6
"ehwsn",2,6
"eon",2,6
"evc",2,6
"gsi",2,6
"hevc",2,6
"imo",2,6
"intercool",2,6
"iov",2,6
"itr",2,6
"kite",2,6
"kla",2,6
"lib",2,6
"lid",2,6
"lmpc",2,6
"lscs",2,6
"mcmc",2,6
"microhotpl",2,6
"mps",2,6
"msa",2,6
"nanotubebas",2,6
"npc",2,6
"nzeb",2,6
"onestag",2,6
"openflow",2,6
"oven",2,6
"overlay",2,6
"prereduct",2,6
"pulp",2,6
"pumpedstorag",2,6
"qnn",2,6
"ris",2,6
"sat",2,6
"seat",2,6
"smc",2,6
"ssd",2,6
"supermarket",2,6
"sws",2,6
"thermofluid",2,6
"thermoradi",2,6
"thruster",2,6
"tokamak",2,6
"trustworthi",2,6
"vac",2,6
"wsan",2,6
"wsf",2,6
" kw",2,5
"adhes",2,5
"aem",2,5
"agmd",2,5
"ahus",2,5
"amv",2,5
"annulus",2,5
"asp",2,5
"backhaul",2,5
"barometr",2,5
"biopotenti",2,5
"cabinet",2,5
"cac",2,5
"cargo",2,5
"ccp",2,5
"choleski",2,5
"chromit",2,5
"circumsolar",2,5
"coprocessor",2,5
"coupler",2,5
"dead",2,5
"dem",2,5
"dimpl",2,5
"dmc",2,5
"drrip",2,5
"ductil",2,5
"ecc",2,5
"ecr",2,5
"eelm",2,5
"efficiencybas",2,5
"elc",2,5
"fcrbm",2,5
"fir",2,5
"flatplat",2,5
"flc",2,5
"garbag",2,5
"gcm",2,5
"hexan",2,5
"holdup",2,5
"htf",2,5
"htpemfc",2,5
"hydrogel",2,5
"igwo",2,5
"impregn",2,5
"inciner",2,5
"indent",2,5
"isac",2,5
"ise",2,5
"isi",2,5
"kcalmol",2,5
"kelm",2,5
"keyword",2,5
"kno",2,5
"lse",2,5
"manhattan",2,5
"marl",2,5
"mcts",2,5
"meal",2,5
"mgcodl",2,5
"misalign",2,5
"mixedfrequ",2,5
"multijunct",2,5
"mxene",2,5
"nio",2,5
"nns",2,5
"nre",2,5
"opv",2,5
"photograph",2,5
"plcs",2,5
"postretrofit",2,5
"preemption",2,5
"purityrecoveri",2,5
"radix",2,5
"rhythm",2,5
"rie",2,5
"rlc",2,5
"roadsafeti",2,5
"rtp",2,5
"rtus",2,5
"rvc",2,5
"rwe",2,5
"shale",2,5
"shj",2,5
"sms",2,5
"solarredox",2,5
"stereo",2,5
"supercharg",2,5
"supersatur",2,5
"surviv",2,5
"tape",2,5
"tce",2,5
"tdc",2,5
"tetracyclin",2,5
"thermion",2,5
"thermohydraul",2,5
"uasn",2,5
"uaven",2,5
"unlicens",2,5
"utyp",2,5
"warehous",2,5
"abm",2,4
"advisori",2,4
"allair",2,4
"alli",2,4
"appl",2,4
"asih",2,4
"biglittl",2,4
"biobject",2,4
"biofilm",2,4
"biorthogon",2,4
"boron",2,4
"cachelin",2,4
"cae",2,4
"calorimet",2,4
"caltech",2,4
"cane",2,4
"cardiovascular",2,4
"catholyt",2,4
"ccc",2,4
"certaintyequival",2,4
"char",2,4
"cmc",2,4
"cmps",2,4
"comminut",2,4
"crystallinesi",2,4
"csr",2,4
"dab",2,4
"dbo",2,4
"ded",2,4
"deeplabv",2,4
"deg",2,4
"designtim",2,4
"detour",2,4
"dgp",2,4
"digest",2,4
"dim",2,4
"dps",2,4
"driftdiffus",2,4
"electricityheathydrogen",2,4
"electroact",2,4
"enzym",2,4
"eras",2,4
"ethyl",2,4
"euro",2,4
"ferrochrom",2,4
"fischertropsch",2,4
"flap",2,4
"flashov",2,4
"flexion",2,4
"forecastingschedul",2,4
"fullload",2,4
"geoloc",2,4
"glider",2,4
"glucos",2,4
"gridvoltag",2,4
"halfangl",2,4
"handoff",2,4
"helium",2,4
"highstrength",2,4
"hydrolys",2,4
"idt",2,4
"ieo",2,4
"inflect",2,4
"internalmodel",2,4
"italian",2,4
"jpl",2,4
"kgs",2,4
"koa",2,4
"kwhkg",2,4
"ladl",2,4
"lamp",2,4
"lens",2,4
"liber",2,4
"lipschitz",2,4
"llcs",2,4
"llms",2,4
"longendur",2,4
"longev",2,4
"lowif",2,4
"lunar",2,4
"mab",2,4
"mcfc",2,4
"memrist",2,4
"microgener",2,4
"mixedprecis",2,4
"mlss",2,4
"monofaci",2,4
"moo",2,4
"mrf",2,4
"multiclust",2,4
"multifract",2,4
"multigranular",2,4
"multiti",2,4
"nerv",2,4
"neutralpoint",2,4
"nonisotherm",2,4
"offroad",2,4
"offsit",2,4
"osc",2,4
"overcharg",2,4
"parameteris",2,4
"patholog",2,4
"pdr",2,4
"pfc",2,4
"photoelectrochem",2,4
"pickup",2,4
"pmu",2,4
"portland",2,4
"powertoga",2,4
"ppc",2,4
"preprocessor",2,4
"preretrofit",2,4
"propan",2,4
"prosthesi",2,4
"psr",2,4
"pss",2,4
"rayleigh",2,4
"repuls",2,4
"retract",2,4
"roast",2,4
"rudder",2,4
"sbss",2,4
"scalefre",2,4
"scn",2,4
"scuc",2,4
"segreg",2,4
"slim",2,4
"smarthom",2,4
"solarpv",2,4
"solartohydrogen",2,4
"spf",2,4
"spider",2,4
"sqp",2,4
"stc",2,4
"std",2,4
"subcel",2,4
"sublay",2,4
"suspect",2,4
"tether",2,4
"thinwal",2,4
"tile",2,4
"torrefi",2,4
"tpms",2,4
"trunk",2,4
"tsch",2,4
"tsi",2,4
"typhoon",2,4
"uae",2,4
"uavassist",2,4
"upconvers",2,4
"variablelength",2,4
"void",2,4
"widen",2,4
"windhydrotherm",2,4
"wts",2,4
"xgb",2,4
"zeroshot",2,4
" day",2,3
" pct",2,3
"“carbon",2,3
"abovement",2,3
"accident",2,3
"activedamp",2,3
"airplan",2,3
"ait",2,3
"alkali",2,3
"alwayson",2,3
"anaerob",2,3
"anemomet",2,3
"aquacultur",2,3
"arimax",2,3
"asi",2,3
"attic",2,3
"autocorrelationbas",2,3
"avc",2,3
"axialflux",2,3
"axisymmetr",2,3
"backpressur",2,3
"backscatt",2,3
"backtrack",2,3
"beat",2,3
"bend",2,3
"benzen",2,3
"bike",2,3
"binar",2,3
"bionic",2,3
"bitwis",2,3
"boat",2,3
"brownian",2,3
"bucket",2,3
"buildup",2,3
"burgeon",2,3
"buri",2,3
"cam",2,3
"cas",2,3
"cbs",2,3
"cdcs",2,3
"cea",2,3
"ceria",2,3
"cgt",2,3
"chargesustain",2,3
"cloudcomput",2,3
"cmp",2,3
"coco",2,3
"communicationeffici",2,3
"conic",2,3
"consumers’",2,3
"controlflow",2,3
"copperbas",2,3
"corioli",2,3
"coschedul",2,3
"costawar",2,3
"countermeasur",2,3
"cpc",2,3
"cramérrao",2,3
"crosspoint",2,3
"dakota",2,3
"daylong",2,3
"dbc",2,3
"degreeoffreedom",2,3
"delaylock",2,3
"delm",2,3
"depthwis",2,3
"dicarboxyl",2,3
"dice",2,3
"differenc",2,3
"directdr",2,3
"disc",2,3
"dmpcbase",2,3
"dose",2,3
"doubleskin",2,3
"downhol",2,3
"dsc",2,3
"dshw",2,3
"dtc",2,3
"dummi",2,3
"duplex",2,3
"ecp",2,3
"egypt",2,3
"elit",2,3
"emg",2,3
"enablingdis",2,3
"enddevic",2,3
"enertalk",2,3
"equilibriumbas",2,3
"erm",2,3
"evacu",2,3
"excurs",2,3
"fairbank",2,3
"falsealarm",2,3
"fanet",2,3
"fastact",2,3
"fastscal",2,3
"fcc",2,3
"fcs",2,3
"fdd",2,3
"finitest",2,3
"firststag",2,3
"fluorin",2,3
"forecastingaid",2,3
"foresight",2,3
"freeform",2,3
"freerun",2,3
"fuelfir",2,3
"fuzzyen",2,3
"gabas",2,3
"galvan",2,3
"gca",2,3
"gcpv",2,3
"gev",2,3
"goshawk",2,3
"gwa",2,3
"haze",2,3
"hbi",2,3
"heav",2,3
"hepa",2,3
"hessian",2,3
"highcapac",2,3
"highenergyeffici",2,3
"highlyassoci",2,3
"highpowerdens",2,3
"histogram",2,3
"honey",2,3
"hull",2,3
"hydrokinet",2,3
"hydrolog",2,3
"hypervolum",2,3
"iceemdan",2,3
"ida",2,3
"ieq",2,3
"incentiv",2,3
"incoher",2,3
"incompress",2,3
"infil",2,3
"influx",2,3
"insampl",2,3
"interband",2,3
"interrog",2,3
"interstag",2,3
"intestin",2,3
"intrapatch",2,3
"intraweek",2,3
"invent",2,3
"itc",2,3
"jensen",2,3
"kev",2,3
"kgday",2,3
"kjmol",2,3
"kmedoid",2,3
"knee",2,3
"knowledgebas",2,3
"kwhkm",2,3
"labor",2,3
"lagrangianbas",2,3
"lamin",2,3
"latchtyp",2,3
"lcl",2,3
"limeston",2,3
"lion",2,3
"livestock",2,3
"lltm",2,3
"lmp",2,3
"localityawar",2,3
"lowpric",2,3
"lube",2,3
"lvm",2,3
"maf",2,3
"mammalian",2,3
"membranebas",2,3
"metamateri",2,3
"mexico",2,3
"mff",2,3
"mhe",2,3
"microalga",2,3
"microstructur",2,3
"mmg",2,3
"mmthick",2,3
"mobilityawar",2,3
"moga",2,3
"mover",2,3
"mppc",2,3
"msf",2,3
"multiarea",2,3
"multiclass",2,3
"multicompart",2,3
"multiconvert",2,3
"multifrequ",2,3
"multig",2,3
"multihorizon",2,3
"mwh",2,3
"nanochannel",2,3
"nanofiltr",2,3
"nearthreshold",2,3
"nich",2,3
"nonconcentr",2,3
"nonfunct",2,3
"nonpredict",2,3
"northeastern",2,3
"nowcast",2,3
"npv",2,3
"ntl",2,3
"nutrient",2,3
"nyquist",2,3
"obliqu",2,3
"occupancybas",2,3
"offga",2,3
"ontim",2,3
"openpit",2,3
"osr",2,3
"ota",2,3
"outward",2,3
"packedb",2,3
"pam",2,3
"patientspecif",2,3
"pct",2,3
"peninsular",2,3
"pile",2,3
"pmvbase",2,3
"poisson",2,3
"pouch",2,3
"powersuppli",2,3
"preclud",2,3
"privileg",2,3
"prog",2,3
"protein",2,3
"psoga",2,3
"pue",2,3
"pvelectrolyz",2,3
"pyrheliomet",2,3
"pyroelectr",2,3
"qrnnt",2,3
"quadrotor",2,3
"qubit",2,3
"ramprat",2,3
"rebalanc",2,3
"recompress",2,3
"reflux",2,3
"regd",2,3
"reservationbas",2,3
"resourceawar",2,3
"resourceintens",2,3
"restructur",2,3
"roadsid",2,3
"roadway",2,3
"sae",2,3
"salp",2,3
"sam",2,3
"sarsa",2,3
"sca",2,3
"scl",2,3
"scrubber",2,3
"selfheat",2,3
"sequencebas",2,3
"seriesconnect",2,3
"servo",2,3
"settl",2,3
"shaken",2,3
"shark",2,3
"siemen",2,3
"siliconbas",2,3
"singlewal",2,3
"skyimag",2,3
"snns",2,3
"solardriven",2,3
"solidliquid",2,3
"solvat",2,3
"solventbas",2,3
"spacetim",2,3
"spatioor",2,3
"spectroscop",2,3
"stanc",2,3
"statebas",2,3
"stepbystep",2,3
"stirrer",2,3
"storm",2,3
"sttram",2,3
"subcool",2,3
"submiss",2,3
"subsea",2,3
"subsign",2,3
"sydney",2,3
"synchrophasor",2,3
"synerget",2,3
"tcnbigru",2,3
"therapeut",2,3
"tighten",2,3
"timeaverag",2,3
"timegan",2,3
"timeofday",2,3
"timeslot",2,3
"timestamp",2,3
"tooth",2,3
"tow",2,3
"tract",2,3
"tradaboost",2,3
"transmembran",2,3
"tray",2,3
"triangular",2,3
"tsr",2,3
"turbinegener",2,3
"udn",2,3
"uhf",2,3
"ultra",2,3
"unet",2,3
"upscal",2,3
"uptim",2,3
"usd",2,3
"vanadium",2,3
"vnfs",2,3
"von",2,3
"vpps",2,3
"vsa",2,3
"waterga",2,3
"wellcalibr",2,3
"wellhead",2,3
"wgan",2,3
"writeintens",2,3
"xlstm",2,3
"yolo",2,3
"yolov",2,3
"μlmin",2,3
" compar",2,2
" mw",2,2
"“doubl",2,2
"“rang",2,2
"°′e",2,2
"°′n",2,2
"aalborg",2,2
"abound",2,2
"abplan",2,2
"accuracy”",2,2
"acidif",2,2
"acn",2,2
"acryl",2,2
"activationdeactiv",2,2
"activereact",2,2
"acycl",2,2
"ada",2,2
"adaboost",2,2
"adjoint",2,2
"admr",2,2
"aemo",2,2
"aerosol",2,2
"africa",2,2
"agenc",2,2
"agglom",2,2
"agglomer",2,2
"ahp",2,2
"aic",2,2
"airbas",2,2
"aka",2,2
"alaska",2,2
"albeit",2,2
"alexnet",2,2
"algorithmadapt",2,2
"alik",2,2
"almería",2,2
"alo",2,2
"altera",2,2
"altogeth",2,2
"alu",2,2
"ambulatori",2,2
"amd",2,2
"amelior",2,2
"amend",2,2
"amg",2,2
"ammet",2,2
"ammonium",2,2
"amort",2,2
"anisotropi",2,2
"ansi",2,2
"anthropogen",2,2
"antivirus",2,2
"antonio",2,2
"anxiety”",2,2
"apach",2,2
"apertur",2,2
"arab",2,2
"arabian",2,2
"arrhythmia",2,2
"asbuilt",2,2
"assault",2,2
"astronom",2,2
"astronomi",2,2
"atlanta",2,2
"attest",2,2
"auc",2,2
"aviat",2,2
"await",2,2
"axe",2,2
"azeotrop",2,2
"backlog",2,2
"backstep",2,2
"bandpass",2,2
"batterybas",2,2
"bayesianoptim",2,2
"beamwav",2,2
"beforehand",2,2
"begun",2,2
"belgian",2,2
"berth",2,2
"bestperform",2,2
"bfgs",2,2
"bga",2,2
"bibliometr",2,2
"bic",2,2
"bicmo",2,2
"bilstmattent",2,2
"biobas",2,2
"biodegrad",2,2
"bioelectr",2,2
"bioenergi",2,2
"bismuth",2,2
"bitcn",2,2
"bitdepth",2,2
"biterror",2,2
"bitwidth",2,2
"blackbodi",2,2
"blow",2,2
"blue",2,2
"blueprint",2,2
"blur",2,2
"bmj",2,2
"boa",2,2
"bootstrapbas",2,2
"born",2,2
"box–cox",2,2
"boxplot",2,2
"bptm",2,2
"brainmachin",2,2
"brand",2,2
"brayton",2,2
"breaker",2,2
"buckboost",2,2
"bump",2,2
"burner",2,2
"burst",2,2
"butlervolm",2,2
"buyer",2,2
"cachebas",2,2
"cad",2,2
"cadenc",2,2
"calculus",2,2
"cambas",2,2
"cancel",2,2
"carbohydr",2,2
"carbon”",2,2
"carbonintens",2,2
"carbonyl",2,2
"carlobas",2,2
"carsim",2,2
"casualti",2,2
"catalyz",2,2
"cdma",2,2
"cellbatteri",2,2
"celltocel",2,2
"cellulos",2,2
"centro",2,2
"certif",2,2
"certifi",2,2
"chandigarh",2,2
"charter",2,2
"cheaper",2,2
"chemicalloop",2,2
"chicago",2,2
"chilean",2,2
"china’",2,2
"chisquar",2,2
"choke",2,2
"chord",2,2
"chronic",2,2
"ciesol",2,2
"cirp",2,2
"cisco",2,2
"citizen",2,2
"citylevel",2,2
"clariti",2,2
"clearer",2,2
"cleavag",2,2
"climatolog",2,2
"climb",2,2
"closeform",2,2
"cloudedg",2,2
"cm−",2,2
"cma",2,2
"cnngru",2,2
"cnnlong",2,2
"coalesc",2,2
"coarser",2,2
"coarsescal",2,2
"coarsetofin",2,2
"coli",2,2
"colorado",2,2
"columnandconstraint",2,2
"combinedcycl",2,2
"commenc",2,2
"committe",2,2
"commonlyus",2,2
"commonmod",2,2
"companion",2,2
"compel",2,2
"competitor",2,2
"complementar",2,2
"comprehend",2,2
"compressionignit",2,2
"computationintens",2,2
"comsol",2,2
"conceal",2,2
"concert",2,2
"concomit",2,2
"consensusbas",2,2
"consortium",2,2
"constantspe",2,2
"constantvoltag",2,2
"consult",2,2
"contentbas",2,2
"continuouscontrolset",2,2
"controltooutput",2,2
"convolutionbas",2,2
"cook",2,2
"coolingbas",2,2
"coolingh",2,2
"coolingrel",2,2
"corich",2,2
"corrug",2,2
"cortex",2,2
"cortexa",2,2
"cosmor",2,2
"costsav",2,2
"costsensit",2,2
"cot",2,2
"counti",2,2
"cpg",2,2
"crash",2,2
"crn",2,2
"crns",2,2
"crossbuild",2,2
"crossconnect",2,2
"crossflow",2,2
"crossform",2,2
"crow",2,2
"cue",2,2
"cycleaccur",2,2
"dacapo",2,2
"dampheat",2,2
"das",2,2
"datadepend",2,2
"dataeffici",2,2
"dataintens",2,2
"datasheet",2,2
"davi",2,2
"dawn",2,2
"daylit",2,2
"dbscan",2,2
"dealt",2,2
"debat",2,2
"deblock",2,2
"dec",2,2
"decathlon",2,2
"decent",2,2
"deeplevel",2,2
"defens",2,2
"deferr",2,2
"degreeday",2,2
"degreesoffreedom",2,2
"delayawar",2,2
"deleg",2,2
"deleteri",2,2
"deliber",2,2
"deliver",2,2
"denial",2,2
"denser",2,2
"derat",2,2
"descriptor",2,2
"designspac",2,2
"desulphur",2,2
"diabet",2,2
"diari",2,2
"dictionari",2,2
"digitaltwin",2,2
"dilemma",2,2
"dimethyl",2,2
"directconvers",2,2
"dirichlet",2,2
"discretis",2,2
"disjoint",2,2
"disjunct",2,2
"dissimilar",2,2
"dissoci",2,2
"distant",2,2
"distributionlevel",2,2
"dither",2,2
"divert",2,2
"divideandconqu",2,2
"dnos",2,2
"domainspecif",2,2
"donor",2,2
"dormitori",2,2
"doubleg",2,2
"doublesid",2,2
"doublyf",2,2
"downwind",2,2
"dqn",2,2
"dragonfli",2,2
"driverassist",2,2
"driverindividu",2,2
"droopbas",2,2
"drum",2,2
"duncan",2,2
"duplic",2,2
"dusti",2,2
"dwindl",2,2
"eagl",2,2
"eap",2,2
"easytoimpl",2,2
"easytous",2,2
"ecoapproach",2,2
"ecommerc",2,2
"edgebas",2,2
"edgecloud",2,2
"edison",2,2
"effectu",2,2
"eject",2,2
"ekfbas",2,2
"elect",2,2
"electricpow",2,2
"electricvehicl",2,2
"electroencephalogram",2,2
"electroencephalographi",2,2
"electromyographi",2,2
"electroosmot",2,2
"elicit",2,2
"elmbas",2,2
"emerald",2,2
"emir",2,2
"enclos",2,2
"endeffector",2,2
"endotherm",2,2
"endpoint",2,2
"energía",2,2
"energyconstrain",2,2
"energyusag",2,2
"eng",2,2
"enjoy",2,2
"enlighten",2,2
"enrol",2,2
"entertain",2,2
"entic",2,2
"entitl",2,2
"entropybas",2,2
"entso",2,2
"environmentfriend",2,2
"epa",2,2
"episod",2,2
"epitaxi",2,2
"equationbas",2,2
"equilibria",2,2
"erad",2,2
"eros",2,2
"errorbound",2,2
"espoo",2,2
"essenc",2,2
"etch",2,2
"ether",2,2
"etth",2,2
"eutroph",2,2
"evergrow",2,2
"everyday",2,2
"everyth",2,2
"everywher",2,2
"evinc",2,2
"évora",2,2
"ewma",2,2
"exemplari",2,2
"experimentallyvalid",2,2
"expertis",2,2
"extinct",2,2
"extrema",2,2
"extrins",2,2
"fahd",2,2
"fanger",2,2
"farada",2,2
"fascin",2,2
"feedin",2,2
"femtocel",2,2
"feo",2,2
"ferromagnet",2,2
"fewshot",2,2
"fielddeploy",2,2
"finergrain",2,2
"finiteset",2,2
"finitetim",2,2
"firmwar",2,2
"fishey",2,2
"fiveparamet",2,2
"fixedschedul",2,2
"fixedw",2,2
"fixtur",2,2
"fjbit",2,2
"fjconversionstep",2,2
"flag",2,2
"flammabl",2,2
"flicker",2,2
"flop",2,2
"flourish",2,2
"flowbas",2,2
"flowcontrol",2,2
"fluidizedb",2,2
"fluorid",2,2
"foil",2,2
"foremost",2,2
"foreseen",2,2
"fortifi",2,2
"forum",2,2
"fossilbas",2,2
"fourarea",2,2
"fourfold",2,2
"fourstag",2,2
"fourstep",2,2
"fouryear",2,2
"framess",2,2
"framework’",2,2
"fraudul",2,2
"freestream",2,2
"frequencydivis",2,2
"fresnel",2,2
"frog",2,2
"fruit",2,2
"fsmpc",2,2
"fuelbas",2,2
"fullsystem",2,2
"further",2,2
"fusionbas",2,2
"gainassb",2,2
"gainschedul",2,2
"galerkin",2,2
"gametheoret",2,2
"gamma",2,2
"gansu",2,2
"gapso",2,2
"gascool",2,2
"gass",2,2
"gasvm",2,2
"gat",2,2
"gauss–newton",2,2
"generators’",2,2
"genom",2,2
"geofenc",2,2
"geyser",2,2
"globe",2,2
"gmm",2,2
"goodnessoffit",2,2
"gorg",2,2
"got",2,2
"gothenburgsweden",2,2
"gramian",2,2
"gridsuppli",2,2
"groundwork",2,2
"groupbas",2,2
"guo",2,2
"handcraft",2,2
"handshak",2,2
"harmoni",2,2
"hdtv",2,2
"headach",2,2
"headroom",2,2
"heatdissip",2,2
"heatingcool",2,2
"heattoelectr",2,2
"hebei",2,2
"hedg",2,2
"heighten",2,2
"hemicellulos",2,2
"hemispher",2,2
"henan",2,2
"henri",2,2
"hermit",2,2
"hexagon",2,2
"hide",2,2
"highdefinit",2,2
"higherlevel",2,2
"highlow",2,2
"highpass",2,2
"highpenetr",2,2
"hightech",2,2
"highwindpenetr",2,2
"hilli",2,2
"historybas",2,2
"hitherto",2,2
"hitrat",2,2
"homeostasi",2,2
"honolulu",2,2
"honor",2,2
"hotter",2,2
"hourbyhour",2,2
"hourlybas",2,2
"httpscreativecommonsorglicensesbi",2,2
"huffman",2,2
"humanbuild",2,2
"humanmachin",2,2
"hunan",2,2
"hungari",2,2
"hungri",2,2
"hydrogenrich",2,2
"hydrostat",2,2
"hydroxid",2,2
"hyper",2,2
"hysi",2,2
"ibpsa",2,2
"ieeert",2,2
"igi",2,2
"iivi",2,2
"illequip",2,2
"immobil",2,2
"imperialist",2,2
"incept",2,2
"indian",2,2
"infe",2,2
"infeas",2,2
"infecti",2,2
"informationdriven",2,2
"ingest",2,2
"inhous",2,2
"inp",2,2
"insect",2,2
"insecur",2,2
"instig",2,2
"intelligencebas",2,2
"interclust",2,2
"interdigit",2,2
"interlink",2,2
"internetbas",2,2
"interprocessor",2,2
"interrel",2,2
"invessel",2,2
"investigación",2,2
"invis",2,2
"iointens",2,2
"ioten",2,2
"ipbas",2,2
"ipc",2,2
"ipcc",2,2
"ipso",2,2
"iri",2,2
"irrespect",2,2
"isca",2,2
"isotrop",2,2
"israel",2,2
"jam",2,2
"japanes",2,2
"jaya",2,2
"jerk",2,2
"jerseymaryland",2,2
"jing",2,2
"judici",2,2
"justif",2,2
"karushkuhntuck",2,2
"kcl",2,2
"kerosen",2,2
"kic",2,2
"kilometr",2,2
"king",2,2
"kit",2,2
"knearestneighbor",2,2
"knudsen",2,2
"kolmogorovarnold",2,2
"kurtosi",2,2
"labonachip",2,2
"laborintens",2,2
"ladder",2,2
"laid",2,2
"largesign",2,2
"latencysensit",2,2
"lattic",2,2
"lcc",2,2
"ldr",2,2
"leadacid",2,2
"leaner",2,2
"learningdriven",2,2
"learningen",2,2
"leastrec",2,2
"leaveoneout",2,2
"let",2,2
"lieu",2,2
"lifestyl",2,2
"lightemit",2,2
"lighten",2,2
"lighttrigg",2,2
"liquidcool",2,2
"lltmbase",2,2
"lmi",2,2
"localis",2,2
"locationawar",2,2
"loci",2,2
"locus",2,2
"lof",2,2
"lolp",2,2
"longhaul",2,2
"longstand",2,2
"lookasid",2,2
"lookback",2,2
"lorenz",2,2
"lossi",2,2
"lowgrad",2,2
"lowload",2,2
"lowloss",2,2
"lowmedium",2,2
"lowpowerconsumpt",2,2
"lowrat",2,2
"lstmam",2,2
"lumpedparamet",2,2
"lux",2,2
"luxembourg",2,2
"mabe",2,2
"macau",2,2
"machinebas",2,2
"macropor",2,2
"madrid",2,2
"magnetit",2,2
"magnetorheolog",2,2
"magnifi",2,2
"mahalanobi",2,2
"mainland",2,2
"malfunct",2,2
"manageri",2,2
"manmad",2,2
"manufacturers’",2,2
"mao",2,2
"marketbas",2,2
"martingal",2,2
"masterslav",2,2
"mcu",2,2
"meant",2,2
"mechanisticempir",2,2
"mediabench",2,2
"medicin",2,2
"mediterranean",2,2
"memor",2,2
"memoryaccess",2,2
"memorylstm",2,2
"memristorbas",2,2
"merc",2,2
"mesoscop",2,2
"metallurgi",2,2
"metaloxidesemiconductor",2,2
"method’",2,2
"methylammonium",2,2
"metocean",2,2
"metr",2,2
"mgo",2,2
"miami",2,2
"microlevel",2,2
"micromechan",2,2
"microprocessorbas",2,2
"micror",2,2
"microreactor",2,2
"microsoft",2,2
"microsystem",2,2
"microturbin",2,2
"microwatt",2,2
"midfrequ",2,2
"midsiz",2,2
"midwest",2,2
"millisecond",2,2
"milliwatt",2,2
"mimick",2,2
"min−",2,2
"minahead",2,2
"miniaturis",2,2
"minima",2,2
"minitab",2,2
"minus",2,2
"minuteahead",2,2
"minutelevel",2,2
"misjudg",2,2
"miso",2,2
"missingdata",2,2
"mjkg",2,2
"modelagnost",2,2
"models’",2,2
"modelsbas",2,2
"modules’",2,2
"moduli",2,2
"momentari",2,2
"monetari",2,2
"money",2,2
"monolay",2,2
"monoxid",2,2
"morn",2,2
"mote",2,2
"motordr",2,2
"mountain",2,2
"movabl",2,2
"mpps",2,2
"mrt",2,2
"mtoe",2,2
"muhammad",2,2
"multiaccess",2,2
"multibit",2,2
"multicel",2,2
"multichil",2,2
"multicollinear",2,2
"multiconstraint",2,2
"multicrystallin",2,2
"multifacet",2,2
"multigraph",2,2
"multigroup",2,2
"multiloop",2,2
"multimegawatt",2,2
"multiperson",2,2
"multiperspect",2,2
"multiplicationfre",2,2
"multiplyaccumul",2,2
"multiregion",2,2
"multitempor",2,2
"multitimestep",2,2
"multitud",2,2
"multitudin",2,2
"multityp",2,2
"multiunit",2,2
"murcia",2,2
"museum",2,2
"mwp",2,2
"mwth",2,2
"nanj",2,2
"nannochloropsi",2,2
"nanocryst",2,2
"nanofabr",2,2
"nanomet",2,2
"naso",2,2
"natick",2,2
"nationwid",2,2
"navistar",2,2
"nbit",2,2
"nbti",2,2
"nearestneighbor",2,2
"nearfutur",2,2
"nearsurfac",2,2
"nearterm",2,2
"neck",2,2
"negoti",2,2
"nervous",2,2
"networkbidirect",2,2
"networklstm",2,2
"neuralnetworkbas",2,2
"neutrality”",2,2
"nevada",2,2
"newer",2,2
"nic",2,2
"nigeria",2,2
"nilmbas",2,2
"nmos",2,2
"nmse",2,2
"nocbas",2,2
"noiseimmun",2,2
"noncollabor",2,2
"noncondens",2,2
"noncontrol",2,2
"noncrit",2,2
"nonessenti",2,2
"nonexist",2,2
"nonhomogen",2,2
"nonit",2,2
"nonmyop",2,2
"nonneg",2,2
"nonneglig",2,2
"nonnewtonian",2,2
"nonoptim",2,2
"nonprogramm",2,2
"nonredund",2,2
"nonseason",2,2
"nonspin",2,2
"nonstandard",2,2
"nordic",2,2
"northamerican",2,2
"northsouth",2,2
"norway",2,2
"nose",2,2
"notifi",2,2
"notori",2,2
"ntype",2,2
"nyst",2,2
"obey",2,2
"oblig",2,2
"obscur",2,2
"observatori",2,2
"obviat",2,2
"occas",2,2
"occlud",2,2
"occupancypredict",2,2
"occupantcentr",2,2
"ofdm",2,2
"ofdma",2,2
"offhighway",2,2
"offici",2,2
"offstat",2,2
"oman",2,2
"omit",2,2
"oneday",2,2
"onepass",2,2
"oneshot",2,2
"onpeak",2,2
"orderofmagnitud",2,2
"otaniemi",2,2
"outdat",2,2
"outgo",2,2
"overconsumpt",2,2
"overcool",2,2
"overhang",2,2
"overse",2,2
"oversea",2,2
"overwrit",2,2
"ownership",2,2
"pacif",2,2
"pan",2,2
"paralleliz",2,2
"parallelli",2,2
"parametris",2,2
"paritycheck",2,2
"parzen",2,2
"patchtst",2,2
"pathlevel",2,2
"pathogen",2,2
"paulo",2,2
"pces",2,2
"peakhour",2,2
"peculiar",2,2
"pef",2,2
"pennsylvania",2,2
"pennsylvanianew",2,2
"pentos",2,2
"percentil",2,2
"perceptu",2,2
"performanceperwatt",2,2
"performancepow",2,2
"perimet",2,2
"peripher",2,2
"perturbationbas",2,2
"peruvian",2,2
"pet",2,2
"petri",2,2
"phaseshift",2,2
"phasespac",2,2
"phenomenolog",2,2
"philosophi",2,2
"photoelectron",2,2
"photogener",2,2
"photosynthet",2,2
"photovoltaicbas",2,2
"pibas",2,2
"piezoresist",2,2
"pinaw",2,2
"pixellevel",2,2
"plant’",2,2
"plantmodel",2,2
"plasmon",2,2
"playback",2,2
"pleiad",2,2
"plethora",2,2
"pmsg",2,2
"pol",2,2
"polyethylen",2,2
"polygener",2,2
"polyhedr",2,2
"polynomialbas",2,2
"polynomialtim",2,2
"polysi",2,2
"polyvinyliden",2,2
"portray",2,2
"postdisast",2,2
"posteriori",2,2
"posthoc",2,2
"postul",2,2
"potabl",2,2
"potent",2,2
"powerbas",2,2
"powerdown",2,2
"powerdriven",2,2
"powerhungri",2,2
"powerlaw",2,2
"powerpl",2,2
"powersystem",2,2
"powervoltag",2,2
"pre",2,2
"precalcul",2,2
"precomput",2,2
"precondit",2,2
"predecessor",2,2
"predictiondriven",2,2
"predictorcorrector",2,2
"prefetch",2,2
"prefix",2,2
"premix",2,2
"presentday",2,2
"primat",2,2
"principlebas",2,2
"prioritis",2,2
"probabilitybas",2,2
"problemat",2,2
"proceed",2,2
"profession",2,2
"programmat",2,2
"programmingbas",2,2
"proposit",2,2
"pros",2,2
"prosper",2,2
"prosumers’",2,2
"pseudorandom",2,2
"psnr",2,2
"pspice",2,2
"ptm",2,2
"pumpvalv",2,2
"pyranomet",2,2
"qlearningbas",2,2
"qoe",2,2
"qpso",2,2
"qrf",2,2
"quadrant",2,2
"qualif",2,2
"quasiperiod",2,2
"quasisteadi",2,2
"quench",2,2
"quest",2,2
"race",2,2
"radianc",2,2
"radiofrequ",2,2
"ramif",2,2
"rampant",2,2
"randomforest",2,2
"rat",2,2
"rcnn",2,2
"reabsorpt",2,2
"realcod",2,2
"realism",2,2
"realpow",2,2
"rebuild",2,2
"recalibr",2,2
"recast",2,2
"recess",2,2
"reconcil",2,2
"recreat",2,2
"recur",2,2
"regionbas",2,2
"registr",2,2
"regret",2,2
"regulatori",2,2
"reheat",2,2
"remuner",2,2
"reorder",2,2
"republicationredistribut",2,2
"repurpos",2,2
"reput",2,2
"resembl",2,2
"resourcelimit",2,2
"respir",2,2
"restart",2,2
"revolv",2,2
"rfbase",2,2
"ribbon",2,2
"ridgelet",2,2
"risc",2,2
"riski",2,2
"rival",2,2
"rmses",2,2
"rmspe",2,2
"rnnbase",2,2
"robert",2,2
"rom",2,2
"roomtemperatur",2,2
"rössler",2,2
"rrl",2,2
"rsd",2,2
"ruin",2,2
"ruptur",2,2
"said",2,2
"santa",2,2
"são",2,2
"say",2,2
"scaffold",2,2
"scaleddown",2,2
"scanner",2,2
"scholar",2,2
"schottki",2,2
"sciendo",2,2
"scrub",2,2
"scs",2,2
"sdebas",2,2
"sdp",2,2
"secondbest",2,2
"secondlevel",2,2
"secondstag",2,2
"selector",2,2
"selfsuppli",2,2
"seller",2,2
"semiparametr",2,2
"semitranspar",2,2
"sensiblelat",2,2
"septemb",2,2
"sequest",2,2
"sequestr",2,2
"series’",2,2
"sevill",2,2
"sfla",2,2
"shannon",2,2
"sharma",2,2
"sharpen",2,2
"sharpli",2,2
"shelf",2,2
"shine",2,2
"shockleyqueiss",2,2
"shoot",2,2
"shortdist",2,2
"shorttolongterm",2,2
"shortwav",2,2
"shrunk",2,2
"shuffl",2,2
"shutter",2,2
"sibas",2,2
"sichuan",2,2
"sideeffect",2,2
"signaltointerferenceplusnois",2,2
"signaltonoiseratio",2,2
"signedrank",2,2
"silica",2,2
"silver",2,2
"sim",2,2
"simplest",2,2
"simulink®",2,2
"singlechannel",2,2
"singlefamili",2,2
"singlehop",2,2
"singlelay",2,2
"singlelevel",2,2
"singlepath",2,2
"singlepredict",2,2
"singlesid",2,2
"siox",2,2
"skier",2,2
"skinfrict",2,2
"sklearn",2,2
"skutterudit",2,2
"slag",2,2
"smallmolecul",2,2
"smallsiz",2,2
"smoke",2,2
"softwarebas",2,2
"solarbas",2,2
"solidoxid",2,2
"solutionprocess",2,2
"sonic",2,2
"sourceload",2,2
"southfac",2,2
"spanwis",2,2
"specialist",2,2
"spinel",2,2
"spintransf",2,2
"spintron",2,2
"splice",2,2
"spontan",2,2
"sporad",2,2
"sport",2,2
"sputter",2,2
"squash",2,2
"squint",2,2
"staff",2,2
"stainless",2,2
"stanford",2,2
"starter",2,2
"stateactionrewardstateact",2,2
"statelevel",2,2
"stateof",2,2
"stateofth",2,2
"stepsiz",2,2
"steric",2,2
"stick",2,2
"stimulus",2,2
"stoichiometri",2,2
"storey",2,2
"stori",2,2
"streambas",2,2
"streamflow",2,2
"streamlin",2,2
"stretchabl",2,2
"strive",2,2
"subbandgap",2,2
"subbas",2,2
"subhour",2,2
"submicromet",2,2
"submicron",2,2
"submodul",2,2
"subprocess",2,2
"subson",2,2
"subsurfac",2,2
"subtrop",2,2
"suffic",2,2
"sugarcan",2,2
"sulfur",2,2
"sunday",2,2
"sunshin",2,2
"super",2,2
"superflu",2,2
"superpixel",2,2
"supply–demand",2,2
"supportvector",2,2
"surfaceemit",2,2
"surgeri",2,2
"surrogatebas",2,2
"survivor",2,2
"svmbase",2,2
"swedish",2,2
"swift",2,2
"swiss",2,2
"switchoff",2,2
"synthesiz",2,2
"systemmodel",2,2
"tab",2,2
"tac",2,2
"tailormad",2,2
"taipei",2,2
"takagisugeno",2,2
"tamper",2,2
"tangl",2,2
"taper",2,2
"taskori",2,2
"taylorcouett",2,2
"tbat",2,2
"tcpip",2,2
"tdistribut",2,2
"tear",2,2
"technologybas",2,2
"telecom",2,2
"tellurid",2,2
"temp",2,2
"temperatureinduc",2,2
"temporalspati",2,2
"tenant",2,2
"tensil",2,2
"terephthal",2,2
"territori",2,2
"textual",2,2
"thalam",2,2
"theorem",2,2
"theoreticalempir",2,2
"thermaltoelectr",2,2
"thermocoupl",2,2
"threadlevel",2,2
"threetier",2,2
"threewir",2,2
"tianjin",2,2
"tim",2,2
"time–frequ",2,2
"timeawar",2,2
"timebas",2,2
"timecrit",2,2
"timeindex",2,2
"timelag",2,2
"timelin",2,2
"timeofflight",2,2
"timesensit",2,2
"timetomarket",2,2
"titanium",2,2
"tke",2,2
"tomato",2,2
"tonnag",2,2
"topograph",2,2
"tpe",2,2
"trafficawar",2,2
"trail",2,2
"trainabl",2,2
"transduct",2,2
"transposit",2,2
"trapezoid",2,2
"treadmil",2,2
"treestructur",2,2
"triangul",2,2
"trough",2,2
"turbomachin",2,2
"twiddl",2,2
"twist",2,2
"twoaxi",2,2
"twosettl",2,2
"twoyear",2,2
"typifi",2,2
"udd",2,2
"ukdal",2,2
"ullah",2,2
"unattend",2,2
"unawar",2,2
"uncod",2,2
"uncommon",2,2
"underfloor",2,2
"undergon",2,2
"underperform",2,2
"underpin",2,2
"uneconom",2,2
"unfair",2,2
"unfamiliar",2,2
"unfold",2,2
"unforeseen",2,2
"unicast",2,2
"unintent",2,2
"uninterrupt",2,2
"uniti",2,2
"unlock",2,2
"unrealist",2,2
"unsecur",2,2
"unsuit",2,2
"untap",2,2
"untreat",2,2
"upperlay",2,2
"upperlevel",2,2
"usb",2,2
"ushap",2,2
"utsa",2,2
"valencia",2,2
"valuat",2,2
"vectorvalu",2,2
"vehicletovehicl",2,2
"verticalaxi",2,2
"verticalcav",2,2
"vesta",2,2
"vhdl",2,2
"vibrationbas",2,2
"victim",2,2
"viscoelast",2,2
"visiblelight",2,2
"vissim",2,2
"vitro",2,2
"volcan",2,2
"volt",2,2
"voltaic",2,2
"vshape",2,2
"vsp",2,2
"waferlevel",2,2
"wan",2,2
"want",2,2
"waterbas",2,2
"waterelectr",2,2
"watersplit",2,2
"wbsn",2,2
"wbsns",2,2
"wcet",2,2
"weaker",2,2
"weatherrel",2,2
"weathersensit",2,2
"weigh",2,2
"wellb",2,2
"wellbor",2,2
"welldefin",2,2
"welldesign",2,2
"welldevelop",2,2
"wellrecogn",2,2
"welltrain",2,2
"wellunderstood",2,2
"wetbulb",2,2
"weva",2,2
"wgs",2,2
"widerang",2,2
"widow",2,2
"windbas",2,2
"windowbas",2,2
"windowtowal",2,2
"windpv",2,2
"windstorag",2,2
"windturbin",2,2
"winwin",2,2
"wish",2,2
"wltc",2,2
"wmape",2,2
"wms",2,2
"wnn",2,2
"workday",2,2
"workshop",2,2
"workstat",2,2
"worsen",2,2
"worthwhil",2,2
"wrap",2,2
"wrfbase",2,2
"writeback",2,2
"yan",2,2
"yes",2,2
"young",2,2
"zenith",2,2
"zerocarbon",2,2
"zerodimension",2,2
"zeroenergi",2,2
"zerosequ",2,2
"zhong",2,2
"zhu",2,2
"zirconia",2,2
"zynq",2,2
"screw",1,16
"sns",1,14
"wiegand",1,14
"ald",1,13
"calyx",1,13
"ewh",1,13
"electroadhes",1,12
"rockburst",1,11
"htd",1,10
"htree",1,10
"nozzl",1,10
"pulsat",1,10
"adrx",1,9
"cuvo",1,9
"dcas",1,9
"dpv",1,9
"escifi",1,9
"gpt",1,9
"idc",1,9
"microstrip",1,9
"peel",1,9
"rcf",1,9
"resin",1,9
"tfet",1,9
"urin",1,9
"uvalu",1,9
"bicarbon",1,8
"csf",1,8
"dep",1,8
"depot",1,8
"electrodeion",1,8
"harq",1,8
"ipsi",1,8
"micropin",1,8
"mkwclass",1,8
"paralleldftl",1,8
"pim",1,8
"plls",1,8
"rollform",1,8
"scanlin",1,8
"sia",1,8
"solarcast",1,8
"vrg",1,8
"agv",1,7
"ahah",1,7
"aup",1,7
"backcom",1,7
"bow",1,7
"buildingenergi",1,7
"cascod",1,7
"cda",1,7
"cip",1,7
"cmd",1,7
"cst",1,7
"dfc",1,7
"docker",1,7
"dsa",1,7
"imcc",1,7
"lwtpinn",1,7
"malwar",1,7
"ohl",1,7
"overheat",1,7
"oversubscript",1,7
"pheb",1,7
"pvpg",1,7
"qpmpc",1,7
"queuesens",1,7
"repow",1,7
"sawdust",1,7
"sglqrdnn",1,7
"steg",1,7
"stgcn",1,7
"tourism",1,7
"vec",1,7
"vrram",1,7
"wban",1,7
"airship",1,6
"amrr",1,6
"asap",1,6
"asean",1,6
"asl",1,6
"backpack",1,6
"bacteria",1,6
"bioethanol",1,6
"carbonemiss",1,6
"cbh",1,6
"ccpp",1,6
"cdflow",1,6
"cdr",1,6
"chtc",1,6
"csab",1,6
"drywet",1,6
"dshda",1,6
"earfac",1,6
"ebe",1,6
"ecamc",1,6
"ecf",1,6
"econ",1,6
"eeaf",1,6
"ehrql",1,6
"endoflif",1,6
"fhe",1,6
"gadop",1,6
"gaussmarkov",1,6
"genpath",1,6
"gripper",1,6
"hopper",1,6
"icen",1,6
"iehx",1,6
"ipmc",1,6
"iraf",1,6
"itap",1,6
"lase",1,6
"lasertool",1,6
"lcoa",1,6
"ldg",1,6
"lrc",1,6
"masp",1,6
"mcjfs",1,6
"mde",1,6
"mecanum",1,6
"mlbmpc",1,6
"morph",1,6
"msrra",1,6
"nid",1,6
"nonaqu",1,6
"oct",1,6
"olivin",1,6
"pgnn",1,6
"pht",1,6
"ppsc",1,6
"pto",1,6
"railway",1,6
"rrvb",1,6
"scaf",1,6
"sdrt",1,6
"sensav",1,6
"soap",1,6
"sopc",1,6
"spms",1,6
"srvb",1,6
"sso",1,6
"sthgs",1,6
"subzon",1,6
"tdd",1,6
"therblig",1,6
"tmshcw",1,6
"tough",1,6
"transketolas",1,6
"trona",1,6
"uhsm",1,6
"uran",1,6
"vcdn",1,6
"vcro",1,6
"vdi",1,6
"vess",1,6
"vrb",1,6
"vshp",1,6
"wpg",1,6
"wppi",1,6
"afd",1,5
"apec",1,5
"atpuwsn",1,5
"backcontact",1,5
"bec",1,5
"butterfli",1,5
"bwn",1,5
"ccadsw",1,5
"ccelm",1,5
"cchar",1,5
"ccro",1,5
"ccrs",1,5
"ceed",1,5
"cleavedcoupl",1,5
"cobit",1,5
"cokemak",1,5
"coolmem",1,5
"csrem",1,5
"cus",1,5
"dag",1,5
"dbnar",1,5
"ddn",1,5
"deca",1,5
"denitr",1,5
"destgnn",1,5
"dewh",1,5
"dmp",1,5
"domino",1,5
"dpddwepg",1,5
"dpiec",1,5
"drawdown",1,5
"dsbf",1,5
"dwl",1,5
"ebar",1,5
"ecrm",1,5
"enmpc",1,5
"esdnsdlhf",1,5
"esncnn",1,5
"flexibo",1,5
"flip",1,5
"fs–arima",1,5
"gamut",1,5
"gatedground",1,5
"getebas",1,5
"halt",1,5
"hematit",1,5
"hgrpc",1,5
"hts",1,5
"hwshs",1,5
"hytrem",1,5
"ibr",1,5
"icrm",1,5
"igccm",1,5
"imd",1,5
"ins",1,5
"intraprogram",1,5
"ipv",1,5
"jensengaussian",1,5
"kwclass",1,5
"largediamet",1,5
"lipca",1,5
"lms",1,5
"lpdsm",1,5
"lshape",1,5
"mcovnn",1,5
"mesop",1,5
"metarhdc",1,5
"mfdgpvo",1,5
"mga",1,5
"mgasvr",1,5
"midtolong",1,5
"mmolkg",1,5
"moc",1,5
"mrr",1,5
"msat",1,5
"multiplenod",1,5
"nbtihci",1,5
"ncso",1,5
"nearir",1,5
"nftpv",1,5
"norr",1,5
"paco",1,5
"pcap",1,5
"pedr",1,5
"pmtc",1,5
"polaris",1,5
"prbc",1,5
"pse",1,5
"pudr",1,5
"pvbess",1,5
"qsvm",1,5
"radiologist",1,5
"rlpso",1,5
"rockbreak",1,5
"rodnet",1,5
"rtg",1,5
"rto",1,5
"salti",1,5
"sampler",1,5
"scenario”",1,5
"sdmd",1,5
"sdram",1,5
"seassd",1,5
"sef",1,5
"seismic",1,5
"semiact",1,5
"soe",1,5
"squalen",1,5
"ste",1,5
"subcach",1,5
"sulfoalumin",1,5
"t–dt",1,5
"thermogalvan",1,5
"thermosim",1,5
"tplot",1,5
"tpws",1,5
"tralstm",1,5
"transcontext",1,5
"tvd",1,5
"upset",1,5
"uvgi",1,5
"vpu",1,5
"vshps",1,5
"watervapor",1,5
"wehp",1,5
"withdraw",1,5
"wizsync",1,5
"wuschedonlin",1,5
"abp",1,4
"accordion",1,4
"acp",1,4
"acut",1,4
"adaboostgru",1,4
"adex",1,4
"aer",1,4
"aerogel",1,4
"agrivolta",1,4
"allferroelectr",1,4
"anhui",1,4
"anol",1,4
"aroma",1,4
"atikokan",1,4
"atrium",1,4
"aurora",1,4
"bbus",1,4
"beehiv",1,4
"bimorph",1,4
"biomark",1,4
"bladestrik",1,4
"brittl",1,4
"bti",1,4
"btp",1,4
"bunker",1,4
"cahev",1,4
"carbonreduct",1,4
"ccrfs",1,4
"cdms",1,4
"ceemdanmgwosvm",1,4
"cereal",1,4
"chf",1,4
"chirp",1,4
"circadian",1,4
"click",1,4
"cndc",1,4
"coldstart",1,4
"coml",1,4
"compc",1,4
"conditiontrigg",1,4
"contigu",1,4
"cordic",1,4
"corrupt",1,4
"cough",1,4
"coupon",1,4
"cpa",1,4
"cstwpp",1,4
"dabvf",1,4
"dcc",1,4
"ddwpgs",1,4
"deed",1,4
"demot",1,4
"diem",1,4
"difftsi",1,4
"diodic",1,4
"dlfc",1,4
"dme",1,4
"doascc",1,4
"dpmpc",1,4
"dptm",1,4
"drivenbas",1,4
"dse",1,4
"duck",1,4
"dynsp",1,4
"earphon",1,4
"eav",1,4
"ebb",1,4
"ecamb",1,4
"ecmwf",1,4
"eeac",1,4
"eee",1,4
"efc",1,4
"ehsu",1,4
"electrospun",1,4
"energycyberphys",1,4
"epc",1,4
"esg",1,4
"espir",1,4
"esr",1,4
"evn",1,4
"evtop",1,4
"exsitu",1,4
"falciparum",1,4
"fastab",1,4
"fcfla",1,4
"fcfsbackfil",1,4
"fcpformer",1,4
"fecr",1,4
"fmsp",1,4
"frac",1,4
"frequencycorrect",1,4
"gamer",1,4
"gametheori",1,4
"gen",1,4
"gesig",1,4
"graz",1,4
"gsmpc",1,4
"gtcn",1,4
"habitu",1,4
"happ",1,4
"healthfog",1,4
"hhsmo",1,4
"hie",1,4
"hmtwa",1,4
"hotair",1,4
"hphe",1,4
"hpmocha",1,4
"hrs",1,4
"hsk",1,4
"htms",1,4
"ibworbf",1,4
"idbocnn",1,4
"impc",1,4
"informat",1,4
"innerloop",1,4
"interpos",1,4
"interslic",1,4
"intervalvalu",1,4
"ipb",1,4
"itvof",1,4
"jtcto",1,4
"kitegen",1,4
"kneepoint",1,4
"kwnm",1,4
"lccfs",1,4
"ldac",1,4
"leachr",1,4
"lec",1,4
"leco",1,4
"lithiumsulfur",1,4
"loadabl",1,4
"lphr",1,4
"lstmbpnn",1,4
"mbs",1,4
"mcdm",1,4
"metalfuel",1,4
"metavrain",1,4
"mgcc",1,4
"mgtccp",1,4
"microbubbl",1,4
"microenergygrid",1,4
"migrain",1,4
"milpmpc",1,4
"miou",1,4
"misclassifi",1,4
"mldc",1,4
"mll",1,4
"mocap",1,4
"mpcga",1,4
"mpp",1,4
"msfgcn",1,4
"mtcd",1,4
"mtminspir",1,4
"mtr",1,4
"muon",1,4
"mvl",1,4
"nafion",1,4
"nam",1,4
"ncsoelm",1,4
"netload",1,4
"nib",1,4
"nlf",1,4
"nltl",1,4
"nonfulleren",1,4
"nonpreempt",1,4
"npu",1,4
"nucleoli",1,4
"obepm",1,4
"openban",1,4
"opencl",1,4
"orem",1,4
"paddi",1,4
"pcctes",1,4
"pdh",1,4
"perfus",1,4
"perovskitesilicon",1,4
"physicochem",1,4
"pknot",1,4
"plasmodium",1,4
"pldcnn",1,4
"pmarl",1,4
"polydispers",1,4
"pow",1,4
"preerror",1,4
"propanol",1,4
"prophetlstm",1,4
"puf",1,4
"pvhess",1,4
"pvtcehp",1,4
"qrpatchtst",1,4
"radhard",1,4
"rccuv",1,4
"rdm",1,4
"rdpcordic",1,4
"reattent",1,4
"reforecast",1,4
"rmpc",1,4
"rocof",1,4
"sbnd",1,4
"scint",1,4
"sdr",1,4
"sega",1,4
"sev",1,4
"sgs",1,4
"shm",1,4
"shovel",1,4
"slms",1,4
"smartloc",1,4
"smr",1,4
"softwarecach",1,4
"splittyp",1,4
"spodumen",1,4
"srnn",1,4
"sshape",1,4
"steal",1,4
"steppr",1,4
"stovepow",1,4
"stsif",1,4
"stv",1,4
"subarray",1,4
"subentri",1,4
"superhydrophil",1,4
"tar",1,4
"tcr",1,4
"tcs",1,4
"tdi",1,4
"tem",1,4
"tfnn",1,4
"thf",1,4
"tomographi",1,4
"topt",1,4
"tpmss",1,4
"transpir",1,4
"twhyear",1,4
"ufad",1,4
"ultrafin",1,4
"unari",1,4
"underfil",1,4
"unmachin",1,4
"unmonitor",1,4
"upspb",1,4
"variablelat",1,4
"vcc",1,4
"vcsel",1,4
"vertebr",1,4
"viewer",1,4
"vlc",1,4
"voltagemod",1,4
"vsc",1,4
"webpag",1,4
"windelectr",1,4
"windhybrid",1,4
"wine",1,4
"wjp",1,4
"wrs",1,4
"wshcs",1,4
"wshps",1,4
"znocqdspvdf",1,4
"zro",1,4
"zscc",1,4
" kgmh",1,3
"“responsive”",1,3
"accret",1,3
"aci",1,3
"activo",1,3
"adaboostlstm",1,3
"addf",1,3
"addl",1,3
"aec",1,3
"aepcp",1,3
"afghan",1,3
"afp",1,3
"afpmsg",1,3
"airdrag",1,3
"alcohol",1,3
"algal",1,3
"allianc",1,3
"allpass",1,3
"amc",1,3
"amm",1,3
"amp",1,3
"ampc",1,3
"annwakepow",1,3
"anolyt",1,3
"apaa",1,3
"apportion",1,3
"areram",1,3
"artmm",1,3
"asa",1,3
"asbp",1,3
"asdbo",1,3
"asphalt",1,3
"attractor",1,3
"austenit",1,3
"autoarimax",1,3
"awe",1,3
"axl",1,3
"backboard",1,3
"bas",1,3
"bdc",1,3
"beamlet",1,3
"bert",1,3
"bfmbr",1,3
"bfpnet",1,3
"bhyprec",1,3
"bicycl",1,3
"bigruattentionsenet",1,3
"biker",1,3
"biodiesel",1,3
"bipvt",1,3
"bitlin",1,3
"bldc",1,3
"bnn",1,3
"bnns",1,3
"bocatboost",1,3
"bogus",1,3
"boudouard",1,3
"bps",1,3
"broth",1,3
"browser",1,3
"bsmg",1,3
"bulkrram",1,3
"burnin",1,3
"cabincool",1,3
"caf",1,3
"cal",1,3
"canopykmean",1,3
"caoh",1,3
"carousel",1,3
"cawarm",1,3
"ccrf",1,3
"cdc",1,3
"cdcl",1,3
"ceemdan–cnn–lstm",1,3
"cells’",1,3
"cflru",1,3
"cfpp",1,3
"charging–cool",1,3
"chb",1,3
"cigs",1,3
"circuitswitch",1,3
"claus",1,3
"cldda",1,3
"cldm",1,3
"clg",1,3
"clipstream",1,3
"cmpc",1,3
"cmsms",1,3
"coeq",1,3
"cofir",1,3
"componentmodel",1,3
"concretefil",1,3
"conditionedair",1,3
"connexionist",1,3
"controldepend",1,3
"cooco",1,3
"copahu",1,3
"coplat",1,3
"coppv",1,3
"coracoga",1,3
"costtogo",1,3
"courtyard",1,3
"cpocla",1,3
"cpv",1,3
"cri",1,3
"crih",1,3
"crit",1,3
"crudepetroleum",1,3
"cruentum",1,3
"cscifi",1,3
"csms",1,3
"cso",1,3
"csppv",1,3
"cunio",1,3
"curca",1,3
"currentshar",1,3
"cyber–phys",1,3
"cycloid",1,3
"dabm",1,3
"dapnd",1,3
"dasca",1,3
"datamodel",1,3
"ddhpn",1,3
"dealcohol",1,3
"deepsea",1,3
"deepsolar",1,3
"dfoo",1,3
"dfs",1,3
"dftl",1,3
"dgps",1,3
"dhfdl",1,3
"dic",1,3
"diodesswitch",1,3
"dirsofc",1,3
"disequilibrium",1,3
"dlstm",1,3
"dmgformer",1,3
"dmpiot",1,3
"dmppt",1,3
"dmsfe",1,3
"doa",1,3
"dod",1,3
"doublerow",1,3
"dpa",1,3
"dradvisor",1,3
"dras",1,3
"dress",1,3
"drivelin",1,3
"drlar",1,3
"drnn",1,3
"dslstm",1,3
"dsmvs",1,3
"dsom",1,3
"dss",1,3
"dsscs",1,3
"dus",1,3
"dvspd",1,3
"dwdc",1,3
"eal",1,3
"ear",1,3
"ebf",1,3
"ebik",1,3
"ebr",1,3
"ecam",1,3
"eddsp",1,3
"edflrh",1,3
"edram",1,3
"eelelm",1,3
"eemdfuzzyenlstmnn",1,3
"eer",1,3
"eev",1,3
"egawnn",1,3
"ehealth",1,3
"ehul",1,3
"eld",1,3
"electrichydrogen",1,3
"electrondonor",1,3
"electroopt",1,3
"ellm",1,3
"emdgrampsolssvm",1,3
"empiricallybas",1,3
"energypow",1,3
"energyscal",1,3
"engatbilstm",1,3
"epw",1,3
"eqsr",1,3
"esdn",1,3
"eva",1,3
"evidenti",1,3
"evs",1,3
"evs’",1,3
"ewbas",1,3
"fa–elman",1,3
"fanin",1,3
"fastcharg",1,3
"fcfs",1,3
"fcfsbackfillxint",1,3
"fchv",1,3
"fcu",1,3
"fcus",1,3
"fdca",1,3
"fds",1,3
"federatedgrid",1,3
"felt",1,3
"fev",1,3
"fici",1,3
"filterbas",1,3
"firstlay",1,3
"fivephas",1,3
"fmcw",1,3
"fnet",1,3
"footstep",1,3
"fopidpss",1,3
"foreaft",1,3
"fpct",1,3
"fpid",1,3
"freiburg",1,3
"frozen",1,3
"fsbase",1,3
"ftl",1,3
"fwus",1,3
"gaaco",1,3
"gaasbi",1,3
"gadrn",1,3
"gapsobpnn",1,3
"gasinduc",1,3
"gasvr",1,3
"gcnbil",1,3
"gearshift",1,3
"gencast",1,3
"ghpvc",1,3
"gmestim",1,3
"gmpemlh",1,3
"gnr",1,3
"grass",1,3
"greenhom",1,3
"gridconnectedoffgrid",1,3
"gshpscs",1,3
"gsofc",1,3
"gss",1,3
"gur",1,3
"gus",1,3
"gwobp",1,3
"hardi",1,3
"haz",1,3
"hdc",1,3
"hdgt",1,3
"hee",1,3
"hif",1,3
"hive",1,3
"hlmp",1,3
"hoa",1,3
"hpe",1,3
"hpswpgs",1,3
"hpteg",1,3
"hrv",1,3
"hsrm",1,3
"htdcon",1,3
"htransform",1,3
"humour",1,3
"hydrogasif",1,3
"hyperson",1,3
"iatac",1,3
"iba",1,3
"ichem",1,3
"idbo",1,3
"idrho",1,3
"iem",1,3
"iftform",1,3
"igbt",1,3
"igneous",1,3
"iidg",1,3
"imp",1,3
"imping",1,3
"imu",1,3
"infect",1,3
"inlab",1,3
"inrush",1,3
"int",1,3
"intercalyx",1,3
"interharmon",1,3
"inward",1,3
"ionac",1,3
"iotcloud",1,3
"isbb",1,3
"iwoa",1,3
"kfann",1,3
"kwhmmonth",1,3
"lagoon",1,3
"lamac",1,3
"landfil",1,3
"lcoh",1,3
"lczs",1,3
"ldh",1,3
"leadscrew",1,3
"lectur",1,3
"lightn",1,3
"lignin",1,3
"lmps",1,3
"lmst",1,3
"loadbear",1,3
"lowdrag",1,3
"lowfidel",1,3
"lpc",1,3
"lqe",1,3
"lruwsr",1,3
"lsesn",1,3
"lstmgat",1,3
"ltmopgo",1,3
"ltrt",1,3
"luminoustherm",1,3
"lwp",1,3
"macedonian",1,3
"magnetostrict",1,3
"magnn",1,3
"masdp",1,3
"mathrm",1,3
"mbsrs",1,3
"mclapal",1,3
"mes",1,3
"mesp",1,3
"metacognit",1,3
"metaelm",1,3
"metafalssvr",1,3
"methanogen",1,3
"methanogenesi",1,3
"mgdope",1,3
"mgpr",1,3
"mgt",1,3
"mipmap",1,3
"mit",1,3
"mlrsnn",1,3
"mmc",1,3
"mmcc",1,3
"mmcsess",1,3
"mmin",1,3
"moavc",1,3
"mobiltherm",1,3
"modeldatadriven",1,3
"monodispers",1,3
"mpeee",1,3
"mpg",1,3
"mrtpp",1,3
"mslpgruform",1,3
"msmd",1,3
"msra",1,3
"mtcls",1,3
"mtgprga",1,3
"multiangl",1,3
"multipleindex",1,3
"multitemporalspatialscal",1,3
"myrrha",1,3
"nanocellular",1,3
"nanopillar",1,3
"nde",1,3
"networksbas",1,3
"nfv",1,3
"nlos",1,3
"nmr",1,3
"nonadjust",1,3
"nsga",1,3
"nsgaiitlqr",1,3
"nubian",1,3
"nucleolar",1,3
"nuqdnn",1,3
"nvdla",1,3
"nylon",1,3
"ocog",1,3
"oculata",1,3
"oec",1,3
"onlineupd",1,3
"onoffratio",1,3
"opm",1,3
"opticheat",1,3
"optimizationleast",1,3
"outerloop",1,3
"overactu",1,3
"overv",1,3
"ovf",1,3
"packetswitch",1,3
"papermak",1,3
"patchdlinear",1,3
"pbe",1,3
"pcbbase",1,3
"pclstm",1,3
"pcram",1,3
"pdfs",1,3
"pedotymofnh",1,3
"pefc",1,3
"peltier",1,3
"pemec",1,3
"pftk",1,3
"pgs",1,3
"phlock",1,3
"photovoltag",1,3
"phx",1,3
"phxs",1,3
"pig",1,3
"pkn",1,3
"plenum",1,3
"pmathrm",1,3
"pmra",1,3
"postupgrad",1,3
"powerstag",1,3
"ppls",1,3
"pre‐process",1,3
"preupgrad",1,3
"proenergi",1,3
"prototypeii",1,3
"prrc",1,3
"psdv",1,3
"pullin",1,3
"pushpul",1,3
"pvgf",1,3
"pwa",1,3
"pwarx",1,3
"pwr",1,3
"qei",1,3
"qhs",1,3
"qlsc",1,3
"qmoia",1,3
"qrkddn",1,3
"qrnneucv",1,3
"quaternari",1,3
"quaternion",1,3
"qvnn",1,3
"rackpinion",1,3
"radon",1,3
"railcar",1,3
"rcga",1,3
"rcog",1,3
"reflow",1,3
"rehabilit",1,3
"renawar",1,3
"repd",1,3
"resblock",1,3
"resynchron",1,3
"rheolog",1,3
"ringvco",1,3
"rnai",1,3
"roa",1,3
"rolloff",1,3
"rosell",1,3
"rotorst",1,3
"rpv",1,3
"rrhs",1,3
"rsrm",1,3
"rsvmg",1,3
"rsx",1,3
"rtsa",1,3
"rwf",1,3
"sacramento",1,3
"sandston",1,3
"sbfm",1,3
"sblr",1,3
"scifi",1,3
"sdar",1,3
"sdwsnepm",1,3
"secureboost",1,3
"selexol™",1,3
"selfrestor",1,3
"sfedn",1,3
"sgls",1,3
"shallowcorrug",1,3
"shore",1,3
"short‐term",1,3
"sidesid",1,3
"signalprocess",1,3
"singletask",1,3
"sio",1,3
"skycam",1,3
"skygpt",1,3
"slds",1,3
"snacac",1,3
"sno",1,3
"soa",1,3
"sofcgt",1,3
"sourcedomain",1,3
"sourceloadpric",1,3
"spaform",1,3
"spg",1,3
"spill",1,3
"spinal",1,3
"sps",1,3
"spulm",1,3
"ssgso",1,3
"steprespons",1,3
"stgraph",1,3
"stressstrain",1,3
"stwpf",1,3
"subalpin",1,3
"subcarri",1,3
"subinterv",1,3
"svud",1,3
"swcnt",1,3
"swd",1,3
"swgmn",1,3
"t–t",1,3
"tbbtcga",1,3
"tcm",1,3
"tdcim",1,3
"tecpm",1,3
"teo",1,3
"testpattern",1,3
"theatr",1,3
"thermalcomfort",1,3
"thermoacoust",1,3
"thermoacousticpiezoelectr",1,3
"thirdparti",1,3
"threadgroup",1,3
"threadtocor",1,3
"tieg",1,3
"tillag",1,3
"timecost",1,3
"tl–dnn",1,3
"tmaz",1,3
"tmes",1,3
"tmod",1,3
"tneff",1,3
"tokyo",1,3
"tpo",1,3
"tracywidom",1,3
"transpond",1,3
"triphenylamin",1,3
"trng",1,3
"troodon",1,3
"turnaround",1,3
"twe",1,3
"twhs",1,3
"uavrf",1,3
"uff",1,3
"umsn",1,3
"unconfin",1,3
"unitsbas",1,3
"unr",1,3
"upperroom",1,3
"upr",1,3
"uwrfsolar",1,3
"vascular",1,3
"vcselbas",1,3
"vctf",1,3
"vep",1,3
"voltagepredict",1,3
"vpsa",1,3
"vwf",1,3
"wavenet",1,3
"wef",1,3
"wem",1,3
"wfc",1,3
"wfr",1,3
"windhydro",1,3
"windmambaform",1,3
"wltbi",1,3
"wpd–cnn–lstmmlp",1,3
"wpiot",1,3
"wristworn",1,3
"wson",1,3
"wudapt",1,3
"wuschedofflin",1,3
"xrf",1,3
"zld",1,3
"zrcobibas",1,3
"zrooh",1,3
"εoptim",1,3
"μtpv",1,3
" × ",1,2
" analys",1,2
" cm",1,2
" jg",1,2
" khz",1,2
" kwh t−",1,2
" kwhkg",1,2
"“unresponsive”",1,2
"“winnertakesall”",1,2
"°–°",1,2
"− ms",1,2
"abc",1,2
"absorptionstrip",1,2
"acetoclast",1,2
"actorbas",1,2
"actorvari",1,2
"adapdgn",1,2
"adasrp",1,2
"adduct",1,2
"adei",1,2
"admitt",1,2
"admixtur",1,2
"admmbas",1,2
"adn",1,2
"adpll",1,2
"adrc",1,2
"aedqnvmc",1,2
"ael",1,2
"aeroelastichydrocontrol",1,2
"aerothermodynam",1,2
"aewmams",1,2
"afghanistan",1,2
"afm",1,2
"aggregationdisaggreg",1,2
"agitator’",1,2
"agpc",1,2
"ahpalstm",1,2
"ahufcus",1,2
"aicc",1,2
"airblow",1,2
"airbrayton",1,2
"airbus",1,2
"airsourc",1,2
"ajodenet",1,2
"alabama",1,2
"alloysbydesign",1,2
"allsolid",1,2
"alp",1,2
"alsm",1,2
"amorphoussi",1,2
"ampd",1,2
"ampteg",1,2
"amt",1,2
"ane",1,2
"anhydr",1,2
"anhydrid",1,2
"ankl",1,2
"anngapso",1,2
"anticollis",1,2
"antimalari",1,2
"aoa",1,2
"ape",1,2
"applewar",1,2
"argonhydrogen",1,2
"ari",1,2
"arnn",1,2
"asim",1,2
"aslet",1,2
"assay",1,2
"assets’",1,2
"astgcn",1,2
"athlet",1,2
"averagereward",1,2
"awa",1,2
"backflow",1,2
"baggag",1,2
"ballist",1,2
"bandlimit",1,2
"basal",1,2
"bayan",1,2
"bbt",1,2
"bccs",1,2
"bcd",1,2
"bdpp",1,2
"beamdown",1,2
"beamwidth",1,2
"beb",1,2
"bedroom",1,2
"belowr",1,2
"ben",1,2
"bendabl",1,2
"bep",1,2
"bertbas",1,2
"besss",1,2
"bffr",1,2
"bfgpm",1,2
"bge",1,2
"bhd",1,2
"bhes",1,2
"biascorrect",1,2
"bimdb",1,2
"binarysearch",1,2
"bioelectrochem",1,2
"biograt",1,2
"biomateri",1,2
"biorefineri",1,2
"biped",1,2
"bipredict",1,2
"bipvplvtdicsswh",1,2
"birch",1,2
"bitcnbigru",1,2
"bitstreamshap",1,2
"bivo",1,2
"blcs",1,2
"bleenabl",1,2
"blender",1,2
"boilerturbin",1,2
"bolgbm",1,2
"bompc",1,2
"bop",1,2
"boruta",1,2
"brite",1,2
"brows",1,2
"brpml",1,2
"brt",1,2
"bsdct",1,2
"bsdf",1,2
"bsoptim",1,2
"btiinduc",1,2
"budgetawar",1,2
"buff",1,2
"buildingbas",1,2
"buildingmanag",1,2
"buildingoper",1,2
"buildout",1,2
"buoyancyweight",1,2
"butan",1,2
"buyback",1,2
"bytewis",1,2
"cacheabl",1,2
"cacheen",1,2
"caclsupport",1,2
"calb",1,2
"calendarbas",1,2
"canal",1,2
"canberra",1,2
"capsiz",1,2
"cart",1,2
"cationexchang",1,2
"cbam",1,2
"cbga",1,2
"cbi",1,2
"cca",1,2
"ccdv",1,2
"ccflru",1,2
"cdfm",1,2
"cdmabas",1,2
"cdn",1,2
"cds",1,2
"cdscws",1,2
"cdsw",1,2
"cdxu",1,2
"cec",1,2
"ced",1,2
"ceemdanridg",1,2
"cell–integr",1,2
"cellbiasbas",1,2
"cem",1,2
"centric",1,2
"ceo",1,2
"ceoldhpvdf",1,2
"cfc",1,2
"cfdbes",1,2
"cfdepmbas",1,2
"cfi",1,2
"cfm",1,2
"cfmocc",1,2
"cfum",1,2
"cgra",1,2
"cgsm",1,2
"chengdu",1,2
"chhp",1,2
"chicken",1,2
"chilledceil",1,2
"chlorin",1,2
"chroma",1,2
"chromatographi",1,2
"chvhes",1,2
"cid",1,2
"cielab",1,2
"cigwoelman",1,2
"cilu",1,2
"circumferenti",1,2
"clearlite®",1,2
"clearski",1,2
"cloudori",1,2
"clp",1,2
"cls",1,2
"clstm",1,2
"clusterwis",1,2
"cmlffs",1,2
"cmv",1,2
"cnn–inform",1,2
"cnn–lstm–",1,2
"cnnbilstm",1,2
"cnnbilstmattent",1,2
"cnnlstmtransform",1,2
"cnu",1,2
"coach",1,2
"coalescenceinduc",1,2
"coavoid",1,2
"cochlea",1,2
"cogasif",1,2
"coh",1,2
"cohendaubechiesfeauveau",1,2
"collin",1,2
"collus",1,2
"commandfollow",1,2
"compilerdriven",1,2
"compilerinsert",1,2
"compilermanag",1,2
"constel",1,2
"containerbas",1,2
"contributionbas",1,2
"convertergrid",1,2
"convlstmcnn",1,2
"convolutionallstm",1,2
"convolutionalneuralnetworkbas",1,2
"coplanar",1,2
"coplum",1,2
"copth",1,2
"cordicbas",1,2
"coretocor",1,2
"cornea",1,2
"cortexr",1,2
"costdepend",1,2
"costori",1,2
"cotton",1,2
"counterbas",1,2
"counterbodi",1,2
"cow",1,2
"cpm",1,2
"cpms",1,2
"cqpmpc",1,2
"crbm",1,2
"crimin",1,2
"crm",1,2
"crossformerbas",1,2
"crossplatform",1,2
"crowdsens",1,2
"crp",1,2
"crs",1,2
"crush",1,2
"csa",1,2
"cscac",1,2
"csisvqr",1,2
"csoelm",1,2
"cstate",1,2
"ctbt",1,2
"ctrd",1,2
"cucu",1,2
"currentcontrol",1,2
"cutterhead",1,2
"cvine",1,2
"cwgangp",1,2
"cwts",1,2
"cyclist",1,2
"daagcn",1,2
"dagg",1,2
"dammshrngru",1,2
"dap",1,2
"darrieus",1,2
"darwin",1,2
"dataless",1,2
"datalogg",1,2
"dataprocess",1,2
"datarich",1,2
"daubechi",1,2
"daytyp",1,2
"dbf",1,2
"dbfc",1,2
"dbfcs",1,2
"dbns",1,2
"dbr",1,2
"dbsas",1,2
"dcbs",1,2
"dcef",1,2
"dcls",1,2
"ddccs",1,2
"ddp",1,2
"deepchain",1,2
"deeponet",1,2
"defmn",1,2
"dehumidificationventil",1,2
"deit",1,2
"dempc",1,2
"den",1,2
"denitrif",1,2
"deodor",1,2
"detroit",1,2
"devicesuit",1,2
"dexter",1,2
"dga",1,2
"dgru",1,2
"dhf",1,2
"dhi",1,2
"dhns",1,2
"diatom",1,2
"diffuserpl",1,2
"digitis",1,2
"dinform",1,2
"diodefoot",1,2
"diodeswitch",1,2
"dior",1,2
"directmap",1,2
"disinfect",1,2
"distanceadapt",1,2
"distancetoempti",1,2
"ditch",1,2
"dividingwal",1,2
"dli",1,2
"dlmpc",1,2
"dlod",1,2
"dmcllmf",1,2
"dmoc",1,2
"dmpbase",1,2
"dmpg",1,2
"dmrt",1,2
"dms",1,2
"dmts",1,2
"dne",1,2
"dnl",1,2
"docrel",1,2
"dome",1,2
"dooropen",1,2
"doublebound",1,2
"doublepath",1,2
"doublepopul",1,2
"downflow",1,2
"dpm",1,2
"dprs",1,2
"drainag",1,2
"drgcach",1,2
"drier",1,2
"drls",1,2
"dropgru",1,2
"dropletbas",1,2
"drumtyp",1,2
"dsorcga",1,2
"dspenhanc",1,2
"dtbt",1,2
"dtgffs",1,2
"dtns",1,2
"dualband",1,2
"dualchannel",1,2
"dualloop",1,2
"dualpanel",1,2
"ductiletobrittl",1,2
"dwc",1,2
"dwtdaecnn",1,2
"dynamicstat",1,2
"eamcpolici",1,2
"ebalmthp",1,2
"ebllc",1,2
"ecobas",1,2
"ecotox",1,2
"ecovehicl",1,2
"edebilstm",1,2
"edge–cloud",1,2
"eec",1,2
"eep",1,2
"efs’",1,2
"ega",1,2
"egr",1,2
"ehcss",1,2
"eii",1,2
"eip",1,2
"eldm",1,2
"electricitydriven",1,2
"electrohydraul",1,2
"electrontransf",1,2
"electroval",1,2
"electrowet",1,2
"elegan",1,2
"elis",1,2
"elmd",1,2
"elong",1,2
"elrm",1,2
"elstm",1,2
"email",1,2
"embeddedsystem",1,2
"emdt",1,2
"emdvmdcpobilstm",1,2
"emoead",1,2
"emu",1,2
"emuls",1,2
"emv",1,2
"enbpibas",1,2
"enc",1,2
"endofseason",1,2
"endwal",1,2
"energycost",1,2
"energycostawar",1,2
"energycosteffect",1,2
"energyfuel",1,2
"energytim",1,2
"enquir",1,2
"ensml",1,2
"episplin",1,2
"epm",1,2
"erg",1,2
"erv",1,2
"escap",1,2
"esophagus",1,2
"esrr",1,2
"essay",1,2
"ethnic",1,2
"eti",1,2
"etii",1,2
"evcop",1,2
"evm",1,2
"evsp",1,2
"extrus",1,2
"fabrypérot",1,2
"facilitylevel",1,2
"falcon",1,2
"fap",1,2
"fbc",1,2
"fcbbc",1,2
"fcfsbackfilllrh",1,2
"fchev",1,2
"fcv",1,2
"fdccii",1,2
"fdtd",1,2
"fedqwp",1,2
"femto",1,2
"ffann",1,2
"ffs",1,2
"fgnbonoff",1,2
"fiexibl",1,2
"filmcool",1,2
"fishtag",1,2
"fixedpressur",1,2
"fixedr",1,2
"flowmet",1,2
"flr",1,2
"flsm",1,2
"fluorophor",1,2
"fnnscp",1,2
"fogaid",1,2
"forcedoxid",1,2
"forwardrevers",1,2
"fourleg",1,2
"fourlevel",1,2
"fourway",1,2
"fowler",1,2
"fpr",1,2
"freespac",1,2
"freezegranul",1,2
"frontrear",1,2
"froud",1,2
"fruitfli",1,2
"fsfcrbmgwdo",1,2
"fsk",1,2
"ftu",1,2
"fullchip",1,2
"fullybatch",1,2
"fungi",1,2
"fusionfiss",1,2
"fuzzycontrol",1,2
"fuzzylog",1,2
"fvc",1,2
"fwhm",1,2
"gaamodebilstm",1,2
"gaanfi",1,2
"gaaspv",1,2
"gahanfi",1,2
"game’",1,2
"gamecast",1,2
"ganglion",1,2
"gasolineequival",1,2
"gasparticl",1,2
"gassolid",1,2
"gatelevel",1,2
"gatetransform",1,2
"gaze",1,2
"gbw",1,2
"gdrx",1,2
"gearboxphi",1,2
"gearhead",1,2
"gel",1,2
"generationconsumpt",1,2
"generationiv",1,2
"geoengin",1,2
"gfsk",1,2
"ghalilah",1,2
"ghost",1,2
"ghsc",1,2
"glassi",1,2
"glaucoma",1,2
"glssvm",1,2
"glycem",1,2
"gmcmgpr",1,2
"gmr",1,2
"gnc",1,2
"gnfpcm",1,2
"gnns",1,2
"gpc",1,2
"gpi",1,2
"gpmp",1,2
"gprml",1,2
"graft",1,2
"grant",1,2
"graphconvolut",1,2
"graphenews",1,2
"graphsag",1,2
"graystart",1,2
"greeneri",1,2
"grelm",1,2
"greymarkov",1,2
"greymodel",1,2
"gridbas",1,2
"gridform",1,2
"gru–inform",1,2
"gsus",1,2
"gsw",1,2
"gta",1,2
"gtr",1,2
"guardol",1,2
"guidevan",1,2
"gwp",1,2
"gwynedd",1,2
"halfheusl",1,2
"hammerstein",1,2
"hapn",1,2
"hardtopredict",1,2
"hardwarecentr",1,2
"hardwaremanag",1,2
"hat",1,2
"hawt",1,2
"hbis",1,2
"hdcs",1,2
"hdds",1,2
"heap",1,2
"hear",1,2
"hemss",1,2
"hemt",1,2
"hephaestus",1,2
"hercul",1,2
"hertz",1,2
"hetnet",1,2
"hfac",1,2
"hfc",1,2
"hfsl",1,2
"higherperform",1,2
"highpric",1,2
"highrat",1,2
"highrenew",1,2
"hip",1,2
"hjorth",1,2
"hkg",1,2
"hodenet",1,2
"homolog",1,2
"hotcachelin",1,2
"hotrol",1,2
"hotspottarget",1,2
"hottest",1,2
"hppim",1,2
"hrd",1,2
"hsm",1,2
"hss",1,2
"hstgcn",1,2
"htcs",1,2
"htfs",1,2
"htssquid",1,2
"hungarian",1,2
"hurrican",1,2
"hvacdt",1,2
"hwb",1,2
"hwsw",1,2
"hydrochem",1,2
"hydron",1,2
"hydrophil",1,2
"hydrotr",1,2
"hydrowindphotovolta",1,2
"hyear",1,2
"hygroscop",1,2
"hyperlearn",1,2
"hysiren",1,2
"iac",1,2
"iaoa",1,2
"ica",1,2
"icach",1,2
"icap",1,2
"iceemdanrdpg",1,2
"icsaanfisadrc",1,2
"icss",1,2
"idcieh",1,2
"idler",1,2
"ieeega",1,2
"ieeg",1,2
"ieg",1,2
"iehhm",1,2
"ifw",1,2
"igdt",1,2
"ilc",1,2
"imagereject",1,2
"imbalanc",1,2
"imbibit",1,2
"impa",1,2
"impedancereshapingbas",1,2
"imprecis",1,2
"imus",1,2
"inactiv",1,2
"indonesia",1,2
"inear",1,2
"informationcentr",1,2
"infrequ",1,2
"ingo",1,2
"interbodi",1,2
"intercoolers’",1,2
"interfeatur",1,2
"interparticl",1,2
"intertask",1,2
"intracrani",1,2
"intravari",1,2
"intrayear",1,2
"invocationlevel",1,2
"iolink",1,2
"iomt",1,2
"iproenergi",1,2
"irradiancetopow",1,2
"isacuav",1,2
"isat",1,2
"isc",1,2
"ism",1,2
"isomorph",1,2
"issa",1,2
"isvr",1,2
"iterativelearn",1,2
"itfacil",1,2
"jepx",1,2
"jfs",1,2
"johor",1,2
"jointdistribut",1,2
"jordan",1,2
"joul",1,2
"jourdan",1,2
"jpd",1,2
"juic",1,2
"justeneig",1,2
"k–l",1,2
"kan",1,2
"kgh",1,2
"kgm·h",1,2
"kibam",1,2
"kilomet",1,2
"knnann",1,2
"kpi",1,2
"ksvqr",1,2
"kubernet",1,2
"kuli",1,2
"kuwait",1,2
"kw−",1,2
"kwday",1,2
"laboratorybas",1,2
"laca",1,2
"lagrangean",1,2
"lam",1,2
"las",1,2
"lasot",1,2
"latasf",1,2
"latecorrect",1,2
"latencycrit",1,2
"lbic",1,2
"lcfa",1,2
"lci",1,2
"lcs",1,2
"lcvco",1,2
"ldropt",1,2
"ldrs",1,2
"ldtformer",1,2
"ldv",1,2
"leakagetoler",1,2
"learningdirect",1,2
"leas",1,2
"lecpcp",1,2
"leftright",1,2
"lepidolit",1,2
"lhes",1,2
"lhtes",1,2
"lina",1,2
"linearquadrat",1,2
"liquefact",1,2
"litholog",1,2
"liver",1,2
"llecpaomdv",1,2
"llhm",1,2
"lmh",1,2
"lndt",1,2
"lnpc",1,2
"loadbalanc",1,2
"loadlevel",1,2
"loadmatch",1,2
"lobe",1,2
"lockstep",1,2
"locomotor",1,2
"looselycoupl",1,2
"louder",1,2
"lowinertia",1,2
"lowrank",1,2
"lowsnr",1,2
"lpn",1,2
"lppim",1,2
"lqr",1,2
"lrubehavior",1,2
"lses",1,2
"lsf",1,2
"lsq",1,2
"lstm–mpc",1,2
"lstmenhanc",1,2
"lstmnn",1,2
"lstmtransform",1,2
"ltpd",1,2
"ltvmpc",1,2
"luenberg",1,2
"lulc",1,2
"luminophor",1,2
"lvrt",1,2
"lwr",1,2
"machrt",1,2
"macrofemto",1,2
"macwh",1,2
"mafn",1,2
"mainsearch",1,2
"makeup",1,2
"malaria",1,2
"mammal",1,2
"manoeuvr",1,2
"markovbas",1,2
"materialenergi",1,2
"materialproduct",1,2
"mbdlstm",1,2
"mcerab",1,2
"mcfed",1,2
"mcmp",1,2
"mcnn",1,2
"mco",1,2
"mcrab",1,2
"mctaqnn",1,2
"mdl",1,2
"meanlin",1,2
"meanvari",1,2
"measurementbas",1,2
"meateg",1,2
"mechanism’",1,2
"melf",1,2
"memoryalloc",1,2
"menu",1,2
"mepso",1,2
"merv",1,2
"mesn",1,2
"mess",1,2
"messs",1,2
"metaoptim",1,2
"methoxi",1,2
"methyltetrahydrofuran",1,2
"mevatom",1,2
"mfcc",1,2
"mfce",1,2
"mgcn",1,2
"mgdl",1,2
"mggp",1,2
"mgomgcl",1,2
"mgwosvm",1,2
"mhbigru",1,2
"mibench",1,2
"mibss",1,2
"microcapsul",1,2
"microcombustor",1,2
"microelectrod",1,2
"microsensor",1,2
"microtil",1,2
"microwel",1,2
"middlelong",1,2
"midlin",1,2
"miller",1,2
"millercompens",1,2
"millinewton",1,2
"minimicro",1,2
"miqp",1,2
"misbehavior",1,2
"misspecul",1,2
"mist",1,2
"mivigwosvr",1,2
"mixerpvform",1,2
"mixup",1,2
"mle",1,2
"mlproph",1,2
"mlssvr",1,2
"mltlf",1,2
"mlwp",1,2
"mmfe",1,2
"mmgs",1,2
"mmic",1,2
"mmoeda",1,2
"mmpc",1,2
"mms",1,2
"mmwavebas",1,2
"mobilenet",1,2
"mocsmfho",1,2
"modbus",1,2
"modelis",1,2
"modem",1,2
"modemeasurementcooper",1,2
"moead",1,2
"molmol",1,2
"momatwcnn",1,2
"monet",1,2
"monocrystallinesi",1,2
"monocular",1,2
"mox",1,2
"mpcp",1,2
"mpcpi",1,2
"mpcrto",1,2
"mpga",1,2
"mpsoc",1,2
"mpvp",1,2
"mri",1,2
"mrmr",1,2
"mrna",1,2
"mrrs",1,2
"mrsu",1,2
"msapnet",1,2
"msfedl",1,2
"msi",1,2
"msp",1,2
"mspsttn",1,2
"mssasnn",1,2
"mtds",1,2
"mtf",1,2
"mtgode",1,2
"mtj",1,2
"mtlgpts",1,2
"mtmm",1,2
"mts",1,2
"mtsco",1,2
"muefu",1,2
"multibodi",1,2
"multibranch",1,2
"multigrain",1,2
"multiheadattent",1,2
"multiin",1,2
"multiisland",1,2
"multikernel",1,2
"multimo",1,2
"multimonth",1,2
"multipletim",1,2
"multis",1,2
"multiserv",1,2
"multiservic",1,2
"multitouch",1,2
"munich",1,2
"musculoskelet",1,2
"mvmd",1,2
"nafion®",1,2
"naion",1,2
"nanosensor",1,2
"nanosheet",1,2
"naoh",1,2
"natp",1,2
"naturallyventil",1,2
"nbcqr",1,2
"nbis",1,2
"nbs",1,2
"nces",1,2
"ncfefet",1,2
"ncit",1,2
"ncr",1,2
"ncscac",1,2
"ndcp",1,2
"near°",1,2
"nearground",1,2
"nearzeroenergyconsumpt",1,2
"nee",1,2
"neighbourhood",1,2
"nem",1,2
"nes",1,2
"netmet",1,2
"netzero",1,2
"neumann",1,2
"neuralnetwork",1,2
"neutron",1,2
"newrenew",1,2
"nfa",1,2
"nfps",1,2
"ngboost",1,2
"ngr",1,2
"ngsplanton",1,2
"nhair",1,2
"nhdme",1,2
"nhhco",1,2
"nidop",1,2
"nidss",1,2
"nne",1,2
"nnvs",1,2
"noa",1,2
"noncach",1,2
"noncoincid",1,2
"noncross",1,2
"nonferr",1,2
"nonproport",1,2
"nonrepres",1,2
"nonsampl",1,2
"nonzero",1,2
"npfm",1,2
"npus",1,2
"nrtl",1,2
"nscc",1,2
"nsgaiilqr",1,2
"nsns",1,2
"ntier",1,2
"nuca",1,2
"nucleolus",1,2
"nucleoplasm",1,2
"null",1,2
"nuq",1,2
"nvff",1,2
"nvms",1,2
"nwps",1,2
"oat",1,2
"obc",1,2
"obo",1,2
"occupancylink",1,2
"ocl",1,2
"octonionvalu",1,2
"odomet",1,2
"oess",1,2
"offleakag",1,2
"ofmpc",1,2
"ole",1,2
"oliv",1,2
"oltp",1,2
"onbodi",1,2
"oncethrough",1,2
"oneobject",1,2
"oni",1,2
"onn",1,2
"oor",1,2
"oppnet",1,2
"opr",1,2
"organell",1,2
"osaka",1,2
"osdrx",1,2
"otb",1,2
"overflow",1,2
"overnight",1,2
"overturn",1,2
"oxidis",1,2
"packbot",1,2
"pae",1,2
"pamo",1,2
"panellevel",1,2
"parabenzoquinonehydroquinon",1,2
"parameters’",1,2
"parametervari",1,2
"paravisc",1,2
"partialshad",1,2
"pas",1,2
"pasteur",1,2
"patternbas",1,2
"pavmp",1,2
"pba",1,2
"pbb",1,2
"pbno",1,2
"pbscf",1,2
"pdae",1,2
"pdber",1,2
"pdm",1,2
"pds",1,2
"pe¯",1,2
"peakdemand",1,2
"pedot",1,2
"peen",1,2
"pemfcbas",1,2
"pendulum",1,2
"perappli",1,2
"perautorl",1,2
"perc",1,2
"percycl",1,2
"perel",1,2
"performanceaggress",1,2
"peristalt",1,2
"perovskitecigs",1,2
"perovskitetio",1,2
"pertask",1,2
"pertract",1,2
"phaseawar",1,2
"phasedarray",1,2
"phasetrack",1,2
"phosphor",1,2
"photoacid",1,2
"photoswitch",1,2
"pinwheel",1,2
"pjms",1,2
"pla",1,2
"plantwid",1,2
"pmbs",1,2
"pmheft",1,2
"pmma",1,2
"pmsms",1,2
"pmvppd",1,2
"pnn",1,2
"pnnbase",1,2
"pnp",1,2
"poe",1,2
"pointer",1,2
"poisson’",1,2
"polarizationresolv",1,2
"policyvalu",1,2
"polycrystallinesi",1,2
"polyelectrolyt",1,2
"polyn′heptadecanylcarbazolealt′′dithienyl′′′benzothiadiazol",1,2
"polyolefin",1,2
"poollevel",1,2
"porenetwork",1,2
"porto",1,2
"powderwat",1,2
"poweraggress",1,2
"powerdelay",1,2
"powerg",1,2
"poweron",1,2
"powerproxi",1,2
"powerscal",1,2
"ppersist",1,2
"ppf",1,2
"ppof",1,2
"preamplifi",1,2
"predictivereact",1,2
"preform",1,2
"prelsac",1,2
"presearch",1,2
"processoptimis",1,2
"procheck",1,2
"profileenergi",1,2
"prototypei",1,2
"pseudoknot",1,2
"psogarbf",1,2
"psogru",1,2
"psooptim",1,2
"psorf",1,2
"psorfnsgaiii",1,2
"pssm",1,2
"psss",1,2
"ptaa",1,2
"ptct",1,2
"puij",1,2
"pv–energi",1,2
"pve",1,2
"pvelectrolysi",1,2
"pws",1,2
"pwss",1,2
"qah",1,2
"qcm",1,2
"qcps",1,2
"qes",1,2
"qhdbo",1,2
"qlmac",1,2
"qlpv",1,2
"qot",1,2
"qper",1,2
"quadjunct",1,2
"quaideazam",1,2
"quar",1,2
"quatapf",1,2
"qws",1,2
"rackbas",1,2
"radii",1,2
"radiocarbon",1,2
"radionuclid",1,2
"ramzzz",1,2
"rangebas",1,2
"rangefre",1,2
"rap",1,2
"rbcs",1,2
"rbfsvm",1,2
"rca",1,2
"rcogbofg",1,2
"rcvs",1,2
"rdcdsm",1,2
"readhit",1,2
"real–world",1,2
"receiveon",1,2
"recmo",1,2
"reconstitut",1,2
"redoxelectrolyt",1,2
"reesei",1,2
"refineri",1,2
"regdfollow",1,2
"rem",1,2
"renewablebas",1,2
"reoxid",1,2
"repartit",1,2
"rer",1,2
"rerambas",1,2
"resourcemultiplex",1,2
"retransmit",1,2
"rewet",1,2
"rfe",1,2
"rff",1,2
"rfv",1,2
"rgan",1,2
"rgm",1,2
"rider",1,2
"rime",1,2
"riskawar",1,2
"rmcc",1,2
"rnarna",1,2
"rnna",1,2
"rnnlstm",1,2
"robot’",1,2
"robuststl",1,2
"roller",1,2
"rose",1,2
"rosen",1,2
"rot",1,2
"rotorbear",1,2
"rpeak",1,2
"rsod",1,2
"rta",1,2
"rtos",1,2
"rtoss",1,2
"rtps",1,2
"rtu",1,2
"rul",1,2
"rumida",1,2
"runoutofcharg",1,2
"rvalu",1,2
"rvflmo",1,2
"rvlbpnn",1,2
"rwgs",1,2
"rydberg",1,2
"sabdariffa",1,2
"sag",1,2
"samplinggroup",1,2
"sauter",1,2
"savona",1,2
"sbfms",1,2
"sbl",1,2
"sbvawt",1,2
"scalespecif",1,2
"scalp",1,2
"scam",1,2
"sccs",1,2
"scenespecif",1,2
"sciencebas",1,2
"scinet",1,2
"sclc",1,2
"scratchpadbas",1,2
"scwm",1,2
"sdns",1,2
"sdsm",1,2
"sdwsn",1,2
"sedan",1,2
"sedeboq",1,2
"sedm",1,2
"seebeck",1,2
"seec",1,2
"seeg",1,2
"seer",1,2
"sehwsn",1,2
"selfawar",1,2
"selfstabl",1,2
"selfswitch",1,2
"selftrain",1,2
"selftrigg",1,2
"semedx",1,2
"semiconductorelectrolyt",1,2
"semitarget",1,2
"sensorcloud",1,2
"sensorenhanc",1,2
"seqlq",1,2
"serrat",1,2
"ses",1,2
"sgasvr",1,2
"shearenhanc",1,2
"sheinman",1,2
"shelter",1,2
"shelv",1,2
"shower",1,2
"silent",1,2
"silic",1,2
"silicid",1,2
"silico",1,2
"silolothiophen",1,2
"sinanowir",1,2
"sinewav",1,2
"singleattribut",1,2
"singlelin",1,2
"singleperiod",1,2
"singleserv",1,2
"singlespe",1,2
"siometpa",1,2
"sisn",1,2
"skelet",1,2
"skipgru",1,2
"skycamera",1,2
"slac",1,2
"slat",1,2
"slav",1,2
"slopfeatur",1,2
"smaa",1,2
"smallcel",1,2
"smartbuild",1,2
"smldae",1,2
"smp",1,2
"smpc",1,2
"smtl",1,2
"socbas",1,2
"sofcpefc",1,2
"softwarecentr",1,2
"softwaremaintain",1,2
"solartofuel",1,2
"solgel",1,2
"solidsolid",1,2
"soundinduc",1,2
"spacecharg",1,2
"spacer",1,2
"sparkignit",1,2
"sparsegroup",1,2
"specialpurpos",1,2
"speedpow",1,2
"speedstep",1,2
"spikese",1,2
"spirofluoren",1,2
"splane",1,2
"splet",1,2
"sprt",1,2
"srfeoδ",1,2
"srt",1,2
"srtiorh",1,2
"ssatcn",1,2
"ssim",1,2
"ssl",1,2
"stamp",1,2
"statedepend",1,2
"staticdriven",1,2
"statu",1,2
"stbtmlpvf",1,2
"stdp",1,2
"steamtohydrogen",1,2
"stg",1,2
"stgae",1,2
"stgdl",1,2
"sti",1,2
"stlfigepalr",1,2
"stllstm",1,2
"stratocumulus",1,2
"stress–strain",1,2
"subarea",1,2
"subdisciplinari",1,2
"submod",1,2
"subscript",1,2
"supercapacitorbatteri",1,2
"superconsum",1,2
"superstr",1,2
"sur",1,2
"surfact",1,2
"svc",1,2
"svmenhanc",1,2
"svmsa",1,2
"swdccnn",1,2
"swer",1,2
"switchev",1,2
"systembas",1,2
"target’",1,2
"tarraq",1,2
"tau",1,2
"tbr",1,2
"tcambas",1,2
"tclsbase",1,2
"tcnattent",1,2
"tcnecanetgru",1,2
"tcninformerbigru",1,2
"tcnlstm",1,2
"tcnlstmlightgbm",1,2
"tddofdma",1,2
"tds",1,2
"teach",1,2
"teeth",1,2
"temperaturerel",1,2
"temperatureris",1,2
"tender",1,2
"terawatt",1,2
"terna",1,2
"tft",1,2
"tga",1,2
"thalamus",1,2
"thas",1,2
"themodel",1,2
"thermochrom",1,2
"thermoelectricdcmd",1,2
"thermosyphon",1,2
"threeelement",1,2
"thrustdrag",1,2
"thump",1,2
"tialv",1,2
"tiebar",1,2
"timaq",1,2
"time–temperatur",1,2
"timesnetlstm",1,2
"tirepressur",1,2
"tismdp",1,2
"tla",1,2
"tlb",1,2
"tmss",1,2
"tnb",1,2
"todrl",1,2
"toeoff",1,2
"topologyawar",1,2
"torpedo",1,2
"torsion",1,2
"totaltostat",1,2
"tpv",1,2
"tracega",1,2
"transcript",1,2
"transformercoupl",1,2
"transitori",1,2
"transmut",1,2
"transpos",1,2
"transtibi",1,2
"tribocontact",1,2
"trichlorosilan",1,2
"triest",1,2
"triplevel",1,2
"tropospher",1,2
"trxgboost",1,2
"tsaelm",1,2
"tsolstmxgboost",1,2
"ttfssnn",1,2
"ttrack",1,2
"tts",1,2
"tutori",1,2
"twostack",1,2
"twotimescal",1,2
"twozon",1,2
"txair",1,2
"uart",1,2
"uavbss",1,2
"ubem",1,2
"udnmec",1,2
"uep",1,2
"ugf",1,2
"ulp",1,2
"ultc",1,2
"ultrasupercrit",1,2
"umrc",1,2
"uncompens",1,2
"uncompl",1,2
"undercharg",1,2
"underhood",1,2
"undilut",1,2
"uniout",1,2
"unipolⓡ",1,2
"unmatch",1,2
"unsuccess",1,2
"untrustworthi",1,2
"usc",1,2
"userdepend",1,2
"userindepend",1,2
"vacuuminsul",1,2
"van",1,2
"vap",1,2
"varactorless",1,2
"variogram",1,2
"vband",1,2
"vecm",1,2
"vecn",1,2
"vectorless",1,2
"vega",1,2
"vehicles’",1,2
"vehicletopedestrian",1,2
"ver",1,2
"vertexbar",1,2
"veryshortterm",1,2
"vesicl",1,2
"vfds",1,2
"vfdt",1,2
"vfs",1,2
"vim",1,2
"vine",1,2
"visionari",1,2
"vlf",1,2
"vmd–kpca–xlstm–inform",1,2
"vmd–singular",1,2
"vmdfksecureboost",1,2
"vmdimpabilstm",1,2
"vmdissagru",1,2
"vmdrdpg",1,2
"vmdssatcnbigru",1,2
"voidag",1,2
"voltageg",1,2
"voltagesourc",1,2
"voluntari",1,2
"vrf",1,2
"vrm",1,2
"vsd",1,2
"vsl",1,2
"vslml",1,2
"vths",1,2
"waal",1,2
"waist",1,2
"wakefield",1,2
"ward",1,2
"waterair",1,2
"waterborn",1,2
"wayhalt",1,2
"wbw",1,2
"wdnilawrf",1,2
"weekahead",1,2
"wellmix",1,2
"wellperform",1,2
"wempp",1,2
"wheeler",1,2
"whsv",1,2
"wiener",1,2
"wind–solar–hydro",1,2
"windhydrogen",1,2
"windmil",1,2
"windphotovolta",1,2
"windsolar",1,2
"windsolarhydro",1,2
"winnipeg",1,2
"winoc",1,2
"wli",1,2
"wool",1,2
"workloadawar",1,2
"wppis",1,2
"wpt",1,2
"wrfpv",1,2
"wrfsolar",1,2
"wrmsse",1,2
"wsnbase",1,2
"wspm",1,2
"wtenn",1,2
"wtr",1,2
"wusch",1,2
"wvtr",1,2
"xai",1,2
"xgboostlssbas",1,2
"xia",1,2
"xlglr",1,2
"xnano",1,2
"yacht",1,2
"ymofnh",1,2
"yolovtini",1,2
"yoyo",1,2
"ysialon",1,2
"ysz",1,2
"zed",1,2
"zep",1,2
"zftl",1,2
"zhengzhou",1,2
"zhou",1,2
"zigzag",1,2
"zinnwaldit",1,2
"zogp",1,2
"zstl",1,2
"δtop",1,2
"εsvr",1,2
"μchp",1,2
"χdme",1,2
" ×  mm",1,1
" ah",1,1
" db",1,1
" gj",1,1
" henergi",1,1
" jmol k",1,1
" kg",1,1
" kgcm",1,1
" kjmol",1,1
" kva",1,1
" mg l−",1,1
" min",1,1
" ml min−",1,1
" mm",1,1
" mmj",1,1
" month",1,1
" ms",1,1
" mwpv",1,1
" nj",1,1
" scheme",1,1
" second",1,1
" t msw−",1,1
" wh",1,1
" wm⋅k",1,1
" wt",1,1
" year",1,1
" μm",1,1
" µm",1,1
" µvhz",1,1
"– h",1,1
"– kjmol",1,1
"– m",1,1
"– mw",1,1
"– wg",1,1
"–°c",1,1
"–addit",1,1
"–base",1,1
"–heat",1,1
"–wind",1,1
"—shortterm",1,1
"‘basic’",1,1
"‘cradletogate’",1,1
"‘crossover’",1,1
"‘digit",1,1
"‘dynamicpmv’",1,1
"‘electr",1,1
"‘fixed’",1,1
"‘green’",1,1
"‘hot",1,1
"‘optimal’",1,1
"‘rang",1,1
"‘simulationbas",1,1
"‘variable’",1,1
"‘wavebywave’",1,1
"’wire’",1,1
"“ag",1,1
"“aggregated”",1,1
"“big",1,1
"“binpacking”",1,1
"“cogeneration”",1,1
"“componentscale”",1,1
"“conditionality”",1,1
"“datadriven”",1,1
"“day",1,1
"“decompositionpredictionintegration”",1,1
"“disaggregated”",1,1
"“divid",1,1
"“edgetoend",1,1
"“energi",1,1
"“energyelectricitycarbon”",1,1
"“follow",1,1
"“freely”",1,1
"“frequenc",1,1
"“grey",1,1
"“healthy”",1,1
"“high",1,1
"“higher",1,1
"“hot”",1,1
"“localscale”",1,1
"“mortisetenon”",1,1
"“muifa”",1,1
"“net",1,1
"“new",1,1
"“notinshape”",1,1
"“princip",1,1
"“quasielectrochem",1,1
"“repres",1,1
"“seasonalities”",1,1
"“size",1,1
"“smart",1,1
"“theft”",1,1
"“tide",1,1
"“traditional”",1,1
"“triggered”",1,1
"“upgrading”",1,1
"“will",1,1
"“winddiesel”",1,1
"“word”",1,1
"»sustain",1,1
"〈wwwarchenergycom〉",1,1
"″ × ″ × ″",1,1
"″×″",1,1
"″x″",1,1
"°c−",1,1
"±ppm",1,1
"×bit",1,1
"×fold",1,1
"− j",1,1
"−°c",1,1
"∙oh",1,1
"∼ k",1,1
"∼sbnd",1,1
"≤iu≤",1,1
"€gbps",1,1
"€ghz",1,1
"€kw",1,1
"â€»",1,1
"aadyasha",1,1
"abaqus",1,1
"abb",1,1
"abcframework",1,1
"abover",1,1
"abroad",1,1
"absorptionregener",1,1
"abstractintern",1,1
"abuja",1,1
"abus",1,1
"abv",1,1
"açaí",1,1
"accel",1,1
"accelerationdecelerationstop",1,1
"acceleratordriven",1,1
"accentu",1,1
"accuracy—",1,1
"accuracyand",1,1
"accuracybas",1,1
"accuracylat",1,1
"accuratenoisi",1,1
"accuratest",1,1
"acetatewat",1,1
"acetonitril",1,1
"acetoxi",1,1
"acf",1,1
"ach",1,1
"acmca",1,1
"acquaint",1,1
"acronym",1,1
"acss",1,1
"acta",1,1
"actinid",1,1
"actionexclus",1,1
"activatedeactiv",1,1
"activationweightadapt",1,1
"activesleep",1,1
"activitybas",1,1
"activityinact",1,1
"activitynet",1,1
"actor–crit",1,1
"actorcondit",1,1
"actualmeasur",1,1
"acuiti",1,1
"åcycl",1,1
"adan",1,1
"adapteva",1,1
"adaptivelay",1,1
"adaptivestack",1,1
"adaptor",1,1
"adasrpautonomi",1,1
"adcdirect",1,1
"adcp",1,1
"addin",1,1
"additiveexplan",1,1
"addu",1,1
"adelaid",1,1
"adelin",1,1
"adf",1,1
"adiec",1,1
"adjacencymatrix",1,1
"adjointbas",1,1
"adjustedwith",1,1
"adjustments—",1,1
"adkd",1,1
"adl",1,1
"admm",1,1
"adsorbentbas",1,1
"adsorption®",1,1
"adsorptionact",1,1
"adsorptiondriven",1,1
"advectiondiffus",1,1
"advf",1,1
"advic",1,1
"advmc",1,1
"aegean",1,1
"aemet",1,1
"aeppo",1,1
"aerocondens",1,1
"aeroderiv",1,1
"aerofoil",1,1
"aeroservoelast",1,1
"aerotherm",1,1
"aess",1,1
"aesthet",1,1
"aewma",1,1
"afcstlf",1,1
"afdd",1,1
"affectedw",1,1
"affinedisturb",1,1
"affinitycapac",1,1
"affirm",1,1
"affm",1,1
"afix",1,1
"afrhar",1,1
"afternoon",1,1
"afterthought",1,1
"aftertreat",1,1
"agclstm",1,1
"agemoea",1,1
"agemoeabas",1,1
"agenda",1,1
"agents’",1,1
"aggrav",1,1
"aggregationcollabor",1,1
"agmdoper",1,1
"agribusi",1,1
"agroforestri",1,1
"agsbt",1,1
"aham",1,1
"ahc",1,1
"ahf",1,1
"aicbic",1,1
"aikewma",1,1
"ail",1,1
"aileron",1,1
"aimsun",1,1
"aiot",1,1
"airbag",1,1
"airbar",1,1
"airbear",1,1
"aircathod",1,1
"airchil",1,1
"aircircul",1,1
"aircompress",1,1
"airencapsul",1,1
"airhandl",1,1
"airhandlingunit",1,1
"airion",1,1
"airl",1,1
"airpollutionrel",1,1
"airqual",1,1
"airscour",1,1
"airsepar",1,1
"airship’",1,1
"airspe",1,1
"airtight",1,1
"airtim",1,1
"airtoair",1,1
"airtowat",1,1
"aisi",1,1
"aisl",1,1
"aiut",1,1
"ajaccio",1,1
"akademija",1,1
"akaikebayesian",1,1
"akila",1,1
"akin",1,1
"akka",1,1
"alacac",1,1
"alam",1,1
"alberta",1,1
"alcatelluc",1,1
"alderney",1,1
"aleator",1,1
"alertmessag",1,1
"alexandria",1,1
"algarv",1,1
"algerian",1,1
"algorithm’",1,1
"algorithmarchitectur",1,1
"algorithmartifici",1,1
"algorithmback",1,1
"algorithmdriven",1,1
"algorithmhierarch",1,1
"algorithmhistogrambas",1,1
"algorithmica",1,1
"algorithmnatur",1,1
"algorithms—includ",1,1
"algorithmtso",1,1
"alibaba",1,1
"alici",1,1
"aljet",1,1
"alkan",1,1
"alkanolamin",1,1
"alkhobar",1,1
"allcondit",1,1
"allisland",1,1
"allmet",1,1
"allometr",1,1
"allowedforbidden",1,1
"alloysmet",1,1
"allsolidst",1,1
"almanac",1,1
"almati",1,1
"almeria",1,1
"alohabas",1,1
"alohchno·nho",1,1
"alpbas",1,1
"alphabet",1,1
"alpinescontain",1,1
"alr",1,1
"alsharabi",1,1
"aluminumfin",1,1
"alwayspres",1,1
"alzheim",1,1
"amalgam",1,1
"amalia",1,1
"amaz",1,1
"ambianc",1,1
"ambientpressur",1,1
"ambit",1,1
"ambiti",1,1
"amblygonit",1,1
"ameren",1,1
"america",1,1
"amidst",1,1
"aminesolut",1,1
"amino",1,1
"aminomethylpropanol",1,1
"amlstm",1,1
"amo",1,1
"amod",1,1
"amodelbas",1,1
"amovmc",1,1
"ampdiethylen",1,1
"amperehour",1,1
"ampglycol",1,1
"amptriethylen",1,1
"ampute",1,1
"amuls",1,1
"amus",1,1
"amwpeguid",1,1
"amyloid",1,1
"amyloidtau",1,1
"analogfrontend",1,1
"analogtodigitalconvert",1,1
"analoguememorybas",1,1
"analoguetodigit",1,1
"analoguetotim",1,1
"analysisextrem",1,1
"analysisfirefli",1,1
"analysismodifi",1,1
"analyst",1,1
"analyticsi",1,1
"andrea",1,1
"androidbas",1,1
"anemo",1,1
"anfis–fcm",1,1
"anfisadrc",1,1
"anfisbas",1,1
"anfisfuzzi",1,1
"anfislstm",1,1
"anfiss",1,1
"angleindepend",1,1
"angströmprescott",1,1
"animalpl",1,1
"anion",1,1
"anionselect",1,1
"ann—util",1,1
"ann’",1,1
"annealingnondomin",1,1
"annga",1,1
"annhd",1,1
"annmc",1,1
"annmpc",1,1
"annpso",1,1
"annsfp",1,1
"annum",1,1
"annwith",1,1
"anonym",1,1
"ansatz",1,1
"antbas",1,1
"anteced",1,1
"antennainpackag",1,1
"antennasolar",1,1
"anterior",1,1
"anthracit",1,1
"anti",1,1
"antibacteri",1,1
"antibiot",1,1
"anticaptur",1,1
"anticipatori",1,1
"anticounterfeit",1,1
"antifoul",1,1
"antihebbian",1,1
"antiinterfer",1,1
"antilid",1,1
"antimoni",1,1
"antimonid",1,1
"antinois",1,1
"antioxid",1,1
"antipeak",1,1
"antiseason",1,1
"antisens",1,1
"antislip",1,1
"antiwindup",1,1
"anxiety’",1,1
"anylog",1,1
"anymor",1,1
"anyth",1,1
"aodv",1,1
"aoi",1,1
"aomdv",1,1
"aoni",1,1
"apd",1,1
"aperiod",1,1
"apnet",1,1
"appetit",1,1
"appliance’",1,1
"applianceappli",1,1
"appliancebyappli",1,1
"appliances’",1,1
"appliancespecif",1,1
"application’",1,1
"applicationbenchmark",1,1
"applicationcodeagnost",1,1
"applicationcoupl",1,1
"applicationdepend",1,1
"applicationdomain",1,1
"applicationdriven",1,1
"applicationin",1,1
"applicationlevel",1,1
"applicationoptim",1,1
"applicationori",1,1
"applications’",1,1
"applicationsal",1,1
"applicationshydrogen",1,1
"applicationsto",1,1
"appoint",1,1
"approach”",1,1
"approachbas",1,1
"approachnot",1,1
"approximationbas",1,1
"approximatorintegr",1,1
"apriori",1,1
"apslet",1,1
"apx",1,1
"apyolov",1,1
"aqlstm",1,1
"archaeolog",1,1
"archetyp",1,1
"archimedean",1,1
"architecture’",1,1
"architecturebas",1,1
"architectures—",1,1
"arctic",1,1
"arduino",1,1
"ardupilot",1,1
"are",1,1
"area»",1,1
"argentina",1,1
"argon",1,1
"arial",1,1
"arid",1,1
"arimabas",1,1
"arimagarch",1,1
"arimasvm",1,1
"arithmeticbas",1,1
"arithmetichuffman",1,1
"arkansa",1,1
"armagarch",1,1
"armatur",1,1
"armi",1,1
"armv",1,1
"arq",1,1
"arraybas",1,1
"arrhenius",1,1
"arrhythm",1,1
"arrow",1,1
"arslan",1,1
"artemi",1,1
"artifact",1,1
"artificialintellig",1,1
"artificialneuralnetwork",1,1
"artmap",1,1
"artmapbas",1,1
"arvr",1,1
"asb",1,1
"ascend",1,1
"asdesign",1,1
"asdex",1,1
"asei",1,1
"asfabr",1,1
"asgrown",1,1
"ashar",1,1
"ashbi",1,1
"asia",1,1
"asian",1,1
"asiapacif",1,1
"asid",1,1
"asif",1,1
"asiti",1,1
"asleep",1,1
"asmbr",1,1
"asn",1,1
"aspenplus™",1,1
"assent",1,1
"asset’",1,1
"assignmentus",1,1
"assuag",1,1
"assynthesis",1,1
"asthma",1,1
"astm",1,1
"astronaut",1,1
"athaval",1,1
"athlon",1,1
"athorni",1,1
"atinformerat",1,1
"atl",1,1
"atmega",1,1
"ato",1,1
"atomscal",1,1
"atp",1,1
"atrophi",1,1
"attacker’",1,1
"attackresist",1,1
"attentionalquant",1,1
"attentioninformerattent",1,1
"attresnet",1,1
"atyp",1,1
"aucroc",1,1
"auditorium",1,1
"augmentationbas",1,1
"augmentationmodel",1,1
"augusta",1,1
"ausvc",1,1
"authent",1,1
"autocfiml",1,1
"autocfixgboost",1,1
"autoconsumpt",1,1
"autocorrect",1,1
"autodock",1,1
"autoform",1,1
"autoformerbas",1,1
"automak",1,1
"automata",1,1
"automatabas",1,1
"autompg",1,1
"autorang",1,1
"autoregressiveintegr",1,1
"autoregressivemovingaverag",1,1
"autotransformerf",1,1
"autotroph",1,1
"avalanch",1,1
"aver",1,1
"average—sarima",1,1
"averagebas",1,1
"averagepow",1,1
"avgr",1,1
"aviri",1,1
"avl",1,1
"avmd",1,1
"avrami",1,1
"avvgo",1,1
"awaddpfl",1,1
"awak",1,1
"award",1,1
"aweibul",1,1
"awh",1,1
"awpc",1,1
"awsbas",1,1
"awv",1,1
"axialflow",1,1
"aydın",1,1
"aznar",1,1
"azur",1,1
"babp",1,1
"backandforth",1,1
"backendoflin",1,1
"backfil",1,1
"backoff",1,1
"backplan",1,1
"backtoback",1,1
"backwardgo",1,1
"backwardwav",1,1
"bacterium",1,1
"badger",1,1
"baharestan",1,1
"bahdanau",1,1
"bahia",1,1
"baic",1,1
"baiyun",1,1
"balaban",1,1
"balanceenergi",1,1
"balancetradeoff",1,1
"bald",1,1
"baljé",1,1
"balloonheight",1,1
"bamnfeo−δ",1,1
"bamnxfe−xo−δ",1,1
"bandit",1,1
"bangbang",1,1
"bankbas",1,1
"bankmultipl",1,1
"bankofexpert",1,1
"bapv",1,1
"barbojo",1,1
"baremet",1,1
"barium",1,1
"barrel",1,1
"basecas",1,1
"baselearn",1,1
"baselinedrift",1,1
"basemodel",1,1
"basicmodel",1,1
"basmadjian",1,1
"batchepoch",1,1
"battery–supercapacitor",1,1
"batteryconstrain",1,1
"batterycool",1,1
"batteryflywheel",1,1
"batteryintegr",1,1
"batterylimit",1,1
"batterytyp",1,1
"batteryuc",1,1
"batteryultracapacitor",1,1
"battlefield",1,1
"bauxit",1,1
"bazrceyybo",1,1
"bccss",1,1
"bcm",1,1
"bdgp",1,1
"bdope",1,1
"bdrate",1,1
"beammass",1,1
"beamshift",1,1
"bearer",1,1
"becm",1,1
"behaviordriven",1,1
"behaviorlifepredict",1,1
"beichen",1,1
"beirut",1,1
"belectr",1,1
"bellman–ford",1,1
"belowthekne",1,1
"benchscal",1,1
"bencyhnhscnsulfolan",1,1
"benderslik",1,1
"beneath",1,1
"benefitcost",1,1
"benefitsof",1,1
"beneft",1,1
"bengurion",1,1
"beni",1,1
"bent",1,1
"bentham",1,1
"benzathiadiazol",1,1
"berhad",1,1
"berkley",1,1
"bernoulli",1,1
"bernstein",1,1
"bespok",1,1
"bestcas",1,1
"besteffort",1,1
"bestest",1,1
"bestinclass",1,1
"bestmodel",1,1
"betterinform",1,1
"betweensubject",1,1
"bevspecif",1,1
"beyondcmo",1,1
"bfd",1,1
"bffrmtllstm",1,1
"bflc",1,1
"bfo",1,1
"bgagpr",1,1
"bharani",1,1
"bian",1,1
"bianchi",1,1
"biasedtrain",1,1
"biasvari",1,1
"bibliographi",1,1
"biclimat",1,1
"bict",1,1
"bidder",1,1
"bidimension",1,1
"bifunct",1,1
"bifurc",1,1
"bigbudget",1,1
"bigcc",1,1
"bigdata",1,1
"bigg",1,1
"bigruattentioncnn",1,1
"bigrunn",1,1
"bigrusenet",1,1
"bikenyc",1,1
"bilater",1,1
"bilay",1,1
"bilayerbas",1,1
"bimateri",1,1
"bimod",1,1
"binaryweight",1,1
"bing",1,1
"binomi",1,1
"biocompat",1,1
"bioderiv",1,1
"bioeffluent",1,1
"biofluid",1,1
"biogenesi",1,1
"biohous",1,1
"biohydrogen",1,1
"biomassbas",1,1
"biomassderiv",1,1
"biomassfir",1,1
"biomasstoliquid",1,1
"biomedicin",1,1
"biometri",1,1
"biomimet",1,1
"biomonitor",1,1
"bioplaus",1,1
"biopow",1,1
"bioprocess",1,1
"biopsi",1,1
"biorel",1,1
"biosensor",1,1
"biosynthesi",1,1
"biota",1,1
"biotechnolog",1,1
"biotox",1,1
"biowast",1,1
"bipartit",1,1
"biphas",1,1
"bipvtdsf",1,1
"biquadrat",1,1
"birmingham",1,1
"birth",1,1
"bisbt",1,1
"bisect",1,1
"bisimid",1,1
"bisurfact",1,1
"bitcel",1,1
"bitcrossflippingbas",1,1
"bitcycl",1,1
"bite",1,1
"bitmapbas",1,1
"bitseri",1,1
"bjev",1,1
"bjontegaard",1,1
"bjonteggard",1,1
"bladelik",1,1
"blank",1,1
"bleach",1,1
"blebas",1,1
"blockbas",1,1
"blockingawarebas",1,1
"bloodsuck",1,1
"bloom",1,1
"blstm",1,1
"bluhem",1,1
"bmcs",1,1
"bmdet",1,1
"bmf",1,1
"bmimbf",1,1
"bmw",1,1
"bnnbase",1,1
"bod",1,1
"bodcod",1,1
"bodla",1,1
"bodybia",1,1
"bodybias",1,1
"bodyweight",1,1
"boe",1,1
"bogi",1,1
"bogomolov",1,1
"boilersteam",1,1
"bombay",1,1
"bone",1,1
"bonnevill",1,1
"bonus",1,1
"bootstrapaggreg",1,1
"border",1,1
"bornholm",1,1
"borohydrid",1,1
"borosil",1,1
"bospold",1,1
"boston",1,1
"bottleneckenhanc",1,1
"boucwen",1,1
"boumerdè",1,1
"boundarylay",1,1
"boundarytextur",1,1
"bowel",1,1
"box–",1,1
"boxbehnken",1,1
"boxtyp",1,1
"bpg",1,1
"bppsobpneur",1,1
"bracket",1,1
"brackishwat",1,1
"bragg",1,1
"brain–",1,1
"brainimplant",1,1
"brampton",1,1
"branchandcontract",1,1
"branchlevel",1,1
"braun",1,1
"braytonmos",1,1
"breadthfirst",1,1
"bredem",1,1
"breflux",1,1
"brent",1,1
"bridgingcan",1,1
"brinesatur",1,1
"bro",1,1
"broadcastandweight",1,1
"broadscal",1,1
"broadspectrum",1,1
"brownbear",1,1
"broydenfletchergoldfarbshanno",1,1
"bru",1,1
"brunvand",1,1
"brussel",1,1
"brute",1,1
"bsg",1,1
"bsim",1,1
"bsimv",1,1
"bsite",1,1
"bslo",1,1
"bsm",1,1
"bsmgs",1,1
"bsoptmiz",1,1
"bsss",1,1
"bsuser",1,1
"btbback",1,1
"btmss",1,1
"bucharest",1,1
"buckl",1,1
"bufferori",1,1
"buildin",1,1
"buildingattach",1,1
"buildingbybuild",1,1
"buildingextens",1,1
"buildingintegratedphotovolta",1,1
"buildingmount",1,1
"buildingoccup",1,1
"buildingrel",1,1
"buildingscal",1,1
"buildingspecif",1,1
"buildingstogrid",1,1
"builtup",1,1
"bulkheterojunct",1,1
"bullish",1,1
"bunch",1,1
"bundlebas",1,1
"bundleframefamiliar",1,1
"buoy",1,1
"burnthrough",1,1
"burstori",1,1
"busan",1,1
"busbybus",1,1
"businessasusu",1,1
"buss",1,1
"busvoltag",1,1
"button",1,1
"buysid",1,1
"bwr",1,1
"bync",1,1
"byncnd",1,1
"bytes",1,1
"bytesizecod",1,1
"bzcyyb",1,1
"c–mean",1,1
"cablecar",1,1
"cacheon",1,1
"caco",1,1
"caenorhabd",1,1
"caesar",1,1
"cafe",1,1
"cage",1,1
"cake",1,1
"calculationbas",1,1
"callaway",1,1
"callip",1,1
"calorif",1,1
"cambridg",1,1
"camera’",1,1
"cameragener",1,1
"campuss",1,1
"campuswid",1,1
"camtcam",1,1
"can’t",1,1
"canari",1,1
"canb",1,1
"cancellationbas",1,1
"cancer",1,1
"cannabi",1,1
"cant",1,1
"canton",1,1
"cao",1,1
"cape",1,1
"capex",1,1
"capillarypor",1,1
"capitalintens",1,1
"capitamil",1,1
"capsular",1,1
"carbid",1,1
"carbodiimid",1,1
"carbohydraterich",1,1
"carbonac",1,1
"carbonemit",1,1
"carbonnanotubewat",1,1
"carboxyl",1,1
"carboxymethyl",1,1
"carden",1,1
"caribbean",1,1
"carnegi",1,1
"carolina",1,1
"carriag",1,1
"carrierbas",1,1
"carryout",1,1
"cartier",1,1
"carv",1,1
"carworldwid",1,1
"casebas",1,1
"cashflow",1,1
"cassava",1,1
"castalia",1,1
"castor",1,1
"castp",1,1
"casual",1,1
"cat",1,1
"catalog",1,1
"catalystpollut",1,1
"catania",1,1
"catastroph",1,1
"catboost’",1,1
"catboostrfecv",1,1
"cathodeelectrolyteanod",1,1
"cathoderib",1,1
"cathodesupport",1,1
"cationintercal",1,1
"cauchi",1,1
"causalitydefin",1,1
"causeandeffect",1,1
"cavityback",1,1
"cawoa‐elm",1,1
"cbaannsvm",1,1
"cbc",1,1
"cbd",1,1
"cbe",1,1
"cbec",1,1
"cbgas",1,1
"cbt",1,1
"cbviinf",1,1
"ccbi",1,1
"cccv",1,1
"ccd",1,1
"ccg",1,1
"ccm",1,1
"ccpbase",1,1
"ccsmpc",1,1
"ccss",1,1
"cct",1,1
"ccu",1,1
"cdcontamin",1,1
"cdiffer",1,1
"cdm",1,1
"cdns",1,1
"cdrs",1,1
"cdscw",1,1
"ceb",1,1
"cebafc",1,1
"cec–compressor",1,1
"cece",1,1
"ceemdan–igwo–gru",1,1
"ceemdansevmd",1,1
"ceemdanwoagru",1,1
"ceemdrvflsvr",1,1
"ceilomet",1,1
"celesti",1,1
"celestit",1,1
"cellbas",1,1
"cellbycel",1,1
"cellga",1,1
"cellphon",1,1
"cellsteam",1,1
"cellthermoradi",1,1
"celltomodul",1,1
"cellulas",1,1
"celsius",1,1
"cementiti",1,1
"censor",1,1
"census",1,1
"center’",1,1
"centerpiec",1,1
"centers’",1,1
"centimet",1,1
"centimeterlevel",1,1
"centimeterscal",1,1
"centralis",1,1
"centralprocessingunit",1,1
"centskw",1,1
"cepdv",1,1
"cepstral",1,1
"cerebellarreceiv",1,1
"cerium",1,1
"certainti",1,1
"cessor",1,1
"ceu",1,1
"ceutí",1,1
"ceuuch",1,1
"cfds",1,1
"cfdvalid",1,1
"cfpppcc",1,1
"cfst",1,1
"cgcs",1,1
"cgras",1,1
"cgts",1,1
"chainbas",1,1
"chalcogenid",1,1
"challenge”",1,1
"challengerespons",1,1
"challengeresponsepair",1,1
"champagne—ardenn",1,1
"champion",1,1
"chanceconstraint",1,1
"changepoint",1,1
"changingparticles",1,1
"changsha",1,1
"channelst",1,1
"characteristics—",1,1
"chargebalanc",1,1
"chargecapac",1,1
"chargecarri",1,1
"chargeddischarg",1,1
"chargedeplet",1,1
"chargemod",1,1
"chargingonpeak",1,1
"chargingstop",1,1
"chatgptgener",1,1
"chatter",1,1
"chebyshev",1,1
"checkin",1,1
"checkpoint",1,1
"cheer",1,1
"chemicalelectrochem",1,1
"chemiresist",1,1
"chemisorptionbas",1,1
"chemocatalyt",1,1
"chemotaxi",1,1
"cherri",1,1
"chetum",1,1
"chi",1,1
"chief",1,1
"children",1,1
"chiller’",1,1
"chingwei",1,1
"chipantenna",1,1
"chipbas",1,1
"chipsand",1,1
"chipset",1,1
"chisquaredbas",1,1
"chlorosubstitut",1,1
"cho",1,1
"choh",1,1
"chonnam",1,1
"choquet",1,1
"chose",1,1
"chpc",1,1
"chpdhs",1,1
"chromat",1,1
"chromatographmass",1,1
"chromiumdop",1,1
"chromophor",1,1
"chromosom",1,1
"chs",1,1
"chtcht",1,1
"chua",1,1
"chum",1,1
"chung",1,1
"chunk",1,1
"chvhs",1,1
"ciai",1,1
"cigr",1,1
"cigwo",1,1
"ciliari",1,1
"cimss",1,1
"ciprofloxacin",1,1
"circuitem",1,1
"circuitlevel",1,1
"cirrus",1,1
"cisc",1,1
"cite",1,1
"citespac",1,1
"citiestown",1,1
"civilian",1,1
"civilis",1,1
"ckd",1,1
"cla",1,1
"clad",1,1
"clara",1,1
"clark",1,1
"classbas",1,1
"classd",1,1
"classificationpredict",1,1
"classroom",1,1
"classtarget",1,1
"clayey",1,1
"clayton",1,1
"clb",1,1
"clcbase",1,1
"cldnn",1,1
"cleandirti",1,1
"cleanfirst",1,1
"cleans",1,1
"cleanup",1,1
"clientbas",1,1
"clients’",1,1
"clientserv",1,1
"climateinterim",1,1
"climateon",1,1
"climateresili",1,1
"climatology–persist",1,1
"climax",1,1
"clo",1,1
"clockcycl",1,1
"clog",1,1
"cloggingsludg",1,1
"clonal",1,1
"cloroflexi",1,1
"closedcircuit",1,1
"closeloop",1,1
"closestdist",1,1
"closetominimum",1,1
"closetozero",1,1
"clot",1,1
"cloudcov",1,1
"cloudcoverag",1,1
"clouddriven",1,1
"cloudedgeend",1,1
"cloudfre",1,1
"cloudless",1,1
"cloudlet",1,1
"cloudreadi",1,1
"cloudsegnet",1,1
"cloudyraini",1,1
"clusterchiplevel",1,1
"clusterdepend",1,1
"clustermesh",1,1
"clustertoclust",1,1
"clutter",1,1
"cmds",1,1
"cmem",1,1
"cmic",1,1
"cml",1,1
"cmlffbase",1,1
"cmosincompat",1,1
"cmosmem",1,1
"cmpsmt",1,1
"cmr",1,1
"cnn–",1,1
"cnn–lightgbm",1,1
"cnn–long",1,1
"cnnattentiong",1,1
"cnnbigru",1,1
"cnnbigruattent",1,1
"cnnbigrucbam",1,1
"cnnbilstmsta",1,1
"cnngruattent",1,1
"cnnlstmattent",1,1
"cnnlstmbase",1,1
"cnnlstmdnn",1,1
"cnnlstmmlp",1,1
"cnnseqseq",1,1
"cnnum",1,1
"coalco",1,1
"coalit",1,1
"coalwat",1,1
"coarsefin",1,1
"coarsen",1,1
"coasttract",1,1
"coatlif",1,1
"coawar",1,1
"cobalt",1,1
"cobalt‑manganes",1,1
"cobaltbas",1,1
"cochannel",1,1
"cochleagram",1,1
"coclust",1,1
"cocontract",1,1
"cocontrol",1,1
"coconut",1,1
"codepend",1,1
"codispatch",1,1
"codistribut",1,1
"codyrun",1,1
"coefficientbhpcc",1,1
"coefficientofperform",1,1
"coekwh",1,1
"coelectrolyz",1,1
"coemiss",1,1
"coequival",1,1
"coestim",1,1
"coextract",1,1
"cofeo",1,1
"cohes",1,1
"coi",1,1
"coinfer",1,1
"coker",1,1
"cokw",1,1
"cokwh",1,1
"colder",1,1
"coldregion",1,1
"coldsid",1,1
"collapsebas",1,1
"collat",1,1
"collectionrecyclingmanufactur",1,1
"collectorstorag",1,1
"colleg",1,1
"collinear",1,1
"collision",1,1
"collisionfre",1,1
"cologn",1,1
"colon",1,1
"colordepth",1,1
"columbus”",1,1
"combi",1,1
"combinedheatandpow",1,1
"combinedslip",1,1
"combinersplitt",1,1
"comec",1,1
"comfortashra",1,1
"comfortcentr",1,1
"comfortenergi",1,1
"comfortpredict",1,1
"comfortpriorit",1,1
"comfortprofil",1,1
"comfortwellb",1,1
"commerciallyvi",1,1
"commercialofftheshelf",1,1
"commercialoftheshelf",1,1
"commercials",1,1
"commercialscal",1,1
"commitmenteconom",1,1
"commong",1,1
"commonsourc",1,1
"communicationbas",1,1
"communicationintens",1,1
"communicationrel",1,1
"community’",1,1
"communitylevel",1,1
"commut",1,1
"comnsni",1,1
"comol",1,1
"companiesin",1,1
"compartment",1,1
"compass",1,1
"compendium",1,1
"compilerdirect",1,1
"compileren",1,1
"compilerpredict",1,1
"compilerprogramm",1,1
"complain",1,1
"complaint",1,1
"completionstimul",1,1
"complexityeffect",1,1
"complexityguid",1,1
"complexshap",1,1
"complimentari",1,1
"complimentarili",1,1
"componentlevel",1,1
"componentpolynomi",1,1
"compositionprocessingperform",1,1
"computationdemand",1,1
"computebound",1,1
"computerbas",1,1
"computingen",1,1
"computinginmemori",1,1
"computingso",1,1
"comsolcdi",1,1
"concav",1,1
"concentrationdepend",1,1
"concentrationrespons",1,1
"concentrationswith",1,1
"concis",1,1
"concord",1,1
"condensedphas",1,1
"conditionalvalueatrisk",1,1
"conductorlik",1,1
"coneutr",1,1
"conf",1,1
"confidenceg",1,1
"confirmatori",1,1
"conflictfre",1,1
"confound",1,1
"confrm",1,1
"congener",1,1
"congreg",1,1
"coni",1,1
"conjectur",1,1
"connectiondisconnect",1,1
"connot",1,1
"conquer",1,1
"conquer”",1,1
"conscienti",1,1
"consol",1,1
"consolidationbas",1,1
"constantflow",1,1
"constraintbas",1,1
"constraintcoupl",1,1
"constrainthandl",1,1
"constraintsatisfi",1,1
"constructaldesign",1,1
"consumer’",1,1
"consumersw",1,1
"consumm",1,1
"consumption–spe",1,1
"consumption’",1,1
"consumption”",1,1
"consumptionawar",1,1
"consumptiondepend",1,1
"consumptionenergi",1,1
"consumptionin",1,1
"consumptionmodel",1,1
"consumptionproduct",1,1
"contactor",1,1
"container",1,1
"contempl",1,1
"contextrich",1,1
"contin",1,1
"continent",1,1
"continuestob",1,1
"continuouslytun",1,1
"contractu",1,1
"contrarili",1,1
"controllerspract",1,1
"controllertun",1,1
"controlmpcbas",1,1
"controlprotect",1,1
"conventionallyschedul",1,1
"convertercontrol",1,1
"converterdriven",1,1
"convertor",1,1
"convex–concav",1,1
"convey",1,1
"convlstmdsconvgru",1,1
"convnet",1,1
"convolun",1,1
"convolutionallong",1,1
"convolutionalneuralnetwork",1,1
"convolutionalneuralnetworkprocessor",1,1
"convolutiong",1,1
"convolv",1,1
"convoy",1,1
"coo",1,1
"cooldiscomfortcomfortwarmdiscomfort",1,1
"coordinationbas",1,1
"copperindiumgalliumdiselenid",1,1
"copperlowk",1,1
"copredict",1,1
"coproduc",1,1
"copula funct",1,1
"copulabas",1,1
"cor",1,1
"coreawar",1,1
"corebusi",1,1
"coreless",1,1
"coreshel",1,1
"core™",1,1
"corn",1,1
"corncob",1,1
"corneabas",1,1
"coronavirus",1,1
"corrcoef",1,1
"correctionbas",1,1
"corrector",1,1
"correlationship",1,1
"correntropi",1,1
"correntropybas",1,1
"corrosionresist",1,1
"corsica",1,1
"cortica",1,1
"cospar",1,1
"costand",1,1
"costat",1,1
"costconstraint",1,1
"costfunctionbas",1,1
"costinvest",1,1
"costofservic",1,1
"costperform",1,1
"costrisk",1,1
"coulomb",1,1
"counterfac",1,1
"counterfactu",1,1
"counterflow",1,1
"countless",1,1
"countrylevel",1,1
"cousin",1,1
"covariates”",1,1
"covermak",1,1
"cowat",1,1
"cox",1,1
"cpcbase",1,1
"cpi",1,1
"cpr",1,1
"cpri",1,1
"cpu’",1,1
"cqds",1,1
"craft",1,1
"cramerrao",1,1
"crc",1,1
"creation’",1,1
"crew",1,1
"crh",1,1
"criteriacorrel",1,1
"criteriona",1,1
"criticbas",1,1
"crl",1,1
"crmnfeconi",1,1
"crnimowvnbn",1,1
"crnn",1,1
"croatian",1,1
"crop’",1,1
"crossbord",1,1
"crosscheck",1,1
"crosscompar",1,1
"crosscoupl",1,1
"crossdataset",1,1
"crossfertil",1,1
"crossgeograph",1,1
"crosshous",1,1
"crossinterfer",1,1
"crossplant",1,1
"crossregion",1,1
"crossscal",1,1
"crosssiz",1,1
"crossspacetim",1,1
"crossstag",1,1
"crosstier",1,1
"crosstimescal",1,1
"crossventil",1,1
"crosswind",1,1
"crouch",1,1
"crowddensitybj",1,1
"crowdsensingen",1,1
"crssa",1,1
"crunch",1,1
"cryogen",1,1
"cryptograph",1,1
"csaanfisadrc",1,1
"csbase",1,1
"csc",1,1
"cscm",1,1
"csd",1,1
"csdn",1,1
"csi”",1,1
"csibas",1,1
"csmaca",1,1
"cstr",1,1
"cstwpps",1,1
"csupport",1,1
"cubesat",1,1
"cubesats—",1,1
"cuckoosearchmothflam",1,1
"cudefici",1,1
"cuiicontain",1,1
"cuin",1,1
"cuingas",1,1
"cuinscd",1,1
"cuinsexsx",1,1
"cuivanad",1,1
"cumbersom",1,1
"cuno",1,1
"cupric",1,1
"currenc",1,1
"current–direct",1,1
"current–voltag",1,1
"currentcapacitancevoltag",1,1
"currentfeedback",1,1
"currentlatch",1,1
"currentmatched—",1,1
"currentmeasur",1,1
"currentmod",1,1
"currentsens",1,1
"currentvoltag",1,1
"curseofdimension",1,1
"cursorcontrol",1,1
"curvebas",1,1
"curvefit",1,1
"curvetocurv",1,1
"curvi",1,1
"cus’",1,1
"cuso",1,1
"cusp",1,1
"custombuilt",1,1
"customersid",1,1
"customiz",1,1
"custommad",1,1
"cusum",1,1
"cutpoint",1,1
"cutthrough",1,1
"cuxvo",1,1
"cve",1,1
"cvmdqhdbokelm",1,1
"cvs",1,1
"cvsr",1,1
"cwb",1,1
"cwc",1,1
"cwm",1,1
"cws",1,1
"cwt",1,1
"cwtvit",1,1
"cyanobacteri",1,1
"cyanobacterium",1,1
"cybermanufactur",1,1
"cybersecur",1,1
"cycleaverag",1,1
"cyclohexan",1,1
"cyh",1,1
"czarnul",1,1
"czech",1,1
"czochralski",1,1
"dae",1,1
"dagbas",1,1
"dai",1,1
"dalla",1,1
"dankook",1,1
"dann",1,1
"darkregion",1,1
"dash",1,1
"dashboard",1,1
"data—",1,1
"data—distribut",1,1
"data”",1,1
"dataa",1,1
"dataanalysi",1,1
"dataassist",1,1
"datadecompositionbas",1,1
"dataflow",1,1
"datagener",1,1
"datalevel",1,1
"datapacket",1,1
"datapath",1,1
"datas",1,1
"datascarc",1,1
"datasetlevel",1,1
"datastorageexpens",1,1
"datavalid",1,1
"datetim",1,1
"daunt",1,1
"daviesbouldin",1,1
"day’",1,1
"dayhead",1,1
"daylightrespons",1,1
"daynight",1,1
"daysahead",1,1
"daytoday",1,1
"daywis",1,1
"dbg",1,1
"dca",1,1
"dccnn",1,1
"dccoupl",1,1
"dcesn",1,1
"dcf",1,1
"dcl",1,1
"dconvolut",1,1
"dcpal",1,1
"dcra",1,1
"dcsbase",1,1
"dct",1,1
"dctoeirp",1,1
"dctoradi",1,1
"ddcc",1,1
"ddd",1,1
"ddhpnbase",1,1
"ddhyolov",1,1
"ddm",1,1
"ddqnbase",1,1
"deadband",1,1
"deadlockfre",1,1
"dealssvm",1,1
"debias",1,1
"decades’",1,1
"decawave’",1,1
"decentralis",1,1
"decibel",1,1
"decisiondynam",1,1
"decisionmakingthi",1,1
"declutch",1,1
"decomposedbidirectionalfus",1,1
"decomposition–integr",1,1
"decompositioncoordin",1,1
"decompositionensembl",1,1
"decompositiongrey",1,1
"decompositionoptimizationreconstruct",1,1
"decompositionrdpg",1,1
"decompositionreconstructionensembl",1,1
"decompressor",1,1
"deconstruct",1,1
"decontamin",1,1
"decorrel",1,1
"decreasewith",1,1
"decrypt",1,1
"deepbsc",1,1
"deeplong",1,1
"deeplstm",1,1
"deepmind",1,1
"deepneuralnetwork",1,1
"deepreinforc",1,1
"deepseat",1,1
"deepshap—",1,1
"deepsubmicron",1,1
"deeptrench",1,1
"deepwidth",1,1
"defenc",1,1
"defend",1,1
"defer",1,1
"deff",1,1
"deformationmechanismbas",1,1
"degradationrel",1,1
"degreedaybas",1,1
"degreehour",1,1
"deh",1,1
"dehumidifi",1,1
"dehumidifierassist",1,1
"dehydrationhydr",1,1
"dehydrogen",1,1
"delamin",1,1
"delaunay",1,1
"delayaccuraci",1,1
"delin",1,1
"deload",1,1
"deloc",1,1
"deltar",1,1
"demand–suppli",1,1
"demandanalysi",1,1
"demandbas",1,1
"demandcontrol",1,1
"demandforecast",1,1
"demandfuel",1,1
"demandga",1,1
"demist",1,1
"demo",1,1
"demographicbuild",1,1
"demostr",1,1
"demulsifi",1,1
"deng",1,1
"denizli",1,1
"denlub",1,1
"denomin",1,1
"densespars",1,1
"densif",1,1
"densityclust",1,1
"denver",1,1
"dependencetestingbas",1,1
"dependencybas",1,1
"depthaverag",1,1
"depthscal",1,1
"descend",1,1
"descentbas",1,1
"deseason",1,1
"deseasonil",1,1
"desertlik",1,1
"designbuild",1,1
"designcontrol",1,1
"designexpert",1,1
"designflow",1,1
"designori",1,1
"designtimeruntim",1,1
"desk",1,1
"desorb",1,1
"dess",1,1
"dest",1,1
"dest design",1,1
"destroy",1,1
"desulfomicrobium",1,1
"desulfovibrio",1,1
"desvm",1,1
"desynchron",1,1
"detailori",1,1
"detank",1,1
"detectior",1,1
"detectorbas",1,1
"detectss",1,1
"deter",1,1
"deterministicstochast",1,1
"deterr",1,1
"detun",1,1
"deunderestim",1,1
"deuterium",1,1
"developedfor",1,1
"development",1,1
"devicebas",1,1
"devicefre",1,1
"devices—nvidia",1,1
"devices’",1,1
"devicescircuit",1,1
"devicesmodul",1,1
"devoid",1,1
"dewpoint",1,1
"dfebas",1,1
"dfpcaxgb",1,1
"dfrc",1,1
"dftcalcul",1,1
"dgeolog",1,1
"dgis",1,1
"dgm",1,1
"dhr",1,1
"dhw",1,1
"dhα",1,1
"diagnosabilti",1,1
"dibl",1,1
"dick",1,1
"dickey–ful",1,1
"dicopt",1,1
"didnt",1,1
"dieboldmariano",1,1
"diego",1,1
"dierent",1,1
"diet",1,1
"dif",1,1
"differencebas",1,1
"differential–algebra",1,1
"differentialevolutionari",1,1
"differents",1,1
"difficultit",1,1
"difficulttomachin",1,1
"difficulttoprocess",1,1
"diffusionbas",1,1
"diffusor",1,1
"dig",1,1
"digitalanalog",1,1
"digitallyassist",1,1
"digitalpredict",1,1
"digitalsignalprocess",1,1
"digitaltotim",1,1
"digitaltwinbas",1,1
"digsilent®",1,1
"dihydr",1,1
"diimid",1,1
"dijkstra’",1,1
"dijkstralik",1,1
"dike",1,1
"diluent",1,1
"dime",1,1
"dimensionalmultiphys",1,1
"dinar",1,1
"dine",1,1
"diodebridg",1,1
"diodeclamp",1,1
"dioptric",1,1
"diphosph",1,1
"dipol",1,1
"dipper",1,1
"direct‐touch",1,1
"directcoupl",1,1
"directcurr",1,1
"directdriven",1,1
"directgap",1,1
"directlink",1,1
"dirmo",1,1
"dirrec",1,1
"dirti",1,1
"disaffect",1,1
"disaggregationaggreg",1,1
"disagr",1,1
"disambigu",1,1
"disappoint",1,1
"disasterstricken",1,1
"disastr",1,1
"dischargingcharg",1,1
"disclosur",1,1
"disco",1,1
"discomfortbas",1,1
"discourag",1,1
"discours",1,1
"discreteev",1,1
"disctyp",1,1
"disentangl",1,1
"disgust",1,1
"dish",1,1
"dishonesti",1,1
"dishwash",1,1
"disintegr",1,1
"diskbas",1,1
"dispatchableintervalbas",1,1
"dispel",1,1
"disposit",1,1
"disput",1,1
"dissect",1,1
"dissimilatori",1,1
"dissipationless",1,1
"dissolutionprecipit",1,1
"dissymmetri",1,1
"distancedepend",1,1
"distancekeep",1,1
"distanceresolv",1,1
"distillatefuel",1,1
"distortionbas",1,1
"distract",1,1
"distributedmemori",1,1
"distributedparamet",1,1
"distributionbas",1,1
"distributionelectr",1,1
"distributiongbcqr",1,1
"divertor",1,1
"divulg",1,1
"diwekar",1,1
"dizzi",1,1
"dka",1,1
"dlgcn",1,1
"dlinear",1,1
"dlkg",1,1
"dlr",1,1
"dlrs",1,1
"dlsemp",1,1
"dmark",1,1
"dmde",1,1
"dmpgc",1,1
"dmr",1,1
"dnnbase",1,1
"dno",1,1
"dns",1,1
"doctor",1,1
"dogok",1,1
"domain”",1,1
"domaininform",1,1
"dong",1,1
"donnan",1,1
"donoracceptor",1,1
"donostiasan",1,1
"donot",1,1
"donotexce",1,1
"dont",1,1
"doplstm",1,1
"dosag",1,1
"dota",1,1
"doubleact",1,1
"doubleconvolut",1,1
"doubledigit",1,1
"doublef",1,1
"doubleloop",1,1
"doublepip",1,1
"doublepoli",1,1
"doublesourc",1,1
"doublest",1,1
"doubletimescal",1,1
"downdraft",1,1
"downloadingupload",1,1
"downshift",1,1
"downsid",1,1
"downtown",1,1
"downturn",1,1
"dp∼eopen",1,1
"dpcm",1,1
"dpga",1,1
"dpl",1,1
"dpmm",1,1
"dql",1,1
"dqr",1,1
"draft",1,1
"dragreduct",1,1
"draininduc",1,1
"draught",1,1
"dream",1,1
"dres",1,1
"driscrap",1,1
"driveabl",1,1
"drivebywir",1,1
"drivecycl",1,1
"driver’",1,1
"driverbas",1,1
"driverless",1,1
"driverrel",1,1
"drivers’",1,1
"driverspecif",1,1
"drivervehicl",1,1
"drivervehicleenvironmentdepend",1,1
"drivetrain",1,1
"drivingair",1,1
"drlenabl",1,1
"dropwis",1,1
"drove",1,1
"drpn",1,1
"drps",1,1
"drsn",1,1
"drycoal",1,1
"dryness",1,1
"dsconvgru",1,1
"dsevrp",1,1
"dsf",1,1
"dsmoke",1,1
"dsorcgalssvm",1,1
"dspace",1,1
"dspcontrol",1,1
"dsps",1,1
"dstabilitycouti",1,1
"dtassist",1,1
"dtbase",1,1
"dtccontrol",1,1
"dtg",1,1
"dtgff",1,1
"dttdcp",1,1
"dtwbase",1,1
"dualactivebridg",1,1
"dualb",1,1
"dualblock",1,1
"dualbranch",1,1
"dualcach",1,1
"dualconvers",1,1
"dualduct",1,1
"dualfrequ",1,1
"dualfrequencycomb",1,1
"dualfuel",1,1
"dualfunct",1,1
"dualimpel",1,1
"dualinput",1,1
"dualism",1,1
"dualitybas",1,1
"dualminim",1,1
"dualmodecomplementari",1,1
"dualparallel",1,1
"dualpath",1,1
"dualpingpongmemori",1,1
"dualport",1,1
"dualrat",1,1
"dualregul",1,1
"dualsteer",1,1
"dualstream",1,1
"dualsuppli",1,1
"dualtim",1,1
"dub",1,1
"ductleak",1,1
"ductpair",1,1
"duli",1,1
"dunhuang",1,1
"duswamp",1,1
"dutch",1,1
"dvfsbase",1,1
"dvfsdfsdct",1,1
"dvfsspecif",1,1
"dvsdm",1,1
"dwarf",1,1
"dwtlstm",1,1
"dxdt××ert×phphok×x",1,1
"dxt",1,1
"dyesensitis",1,1
"dynamicneighborhood",1,1
"dynamicpmv",1,1
"dynamicpow",1,1
"dynamo",1,1
"dynamometerbas",1,1
"dysfunct",1,1
"dysprosium",1,1
"dysregul",1,1
"eaepq",1,1
"eafbas",1,1
"eamc",1,1
"eaoa",1,1
"earabl",1,1
"earliestaccess",1,1
"earlyag",1,1
"earlypredict",1,1
"earth’",1,1
"earthquak",1,1
"easeofprocess",1,1
"east–west",1,1
"eastwest",1,1
"easyregener",1,1
"easytopredict",1,1
"ebalm",1,1
"eblc",1,1
"ebp",1,1
"ecad",1,1
"ecanet",1,1
"ecass",1,1
"eccentr",1,1
"ecgbas",1,1
"echp",1,1
"eclect",1,1
"eclips",1,1
"ecmi",1,1
"ecmp",1,1
"ecmr",1,1
"eco",1,1
"ecocool",1,1
"ecocruis",1,1
"ecofriendliest",1,1
"economicdispatch",1,1
"ecorout",1,1
"ecosustain",1,1
"ecpc",1,1
"ecppc",1,1
"ecus",1,1
"eddsthat",1,1
"ede",1,1
"edem",1,1
"edemand",1,1
"edf",1,1
"edgeassist",1,1
"edgecas",1,1
"edgecomput",1,1
"edgedeploy",1,1
"edgedomin",1,1
"edgeemiss",1,1
"edgeen",1,1
"edgefirst",1,1
"eeabr",1,1
"eegbas",1,1
"eehello",1,1
"eemdmgwosvm",1,1
"eemdpsogasvr",1,1
"eemdrvfl",1,1
"eemdrvflsvr",1,1
"eemdsvr",1,1
"een",1,1
"eeor",1,1
"eeprom",1,1
"eerakw",1,1
"eet",1,1
"efcienc",1,1
"effect”",1,1
"egovehicl",1,1
"egpvk",1,1
"egress",1,1
"ehss",1,1
"ehsus",1,1
"ehto",1,1
"eie",1,1
"eigenvector",1,1
"eightcolumnshar",1,1
"eightcoupl",1,1
"eightinch",1,1
"eightport",1,1
"eirp",1,1
"ekato",1,1
"ekfon",1,1
"ekg",1,1
"ekgraphsag",1,1
"elam",1,1
"elaps",1,1
"elasticplast",1,1
"elastohydrodynam",1,1
"elastomerbas",1,1
"elastoplast",1,1
"elbo",1,1
"elctrodialysi",1,1
"eldin",1,1
"elearn",1,1
"electretbas",1,1
"eléctrica",1,1
"electricallyconduct",1,1
"electricallydriven",1,1
"electricalopt",1,1
"electricalsystem",1,1
"electrichydraul",1,1
"electricit́",1,1
"electricitybas",1,1
"electricitydepend",1,1
"electricityga",1,1
"electricityheat",1,1
"electricityheatcomput",1,1
"electricitysav",1,1
"electricitytosynga",1,1
"electricityusag",1,1
"electricmotordriven",1,1
"electro–mechano–opt",1,1
"electrocardiographi",1,1
"electrocatalyst",1,1
"electrocatalyt",1,1
"electrochrom",1,1
"electrocort",1,1
"electrodeco",1,1
"electroenhanc",1,1
"electrofenton",1,1
"electrogener",1,1
"electrokinet",1,1
"electrolessgold",1,1
"electrolyticcapacitor",1,1
"electronacceptor",1,1
"electronbeamexcit",1,1
"electronmobl",1,1
"electronselect",1,1
"electroosmosi",1,1
"electrophysiolog",1,1
"electropl",1,1
"electroplatedgold",1,1
"electrospray",1,1
"electrotechn",1,1
"electrotherm",1,1
"electrothermomechan",1,1
"elementarylik",1,1
"elementbas",1,1
"eleph",1,1
"elia",1,1
"elig",1,1
"elitist",1,1
"ellipsoid",1,1
"ellipsomet",1,1
"elus",1,1
"ema",1,1
"emainten",1,1
"embeddedcomput",1,1
"embryo",1,1
"emdlssvrq",1,1
"emdlstm",1,1
"emdmpsolssvm",1,1
"emdrnn",1,1
"emdrvflsvr",1,1
"emdsvr",1,1
"emf",1,1
"emgbas",1,1
"emgener",1,1
"emimbf",1,1
"emin",1,1
"emissioneffici",1,1
"emissionsawar",1,1
"emittedcarri",1,1
"emittercollector",1,1
"employed—artifici",1,1
"emt",1,1
"emulsif",1,1
"enabledis",1,1
"enact",1,1
"enb",1,1
"enbpi",1,1
"encoderbilstm",1,1
"endang",1,1
"endconsum",1,1
"endeavor",1,1
"endedgecloud",1,1
"endem",1,1
"endhoststermin",1,1
"endofcenturi",1,1
"endogenousexogen",1,1
"endoscop",1,1
"endsdown",1,1
"endunit",1,1
"endusers’",1,1
"energ",1,1
"energy‐sav",1,1
"energy’",1,1
"energyaccess",1,1
"energyand",1,1
"energyawaremulticlust",1,1
"energyblock",1,1
"energycarboneconomi",1,1
"energycellular",1,1
"energyconstraint",1,1
"energycosteffici",1,1
"energydemand",1,1
"energydens",1,1
"energydissip",1,1
"energydomin",1,1
"energyeconom",1,1
"energyeconomyenviron",1,1
"energyexergi",1,1
"energyharvest",1,1
"energyhungri",1,1
"energyi",1,1
"energymanag",1,1
"energymaxim",1,1
"energyminim",1,1
"energymodel",1,1
"energyori",1,1
"energyperform",1,1
"energyplusbas",1,1
"energypluscopyright",1,1
"energypluss",1,1
"energyplus™",1,1
"energypreserv",1,1
"energyreservestorag",1,1
"energyshar",1,1
"energystorag",1,1
"energythroughput",1,1
"energytrad",1,1
"enginebas",1,1
"enob",1,1
"enqueu",1,1
"enrout",1,1
"ensembleboost",1,1
"enterprise’",1,1
"entireti",1,1
"entropybit",1,1
"entropytrack",1,1
"entrust",1,1
"entrybas",1,1
"enumer",1,1
"envelopebas",1,1
"eobl‐cssa‐lssvm",1,1
"eosch",1,1
"epanechnikov",1,1
"epex",1,1
"epic",1,1
"epidemicinspir",1,1
"epilepsi",1,1
"epilept",1,1
"epiphani",1,1
"epipolar",1,1
"epistem",1,1
"eplc",1,1
"epoxi",1,1
"eprvbo",1,1
"epsac",1,1
"epsacmpc",1,1
"epsilonsvr",1,1
"equallyplaus",1,1
"equalspe",1,1
"equest",1,1
"equidist",1,1
"equifin",1,1
"equipartit",1,1
"equipment’",1,1
"equipmentoper",1,1
"equipmentretrofit",1,1
"equipmentusag",1,1
"equipotenti",1,1
"equivalentisotropicradi",1,1
"erainterim",1,1
"erasingaa",1,1
"erasur",1,1
"ercot",1,1
"erd",1,1
"ergod",1,1
"eri",1,1
"erlenmey",1,1
"ern",1,1
"errorback",1,1
"errorfre",1,1
"errormr",1,1
"errorrms",1,1
"ersus",1,1
"esb",1,1
"escherichia",1,1
"esco",1,1
"esd",1,1
"esdabilstmqr",1,1
"ese",1,1
"esens",1,1
"esf",1,1
"eskin",1,1
"esmd",1,1
"esoter",1,1
"espinardo",1,1
"ester",1,1
"estimationbas",1,1
"estimationpredict",1,1
"estimatorbas",1,1
"etap",1,1
"etf",1,1
"ethic",1,1
"etl",1,1
"etp",1,1
"etri",1,1
"euclideanbas",1,1
"eufund",1,1
"euler",1,1
"eulerbernoulli",1,1
"eulerianbas",1,1
"eur",1,1
"europechalleng",1,1
"eurora",1,1
"eus",1,1
"evaporationcondens",1,1
"evcss",1,1
"evdg",1,1
"evdistribut",1,1
"eventscap",1,1
"eventsthi",1,1
"eventtoev",1,1
"everevolv",1,1
"evrpcc",1,1
"ewast",1,1
"ewinduc",1,1
"exaflop",1,1
"exagger",1,1
"examplesfin",1,1
"exanim",1,1
"executiontim",1,1
"exemplar",1,1
"exemplif",1,1
"exhal",1,1
"exibl",1,1
"exig",1,1
"exoskeleton",1,1
"expectation–maxim",1,1
"expectationmaxim",1,1
"expend",1,1
"experiencebas",1,1
"experienceheavi",1,1
"explanationbas",1,1
"explicitimplicit",1,1
"explorationexploit",1,1
"exploratori",1,1
"expo",1,1
"exponent–bas",1,1
"exposit",1,1
"expost",1,1
"exposurerespons",1,1
"exsituderiv",1,1
"extant",1,1
"external disturb",1,1
"externalcombust",1,1
"externalrel",1,1
"extractoracceler",1,1
"extranucleolar",1,1
"extrapredict",1,1
"extravers",1,1
"extremelearningmachin",1,1
"extremelowpow",1,1
"extremepoint",1,1
"facebook’",1,1
"facilities’",1,1
"facm",1,1
"factorless",1,1
"factors—evapor",1,1
"factorstoward",1,1
"factorypremis",1,1
"factual",1,1
"faf",1,1
"failuresmachineri",1,1
"fairbanksnatur",1,1
"faisal",1,1
"fake",1,1
"fallback",1,1
"falseposit",1,1
"familyori",1,1
"famous",1,1
"fare",1,1
"farir",1,1
"farmer",1,1
"farmland",1,1
"farreach",1,1
"farther",1,1
"fastdtw",1,1
"fastelectr",1,1
"fastestgrow",1,1
"fastmov",1,1
"fastswitch",1,1
"fasttimescal",1,1
"fasttrack",1,1
"fathtreebas",1,1
"fatiguelik",1,1
"fattail",1,1
"fatti",1,1
"faultcaus",1,1
"faultrel",1,1
"faulttoler",1,1
"favorit",1,1
"fayalit",1,1
"fbm",1,1
"fcbase",1,1
"fcmgwobp",1,1
"fcmlssvm",1,1
"fcms",1,1
"fdcciibas",1,1
"fdi",1,1
"fdm",1,1
"fdnn",1,1
"fdsoi",1,1
"fear",1,1
"feast",1,1
"feature’",1,1
"featurebas",1,1
"featureengineered–natur",1,1
"featureenhanc",1,1
"featureextract",1,1
"featurelevel",1,1
"featurerich",1,1
"featuresba",1,1
"featuretim",1,1
"featurewis",1,1
"fec",1,1
"fecnfecn",1,1
"fedavg",1,1
"fedbatch",1,1
"feddp",1,1
"fedform",1,1
"feedandble",1,1
"feedbackdelay",1,1
"feedbackloop",1,1
"feedbacktyp",1,1
"feedforwardangl",1,1
"feedinlet",1,1
"fefe",1,1
"fefet",1,1
"feiii",1,1
"felixstow",1,1
"fellow",1,1
"femtosecond",1,1
"feng",1,1
"feni",1,1
"fenton",1,1
"ferc",1,1
"fermentor",1,1
"fermi",1,1
"fermilevel",1,1
"ferric",1,1
"fesio",1,1
"fetchbandwidth",1,1
"fetchthrottl",1,1
"fewa",1,1
"fewest",1,1
"fexo",1,1
"ffbpnn",1,1
"ffts",1,1
"fgmos",1,1
"fgnbsonoff",1,1
"fiberopt",1,1
"fibreopt",1,1
"fibrous",1,1
"fica",1,1
"fick",1,1
"fick’",1,1
"fickl",1,1
"fictiti",1,1
"fieldbas",1,1
"fieldbus",1,1
"fieldeffect",1,1
"fieldindepend",1,1
"fieldobtain",1,1
"fieldscal",1,1
"fieldtest",1,1
"fieldvalid",1,1
"fieldwis",1,1
"fifobas",1,1
"fifteen",1,1
"fiftyf",1,1
"figuresofmerit",1,1
"filamentari",1,1
"filamentfre",1,1
"filer",1,1
"files—typ",1,1
"filler",1,1
"filmtyp",1,1
"filtersampl",1,1
"filterwrapp",1,1
"finecontrol",1,1
"finegranular",1,1
"finelyresolv",1,1
"finescal",1,1
"finess",1,1
"fingrid",1,1
"finitecapac",1,1
"finitecontrolset",1,1
"finitediffer",1,1
"finitehorizon",1,1
"finiteimpuls",1,1
"finnish",1,1
"firewal",1,1
"firmer",1,1
"firstcom",1,1
"firstcomefirstserv",1,1
"firstfit",1,1
"firstgener",1,1
"firstinfirstout",1,1
"firstlaw",1,1
"firstlevel",1,1
"firstserv",1,1
"firststep",1,1
"firth",1,1
"fis",1,1
"fiscal",1,1
"fisher",1,1
"fisia",1,1
"fitre",1,1
"fivedimension",1,1
"fivelevel",1,1
"fivemin",1,1
"fivestar",1,1
"fivezon",1,1
"fixedd",1,1
"fixedfrequ",1,1
"fixedfrequencypow",1,1
"fixedtilt",1,1
"fixedvoltag",1,1
"fixlin",1,1
"fjbitsearch",1,1
"flagship",1,1
"flander",1,1
"flang",1,1
"flappingw",1,1
"flatground",1,1
"flatpanel",1,1
"flatsurfac",1,1
"flatter",1,1
"flaw",1,1
"flbase",1,1
"fleetvehicl",1,1
"flexibleload",1,1
"flexiblestructurebas",1,1
"flexil",1,1
"flightpath",1,1
"floatabl",1,1
"floatglass",1,1
"floatingg",1,1
"floccul",1,1
"floor—cal",1,1
"floorarearatio",1,1
"floorplan",1,1
"flour",1,1
"flowattent",1,1
"flowbetween",1,1
"flowchart",1,1
"flowchartlik",1,1
"flowdriven",1,1
"flowfield",1,1
"flowsheet",1,1
"flssvm",1,1
"flu",1,1
"fluent®",1,1
"fluid–fluid",1,1
"fluidstructur",1,1
"fluminens",1,1
"fluoridebas",1,1
"fluoroanthenediimid",1,1
"fluxdens",1,1
"fmdp",1,1
"fmea",1,1
"fnn",1,1
"foami",1,1
"fogbus",1,1
"fogcloud",1,1
"fogedgecloud",1,1
"fogen",1,1
"followup",1,1
"folsom",1,1
"foodstuff",1,1
"footnot",1,1
"fopid",1,1
"forag",1,1
"forceamplifi",1,1
"forcetim",1,1
"ford",1,1
"fordiffer",1,1
"forecastbas",1,1
"forecasters’",1,1
"forecastingassist",1,1
"forecastingdistribut",1,1
"forecastingori",1,1
"forecastpredict",1,1
"forecastsavail",1,1
"forego",1,1
"foresee™",1,1
"foreshadow",1,1
"forest–markov",1,1
"forestbas",1,1
"forg",1,1
"forklift",1,1
"formaldehyd",1,1
"formfactor",1,1
"forti",1,1
"fortrancod",1,1
"fortytwo",1,1
"forwardingset",1,1
"forwardshift",1,1
"fossildriven",1,1
"foundationbas",1,1
"foundri",1,1
"fourbus",1,1
"fourchannel",1,1
"fourconstraint",1,1
"fourday",1,1
"fourdimension",1,1
"fourlay",1,1
"fourlink",1,1
"fourmonth",1,1
"fourparamet",1,1
"fourpart",1,1
"fourseparatedist",1,1
"foursid",1,1
"fourspe",1,1
"fpgagpu",1,1
"fpgaspecif",1,1
"fpnuca",1,1
"fracptexth",1,1
"fractextdxtextdt",1,1
"fractionalarima",1,1
"fractionaln",1,1
"fractionalord",1,1
"framebas",1,1
"framedata",1,1
"frameratedal",1,1
"françai",1,1
"frank",1,1
"frankfurt",1,1
"franklin",1,1
"fraunhof",1,1
"freecool",1,1
"freeenergi",1,1
"freefloat",1,1
"freefre",1,1
"freeman",1,1
"freerid",1,1
"freestand",1,1
"frequencyalign",1,1
"frequencycentr",1,1
"frequencycoupl",1,1
"frequencydepend",1,1
"frequencymultipli",1,1
"frequencysever",1,1
"frequencyshift",1,1
"frequencyvoltag",1,1
"frequencyvoltagetemperaturepressureflow",1,1
"frequentist",1,1
"freshfood",1,1
"freshlik",1,1
"frictionrel",1,1
"fridg",1,1
"friendli",1,1
"friendship",1,1
"frontal",1,1
"fronthaul",1,1
"frontrunn",1,1
"fronttier",1,1
"frostfre",1,1
"frst",1,1
"frugal",1,1
"fsannbas",1,1
"fsx",1,1
"ftir",1,1
"ftls",1,1
"fttransebl",1,1
"fue",1,1
"fuelcel",1,1
"fueleconomi",1,1
"fueleffici",1,1
"fuelenergi",1,1
"fuelflex",1,1
"fueloxygen",1,1
"fuelpoar",1,1
"fuhai",1,1
"fuji",1,1
"fulleren",1,1
"fullerenebas",1,1
"fullerenecontain",1,1
"fullfac",1,1
"fullfil",1,1
"fullord",1,1
"fullpel",1,1
"fullquench",1,1
"fullsiz",1,1
"fullterm",1,1
"fullyimplant",1,1
"fulton",1,1
"fume",1,1
"functionallink",1,1
"functionbas",1,1
"functionneur",1,1
"fund",1,1
"fuselag",1,1
"futurist",1,1
"fuzzifi",1,1
"fuzzymarkovbas",1,1
"fvsi",1,1
"fwia",1,1
"fwt",1,1
"g•s−",1,1
"gaamodeoptim",1,1
"gabell",1,1
"gabpnn",1,1
"gaditana",1,1
"gadriven",1,1
"gafseresnet",1,1
"gainn",1,1
"gainp",1,1
"gainpgaasg",1,1
"gainpgaasgaasbig",1,1
"gaip",1,1
"gajowniczek",1,1
"galaxi",1,1
"galeshapley",1,1
"galhrm",1,1
"gallon",1,1
"gallop",1,1
"gam–shapley",1,1
"gammagamma",1,1
"gan–transform",1,1
"gandbeyond",1,1
"gandhinagar",1,1
"ganglia",1,1
"ganglia–thalam",1,1
"ganpow",1,1
"gantri",1,1
"gapless",1,1
"gapswitch",1,1
"garbagecollect",1,1
"garnacha",1,1
"gasann",1,1
"gasassist",1,1
"gasb",1,1
"gasbas",1,1
"gasfuel",1,1
"gasmin",1,1
"gassmannbriepatchyequ",1,1
"gassolar",1,1
"gastriti",1,1
"gastrointestin",1,1
"gasturbin",1,1
"gasvapor",1,1
"gateareapow",1,1
"gatecontrol",1,1
"gatedr",1,1
"gatedrecurrentunit",1,1
"gatetun",1,1
"gausscauchi",1,1
"gaussianbas",1,1
"gbcqr",1,1
"gbdtbilstm",1,1
"gbdtsoa",1,1
"gbm",1,1
"gbp",1,1
"gbps",1,1
"gbpusd",1,1
"gbr",1,1
"gcam",1,1
"gcc",1,1
"gccs",1,1
"gcgrn",1,1
"gclstm",1,1
"gcms",1,1
"gctrafo",1,1
"gdpr",1,1
"gec",1,1
"gecko",1,1
"geem",1,1
"gef",1,1
"gein",1,1
"geisler",1,1
"gender",1,1
"genera",1,1
"generationco",1,1
"generationconvers",1,1
"generationradio",1,1
"generationreduct",1,1
"generationsid",1,1
"generativea",1,1
"generatorand",1,1
"generous",1,1
"geni",1,1
"genoa",1,1
"genopt",1,1
"genova",1,1
"genpath—us",1,1
"genr",1,1
"geochem",1,1
"geocod",1,1
"geodistribut",1,1
"geographi",1,1
"geometriclevel",1,1
"georeferenc",1,1
"geospatiallydepend",1,1
"geothermalsolarwind",1,1
"geothermaltohydrogen",1,1
"gerai",1,1
"geriatr",1,1
"germanid",1,1
"germicid",1,1
"gesbbites",1,1
"gesbbiteseybcosb",1,1
"gesbt",1,1
"gesd",1,1
"gesi",1,1
"gezhouba",1,1
"gfefnet",1,1
"gfenet",1,1
"ghamri",1,1
"ghana",1,1
"ghgs",1,1
"giant",1,1
"gibbs’",1,1
"gigascal",1,1
"gigawatt",1,1
"gini",1,1
"gird",1,1
"gis",1,1
"gist",1,1
"gjt",1,1
"gkwh",1,1
"glarefre",1,1
"glassback",1,1
"glassbas",1,1
"glassglass",1,1
"glean",1,1
"glide",1,1
"glime",1,1
"globalloc",1,1
"glssvmnsga",1,1
"gmc",1,1
"gmcm",1,1
"gmcmarima",1,1
"gmcmbase",1,1
"gmcmsvr",1,1
"gmec",1,1
"gmid",1,1
"gnb",1,1
"gnext",1,1
"gnf",1,1
"gngran",1,1
"goaldirect",1,1
"goldcov",1,1
"golden",1,1
"golombric",1,1
"googlenet",1,1
"gop",1,1
"gosolar",1,1
"gospel",1,1
"gotten",1,1
"government",1,1
"gpa",1,1
"gprom",1,1
"gprs",1,1
"gpso",1,1
"gpucentr",1,1
"gputh",1,1
"grab",1,1
"gradientboost",1,1
"graduat",1,1
"gram",1,1
"gramsiz",1,1
"grand",1,1
"granularcausalitybas",1,1
"graphenewsebas",1,1
"graphitefelt",1,1
"graphitemoder",1,1
"graphnorm",1,1
"graphstructur",1,1
"grappl",1,1
"gratifi",1,1
"gravimetr",1,1
"gravityinsensit",1,1
"grayscal",1,1
"grbfnn",1,1
"greas",1,1
"greedysearch",1,1
"greek",1,1
"greeneconomi",1,1
"greenhousega",1,1
"greenwald",1,1
"greywolf",1,1
"gridassist",1,1
"gridawar",1,1
"gridbalanc",1,1
"gridbuild",1,1
"gridcharg",1,1
"gridcomput",1,1
"gridinduc",1,1
"gridintegr",1,1
"gridlin",1,1
"gridstabl",1,1
"gridtovehicl",1,1
"grill",1,1
"grimech",1,1
"grnns",1,1
"groll",1,1
"grossli",1,1
"groundmount",1,1
"groundsourc",1,1
"groundtruth",1,1
"groundwat",1,1
"grover",1,1
"gruae",1,1
"grubas",1,1
"grucnn",1,1
"grud",1,1
"gsdp",1,1
"gsearchsec",1,1
"gshare",1,1
"gshp",1,1
"gsstn",1,1
"gssvr",1,1
"gth",1,1
"gtms",1,1
"gtp",1,1
"gtpog",1,1
"gtpp",1,1
"gtpps",1,1
"gtsuit",1,1
"guadeloup",1,1
"guandi",1,1
"guangdong",1,1
"guangxi",1,1
"guard",1,1
"guess",1,1
"guest",1,1
"guide”",1,1
"guidebook",1,1
"guidedmod",1,1
"guidelinescommensur",1,1
"guillou",1,1
"gurobi",1,1
"gust",1,1
"gvd",1,1
"gvw",1,1
"gwangju",1,1
"gwdo",1,1
"gwhyear",1,1
"gwocnnbilstm",1,1
"gwosvm",1,1
"hack",1,1
"haday",1,1
"hadoop",1,1
"hadron",1,1
"hagenpoiseuill",1,1
"haikou",1,1
"hail",1,1
"hainan",1,1
"halfcel",1,1
"halfcenturi",1,1
"halfduplex",1,1
"halfellipt",1,1
"halfheuslerbas",1,1
"halfhourahead",1,1
"halflif",1,1
"halfpel",1,1
"halfsatur",1,1
"halfyear",1,1
"halido",1,1
"halm",1,1
"halvedcel",1,1
"ham",1,1
"hammer",1,1
"hampelbutterworthsg",1,1
"han",1,1
"handbook",1,1
"handgestur",1,1
"handler",1,1
"handmad",1,1
"handon",1,1
"handset",1,1
"handwritten",1,1
"handwrittendigitrecognit",1,1
"hangul",1,1
"hangzhou",1,1
"hansen",1,1
"hao",1,1
"harbor",1,1
"harcourt",1,1
"hardbound",1,1
"harddecis",1,1
"hardwareacceler",1,1
"hardwareeffici",1,1
"hardwareenergi",1,1
"hardwareenhanc",1,1
"hardwir",1,1
"harmless",1,1
"harri",1,1
"harvard",1,1
"harvestawar",1,1
"hasan",1,1
"hashbas",1,1
"hasselt",1,1
"hassl",1,1
"hastelloy",1,1
"hatch",1,1
"hatziargyriou",1,1
"havc",1,1
"hawk",1,1
"hazi",1,1
"hbas",1,1
"hbds",1,1
"hbridg",1,1
"hci",1,1
"hcmpc",1,1
"hcn",1,1
"hcns",1,1
"hco",1,1
"hcsaoa",1,1
"hdl",1,1
"hdmr",1,1
"hdp",1,1
"hdts",1,1
"headdist",1,1
"headmount",1,1
"headtohead",1,1
"headup",1,1
"headway",1,1
"healthcare—",1,1
"healthier",1,1
"heartbeat",1,1
"heataffect",1,1
"heatcool",1,1
"heatingload",1,1
"heatpip",1,1
"heattransf",1,1
"heattreat",1,1
"heatwav",1,1
"heavilyovercast",1,1
"heaw",1,1
"hebbian",1,1
"hecn",1,1
"hedtwh",1,1
"heel",1,1
"heightmap",1,1
"heighttolength",1,1
"heliostat",1,1
"helix",1,1
"hellgardt",1,1
"hello",1,1
"hemsth",1,1
"hénon",1,1
"herath",1,1
"hereinaft",1,1
"hermet",1,1
"hermitian",1,1
"herrera",1,1
"herschelbulkley",1,1
"hesss",1,1
"heterogam",1,1
"heteroskedast",1,1
"heuristicprocedur",1,1
"hevclik",1,1
"hex",1,1
"hexafluoroethan",1,1
"hexaneresist",1,1
"hexarotor",1,1
"hexi",1,1
"hexos",1,1
"hfo",1,1
"hfomarin",1,1
"hfs",1,1
"hfss",1,1
"hgcl",1,1
"hgcl pbno",1,1
"hgenco",1,1
"hhtcs",1,1
"hhv",1,1
"hibiscus",1,1
"hiddenlay",1,1
"high‐dens",1,1
"highact",1,1
"highaggregatecapac",1,1
"highaltitud",1,1
"highcod",1,1
"highcompress",1,1
"highcost",1,1
"highcurr",1,1
"highcurrentdens",1,1
"highdefinitionk",1,1
"highdemand",1,1
"highdetect",1,1
"highemiss",1,1
"highenergyconsum",1,1
"higherdimension",1,1
"highestperform",1,1
"highflow",1,1
"highgain",1,1
"highgrad",1,1
"highintegr",1,1
"highirradi",1,1
"highk",1,1
"highkmetalg",1,1
"highlift",1,1
"highload",1,1
"highlyaccur",1,1
"highlychalleng",1,1
"highlydens",1,1
"highlyparallel",1,1
"highlysens",1,1
"highlystudi",1,1
"highmolecular",1,1
"highparallel",1,1
"highperformancecomput",1,1
"highproduct",1,1
"highpur",1,1
"highreact",1,1
"highrecoveri",1,1
"highreflect",1,1
"highrisemidris",1,1
"highsafeti",1,1
"highsamplingr",1,1
"highsignaltonois",1,1
"highsugar",1,1
"hightemperaturesuperconductor",1,1
"hightherm",1,1
"hightorqu",1,1
"hightraff",1,1
"highturbul",1,1
"highvari",1,1
"highvent",1,1
"highvolum",1,1
"highvr",1,1
"highwindlowdemand",1,1
"highzt",1,1
"hildreth",1,1
"himach",1,1
"hindcast",1,1
"hindsight",1,1
"hing",1,1
"hioki",1,1
"hippocamp",1,1
"hisher",1,1
"histogrambas",1,1
"historicallymeasur",1,1
"historyforecast",1,1
"hitec",1,1
"hithistorybas",1,1
"hlearn",1,1
"hmd",1,1
"hmdri",1,1
"hmean",1,1
"hmg",1,1
"hmmdp",1,1
"hmms",1,1
"hmp",1,1
"hmps",1,1
"hmscrapdri",1,1
"hne",1,1
"hno",1,1
"hodrickprescott",1,1
"hoffmann",1,1
"hoin",1,1
"hokashyap",1,1
"hokkaido",1,1
"holder",1,1
"holdout",1,1
"holedop",1,1
"holetransport",1,1
"holidayinduc",1,1
"hollandsch",1,1
"holt",1,1
"holt–wint",1,1
"home’",1,1
"homebas",1,1
"homeostat",1,1
"homes’",1,1
"hometogrid",1,1
"homo",1,1
"honda",1,1
"honeywel",1,1
"hood",1,1
"hoof",1,1
"hoofderiv",1,1
"hoout",1,1
"hopbyhop",1,1
"horizontalaxi",1,1
"hos",1,1
"hospitalspecif",1,1
"hotcold",1,1
"hotend",1,1
"hotplat",1,1
"hotsid",1,1
"hottel",1,1
"hottelwhillierbliss",1,1
"hotwat",1,1
"hourlydiscret",1,1
"hourlyload",1,1
"hourlymet",1,1
"hourtohour",1,1
"hourwis",1,1
"householdlevel",1,1
"households’",1,1
"houselevel",1,1
"housingintegr",1,1
"hover",1,1
"hp–pso",1,1
"hpadapt",1,1
"hplow",1,1
"hpp",1,1
"hppso",1,1
"hpss",1,1
"hrb",1,1
"hrbpm",1,1
"hrotor",1,1
"hrsnet",1,1
"hrss",1,1
"hru",1,1
"hsd",1,1
"hsei",1,1
"hsieo",1,1
"hsieodelm",1,1
"hso",1,1
"hthat",1,1
"hthydrid",1,1
"htm",1,1
"htpemfcorc",1,1
"htse",1,1
"httdayend",1,1
"http",1,1
"httpbase",1,1
"httpcreativecommonsorglicensesbyncnd",1,1
"httpsgithubcomcloudslabhealthfog",1,1
"httpsgithubcomgantheorytpalstm",1,1
"httpsgithubcomnmuvsmsapnet",1,1
"httpsgithubcomrekingbcmultitaskbuild",1,1
"httpsgithubcomshilongxupavsf",1,1
"httpsgithubcomxieyulaimspsttn",1,1
"httpwwwesciencecnpeopleleiindexhtml",1,1
"httpwwwieeeorgpublicationsstandardspublicationsrightsindexhtml",1,1
"httpziyangec",1,1
"huatacondo",1,1
"huawei",1,1
"hubei",1,1
"hubth",1,1
"hubtotip",1,1
"hud",1,1
"hug",1,1
"huimin",1,1
"human–electr",1,1
"human’",1,1
"humancomput",1,1
"humandriven",1,1
"humanintheloop",1,1
"humanproduc",1,1
"humanrel",1,1
"humantyp",1,1
"humidificationdehumidif",1,1
"hun",1,1
"hundredkilowatt",1,1
"hungryfunct",1,1
"hunt",1,1
"huo",1,1
"hurdl",1,1
"huy",1,1
"huzhu",1,1
"hvacembed",1,1
"hvacmod",1,1
"hvs",1,1
"hwfet",1,1
"hxs",1,1
"hybridarq",1,1
"hybriddriven",1,1
"hybridimmunesystembas",1,1
"hycrest",1,1
"hydraulictherm",1,1
"hydro–vr",1,1
"hydro–wind–solar",1,1
"hydrogenconsum",1,1
"hydrogener",1,1
"hydrogenfil",1,1
"hydrogenotroph",1,1
"hydrogenoxygen",1,1
"hydrogenpow",1,1
"hydrometeor",1,1
"hydropower–vr",1,1
"hydrosolar",1,1
"hydrotherm",1,1
"hydrounit",1,1
"hydrous",1,1
"hydroxyl",1,1
"hygrotherm",1,1
"hyperband",1,1
"hyperbandlstm",1,1
"hyperbol",1,1
"hyperledg",1,1
"hyperperiod",1,1
"hyperplan",1,1
"hypersalin",1,1
"hyperscal",1,1
"hyperspectr",1,1
"hypertext",1,1
"hypoglycemia",1,1
"hysteresisbas",1,1
"hysteret",1,1
"hysys®",1,1
"hyundai",1,1
"iaabas",1,1
"iaco",1,1
"iae",1,1
"iaee",1,1
"iagr",1,1
"iberdrola",1,1
"iberian",1,1
"ibwo",1,1
"ice storm",1,1
"iceemdanimprov",1,1
"iceemdansevmdrdpg",1,1
"iceinduc",1,1
"icro",1,1
"icsaanfi",1,1
"icsaoptim",1,1
"icsswh",1,1
"icst",1,1
"idaho",1,1
"iddpgga",1,1
"idealis",1,1
"ideallossless",1,1
"idf",1,1
"idletimeawar",1,1
"idren",1,1
"idsq",1,1
"idvg",1,1
"ieamwvolturnus",1,1
"iednrnet",1,1
"ieeenod",1,1
"ieeestandard",1,1
"ieh",1,1
"iehss",1,1
"iekf",1,1
"ienn",1,1
"ies’",1,1
"ifconvers",1,1
"ifels",1,1
"iga",1,1
"igavd",1,1
"igbtvoltagesourc",1,1
"igru",1,1
"ihepc",1,1
"iidtransformerlstm",1,1
"iie",1,1
"iiii",1,1
"iiiivi",1,1
"iip",1,1
"iit",1,1
"illdefin",1,1
"illicit",1,1
"illpos",1,1
"illsuit",1,1
"ilog",1,1
"ilpbas",1,1
"imagederiv",1,1
"imageev",1,1
"imagephaseshiftinvari",1,1
"imagin",1,1
"imaginari",1,1
"imax",1,1
"immin",1,1
"imopso",1,1
"impart",1,1
"impass",1,1
"impati",1,1
"impedancebas",1,1
"impedi",1,1
"impend",1,1
"imperi",1,1
"imponder",1,1
"imposit",1,1
"imprint",1,1
"improvedcnn",1,1
"improvedconvolut",1,1
"improvementsappl",1,1
"impulseradio",1,1
"ina",1,1
"inadapt",1,1
"inadvert",1,1
"inala",1,1
"inapplic",1,1
"inasgasb",1,1
"inb",1,1
"incalcul",1,1
"incentivis",1,1
"inceptionresnet",1,1
"inceptionv",1,1
"inch",1,1
"incheon",1,1
"inchworm",1,1
"incident",1,1
"inconjunct",1,1
"inconspicu",1,1
"inconveni",1,1
"increasedecreas",1,1
"increasinglycommon",1,1
"incred",1,1
"incropera",1,1
"inculc",1,1
"incylind",1,1
"ind",1,1
"indegre",1,1
"indetermin",1,1
"indeterminaci",1,1
"indict",1,1
"indigen",1,1
"indirectapproachbas",1,1
"indirectfir",1,1
"indiscrimin",1,1
"indisput",1,1
"individuallevel",1,1
"indonesian",1,1
"indoorclim",1,1
"inductordegener",1,1
"inductoron",1,1
"industrialist",1,1
"industrialstrength",1,1
"industrybas",1,1
"industryon",1,1
"ineffectu",1,1
"inelast",1,1
"inf",1,1
"infanc",1,1
"infield",1,1
"infin",1,1
"infinitehorizon",1,1
"inflat",1,1
"inflict",1,1
"inflight",1,1
"informationmodifi",1,1
"informationpoor",1,1
"informationrich",1,1
"informationtheoret",1,1
"infraredregul",1,1
"infraredtranspar",1,1
"infraredtrigg",1,1
"infrastructureasaservic",1,1
"ingrain",1,1
"inhand",1,1
"inhibitori",1,1
"inhom",1,1
"initialis",1,1
"initio",1,1
"injuri",1,1
"inland",1,1
"inlin",1,1
"inloop",1,1
"innerc",1,1
"innerproduct",1,1
"innogi",1,1
"inocul",1,1
"inord",1,1
"inotrepcon",1,1
"inout",1,1
"inpaint",1,1
"inputpow",1,1
"inputref",1,1
"inputresist",1,1
"inputsbas",1,1
"inputshap",1,1
"inputtost",1,1
"inroad",1,1
"insb",1,1
"insensor",1,1
"insituderiv",1,1
"instantaneousload",1,1
"instituto",1,1
"insulin",1,1
"insur",1,1
"intecept",1,1
"integerbas",1,1
"integerlinear",1,1
"integrat",1,1
"integrateandfir",1,1
"integration”",1,1
"intel®",1,1
"intellectu",1,1
"interaccess",1,1
"interactionawar",1,1
"interactionindex",1,1
"interactor",1,1
"interappl",1,1
"interarriv",1,1
"interbasin",1,1
"interbuild",1,1
"interc",1,1
"intercav",1,1
"interchang",1,1
"interclass",1,1
"intercrieria",1,1
"interdist",1,1
"interelectrod",1,1
"interestdriven",1,1
"interfacingparamet",1,1
"interferomet",1,1
"interferometr",1,1
"interferometri",1,1
"interfuel",1,1
"interg",1,1
"interimag",1,1
"interleav",1,1
"intermediari",1,1
"intermicrogrid",1,1
"intermit",1,1
"intermodul",1,1
"intermolecular",1,1
"internalcombust",1,1
"internalshort",1,1
"internetofenergi",1,1
"internetservic",1,1
"internuclear",1,1
"interpatch",1,1
"interphas",1,1
"interprogram",1,1
"interroom",1,1
"intersectionoverminimum",1,1
"intersoftwar",1,1
"interspikeinterv",1,1
"intersymbol",1,1
"interti",1,1
"intervalaverag",1,1
"intervalori",1,1
"intervehicl",1,1
"intervehicular",1,1
"interzon",1,1
"intoout",1,1
"intraappl",1,1
"intraclass",1,1
"intraclust",1,1
"intradiari",1,1
"intrafram",1,1
"intrahandov",1,1
"intraocular",1,1
"intrascal",1,1
"intraseason",1,1
"intratask",1,1
"intraurban",1,1
"introduceda",1,1
"introductori",1,1
"invad",1,1
"inverterdomin",1,1
"inverterinterfac",1,1
"inverterpermanentmagnet",1,1
"inverterrectifi",1,1
"invertersbas",1,1
"invertersid",1,1
"investigacion",1,1
"invit",1,1
"invitro",1,1
"invivo",1,1
"inwheel",1,1
"iocv",1,1
"iodateiodid",1,1
"iodid",1,1
"iodideiod",1,1
"iodin",1,1
"iodinerel",1,1
"ioe",1,1
"ioeleverag",1,1
"iom",1,1
"iomtbas",1,1
"ionexchang",1,1
"ionexchangemembran",1,1
"ioniq",1,1
"ioniz",1,1
"iotcsdp",1,1
"iou",1,1
"iout",1,1
"iowa",1,1
"ipal",1,1
"ipex",1,1
"ipf",1,1
"iphon",1,1
"ipro",1,1
"iqbal",1,1
"iqdp",1,1
"iranian",1,1
"iraq",1,1
"irbfnnef",1,1
"ird",1,1
"ironiiiironii",1,1
"irreplac",1,1
"irwpss",1,1
"isaac",1,1
"isacen",1,1
"iscoalstm",1,1
"iset",1,1
"isextend",1,1
"isg",1,1
"isggcn",1,1
"islanding–reconfigur",1,1
"ismodel",1,1
"isodata",1,1
"isoengin",1,1
"isoneca",1,1
"isosprotocol",1,1
"ispd",1,1
"isubstanti",1,1
"isuppli",1,1
"italimpianti",1,1
"itô",1,1
"itohfo",1,1
"itohfoito",1,1
"itôprocess",1,1
"itvofbas",1,1
"ivoc",1,1
"ivr",1,1
"ivsr",1,1
"iwa",1,1
"iwl",1,1
"iwoacnnbigrucbam",1,1
"jabal",1,1
"jaccard",1,1
"jacksonvill",1,1
"jankowskimihułowicz",1,1
"jatropha",1,1
"jelli",1,1
"jenkin",1,1
"jersey",1,1
"jerusalem",1,1
"jetpack",1,1
"jetsincrossflow",1,1
"jettocrossflow",1,1
"jiangsu",1,1
"jibei",1,1
"jie",1,1
"jinan",1,1
"jingn",1,1
"jinsha",1,1
"jitterpow",1,1
"jmax",1,1
"jobresourc",1,1
"jointlevel",1,1
"jointmak",1,1
"journalspermissionsnav",1,1
"joyrid",1,1
"jpeak",1,1
"jpmiadmm",1,1
"jsc",1,1
"jso",1,1
"jssc",1,1
"jurisdict",1,1
"justintim",1,1
"k−ε",1,1
"kaggl",1,1
"kanto",1,1
"kantorovich",1,1
"kanwal",1,1
"kappa",1,1
"kapton",1,1
"karabuk",1,1
"karaj",1,1
"karhunen",1,1
"kari",1,1
"karush–kuhn–tuch",1,1
"kayathar",1,1
"kazakhstan",1,1
"kbit",1,1
"kbps",1,1
"kbs",1,1
"kda",1,1
"kera",1,1
"kerala",1,1
"ketjen",1,1
"kfcm",1,1
"kfs",1,1
"kg·s−",1,1
"kgco",1,1
"kgcokgads·h",1,1
"kgkj",1,1
"kgkw",1,1
"kgm",1,1
"kgmin",1,1
"kgpinn",1,1
"khco",1,1
"khcozroalo",1,1
"kiee",1,1
"kilosampl",1,1
"kilowatt",1,1
"kilowatthour",1,1
"kim",1,1
"kineticsenerget",1,1
"kirchhoff",1,1
"kirischian",1,1
"kj·nm−",1,1
"kjkg",1,1
"kkt",1,1
"klabelset",1,1
"kld",1,1
"kle",1,1
"kmabi",1,1
"kmc",1,1
"kmeansbas",1,1
"kmedian",1,1
"kmf",1,1
"kmlong",1,1
"knifeedg",1,1
"knnannbas",1,1
"knns",1,1
"knob",1,1
"knock",1,1
"knowabl",1,1
"knowledgeenhanc",1,1
"knowledgeinform",1,1
"konstantinou",1,1
"korder",1,1
"kosha",1,1
"kot",1,1
"kpis",1,1
"kpoint",1,1
"kprod",1,1
"kraft",1,1
"kremniitechnoprom",1,1
"krige",1,1
"kriso",1,1
"ksalt",1,1
"kshape",1,1
"kshapebas",1,1
"kso",1,1
"kss",1,1
"kstep",1,1
"kth",1,1
"kubernetes’",1,1
"kuhn",1,1
"kuka",1,1
"kullbackleibl",1,1
"kuwaiti",1,1
"kva",1,1
"kvertex",1,1
"kvlcc",1,1
"kw·hg",1,1
"kwc",1,1
"kweek",1,1
"kwel",1,1
"kwh⋅pue",1,1
"kwhdaym",1,1
"kwhmday",1,1
"kwhmyear",1,1
"kwhr",1,1
"kwkg",1,1
"kwm",1,1
"kyeonggi",1,1
"l∙mg",1,1
"labas",1,1
"labbas",1,1
"laboratorybuilt",1,1
"labori",1,1
"labview",1,1
"laden",1,1
"ladybug",1,1
"lagrang",1,1
"laiq",1,1
"lakshadweep",1,1
"lambda",1,1
"lambertian",1,1
"lamellar",1,1
"laminarturbul",1,1
"lamperti",1,1
"lan",1,1
"lanc",1,1
"landau",1,1
"landaukhalatnikov",1,1
"landform",1,1
"landlord",1,1
"landslid",1,1
"landsurfac",1,1
"landuselandcov",1,1
"lane",1,1
"laplac",1,1
"largeamplitud",1,1
"largecapac",1,1
"largecapacit",1,1
"largecor",1,1
"largedisturb",1,1
"largesmal",1,1
"largespac",1,1
"largestokesshift",1,1
"largewindow",1,1
"larson–mil",1,1
"laserbas",1,1
"laserclass",1,1
"laserenhanc",1,1
"laserscan",1,1
"lasrfeoδ",1,1
"lassoquantil",1,1
"lastbit",1,1
"latearriv",1,1
"latencyawar",1,1
"lateraldirect",1,1
"latestag",1,1
"lath",1,1
"latitude–longitud",1,1
"latticebas",1,1
"laundri",1,1
"lawn",1,1
"lawrenc",1,1
"layeraverag",1,1
"layers–",1,1
"layers’",1,1
"layersb",1,1
"layoutdefin",1,1
"lbe",1,1
"lbt",1,1
"lc–ms",1,1
"lccf",1,1
"lcms",1,1
"lcos",1,1
"lcr",1,1
"lda",1,1
"ldds",1,1
"ldpccode",1,1
"ldvs",1,1
"lead–acid",1,1
"leader–follow",1,1
"leader”",1,1
"leaf",1,1
"leagu",1,1
"leakagepow",1,1
"leakagesuppress",1,1
"leaki",1,1
"leakiest",1,1
"leaktight",1,1
"learnerpredict",1,1
"learningassist",1,1
"learningdrlbas",1,1
"learningsupport",1,1
"learningtim",1,1
"learnsimput",1,1
"leastenergi",1,1
"leastmeansquar",1,1
"leavegroupout",1,1
"leaveout",1,1
"leech",1,1
"leeward",1,1
"leftinvari",1,1
"legitim",1,1
"lei",1,1
"leibniz",1,1
"leicest",1,1
"leiserson",1,1
"length–width",1,1
"lengthdiamet",1,1
"lengthen",1,1
"leo",1,1
"leon",1,1
"lepr",1,1
"leptokurt",1,1
"lerida",1,1
"lesion",1,1
"lessenergyconstrain",1,1
"lev",1,1
"levelcross",1,1
"levenbergmarquart",1,1
"lever",1,1
"lévi",1,1
"levinsondurbin",1,1
"lewi",1,1
"lexicograph",1,1
"lfa",1,1
"lfhpf",1,1
"lfo",1,1
"lfos",1,1
"lfp",1,1
"lgocv",1,1
"lhrm",1,1
"lhs",1,1
"lhsmont",1,1
"lhv",1,1
"li–",1,1
"liabil",1,1
"libear",1,1
"lièg",1,1
"lietuvo",1,1
"lifelin",1,1
"lifelong",1,1
"lifepo",1,1
"lifepographit",1,1
"lifesafeti",1,1
"lifetimeawar",1,1
"lifetimeevalu",1,1
"lifetimeof",1,1
"liftoff",1,1
"lightduti",1,1
"lighter",1,1
"lightgbmbas",1,1
"lightmodul",1,1
"lightoff",1,1
"lightsensit",1,1
"lighttoion",1,1
"ligninderiv",1,1
"lignit",1,1
"lilsx",1,1
"limitcycl",1,1
"limitcycleinduc",1,1
"limitedfield",1,1
"limitedmemori",1,1
"linearis",1,1
"linearlinear",1,1
"linearnonlinear",1,1
"linearprogram",1,1
"linearprogrammingbas",1,1
"linebas",1,1
"liner",1,1
"linguist",1,1
"linker",1,1
"linkrout",1,1
"lino",1,1
"linonanoknonano",1,1
"linuxbas",1,1
"linz",1,1
"linzdonawitz",1,1
"lioh",1,1
"liplat",1,1
"lipoxid",1,1
"liquid–liquid",1,1
"liquidcompat",1,1
"liquidfuel",1,1
"liquidjunctionform",1,1
"liquidphas",1,1
"liquidvapour",1,1
"liquifi",1,1
"liquor",1,1
"lishui",1,1
"listen",1,1
"lit",1,1
"literature”",1,1
"lithiummanganeseoxidegraphit",1,1
"lithographi",1,1
"littletono",1,1
"liujordan",1,1
"livelihood",1,1
"lleida",1,1
"llhmbase",1,1
"llmbase",1,1
"llp",1,1
"lma",1,1
"lmbench",1,1
"lmin",1,1
"lmtcn",1,1
"lnas",1,1
"lnmin",1,1
"lnorm",1,1
"lnpcs",1,1
"lns",1,1
"loa",1,1
"loadaverag",1,1
"loaddg",1,1
"loadfollow",1,1
"loadindepend",1,1
"loadinfluenc",1,1
"loadsampl",1,1
"loadserv",1,1
"loadtovoltag",1,1
"local–glob",1,1
"localitybas",1,1
"locationscal",1,1
"locationwis",1,1
"locomotorrespiratori",1,1
"loee",1,1
"loesch",1,1
"loév",1,1
"lofti",1,1
"logger",1,1
"logicaltophys",1,1
"logicdriven",1,1
"logicdynam",1,1
"logitnorm",1,1
"loglikelihood",1,1
"logon",1,1
"lole",1,1
"lolpbas",1,1
"long–shorttermmemori",1,1
"longandshortterm",1,1
"longcrest",1,1
"longdur",1,1
"longitudinalvert",1,1
"longlast",1,1
"longliv",1,1
"longsequ",1,1
"longspan",1,1
"longtermmidterm",1,1
"longwav",1,1
"longwavelength",1,1
"lonwork",1,1
"lookforward",1,1
"lookingahead",1,1
"loom",1,1
"loos",1,1
"lossofload",1,1
"lostcost",1,1
"louvres’",1,1
"lowbandgap",1,1
"lowbatteri",1,1
"lowconsumpt",1,1
"lowdatar",1,1
"loweffici",1,1
"lowenergi",1,1
"lowentropi",1,1
"lowerbandgap",1,1
"lowercost",1,1
"lowerenergi",1,1
"lowerincreas",1,1
"lowerlay",1,1
"lowerprecis",1,1
"lowerpredict",1,1
"lowerror",1,1
"lowerstag",1,1
"lowess",1,1
"lowestord",1,1
"lowestreport",1,1
"lowfield",1,1
"lowflow",1,1
"lowiron",1,1
"lowjitt",1,1
"lowlco",1,1
"lowmainten",1,1
"lowmeltingpoint",1,1
"lowpollut",1,1
"lowprob",1,1
"lowratio",1,1
"lowreynold",1,1
"lowrisk",1,1
"lowsalin",1,1
"lowsens",1,1
"lowshear",1,1
"lowtemperaturehighr",1,1
"lowtubalrank",1,1
"lowvent",1,1
"lowviscos",1,1
"lowvolum",1,1
"lpg",1,1
"lpns",1,1
"lpp",1,1
"lpso",1,1
"lqpsobigruselfattent",1,1
"lrd",1,1
"lsoapdas",1,1
"lsocc",1,1
"lssvmbase",1,1
"lssvmcsa",1,1
"lssvmfoa",1,1
"lst",1,1
"lstddqn",1,1
"lstm–attent",1,1
"lstm–cnn",1,1
"lstm’s",1,1
"lstmattentionembed",1,1
"lstmcnn",1,1
"lstmformer",1,1
"lstmgbdt",1,1
"lstmlayerbas",1,1
"lstmmlp",1,1
"lstmndt",1,1
"lstmrecurr",1,1
"ltc",1,1
"ltcc",1,1
"ltea",1,1
"lteadvanc",1,1
"ltm",1,1
"ltspice",1,1
"luciferin",1,1
"lucrat",1,1
"ludzack–etting",1,1
"lugr",1,1
"lull",1,1
"luma",1,1
"lumber",1,1
"luminair",1,1
"luminos",1,1
"lumogen",1,1
"lung",1,1
"lupi",1,1
"luxuri",1,1
"lvds",1,1
"lvq",1,1
"lwt",1,1
"lyapunovkrasovskii",1,1
"lyrebird",1,1
"lzhc",1,1
"m·day−",1,1
"m−hooso−",1,1
"ma–",1,1
"maaß",1,1
"mabc",1,1
"mabss",1,1
"macc",1,1
"maccii",1,1
"machinemonitor",1,1
"machininginduc",1,1
"machzehnd",1,1
"mackeyglass",1,1
"macm",1,1
"macmillan",1,1
"macppo",1,1
"macroand",1,1
"macroblock",1,1
"macrochannel",1,1
"macromodel",1,1
"macroscal",1,1
"madgan",1,1
"magic",1,1
"magicbox",1,1
"magnesia",1,1
"magneticfield",1,1
"magneto",1,1
"magnetoelectr",1,1
"magnetomet",1,1
"magnetoquasistat",1,1
"magnetoresist",1,1
"magnetron",1,1
"magnif",1,1
"magnitudefrequ",1,1
"magnox",1,1
"maharashtra",1,1
"mai",1,1
"mainfram",1,1
"mainspow",1,1
"majesti",1,1
"male",1,1
"malign",1,1
"malik",1,1
"maml",1,1
"man",1,1
"manet",1,1
"maney",1,1
"mango",1,1
"mankind",1,1
"mantl",1,1
"manualdesign",1,1
"manufacturerinstal",1,1
"manur",1,1
"manwhitney",1,1
"mapbi",1,1
"mapd",1,1
"mapeand",1,1
"mapep",1,1
"mapinform",1,1
"mapspecif",1,1
"marbl",1,1
"marguerit",1,1
"marker",1,1
"markid",1,1
"marmoset",1,1
"martin",1,1
"maryland",1,1
"masep",1,1
"maskdecod",1,1
"maskencod",1,1
"masksampl",1,1
"massachusett",1,1
"massadopt",1,1
"masscount",1,1
"masssensit",1,1
"masstransf",1,1
"masstransport",1,1
"mast",1,1
"mate",1,1
"materialconsum",1,1
"materialia",1,1
"materialrel",1,1
"mathwork",1,1
"mathworks®",1,1
"matlab–energyplus",1,1
"matlab®simulink",1,1
"matlaba",1,1
"matlabbas",1,1
"matlabsimulink®",1,1
"matlabsimulinkbas",1,1
"matlabsimulinkdspac",1,1
"matlabsimulinksimpowersystem",1,1
"matlabth",1,1
"matlabyalmip",1,1
"matrixvector",1,1
"mattingup",1,1
"maximalenergi",1,1
"maximalweightedindependentset",1,1
"maxmean",1,1
"maxmin",1,1
"maxnorm",1,1
"mayb",1,1
"mayfli",1,1
"mbcrt",1,1
"mber",1,1
"mbit",1,1
"mbr",1,1
"mcbhcc",1,1
"mccormick",1,1
"mcgill",1,1
"mcmcbase",1,1
"mcobas",1,1
"mcpso",1,1
"mct",1,1
"mcufre",1,1
"mcyclessec",1,1
"mdape",1,1
"mdcm",1,1
"mdstgnn",1,1
"meabas",1,1
"meaningless",1,1
"meanrevers",1,1
"meansquareerror",1,1
"measuredoutput",1,1
"measurementori",1,1
"measures—",1,1
"mechanicalhydraul",1,1
"mechanicallymil",1,1
"mechanicallyventil",1,1
"mechanismdata",1,1
"mechanismsth",1,1
"mechatron",1,1
"mectll",1,1
"med",1,1
"medap",1,1
"mediumfrequ",1,1
"mediumgrad",1,1
"mediumgrain",1,1
"mediumscal",1,1
"mediumtolarg",1,1
"mediumtolong",1,1
"medu",1,1
"megacel",1,1
"megavolt",1,1
"megawattlevel",1,1
"mei",1,1
"mel",1,1
"mellal",1,1
"mellitus",1,1
"mellon",1,1
"melscal",1,1
"meltshop",1,1
"memain",1,1
"membraneback",1,1
"membranedivid",1,1
"membraneinlet",1,1
"membranelearn",1,1
"membraneless",1,1
"membranerel",1,1
"memory–model",1,1
"memorydepend",1,1
"memorydepth",1,1
"memorylight",1,1
"menr",1,1
"mepss",1,1
"mercer",1,1
"merchant",1,1
"mercuri",1,1
"mergeabl",1,1
"merida",1,1
"meso",1,1
"mesopor",1,1
"messs’",1,1
"metadistribut",1,1
"metaextrem",1,1
"metagnn",1,1
"metainform",1,1
"metal–organ",1,1
"metal–oxide–semiconductor",1,1
"metal−semiconductor",1,1
"metalearningenhanc",1,1
"metalinsulatormet",1,1
"metalmolten",1,1
"metalorgan",1,1
"metalsmet",1,1
"metanetwork",1,1
"metaplasia",1,1
"metaregressor",1,1
"metasurfac",1,1
"metasystem",1,1
"metavers",1,1
"météo—franc",1,1
"meteorisk",1,1
"meterhigh",1,1
"meterread",1,1
"meterssensor",1,1
"methanehydrogen",1,1
"methanosaeta",1,1
"methf",1,1
"method–integr",1,1
"methodpercentag",1,1
"methodsmodel",1,1
"methodsstatist",1,1
"methylotroph",1,1
"methylthiamin",1,1
"metronom",1,1
"metropolishast",1,1
"mexican",1,1
"mfasvd",1,1
"mfbm",1,1
"mfe",1,1
"mfeo",1,1
"mfformer",1,1
"mfm",1,1
"mfo",1,1
"mfpid",1,1
"mg ml hgcl",1,1
"mgalo",1,1
"mgat",1,1
"mgat’",1,1
"mgcl",1,1
"mgco",1,1
"mgmin",1,1
"mgmof",1,1
"mgni",1,1
"mgtbase",1,1
"mhdf",1,1
"mhgan",1,1
"mhtan",1,1
"mhzoffset",1,1
"miabot",1,1
"mib",1,1
"mibas",1,1
"mica",1,1
"mice",1,1
"michelson",1,1
"micon",1,1
"microalg",1,1
"microarchitect",1,1
"microbal",1,1
"microbenchmark",1,1
"microblowerscompressor",1,1
"microcel",1,1
"microcellular",1,1
"microchp",1,1
"microcircuit",1,1
"microclimat",1,1
"microconvert",1,1
"microcool",1,1
"microcorioli",1,1
"microcrack",1,1
"microdata",1,1
"microeconom",1,1
"microelectron",1,1
"microfeatur",1,1
"microfib",1,1
"microfluid",1,1
"microfuel",1,1
"microga",1,1
"microgalvan",1,1
"microgridmg",1,1
"microgrids",1,1
"microgridtogrid",1,1
"microharvest",1,1
"microheat",1,1
"microhydro",1,1
"microimpl",1,1
"microkinet",1,1
"microlit",1,1
"micronewton",1,1
"micronscal",1,1
"micronutri",1,1
"microorgan",1,1
"micropattern",1,1
"micropow",1,1
"micropropuls",1,1
"micrornamrna",1,1
"microrot",1,1
"microsandblast",1,1
"microscreen",1,1
"microsourc",1,1
"microswitch",1,1
"microthermophotovolta",1,1
"microtitr",1,1
"microtitrepl",1,1
"microto",1,1
"microtrip",1,1
"microwattlevel",1,1
"microwattsnod",1,1
"microwavehot",1,1
"middepth",1,1
"middleincom",1,1
"middles",1,1
"midilli",1,1
"midinfrar",1,1
"midlowtemperatur",1,1
"midmarch",1,1
"midmerit",1,1
"midnighttomidnight",1,1
"mie",1,1
"migd",1,1
"mightili",1,1
"migrationbas",1,1
"migratori",1,1
"mikeletegi",1,1
"mileagebas",1,1
"mileskwh",1,1
"milesminut",1,1
"milhdbkf",1,1
"millimeters",1,1
"millimeterscal",1,1
"millimeterwaveterahertz",1,1
"millimetres",1,1
"millingmachin",1,1
"mimedeannbas",1,1
"min– h",1,1
"mina",1,1
"minbasi",1,1
"mineralog",1,1
"mineraloilimmers",1,1
"ming",1,1
"mingfei",1,1
"minh",1,1
"minichannel",1,1
"minicoy",1,1
"minigrid",1,1
"minimiz",1,1
"minimumintrus",1,1
"mininet",1,1
"miningwast",1,1
"mininterv",1,1
"mininum",1,1
"ministri",1,1
"minoritycarri",1,1
"minoritycarrierdomin",1,1
"minorityclass",1,1
"minutescal",1,1
"minvent",1,1
"misclassif",1,1
"misconcept",1,1
"mise",1,1
"misinform",1,1
"misinterpret",1,1
"mislabel",1,1
"mismanag",1,1
"mismatchinduc",1,1
"misocp",1,1
"misoper",1,1
"mispredictionsperkinstruct",1,1
"mispredictionswhich",1,1
"misrepresent",1,1
"missdetect",1,1
"missinginsensit",1,1
"missionbas",1,1
"missioncrit",1,1
"misspecif",1,1
"mitsui",1,1
"miv",1,1
"mivigowosvr",1,1
"mixedcast",1,1
"mixedcod",1,1
"mixedintegerquadraticprogram",1,1
"mixmod",1,1
"mjpoint",1,1
"mkan",1,1
"ml−",1,1
"mla",1,1
"mlc",1,1
"mld",1,1
"mlmin",1,1
"mlpforecast",1,1
"mlpgarch",1,1
"mlpmodel",1,1
"mlpneural",1,1
"mlpnn",1,1
"mlps",1,1
"mls",1,1
"mlstm",1,1
"mmccsvr",1,1
"mmd",1,1
"mmflacatboost",1,1
"mmi",1,1
"mmmin",1,1
"mmoe",1,1
"mmolm·h",1,1
"mmr",1,1
"mmrom",1,1
"mmsec",1,1
"mmu",1,1
"mnist",1,1
"mno",1,1
"mnr",1,1
"mobcrush",1,1
"mobilenetv",1,1
"mobilityspe",1,1
"mocha",1,1
"mockup",1,1
"mocstabil",1,1
"modedriv",1,1
"modeexpand",1,1
"modelca",1,1
"modeldata",1,1
"modelfriend",1,1
"modelingpredict",1,1
"modellar",1,1
"modellstm",1,1
"modelreduc",1,1
"models—includ",1,1
"modelsim",1,1
"modelsthi",1,1
"modelupd",1,1
"moderategrad",1,1
"moderateresolut",1,1
"modi",1,1
"modpeu",1,1
"modularbas",1,1
"modulationdemodul",1,1
"modulatorclass",1,1
"modulatori",1,1
"modulebas",1,1
"modulelevel",1,1
"modulereactor",1,1
"modulesarray",1,1
"modulobas",1,1
"modwt",1,1
"moe",1,1
"mogo",1,1
"moieti",1,1
"moin",1,1
"moisturedriven",1,1
"mokslų",1,1
"molcokwh",1,1
"moldabl",1,1
"moldfre",1,1
"molecularscal",1,1
"molqpso",1,1
"molter",1,1
"mon",1,1
"monday",1,1
"monetis",1,1
"mongolian",1,1
"monica",1,1
"monkey",1,1
"monlith",1,1
"monochromat",1,1
"monoclin",1,1
"monocristallin",1,1
"monodimension",1,1
"monoethylen",1,1
"monomer",1,1
"monometal",1,1
"monomolecular",1,1
"monopol",1,1
"monopolar",1,1
"monorail",1,1
"monosi",1,1
"monosulfid",1,1
"monoval",1,1
"monter",1,1
"monthdu",1,1
"moorebellmanford",1,1
"mor",1,1
"more",1,1
"moreelectr",1,1
"moreinform",1,1
"morerenew",1,1
"moroccan",1,1
"morrel",1,1
"mortal",1,1
"mosqu",1,1
"mosquito",1,1
"mother",1,1
"mothflam",1,1
"motif",1,1
"motorbik",1,1
"motorbrak",1,1
"motorcontrol",1,1
"motorcyclist",1,1
"motorgener",1,1
"motorspe",1,1
"motorway",1,1
"mottschottki",1,1
"mpc’s",1,1
"mpcore",1,1
"mpe",1,1
"mpixelss",1,1
"mpki",1,1
"mppic",1,1
"mppso",1,1
"mpsolssvm",1,1
"mpvc",1,1
"mpvr",1,1
"mql",1,1
"mqps",1,1
"mra",1,1
"mrcga",1,1
"mrcl",1,1
"mrmrpc",1,1
"mrmse",1,1
"mrpi",1,1
"mrtpps",1,1
"mrwe",1,1
"msarima",1,1
"msarimaegarch",1,1
"msarimagarch",1,1
"mscm",1,1
"msfae",1,1
"msfbase",1,1
"mshrn",1,1
"mslp",1,1
"msper",1,1
"mspic",1,1
"mss",1,1
"mssa",1,1
"mssql",1,1
"mtcds",1,1
"mtcs",1,1
"mtda",1,1
"mtea",1,1
"mtelstm",1,1
"mtgpr",1,1
"mtime",1,1
"mtllstm",1,1
"mtoea",1,1
"mtonco",1,1
"muchenhanc",1,1
"muchsimplifi",1,1
"mucosa",1,1
"mud",1,1
"mudston",1,1
"muhammadiyah",1,1
"muhbox",1,1
"multi–criterion",1,1
"multiarm",1,1
"multiaxi",1,1
"multiaxl",1,1
"multibackground",1,1
"multiblock",1,1
"multibuild",1,1
"multicast",1,1
"multiclassif",1,1
"multicolumn",1,1
"multicorrel",1,1
"multicoverag",1,1
"multicriterionbas",1,1
"multidatasourc",1,1
"multiday",1,1
"multidecod",1,1
"multidevic",1,1
"multidimens",1,1
"multidirect",1,1
"multidisciplinari",1,1
"multielectrolyz",1,1
"multienerg",1,1
"multievolutionari",1,1
"multifan",1,1
"multifari",1,1
"multifault",1,1
"multifram",1,1
"multifreedom",1,1
"multigen",1,1
"multiindex",1,1
"multiinhabit",1,1
"multilag",1,1
"multilayerperceptron",1,1
"multilevelcel",1,1
"multimateri",1,1
"multimethod",1,1
"multimodul",1,1
"multimw",1,1
"multinod",1,1
"multinois",1,1
"multinomi",1,1
"multioccup",1,1
"multiord",1,1
"multiout",1,1
"multiparametr",1,1
"multiparti",1,1
"multipass",1,1
"multiplanar",1,1
"multipleconverterbas",1,1
"multiplecut",1,1
"multipledecod",1,1
"multipleinputmultipleoutput",1,1
"multipleinputsingleoutput",1,1
"multiplemarket",1,1
"multiplemass",1,1
"multiplemodel",1,1
"multiplerank",1,1
"multiplierbas",1,1
"multipoint",1,1
"multipol",1,1
"multipredictor",1,1
"multiprocess",1,1
"multipuls",1,1
"multiqueu",1,1
"multirenewabletohydrogen",1,1
"multireservoir",1,1
"multireson",1,1
"multirespons",1,1
"multiround",1,1
"multisampl",1,1
"multiscen",1,1
"multisequ",1,1
"multispe",1,1
"multistagefreez",1,1
"multistart",1,1
"multistrategi",1,1
"multisupplymultidemand",1,1
"multiswarm",1,1
"multisymbol",1,1
"multisystem",1,1
"multithermodynam",1,1
"multithresholdupd",1,1
"multitransformfus",1,1
"multiuncertainti",1,1
"multiunman",1,1
"multivalu",1,1
"multivariablelengthcod",1,1
"multiwal",1,1
"multiwork",1,1
"multiyear",1,1
"munkr",1,1
"music",1,1
"mut",1,1
"mutationbas",1,1
"mutiag",1,1
"mutlu",1,1
"mvdc",1,1
"mvm",1,1
"mvp",1,1
"mvpp",1,1
"mvs",1,1
"mw²",1,1
"mwco",1,1
"mwcv",1,1
"mwel",1,1
"mwemitt",1,1
"mwgbs",1,1
"mwhe",1,1
"mwhmonthm",1,1
"mwhr",1,1
"mwht",1,1
"mwm·k",1,1
"mwmote",1,1
"mwsize",1,1
"mwthermal",1,1
"mxeneimpregn",1,1
"myelin",1,1
"n–p",1,1
"nacl·ho",1,1
"naco",1,1
"nadu",1,1
"nagaii",1,1
"naiv",1,1
"nake",1,1
"namepl",1,1
"namnobas",1,1
"nangat",1,1
"nani",1,1
"nano—",1,1
"nanocarbon",1,1
"nanocomposit",1,1
"nanoelectromechan",1,1
"nanoelectron",1,1
"nanoferrofluid",1,1
"nanoflow",1,1
"nanofluida",1,1
"nanojoul",1,1
"nanoknonano",1,1
"nanomateri",1,1
"nanomembran",1,1
"nanometers",1,1
"nanometerscal",1,1
"nanoparticleinalloy",1,1
"nanoparticlesi",1,1
"nanophotono",1,1
"nanopv",1,1
"nanoribbon",1,1
"nanosatellit",1,1
"nanotechnolog",1,1
"naphthalen",1,1
"nar",1,1
"narrowedg",1,1
"narrowest",1,1
"nasa",1,1
"nashoptim",1,1
"nasion",1,1
"naso·ho",1,1
"natal",1,1
"naturalga",1,1
"naturalist",1,1
"nausea",1,1
"nausi",1,1
"nautic",1,1
"naval",1,1
"navarr",1,1
"nave",1,1
"naxzeolit",1,1
"nbc",1,1
"nccc",1,1
"ncfeeft",1,1
"nchannel",1,1
"ncontain",1,1
"ncs",1,1
"ncycl",1,1
"ndfeb",1,1
"ndo",1,1
"nearabl",1,1
"nearcomput",1,1
"nearer",1,1
"nearfloatingpoint",1,1
"nearful",1,1
"nearimmedi",1,1
"nearinstantan",1,1
"nearisometr",1,1
"nearneutr",1,1
"nearnul",1,1
"nearoptimaloptim",1,1
"nearperfect",1,1
"nearrealtim",1,1
"nearregular",1,1
"nearsimultan",1,1
"neartim",1,1
"nearunivers",1,1
"nearus",1,1
"nearworstcas",1,1
"nearzeroenergi",1,1
"neatfilm",1,1
"nebraska",1,1
"neca",1,1
"nef",1,1
"neg",1,1
"negev",1,1
"neibour",1,1
"neighborsbas",1,1
"nemmco",1,1
"nemo",1,1
"nerc",1,1
"nerf",1,1
"nerfsbas",1,1
"nernst",1,1
"nesterov",1,1
"netgross",1,1
"netl",1,1
"netpow",1,1
"network–bidirect",1,1
"network–long",1,1
"network–random",1,1
"network¿",1,1
"networkassist",1,1
"networkattent",1,1
"networkautoencod",1,1
"networkclust",1,1
"networkinformerbidirect",1,1
"networkinterfac",1,1
"networksgener",1,1
"networksonchip",1,1
"networkstructur",1,1
"networkupd",1,1
"networkwid",1,1
"neurodynam",1,1
"neuroscientif",1,1
"neurostimul",1,1
"neurosurg",1,1
"neurotrust",1,1
"neutralpointclamp",1,1
"newcastl",1,1
"newenergi",1,1
"newest",1,1
"newlybuilt",1,1
"newlydevelop",1,1
"newton",1,1
"newtonraphson",1,1
"nextg",1,1
"nexthenergi",1,1
"nfc",1,1
"nfp",1,1
"nfs",1,1
"ngcm",1,1
"ngo",1,1
"nhchair",1,1
"nhcoair",1,1
"nhhair",1,1
"nhis",1,1
"nhn",1,1
"nhscnsulfolan",1,1
"nhtsa",1,1
"nibas",1,1
"nicchi",1,1
"nicd",1,1
"nickelbas",1,1
"nidcel",1,1
"nif",1,1
"nifeo",1,1
"nila",1,1
"nilarf",1,1
"nilawrf",1,1
"nimh",1,1
"nineteen",1,1
"nineturbin",1,1
"nini",1,1
"nirsxrf",1,1
"nist",1,1
"nitrificationdenitrif",1,1
"nitrit",1,1
"niu",1,1
"nix",1,1
"nll",1,1
"nmape",1,1
"nmbe",1,1
"nmses",1,1
"nmthick",1,1
"nnar",1,1
"nnp",1,1
"noabitcnbigru",1,1
"noawt",1,1
"noawtbitcnbigru",1,1
"noctadecan",1,1
"nocurtain",1,1
"nodeʹ",1,1
"nodebas",1,1
"nodes’",1,1
"nodetonod",1,1
"nodul",1,1
"nofault",1,1
"nofeatur",1,1
"noise‐reduc",1,1
"noiseawar",1,1
"noiserdpg",1,1
"noiseshap",1,1
"nolinear",1,1
"non–funct",1,1
"non–trivi",1,1
"nonaggreg",1,1
"nonangular",1,1
"nonassoci",1,1
"nonaxisymmetr",1,1
"noncatastroph",1,1
"noncaus",1,1
"nonclin",1,1
"nonclust",1,1
"noncoher",1,1
"noncommerci",1,1
"noncondit",1,1
"nonconnect",1,1
"nonconserv",1,1
"nonconst",1,1
"nonconvent",1,1
"nonconverg",1,1
"noncoron",1,1
"noncscac",1,1
"noncut",1,1
"nondecim",1,1
"nondecod",1,1
"nondecomposit",1,1
"nonded",1,1
"nondelaybas",1,1
"nondifferenti",1,1
"nondr",1,1
"nonergod",1,1
"nonev",1,1
"nonexhaust",1,1
"nonfault",1,1
"nonfluctu",1,1
"nonfood",1,1
"nonfossil",1,1
"nonfossilfuel",1,1
"nonfulfil",1,1
"nonfus",1,1
"nongeneraliz",1,1
"nongreenhous",1,1
"nonheat",1,1
"nonholiday",1,1
"nonhuman",1,1
"nonident",1,1
"noniid",1,1
"nonindepend",1,1
"nonisol",1,1
"nonlinearcoupl",1,1
"nonlineofsight",1,1
"nonloc",1,1
"nonlock",1,1
"nonmaximum",1,1
"nonmechan",1,1
"nonmodel",1,1
"nonmonoton",1,1
"nonmotor",1,1
"nonnecessari",1,1
"nonoecd",1,1
"nonoper",1,1
"nonoutli",1,1
"nonoverlap",1,1
"nonperiod",1,1
"nonpersist",1,1
"nonphys",1,1
"nonposit",1,1
"nonpriv",1,1
"nonprotoncoupl",1,1
"nonreadi",1,1
"nonrealtim",1,1
"nonrectangular",1,1
"nonregen",1,1
"nonreson",1,1
"nonrobust",1,1
"nonschedul",1,1
"nonselect",1,1
"nonsequenti",1,1
"nonsign",1,1
"nonsignific",1,1
"nonsolar",1,1
"nonspars",1,1
"nonspecul",1,1
"nonstor",1,1
"nonstress",1,1
"nonsynchron",1,1
"nonsynthet",1,1
"nontherm",1,1
"nontimeshift",1,1
"nontradit",1,1
"nontrain",1,1
"nonunimod",1,1
"nonventil",1,1
"nonviabl",1,1
"nonweath",1,1
"nord",1,1
"normalr",1,1
"north–south",1,1
"northfac",1,1
"northwesternedutgff",1,1
"notat",1,1
"notebook",1,1
"notinplac",1,1
"novelli",1,1
"npcomplet",1,1
"nptype",1,1
"nrc",1,1
"nrel mw",1,1
"nrelupwind",1,1
"nsc",1,1
"nsgadirect",1,1
"nsgaⅱ",1,1
"nsp",1,1
"nsw",1,1
"ntetradecan",1,1
"nthorder",1,1
"ntnu",1,1
"ntu",1,1
"ntua",1,1
"ntw",1,1
"nuanc",1,1
"nucleic",1,1
"nugent",1,1
"numan",1,1
"nusvr",1,1
"nut",1,1
"nutcrack",1,1
"nvffs",1,1
"nvml",1,1
"nway",1,1
"nwpbase",1,1
"nwptimevecxlstmtccnn",1,1
"nws",1,1
"nyc",1,1
"obfusc",1,1
"object’",1,1
"objectbas",1,1
"objection",1,1
"objectivedriven",1,1
"obligatori",1,1
"obmpc",1,1
"observerdriven",1,1
"occipit",1,1
"occlus",1,1
"occupancyintegr",1,1
"occupancyrel",1,1
"occupancyrespons",1,1
"occupantbas",1,1
"occupantcomfort",1,1
"occupantrel",1,1
"occurringmitig",1,1
"oceanatmospher",1,1
"oceanmonitor",1,1
"ocf",1,1
"ocfbas",1,1
"ocogbof",1,1
"ocogbofg",1,1
"ocsco",1,1
"octonion",1,1
"ocular",1,1
"ocv",1,1
"odd",1,1
"ode",1,1
"odenet",1,1
"odor",1,1
"odroid",1,1
"odroidxu",1,1
"oem",1,1
"ofdmbas",1,1
"offbottom",1,1
"offdiagon",1,1
"offdur",1,1
"offgas",1,1
"offpeakonpeak",1,1
"offpolici",1,1
"offsetcalibr",1,1
"offspec",1,1
"offspr",1,1
"ofmiss",1,1
"oftenchang",1,1
"oftentim",1,1
"ohm",1,1
"oilfield",1,1
"oilimmers",1,1
"oilinsul",1,1
"ok×n",1,1
"okafor",1,1
"oklahoma",1,1
"oldtim",1,1
"oligom",1,1
"oligomer",1,1
"olslr",1,1
"omnet",1,1
"omnianomali",1,1
"omnidirect",1,1
"oncepopular",1,1
"oncurr",1,1
"ondi",1,1
"one—gradi",1,1
"oneband",1,1
"onechamb",1,1
"onedayahead",1,1
"onedayperiodahead",1,1
"onedegreeoffreedom",1,1
"onediod",1,1
"oneencod",1,1
"onehot",1,1
"onemonth",1,1
"oneord",1,1
"onepoint",1,1
"oneport",1,1
"onera",1,1
"onest",1,1
"onesun",1,1
"onesw",1,1
"onetim",1,1
"onetimestepahead",1,1
"oneversuson",1,1
"oneway",1,1
"onewaytwoway",1,1
"oneweek",1,1
"onezon",1,1
"onhold",1,1
"onlineadapt",1,1
"onlineofflin",1,1
"onlyoneactu",1,1
"onnod",1,1
"onoroff",1,1
"onoutag",1,1
"onpair",1,1
"onpatch",1,1
"onpremis",1,1
"onroad",1,1
"onrt",1,1
"onshorebas",1,1
"ontogenet",1,1
"ontolog",1,1
"ooo",1,1
"opal",1,1
"opalrt",1,1
"opd",1,1
"openaccess",1,1
"openand",1,1
"opencathod",1,1
"openclos",1,1
"opencycl",1,1
"opendss",1,1
"openfast",1,1
"openfoam",1,1
"opengl",1,1
"openmodelica",1,1
"openmot",1,1
"openpath",1,1
"openpor",1,1
"openrow",1,1
"openstudio",1,1
"opentoair",1,1
"operand",1,1
"operando",1,1
"operatingparamet",1,1
"operatingvari",1,1
"operation cost",1,1
"operation’",1,1
"operators’",1,1
"opnet",1,1
"opow",1,1
"opposition‐bas",1,1
"opt",1,1
"optica",1,1
"opticalproperti",1,1
"optimalbas",1,1
"optimalpath",1,1
"optimizationgenet",1,1
"optimizationlightgbm",1,1
"optimizationradi",1,1
"optimizersupport",1,1
"optuna",1,1
"orca",1,1
"ordin",1,1
"ordinarili",1,1
"oregon",1,1
"organicinorgan",1,1
"organiz",1,1
"organohalid",1,1
"organohydrogel",1,1
"orientationspecif",1,1
"orin",1,1
"orlando",1,1
"orographi",1,1
"orr–sherby–dorn",1,1
"ortho",1,1
"orthodox",1,1
"orthogonallypolar",1,1
"orthopara",1,1
"orthos",1,1
"orthotoparapeakintens",1,1
"osa",1,1
"osd",1,1
"oselm",1,1
"osmosisbas",1,1
"osrvfl",1,1
"ostwald",1,1
"otac",1,1
"otransport",1,1
"outagebas",1,1
"outbreak",1,1
"outerapproxim",1,1
"outerear",1,1
"outerrotor",1,1
"outfe",1,1
"outflow",1,1
"outlierbas",1,1
"outlierdetect",1,1
"outofbag",1,1
"outofdistribut",1,1
"outofphas",1,1
"outputbas",1,1
"outputespeci",1,1
"outputpow",1,1
"outwit",1,1
"over",1,1
"overburden",1,1
"overcash",1,1
"overconserv",1,1
"overcrit",1,1
"overcurr",1,1
"overdecomposit",1,1
"overdesign",1,1
"overdimens",1,1
"overdischarg",1,1
"overexploit",1,1
"overgener",1,1
"overhand",1,1
"overhaul",1,1
"overloadingunderload",1,1
"overmold",1,1
"overpass",1,1
"overprovid",1,1
"overreli",1,1
"overrid",1,1
"overs",1,1
"oversc",1,1
"oversmooth",1,1
"oversubscrib",1,1
"overtak",1,1
"overtemperatur",1,1
"overtheair",1,1
"overthrow",1,1
"overundervoltag",1,1
"overzero",1,1
"owners’",1,1
"owonewton",1,1
"oxford",1,1
"oxidationreduct",1,1
"oxidationresist",1,1
"oxidethick",1,1
"oxidiz",1,1
"oxychlorid",1,1
"oxygencontain",1,1
"ozoneaer",1,1
"oκm",1,1
"p–p",1,1
"pab",1,1
"pabfd",1,1
"pacemak",1,1
"packetbas",1,1
"packlevel",1,1
"packs’",1,1
"packsbas",1,1
"padova",1,1
"pagebas",1,1
"pagemap",1,1
"pagerank",1,1
"paillier",1,1
"pain",1,1
"pairedquantil",1,1
"pal",1,1
"palembang",1,1
"palladium",1,1
"palma",1,1
"panama",1,1
"pancrea",1,1
"panelspecifc",1,1
"paneuropean",1,1
"pará",1,1
"parabolictrough",1,1
"paraboloid",1,1
"paradigmat",1,1
"paradigmbas",1,1
"parah",1,1
"parallelalign",1,1
"parallelismparallel",1,1
"parallella",1,1
"parallellru",1,1
"parallellypolar",1,1
"parallelpl",1,1
"parameter”",1,1
"parameteradapt",1,1
"parameterawar",1,1
"parameterssecond",1,1
"parameterst",1,1
"parent",1,1
"paretofront",1,1
"paritybas",1,1
"parkinson",1,1
"parsev",1,1
"partiallycloudi",1,1
"partialoxid",1,1
"participants’",1,1
"particlebas",1,1
"particleflow",1,1
"particlesuspens",1,1
"pascal",1,1
"passivitybas",1,1
"pastcurv",1,1
"pastpropos",1,1
"patchbas",1,1
"patchembed",1,1
"patchmobilecloud",1,1
"patchwis",1,1
"patel",1,1
"pathbas",1,1
"pathplan",1,1
"pathseg",1,1
"patienc",1,1
"patient’",1,1
"patm",1,1
"patrician",1,1
"patternclassif",1,1
"patternord",1,1
"patternsbehavior",1,1
"patternsearchip",1,1
"pauciti",1,1
"paus",1,1
"pavsf",1,1
"pawel",1,1
"payasyougo",1,1
"payload",1,1
"pbit",1,1
"pbm",1,1
"pbsnte",1,1
"pca”",1,1
"pcapreprocess",1,1
"pcarbfnn",1,1
"pccs",1,1
"pcd",1,1
"pcfc",1,1
"pcfcs",1,1
"pche",1,1
"pcmbase",1,1
"pcmcibas",1,1
"pcmenhanc",1,1
"pcomplet",1,1
"pcpp",1,1
"pcrtsgan",1,1
"pcserver",1,1
"pcss",1,1
"pda",1,1
"pdaeconstrain",1,1
"pdag",1,1
"pdms",1,1
"pdss",1,1
"peak”",1,1
"peakcut",1,1
"peakfil",1,1
"peakpeak",1,1
"peakshav",1,1
"peakshift",1,1
"peaksignaltonois",1,1
"peaktim",1,1
"peaktovalley",1,1
"pearson’",1,1
"pebbl",1,1
"peclet",1,1
"pect",1,1
"pecvd",1,1
"pedestriantocloud",1,1
"pedotfunction",1,1
"peekahead",1,1
"peg",1,1
"pelletis",1,1
"pemd",1,1
"pemess",1,1
"penalis",1,1
"pencil",1,1
"peng",1,1
"penghu",1,1
"penn",1,1
"pentanedion",1,1
"pentland",1,1
"pep",1,1
"peraccess",1,1
"peramanathan",1,1
"perdataset",1,1
"perelectrod",1,1
"perfluorocarbon",1,1
"performance’",1,1
"performancebas",1,1
"performancecost",1,1
"performancedegrad",1,1
"performanceind",1,1
"performanceleakagereli",1,1
"performec",1,1
"perfram",1,1
"perhorizonbasi",1,1
"perioddisturb",1,1
"periodogrambas",1,1
"peripheri",1,1
"peristalsi",1,1
"permanentmagnetsynchronousgeneratorbas",1,1
"permeabilitysatur",1,1
"permitt",1,1
"pernod",1,1
"perovskiteonsilicon",1,1
"perovskitestructur",1,1
"peroxid",1,1
"peroxymonosulf",1,1
"perpass",1,1
"perpendicular",1,1
"perperson",1,1
"perpest",1,1
"perpignan",1,1
"perpixel",1,1
"perplex",1,1
"perport",1,1
"perrin",1,1
"personalis",1,1
"perspectivesuch",1,1
"persuad",1,1
"pervad",1,1
"perylen",1,1
"pest",1,1
"petcok",1,1
"peter–clark",1,1
"petrinet",1,1
"pétrole",1,1
"pfaekf",1,1
"pfefferkorn",1,1
"pfr",1,1
"pframe",1,1
"pga",1,1
"pge",1,1
"pgu",1,1
"pharmaceut",1,1
"phasebas",1,1
"phaseresolv",1,1
"phasetransit",1,1
"phenol",1,1
"pheromon",1,1
"philadelphia",1,1
"phosphid",1,1
"photion",1,1
"photoaciddyesensit",1,1
"photoact",1,1
"photoanod",1,1
"photobioelectrochem",1,1
"photobioreactor",1,1
"photocatalyst",1,1
"photoconduct",1,1
"photocorros",1,1
"photocurrentvoltag",1,1
"photodetector",1,1
"photodiod",1,1
"photoelectrod",1,1
"photogrammetri",1,1
"photographi",1,1
"photographingisa",1,1
"photoinduc",1,1
"photoopt",1,1
"photorespons",1,1
"photosensor",1,1
"photosynthesi",1,1
"photosystem",1,1
"photothermalphotoelectr",1,1
"phototrop",1,1
"photovoltaicbatterydiesel",1,1
"photovoltaicdiesel",1,1
"photovoltaicdriven",1,1
"photovoltaicfuel",1,1
"photovoltaicgener",1,1
"photovoltaicsth",1,1
"photovoltaicstorag",1,1
"phreeqc",1,1
"physicalbas",1,1
"physicallybas",1,1
"physicallycalcul",1,1
"physicalprincipl",1,1
"physicalstatist",1,1
"physicalvirtu",1,1
"physicsfre",1,1
"physicsinfus",1,1
"physiochem",1,1
"physionet",1,1
"phytoplankton",1,1
"piano",1,1
"pic",1,1
"pico",1,1
"pictori",1,1
"pidbas",1,1
"pidlik",1,1
"piecewiseaffin",1,1
"pierc",1,1
"piezoceram",1,1
"piezocomposit",1,1
"piezomagnet",1,1
"pillarbas",1,1
"pillsiz",1,1
"pilotpl",1,1
"pilottri",1,1
"piment",1,1
"pimw",1,1
"pine",1,1
"pingpong",1,1
"pinhol",1,1
"pinningghowev",1,1
"pinpoint",1,1
"piotr",1,1
"pip",1,1
"piperazin",1,1
"pistachio",1,1
"pitfal",1,1
"pittsburgh",1,1
"piv",1,1
"pjbit",1,1
"placementdepend",1,1
"plaid",1,1
"plain",1,1
"planoconvex",1,1
"plantinspir",1,1
"plantstat",1,1
"plantsvari",1,1
"plasmabas",1,1
"plat",1,1
"plateau",1,1
"platefin",1,1
"platelik",1,1
"platformbas",1,1
"platinum",1,1
"playout",1,1
"playthrough",1,1
"plectrum",1,1
"plesiochron",1,1
"plr",1,1
"plsr",1,1
"plssvr",1,1
"pluck",1,1
"pluckingbas",1,1
"plugflow",1,1
"pluglevel",1,1
"plume",1,1
"plumemultilay",1,1
"plusⓡ",1,1
"plutonium",1,1
"plvtd",1,1
"pm’s",1,1
"pmb",1,1
"pmgs",1,1
"pml",1,1
"pmlg",1,1
"pmos",1,1
"pmp",1,1
"pmus",1,1
"pmvavg",1,1
"png",1,1
"pnns",1,1
"pocket",1,1
"pointprobabilist",1,1
"pointtarget",1,1
"pois",1,1
"poissonboltzmann",1,1
"poland",1,1
"polariton",1,1
"polezero",1,1
"policybas",1,1
"polinxcontain",1,1
"polit",1,1
"politecnico",1,1
"poll",1,1
"pollin",1,1
"pollutionintens",1,1
"polyacrylamid",1,1
"polyacrylamidopropyltrimethylammonium",1,1
"polyamin",1,1
"polydimethylsiloxan",1,1
"polyethylenedioxythiophen",1,1
"polyethyleneoxi",1,1
"polygon",1,1
"polyil",1,1
"polyimid",1,1
"polyion",1,1
"polylact",1,1
"polymernc",1,1
"polymet",1,1
"polymethylmethacryl",1,1
"polynomialtimesolv",1,1
"polyphon",1,1
"polysaccharid",1,1
"polystyren",1,1
"polysulfon",1,1
"polyurethan",1,1
"pomdp",1,1
"pontoon",1,1
"poolredo",1,1
"poolshar",1,1
"pooltyp",1,1
"poorest",1,1
"poresthroat",1,1
"porouselectrod",1,1
"porphyridium",1,1
"portableembed",1,1
"portal",1,1
"portugues",1,1
"positiondepend",1,1
"positionon",1,1
"positivetoneg",1,1
"postcmo",1,1
"postdeploy",1,1
"postdetect",1,1
"postencod",1,1
"postexperi",1,1
"postfabr",1,1
"postfault",1,1
"postop",1,1
"postpeak",1,1
"posttrain",1,1
"pot",1,1
"potato",1,1
"potenc",1,1
"potentialinduc",1,1
"potentiationdepress",1,1
"pound",1,1
"poundus",1,1
"powerad",1,1
"powerand",1,1
"poweraugment",1,1
"powerbalanc",1,1
"powerbudget",1,1
"powerchem",1,1
"powerconstrain",1,1
"powerconsumpt",1,1
"powerconvers",1,1
"powercrit",1,1
"powerdistribut",1,1
"powerenergi",1,1
"powerflow",1,1
"powerfocus",1,1
"powerforecast",1,1
"powerirradi",1,1
"powerlimit",1,1
"powermanag",1,1
"powermaxim",1,1
"powermem",1,1
"powerminim",1,1
"powerpoint",1,1
"powerpowertoga",1,1
"powerproduct",1,1
"powerpurchas",1,1
"powerrel",1,1
"powershiftatlant",1,1
"powersmith",1,1
"powerston",1,1
"powerth",1,1
"powertherm",1,1
"powertoperform",1,1
"powertransistor",1,1
"powertrust",1,1
"poweruk",1,1
"powerup",1,1
"powervoltagecurr",1,1
"ppt",1,1
"ppue",1,1
"practicaleffici",1,1
"practicalscal",1,1
"practices—",1,1
"practitionersgiven",1,1
"practitionersin",1,1
"pradesh",1,1
"pragu",1,1
"prais",1,1
"prbasrcofeoδ",1,1
"prbs",1,1
"prclcc",1,1
"prd",1,1
"preactiv",1,1
"prealloc",1,1
"preamplif",1,1
"preantpolici",1,1
"preassign",1,1
"precharacter",1,1
"precharg",1,1
"preci",1,1
"precompil",1,1
"predens",1,1
"predicit",1,1
"predictedmeanvotebas",1,1
"predictionalgorithm",1,1
"predictionassist",1,1
"predictioncorrect",1,1
"predictiondecis",1,1
"predictiondetect",1,1
"predictionmeasur",1,1
"predictionpow",1,1
"predictionsmooth",1,1
"predictiontopredict",1,1
"predictionweight",1,1
"predictivebas",1,1
"predictivetechnolog",1,1
"predictorlglp",1,1
"predictorsi",1,1
"predictwith",1,1
"predispatch",1,1
"predistribut",1,1
"preemin",1,1
"preemphasi",1,1
"preestablish",1,1
"preexist",1,1
"prefil",1,1
"prefinish",1,1
"preger",1,1
"preignit",1,1
"preindustri",1,1
"prejud",1,1
"preloc",1,1
"prelstmsac",1,1
"premier",1,1
"preoper",1,1
"prepandem",1,1
"preplan",1,1
"prereduc",1,1
"pres",1,1
"prescient",1,1
"prescreen",1,1
"presens",1,1
"presented—",1,1
"presenton",1,1
"presidenti",1,1
"presimul",1,1
"preslid",1,1
"pressure•",1,1
"pressuredrop",1,1
"pressureramp",1,1
"pressureretard",1,1
"pressurevolum",1,1
"pressuris",1,1
"prestretch",1,1
"pretti",1,1
"prevalentground",1,1
"previousstep",1,1
"pricedriven",1,1
"priceelast",1,1
"pricerespons",1,1
"prima",1,1
"primal",1,1
"primalbas",1,1
"primaryauxiliari",1,1
"primetim",1,1
"primordi",1,1
"princess",1,1
"princeton",1,1
"printedcircuit",1,1
"priorart",1,1
"priority”",1,1
"prius",1,1
"priuss",1,1
"privacyconstrain",1,1
"probabilisticbas",1,1
"probabilityfre",1,1
"probabilitylevel",1,1
"probebas",1,1
"probit",1,1
"problembas",1,1
"problemsoptim",1,1
"problemspecif",1,1
"probspars",1,1
"proc",1,1
"proceduresal",1,1
"process–",1,1
"processbas",1,1
"processcontrol",1,1
"processestyp",1,1
"processingbas",1,1
"processinginmemori",1,1
"processor’",1,1
"processorcontrol",1,1
"processorintegr",1,1
"processormemori",1,1
"processrel",1,1
"processs",1,1
"producersdistributor",1,1
"producingstor",1,1
"productgdp",1,1
"production–consumpt",1,1
"production•",1,1
"productiona",1,1
"productiongrad",1,1
"productionthi",1,1
"productpreprocess",1,1
"proffer",1,1
"profilesa",1,1
"profilesconstraint",1,1
"profilingimprov",1,1
"profitmaxim",1,1
"programcount",1,1
"programingbas",1,1
"programsmay",1,1
"progressrel",1,1
"progresstrack",1,1
"progrium",1,1
"project’",1,1
"projectionbas",1,1
"prolif",1,1
"promec",1,1
"proofofwork",1,1
"propagationfastminimum",1,1
"proportional–integr",1,1
"proportionalintegrativederiv",1,1
"proportionfre",1,1
"proposedthi",1,1
"proposedtod",1,1
"propound",1,1
"proprietari",1,1
"proprietor",1,1
"propso",1,1
"propulsionmanag",1,1
"propyl",1,1
"propylen",1,1
"prospars",1,1
"prosthet",1,1
"proteinprotein",1,1
"proteinrich",1,1
"protoncoupl",1,1
"protonexchang",1,1
"protparam",1,1
"protrud",1,1
"provablyeffici",1,1
"providers’",1,1
"provok",1,1
"prowess",1,1
"pruner",1,1
"prussian",1,1
"psbase",1,1
"pscad",1,1
"pscademtdc",1,1
"psdvs",1,1
"pseudobiomass",1,1
"pseudocavern",1,1
"pseudohomogen",1,1
"pseudopolynomi",1,1
"pseudosetassoci",1,1
"psf",1,1
"psilicon",1,1
"psoaccord",1,1
"psobas",1,1
"psobpnn",1,1
"psocoordin",1,1
"psoenabl",1,1
"psogat",1,1
"psogrnn",1,1
"psolssvm",1,1
"psolstm",1,1
"psorbfnn",1,1
"psosvr",1,1
"psovari",1,1
"psovmdtcnattent",1,1
"pspnet",1,1
"psps",1,1
"psycholog",1,1
"psychrometr",1,1
"pta",1,1
"ptbifeosrruo",1,1
"ptc",1,1
"ptexth",1,1
"ptos",1,1
"ptq",1,1
"ptra",1,1
"ptscalar",1,1
"ptsm",1,1
"ptsms",1,1
"publishsubscribebas",1,1
"pudong",1,1
"pulsedisturb",1,1
"pulsefrequencymod",1,1
"pulseshap",1,1
"pulsewidthmodul",1,1
"pult",1,1
"puma",1,1
"pumpassist",1,1
"pumpcontrol",1,1
"pumpgshp",1,1
"pumpkin",1,1
"pumpout",1,1
"pumpperform",1,1
"pumpstorag",1,1
"punctual",1,1
"punctur",1,1
"purchaseconsumpt",1,1
"purchaseminimum",1,1
"purelinear",1,1
"purifi",1,1
"purposebuilt",1,1
"purposeslowerthanexpect",1,1
"pursuant",1,1
"putaway",1,1
"putrefacien",1,1
"puv",1,1
"puzzl",1,1
"pv’s",1,1
"pvalu",1,1
"pvassoci",1,1
"pvbatteri",1,1
"pvdepend",1,1
"pvhybrid",1,1
"pvkcrystallin",1,1
"pvkcsi",1,1
"pvon",1,1
"pvp",1,1
"pvpa",1,1
"pvpem",1,1
"pvpower",1,1
"pvrelev",1,1
"pvsd",1,1
"pvsds",1,1
"pvta",1,1
"pvtc",1,1
"pvtsaelm",1,1
"pvtvariat",1,1
"pvwind",1,1
"pvwindbatteri",1,1
"pwl",1,1
"pwrs",1,1
"pxa",1,1
"pyraform",1,1
"pyrex",1,1
"pyritebas",1,1
"pytorch",1,1
"pzth",1,1
"qazi",1,1
"qcse",1,1
"qdp",1,1
"qelar",1,1
"qga",1,1
"qin",1,1
"qinghai",1,1
"qingjiang",1,1
"qlpvmpc",1,1
"qmbase",1,1
"qmean",1,1
"qnnbase",1,1
"qospredict",1,1
"qoss",1,1
"qpsk",1,1
"qrsm",1,1
"qsi",1,1
"qtar",1,1
"quadcor",1,1
"quadtre",1,1
"qualityof",1,1
"qualnet",1,1
"quan",1,1
"quantilequantil",1,1
"quantizedcnn",1,1
"quantumbehav",1,1
"quantumdotbas",1,1
"quantuminspir",1,1
"quanzhou",1,1
"quarterr",1,1
"quarterscal",1,1
"quarthour",1,1
"quartz",1,1
"quasihardattent",1,1
"quasinewton",1,1
"quasionlin",1,1
"quasisolid",1,1
"quasistorag",1,1
"quaternionvalu",1,1
"quay",1,1
"queen",1,1
"questionsto",1,1
"quicker",1,1
"quiescent",1,1
"quiet",1,1
"quintana",1,1
"qvalu",1,1
"r  ",1,1
"r‐squar",1,1
"rab",1,1
"racklevel",1,1
"rad",1,1
"radarbas",1,1
"radarcommun",1,1
"radau",1,1
"radfrac",1,1
"radialbasi",1,1
"radiallysymmetr",1,1
"radiancedaysim",1,1
"radiocommun",1,1
"radiometr",1,1
"radioon",1,1
"radios",1,1
"radiotherapi",1,1
"radixk",1,1
"radj",1,1
"rainbow",1,1
"rainforest",1,1
"rake",1,1
"rambas",1,1
"rand",1,1
"randombas",1,1
"randomwalkbas",1,1
"raney",1,1
"rangefrequ",1,1
"rankawar",1,1
"ransadmr",1,1
"rapese",1,1
"rapl",1,1
"rass",1,1
"ratcap",1,1
"rate–distort",1,1
"ratecapac",1,1
"ratecontrol",1,1
"ratedistort",1,1
"rateencod",1,1
"rateequ",1,1
"ratefrac",1,1
"ratesnn",1,1
"ratioglob",1,1
"rayleighbenard",1,1
"rbm",1,1
"rbms",1,1
"rcgalssvm",1,1
"rcm",1,1
"rcmmin",1,1
"rcnnbase",1,1
"rcs",1,1
"rcsns",1,1
"rdag",1,1
"rdize",1,1
"reactiveassoci",1,1
"reactorreceiv",1,1
"reactorspart",1,1
"readabl",1,1
"readback",1,1
"readon",1,1
"reagent",1,1
"reagentgrad",1,1
"realboard",1,1
"realcas",1,1
"realcomplex",1,1
"realdata",1,1
"realdevic",1,1
"realfield",1,1
"realgener",1,1
"realoper",1,1
"realpv",1,1
"realreact",1,1
"realterm",1,1
"realtimepr",1,1
"realtimew",1,1
"realword",1,1
"rearend",1,1
"rearrang",1,1
"rearsid",1,1
"reassess",1,1
"reassign",1,1
"rebuilt",1,1
"receipt",1,1
"receiverspecif",1,1
"receivingend",1,1
"rechargeexchang",1,1
"reclassifi",1,1
"reclstm",1,1
"reclust",1,1
"recod",1,1
"recognition–bas",1,1
"recognitior",1,1
"recomput",1,1
"reconcentr",1,1
"reconcili",1,1
"reconnaiss",1,1
"reconstructiondata",1,1
"recontain",1,1
"recontextu",1,1
"reconvers",1,1
"reconvert",1,1
"recovery  ",1,1
"recruit",1,1
"recrystal",1,1
"rectangl",1,1
"rectifierf",1,1
"rector",1,1
"redd",1,1
"redgreenblu",1,1
"redraw",1,1
"reducedresolut",1,1
"reemit",1,1
"reengin",1,1
"ref",1,1
"refere",1,1
"referencecurrentbas",1,1
"referencevoltagebas",1,1
"reflectarray",1,1
"reformerpem",1,1
"reformingwg",1,1
"refractori",1,1
"refunction",1,1
"refurbish",1,1
"refusecollect",1,1
"regarima",1,1
"regionofinterest",1,1
"regionspecif",1,1
"regressionclassif",1,1
"regressioninterpol",1,1
"regroup",1,1
"regulationsnam",1,1
"reh",1,1
"reidentifi",1,1
"rekhi",1,1
"relapd",1,1
"relateddata",1,1
"relevantbtp",1,1
"relocat",1,1
"relu",1,1
"remap",1,1
"rememb",1,1
"remix",1,1
"remotesens",1,1
"renam",1,1
"rene",1,1
"renewabledomin",1,1
"renewableenergi",1,1
"renewableenergybas",1,1
"renewableheavi",1,1
"renewableintens",1,1
"renewablepow",1,1
"renewablesbas",1,1
"renown",1,1
"reopen",1,1
"reoptim",1,1
"reorgan",1,1
"repertoir",1,1
"replan",1,1
"repli",1,1
"replicationbas",1,1
"reportratio",1,1
"reposit",1,1
"reprint",1,1
"reprocess",1,1
"reprogram",1,1
"repvgg",1,1
"requestor",1,1
"requisit",1,1
"reram",1,1
"reregul",1,1
"rerout",1,1
"rerun",1,1
"resalin",1,1
"rescal",1,1
"researcherutil",1,1
"reservoirbas",1,1
"residentiallevel",1,1
"residualtrap",1,1
"residuari",1,1
"residueresidu",1,1
"resistancecapacit",1,1
"resistivelyh",1,1
"resistorcapacitor",1,1
"resiz",1,1
"resonancebas",1,1
"resourceconsum",1,1
"resourcedriven",1,1
"resourceenergi",1,1
"respectivelyth",1,1
"respondingtoaqueri",1,1
"responspher",1,1
"ressourc",1,1
"resubstitut",1,1
"retainslock",1,1
"rethink",1,1
"retim",1,1
"retina",1,1
"retransmiss",1,1
"retreat",1,1
"retrench",1,1
"retrofitori",1,1
"retroreflect",1,1
"retroreflector",1,1
"returnofinvest",1,1
"reunion",1,1
"reusedistanceawar",1,1
"reutil",1,1
"revapor",1,1
"revel",1,1
"reverenc",1,1
"reversecycl",1,1
"reverseflow",1,1
"reversephotovolta",1,1
"reviewedthi",1,1
"revisit",1,1
"revit",1,1
"revolutionari",1,1
"reweight",1,1
"rf—",1,1
"rffbase",1,1
"rflo",1,1
"rfnsgaiii",1,1
"rfsm",1,1
"rfx",1,1
"rgb",1,1
"rgbd",1,1
"rhb",1,1
"rhe",1,1
"ria",1,1
"ribosom",1,1
"ricardo",1,1
"richardsondushman",1,1
"richsensor",1,1
"rightangl",1,1
"righthalf",1,1
"rigidgraphbas",1,1
"ringbar",1,1
"ringdelaylin",1,1
"ripe",1,1
"ripen",1,1
"risen",1,1
"riser",1,1
"riskbas",1,1
"riskbenefit",1,1
"riskinform",1,1
"riskpul",1,1
"riskseek",1,1
"riverb",1,1
"rkhss",1,1
"rlgnns",1,1
"rll",1,1
"rlsbase",1,1
"rlstm",1,1
"rmape",1,1
"rmax",1,1
"rmaxlog",1,1
"rmbe",1,1
"rmccoper",1,1
"rmlssvr",1,1
"rmsd",1,1
"rmsecv",1,1
"rmsecv  ",1,1
"rmsemean",1,1
"rmsemjm",1,1
"rmsep",1,1
"rnnaid",1,1
"roadblock",1,1
"roadm",1,1
"robots’",1,1
"robustnessperform",1,1
"roc",1,1
"rockhampton",1,1
"rodinia",1,1
"roe",1,1
"rollingfli",1,1
"rollinghorizon",1,1
"romania",1,1
"rombmm",1,1
"rome",1,1
"roo",1,1
"roofmount",1,1
"roomsbuild",1,1
"roosbroeckshockley",1,1
"rope",1,1
"rotorsid",1,1
"rotorspe",1,1
"rotterdam",1,1
"roundoff",1,1
"roundtheclock",1,1
"rozzi",1,1
"rpart",1,1
"rpd",1,1
"rpe",1,1
"rpe  ",1,1
"rplf",1,1
"rptc",1,1
"rrm",1,1
"rrms",1,1
"rrna",1,1
"rsa",1,1
"rsf",1,1
"rslmopso",1,1
"rsme",1,1
"rsus",1,1
"rthe",1,1
"rtl",1,1
"rtmbr",1,1
"rts",1,1
"rtsaenabl",1,1
"rtx",1,1
"rub",1,1
"rubbertyr",1,1
"ruber",1,1
"rudimentari",1,1
"runaway",1,1
"runner",1,1
"runoff",1,1
"runoftheriv",1,1
"runout",1,1
"rushton",1,1
"russia",1,1
"rwave",1,1
"rwrf",1,1
"ryu",1,1
"s﻿−",1,1
"sacbas",1,1
"sacrific",1,1
"sacrifici",1,1
"saddl",1,1
"sadg",1,1
"safetyori",1,1
"safetyrel",1,1
"safimorocco",1,1
"sagepubcouk",1,1
"sahara",1,1
"saidi",1,1
"saifi",1,1
"salienc",1,1
"salinitylevel",1,1
"salssvm",1,1
"saltmanufactur",1,1
"saltwat",1,1
"sampen",1,1
"samplebas",1,1
"samsung",1,1
"sandi",1,1
"sandia",1,1
"sandpip",1,1
"sandstorm",1,1
"sanitari",1,1
"santand",1,1
"santiago",1,1
"sapien",1,1
"sapporo",1,1
"sapso",1,1
"sapsokelm",1,1
"sar",1,1
"sarimarandom",1,1
"sarsalambdaλ",1,1
"sasma",1,1
"satellitebas",1,1
"satellitederiv",1,1
"sathyamoorthi",1,1
"satisfactionmaxim",1,1
"sau",1,1
"savitzkygolay",1,1
"savva",1,1
"sax",1,1
"sayid",1,1
"sbdart",1,1
"sboaoptim",1,1
"sboxinvers",1,1
"sbsbase",1,1
"scaleguard®",1,1
"scales—short",1,1
"scalespac",1,1
"scalewis",1,1
"scanbas",1,1
"scant",1,1
"scarifi",1,1
"scas",1,1
"scatterplot",1,1
"scenarioori",1,1
"scenariospecif",1,1
"scenariosplit",1,1
"scharber",1,1
"schedulebas",1,1
"schemat",1,1
"schememodel",1,1
"schmitt",1,1
"schreier",1,1
"schwarz",1,1
"scikitlearn",1,1
"scip",1,1
"sck·cen",1,1
"scm",1,1
"scmpcmppt",1,1
"scns",1,1
"score–bas",1,1
"scorebas",1,1
"scot",1,1
"scraphm",1,1
"script",1,1
"scrutini",1,1
"sdc",1,1
"sde",1,1
"sdes",1,1
"sdf",1,1
"sdhws",1,1
"sdnassist",1,1
"sdnbase",1,1
"sds",1,1
"sdvu",1,1
"sdwpf",1,1
"seab",1,1
"searchlin",1,1
"seashor",1,1
"seasonallyresolv",1,1
"seasonalnaïv",1,1
"seb",1,1
"sebastian",1,1
"sec’",1,1
"seca",1,1
"secondarili",1,1
"secondbysecond",1,1
"secondlargest",1,1
"secondlay",1,1
"secondlif",1,1
"secret",1,1
"secretari",1,1
"sectors—automot",1,1
"securitycentr",1,1
"sediment",1,1
"sedop",1,1
"segmentationand",1,1
"sei",1,1
"seiz",1,1
"selectionann",1,1
"selectivesurfac",1,1
"selectlog",1,1
"selenid",1,1
"self",1,1
"selfag",1,1
"selfalign",1,1
"selfattentiontcn",1,1
"selfcalibr",1,1
"selfcheckpoint",1,1
"selfclean",1,1
"selfconfigur",1,1
"selfconsist",1,1
"selfconstruct",1,1
"selfcontain",1,1
"selfcorrect",1,1
"selfdefin",1,1
"selfder",1,1
"selfdesign",1,1
"selfdevelop",1,1
"selfdischarg",1,1
"selfdriven",1,1
"selferas",1,1
"selfevid",1,1
"selfevolv",1,1
"selffeed",1,1
"selfgener",1,1
"selfish",1,1
"selflearningbas",1,1
"selflimit",1,1
"selfmad",1,1
"selfmanag",1,1
"selfoptim",1,1
"selfplay",1,1
"selfport",1,1
"selfreconfigur",1,1
"selfrecoveri",1,1
"selfrectifi",1,1
"selfregul",1,1
"selfrepair",1,1
"selfreplenish",1,1
"sellingpurchas",1,1
"semiarid",1,1
"semibatch",1,1
"semiconductorbas",1,1
"semiconductorliquid",1,1
"semiconjug",1,1
"semidetail",1,1
"semiexplicit",1,1
"semifinish",1,1
"semifixedlength",1,1
"semigaussian",1,1
"semimarkovbas",1,1
"semipass",1,1
"semispheroid",1,1
"semistat",1,1
"sendonarea",1,1
"sendondelta",1,1
"sendonenergi",1,1
"sendonpredict",1,1
"senet",1,1
"senseamplifi",1,1
"sensebeforewrit",1,1
"sensingcontrol",1,1
"sensingdriven",1,1
"sensingrel",1,1
"sensitivityawar",1,1
"sensitivityuncertainti",1,1
"sensor’",1,1
"sensoractu",1,1
"sensorh",1,1
"sensorsdetector",1,1
"sentenc",1,1
"sequence‐‐sequ",1,1
"sequencerel",1,1
"sequent",1,1
"sequentialdata",1,1
"sequentialmarkovgreedydecis",1,1
"sequentialpredict",1,1
"sequester",1,1
"seriesparallel",1,1
"seriesproduct",1,1
"seriesthat",1,1
"serpentin",1,1
"serverlevel",1,1
"serversid",1,1
"serverspecif",1,1
"servicelevel",1,1
"serviceori",1,1
"services—",1,1
"sesquicarbon",1,1
"sesss",1,1
"setindex",1,1
"setmodel",1,1
"sevenbit",1,1
"sevenday",1,1
"sevenfold",1,1
"sevenmonth",1,1
"severetoprofound",1,1
"sevrp",1,1
"sfdr",1,1
"sfera",1,1
"sfl",1,1
"sflaxgboost",1,1
"sg  ",1,1
"sga",1,1
"sgsc",1,1
"shader",1,1
"shah",1,1
"shall",1,1
"shanxi",1,1
"shaox",1,1
"shapbas",1,1
"shapebas",1,1
"shapepreserv",1,1
"shaper",1,1
"shapley’",1,1
"sharedmemori",1,1
"sharedpriv",1,1
"shareholderown",1,1
"sharingcollect",1,1
"sharjah",1,1
"sharper",1,1
"shc",1,1
"shearthin",1,1
"sheath",1,1
"sheer",1,1
"sheettub",1,1
"shelflif",1,1
"sherwood",1,1
"shev",1,1
"shewanella",1,1
"shgc",1,1
"shi",1,1
"shiftabl",1,1
"shin",1,1
"shinnar",1,1
"shipbuild",1,1
"shipship",1,1
"shipyard",1,1
"shkurko",1,1
"shockleyreadhal",1,1
"shockresist",1,1
"shockwav",1,1
"shoresid",1,1
"shortchannel",1,1
"shortcycl",1,1
"shortdur",1,1
"shorthorizon",1,1
"shortimpend",1,1
"shortlist",1,1
"shortwavelength",1,1
"shot",1,1
"shrank",1,1
"shred",1,1
"shss",1,1
"shuang",1,1
"shubyn",1,1
"sic",1,1
"sideband",1,1
"sidebysid",1,1
"sidechain",1,1
"sidechannel",1,1
"sidestep",1,1
"sifinfet",1,1
"sight",1,1
"sigmadelta",1,1
"sigmoidbas",1,1
"signalnois",1,1
"signalprocessor",1,1
"signaltonoiseanddistortionratio",1,1
"sihwa",1,1
"silan",1,1
"silanecoupl",1,1
"silhouett",1,1
"silicatecontain",1,1
"siliconawar",1,1
"silicononinsul",1,1
"siliconoxycarbonitrid",1,1
"silo",1,1
"siloxan",1,1
"simbldpi",1,1
"simca",1,1
"similarday",1,1
"similarityawar",1,1
"similarshap",1,1
"simplist",1,1
"simulationoptim",1,1
"simulinkrealtim",1,1
"sin",1,1
"singiebit",1,1
"singlealgorithm",1,1
"singlealgorithmbas",1,1
"singleantenna",1,1
"singleattent",1,1
"singleaxi",1,1
"singleaxl",1,1
"singlebit",1,1
"singleboard",1,1
"singlecarri",1,1
"singlecel",1,1
"singlechamb",1,1
"singlechip",1,1
"singlecrystallin",1,1
"singlecustom",1,1
"singlecycl",1,1
"singlecylind",1,1
"singlediod",1,1
"singledirect",1,1
"singleend",1,1
"singlefactor",1,1
"singlefeatur",1,1
"singleflap",1,1
"singlefrequ",1,1
"singlefunct",1,1
"singlegraph",1,1
"singleinput",1,1
"singleload",1,1
"singleloop",1,1
"singlemod",1,1
"singlemodel",1,1
"singlenod",1,1
"singleport",1,1
"singleprofil",1,1
"singlepumpcontrol",1,1
"singlescatt",1,1
"singlesensor",1,1
"singlesensorbas",1,1
"singlesideband",1,1
"singlesystem",1,1
"singleti",1,1
"singleunit",1,1
"singleus",1,1
"sinibaldi",1,1
"sipso",1,1
"siptab",1,1
"sirna",1,1
"sis",1,1
"sister",1,1
"site’",1,1
"sitehorizon",1,1
"sitespecif",1,1
"sitespecifc",1,1
"sitespecifi",1,1
"situationadapt",1,1
"situationori",1,1
"situationspecif",1,1
"sixstep",1,1
"sixsymbol",1,1
"sixteen",1,1
"sixti",1,1
"sizeawar",1,1
"skadron",1,1
"skate",1,1
"skeleton",1,1
"skellefteå",1,1
"skipconnect",1,1
"skipconnectionbas",1,1
"skyimagebas",1,1
"skylak",1,1
"skylight",1,1
"skyscrap",1,1
"slaawar",1,1
"slabe",1,1
"sladtc",1,1
"slate",1,1
"slave",1,1
"slaw",1,1
"sle",1,1
"sleepawak",1,1
"sleeptim",1,1
"sleepwak",1,1
"sleepwakeup",1,1
"slender",1,1
"slider",1,1
"slidingwindow",1,1
"slimemould",1,1
"slogan",1,1
"slowdown",1,1
"slowrespons",1,1
"slowscal",1,1
"slowtimescal",1,1
"slr",1,1
"slstm",1,1
"slug",1,1
"slurm",1,1
"slurryf",1,1
"smaagcatopsi",1,1
"smallarea",1,1
"smalldisturb",1,1
"smallsampl",1,1
"smallstep",1,1
"smartbadg",1,1
"smartband",1,1
"smartciti",1,1
"smartiso",1,1
"smartphonebas",1,1
"smartservic",1,1
"smartwatch",1,1
"smcev",1,1
"smell",1,1
"smelter",1,1
"smes",1,1
"smi",1,1
"smic",1,1
"smith",1,1
"smlp",1,1
"smlsystem",1,1
"smog",1,1
"smoker",1,1
"smokestack”",1,1
"smoothest",1,1
"smotetomek",1,1
"snapshot",1,1
"sndr",1,1
"sni",1,1
"snowmonitor",1,1
"snozno",1,1
"sobol",1,1
"soccer",1,1
"socialenvironment",1,1
"socialpsycholog",1,1
"sociotempor",1,1
"socori",1,1
"socp",1,1
"socprogram",1,1
"sodiccalc",1,1
"sofcon",1,1
"sofcsteam",1,1
"softactor",1,1
"softcomput",1,1
"softdecis",1,1
"softdtw",1,1
"softsoft",1,1
"softswitch",1,1
"softwarecontrol",1,1
"softwarehardwar",1,1
"softwareintens",1,1
"softwaremanag",1,1
"sohar",1,1
"soilcut",1,1
"soiltool",1,1
"söke–çatalbük",1,1
"solaranywhere®",1,1
"solarassist",1,1
"solarcharg",1,1
"solarcollector",1,1
"solarcoupl",1,1
"solarfossil",1,1
"solarintegr",1,1
"solarirradi",1,1
"solarsimul",1,1
"solarthermophotovota",1,1
"solartochem",1,1
"solartoh",1,1
"solartovehicl",1,1
"solarwind",1,1
"solcla",1,1
"solicit",1,1
"solidcam",1,1
"solidga",1,1
"solidifi",1,1
"solidphas",1,1
"solidwork",1,1
"solutiondiffus",1,1
"somatosensori",1,1
"someon",1,1
"someth",1,1
"soni",1,1
"sooner",1,1
"soontocom",1,1
"sopma",1,1
"sorptionbas",1,1
"sot",1,1
"sounder",1,1
"soup",1,1
"source–load",1,1
"sourceg",1,1
"sourcenetwork",1,1
"sourcenetworkloadstorag",1,1
"southwestern",1,1
"sox",1,1
"spa",1,1
"spacecool",1,1
"spacial",1,1
"spacingtolength",1,1
"sparamet",1,1
"sparc",1,1
"sparger",1,1
"sparser",1,1
"sparsityawar",1,1
"sparsityunawar",1,1
"spatialdomain",1,1
"spatiallyexplicit",1,1
"spatialor",1,1
"spatialrel",1,1
"spawn",1,1
"spddwepg",1,1
"spearman",1,1
"speccpu",1,1
"speciat",1,1
"specificpurpos",1,1
"specjvm",1,1
"specpow",1,1
"spectacular",1,1
"spectr",1,1
"spectralintegr",1,1
"spectrapatch",1,1
"spectrogram",1,1
"spectrometri",1,1
"spectrum”",1,1
"speechtotext",1,1
"speedacceler",1,1
"speedcontrol",1,1
"speedrefer",1,1
"speedtrack",1,1
"sphere",1,1
"spidergon",1,1
"spie",1,1
"spikeresidualbas",1,1
"spiketimingdepend",1,1
"spikingband",1,1
"spincoat",1,1
"spine",1,1
"spirit",1,1
"spirochaetota",1,1
"spiroometad",1,1
"splendid",1,1
"spnet",1,1
"spong",1,1
"sponsor",1,1
"spontaneouslygrow",1,1
"spotpric",1,1
"spratio",1,1
"spraycool",1,1
"sprc",1,1
"springmass",1,1
"sprinkler",1,1
"spruce",1,1
"sprue",1,1
"spsc",1,1
"spurfre",1,1
"spurious",1,1
"spuriousfreedynamicrang",1,1
"spurt",1,1
"spwvd",1,1
"sqnr",1,1
"square’",1,1
"squarer",1,1
"squeez",1,1
"squeezenet",1,1
"srdcc",1,1
"sre",1,1
"srer",1,1
"srm",1,1
"srmcc",1,1
"srms",1,1
"ssa–kelm",1,1
"ssabas",1,1
"ssadelm",1,1
"ssalssvm",1,1
"ssamlpxgboost",1,1
"ssatcnbigru",1,1
"ssatempor",1,1
"ssavmdlstm",1,1
"ssf",1,1
"ssm",1,1
"sst",1,1
"stackabl",1,1
"stackinglongshortterm",1,1
"stagnant",1,1
"stahl",1,1
"stair",1,1
"stairlik",1,1
"stake",1,1
"stale",1,1
"standa",1,1
"standingwalk",1,1
"standingwav",1,1
"standoff",1,1
"star®",1,1
"start–stop",1,1
"startoftheart",1,1
"startpoint",1,1
"starttim",1,1
"stateact",1,1
"statecontrol",1,1
"stateless",1,1
"stateofchargeconstrain",1,1
"stateofthearttechniqu",1,1
"stateofthesci",1,1
"stateoutput",1,1
"statespacebas",1,1
"statetost",1,1
"staticstag",1,1
"stations’",1,1
"stationsvalid",1,1
"statisticaldatadriven",1,1
"statutori",1,1
"steam–hydrogen",1,1
"steamexplod",1,1
"steamwat",1,1
"steelconcret",1,1
"steepen",1,1
"steepest",1,1
"stepdown",1,1
"steplik",1,1
"stepsahead",1,1
"stepup",1,1
"stereoscop",1,1
"stereotyp",1,1
"sterol",1,1
"stgas",1,1
"sth",1,1
"stiction",1,1
"stig",1,1
"stigma",1,1
"stimulatorelectrodetissu",1,1
"stliaoaitransform",1,1
"stml",1,1
"stochasticigdt",1,1
"stochasticinform",1,1
"stochasticrobust",1,1
"stockholm",1,1
"stod",1,1
"stoichiometrybas",1,1
"stoke",1,1
"stolen",1,1
"stomach",1,1
"stood",1,1
"stopandgo",1,1
"stopfre",1,1
"storabl",1,1
"storagebas",1,1
"storageclass",1,1
"storageretriev",1,1
"storagesolar",1,1
"storagewind",1,1
"storder",1,1
"stover",1,1
"stplf",1,1
"straightlin",1,1
"strainharden",1,1
"straininduc",1,1
"strainmedi",1,1
"strainsoften",1,1
"strangl",1,1
"strata",1,1
"strategy’",1,1
"strategybas",1,1
"stray",1,1
"streamwis",1,1
"stricter",1,1
"stride–dil",1,1
"stringmatch",1,1
"strongest",1,1
"strongvolatil",1,1
"strontium",1,1
"strouhal",1,1
"strt",1,1
"strubel",1,1
"structure–act",1,1
"structureconsistencyguid",1,1
"structureproperti",1,1
"stsgcn",1,1
"stt",1,1
"sttramsram",1,1
"study’",1,1
"studytyp",1,1
"styliz",1,1
"sub–",1,1
"sub–optim",1,1
"subbank",1,1
"subblock",1,1
"subbrin",1,1
"subcentimetr",1,1
"subclassifi",1,1
"subcm",1,1
"subcoal",1,1
"subconnect",1,1
"subcontrol",1,1
"subexpress",1,1
"subfreez",1,1
"subfunct",1,1
"subghz",1,1
"subgigahertz",1,1
"subgradi",1,1
"subgrid",1,1
"subimag",1,1
"subinch",1,1
"subkhz",1,1
"submatrix",1,1
"submillimet",1,1
"submillimetr",1,1
"submillisecond",1,1
"subminut",1,1
"subnanosecond",1,1
"subnet",1,1
"suboptimis",1,1
"subordin",1,1
"subperiod",1,1
"subpredictor",1,1
"subramanyan",1,1
"subrang",1,1
"subrelationship",1,1
"subroutin",1,1
"subscrib",1,1
"subsid",1,1
"subsignalsfeatur",1,1
"substag",1,1
"substationlevel",1,1
"subsupersynchron",1,1
"subsynchron",1,1
"subt",1,1
"subtemperatur",1,1
"subtl",1,1
"subtyp",1,1
"subunit",1,1
"subvers",1,1
"subwatt",1,1
"subwavelength",1,1
"subway",1,1
"subzonebas",1,1
"successiveapproximationregist",1,1
"successor",1,1
"succinct",1,1
"sucker",1,1
"suez",1,1
"sulfatealkalin",1,1
"sulfoaluminatebelit",1,1
"summertim",1,1
"suncontribut",1,1
"sundown",1,1
"sunearth",1,1
"sunlightdriven",1,1
"sunris",1,1
"sunset",1,1
"sunshap",1,1
"sunspot",1,1
"sunsvoc",1,1
"suntrack",1,1
"sunway",1,1
"supercomputergener",1,1
"superdens",1,1
"superfici",1,1
"superfraction",1,1
"superhet",1,1
"superhuman",1,1
"superiorityseek",1,1
"superiorqu",1,1
"superl",1,1
"superlinear",1,1
"supermuc",1,1
"superoverdr",1,1
"superplastic",1,1
"superresolut",1,1
"supersed",1,1
"superset",1,1
"superstructur",1,1
"supervisedlearn",1,1
"supplier’",1,1
"suppliers’",1,1
"supplychain",1,1
"supplywat",1,1
"supportedamin",1,1
"surfacecharg",1,1
"surfacechem",1,1
"surfacecurr",1,1
"surfacedepend",1,1
"surfacemicromachin",1,1
"surfacewav",1,1
"surfacewound",1,1
"surgicallyplac",1,1
"surmount",1,1
"surrogateassist",1,1
"svcs",1,1
"svmgm",1,1
"svmload",1,1
"svop",1,1
"svqr",1,1
"svrpoli",1,1
"svrrbf",1,1
"svt",1,1
"swarmprey",1,1
"swash",1,1
"swashplat",1,1
"swdbn",1,1
"sweet",1,1
"sweeten",1,1
"swemd",1,1
"swept",1,1
"swim",1,1
"swine",1,1
"swirl",1,1
"switchabl",1,1
"switchcas",1,1
"switchedcapacitor",1,1
"switchov",1,1
"swshps",1,1
"swss",1,1
"swts",1,1
"symmetri",1,1
"symptom",1,1
"symptomat",1,1
"syn",1,1
"synchroni",1,1
"synchronis",1,1
"synchronousrefer",1,1
"synchrotron",1,1
"synechocysti",1,1
"synergygrid",1,1
"synopsi",1,1
"syracus",1,1
"systema",1,1
"systemaem",1,1
"systemc",1,1
"systemcchp",1,1
"systemcompon",1,1
"systemequip",1,1
"systemmoreov",1,1
"systemonachip",1,1
"systemscal",1,1
"systemsin",1,1
"systemsonchip",1,1
"systemw",1,1
"t°c",1,1
"t−student",1,1
"tabu",1,1
"tack",1,1
"tactic",1,1
"tactil",1,1
"tagcach",1,1
"tagdist",1,1
"tagenhanc",1,1
"taichung",1,1
"taihulight",1,1
"taildepend",1,1
"taillat",1,1
"tailor‐mad",1,1
"taisc",1,1
"taiwanes",1,1
"takens’",1,1
"takeoff",1,1
"takeup",1,1
"tallahasse",1,1
"tallest",1,1
"tamanrasset",1,1
"tamil",1,1
"tamilnadu",1,1
"tandemdevic",1,1
"tangent",1,1
"tangent–sigmoid",1,1
"tangenti",1,1
"tanh",1,1
"tankless",1,1
"tantamount",1,1
"tao",1,1
"tardi",1,1
"tarmac",1,1
"tarp",1,1
"taskdepend",1,1
"tasklevel",1,1
"tasmania",1,1
"taxa",1,1
"taxibj",1,1
"tccnn",1,1
"tcf",1,1
"tcl",1,1
"tcn–bilstm",1,1
"tcn’s",1,1
"tcninform",1,1
"tco",1,1
"tcp",1,1
"tcpm",1,1
"tcwb",1,1
"tda",1,1
"tdcimbas",1,1
"tdecreas",1,1
"tdma",1,1
"tdvfs",1,1
"tea",1,1
"technical–econom",1,1
"technicaleconom",1,1
"technician",1,1
"technique—",1,1
"technologiesmanufactur",1,1
"technology—",1,1
"technologyfocus",1,1
"technologyindepend",1,1
"technologymap",1,1
"technologysector",1,1
"tegra",1,1
"tehran",1,1
"telephon",1,1
"telephoni",1,1
"teleprotect",1,1
"telerobot",1,1
"telosb",1,1
"temedx",1,1
"temperatureawar",1,1
"temperatureaway",1,1
"temperaturebas",1,1
"temperaturecompens",1,1
"temperaturesw",1,1
"temperaturewith",1,1
"templ",1,1
"temporalconvolutionalnetworkbas",1,1
"temporallyorgan",1,1
"temporallyvari",1,1
"temporarili",1,1
"tempt",1,1
"tenaga",1,1
"tenanc",1,1
"tensilestress",1,1
"tensofsecond",1,1
"tensorencod",1,1
"tensorrt",1,1
"tenstohundr",1,1
"tent",1,1
"tentat",1,1
"tenth",1,1
"tenunit",1,1
"tenur",1,1
"tenyear",1,1
"teoss",1,1
"tepco",1,1
"terbium",1,1
"terrac",1,1
"terraininformationandprecedingvehicleinformationincorpor",1,1
"tesla",1,1
"testbench",1,1
"testifi",1,1
"testscenario",1,1
"tetraethylorthosil",1,1
"tetrafluoroethylen",1,1
"tetrafluoromethan",1,1
"tetragon",1,1
"tetrahydrofuranwat",1,1
"tetramethylsilan",1,1
"texel",1,1
"textbas",1,1
"textbook",1,1
"textcm",1,1
"textefrac",1,1
"textguid",1,1
"textj",1,1
"textok",1,1
"texttim",1,1
"textw",1,1
"tfc",1,1
"tfttype",1,1
"tfu",1,1
"tgff",1,1
"tghs",1,1
"tha",1,1
"thalass",1,1
"thatmodel",1,1
"thé",1,1
"theart",1,1
"thecombin",1,1
"theconnect",1,1
"themat",1,1
"theorylimit",1,1
"therapist",1,1
"therbligbas",1,1
"therein",1,1
"thereof",1,1
"thereto",1,1
"thermal–hydraul",1,1
"thermalair",1,1
"thermalclim",1,1
"thermalconstrain",1,1
"thermalelectr",1,1
"thermalforc",1,1
"thermalhydraul",1,1
"thermallydriven",1,1
"thermalmanag",1,1
"thermalnois",1,1
"thermalrespons",1,1
"thermalwat",1,1
"thermi",1,1
"thermocel",1,1
"thermochemicalbas",1,1
"thermodynamicelectrochem",1,1
"thermodynamicsbas",1,1
"thermoeconom",1,1
"thermoflex®",1,1
"thermohydrodynam",1,1
"thermolyt",1,1
"thermoneutr",1,1
"thermopil",1,1
"thermoplast",1,1
"thermopow",1,1
"thermoregul",1,1
"thermostattyp",1,1
"thermosyphonassist",1,1
"thetovolta",1,1
"thicken",1,1
"thicknesstolength",1,1
"thinfilmco",1,1
"thingsbas",1,1
"thiobacillus",1,1
"thiol",1,1
"thirdgener",1,1
"thirdord",1,1
"thirteen",1,1
"thirti",1,1
"thomson",1,1
"thps",1,1
"threadscor",1,1
"threebranch",1,1
"threecoil",1,1
"threecup",1,1
"threedegreesoffreedom",1,1
"threefactor",1,1
"threelevelboost",1,1
"threemodul",1,1
"threemonth",1,1
"threeobject",1,1
"threeoutput",1,1
"threeparamet",1,1
"threeresistor",1,1
"threestorey",1,1
"threetim",1,1
"threeway",1,1
"thresholdvoltag",1,1
"thrive",1,1
"throughgo",1,1
"thumb",1,1
"thyristor",1,1
"thzvisibl",1,1
"thzvlc",1,1
"ticino",1,1
"tictx",1,1
"tidalcurr",1,1
"tidalflowveloc",1,1
"tidalphotovolta",1,1
"tide",1,1
"tielin",1,1
"tighter",1,1
"tightfeed",1,1
"tightspe",1,1
"tilebas",1,1
"tilt°",1,1
"timber",1,1
"time‐embed",1,1
"time—",1,1
"timea",1,1
"timeadapt",1,1
"timeahead",1,1
"timeand",1,1
"timeannot",1,1
"timeconst",1,1
"timeconstrain",1,1
"timecorrel",1,1
"timecoupl",1,1
"timedivis",1,1
"timedriven",1,1
"timeenergi",1,1
"timeevolv",1,1
"timefram",1,1
"timeindepend",1,1
"timeinhomogen",1,1
"timeinterleav",1,1
"timeintervalbas",1,1
"timeinvari",1,1
"timekeep",1,1
"timemix",1,1
"timeofuseand",1,1
"timeofweek",1,1
"timephas",1,1
"timepredict",1,1
"timer",1,1
"timerel",1,1
"timeresolv",1,1
"timesequenti",1,1
"timeshar",1,1
"timesnet",1,1
"timesoversampl",1,1
"timespan",1,1
"timesseri",1,1
"timetodesign",1,1
"timetofail",1,1
"timeunpredict",1,1
"timevaryingweight",1,1
"timevecwdcnnbilstm",1,1
"timeweight",1,1
"timewindow",1,1
"timewis",1,1
"timex",1,1
"timingconstrain",1,1
"tinii",1,1
"tinyml",1,1
"tinyo",1,1
"tinyradarethzch",1,1
"tiox",1,1
"tipspe",1,1
"tisch",1,1
"titaniumgold",1,1
"titrat",1,1
"tja",1,1
"tlc",1,1
"tll",1,1
"tlw",1,1
"tme",1,1
"tmobil",1,1
"tmote",1,1
"tnbd",1,1
"tnbds",1,1
"tobit",1,1
"tocopherol",1,1
"tocotrienol",1,1
"tod",1,1
"todaybesid",1,1
"toffoli",1,1
"toffolidriven",1,1
"toggl",1,1
"toghz",1,1
"tolerantdata",1,1
"toll",1,1
"tominim",1,1
"tomograph",1,1
"tone",1,1
"tonsday",1,1
"toolchain",1,1
"toolchip",1,1
"toolpath",1,1
"toolsbinari",1,1
"toplay",1,1
"toplevel",1,1
"topmost",1,1
"topmount",1,1
"topologyoptim",1,1
"tori",1,1
"torino",1,1
"toroid",1,1
"toronto",1,1
"torquevector",1,1
"tortuous",1,1
"torus",1,1
"totalenergythroughput",1,1
"totalfactor",1,1
"touchassist",1,1
"toukmean",1,1
"tour",1,1
"tourist",1,1
"tourists’",1,1
"tout",1,1
"tpc",1,1
"tpg",1,1
"tpp",1,1
"tpye",1,1
"traceabl",1,1
"trackandhold",1,1
"tractionbrak",1,1
"tractiv",1,1
"tractortrail",1,1
"tradaboostr",1,1
"tradesoff",1,1
"tradingoff",1,1
"trafficdistribut",1,1
"trafficfre",1,1
"trafficload",1,1
"trainer",1,1
"trainharvest",1,1
"trainingbas",1,1
"traininginfer",1,1
"trainingtest",1,1
"transcend",1,1
"transcendent",1,1
"transconductancetocurr",1,1
"transcriptionindepend",1,1
"transcutan",1,1
"transferr",1,1
"transformerencoderbas",1,1
"transformerf",1,1
"transformergru",1,1
"transformerlong",1,1
"transformerlstm",1,1
"transformertcn",1,1
"transistorlevel",1,1
"transitionmetaloxidebas",1,1
"translator",1,1
"transmissioneffici",1,1
"transmissionlevel",1,1
"transmissionnetwork",1,1
"transmissionrel",1,1
"transmissionsrecept",1,1
"transmissionsystem",1,1
"transmittertoreceiv",1,1
"transnn",1,1
"transon",1,1
"transpirationbas",1,1
"transportationbas",1,1
"transportationbasedco",1,1
"transportationrel",1,1
"transtimegan",1,1
"transuran",1,1
"travelers’",1,1
"travelingwav",1,1
"traybytray",1,1
"tread",1,1
"treasur",1,1
"treelet",1,1
"treerel",1,1
"trench",1,1
"trendawar",1,1
"trendi",1,1
"triad",1,1
"tribolog",1,1
"tribomet",1,1
"trichoderma",1,1
"tricki",1,1
"trickier",1,1
"trickl",1,1
"tricommod",1,1
"tridiagon",1,1
"triethoxysilan",1,1
"trifl",1,1
"trifold",1,1
"triiodideiodid",1,1
"trilay",1,1
"trilemma",1,1
"trilinear",1,1
"trillion",1,1
"trillion’",1,1
"triniti",1,1
"tripartit",1,1
"triplea",1,1
"triplejunct",1,1
"triplemet",1,1
"triplewel",1,1
"triton",1,1
"trl",1,1
"trnsys®",1,1
"trnsyspython",1,1
"trojan",1,1
"trolley",1,1
"troubleshoot",1,1
"troublesom",1,1
"trous",1,1
"trpo",1,1
"truerandom",1,1
"truestress",1,1
"truncatedsingular",1,1
"trustless",1,1
"trynsi",1,1
"tsi®",1,1
"tsllmload",1,1
"tsmixer",1,1
"tsp",1,1
"tsunami",1,1
"ttest",1,1
"ttfs",1,1
"tubalrank",1,1
"tucson",1,1
"tumbl",1,1
"tuna",1,1
"tungsten",1,1
"tunic",1,1
"turbinega",1,1
"turbinelink",1,1
"turbomachineri",1,1
"turin",1,1
"turkish",1,1
"turnon",1,1
"turnov",1,1
"twdp",1,1
"tweak",1,1
"twentyf",1,1
"twentyfour",1,1
"twin’",1,1
"twindelay",1,1
"twindriven",1,1
"twitch",1,1
"two‐phas",1,1
"twoarea",1,1
"twobranch",1,1
"twobytwo",1,1
"twocapacitor",1,1
"twochamb",1,1
"twoclass",1,1
"twodayahead",1,1
"twodegreeoffreedom",1,1
"twodimens",1,1
"twofing",1,1
"twofluid",1,1
"twogroup",1,1
"twomonth",1,1
"twoport",1,1
"twoposit",1,1
"twostream",1,1
"twotermin",1,1
"twoton",1,1
"twoturbin",1,1
"twovector",1,1
"twoyearlong",1,1
"twsns",1,1
"twts",1,1
"typei",1,1
"typeii",1,1
"typicaldaybas",1,1
"typolog",1,1
"uaql",1,1
"uarbf",1,1
"uav’",1,1
"uavari",1,1
"uavdt",1,1
"uavrecallfrequ",1,1
"uben",1,1
"ucb",1,1
"udf",1,1
"ue–edge–cloud",1,1
"ugv",1,1
"uhi",1,1
"uhss",1,1
"uhvdc",1,1
"uitm",1,1
"ukccsc",1,1
"ulanqab",1,1
"ulc",1,1
"ule",1,1
"ulsi",1,1
"ultracapacitor",1,1
"ultraconstrain",1,1
"ultradeep",1,1
"ultrahighdefinit",1,1
"ultrahighenergydens",1,1
"ultrahighspe",1,1
"ultrahighstrength",1,1
"ultralightweight",1,1
"ultrareli",1,1
"ultraslow",1,1
"ultrasoundtofbas",1,1
"ultraviolet",1,1
"umbertid",1,1
"umt",1,1
"unab",1,1
"unaffect",1,1
"unannounc",1,1
"unanticip",1,1
"unappreci",1,1
"unarticul",1,1
"unattain",1,1
"unattract",1,1
"unbaffl",1,1
"unbound",1,1
"unbundl",1,1
"uncatalyz",1,1
"uncertaintyinduc",1,1
"uncertainunknown",1,1
"uncheck",1,1
"unclon",1,1
"uncombin",1,1
"uncomplet",1,1
"uncompress",1,1
"unconvert",1,1
"undeliv",1,1
"undemonstr",1,1
"undeni",1,1
"underdecomposit",1,1
"underfloortyp",1,1
"underh",1,1
"underli",1,1
"undermin",1,1
"underreport",1,1
"underus",1,1
"underutilizedoverutil",1,1
"undervoltag",1,1
"undetect",1,1
"undirect",1,1
"undop",1,1
"undul",1,1
"unduli",1,1
"unequivoc",1,1
"unetbas",1,1
"unfeas",1,1
"unground",1,1
"unhind",1,1
"unicor",1,1
"unicoupl",1,1
"unidentifi",1,1
"unif",1,1
"unifiedphaseshift",1,1
"unignor",1,1
"uniin",1,1
"unikernel",1,1
"unimagin",1,1
"unimod",1,1
"unimport",1,1
"unintend",1,1
"uniqueweight",1,1
"unisim",1,1
"unit–convolut",1,1
"unitlevel",1,1
"unitpric",1,1
"unitsfrequ",1,1
"universidad",1,1
"universita",1,1
"unknownuncertain",1,1
"unleash",1,1
"unlimit",1,1
"unmannedaeri",1,1
"unmask",1,1
"unmeasur",1,1
"unmodul",1,1
"unmow",1,1
"unnatur",1,1
"unneed",1,1
"unpair",1,1
"unpartit",1,1
"unpilot",1,1
"unpopular",1,1
"unpromot",1,1
"unprovid",1,1
"unravel",1,1
"unregul",1,1
"unreplac",1,1
"unreport",1,1
"unresolv",1,1
"unrespons",1,1
"unsaf",1,1
"unsampl",1,1
"unsatisfi",1,1
"unsatur",1,1
"unschedul",1,1
"unserv",1,1
"unshar",1,1
"unskil",1,1
"unsolv",1,1
"unsteadili",1,1
"unsteadyflow",1,1
"unstress",1,1
"unsymmetr",1,1
"unsynchron",1,1
"untaken",1,1
"untarget",1,1
"untouch",1,1
"untrain",1,1
"ununiform",1,1
"unusableunsel",1,1
"uop",1,1
"upconvert",1,1
"upfield",1,1
"upflow",1,1
"upfront",1,1
"uphil",1,1
"uphold",1,1
"uplift",1,1
"upmtl",1,1
"upna",1,1
"upperconfidencebound",1,1
"upperstag",1,1
"uppump",1,1
"uprais",1,1
"upsiz",1,1
"upsurg",1,1
"upwardfac",1,1
"upwind",1,1
"urbanscal",1,1
"urg",1,1
"urgenc",1,1
"ursysasysu",1,1
"usac",1,1
"usage—especi",1,1
"usageth",1,1
"usagew",1,1
"usbas",1,1
"usda",1,1
"usdkwh",1,1
"usdtco",1,1
"use–cas",1,1
"usedth",1,1
"useradministr",1,1
"userandapplicationawar",1,1
"userassoci",1,1
"usercentr",1,1
"usercontext",1,1
"usercontrol",1,1
"userdevic",1,1
"userend",1,1
"userexpect",1,1
"usergener",1,1
"useroper",1,1
"users—remain",1,1
"usersid",1,1
"userspac",1,1
"userspecif",1,1
"userspecifi",1,1
"usetyp",1,1
"usfda",1,1
"uswid",1,1
"utah",1,1
"utbb",1,1
"utc",1,1
"utilitycustom",1,1
"utilityth",1,1
"utilitywid",1,1
"utiposit",1,1
"utter",1,1
"uvapadova",1,1
"uwflo",1,1
"uwsn’",1,1
"v–g",1,1
"vaccin",1,1
"vad",1,1
"vae",1,1
"vagari",1,1
"valleyfil",1,1
"valleytsaelm",1,1
"valuead",1,1
"valueatrisk",1,1
"valueimprov",1,1
"valuerel",1,1
"valvecontrol",1,1
"vancouv",1,1
"vanet",1,1
"vanilla",1,1
"vanishingexplod",1,1
"vapourcompress",1,1
"variable–control",1,1
"variablefrequ",1,1
"variableinterv",1,1
"variablepitch",1,1
"variablepow",1,1
"variables—",1,1
"variables’",1,1
"variablewis",1,1
"variationalmod",1,1
"variationinduc",1,1
"varifocalnet",1,1
"vasiou",1,1
"vault",1,1
"vcdns",1,1
"vdc",1,1
"vdcgener",1,1
"vehiclelevel",1,1
"vehiclelinecoupl",1,1
"vehiclesid",1,1
"vehicleterrain",1,1
"vehicletobuild",1,1
"vehicletoeveryth",1,1
"vehicletoinfrastructur",1,1
"vein",1,1
"velocimetri",1,1
"vendor",1,1
"venlo",1,1
"ventilationthi",1,1
"venu",1,1
"verbier",1,1
"verd",1,1
"verg",1,1
"veriloga",1,1
"verma",1,1
"verticalrollermil",1,1
"veryhighresolut",1,1
"verylargescal",1,1
"vessel’",1,1
"vga",1,1
"vggface",1,1
"vhohho",1,1
"viafirst",1,1
"vialast",1,1
"vibrationpow",1,1
"vibroacoust",1,1
"vic",1,1
"vickrey",1,1
"videobas",1,1
"videoprocess",1,1
"vigor",1,1
"vii",1,1
"vikrey",1,1
"vina",1,1
"vindic",1,1
"vinyl",1,1
"virginia",1,1
"virtex",1,1
"virtexii",1,1
"virtexpro",1,1
"virtualimpedancebas",1,1
"virtualityr",1,1
"virtualmachin",1,1
"virtualmachinebas",1,1
"visavi",1,1
"visàvi",1,1
"viscometr",1,1
"viscoplast",1,1
"visibleinfrar",1,1
"visibleopaqu",1,1
"visioninspir",1,1
"visp",1,1
"vista",1,1
"visualis",1,1
"viterbi",1,1
"viti",1,1
"vldb",1,1
"vlg",1,1
"vliw",1,1
"vmcupm",1,1
"vmdbase",1,1
"vmdbegalstm",1,1
"vmdbls",1,1
"vmdpyraformeradan",1,1
"vmdsglstm",1,1
"voestalpin",1,1
"voic",1,1
"voiceoverip",1,1
"voipen",1,1
"volit",1,1
"voltageand",1,1
"voltagecurr",1,1
"voltagedepend",1,1
"voltagedriven",1,1
"voltagemedium",1,1
"voltagescal",1,1
"voltagespe",1,1
"voltagevar",1,1
"voltamp",1,1
"volterra",1,1
"voltvoltamper",1,1
"volumin",1,1
"volunt",1,1
"vortic",1,1
"vos",1,1
"votingbas",1,1
"vowindow",1,1
"voxel",1,1
"vpn",1,1
"vrml",1,1
"vrms",1,1
"vschvdc",1,1
"vsds",1,1
"vtc",1,1
"vtmicro",1,1
"vtype",1,1
"vud",1,1
"vvc",1,1
"vver",1,1
"vvocvr",1,1
"w·m–",1,1
"w·m−",1,1
"waf",1,1
"wakerel",1,1
"walden",1,1
"wallaceix",1,1
"wallhung",1,1
"walnut",1,1
"wam",1,1
"wamss",1,1
"wangjiazhai",1,1
"wape",1,1
"warmer",1,1
"warsaw",1,1
"washer",1,1
"washeri",1,1
"wasp",1,1
"wasteheatrecov",1,1
"waster",1,1
"water–oil",1,1
"waterethanol",1,1
"waterfil",1,1
"waterh",1,1
"waterintens",1,1
"waterlevel",1,1
"waterrecoveri",1,1
"watertowat",1,1
"waterway",1,1
"watthour",1,1
"watti",1,1
"wattskbp",1,1
"wattsus",1,1
"waveguidebas",1,1
"waveopt",1,1
"wavepacket",1,1
"wayconcaten",1,1
"waymo",1,1
"wayshutdown",1,1
"wband",1,1
"wce",1,1
"wcma",1,1
"wdabilstm",1,1
"weaklysupervis",1,1
"weather forecast",1,1
"weatherbas",1,1
"weathercompens",1,1
"weathher",1,1
"weav",1,1
"webcam",1,1
"weber",1,1
"webwarp",1,1
"wecc",1,1
"wecopttool",1,1
"wecsim",1,1
"wefocuson",1,1
"wei",1,1
"weifang",1,1
"weightedgraph",1,1
"weightgrey",1,1
"weightingand",1,1
"welcom",1,1
"wellchosen",1,1
"welldamp",1,1
"welldemonstr",1,1
"welldocu",1,1
"wellfit",1,1
"wellinform",1,1
"wellinsul",1,1
"welljustifi",1,1
"wellnot",1,1
"wellplan",1,1
"wellpric",1,1
"wellprun",1,1
"wellspecifi",1,1
"wellstudi",1,1
"welltailor",1,1
"welltun",1,1
"wenbo",1,1
"went",1,1
"wep",1,1
"westfac",1,1
"westinghous",1,1
"wettingphas",1,1
"wfcs",1,1
"wfd",1,1
"wfgd",1,1
"wfs",1,1
"wgenco",1,1
"wgp",1,1
"whatev",1,1
"whatif",1,1
"whilstdiffer",1,1
"whispergen",1,1
"wholeemdbas",1,1
"wholehom",1,1
"wholehous",1,1
"wholenetwork",1,1
"wholeskyimag",1,1
"whr",1,1
"whrss",1,1
"wib",1,1
"wibro",1,1
"wick",1,1
"wickbas",1,1
"widearea",1,1
"wideblad",1,1
"widescal",1,1
"widesens",1,1
"widev",1,1
"widthbas",1,1
"wild",1,1
"wiley ",1,1
"winc",1,1
"winch",1,1
"wind–pv–thermalpump",1,1
"wind–solar",1,1
"windblock",1,1
"windenergi",1,1
"windfarm",1,1
"windi",1,1
"windpvhydropow",1,1
"windsolarbatteri",1,1
"windward",1,1
"wingspan",1,1
"wingtip",1,1
"winkler",1,1
"winner",1,1
"wipo",1,1
"wirelessbas",1,1
"wis",1,1
"wisconsinminnesota",1,1
"withinday",1,1
"withindi",1,1
"withinweek",1,1
"withstand",1,1
"withwithout",1,1
"witout",1,1
"wknn",1,1
"wlf",1,1
"wm•k",1,1
"wm−",1,1
"wmfpid",1,1
"wmms",1,1
"wmo",1,1
"wn→∞",1,1
"woken",1,1
"won",1,1
"woodi",1,1
"wordwidth",1,1
"workforc",1,1
"workpiecespecif",1,1
"workshar",1,1
"worn",1,1
"worstperform",1,1
"worthi",1,1
"woven",1,1
"wpd–cnn–lstm",1,1
"wpm",1,1
"wpp’s",1,1
"wrfd",1,1
"wrfsimul",1,1
"writeeras",1,1
"writeread",1,1
"writethrough",1,1
"wseinterfac",1,1
"wsepv",1,1
"wsg",1,1
"wsh",1,1
"wssbase",1,1
"wtg",1,1
"wthi",1,1
"wtlcc",1,1
"wudaptbc",1,1
"wusbas",1,1
"wusen",1,1
"wustit",1,1
"wwtpai",1,1
"xaibas",1,1
"xaidriven",1,1
"xarelo",1,1
"xaui",1,1
"xaxi",1,1
"xbid",1,1
"xcz",1,1
"xdma",1,1
"xfexo",1,1
"xfluoresc",1,1
"xgboostbas",1,1
"xgboostlss",1,1
"xgpu",1,1
"xian",1,1
"xiang",1,1
"xiaoxia",1,1
"xifeng",1,1
"xin",1,1
"xingtai",1,1
"xinkun",1,1
"xlino",1,1
"xmatch",1,1
"xmodel",1,1
"xps",1,1
"xrd",1,1
"xsinx",1,1
"xuhui",1,1
"xvii",1,1
"yahooweb",1,1
"yann",1,1
"yard",1,1
"yarnlength",1,1
"yawbas",1,1
"yawmisalign",1,1
"yearbook",1,1
"yearlymonth",1,1
"yeartoyear",1,1
"yellow",1,1
"yesterday",1,1
"yichun",1,1
"ying",1,1
"yizhou",1,1
"ynet",1,1
"yogyakarta",1,1
"yolobas",1,1
"youtub",1,1
"yttriastabil",1,1
"yttrium",1,1
"yttriumbas",1,1
"yttriumdopinginduc",1,1
"yuankang",1,1
"yuksel",1,1
"yungchung",1,1
"yunlin",1,1
"zabkowski",1,1
"zaragoza",1,1
"zbus",1,1
"zdomain",1,1
"zebrafish",1,1
"zerocross",1,1
"zerofre",1,1
"zeroload",1,1
"zeroon",1,1
"zerosum",1,1
"zeta",1,1
"zhe",1,1
"zhenao",1,1
"zheng",1,1
"zhengxiong",1,1
"zhenjiang",1,1
"zhifeng",1,1
"zhoushan",1,1
"zhuang",1,1
"zhuhai",1,1
"zia",1,1
"zigbeeiee",1,1
"zincbromin",1,1
"zincsubstitut",1,1
"zircon",1,1
"zirconium",1,1
"zlib",1,1
"znfeo",1,1
"zonesbuff",1,1
"zouach",1,1
"zpinch",1,1
"zrconibisb",1,1
"zscheme",1,1
"zshape",1,1
"zwitterion",1,1
"βrich",1,1
"δbs",1,1
"δmape",1,1
"δmδm",1,1
"δvout",1,1
"εcγ",1,1
"ηempp",1,1
"ηtcol",1,1
"κ–ε",1,1
"κedg",1,1
"μhboxm",1,1
"μhboxmm",1,1
"μm−",1,1
"μmlong",1,1
"μmsize",1,1
"μmwide",1,1
"μv·h−",1,1
"μwcm",1,1
"μwcolumn",1,1
"πconjug",1,1
"πdiffrenti",1,1
"πdqpsk",1,1
"πmodel",1,1
"πmodelbas",1,1
"σallan",1,1
"ωshape",1,1
"ωstep",1,1
