"Term","Document_Frequency","Term_Frequency"
"energi",2108,8639
"use",1958,4415
"predict",1786,3027
"model",1670,4881
"result",1545,2263
"elsevi",1339,1347
"electr",1273,3569
"studi",1254,1987
"consumpt",1231,2834
"system",1230,3196
"paper",1224,1513
"ltd",1109,1116
"can",1106,1718
"develop",1068,1704
"data",1060,2009
"generat",1032,2069
"demand",1020,2412
"increas",1016,1779
"forecast",977,2361
"base",973,1330
"show",969,1188
"perform",868,1501
"differ",839,1372
"present",822,1046
"effect",818,1261
"also",815,1006
"compar",771,999
"reduc",756,1064
"provid",752,976
"oper",746,1378
"propos",735,1252
"method",717,1377
"analysi",699,991
"effici",697,1218
"impact",696,1151
"time",683,1042
"signific",678,876
"cost",652,1435
"estim",649,1021
"simul",627,1039
"potenti",627,968
"high",621,833
"improv",614,893
"chang",601,1110
"howev",600,671
"futur",590,908
"approach",589,968
"product",587,1166
"import",584,740
"renew",582,1158
"build",579,2128
"level",566,842
"author",566,597
"includ",558,667
"two",553,709
"requir",549,727
"technolog",546,1007
"consid",544,701
"new",536,748
"emiss",532,1319
"econom",518,848
"case",518,663
"condit",512,765
"evalu",511,675
"reserv",509,643
"load",506,1151
"due",506,641
"year",504,725
"one",503,643
"measur",500,785
"will",494,852
"scenario",493,1001
"heat",478,1276
"design",474,759
"assess",472,666
"research",469,632
"current",465,629
"appli",462,540
"achiev",458,578
"integr",455,630
"indic",453,583
"addit",452,539
"need",447,563
"solar",446,1314
"investig",441,510
"variabl",440,766
"sourc",439,626
"relat",437,534
"control",436,1049
"right",433,441
"polici",427,751
"total",423,583
"well",423,517
"optim",417,661
"reduct",417,626
"wind",414,1713
"factor",411,631
"combin",410,528
"process",408,667
"climat",406,943
"rate",406,693
"network",398,754
"larg",398,487
"price",395,976
"demonstr",394,468
"find",391,489
"fuel",386,749
"distribut",386,618
"work",385,466
"valu",384,579
"applic",384,504
"avail",376,466
"grid",373,713
"period",371,498
"three",369,456
"averag",368,505
"first",367,420
"temperatur",366,841
"strategi",365,589
"manag",365,569
"suppli",363,588
"plan",360,538
"resourc",356,580
"may",356,464
"order",356,413
"test",354,481
"gas",353,753
"environment",352,554
"sector",350,658
"account",350,406
"market",348,721
"limit",346,428
"respect",344,444
"main",339,399
"rang",338,426
"thermal",337,715
"higher",336,422
"exist",336,399
"depend",333,389
"util",332,459
"project",331,594
"determin",331,393
"produc",329,440
"region",328,563
"countri",326,579
"accur",326,405
"make",325,374
"area",324,490
"suggest",324,369
"aim",324,348
"capac",323,573
"inform",323,428
"set",322,428
"paramet",321,437
"save",319,544
"term",319,390
"error",317,525
"identifi",317,389
"plant",316,719
"obtain",316,387
"analyz",314,379
"global",312,484
"challeng",312,392
"unit",311,434
"possibl",311,371
"mean",310,421
"industri",307,520
"dynam",307,454
"implement",305,363
"annual",301,446
"calcul",300,412
"sustain",298,447
"low",298,359
"sever",297,350
"within",295,345
"algorithm",293,477
"found",293,376
"support",293,356
"photovolta",292,445
"natur",292,427
"reliabl",292,376
"carbon",291,649
"accuraci",291,426
"air",285,506
"contribut",284,334
"number",282,365
"methodolog",281,393
"decreas",278,376
"problem",278,370
"valid",276,321
"type",274,398
"state",273,405
"lower",272,337
"residenti",271,489
"various",271,319
"expect",270,328
"associ",270,312
"nation",269,357
"final",269,293
"recent",268,290
"influenc",264,334
"therefor",264,292
"allow",263,321
"discuss",263,306
"focus",263,297
"specif",262,302
"storag",260,571
"growth",260,487
"framework",260,374
"comput",259,358
"lead",259,308
"affect",256,296
"examin",255,288
"consum",254,378
"direct",253,324
"tool",252,363
"locat",252,330
"uncertainti",251,385
"input",251,342
"weather",248,409
"repres",248,280
"characterist",247,322
"key",247,284
"respons",245,379
"function",244,317
"benefit",243,327
"general",243,282
"output",239,365
"techniqu",239,342
"mani",238,264
"hour",237,381
"regress",237,316
"particular",233,250
"water",231,598
"pattern",231,335
"major",230,259
"less",229,273
"observ",228,280
"issu",226,256
"peak",225,406
"environ",225,286
"ieee",225,240
"conduct",224,267
"better",224,257
"address",224,243
"scale",222,298
"variat",222,297
"instal",221,334
"per",221,322
"role",221,249
"thus",221,248
"overal",220,252
"select",219,296
"solut",219,295
"analys",219,266
"statist",219,265
"structur",217,309
"becom",215,232
"actual",213,296
"take",213,236
"across",211,262
"adopt",210,357
"neural",210,319
"target",208,316
"household",207,517
"day",207,299
"transport",205,396
"amount",205,236
"follow",202,227
"understand",201,237
"novel",200,228
"activ",199,313
"altern",199,249
"like",198,226
"cool",196,465
"local",196,273
"employ",196,231
"help",195,216
"detail",194,221
"standard",193,265
"without",193,216
"consider",193,208
"vehicl",191,614
"mitig",191,269
"trend",191,240
"given",189,205
"convent",188,234
"caus",188,213
"greenhous",187,246
"vari",187,219
"behavior",186,324
"decis",186,248
"second",186,206
"program",184,272
"intern",184,231
"even",184,197
"consist",184,193
"size",183,287
"describ",183,210
"wide",183,198
"servic",182,263
"invest",182,258
"share",182,253
"comparison",182,208
"urban",181,441
"meet",181,218
"advanc",181,213
"experiment",180,257
"histor",180,221
"world",179,223
"complex",179,215
"toward",179,208
"qualiti",178,248
"minim",178,216
"accord",178,201
"enabl",178,197
"profil",177,290
"small",177,225
"among",177,199
"longterm",176,223
"reveal",176,188
"construct",175,236
"part",174,213
"multipl",173,201
"critic",173,195
"practic",172,205
"introduc",171,187
"individu",170,219
"real",170,217
"compon",169,233
"fossil",169,231
"enhanc",169,197
"object",168,197
"quantifi",168,190
"concern",168,184
"especi",167,182
"furthermor",167,175
"popul",166,247
"four",166,205
"typic",166,191
"adapt",165,238
"daili",165,230
"experi",165,221
"relationship",164,214
"engin",163,224
"balanc",163,219
"point",163,204
"continu",163,196
"collect",163,190
"speed",161,320
"field",160,210
"numer",160,199
"shown",160,187
"season",158,275
"sensit",158,195
"smart",157,320
"correl",157,206
"explor",157,183
"sinc",157,169
"seri",156,224
"previous",156,181
"cycl",155,279
"commerci",155,196
"literatur",155,177
"grow",155,176
"comfort",154,300
"best",154,178
"public",153,220
"basi",153,163
"linear",152,189
"made",152,173
"occup",151,329
"articl",151,182
"common",151,167
"strong",151,163
"mix",150,186
"capabl",150,167
"citi",149,270
"schedul",149,269
"risk",149,247
"infrastructur",149,195
"establish",149,162
"govern",148,180
"similar",148,169
"way",147,163
"moreov",147,155
"report",146,175
"offer",146,168
"flexibl",145,268
"mechan",145,193
"posit",145,178
"although",145,147
"decad",144,159
"option",143,197
"month",142,230
"captur",142,207
"domest",142,188
"artifici",142,177
"publish",142,165
"train",141,230
"survey",141,178
"form",141,163
"regard",141,161
"china",140,321
"primari",140,186
"remain",140,149
"play",140,146
"hybrid",138,228
"featur",138,211
"empir",138,170
"long",138,170
"much",138,157
"rapid",138,157
"deploy",137,176
"substanti",137,156
"reach",137,153
"highlight",137,151
"site",136,217
"assum",136,155
"refer",135,173
"approxim",135,155
"incorpor",135,149
"economi",134,191
"maximum",134,161
"turbin",133,325
"tradit",133,159
"implic",133,152
"promis",133,142
"user",132,214
"shortterm",132,171
"suitabl",132,157
"technic",132,152
"purpos",132,148
"usag",131,190
"rise",131,157
"penetr",130,190
"dataset",130,178
"around",130,154
"constraint",129,171
"exampl",129,148
"great",129,144
"carri",129,140
"access",128,163
"good",128,143
"batteri",127,308
"loss",127,219
"intens",127,202
"space",127,188
"monitor",127,179
"maintain",126,136
"scheme",125,224
"yield",125,215
"materi",125,209
"regul",125,190
"initi",125,155
"goal",125,149
"interest",125,139
"still",125,137
"charg",124,363
"light",124,211
"group",124,177
"creat",124,150
"involv",124,141
"greater",124,136
"drive",123,208
"life",123,207
"shift",123,163
"gain",123,153
"coupl",123,149
"success",123,134
"robust",122,151
"feasibl",122,141
"ensur",122,137
"stochast",121,183
"transit",121,171
"european",121,159
"deriv",121,146
"formul",121,143
"context",121,131
"sampl",120,166
"aggreg",119,171
"physic",118,154
"emerg",118,145
"end",118,136
"often",118,129
"consequ",117,125
"essenti",117,121
"concentr",116,204
"surfac",116,186
"run",116,146
"devic",115,178
"least",115,125
"coal",114,234
"abl",114,130
"indoor",113,214
"abil",113,121
"insight",112,118
"net",111,163
"secur",111,161
"along",111,120
"hous",110,191
"review",110,150
"appropri",110,120
"near",110,116
"equip",109,164
"assumpt",109,136
"simpl",109,125
"extens",109,119
"ventil",108,194
"transmiss",108,181
"nonlinear",108,143
"convers",108,137
"advantag",108,123
"defin",108,123
"societi",108,120
"conclud",108,111
"panel",107,199
"incom",107,164
"coeffici",107,152
"concept",107,135
"negat",107,125
"conserv",106,157
"realtim",106,154
"short",106,124
"comprehens",105,119
"illustr",105,110
"next",104,124
"reason",104,111
"occur",103,117
"effort",103,115
"must",103,115
"cell",102,240
"central",102,126
"step",102,125
"singl",102,117
"relev",102,109
"densiti",101,171
"replac",101,133
"necessari",100,109
"face",99,115
"largest",99,115
"oil",98,232
"behaviour",98,182
"properti",98,127
"interact",98,126
"largescal",98,122
"ratio",97,129
"open",97,121
"configur",96,134
"five",96,111
"correspond",96,104
"stage",95,140
"character",95,120
"percentag",95,115
"knowledg",95,112
"switzerland",95,99
"hydrogen",94,336
"social",94,148
"spatial",94,141
"connect",94,107
"crucial",94,101
"despit",94,98
"gap",93,137
"intellig",93,128
"extract",93,124
"meteorolog",93,113
"via",93,108
"applianc",92,185
"probabl",92,113
"promot",92,107
"farm",91,226
"pump",91,209
"million",91,156
"pressur",91,142
"theoret",91,137
"pollut",91,133
"particip",91,129
"summer",91,114
"innov",91,109
"built",91,107
"recommend",91,104
"perspect",91,100
"last",91,98
"difficult",91,96
"transfer",90,144
"phase",90,140
"extrem",90,122
"absolut",90,113
"highest",90,110
"past",90,101
"scienc",90,99
"extend",90,98
"name",90,92
"competit",89,108
"cover",89,107
"realist",89,99
"opportun",89,95
"home",88,179
"stabil",88,118
"clear",88,96
"confirm",88,91
"radiat",87,137
"lack",87,100
"stock",85,164
"fluctuat",85,114
"prefer",85,113
"evid",85,100
"independ",85,98
"larger",85,94
"facilit",85,91
"place",85,90
"modul",84,204
"adjust",84,100
"attribut",84,98
"taken",84,86
"dispatch",83,141
"financi",83,104
"avoid",83,92
"domin",83,92
"aspect",83,86
"mdpi",83,83
"trade",82,118
"dayahead",82,109
"transform",82,106
"geograph",82,98
"solv",82,92
"intermitt",82,88
"deep",81,124
"predictor",81,114
"whether",81,93
"license",81,81
"offic",80,183
"green",80,139
"human",80,128
"atmospher",80,117
"tempor",80,93
"usual",80,87
"extent",80,86
"suffici",80,84
"basel",80,80
"facil",79,111
"horizon",79,102
"accept",79,99
"margin",79,99
"origin",79,97
"attent",79,81
"rather",79,81
"manufactur",78,118
"driver",78,106
"zone",77,128
"softwar",77,107
"winter",77,103
"theori",77,94
"univers",77,91
"close",77,83
"reli",77,83
"ghg",76,159
"irradi",76,154
"custom",76,138
"south",76,120
"index",76,102
"normal",76,100
"evolut",76,99
"explain",76,97
"baselin",75,122
"random",75,98
"fit",75,95
"squar",75,92
"known",75,83
"almost",75,78
"outcom",74,85
"nuclear",73,187
"gdp",73,158
"event",73,139
"mode",73,125
"hot",73,102
"warm",73,102
"element",73,95
"procedur",73,92
"compani",73,86
"institut",73,86
"equival",73,81
"communiti",72,135
"extern",72,97
"minimum",72,93
"vector",72,89
"entir",72,78
"probabilist",71,128
"frequenc",71,119
"dioxid",71,101
"simultan",71,75
"maker",71,74
"metric",70,102
"interv",70,101
"link",70,98
"separ",70,94
"expans",70,93
"divers",70,82
"wherea",70,76
"ann",69,174
"curv",69,110
"convert",69,95
"modifi",69,81
"view",69,77
"situat",69,75
"henc",69,74
"fulli",69,73
"clean",68,112
"meter",68,110
"benchmark",68,100
"europ",68,97
"degre",68,88
"correct",68,85
"togeth",68,77
"appear",68,76
"move",68,76
"realiz",68,75
"worldwid",68,71
"biomass",67,191
"retrofit",67,169
"resolut",67,100
"mass",67,88
"deviat",67,87
"quantit",67,77
"whole",67,77
"proper",67,73
"copyright",67,72
"proport",67,70
"island",66,100
"maxim",66,84
"action",66,82
"full",66,77
"exploit",66,75
"today",66,75
"mathemat",66,74
"come",66,68
"dwell",65,154
"incent",65,96
"declin",65,82
"task",65,81
"complet",65,69
"communic",64,85
"composit",64,84
"choic",64,78
"side",64,78
"six",64,78
"constant",64,77
"stabl",64,77
"reflect",64,74
"upon",64,72
"conclus",64,71
"might",64,68
"give",64,67
"wast",63,127
"station",63,117
"profit",63,107
"platform",63,94
"outdoor",63,90
"analyt",63,82
"start",63,73
"organ",63,72
"deal",63,70
"fix",63,69
"call",63,68
"littl",63,64
"verifi",63,64
"detect",62,113
"chemic",62,99
"architectur",62,90
"weight",62,90
"respond",62,81
"age",62,79
"fast",62,79
"capit",62,78
"medium",62,75
"exhibit",62,65
"either",62,63
"health",61,86
"fundament",61,74
"north",61,73
"exceed",61,69
"land",60,112
"peopl",60,93
"magnitud",60,68
"agreement",60,66
"policymak",60,65
"fact",60,62
"varieti",60,61
"hvac",59,128
"cluster",59,93
"signal",59,91
"serv",59,64
"hydropow",58,162
"map",58,92
"exchang",58,80
"forc",58,80
"calibr",58,78
"modern",58,73
"subject",58,65
"record",58,63
"smaller",58,62
"yet",58,59
"store",57,97
"layer",57,96
"recoveri",57,80
"remov",57,78
"equat",57,70
"socioeconom",57,70
"decisionmak",57,67
"partial",57,63
"systemat",57,63
"expand",57,60
"cold",56,96
"line",56,78
"autoregress",56,72
"categori",56,71
"volum",56,69
"earli",56,65
"realworld",56,65
"subsequ",56,58
"adequ",56,57
"forest",55,99
"onlin",55,70
"ahead",55,69
"turn",55,64
"presenc",55,62
"certain",55,57
"sensor",54,87
"bottomup",54,75
"databas",54,74
"barrier",54,67
"deliv",54,66
"doubl",54,66
"energyeffici",54,65
"precis",54,65
"gross",54,64
"status",54,64
"tradeoff",54,64
"attract",54,59
"throughout",54,57
"outperform",54,56
"valuabl",54,54
"elast",53,115
"resid",53,93
"kwh",53,91
"california",53,86
"ambient",53,74
"contain",53,67
"datadriven",53,67
"excess",53,66
"overcom",53,61
"question",53,60
"compris",53,56
"tariff",52,114
"center",52,107
"voltag",52,106
"electrif",52,90
"pathway",52,76
"receiv",52,69
"updat",52,67
"equal",52,63
"driven",52,62
"anoth",52,55
"particl",51,89
"mobil",51,77
"acceler",51,74
"commit",51,68
"live",51,66
"durat",51,63
"viabl",51,59
"mainten",51,58
"american",51,55
"desir",51,53
"rais",51,51
"room",50,74
"heterogen",50,64
"busi",50,63
"root",50,61
"econometr",50,57
"power",50,54
"uniqu",50,54
"satisfi",50,52
"contrast",50,51
"travel",49,89
"diffus",49,86
"insul",49,86
"india",49,83
"australia",49,75
"germani",49,69
"everi",49,58
"automat",49,57
"lowest",49,57
"uncertain",49,56
"assist",49,55
"fall",49,55
"match",49,55
"under",49,52
"slight",49,51
"endus",48,76
"volatil",48,70
"progress",48,62
"led",48,57
"expens",48,51
"easili",48,49
"primarili",48,48
"road",47,107
"agricultur",47,93
"rural",47,83
"intervent",47,74
"ground",47,68
"distanc",47,67
"combust",47,63
"solid",47,62
"bill",47,58
"fraction",47,57
"strateg",47,56
"third",47,50
"reactor",46,99
"degrad",46,90
"billion",46,68
"criteria",46,63
"resili",46,63
"optimum",46,59
"protect",46,59
"ton",46,58
"induc",46,56
"principl",46,52
"attempt",46,51
"encourag",46,51
"prior",46,51
"distinct",46,50
"alreadi",46,47
"footprint",45,80
"determinist",45,65
"classifi",45,64
"privat",45,64
"motiv",45,62
"vulner",45,57
"fluid",45,56
"min",45,54
"boundari",45,52
"far",45,52
"viabil",45,52
"hand",45,51
"regim",45,51
"regulatori",45,51
"frequent",45,48
"seek",45,47
"instead",45,46
"stateoftheart",45,46
"prove",45,45
"food",44,97
"traffic",44,95
"window",44,86
"code",44,66
"fleet",44,65
"basic",44,47
"impli",44,47
"introduct",44,47
"latter",44,45
"inher",44,44
"mpc",43,85
"treatment",43,85
"revenu",43,71
"alloc",43,59
"shape",43,59
"passiv",43,58
"identif",43,56
"quantiti",43,50
"accommod",43,48
"most",43,46
"springer",43,46
"superior",43,44
"llc",43,43
"offshor",42,104
"array",42,92
"cloud",42,76
"capita",42,67
"coordin",42,63
"canada",42,59
"decomposit",42,56
"southern",42,55
"costeffect",42,53
"anticip",42,52
"content",42,49
"laboratori",42,46
"done",42,44
"interconnect",41,66
"district",41,62
"autom",41,61
"persist",41,59
"humid",41,55
"western",41,48
"mont",41,45
"poor",41,44
"leverag",41,43
"now",41,42
"wave",40,149
"ensembl",40,74
"failur",40,65
"feedback",40,59
"substitut",40,58
"northern",40,52
"week",40,51
"envelop",40,50
"genet",40,46
"spain",40,46
"recogn",40,43
"moder",40,42
"export",39,79
"wall",39,67
"rmse",39,65
"switch",39,62
"aircondit",39,61
"track",39,57
"smooth",39,54
"decarbon",39,53
"boost",39,52
"return",39,51
"score",39,51
"energyplus",39,50
"afford",39,49
"gase",39,47
"wiley",39,46
"andor",39,43
"union",39,43
"aid",39,42
"bring",39,41
"prospect",39,41
"half",39,40
"seen",39,39
"special",39,39
"residu",38,75
"africa",38,66
"class",38,57
"gradient",38,57
"chain",38,54
"stakehold",38,49
"format",38,48
"john",38,45
"son",38,45
"unlik",38,43
"carlo",38,42
"etc",38,42
"greatest",38,42
"vital",38,42
"handl",38,41
"eight",38,40
"pose",38,40
"car",37,85
"outag",37,68
"dri",37,62
"act",37,57
"bias",37,56
"memori",37,52
"cumul",37,50
"height",37,50
"mape",37,50
"drop",37,45
"represent",37,43
"alon",37,40
"aris",37,40
"attain",37,40
"flow",37,40
"other",37,40
"keep",37,39
"manner",37,39
"tend",37,39
"microgrid",36,107
"refriger",36,81
"causal",36,69
"vertic",36,58
"lifetim",36,55
"safeti",36,55
"equilibrium",36,45
"refin",36,45
"remot",36,45
"stress",36,45
"person",36,43
"itali",36,42
"path",36,42
"explicit",36,39
"seven",36,39
"date",36,37
"franci",36,36
"taylor",36,36
"filter",35,66
"veloc",35,54
"tree",35,51
"demograph",35,47
"provis",35,47
"instrument",35,46
"infer",35,44
"alter",35,43
"simplifi",35,42
"compens",35,41
"law",35,41
"joint",35,40
"scope",35,40
"chosen",35,38
"planner",35,38
"scientif",35,38
"though",35,38
"back",35,37
"impos",35,36
"popular",35,36
"therebi",35,36
"widespread",35,36
"broad",35,35
"iop",35,35
"tax",34,79
"intraday",34,76
"brazil",34,63
"angl",34,56
"provinc",34,56
"educ",34,49
"lowcarbon",34,49
"feed",34,48
"centr",34,47
"indirect",34,47
"technoeconom",34,45
"confid",34,43
"asset",34,42
"transient",34,42
"multivari",34,41
"zero",34,39
"guarante",34,38
"insuffici",34,38
"outlin",34,38
"care",34,37
"prevent",34,37
"multilay",34,35
"top",34,35
"diesel",33,55
"stream",33,49
"threshold",33,48
"purchas",33,46
"classif",33,44
"varianc",33,44
"restrict",33,41
"utilis",33,41
"exogen",33,40
"oxid",33,38
"commiss",33,37
"topic",33,37
"businessasusu",33,35
"compos",33,35
"releas",33,35
"except",33,33
"reservoir",32,76
"ownership",32,57
"ireland",32,55
"bodi",32,52
"twh",32,52
"electron",32,47
"interpret",32,46
"forward",32,45
"span",32,44
"insid",32,43
"plugin",32,42
"logist",32,35
"permit",32,35
"regular",32,35
"look",32,34
"seem",32,33
"ramp",31,91
"mine",31,81
"bid",31,67
"attitud",31,63
"damag",31,52
"circul",31,47
"demandsid",31,44
"free",31,43
"matter",31,39
"rough",31,39
"usa",31,39
"embed",31,38
"sens",31,37
"virtual",31,37
"cope",31,36
"centuri",31,35
"underestim",31,35
"alway",31,34
"fail",31,34
"huge",31,34
"besid",31,33
"dimens",31,33
"licens",31,33
"preliminari",31,33
"quit",31,33
"constitut",31,32
"beyond",31,31
"put",31,31
"energysav",30,68
"curtail",30,48
"rout",30,47
"inject",30,45
"longrun",30,45
"perceiv",30,45
"subsidi",30,45
"polit",30,44
"setpoint",30,44
"floor",30,43
"inc",30,38
"isol",30,38
"owner",30,36
"favor",30,33
"agre",30,32
"media",30,32
"versus",30,32
"depart",30,31
"met",30,30
"tidal",29,114
"passeng",29,55
"bayesian",29,48
"digit",29,46
"harvest",29,44
"resist",29,44
"portfolio",29,43
"exposur",29,42
"german",29,42
"prototyp",29,41
"decarbonis",29,40
"fund",29,35
"gridconnect",29,35
"offset",29,35
"guid",29,33
"prioriti",29,33
"version",29,33
"experienc",29,32
"massiv",29,32
"enough",29,31
"gradual",29,30
"overview",29,30
"weak",29,30
"just",29,29
"notabl",29,29
"slow",29,29
"marin",28,58
"speci",28,50
"circuit",28,45
"reaction",28,45
"orient",28,44
"sea",28,43
"thermodynam",28,43
"arima",28,41
"awar",28,40
"delay",28,40
"disturb",28,39
"rule",28,36
"minimis",28,34
"descript",28,32
"newli",28,32
"supplement",28,32
"begin",28,31
"dramat",28,30
"evolv",28,30
"ongo",28,30
"add",28,29
"benefici",28,29
"burden",28,29
"choos",28,29
"exclus",28,29
"iii",28,29
"raw",28,29
"percent",27,52
"imag",27,50
"channel",27,48
"discharg",27,46
"boiler",27,45
"imbal",27,44
"upgrad",27,43
"sale",27,42
"domain",27,41
"japan",27,41
"programm",27,41
"expenditur",27,40
"spot",27,40
"recurr",27,39
"exponenti",27,38
"hydro",27,38
"onsit",27,37
"certif",27,36
"coast",27,36
"leap",27,36
"conveni",27,34
"section",27,34
"modif",27,33
"deliveri",27,32
"discrep",27,32
"split",27,32
"abund",27,31
"sequenc",27,30
"administr",27,29
"deplet",27,29
"favour",27,29
"kind",27,29
"overestim",27,29
"ten",27,29
"document",27,28
"longer",27,28
"vast",27,27
"roof",26,70
"renov",26,57
"lca",26,54
"tank",26,50
"converg",26,45
"electrolysi",26,45
"energet",26,44
"liquid",26,42
"apart",26,40
"brazilian",26,40
"chines",26,39
"block",26,37
"compress",26,37
"pair",26,36
"static",26,35
"core",26,34
"feder",26,34
"revers",26,34
"member",26,32
"penalti",26,32
"reinforc",26,31
"search",26,31
"learn",26,29
"agenc",26,28
"argu",26,28
"complic",26,28
"faster",26,28
"tri",26,28
"emphasi",26,27
"horizont",26,27
"whilst",26,26
"cfd",25,55
"blade",25,50
"intent",25,49
"shade",25,47
"trajectori",25,47
"tonn",25,45
"earth",25,44
"biofuel",25,40
"fill",25,39
"macroeconom",25,39
"matrix",25,39
"flux",25,37
"australian",25,36
"heavi",25,36
"visual",25,36
"crisi",25,35
"bau",25,34
"reproduc",25,32
"secondari",25,31
"upper",25,31
"wholesal",25,31
"draw",25,30
"engag",25,30
"internet",25,30
"segment",25,30
"ancillari",25,29
"interfac",25,29
"optimis",25,29
"difficulti",25,28
"figur",25,28
"machin",25,28
"timeseri",25,28
"topolog",25,28
"big",25,27
"constrain",25,27
"advers",25,26
"divid",25,26
"predomin",25,26
"creativ",25,25
"quick",25,25
"serious",25,25
"ecolog",24,66
"spectral",24,50
"congest",24,43
"bus",24,42
"kinet",24,39
"absorb",24,38
"satellit",24,38
"neutral",24,36
"metal",24,34
"depth",24,33
"later",24,32
"multiobject",24,32
"length",24,30
"definit",24,28
"ecosystem",24,28
"steadi",24,28
"guidelin",24,27
"parametr",24,27
"pay",24,27
"shorter",24,27
"background",24,26
"express",24,26
"suit",24,26
"credit",24,25
"promin",24,24
"ultim",24,24
"rebound",23,62
"wood",23,60
"geotherm",23,46
"feedstock",23,42
"ocean",23,42
"turbul",23,41
"oxygen",23,35
"agent",23,34
"bound",23,33
"nois",23,33
"petroleum",23,33
"increment",23,32
"lifecycl",23,32
"shortag",23,31
"displac",23,30
"precipit",23,30
"hierarch",23,29
"absenc",23,28
"conceptu",23,27
"england",23,27
"swarm",23,27
"unknown",23,27
"contributor",23,26
"highresolut",23,26
"instanc",23,26
"payback",23,26
"timevari",23,26
"whose",23,26
"classic",23,25
"finit",23,25
"generic",23,25
"intend",23,25
"qualit",23,25
"rigor",23,25
"translat",23,25
"tune",23,25
"compromis",23,24
"excel",23,24
"toler",23,24
"treat",23,24
"elimin",23,23
"emphas",23,23
"nevertheless",23,23
"sciencebusi",23,23
"bioenergi",22,69
"crop",22,62
"rooftop",22,46
"soil",22,38
"basin",22,37
"contract",22,37
"nox",22,37
"percept",22,36
"thermostat",22,35
"decentr",22,34
"franc",22,34
"west",22,34
"condition",22,32
"gaussian",22,30
"conflict",22,29
"disrupt",22,29
"synthet",22,29
"river",22,28
"roll",22,28
"uptak",22,28
"differenti",22,27
"exhaust",22,27
"ideal",22,27
"markov",22,27
"twostag",22,27
"modest",22,26
"retail",22,26
"uniform",22,26
"bulk",22,25
"nomin",22,25
"portion",22,25
"propag",22,25
"candid",22,24
"energyintens",22,24
"outsid",22,24
"strength",22,24
"allevi",22,23
"eastern",22,23
"histori",22,23
"hold",22,23
"perceptron",22,23
"satisfactori",22,23
"tackl",22,23
"understood",22,23
"wider",22,23
"gather",22,22
"geometri",22,22
"heavili",22,22
"ineffici",22,22
"necess",22,22
"recycl",21,49
"moistur",21,40
"hardwar",21,36
"gasolin",21,35
"cooper",21,34
"invert",21,33
"hydroelectr",21,31
"nonrenew",21,31
"motor",21,30
"skill",21,30
"sociodemograph",21,30
"spanish",21,30
"convolut",21,28
"holist",21,28
"pilot",21,28
"discount",21,27
"sweden",21,27
"investor",21,26
"spread",21,26
"extra",21,25
"gis",21,25
"ident",21,25
"spring",21,25
"expert",21,24
"incid",21,24
"offici",21,24
"true",21,24
"budget",21,23
"dedic",21,23
"italian",21,23
"undertaken",21,23
"america",21,22
"fulfil",21,22
"merit",21,22
"otherwis",21,22
"relianc",21,22
"remark",21,22
"smallscal",21,22
"contrari",21,21
"note",21,21
"questionnair",21,21
"tailor",21,21
"underscor",21,21
"collector",20,51
"steam",20,51
"grey",20,48
"membran",20,39
"methan",20,39
"silicon",20,37
"deregul",20,34
"gwh",20,34
"airflow",20,33
"reform",20,33
"edg",20,32
"fan",20,30
"parallel",20,30
"mediterranean",20,28
"texa",20,28
"feedin",20,26
"iter",20,26
"median",20,26
"phenomenon",20,26
"scarciti",20,26
"accumul",20,25
"denmark",20,25
"execut",20,25
"frame",20,25
"particul",20,25
"stronger",20,25
"behind",20,24
"earlier",20,24
"perfect",20,24
"discret",20,23
"elev",20,23
"prepar",20,23
"inde",20,22
"stand",20,22
"acquir",20,21
"align",20,21
"characteris",20,21
"complement",20,21
"distinguish",20,21
"friend",20,21
"harmon",20,21
"inclus",20,21
"invers",20,21
"necessit",20,21
"paradigm",20,21
"recov",20,21
"diversifi",20,20
"expos",20,20
"hard",20,20
"immedi",20,20
"likelihood",20,20
"proven",20,20
"wellknown",20,20
"poverti",19,51
"covid",19,47
"flood",19,46
"wrf",19,42
"desalin",19,41
"lstm",19,39
"fault",19,37
"overh",19,37
"rotor",19,37
"privaci",19,36
"cascad",19,35
"stack",19,35
"inflow",19,34
"quantil",19,33
"miner",19,32
"mwh",19,31
"surplus",19,31
"fuzzi",19,30
"occupants’",19,30
"svm",19,30
"ration",19,29
"display",19,28
"carrier",19,27
"gate",19,27
"node",19,27
"downscal",19,26
"label",19,26
"bidirect",19,25
"coastal",19,25
"coverag",19,25
"see",19,25
"spatiotempor",19,25
"stimul",19,25
"autonom",19,24
"hypothesi",19,24
"shed",19,24
"campaign",19,23
"municip",19,23
"nitrogen",19,23
"outofsampl",19,23
"surround",19,23
"amongst",19,22
"occupi",19,22
"physicsbas",19,22
"preval",19,22
"rank",19,22
"summar",19,22
"ambiti",19,21
"broader",19,21
"categor",19,21
"ignor",19,21
"march",19,21
"mismatch",19,21
"nowaday",19,21
"scalabl",19,21
"thing",19,21
"cut",19,20
"daytim",19,20
"emit",19,20
"get",19,20
"lag",19,20
"longrang",19,20
"augment",19,19
"conjunct",19,19
"easi",19,19
"former",19,19
"park",18,48
"deposit",18,40
"fabric",18,37
"onshor",18,36
"packag",18,36
"thick",18,33
"dispos",18,31
"file",18,30
"african",18,29
"reactiv",18,29
"trip",18,29
"cointegr",18,28
"movement",18,28
"parameter",18,28
"routin",18,28
"irish",18,27
"complementari",18,26
"east",18,26
"nexus",18,26
"willing",18,26
"press",18,25
"hidden",18,23
"shock",18,23
"compet",18,22
"diurnal",18,22
"explanatori",18,22
"instantan",18,22
"juli",18,22
"pure",18,22
"sunlight",18,22
"ipcc",18,21
"maximis",18,21
"night",18,21
"novelti",18,21
"older",18,21
"canadian",18,20
"decid",18,20
"enter",18,20
"januari",18,20
"lowcost",18,20
"modelbas",18,20
"moment",18,20
"netherland",18,20
"quantif",18,20
"resolv",18,20
"setup",18,20
"sophist",18,20
"concurr",18,19
"enorm",18,19
"narrow",18,19
"fair",18,18
"latest",18,18
"matur",18,18
"neighbor",18,18
"wastewat",17,54
"turkey",17,53
"metabol",17,48
"lcoe",17,42
"daylight",17,36
"res",17,36
"firm",17,33
"gasif",17,32
"iran",17,32
"chp",17,30
"hazard",17,29
"timescal",17,29
"evapor",17,27
"spectrum",17,27
"standalon",17,27
"timeofus",17,27
"powertrain",17,26
"unpredict",17,26
"abat",17,25
"condens",17,25
"convect",17,25
"subsystem",17,25
"energyrel",17,23
"counti",17,22
"britain",17,21
"coalfir",17,21
"heurist",17,21
"phenomena",17,21
"proxi",17,21
"slope",17,21
"transpar",17,21
"york",17,21
"disaggreg",17,20
"eventu",17,20
"inventori",17,20
"wale",17,20
"arriv",17,19
"neighborhood",17,19
"nine",17,19
"plus",17,19
"priorit",17,19
"radial",17,19
"realiti",17,19
"sell",17,19
"creation",17,18
"dual",17,18
"foundat",17,18
"hundr",17,18
"mark",17,18
"fewer",17,17
"hinder",17,17
"intrins",17,17
"mutual",17,17
"safe",17,17
"dam",16,46
"der",16,44
"steel",16,39
"iot",16,36
"blend",16,31
"backup",16,28
"compressor",16,28
"fire",16,27
"hypothes",16,26
"deficit",16,25
"fresh",16,25
"gasfir",16,25
"wireless",16,25
"layout",16,24
"pso",16,24
"subset",16,24
"tropic",16,24
"villag",16,24
"inlet",16,23
"revis",16,23
"danish",16,22
"dispers",16,22
"era",16,22
"old",16,22
"payment",16,22
"campus",16,21
"inhabit",16,20
"lowenergi",16,19
"occurr",16,19
"southeast",16,19
"trigger",16,19
"halfhour",16,18
"mixedinteg",16,18
"owe",16,18
"art",16,17
"bank",16,17
"devis",16,17
"famili",16,17
"influenti",16,17
"inputoutput",16,17
"integ",16,17
"kingdom",16,17
"lie",16,17
"metropolitan",16,17
"notic",16,17
"oppos",16,17
"rare",16,17
"adjac",16,16
"alongsid",16,16
"circumst",16,16
"deeper",16,16
"drawn",16,16
"neglect",16,16
"optimist",16,16
"rest",16,16
"socal",16,16
"unfortun",16,16
"urgent",16,16
"glaze",15,45
"london",15,37
"bear",15,33
"pandem",15,33
"optic",15,29
"tilt",15,29
"break",15,27
"float",15,27
"tower",15,25
"collabor",15,24
"trace",15,24
"substrat",15,23
"mixtur",15,22
"pass",15,22
"biolog",15,21
"reanalysi",15,21
"territori",15,21
"indian",15,20
"korea",15,20
"legal",15,20
"reproduct",15,20
"trnsys",15,20
"check",15,19
"fullscal",15,19
"hydrolog",15,19
"complianc",15,18
"compound",15,18
"enterpris",15,18
"extrapol",15,18
"french",15,18
"intermedi",15,18
"partit",15,18
"agentbas",15,17
"efficaci",15,17
"fossilfuel",15,17
"minut",15,17
"unexpect",15,17
"verif",15,17
"backpropag",15,16
"chemistri",15,16
"decompos",15,16
"financ",15,16
"highperform",15,16
"inconsist",15,16
"legisl",15,16
"meanwhil",15,16
"minor",15,16
"anthropogen",15,15
"ask",15,15
"debat",15,15
"discov",15,15
"implicit",15,15
"indepth",15,15
"late",15,15
"matlab",15,15
"neglig",15,15
"readili",15,15
"regardless",15,15
"royal",15,15
"specifi",15,15
"stationari",15,15
"steadyst",15,15
"sum",15,15
"undergo",15,15
"undertak",15,15
"unpreced",15,15
"csp",14,60
"friction",14,59
"ship",14,56
"phev",14,54
"truck",14,52
"bioga",14,44
"uhi",14,44
"electrolyz",14,38
"albedo",14,33
"sky",14,32
"nwp",14,31
"hub",14,28
"hydraul",14,28
"screen",14,25
"preserv",14,24
"beij",14,23
"furnac",14,23
"hong",14,23
"kong",14,23
"proactiv",14,23
"electrolyt",14,22
"host",14,22
"render",14,22
"sink",14,22
"logic",14,21
"pipelin",14,21
"auxiliari",14,20
"cultur",14,20
"trust",14,20
"diverg",14,19
"middl",14,19
"swedish",14,19
"pool",14,18
"protocol",14,18
"rich",14,18
"scarc",14,18
"arid",14,17
"geometr",14,17
"heater",14,17
"liber",14,17
"norway",14,17
"shortrun",14,17
"temper",14,17
"cleaner",14,16
"dispar",14,16
"graphic",14,16
"mile",14,16
"nonparametr",14,16
"obvious",14,16
"outlook",14,16
"pursu",14,16
"sequenti",14,16
"sharp",14,16
"civil",14,15
"dens",14,15
"exercis",14,15
"interdepend",14,15
"momentum",14,15
"sole",14,15
"unless",14,15
"academi",14,14
"accompani",14,14
"accomplish",14,14
"brought",14,14
"council",14,14
"diminish",14,14
"greec",14,14
"grown",14,14
"herein",14,14
"idea",14,14
"inevit",14,14
"licenc",14,14
"none",14,14
"quadrat",14,14
"replic",14,14
"springerverlag",14,14
"suffer",14,14
"summari",14,14
"wake",13,49
"iron",13,37
"ice",13,34
"pakistan",13,34
"kuwait",13,29
"illumin",13,28
"irrig",13,27
"ccs",13,26
"commod",13,25
"compact",13,22
"downstream",13,21
"labor",13,21
"nighttim",13,21
"micro",13,20
"variant",13,20
"wet",13,20
"leakag",13,19
"restor",13,19
"flat",13,18
"overhead",13,18
"semiconductor",13,18
"xgboost",13,18
"criterion",13,17
"endogen",13,17
"forese",13,17
"manual",13,17
"mission",13,17
"monetari",13,17
"mount",13,17
"polynomi",13,17
"request",13,17
"roadmap",13,17
"thin",13,17
"anomali",13,16
"april",13,16
"buse",13,16
"interview",13,16
"mae",13,16
"portug",13,16
"twodimension",13,16
"weekday",13,16
"encount",13,15
"loop",13,15
"oscil",13,15
"princip",13,15
"repeat",13,15
"threat",13,15
"vote",13,15
"aforement",13,14
"briefli",13,14
"continent",13,14
"drastic",13,14
"entail",13,14
"justifi",13,14
"learningbas",13,14
"necessarili",13,14
"plausibl",13,14
"simulationbas",13,14
"strain",13,14
"thousand",13,14
"assembl",13,13
"board",13,13
"closer",13,13
"ever",13,13
"exclud",13,13
"fine",13,13
"gmbh",13,13
"latent",13,13
"levelis",13,13
"mention",13,13
"prevail",13,13
"pronounc",13,13
"thorough",13,13
"unabl",13,13
"unifi",13,13
"upcom",13,13
"accid",12,29
"dsm",12,28
"actor",12,25
"asia",12,24
"iso",12,23
"supplier",12,22
"tripl",12,22
"vapor",12,22
"cnn",12,21
"miss",12,21
"crude",12,20
"shear",12,20
"acid",12,18
"band",12,18
"cultiv",12,18
"post",12,18
"svr",12,18
"aggress",12,17
"diagnost",12,17
"procur",12,17
"coincid",12,16
"contamin",12,16
"dollar",12,16
"milp",12,16
"trial",12,16
"twin",12,16
"diamet",12,15
"foreign",12,15
"habit",12,15
"induct",12,15
"lithiumion",12,15
"opposit",12,15
"settlement",12,15
"sitespecif",12,15
"acquisit",12,14
"biggest",12,14
"charter",12,14
"conting",12,14
"crosssect",12,14
"korean",12,14
"lost",12,14
"multilevel",12,14
"pace",12,14
"permeabl",12,14
"postprocess",12,14
"sequestr",12,14
"societ",12,14
"supervis",12,14
"academ",12,13
"adequaci",12,13
"bottom",12,13
"closur",12,13
"deterior",12,13
"dimension",12,13
"inadequ",12,13
"inner",12,13
"mesoscal",12,13
"ministri",12,13
"smallest",12,13
"threedimension",12,13
"upward",12,13
"appar",12,12
"belief",12,12
"believ",12,12
"crossvalid",12,12
"curb",12,12
"drawback",12,12
"exacerb",12,12
"harm",12,12
"homogen",12,12
"intergovernment",12,12
"kalman",12,12
"lab",12,12
"meaning",12,12
"republ",12,12
"simpler",12,12
"transact",12,12
"unrestrict",12,12
"fish",11,46
"workload",11,35
"façad",11,31
"pack",11,30
"rcp",11,27
"effluent",11,24
"selfconsumpt",11,24
"cook",11,23
"server",11,22
"underground",11,22
"bootstrap",11,21
"habitat",11,21
"mill",11,20
"batch",11,19
"pmv",11,19
"soc",11,19
"kernel",11,18
"runtim",11,17
"surviv",11,17
"worst",11,17
"bed",11,16
"job",11,16
"multizon",11,16
"offpeak",11,16
"topdown",11,16
"trough",11,16
"feedforward",11,15
"motion",11,15
"pari",11,15
"perturb",11,15
"reject",11,15
"selfsuffici",11,15
"stop",11,15
"sun",11,15
"unavail",11,15
"zealand",11,15
"biodivers",11,14
"bridg",11,14
"census",11,14
"claim",11,14
"default",11,14
"head",11,14
"latitud",11,14
"nonresidenti",11,14
"onboard",11,14
"radic",11,14
"shallow",11,14
"swing",11,14
"typolog",11,14
"upstream",11,14
"arrang",11,13
"compli",11,13
"defici",11,13
"diagnosi",11,13
"downward",11,13
"guidanc",11,13
"landscap",11,13
"northwest",11,13
"recognis",11,13
"tendenc",11,13
"throughput",11,13
"unchang",11,13
"uncontrol",11,13
"usabl",11,13
"visibl",11,13
"announc",11,12
"aspen",11,12
"byproduct",11,12
"encompass",11,12
"hightemperatur",11,12
"list",11,12
"manipul",11,12
"morn",11,12
"neighbour",11,12
"offlin",11,12
"quarter",11,12
"react",11,12
"sometim",11,12
"utilityscal",11,12
"acknowledg",11,11
"consecut",11,11
"counterpart",11,11
"easier",11,11
"elabor",11,11
"har",11,11
"heatingcool",11,11
"hope",11,11
"httpcreativecommonsorglicensesbi",11,11
"hypothet",11,11
"iaee",11,11
"imper",11,11
"incentiv",11,11
"knearest",11,11
"lifestyl",11,11
"onto",11,11
"ordinari",11,11
"perhap",11,11
"player",11,11
"suscept",11,11
"tou",10,36
"exergi",10,32
"ammonia",10,31
"embodi",10,30
"taiwan",10,30
"thailand",10,26
"coat",10,25
"refurbish",10,25
"thermoelectr",10,24
"terrain",10,23
"hospit",10,22
"film",10,21
"stlf",10,21
"chile",10,20
"rnn",10,20
"ghana",10,19
"heavyduti",10,19
"pariti",10,19
"covari",10,18
"port",10,18
"zonal",10,18
"cyprus",10,17
"mlp",10,17
"regener",10,17
"seawat",10,17
"ceil",10,16
"degreeday",10,16
"duti",10,16
"energyus",10,16
"street",10,16
"surg",10,16
" °c",10,15
"ashra",10,15
"buyer",10,15
"chill",10,15
"cogener",10,15
"corridor",10,15
"cross",10,15
"formula",10,15
"inertia",10,15
"neuron",10,15
"pipe",10,15
"planet",10,15
"rail",10,15
"rainfal",10,15
"buildings’",10,14
"highfrequ",10,14
"hydrodynam",10,14
"impuls",10,14
"intak",10,14
"multicriteria",10,14
"osmosi",10,14
"porous",10,14
"profession",10,14
"rotat",10,14
"spin",10,14
"subtrop",10,14
"terrestri",10,14
"upscal",10,14
"anim",10,13
"ant",10,13
"baseload",10,13
"lightduti",10,13
"linkag",10,13
"multifamili",10,13
"powergener",10,13
"san",10,13
"session",10,13
"veget",10,13
"atlant",10,12
"burn",10,12
"confin",10,12
"electrifi",10,12
"gender",10,12
"inaccur",10,12
"mandat",10,12
"norm",10,12
"push",10,12
"pvs",10,12
"rulebas",10,12
"satur",10,12
"wellb",10,12
"asm",10,11
"autocorrel",10,11
"climatolog",10,11
"dissip",10,11
"emitt",10,11
"incomplet",10,11
"irregular",10,11
"outlet",10,11
"topographi",10,11
"twice",10,11
"viewpoint",10,11
"vision",10,11
"answer",10,10
"architect",10,10
"becam",10,10
"belgium",10,10
"breakthrough",10,10
"brief",10,10
"british",10,10
"cyclic",10,10
"disast",10,10
"distort",10,10
"eas",10,10
"explan",10,10
"foreseen",10,10
"healthi",10,10
"ineffect",10,10
"insignific",10,10
"inspir",10,10
"machinelearn",10,10
"macro",10,10
"organis",10,10
"overlook",10,10
"paramount",10,10
"pivot",10,10
"possess",10,10
"preprocess",10,10
"reallif",10,10
"retain",10,10
"shortcom",10,10
"strive",10,10
"unclear",10,10
"wherebi",10,10
"barrag",9,46
"bev",9,36
"snow",9,28
"epc",9,27
"concret",9,26
"ion",9,26
"actuat",9,25
"aerat",9,22
"electrolys",9,22
"freight",9,22
"salt",9,22
"bandwidth",9,21
"estuari",9,21
"microclim",9,21
"synga",9,21
"geospati",9,20
"archetyp",9,19
"dissolv",9,19
"pitch",9,19
"plug",9,19
"euro",9,18
"fragment",9,18
"eui",9,17
"beam",9,16
"drought",9,16
"acidif",9,15
"cement",9,15
"cent",9,15
"imageri",9,15
"insitu",9,15
"bay",9,14
"freshwat",9,14
"holtwint",9,14
"suppress",9,14
"synergi",9,14
"geolog",9,13
"granger",9,13
"infrar",9,13
"nordic",9,13
"norwegian",9,13
"parti",9,13
"retir",9,13
"usd",9,13
"wash",9,13
"wavelet",9,13
"audit",9,12
"citizen",9,12
"crystallin",9,12
"diseas",9,12
"fertil",9,12
"provinci",9,12
"reconstruct",9,12
"singlefamili",9,12
"spike",9,12
"supervisori",9,12
"supplementari",9,12
"toxic",9,12
"univari",9,12
"welfar",9,12
"approv",9,11
"assign",9,11
"away",9,11
"bedroom",9,11
"berlin",9,11
"cap",9,11
"contact",9,11
"dutch",9,11
"hourahead",9,11
"inclin",9,11
"interrupt",9,11
"lot",9,11
"mild",9,11
"overlap",9,11
"predefin",9,11
"shave",9,11
"spent",9,11
"warmer",9,11
"asymmetri",9,10
"buy",9,10
"cheaper",9,10
"entiti",9,10
"fastgrow",9,10
"februari",9,10
"fed",9,10
"florida",9,10
"focuss",9,10
"hydrocarbon",9,10
"oblig",9,10
"oecd",9,10
"pictur",9,10
"plastic",9,10
"sensibl",9,10
"simpli",9,10
"somewhat",9,10
"soon",9,10
"sudden",9,10
"sunshin",9,10
"thank",9,10
"thought",9,10
"uncov",9,10
"unsupervis",9,10
"windpow",9,10
"august",9,9
"breakdown",9,9
"decemb",9,9
"disadvantag",9,9
"exact",9,9
"fashion",9,9
"leav",9,9
"left",9,9
"logarithm",9,9
"nearbi",9,9
"neither",9,9
"ontario",9,9
"paid",9,9
"practition",9,9
"preced",9,9
"profound",9,9
"prolifer",9,9
"psycholog",9,9
"recognit",9,9
"skew",9,9
"style",9,9
"tight",9,9
"town",9,9
"transmit",9,9
"tremend",9,9
"underlin",9,9
"pellet",8,41
"ict",8,34
"pcm",8,31
"dust",8,30
"mountain",8,30
"neighbourhood",8,25
"lockdown",8,22
"cloth",8,20
"digest",8,20
"inequ",8,20
"cloudi",8,19
"photon",8,19
"blind",8,17
"brake",8,17
"lightweight",8,17
"sediment",8,17
"surrog",8,17
"deform",8,16
"polar",8,16
"anfi",8,15
"blackout",8,15
"runoff",8,15
"storm",8,15
"certifi",8,14
"malaysia",8,14
"spend",8,14
"white",8,14
"bond",8,13
"discomfort",8,13
"ghgs",8,13
"longitudin",8,13
"synthesi",8,13
"caviti",8,12
"entri",8,12
"facad",8,12
"finland",8,12
"geographi",8,12
"hdd",8,12
"imperfect",8,12
"robot",8,12
"synchron",8,12
"testb",8,12
"transistor",8,12
"automot",8,11
"count",8,11
"decentralis",8,11
"enclosur",8,11
"liquefi",8,11
"mask",8,11
"migrat",8,11
"onedimension",8,11
"plane",8,11
"queensland",8,11
"sarima",8,11
"shadow",8,11
"stratifi",8,11
"took",8,11
"trader",8,11
"alkalin",8,10
"coe",8,10
"electrod",8,10
"fold",8,10
"foster",8,10
"multiscal",8,10
"multistag",8,10
"npv",8,10
"offgrid",8,10
"opensourc",8,10
"piec",8,10
"proposit",8,10
"regist",8,10
"sound",8,10
"suspend",8,10
"worstcas",8,10
"absorpt",8,9
"amplitud",8,9
"ardl",8,9
"austin",8,9
"binari",8,9
"boom",8,9
"camera",8,9
"contemporari",8,9
"enact",8,9
"frontier",8,9
"grand",8,9
"happen",8,9
"japanes",8,9
"justif",8,9
"know",8,9
"latenc",8,9
"maritim",8,9
"mediumrang",8,9
"mse",8,9
"nearterm",8,9
"neurofuzzi",8,9
"oneyear",8,9
"onoff",8,9
"probe",8,9
"readi",8,9
"realis",8,9
"secondord",8,9
"shutdown",8,9
"strengthen",8,9
"till",8,9
"weekend",8,9
"afterward",8,8
"backward",8,8
"coher",8,8
"corpor",8,8
"costeffici",8,8
"detector",8,8
"dictat",8,8
"elsewher",8,8
"enforc",8,8
"envis",8,8
"escal",8,8
"fifth",8,8
"hamper",8,8
"indispens",8,8
"informa",8,8
"intensifi",8,8
"intuit",8,8
"journal",8,8
"lesser",8,8
"machineri",8,8
"mid",8,8
"mimic",8,8
"modular",8,8
"own",8,8
"pave",8,8
"pearson",8,8
"prone",8,8
"proof",8,8
"proxim",8,8
"recurs",8,8
"rootmeansquar",8,8
"round",8,8
"simplic",8,8
"sold",8,8
"southwestern",8,8
"spite",8,8
"strict",8,8
"suboptim",8,8
"surpass",8,8
"tertiari",8,8
"unstabl",8,8
"upfront",8,8
"uptod",8,8
"width",8,8
"pev",7,45
"dairi",7,28
"foul",7,28
"steer",7,28
"smoke",7,27
"crack",7,24
"minigrid",7,24
"auction",7,22
"dryer",7,22
"plasma",7,21
"gru",7,20
"turkish",7,20
"iaq",7,19
"ran",7,19
"lithium",7,18
"aerosol",7,17
"rock",7,17
"tandem",7,17
"vre",7,17
"anaerob",7,16
"earthquak",7,16
"precool",7,16
"anxieti",7,15
"black",7,15
"decoupl",7,15
"fractur",7,15
"gwp",7,15
"coke",7,14
"aibas",7,13
"electrochem",7,13
"ess",7,13
"insol",7,13
"interior",7,13
"lump",7,13
"satisfact",7,13
"adult",7,12
"coil",7,12
"evolutionari",7,12
"fatigu",7,12
"hurrican",7,12
"iea",7,12
"lng",7,12
"plate",7,12
"propuls",7,12
"shanghai",7,12
"sociotechn",7,12
"canopi",7,11
"chiller",7,11
"complementar",7,11
"economywid",7,11
"glass",7,11
"netzero",7,11
"placement",7,11
"polym",7,11
"situ",7,11
"student",7,11
"waterenergi",7,11
"autumn",7,10
"bottleneck",7,10
"coloni",7,10
"cruis",7,10
"elm",7,10
"energydemand",7,10
"farmer",7,10
"gaseous",7,10
"hedg",7,10
"hierarchi",7,10
"iberian",7,10
"interdisciplinari",7,10
"nonuniform",7,10
"outer",7,10
"overpredict",7,10
"pjm",7,10
"pretreat",7,10
"radio",7,10
"sensat",7,10
"sydney",7,10
"systemwid",7,10
"walk",7,10
"aerial",7,9
"belong",7,9
"fiscal",7,9
"hindcast",7,9
"holiday",7,9
"lowpow",7,9
"mainland",7,9
"microscop",7,9
"midcenturi",7,9
"nodal",7,9
"prime",7,9
"remedi",7,9
"scaleup",7,9
"spars",7,9
"startup",7,9
"sulfur",7,9
"timedepend",7,9
"timefram",7,9
"ushap",7,9
"abnorm",7,8
"aircondition",7,8
"analog",7,8
"apprais",7,8
"aspir",7,8
"aviat",7,8
"buffer",7,8
"calendar",7,8
"cours",7,8
"detach",7,8
"drift",7,8
"ecmwf",7,8
"foresight",7,8
"fourier",7,8
"hygrotherm",7,8
"imped",7,8
"impress",7,8
"inaccuraci",7,8
"interannu",7,8
"kerosen",7,8
"logit",7,8
"mainstream",7,8
"mediumterm",7,8
"multi",7,8
"navig",7,8
"nondispatch",7,8
"nondomest",7,8
"nrel",7,8
"pareto",7,8
"peninsula",7,8
"prompt",7,8
"selfreport",7,8
"sign",7,8
"strongest",7,8
"subhour",7,8
"uvalu",7,8
"washington",7,8
"wellestablish",7,8
"annum",7,7
"attenu",7,7
"avenu",7,7
"behalf",7,7
"casestudi",7,7
"catalyt",7,7
"cheap",7,7
"cite",7,7
"combat",7,7
"comment",7,7
"compat",7,7
"competitor",7,7
"confer",7,7
"consolid",7,7
"cooler",7,7
"corrobor",7,7
"depict",7,7
"detriment",7,7
"disregard",7,7
"dissatisfi",7,7
"dordrecht",7,7
"envisag",7,7
"evidenc",7,7
"evidencebas",7,7
"firstord",7,7
"fourth",7,7
"front",7,7
"futurist",7,7
"heidelberg",7,7
"held",7,7
"higheffici",7,7
"highenergi",7,7
"highqual",7,7
"inelast",7,7
"inhibit",7,7
"instabl",7,7
"intertempor",7,7
"irrevers",7,7
"kept",7,7
"kilomet",7,7
"kmean",7,7
"letter",7,7
"merg",7,7
"multipli",7,7
"nonetheless",7,7
"onethird",7,7
"opinion",7,7
"pacif",7,7
"partload",7,7
"penal",7,7
"plot",7,7
"pre",7,7
"prerequisit",7,7
"read",7,7
"retrospect",7,7
"reus",7,7
"sacrif",7,7
"singapor",7,7
"straightforward",7,7
"stringent",7,7
"synthes",7,7
"team",7,7
"think",7,7
"timeconsum",7,7
"twenti",7,7
"twofold",7,7
"unrealist",7,7
"users’",7,7
"valley",7,7
"vehicletogrid",7,7
"versatil",7,7
"webbas",7,7
"stove",6,33
"pavement",6,32
"bifaci",6,26
"vessel",6,25
"infiltr",6,22
"nao",6,21
"aircraft",6,20
"ethanol",6,20
"severn",6,19
"vacuum",6,19
"coeq",6,18
"defect",6,18
"lcoh",6,18
"patent",6,17
"school",6,17
"cmos",6,16
"groundwat",6,16
"nem",6,16
"redispatch",6,16
"saudi",6,16
"influent",6,15
"prosum",6,15
"supermarket",6,15
"kwhm",6,14
"perman",6,14
"trait",6,14
"ash",6,13
"male",6,13
"miscanthus",6,13
"wec",6,13
"adsorpt",6,12
"arabia",6,12
"blast",6,12
"brackish",6,12
"costbenefit",6,12
"encapsul",6,12
"mtoe",6,12
"tenant",6,12
"tide",6,12
"uganda",6,12
"withdraw",6,12
"arma",6,11
"bird",6,11
"fusion",6,11
"icev",6,11
"lignit",6,11
"morpholog",6,11
"nest",6,11
"parabol",6,11
"proenvironment",6,11
"vibrat",6,11
"wheel",6,11
"airtight",6,10
"aquif",6,10
"bestfit",6,10
"building’",6,10
"bulb",6,10
"homeown",6,10
"log",6,10
"narx",6,10
"parasit",6,10
"percapita",6,10
"supplysid",6,10
"transmitt",6,10
"trillion",6,10
"atlas",6,9
"combustor",6,9
"crystal",6,9
"doe",6,9
"emul",6,9
"gasifi",6,9
"lidar",6,9
"mlr",6,9
"multiyear",6,9
"nowcast",6,9
"onroad",6,9
"postretrofit",6,9
"qos",6,9
"recircul",6,9
"seal",6,9
"slide",6,9
"stem",6,9
"synergist",6,9
"urgenc",6,9
"wildlif",6,9
"alloy",6,8
"aluminum",6,8
"angel",6,8
"asian",6,8
"catalyst",6,8
"coars",6,8
"cobenefit",6,8
"cognit",6,8
"consumers’",6,8
"descriptor",6,8
"destin",6,8
"diagram",6,8
"durabl",6,8
"energyconsumpt",6,8
"eus",6,8
"gaug",6,8
"gear",6,8
"greek",6,8
"hotspot",6,8
"households’",6,8
"los",6,8
"megawatt",6,8
"modal",6,8
"molecular",6,8
"portugues",6,8
"preretrofit",6,8
"revolut",6,8
"rsquar",6,8
"semiarid",6,8
"sex",6,8
"shorten",6,8
"showcas",6,8
"unbalanc",6,8
"unreli",6,8
"voluntari",6,8
"workplac",6,8
"acut",6,7
"afternoon",6,7
"algeria",6,7
"athen",6,7
"conduc",6,7
"discourag",6,7
"dissemin",6,7
"drink",6,7
"eia",6,7
"exterior",6,7
"factori",6,7
"freedom",6,7
"fruit",6,7
"hit",6,7
"incentivis",6,7
"insampl",6,7
"knn",6,7
"lasso",6,7
"monoxid",6,7
"nationwid",6,7
"nextgener",6,7
"nich",6,7
"northwestern",6,7
"octob",6,7
"poland",6,7
"polymer",6,7
"postcombust",6,7
"priori",6,7
"prognost",6,7
"prohibit",6,7
"proton",6,7
"realloc",6,7
"reconcil",6,7
"repair",6,7
"santa",6,7
"shop",6,7
"singlephas",6,7
"supercrit",6,7
"swiss",6,7
"tabl",6,7
"terrac",6,7
"thermochem",6,7
"threaten",6,7
"women",6,7
"absent",6,6
"abstract",6,6
"agenda",6,6
"arbitrari",6,6
"articul",6,6
"assur",6,6
"asymmetr",6,6
"automobil",6,6
"belgian",6,6
"bench",6,6
"bivari",6,6
"branch",6,6
"broaden",6,6
"carbonfre",6,6
"carbonneutr",6,6
"cash",6,6
"confront",6,6
"consensus",6,6
"consult",6,6
"counteract",6,6
"credibl",6,6
"crown",6,6
"cubic",6,6
"daytoday",6,6
"decay",6,6
"deem",6,6
"deliber",6,6
"departur",6,6
"devot",6,6
"exemplari",6,6
"fastest",6,6
"fell",6,6
"gave",6,6
"generaliz",6,6
"globe",6,6
"gps",6,6
"gulf",6,6
"highlevel",6,6
"ibpsa",6,6
"interfer",6,6
"interrel",6,6
"item",6,6
"june",6,6
"latin",6,6
"lesson",6,6
"likewis",6,6
"macrolevel",6,6
"mediums",6,6
"microeconom",6,6
"model’",6,6
"modelpredict",6,6
"money",6,6
"mpcbase",6,6
"networkbas",6,6
"non",6,6
"nonstationari",6,6
"outweigh",6,6
"overwhelm",6,6
"pertain",6,6
"pessimist",6,6
"polish",6,6
"premis",6,6
"pursuit",6,6
"remuner",6,6
"retriev",6,6
"row",6,6
"said",6,6
"scatter",6,6
"shortcircuit",6,6
"shortfal",6,6
"shrink",6,6
"smoother",6,6
"sought",6,6
"stay",6,6
"steadili",6,6
"subsaharan",6,6
"suppos",6,6
"systemlevel",6,6
"tech",6,6
"tractabl",6,6
"tube",6,6
"undermin",6,6
"unidirect",6,6
"vehicular",6,6
"wileyvch",6,6
"wit",6,6
"worsen",6,6
"younger",6,6
"cav",5,35
"dni",5,24
"ozon",5,23
"bes",5,17
"lamp",5,17
"mgs",5,17
"pem",5,17
"€mwh",5,16
"microchp",5,16
"cathod",5,15
"tes",5,15
"nmpc",5,13
"solvent",5,13
"baltic",5,12
"bss",5,12
"closedloop",5,12
"collis",5,12
"igcc",5,12
"sofc",5,12
"twhyear",5,12
"uranium",5,12
"atom",5,11
"attack",5,11
"bem",5,11
"buoy",5,11
"caribbean",5,11
"charcoal",5,11
"destruct",5,11
"feeder",5,11
"flight",5,11
"merra",5,11
"amazon",5,10
"blockchain",5,10
"cargo",5,10
"ignit",5,10
"magnet",5,10
"phosphorus",5,10
"premium",5,10
"propens",5,10
"puls",5,10
"pyrolysi",5,10
"rear",5,10
"sap",5,10
"streamflow",5,10
"tip",5,10
"anod",5,9
"biorefineri",5,9
"bpnn",5,9
"cape",5,9
"cnns",5,9
"death",5,9
"english",5,9
"ethiopia",5,9
"forag",5,9
"herd",5,9
"hydrotherm",5,9
"journey",5,9
"kwhyear",5,9
"multienergi",5,9
"obstacl",5,9
"overload",5,9
"phone",5,9
"processor",5,9
"spark",5,9
"substat",5,9
" mw",5,8
"altitud",5,8
"auto",5,8
"bar",5,8
"cambridg",5,8
"classroom",5,8
"compart",5,8
"copper",5,8
"coproduct",5,8
"cvrmse",5,8
"decommiss",5,8
"derat",5,8
"dummi",5,8
"excit",5,8
"hubheight",5,8
"hyperparamet",5,8
"lake",5,8
"lpg",5,8
"lubric",5,8
"moor",5,8
"notion",5,8
"obstruct",5,8
"onset",5,8
"parsimoni",5,8
"peripher",5,8
"powertoga",5,8
"rankin",5,8
"setback",5,8
"shandong",5,8
"statelevel",5,8
"submodel",5,8
"sunni",5,8
"turnov",5,8
" km",5,7
"ami",5,7
"anomal",5,7
"bioclimat",5,7
"biomassbas",5,7
"broadband",5,7
"cohes",5,7
"colombia",5,7
"column",5,7
"contin",5,7
"crossbord",5,7
"demandrespons",5,7
"dnn",5,7
"door",5,7
"downturn",5,7
"estat",5,7
"exant",5,7
"georgia",5,7
"hemispher",5,7
"inus",5,7
"master",5,7
"multicollinear",5,7
"nearshor",5,7
"polycrystallin",5,7
"rack",5,7
"railway",5,7
"recharg",5,7
"regen",5,7
"reset",5,7
"reynold",5,7
"russia",5,7
"sem",5,7
"seoul",5,7
"smartphon",5,7
"spectra",5,7
"storey",5,7
"suburban",5,7
"synopt",5,7
"torqu",5,7
"advic",5,6
"alaska",5,6
"altogeth",5,6
"amplifi",5,6
"archiv",5,6
"award",5,6
"axi",5,6
"bms",5,6
"box",5,6
"cellular",5,6
"contextu",5,6
"costoptim",5,6
"cpu",5,6
"cylind",5,6
"demandsuppli",5,6
"disord",5,6
"divis",5,6
"downtim",5,6
"drill",5,6
"equiti",5,6
"ercot",5,6
"everyday",5,6
"fluidiz",5,6
"generalis",5,6
"government",5,6
"grade",5,6
"granular",5,6
"graph",5,6
"groundmount",5,6
"hottest",5,6
"inspect",5,6
"instruct",5,6
"intersect",5,6
"join",5,6
"landus",5,6
"leadership",5,6
"liberalis",5,6
"librari",5,6
"lowincom",5,6
"lowtemperatur",5,6
"marketbas",5,6
"matric",5,6
"messag",5,6
"mexico",5,6
"multidimension",5,6
"multiphys",5,6
"nativ",5,6
"nonconvex",5,6
"noon",5,6
"partnership",5,6
"passag",5,6
"percentil",5,6
"physiolog",5,6
"reconfigur",5,6
"reducedord",5,6
"regressionbas",5,6
"restructur",5,6
"riski",5,6
"rome",5,6
"sand",5,6
"satellitebas",5,6
"serial",5,6
"smartmet",5,6
"soft",5,6
"spline",5,6
"statement",5,6
"struggl",5,6
"subnat",5,6
"subtract",5,6
"systems’",5,6
"tap",5,6
"televis",5,6
"thermomechan",5,6
"threephas",5,6
"unconvent",5,6
"uniti",5,6
"urbanis",5,6
"ablat",5,5
"airport",5,5
"alberta",5,5
"algebra",5,5
"amen",5,5
"apertur",5,5
"appeal",5,5
"appreci",5,5
"arm",5,5
"backbon",5,5
"bad",5,5
"began",5,5
"bristol",5,5
"bureau",5,5
"canon",5,5
"carbonintens",5,5
"cater",5,5
"ceram",5,5
"chanc",5,5
"circular",5,5
"columbia",5,5
"commensur",5,5
"compel",5,5
"compil",5,5
"constitu",5,5
"convey",5,5
"countryspecif",5,5
"crossov",5,5
"crowd",5,5
"deepli",5,5
"delin",5,5
"designmethodologyapproach",5,5
"dew",5,5
"diod",5,5
"disappear",5,5
"diversif",5,5
"ecofriend",5,5
"egypt",5,5
"elucid",5,5
"emerald",5,5
"emphasis",5,5
"energyconsum",5,5
"exert",5,5
"expost",5,5
"freeli",5,5
"geopolit",5,5
"gisbas",5,5
"grain",5,5
"harsh",5,5
"highincom",5,5
"idl",5,5
"impedi",5,5
"inabl",5,5
"incur",5,5
"inexpens",5,5
"intensif",5,5
"jeopard",5,5
"jurisdict",5,5
"kwp",5,5
"leader",5,5
"legaci",5,5
"len",5,5
"mandatori",5,5
"manifest",5,5
"manuscript",5,5
"maryland",5,5
"mortal",5,5
"nonfossil",5,5
"nonintrus",5,5
"northeast",5,5
"offdesign",5,5
"onpeak",5,5
"originalityvalu",5,5
"outstand",5,5
"over",5,5
"overfit",5,5
"pastur",5,5
"permiss",5,5
"polic",5,5
"portabl",5,5
"queen",5,5
"red",5,5
"ridg",5,5
"scenariobas",5,5
"semiparametr",5,5
"sent",5,5
"sharpli",5,5
"sort",5,5
"statewid",5,5
"stepwis",5,5
"stockholm",5,5
"subsector",5,5
"summertim",5,5
"supplydemand",5,5
"surpris",5,5
"tension",5,5
"theme",5,5
"twelv",5,5
"twopart",5,5
"twothird",5,5
"unanticip",5,5
"underpredict",5,5
"unmet",5,5
"untap",5,5
"volumetr",5,5
"welltowheel",5,5
"wise",5,5
"word",5,5
"wors",5,5
"xray",5,5
"zerocarbon",5,5
"milk",4,37
"pond",4,22
"wildfir",4,22
"protein",4,21
"rps",4,21
"dhw",4,18
"ieq",4,18
"brain",4,16
"msw",4,16
"sodium",4,15
"hev",4,14
"ssa",4,14
"vapour",4,13
"vmt",4,13
"bess",4,12
"bipv",4,12
"cabinet",4,12
"dcs",4,12
"lagrangian",4,12
"timet",4,12
"coemiss",4,11
"gamma",4,11
"normalis",4,11
"ore",4,11
"ret",4,11
"ashp",4,10
"biodiesel",4,10
"ecm",4,10
"grass",4,10
"hawaii",4,10
"medic",4,10
"oklahoma",4,10
"redox",4,10
"seismic",4,10
"sludg",4,10
"tire",4,10
"watt",4,10
"breakeven",4,9
"cdd",4,9
"chilean",4,9
"escap",4,9
"filtrat",4,9
"lagoon",4,9
"lanka",4,9
"liter",4,9
"ppd",4,9
"radiant",4,9
"sri",4,9
"sugar",4,9
"tce",4,9
"telecommun",4,9
"vintag",4,9
"bind",4,8
"cast",4,8
"hps",4,8
"landbas",4,8
"lowvoltag",4,8
"npp",4,8
"nzeb",4,8
"pdf",4,8
"perovskit",4,8
"salin",4,8
"skin",4,8
"stir",4,8
"woodi",4,8
"acoust",4,7
"aep",4,7
"ambit",4,7
"aqueous",4,7
"bcm",4,7
"bioenerget",4,7
"cge",4,7
"children",4,7
"croatian",4,7
"deliver",4,7
"diego",4,7
"dose",4,7
"ferc",4,7
"fiber",4,7
"fibr",4,7
"finnish",4,7
"fli",4,7
"fukushima",4,7
"gcm",4,7
"ghz",4,7
"hydrolysi",4,7
"injuri",4,7
"lookahead",4,7
"mem",4,7
"microwav",4,7
"multijunct",4,7
"novemb",4,7
"pixel",4,7
"rebat",4,7
"rehabilit",4,7
"sae",4,7
"speech",4,7
"twoway",4,7
"affluenc",4,6
"attach",4,6
"autonomi",4,6
"bangladesh",4,6
"cardiffweston",4,6
"cart",4,6
"chamber",4,6
"cofir",4,6
"cop",4,6
"cyclon",4,6
"czech",4,6
"declar",4,6
"distil",4,6
"earliest",4,6
"ecuador",4,6
"ecuadorian",4,6
"encod",4,6
"energyawar",4,6
"energyeconomi",4,6
"epbd",4,6
"finegrain",4,6
"fragil",4,6
"freezer",4,6
"fuse",4,6
"gam",4,6
"geochem",4,6
"hothumid",4,6
"householdlevel",4,6
"kyoto",4,6
"metro",4,6
"mtce",4,6
"multimodel",4,6
"multistep",4,6
"normat",4,6
"nutrient",4,6
"outlier",4,6
"par",4,6
"petrol",4,6
"rent",4,6
"rnns",4,6
"septemb",4,6
"sit",4,6
"sleep",4,6
"slower",4,6
"solartohydrogen",4,6
"spacetim",4,6
"specul",4,6
"spill",4,6
"steelmak",4,6
"timestep",4,6
"today’",4,6
"twolay",4,6
"twostep",4,6
"valor",4,6
"violat",4,6
"vortic",4,6
"washer",4,6
"wrong",4,6
" year",4,5
"abrupt",4,5
"adversari",4,5
"archipelago",4,5
"argentina",4,5
"arizona",4,5
"asymptot",4,5
"bilevel",4,5
"burgeon",4,5
"cabl",4,5
"capex",4,5
"clarifi",4,5
"climateinduc",4,5
"commercialscal",4,5
"conform",4,5
"controversi",4,5
"crise",4,5
"deflect",4,5
"demolit",4,5
"disconnect",4,5
"dishwash",4,5
"disproportion",4,5
"elicit",4,5
"endow",4,5
"enjoy",4,5
"estonia",4,5
"eutroph",4,5
"exit",4,5
"exploratori",4,5
"expon",4,5
"firstprincipl",4,5
"forestri",4,5
"fuelbas",4,5
"fuell",4,5
"gass",4,5
"gigawatt",4,5
"grangercaus",4,5
"greener",4,5
"groundbas",4,5
"heatwav",4,5
"highpressur",4,5
"hole",4,5
"individuals’",4,5
"industrialis",4,5
"interplay",4,5
"invent",4,5
"jump",4,5
"leaf",4,5
"lever",4,5
"manageri",4,5
"microscopi",4,5
"midpoint",4,5
"monocrystallin",4,5
"nasa",4,5
"nontechn",4,5
"opt",4,5
"patient",4,5
"phaseout",4,5
"photosynthet",4,5
"pid",4,5
"piezoelectr",4,5
"planetari",4,5
"plantat",4,5
"plus®",4,5
"poorer",4,5
"postoccup",4,5
"precursor",4,5
"prescrib",4,5
"presentday",4,5
"privacypreserv",4,5
"proceed",4,5
"puriti",4,5
"quantum",4,5
"radius",4,5
"rcps",4,5
"rectifi",4,5
"refineri",4,5
"relax",4,5
"rippl",4,5
"russian",4,5
"stagnat",4,5
"standardis",4,5
"submicron",4,5
"succeed",4,5
"sugarcan",4,5
"termin",4,5
"threestep",4,5
"timeshift",4,5
"traction",4,5
"trail",4,5
"tsos",4,5
"unintend",4,5
"unman",4,5
"urbanscal",4,5
"utmost",4,5
"versa",4,5
"vice",4,5
"welldesign",4,5
"zeroenergi",4,5
" kw",4,4
"academia",4,4
"accru",4,4
"actorcrit",4,4
"administ",4,4
"advent",4,4
"advis",4,4
"advisor",4,4
"ago",4,4
"allelectr",4,4
"amelior",4,4
"analyst",4,4
"arguabl",4,4
"ascend",4,4
"asid",4,4
"assimil",4,4
"astronom",4,4
"bag",4,4
"begun",4,4
"behav",4,4
"behindthemet",4,4
"buildinglevel",4,4
"came",4,4
"chanceconstrain",4,4
"chart",4,4
"citywid",4,4
"collaps",4,4
"command",4,4
"comprehend",4,4
"computeraid",4,4
"conceiv",4,4
"conjug",4,4
"conscious",4,4
"consortium",4,4
"convex",4,4
"counter",4,4
"counterbalanc",4,4
"country’",4,4
"cradletog",4,4
"dealt",4,4
"decisionsupport",4,4
"deduc",4,4
"defer",4,4
"desert",4,4
"diagnos",4,4
"disciplin",4,4
"discontinu",4,4
"discrimin",4,4
"disk",4,4
"divisia",4,4
"doubt",4,4
"downsid",4,4
"dozen",4,4
"draft",4,4
"eleven",4,4
"embrac",4,4
"engineeringbas",4,4
"enrich",4,4
"environmentfriend",4,4
"epa",4,4
"episod",4,4
"evacu",4,4
"everincreas",4,4
"exemplifi",4,4
"explos",4,4
"familiar",4,4
"farreach",4,4
"fee",4,4
"finish",4,4
"flaw",4,4
"followup",4,4
"formal",4,4
"game",4,4
"gcms",4,4
"generous",4,4
"goe",4,4
"golden",4,4
"googl",4,4
"grant",4,4
"greybox",4,4
"grind",4,4
"heighten",4,4
"highaccuraci",4,4
"highway",4,4
"hotter",4,4
"hotwat",4,4
"iec",4,4
"immens",4,4
"imposs",4,4
"inciner",4,4
"incorrect",4,4
"inflat",4,4
"insensit",4,4
"insert",4,4
"interfuel",4,4
"interpol",4,4
"intract",4,4
"irrelev",4,4
"irrespect",4,4
"jet",4,4
"junction",4,4
"kenya",4,4
"kfold",4,4
"laser",4,4
"launch",4,4
"lay",4,4
"leastcost",4,4
"lift",4,4
"lignocellulos",4,4
"livelihood",4,4
"lognorm",4,4
"longdist",4,4
"macroscop",4,4
"makeup",4,4
"matlabsimulink",4,4
"mechanist",4,4
"mediumvoltag",4,4
"melbourn",4,4
"mhz",4,4
"microlevel",4,4
"midst",4,4
"midterm",4,4
"milan",4,4
"militari",4,4
"misalign",4,4
"mit",4,4
"mongolia",4,4
"monopoli",4,4
"multiregion",4,4
"mutat",4,4
"nearest",4,4
"newer",4,4
"nitrous",4,4
"noteworthi",4,4
"notwithstand",4,4
"nrmse",4,4
"occasion",4,4
"oregon",4,4
"orthogon",4,4
"overcast",4,4
"overlay",4,4
"overrid",4,4
"partner",4,4
"paulo",4,4
"piecewis",4,4
"preheat",4,4
"prematur",4,4
"pressuris",4,4
"pricetak",4,4
"printer",4,4
"prioritis",4,4
"problemat",4,4
"pvgis",4,4
"qualifi",4,4
"radar",4,4
"recess",4,4
"reciproc",4,4
"redesign",4,4
"redund",4,4
"refuel",4,4
"reliev",4,4
"repurpos",4,4
"reserveproduct",4,4
"respiratori",4,4
"restrain",4,4
"rethink",4,4
"revert",4,4
"revisit",4,4
"reward",4,4
"richer",4,4
"sam",4,4
"são",4,4
"sas",4,4
"seamless",4,4
"send",4,4
"shall",4,4
"sheet",4,4
"shower",4,4
"shrinkag",4,4
"sizeabl",4,4
"snapshot",4,4
"solver",4,4
"someth",4,4
"southeastern",4,4
"southwest",4,4
"speak",4,4
"sport",4,4
"sst",4,4
"stiff",4,4
"study’",4,4
"summaris",4,4
"symmetr",4,4
"tellurid",4,4
"temporari",4,4
"thereaft",4,4
"thirti",4,4
"threestag",4,4
"tie",4,4
"truli",4,4
"twentyf",4,4
"undergon",4,4
"unnecessari",4,4
"unplan",4,4
"unsteadi",4,4
"unsustain",4,4
"unveil",4,4
"urg",4,4
"van",4,4
"verlag",4,4
"vigor",4,4
"want",4,4
"warn",4,4
"warrant",4,4
"weaken",4,4
"weatherdepend",4,4
"web",4,4
"whatev",4,4
"wherein",4,4
"widearea",4,4
"widen",4,4
"windgener",4,4
"windturbin",4,4
"workforc",4,4
"worthi",4,4
"yearlong",4,4
"asphalt",3,16
"phes",3,15
"pvt",3,15
"asean",3,14
"bright",3,14
"hem",3,14
"hydrat",3,14
"liquefact",3,14
"rew",3,14
"cng",3,13
"leed",3,13
"chlorid",3,12
"fcev",3,12
"hes",3,12
"teg",3,12
"windfarm",3,12
"copula",3,11
"dts",3,11
"nilm",3,11
"ptg",3,11
"agrivolta",3,10
"cea",3,10
"church",3,10
"cryogen",3,10
"drl",3,10
"eec",3,10
"ktoe",3,10
"lib",3,10
"meritord",3,10
"watersh",3,10
"wtp",3,10
"adsorb",3,9
"bps",3,9
"cpv",3,9
"fcvs",3,9
"intraregion",3,9
"reconcili",3,9
"rpm",3,9
"scaveng",3,9
"sedimentari",3,9
"shuttl",3,9
"slag",3,9
"snowfal",3,9
"sweet",3,9
"vpp",3,9
"airborn",3,8
"biospher",3,8
"calcin",3,8
"clearanc",3,8
"gan",3,8
"htc",3,8
"hydrokinet",3,8
"ibr",3,8
"landfil",3,8
"les",3,8
"lfp",3,8
"nanofib",3,8
"nanoscal",3,8
"oman",3,8
"prey",3,8
"pseudo",3,8
"pwh",3,8
"ram",3,8
"selfschedul",3,8
"sierra",3,8
"tourism",3,8
"tourist",3,8
"amorph",3,7
"anneal",3,7
"bass",3,7
"bim",3,7
"bit",3,7
"bmi",3,7
"canyon",3,7
"cdte",3,7
"clo",3,7
"coloc",3,7
"femal",3,7
"grnn",3,7
"iam",3,7
"jordan",3,7
"morocco",3,7
"nightlight",3,7
"passivhaus",3,7
"pcc",3,7
"plf",3,7
"pumpedstorag",3,7
"ref",3,7
"ren",3,7
"rer",3,7
"rtp",3,7
"seed",3,7
"stationar",3,7
"switchgrass",3,7
"timber",3,7
"unschedul",3,7
"€kwh",3,6
"abandon",3,6
"aerob",3,6
"ammonium",3,6
"annbas",3,6
"anticorrel",3,6
"axial",3,6
"backcast",3,6
"bagass",3,6
"battery’",3,6
"brick",3,6
"catboost",3,6
"coalbas",3,6
"colour",3,6
"contigu",3,6
"croatia",3,6
"deforest",3,6
"dlr",3,6
"drybulb",3,6
"energycost",3,6
"enrol",3,6
"eye",3,6
"flame",3,6
"highris",3,6
"indonesia",3,6
"interbuild",3,6
"ioe",3,6
"kg−",3,6
"kwm",3,6
"mercuri",3,6
"metamodel",3,6
"nmbe",3,6
"phenolog",3,6
"plants’",3,6
"sid",3,6
"soar",3,6
"sulphur",3,6
"swap",3,6
"titl",3,6
"var",3,6
"vent",3,6
"airfoil",3,5
"anox",3,5
"aquacultur",3,5
"arx",3,5
"austria",3,5
"austrian",3,5
"autoencod",3,5
"blackbox",3,5
"blue",3,5
"borehol",3,5
"charger",3,5
"china’",3,5
"counterflow",3,5
"currentvoltag",3,5
"cyberphys",3,5
"deferr",3,5
"diet",3,5
"edinburgh",3,5
"endtoend",3,5
"energygrowth",3,5
"eurasia",3,5
"fischertropsch",3,5
"fluoresc",3,5
"freez",3,5
"georeferenc",3,5
"gini",3,5
"gshp",3,5
"guangdong",3,5
"inlin",3,5
"intrus",3,5
"kwhday",3,5
"lattic",3,5
"lowdemand",3,5
"marketdomin",3,5
"mauritius",3,5
"methanol",3,5
"microclimat",3,5
"minutetominut",3,5
"monofaci",3,5
"multioutput",3,5
"nepal",3,5
"nigeria",3,5
"northeastern",3,5
"pile",3,5
"professor",3,5
"quantiz",3,5
"redistribut",3,5
"rls",3,5
"roadway",3,5
"rollout",3,5
"rul",3,5
"satellitederiv",3,5
"scada",3,5
"scandinavian",3,5
"scotland",3,5
"sdp",3,5
"sectorspecif",3,5
"semiempir",3,5
"sensorbas",3,5
"sorbent",3,5
"spatialtempor",3,5
"subsampl",3,5
"subspac",3,5
"surveil",3,5
"sweep",3,5
"tmi",3,5
"tract",3,5
"tso",3,5
"tunnel",3,5
"wavelength",3,5
"wte",3,5
"wwtps",3,5
"anhydr",3,4
"attitudin",3,4
"avers",3,4
"backfir",3,4
"basecas",3,4
"bin",3,4
"bio",3,4
"breed",3,4
"brine",3,4
"brisban",3,4
"bubbl",3,4
"bundl",3,4
"burner",3,4
"carbonbas",3,4
"cardiovascular",3,4
"catch",3,4
"cbec",3,4
"chicago",3,4
"climatesensit",3,4
"cohort",3,4
"colorado",3,4
"conjectur",3,4
"countrylevel",3,4
"csiro",3,4
"dashboard",3,4
"dcdc",3,4
"dec",3,4
"deceler",3,4
"dim",3,4
"disabl",3,4
"disentangl",3,4
"distant",3,4
"drain",3,4
"earlystag",3,4
"eastwest",3,4
"ebbon",3,4
"eddi",3,4
"edit",3,4
"electricityintens",3,4
"electrodialysi",3,4
"electromechan",3,4
"endang",3,4
"endconsum",3,4
"entropi",3,4
"faulttoler",3,4
"ferment",3,4
"fibrous",3,4
"firewood",3,4
"fiveyear",3,4
"gaa",3,4
"gasheat",3,4
"gasolinepow",3,4
"gene",3,4
"grasp",3,4
"gray",3,4
"guangzhou",3,4
"highpric",3,4
"inadequaci",3,4
"indc",3,4
"inert",3,4
"inorgan",3,4
"interst",3,4
"intrahour",3,4
"intraweek",3,4
"iranian",3,4
"lamin",3,4
"latvia",3,4
"lethal",3,4
"lightgbm",3,4
"liu",3,4
"locationspecif",3,4
"longitud",3,4
"mammal",3,4
"markal",3,4
"markovchain",3,4
"mental",3,4
"michigan",3,4
"microscal",3,4
"microstructur",3,4
"minlp",3,4
"mpe",3,4
"mwe",3,4
"nacell",3,4
"negoti",3,4
"nextday",3,4
"nonpeak",3,4
"nonstationar",3,4
"northsouth",3,4
"observatori",3,4
"oneday",3,4
"onward",3,4
"overvoltag",3,4
"parlour",3,4
"pcms",3,4
"pedestrian",3,4
"pilotscal",3,4
"potabl",3,4
"powersystem",3,4
"ppm",3,4
"pretoria",3,4
"propon",3,4
"prune",3,4
"quartil",3,4
"quo",3,4
"rain",3,4
"recal",3,4
"recip",3,4
"reflector",3,4
"repetit",3,4
"ress",3,4
"retrain",3,4
"rideshar",3,4
"risen",3,4
"riskavers",3,4
"scene",3,4
"sds",3,4
"segreg",3,4
"semant",3,4
"serbia",3,4
"simplif",3,4
"sociocultur",3,4
"sodar",3,4
"spare",3,4
"spearman",3,4
"spiral",3,4
"spreadsheet",3,4
"star",3,4
"stirl",3,4
"stpg",3,4
"strata",3,4
"stressor",3,4
"supercapacitor",3,4
"tailpip",3,4
"timeaverag",3,4
"tomato",3,4
"tpb",3,4
"truth",3,4
"valuat",3,4
"vav",3,4
"video",3,4
"vortex",3,4
"windi",3,4
"young",3,4
"zscore",3,4
"‘energi",3,3
"aalborg",3,3
"abovement",3,3
"advoc",3,3
"aerodynam",3,3
"affin",3,3
"airqual",3,3
"alarm",3,3
"albeit",3,3
"alik",3,3
"aluminium",3,3
"ambigu",3,3
"amid",3,3
"angular",3,3
"anywher",3,3
"approx",3,3
"arbitrag",3,3
"arc",3,3
"arisen",3,3
"ascertain",3,3
"asynchron",3,3
"attend",3,3
"bacteria",3,3
"betterinform",3,3
"biascorrect",3,3
"bimod",3,3
"biogeochem",3,3
"blueprint",3,3
"bma",3,3
"border",3,3
"builder",3,3
"builtup",3,3
"calcium",3,3
"calori",3,3
"calorif",3,3
"cancel",3,3
"cancer",3,3
"catalyz",3,3
"catastroph",3,3
"ccgt",3,3
"charact",3,3
"chargedischarg",3,3
"cheapest",3,3
"chip",3,3
"cleans",3,3
"clearski",3,3
"climaterel",3,3
"clock",3,3
"closest",3,3
"coalit",3,3
"cod",3,3
"coexist",3,3
"coin",3,3
"colder",3,3
"colleg",3,3
"colon",3,3
"commercialis",3,3
"commut",3,3
"computerbas",3,3
"concomit",3,3
"cone",3,3
"confidenti",3,3
"cookstov",3,3
"corner",3,3
"coronavirus",3,3
"costcompetit",3,3
"cot",3,3
"counterintuit",3,3
"countrywid",3,3
"crosscountri",3,3
"currenc",3,3
"cuttingedg",3,3
"danger",3,3
"datamin",3,3
"deactiv",3,3
"defend",3,3
"delv",3,3
"demanddriven",3,3
"depress",3,3
"depriv",3,3
"deserv",3,3
"diari",3,3
"die",3,3
"diffract",3,3
"dilut",3,3
"dirt",3,3
"dirti",3,3
"discoveri",3,3
"discreet",3,3
"disequilibrium",3,3
"disinfect",3,3
"dissatisfact",3,3
"dissimilar",3,3
"duct",3,3
"dump",3,3
"duplic",3,3
"earn",3,3
"effect”",3,3
"eighti",3,3
"elder",3,3
"empow",3,3
"endors",3,3
"endpoint",3,3
"energybas",3,3
"energyconserv",3,3
"ensu",3,3
"entertain",3,3
"eppa",3,3
"equit",3,3
"erod",3,3
"ester",3,3
"evergrow",3,3
"everywher",3,3
"exemplar",3,3
"exempt",3,3
"expedi",3,3
"expedit",3,3
"extant",3,3
"faith",3,3
"fals",3,3
"fatal",3,3
"fdi",3,3
"feedintariff",3,3
"fidel",3,3
"fifteen",3,3
"finer",3,3
"finescal",3,3
"finetun",3,3
"firmlevel",3,3
"flue",3,3
"forefront",3,3
"foremost",3,3
"forti",3,3
"fossilbas",3,3
"fourfold",3,3
"gasbas",3,3
"gcb",3,3
"got",3,3
"greenhousega",3,3
"hahead",3,3
"han",3,3
"hangzhou",3,3
"headlin",3,3
"highdemand",3,3
"highprecis",3,3
"highspe",3,3
"hike",3,3
"hing",3,3
"hmso",3,3
"homer",3,3
"hydrogenbas",3,3
"hydrometeorolog",3,3
"ill",3,3
"imit",3,3
"immers",3,3
"immun",3,3
"importexport",3,3
"impract",3,3
"inact",3,3
"incandesc",3,3
"incumb",3,3
"indersci",3,3
"inerti",3,3
"infe",3,3
"infinit",3,3
"inflect",3,3
"inflex",3,3
"ingredi",3,3
"instant",3,3
"inter",3,3
"interconnector",3,3
"interlink",3,3
"interoper",3,3
"inverterbas",3,3
"invit",3,3
"invok",3,3
"isotrop",3,3
"johansen",3,3
"judici",3,3
"kaya",3,3
"kernelbas",3,3
"kgaa",3,3
"kilogram",3,3
"kurtosi",3,3
"largeeddi",3,3
"lawrenc",3,3
"leak",3,3
"learningbydo",3,3
"leastsquar",3,3
"let",3,3
"lifespan",3,3
"limitationsimpl",3,3
"litr",3,3
"loadshift",3,3
"loan",3,3
"localis",3,3
"longlast",3,3
"loos",3,3
"lose",3,3
"lowemiss",3,3
"lowqual",3,3
"lowris",3,3
"manganes",3,3
"manur",3,3
"massachusett",3,3
"masson",3,3
"meant",3,3
"membership",3,3
"mesh",3,3
"mgl",3,3
"microcombin",3,3
"micropow",3,3
"microprocessor",3,3
"midcontin",3,3
"mimo",3,3
"mind",3,3
"miniatur",3,3
"mixedmethod",3,3
"moist",3,3
"montecarlo",3,3
"multicor",3,3
"multilinear",3,3
"multinomi",3,3
"multipurpos",3,3
"multistorey",3,3
"mwel",3,3
"n  ",3,3
"naturallyventil",3,3
"nearinfrar",3,3
"nearzero",3,3
"neoclass",3,3
"nerc",3,3
"nhts",3,3
"nickel",3,3
"noisi",3,3
"nonclimat",3,3
"nonconvent",3,3
"nonelectr",3,3
"nonequilibrium",3,3
"nonsynchron",3,3
"notif",3,3
"offtheshelf",3,3
"opencircuit",3,3
"openclos",3,3
"opf",3,3
"outdat",3,3
"overconsumpt",3,3
"overs",3,3
"oversea",3,3
"oyster",3,3
"packet",3,3
"pasturebas",3,3
"pauciti",3,3
"peculiar",3,3
"people’",3,3
"performancebas",3,3
"personnel",3,3
"pervas",3,3
"petcok",3,3
"phoenix",3,3
"photochem",3,3
"photoperiod",3,3
"photovoltaicbatteri",3,3
"pmvppd",3,3
"poll",3,3
"poorest",3,3
"postpon",3,3
"predecessor",3,3
"preferenti",3,3
"preindustri",3,3
"preset",3,3
"presum",3,3
"pretrain",3,3
"pricebas",3,3
"pricerespons",3,3
"prolong",3,3
"pulver",3,3
"pvwind",3,3
"race",3,3
"ramif",3,3
"rate”",3,3
"reactant",3,3
"reap",3,3
"reassess",3,3
"recreat",3,3
"recruit",3,3
"reef",3,3
"reexamin",3,3
"registr",3,3
"reheat",3,3
"reliant",3,3
"reluct",3,3
"repercuss",3,3
"residents’",3,3
"retent",3,3
"reusabl",3,3
"rio",3,3
"romania",3,3
"rose",3,3
"say",3,3
"scan",3,3
"scrutini",3,3
"seab",3,3
"seldom",3,3
"selforgan",3,3
"seventi",3,3
"shelf",3,3
"shore",3,3
"shortrang",3,3
"signatur",3,3
"singular",3,3
"sixteen",3,3
"smartgrid",3,3
"solarpow",3,3
"solubl",3,3
"som",3,3
"somewher",3,3
"spacecool",3,3
"spectroradiomet",3,3
"spillag",3,3
"spillov",3,3
"stabli",3,3
"standpoint",3,3
"stayathom",3,3
"steep",3,3
"stone",3,3
"stood",3,3
"stori",3,3
"straight",3,3
"stride",3,3
"subgroup",3,3
"submet",3,3
"submit",3,3
"subsid",3,3
"subsurfac",3,3
"sulfid",3,3
"swept",3,3
"tactic",3,3
"tag",3,3
"tangibl",3,3
"taxat",3,3
"tenur",3,3
"thermogravimetr",3,3
"thirdparti",3,3
"threefold",3,3
"tier",3,3
"timeofday",3,3
"toronto",3,3
"treestructur",3,3
"tribolog",3,3
"trivial",3,3
"twophas",3,3
"twoyear",3,3
"unab",3,3
"underexplor",3,3
"underpin",3,3
"understudi",3,3
"underutil",3,3
"underway",3,3
"uneconom",3,3
"uneven",3,3
"unexploit",3,3
"uninterrupt",3,3
"unlock",3,3
"unnecessarili",3,3
"unobserv",3,3
"unregul",3,3
"unresolv",3,3
"unsatur",3,3
"unseen",3,3
"unstructur",3,3
"unus",3,3
"unusu",3,3
"vicin",3,3
"victoria",3,3
"viscous",3,3
"visualis",3,3
"viz",3,3
"voltagefrequ",3,3
"walkabl",3,3
"ward",3,3
"weinheim",3,3
"what",3,3
"whenev",3,3
"withstand",3,3
"workday",3,3
"worker",3,3
"yearoveryear",3,3
"yearround",3,3
"zenith",3,3
"zip",3,3
"cst",2,19
"beb",2,14
"soec",2,13
"wws",2,13
"btms",2,12
"molten",2,12
"motorcycl",2,12
"vawt",2,12
"hcpv",2,11
"ssbs",2,11
"vrs",2,11
"mpp",2,10
"ptes",2,10
"wear",2,10
"wsn",2,10
"accra",2,9
"club",2,9
"ctl",2,9
"dst",2,9
"employe",2,9
"hpp",2,9
"inhom",2,9
"miso",2,9
"obes",2,9
"rvrs",2,9
"bangkok",2,8
"biowast",2,8
"creep",2,8
"fin",2,8
"kazakhstan",2,8
"nedc",2,8
"nmgm",2,8
"npc",2,8
"pig",2,8
"regressor",2,8
"sdgs",2,8
"udi",2,8
"vii",2,8
"abm",2,7
"anen",2,7
"artwork",2,7
"becc",2,7
"bpe",2,7
"bric",2,7
"btm",2,7
"bypass",2,7
"coaxial",2,7
"endoflif",2,7
"eutect",2,7
"hpps",2,7
"humic",2,7
"ibp",2,7
"implant",2,7
"impur",2,7
"kinemat",2,7
"lgbm",2,7
"mos",2,7
"spec",2,7
"ssg",2,7
"sunshad",2,7
"tribe",2,7
"uedt",2,7
"wait",2,7
"zeb",2,7
"¢kwh",2,6
"beef",2,6
"bicycl",2,6
"bladestrik",2,6
"blower",2,6
"burnup",2,6
"contractor",2,6
"cvar",2,6
"depot",2,6
"dissolut",2,6
"dso",2,6
"dsr",2,6
"eclips",2,6
"eef",2,6
"endwal",2,6
"feel",2,6
"foam",2,6
"gait",2,6
"gbdt",2,6
"gep",2,6
"ghi",2,6
"gpr",2,6
"grassland",2,6
"greymarkov",2,6
"grower",2,6
"hall",2,6
"heterojunct",2,6
"himalayan",2,6
"larva",2,6
"modernis",2,6
"mozambiqu",2,6
"nanostructur",2,6
"nonmarket",2,6
"orc",2,6
"poe",2,6
"pvwindbatteri",2,6
"raini",2,6
"resourcebas",2,6
"rice",2,6
"sail",2,6
"sar",2,6
"silag",2,6
"spacebas",2,6
"spd",2,6
"sprawl",2,6
"straw",2,6
"tcn",2,6
"thinfilm",2,6
"tohoku",2,6
"uav",2,6
"uninsul",2,6
"vres",2,6
"willingnesstopay",2,6
"wpp",2,6
" twh",2,5
"aboard",2,5
"ascot",2,5
"australia’",2,5
"basement",2,5
"biochem",2,5
"biopow",2,5
"boston",2,5
"burkina",2,5
"cagr",2,5
"cal",2,5
"cao",2,5
"capsul",2,5
"carfollow",2,5
"cattl",2,5
"cereal",2,5
"cnnlstm",2,5
"collid",2,5
"costrecoveri",2,5
"cow",2,5
"ddpg",2,5
"desicc",2,5
"disco",2,5
"egu",2,5
"energycarbon",2,5
"equilibria",2,5
"eros",2,5
"faso",2,5
"fastcharg",2,5
"foodenergi",2,5
"frozen",2,5
"harbour",2,5
"heritag",2,5
"hint",2,5
"hydrowind",2,5
"imput",2,5
"knee",2,5
"lebanon",2,5
"leon",2,5
"lightn",2,5
"lipid",2,5
"morph",2,5
"narccap",2,5
"nut",2,5
"nyc",2,5
"oven",2,5
"pbl",2,5
"perenni",2,5
"pis",2,5
"precinct",2,5
"quad",2,5
"recipi",2,5
"rese",2,5
"reshap",2,5
"runoftheriv",2,5
"shaft",2,5
"shell",2,5
"snowpack",2,5
"stanc",2,5
"str",2,5
"strait",2,5
"township",2,5
"unelectrifi",2,5
"wltp",2,5
"wpg",2,5
"admixtur",2,4
"adulter",2,4
"allair",2,4
"apparatus",2,4
"bcvtb",2,4
"bee",2,4
"biota",2,4
"biscay",2,4
"bite",2,4
"blockchainbas",2,4
"boe",2,4
"breez",2,4
"buoyanc",2,4
"cabin",2,4
"caloop",2,4
"ccdv",2,4
"cie",2,4
"cig",2,4
"colloid",2,4
"controlori",2,4
"crest",2,4
"ctm",2,4
"daynight",2,4
"deeplabv",2,4
"denitrif",2,4
"dgs",2,4
"diesosenol",2,4
"digitalis",2,4
"drag",2,4
"eat",2,4
"ebb",2,4
"eer",2,4
"electrocatalyst",2,4
"energyplan",2,4
"equest",2,4
"eskom",2,4
"farada",2,4
"farfield",2,4
"ffnn",2,4
"firmspecif",2,4
"fowt",2,4
"frac",2,4
"garbag",2,4
"garch",2,4
"geoengin",2,4
"gompertz",2,4
"gpc",2,4
"graphit",2,4
"haul",2,4
"iaa",2,4
"iiiv",2,4
"infect",2,4
"interim",2,4
"interregion",2,4
"irp",2,4
"kpis",2,4
"krige",2,4
"kwhkm",2,4
"lcc",2,4
"lcia",2,4
"ldcs",2,4
"learner",2,4
"leeward",2,4
"lettuc",2,4
"luxembourg",2,4
"manchest",2,4
"mantl",2,4
"mast",2,4
"mediumscal",2,4
"megawattscal",2,4
"mmbtu",2,4
"molar",2,4
"montreal",2,4
"nar",2,4
"ncc",2,4
"ncm",2,4
"nearneutr",2,4
"neuro",2,4
"oaq",2,4
"openaccess",2,4
"payload",2,4
"pcs",2,4
"pet",2,4
"photosynthesi",2,4
"pmvbase",2,4
"poros",2,4
"posterior",2,4
"ppa",2,4
"pulp",2,4
"punjab",2,4
"pvbatteri",2,4
"radioact",2,4
"rbf",2,4
"related",2,4
"roundtrip",2,4
"rts",2,4
"runaway",2,4
"saskatchewan",2,4
"selfheal",2,4
"serl",2,4
"ses",2,4
"shap",2,4
"silver",2,4
"singlediod",2,4
"slowrespons",2,4
"standoff",2,4
"streamwis",2,4
"svms",2,4
"tas",2,4
"tata",2,4
"tbs",2,4
"transposit",2,4
"treebas",2,4
"tribocontact",2,4
"ubem",2,4
"uskwh",2,4
"vmd",2,4
"voc",2,4
"vsp",2,4
"wafer",2,4
"wasp",2,4
"wwr",2,4
"zimbabw",2,4
" kwh",2,3
" md",2,3
" ppm",2,3
"‘perform",2,3
"aboveground",2,3
"abu",2,3
"acdc",2,3
"adventiti",2,3
"affili",2,3
"akaik",2,3
"andasol",2,3
"antenna",2,3
"antisens",2,3
"aod",2,3
"arbitr",2,3
"argentinean",2,3
"argon",2,3
"argument",2,3
"arteri",2,3
"assay",2,3
"atrium",2,3
"aud",2,3
"autosc",2,3
"azimuth",2,3
"ball",2,3
"barbado",2,3
"bark",2,3
"belgrad",2,3
"benefitcost",2,3
"benign",2,3
"bep",2,3
"bfs",2,3
"binder",2,3
"biodigest",2,3
"blockag",2,3
"boil",2,3
"breath",2,3
"brown",2,3
"bsec",2,3
"bth",2,3
"buildingintegr",2,3
"buri",2,3
"bvar",2,3
"cadmium",2,3
"capandtrad",2,3
"ccus",2,3
"cdh",2,3
"cfl",2,3
"char",2,3
"chimney",2,3
"chlorin",2,3
"cibs",2,3
"climatechang",2,3
"climatefriend",2,3
"climateneutr",2,3
"climaterespons",2,3
"coastlin",2,3
"cogasif",2,3
"cointens",2,3
"colombian",2,3
"combinatori",2,3
"constrict",2,3
"cooptim",2,3
"counterfactu",2,3
"cournot",2,3
"cran",2,3
"crosslink",2,3
"csi",2,3
"cuingas",2,3
"cuo",2,3
"dampen",2,3
"dark",2,3
"datacent",2,3
"dataprocess",2,3
"deflat",2,3
"descent",2,3
"dip",2,3
"dispens",2,3
"divert",2,3
"doppler",2,3
"downwind",2,3
"dsos",2,3
"eco",2,3
"ecosustain",2,3
"eject",2,3
"enclos",2,3
"energyon",2,3
"epoch",2,3
"epri",2,3
"eroi",2,3
"exerget",2,3
"expend",2,3
"exportori",2,3
"fauna",2,3
"filament",2,3
"fir",2,3
"fixat",2,3
"flash",2,3
"flicker",2,3
"flowfield",2,3
"foreclosur",2,3
"fourleg",2,3
"fpga",2,3
"fresnel",2,3
"gap’",2,3
"gateway",2,3
"gbs",2,3
"gcam",2,3
"gearbox",2,3
"geo",2,3
"giant",2,3
"glare",2,3
"gorg",2,3
"gravit",2,3
"greeneri",2,3
"grus",2,3
"gsa",2,3
"halid",2,3
"haulag",2,3
"hbridg",2,3
"hdr",2,3
"header",2,3
"hhv",2,3
"highfidel",2,3
"hoc",2,3
"hormon",2,3
"hourbyhour",2,3
"iiii",2,3
"imperm",2,3
"improp",2,3
"infeas",2,3
"influx",2,3
"ingress",2,3
"insect",2,3
"interprovinci",2,3
"intra",2,3
"isentrop",2,3
"jaipur",2,3
"java",2,3
"jiangsu",2,3
"judgment",2,3
"kgs",2,3
"kitchen",2,3
"kuwaiti",2,3
"kuznet",2,3
"kwhmday",2,3
"lac",2,3
"lcca",2,3
"leadtim",2,3
"limeston",2,3
"lithiumionbas",2,3
"longliv",2,3
"lowperform",2,3
"macroeconometr",2,3
"malici",2,3
"mashhad",2,3
"mayor",2,3
"mediat",2,3
"mena",2,3
"merger",2,3
"microcombustor",2,3
"microgener",2,3
"middleincom",2,3
"migratori",2,3
"ministério",2,3
"minus",2,3
"mixedeffect",2,3
"mlbase",2,3
"mme",2,3
"moga",2,3
"mol",2,3
"monet",2,3
"mono",2,3
"monsoon",2,3
"mould",2,3
"movabl",2,3
"mrna",2,3
"mtco",2,3
"mtcoeq",2,3
"multicompon",2,3
"multisector",2,3
"mutriku",2,3
"mwm",2,3
"nash",2,3
"nation’",2,3
"neuralnetwork",2,3
"nimbyism",2,3
"nitrif",2,3
"nondestruct",2,3
"nongaussian",2,3
"nonmonoton",2,3
"nonsmooth",2,3
"nord",2,3
"nsw",2,3
"nutrit",2,3
"odd",2,3
"ohio",2,3
"oneminut",2,3
"opex",2,3
"optoelectron",2,3
"orkney",2,3
"orograph",2,3
"osaka",2,3
"overus",2,3
"pam",2,3
"parametris",2,3
"pca",2,3
"permeat",2,3
"pesaran",2,3
"pharmaceut",2,3
"philippin",2,3
"phpp",2,3
"physicochem",2,3
"pinbal",2,3
"pop",2,3
"postul",2,3
"premia",2,3
"prepandem",2,3
"pricedemand",2,3
"print",2,3
"puerto",2,3
"pvsyst",2,3
"qatar",2,3
"qinghai",2,3
"rackmount",2,3
"radianc",2,3
"rampup",2,3
"regimeswitch",2,3
"reson",2,3
"revit",2,3
"rico",2,3
"rig",2,3
"rpe",2,3
"runofriv",2,3
"sanction",2,3
"scalar",2,3
"scandinavia",2,3
"scrap",2,3
"scrub",2,3
"sdg",2,3
"seminatur",2,3
"semistructur",2,3
"sfa",2,3
"shagaya",2,3
"shannon",2,3
"sharper",2,3
"shorelin",2,3
"silic",2,3
"silo",2,3
"singlevalu",2,3
"sipso",2,3
"snowcov",2,3
"solder",2,3
"sres",2,3
"stepahead",2,3
"stipul",2,3
"stratif",2,3
"stringenc",2,3
"studio",2,3
"subinterv",2,3
"subseason",2,3
"suomi",2,3
"super",2,3
"swan",2,3
"swat",2,3
"symmetri",2,3
"synerget",2,3
"synthesis",2,3
"tail",2,3
"tar",2,3
"tarp",2,3
"taxi",2,3
"telecom",2,3
"telemetri",2,3
"templat",2,3
"tensil",2,3
"terawatt",2,3
"thermophotovolta",2,3
"tissu",2,3
"tkm",2,3
"todat",2,3
"tokyo",2,3
"tonnag",2,3
"trailer",2,3
"transceiv",2,3
"trigonometr",2,3
"tropospher",2,3
"ultrashortterm",2,3
"underh",2,3
"upwinddownwind",2,3
"ust",2,3
"valuead",2,3
"valueatrisk",2,3
"vancouv",2,3
"vanish",2,3
"viscos",2,3
"visit",2,3
"void",2,3
"wastetoenergi",2,3
"watercool",2,3
"waterway",2,3
"wbt",2,3
"wds",2,3
"wealthi",2,3
"welsh",2,3
"wheat",2,3
"workabl",2,3
"workflow",2,3
"workshop",2,3
"yaw",2,3
"yellow",2,3
"μgm",2,3
" kg",2,2
" kwhm",2,2
" min",2,2
" pm",2,2
"‘net",2,2
"“bunching”",2,2
"“green”",2,2
"°′e",2,2
"°′n",2,2
"abbrevi",2,2
"abiot",2,2
"abolish",2,2
"acm",2,2
"activitybas",2,2
"adher",2,2
"adhoc",2,2
"adiabat",2,2
"admm",2,2
"advect",2,2
"advertis",2,2
"aeronaut",2,2
"aesthet",2,2
"aftermath",2,2
"ahp",2,2
"aidriven",2,2
"aip",2,2
"aipow",2,2
"airsourc",2,2
"alcatelluc",2,2
"algal",2,2
"ali",2,2
"alia",2,2
"alli",2,2
"altruist",2,2
"amend",2,2
"amg",2,2
"amort",2,2
"ancient",2,2
"anemomet",2,2
"annualis",2,2
"antonio",2,2
"anymor",2,2
"apach",2,2
"appetit",2,2
"aquat",2,2
"arab",2,2
"arabl",2,2
"archaeolog",2,2
"arctic",2,2
"areabas",2,2
"arpeg",2,2
"artefact",2,2
"artifact",2,2
"ascrib",2,2
"asr",2,2
"astonish",2,2
"atus",2,2
"authors’",2,2
"automak",2,2
"avert",2,2
"axe",2,2
"bahia",2,2
"balaban",2,2
"ban",2,2
"bandgap",2,2
"bare",2,2
"bat",2,2
"batteryless",2,2
"beat",2,2
"beforehand",2,2
"belt",2,2
"berkeley",2,2
"berth",2,2
"bestcas",2,2
"bifurc",2,2
"biglittl",2,2
"bilater",2,2
"biobas",2,2
"bipolar",2,2
"birth",2,2
"bismuth",2,2
"blanket",2,2
"booster",2,2
"borough",2,2
"brasil",2,2
"brayton",2,2
"breadth",2,2
"bredem",2,2
"brittani",2,2
"broadcast",2,2
"broken",2,2
"brownian",2,2
"bsm",2,2
"builtin",2,2
"bulki",2,2
"buoyant",2,2
"camx",2,2
"canberra",2,2
"canton",2,2
"capacit",2,2
"capacitor",2,2
"capitalintens",2,2
"carbohydr",2,2
"carbonac",2,2
"catalogu",2,2
"categoris",2,2
"cation",2,2
"caution",2,2
"cavern",2,2
"cdas",2,2
"centenni",2,2
"centro",2,2
"cfdbase",2,2
"chandigarh",2,2
"chaotic",2,2
"chisquar",2,2
"chm",2,2
"chromium",2,2
"chronolog",2,2
"circumv",2,2
"clarita",2,2
"cleanest",2,2
"clearer",2,2
"climatedriven",2,2
"clip",2,2
"closedcircuit",2,2
"closedform",2,2
"cloudbas",2,2
"cmaq",2,2
"cmip",2,2
"cms",2,2
"codesign",2,2
"coeor",2,2
"coeqcapita",2,2
"cofre",2,2
"cofrom",2,2
"coldest",2,2
"colloc",2,2
"committe",2,2
"commonlyus",2,2
"commonplac",2,2
"companion",2,2
"compulsori",2,2
"conclusionssignific",2,2
"confound",2,2
"congruent",2,2
"connector",2,2
"consequenti",2,2
"conservat",2,2
"consumptiongdp",2,2
"contemporan",2,2
"contend",2,2
"contractu",2,2
"contradictori",2,2
"convinc",2,2
"cooker",2,2
"copernicus",2,2
"corn",2,2
"corros",2,2
"cosimul",2,2
"cosin",2,2
"cosmo",2,2
"cost–benefit",2,2
"costs—",2,2
"costsav",2,2
"countermeasur",2,2
"counterproduct",2,2
"crew",2,2
"crosselast",2,2
"crosspric",2,2
"crunch",2,2
"crush",2,2
"crustal",2,2
"crystallit",2,2
"csibas",2,2
"curat",2,2
"curs",2,2
"curtain",2,2
"curvebas",2,2
"customers’",2,2
"customis",2,2
"cutoff",2,2
"cylindr",2,2
"damp",2,2
"datainform",2,2
"dataintens",2,2
"dawn",2,2
"dcbus",2,2
"dear",2,2
"dearth",2,2
"debt",2,2
"decadeslong",2,2
"dechlorin",2,2
"deck",2,2
"defrost",2,2
"degreehour",2,2
"dehumidif",2,2
"dehydr",2,2
"delimit",2,2
"demandbas",2,2
"deminer",2,2
"demographi",2,2
"denois",2,2
"denot",2,2
"densitybas",2,2
"des",2,2
"desper",2,2
"detrend",2,2
"development",2,2
"dielectr",2,2
"differenceindiffer",2,2
"dilemma",2,2
"dimensionless",2,2
"disagr",2,2
"disappoint",2,2
"discard",2,2
"discern",2,2
"disclos",2,2
"discours",2,2
"discretis",2,2
"dish",2,2
"dismiss",2,2
"dividend",2,2
"donor",2,2
"doublejunct",2,2
"download",2,2
"downtown",2,2
"drier",2,2
"drove",2,2
"dss",2,2
"dubai",2,2
"eaepq",2,2
"easytous",2,2
"ecodriv",2,2
"ecoind",2,2
"ecoinv",2,2
"economist",2,2
"economy’",2,2
"edison",2,2
"editori",2,2
"eeo",2,2
"egarch",2,2
"egyptian",2,2
"eighteen",2,2
"electricitygener",2,2
"electrochrom",2,2
"electromagnet",2,2
"electromobl",2,2
"electrotechn",2,2
"elman",2,2
"elmbas",2,2
"els",2,2
"elspot",2,2
"emb",2,2
"endeavor",2,2
"energético",2,2
"energía",2,2
"energygener",2,2
"energyplus™",2,2
"energypoor",2,2
"energyrich",2,2
"energysuppli",2,2
"englegrang",2,2
"enlarg",2,2
"enlighten",2,2
"enthalpi",2,2
"entic",2,2
"entitl",2,2
"entso",2,2
"enumer",2,2
"envimet",2,2
"environmentalist",2,2
"equationbas",2,2
"erad",2,2
"erainterim",2,2
"esco",2,2
"ethnic",2,2
"eur",2,2
"euwid",2,2
"evapotranspir",2,2
"exiobas",2,2
"expertis",2,2
"exquisit",2,2
"extraordinari",2,2
"factual",2,2
"faculti",2,2
"fallen",2,2
"fanassist",2,2
"fanger",2,2
"fao",2,2
"farmland",2,2
"fastestgrow",2,2
"fatti",2,2
"fieldcollect",2,2
"fieldprogramm",2,2
"fieldwork",2,2
"fifti",2,2
"fiji",2,2
"filterbas",2,2
"fivefold",2,2
"fiveparamet",2,2
"fixedeffect",2,2
"flatplat",2,2
"flatter",2,2
"fleetwid",2,2
"flemish",2,2
"floc",2,2
"fluent",2,2
"fmol",2,2
"focal",2,2
"fogbas",2,2
"forgo",2,2
"formic",2,2
"forth",2,2
"forthcom",2,2
"fortun",2,2
"forum",2,2
"forwardlook",2,2
"fourbus",2,2
"fourmonth",2,2
"frustrat",2,2
"fuelswitch",2,2
"fuller",2,2
"fullload",2,2
"fulltim",2,2
"furnitur",2,2
"gallon",2,2
"gamif",2,2
"gap”",2,2
"garden",2,2
"gaselectr",2,2
"gasfuel",2,2
"gbr",2,2
"gentl",2,2
"geographyspecif",2,2
"ghgemiss",2,2
"giga",2,2
"gkwh",2,2
"gmj",2,2
"gnp",2,2
"gone",2,2
"governmentdomin",2,2
"governor",2,2
"gradientbas",2,2
"graduat",2,2
"graviti",2,2
"grew",2,2
"gridsuppli",2,2
"groundlevel",2,2
"groundsourc",2,2
"habitu",2,2
"hadcm",2,2
"hadley",2,2
"hadrm",2,2
"halogen",2,2
"halv",2,2
"hansen",2,2
"hardwareintheloop",2,2
"harvey",2,2
"healthcar",2,2
"heatandpow",2,2
"heatingrel",2,2
"heatl",2,2
"heattoelectr",2,2
"helsinki",2,2
"hemoglobin",2,2
"henceforth",2,2
"herald",2,2
"hereaft",2,2
"herebi",2,2
"hiddenlay",2,2
"highdens",2,2
"higherincom",2,2
"higherlevel",2,2
"highstrength",2,2
"highthroughput",2,2
"hitherto",2,2
"holi",2,2
"hopper",2,2
"horizontalaxi",2,2
"householdbas",2,2
"hungari",2,2
"hunger",2,2
"hungri",2,2
"hunt",2,2
"hurdl",2,2
"hypercub",2,2
"hysi",2,2
"hysteresi",2,2
"ida",2,2
"ideolog",2,2
"idf",2,2
"iesv",2,2
"iir",2,2
"imc",2,2
"imech",2,2
"immin",2,2
"immut",2,2
"impair",2,2
"impel",2,2
"imposit",2,2
"inappropri",2,2
"incentivebas",2,2
"inconclus",2,2
"indefinit",2,2
"indigen",2,2
"indium",2,2
"industryscal",2,2
"inexhaust",2,2
"inextric",2,2
"inferior",2,2
"informat",2,2
"inland",2,2
"inplan",2,2
"institution",2,2
"insur",2,2
"int",2,2
"intercept",2,2
"interchang",2,2
"intercomparison",2,2
"interelectrod",2,2
"interfaci",2,2
"interlinkag",2,2
"intertid",2,2
"intertwin",2,2
"interven",2,2
"intradaili",2,2
"intric",2,2
"invalu",2,2
"invis",2,2
"iotbas",2,2
"irr",2,2
"isotherm",2,2
"jan",2,2
"jersey",2,2
"jetson",2,2
"judg",2,2
"justintim",2,2
"kentucki",2,2
"kgh",2,2
"kilowatthour",2,2
"knowhow",2,2
"kpa",2,2
"kva",2,2
"kwhmonth",2,2
"labour",2,2
"lancast",2,2
"largevolum",2,2
"leadacid",2,2
"leas",2,2
"lend",2,2
"leone’",2,2
"lessen",2,2
"liabil",2,2
"lightemit",2,2
"lighter",2,2
"liner",2,2
"lithographi",2,2
"litholog",2,2
"liveabl",2,2
"lmdi",2,2
"loadfollow",2,2
"loadshed",2,2
"longest",2,2
"longev",2,2
"longhaul",2,2
"longwav",2,2
"loom",2,2
"lorri",2,2
"lowerlevel",2,2
"lowland",2,2
"lowlat",2,2
"loword",2,2
"lowpowerconsumpt",2,2
"lowshear",2,2
"lowspe",2,2
"lowviscos",2,2
"lssat",2,2
"macmillan",2,2
"macroscal",2,2
"madrid",2,2
"majesti",2,2
"mankind",2,2
"markovian",2,2
"mayb",2,2
"mbe",2,2
"mca",2,2
"mediumris",2,2
"megac",2,2
"men",2,2
"merchant",2,2
"meso",2,2
"metaanalysi",2,2
"metadata",2,2
"metaheurist",2,2
"metallurg",2,2
"methodologyprincip",2,2
"microbi",2,2
"microdata",2,2
"microelectromechan",2,2
"mida",2,2
"midlatitud",2,2
"midsiz",2,2
"midwest",2,2
"mileston",2,2
"mimick",2,2
"minahead",2,2
"mineralog",2,2
"minnesota",2,2
"mip",2,2
"mirror",2,2
"mislead",2,2
"mispredict",2,2
"models’",2,2
"modernera",2,2
"molecul",2,2
"monolith",2,2
"monopolist",2,2
"montenegro",2,2
"moot",2,2
"mover",2,2
"mton",2,2
"multiangl",2,2
"multiday",2,2
"multidecad",2,2
"multidisciplinari",2,2
"multifacet",2,2
"multifunct",2,2
"multimodular",2,2
"multiphas",2,2
"multiresolut",2,2
"multiscenario",2,2
"multist",2,2
"multiswarm",2,2
"multitask",2,2
"multitechnolog",2,2
"multitridiagonalmatrix",2,2
"multitud",2,2
"multiunit",2,2
"mwp",2,2
"nacion",2,2
"nacl",2,2
"naïv",2,2
"nanj",2,2
"nano",2,2
"nanomateri",2,2
"nanotechnolog",2,2
"narr",2,2
"narrat",2,2
"nashsutcliff",2,2
"navierstok",2,2
"ncar",2,2
"ncep",2,2
"neap",2,2
"nearcomplet",2,2
"nearfutur",2,2
"nearoptim",2,2
"nearsurfac",2,2
"nebraska",2,2
"nejat",2,2
"never",2,2
"newlydevelop",2,2
"nineyear",2,2
"nissan",2,2
"nitrogenrel",2,2
"nonaircondit",2,2
"noncommerci",2,2
"noneconom",2,2
"nonenergi",2,2
"nonfood",2,2
"nonloc",2,2
"nonstor",2,2
"nontrivi",2,2
"nonzero",2,2
"nordpool",2,2
"notori",2,2
"nottingham",2,2
"obliqu",2,2
"obscur",2,2
"occupancyrel",2,2
"oceanatmospher",2,2
"offroad",2,2
"omit",2,2
"onehour",2,2
"onfarm",2,2
"onsun",2,2
"ontim",2,2
"opaqu",2,2
"openingclos",2,2
"optimizationbas",2,2
"outbreak",2,2
"outpac",2,2
"overcam",2,2
"overforecast",2,2
"overhang",2,2
"overse",2,2
"overshoot",2,2
"paillier",2,2
"pairwis",2,2
"palaiseau",2,2
"palmdal",2,2
"paradox",2,2
"parent",2,2
"participants’",2,2
"parzen",2,2
"pco",2,2
"peakshav",2,2
"pec",2,2
"pecan",2,2
"pennsylvania",2,2
"perish",2,2
"personalis",2,2
"persuas",2,2
"phenomenolog",2,2
"philosophi",2,2
"phosphat",2,2
"photogrammetri",2,2
"photovoltaictherm",2,2
"physicallybas",2,2
"pinch",2,2
"piston",2,2
"plain",2,2
"plateau",2,2
"pleiad",2,2
"plume",2,2
"pois",2,2
"polyhedr",2,2
"pore",2,2
"portal",2,2
"portland",2,2
"postcovid",2,2
"potassium",2,2
"pour",2,2
"powereffici",2,2
"pragmat",2,2
"prais",2,2
"preclud",2,2
"precondit",2,2
"predat",2,2
"predictionbas",2,2
"prefectur",2,2
"preliminarili",2,2
"prescript",2,2
"preselect",2,2
"prism",2,2
"prize",2,2
"products’",2,2
"profitmaxim",2,2
"prognos",2,2
"prognosi",2,2
"progrowth",2,2
"proofofconcept",2,2
"propel",2,2
"proprieti",2,2
"prosper",2,2
"psobas",2,2
"punctual",2,2
"punish",2,2
"pvalu",2,2
"quadrotor",2,2
"qualif",2,2
"quarterhour",2,2
"quasistat",2,2
"quebec",2,2
"québec",2,2
"quest",2,2
"quickcontrol",2,2
"quiet",2,2
"quota",2,2
"rainindepend",2,2
"ramadan",2,2
"rational",2,2
"rbfn",2,2
"reader",2,2
"recast",2,2
"reced",2,2
"receipt",2,2
"recherch",2,2
"reclam",2,2
"recombin",2,2
"recover",2,2
"recup",2,2
"recuper",2,2
"recur",2,2
"redirect",2,2
"reengin",2,2
"reformul",2,2
"refram",2,2
"refut",2,2
"regionspecif",2,2
"religion",2,2
"remaind",2,2
"remind",2,2
"renewables’",2,2
"rental",2,2
"repay",2,2
"repeal",2,2
"replenish",2,2
"reprocess",2,2
"reschedul",2,2
"resembl",2,2
"resort",2,2
"respectivelyth",2,2
"respondents’",2,2
"resum",2,2
"retard",2,2
"retscreen",2,2
"ridethrough",2,2
"rigid",2,2
"rival",2,2
"rms",2,2
"roller",2,2
"rollinghorizon",2,2
"rollingwindow",2,2
"rrmse",2,2
"rsm",2,2
"rte",2,2
"rug",2,2
"safeguard",2,2
"sandi",2,2
"sandston",2,2
"sandwich",2,2
"saw",2,2
"schemat",2,2
"scholar",2,2
"sciencebas",2,2
"scientist",2,2
"seattl",2,2
"secondlargest",2,2
"sectors’",2,2
"sectorwid",2,2
"sectorwis",2,2
"securityconstrain",2,2
"selfadapt",2,2
"selfdischarg",2,2
"selfgener",2,2
"selfproduct",2,2
"selfsuppli",2,2
"seller",2,2
"seventh",2,2
"sevill",2,2
"sexual",2,2
"shale",2,2
"shortcut",2,2
"shorttim",2,2
"shortwav",2,2
"shoulder",2,2
"shut",2,2
"sidebysid",2,2
"signifi",2,2
"simplest",2,2
"singleobject",2,2
"singlestag",2,2
"singlestep",2,2
"sinusoid",2,2
"sixphas",2,2
"sixti",2,2
"sizabl",2,2
"slash",2,2
"slot",2,2
"slowdown",2,2
"sluic",2,2
"smallsiz",2,2
"smog",2,2
"socialpsycholog",2,2
"sociolog",2,2
"softlink",2,2
"solarbas",2,2
"solardriven",2,2
"solartherm",2,2
"solartochem",2,2
"solartoelectr",2,2
"solarwind",2,2
"sooner",2,2
"sourcesink",2,2
"sox",2,2
"spatial–tempor",2,2
"spawn",2,2
"speciat",2,2
"spectroscopi",2,2
"sphere",2,2
"spirit",2,2
"sponsor",2,2
"spontan",2,2
"spur",2,2
"srl",2,2
"ssb",2,2
"staff",2,2
"stake",2,2
"stanford",2,2
"stark",2,2
"startstop",2,2
"stateofthesci",2,2
"states’",2,2
"steeper",2,2
"stimuli",2,2
"stirpat",2,2
"stockandflow",2,2
"stormwat",2,2
"streamlin",2,2
"strike",2,2
"strip",2,2
"sub",2,2
"subcategori",2,2
"subdivid",2,2
"submarin",2,2
"submerg",2,2
"subordin",2,2
"subsidiari",2,2
"substanc",2,2
"substant",2,2
"superalloy",2,2
"supercomput",2,2
"superh",2,2
"supply–demand",2,2
"surgeri",2,2
"swift",2,2
"taipei",2,2
"takeup",2,2
"tall",2,2
"taxonomi",2,2
"tco",2,2
"tdistribut",2,2
"technologies’",2,2
"tedious",2,2
"telecommut",2,2
"telework",2,2
"temperaturedepend",2,2
"tender",2,2
"tenfold",2,2
"terawatthour",2,2
"terminolog",2,2
"ternari",2,2
"tesla",2,2
"textbook",2,2
"textur",2,2
"thai",2,2
"themat",2,2
"themost",2,2
"thermaltoelectr",2,2
"thermoneutr",2,2
"thirteen",2,2
"throttl",2,2
"tianjin",2,2
"tighter",2,2
"timedomain",2,2
"timelin",2,2
"timeresolut",2,2
"timeresolv",2,2
"timestamp",2,2
"tini",2,2
"tio",2,2
"titanium",2,2
"tja",2,2
"toe",2,2
"tonsyear",2,2
"tough",2,2
"tractor",2,2
"transitori",2,2
"transportrel",2,2
"travers",2,2
"triangular",2,2
"trivari",2,2
"turin",2,2
"tvs",2,2
"twentyfirst",2,2
"uae",2,2
"ubiquit",2,2
"ukaya",2,2
"ukbas",2,2
"ukcip",2,2
"ukf",2,2
"ultrahigh",2,2
"ultraviolet",2,2
"unaccept",2,2
"unbias",2,2
"unburn",2,2
"uncheck",2,2
"uncondit",2,2
"unconnect",2,2
"unconstrain",2,2
"uncoordin",2,2
"underdevelop",2,2
"underli",2,2
"underutilis",2,2
"undesir",2,2
"unexplor",2,2
"unfamiliar",2,2
"unfavor",2,2
"unfavour",2,2
"unfccc",2,2
"unfold",2,2
"unforeseen",2,2
"unhealthi",2,2
"unjustifi",2,2
"unlimit",2,2
"unsatisfactori",2,2
"unscent",2,2
"unsuit",2,2
"untreat",2,2
"upm",2,2
"upsurg",2,2
"upto",2,2
"uran",2,2
"urbanrur",2,2
"usecas",2,2
"user’",2,2
"usercentr",2,2
"userfriend",2,2
"usher",2,2
"vacanc",2,2
"vagari",2,2
"valoris",2,2
"valuebas",2,2
"valv",2,2
"vaporcompress",2,2
"variables’",2,2
"vendor",2,2
"ventilationthi",2,2
"ventur",2,2
"veziroglu",2,2
"vibrant",2,2
"vienna",2,2
"viir",2,2
"virginia",2,2
"virtu",2,2
"vsi",2,2
"wam",2,2
"wang",2,2
"war",2,2
"warehous",2,2
"wastag",2,2
"wayn",2,2
"weaker",2,2
"wealth",2,2
"wealthier",2,2
"websit",2,2
"weibul",2,2
"welldefin",2,2
"welleduc",2,2
"wellhead",2,2
"wellinform",2,2
"wellunderstood",2,2
"went",2,2
"wetland",2,2
"wherev",2,2
"wholebuild",2,2
"wholehom",2,2
"wild",2,2
"windenergi",2,2
"windowtowal",2,2
"wintertim",2,2
"wire",2,2
"withinweek",2,2
"wolf",2,2
"woodburn",2,2
"worri",2,2
"worsecas",2,2
"worth",2,2
"written",2,2
"wwtp",2,2
"xinjiang",2,2
"yangtz",2,2
"yard",2,2
"yeartoyear",2,2
"ying",2,2
"yuan",2,2
"zeolit",2,2
"zeroemiss",2,2
"zhang",2,2
"forg",1,14
"chargingpow",1,10
"dpse",1,10
"ecoforecast",1,10
"ehighway",1,10
"lulucf",1,10
"muscl",1,10
"pef",1,10
"roc",1,10
"seawe",1,10
"tsv",1,10
"unimorph",1,10
"drainag",1,9
"flwl",1,9
"inactiv",1,9
"turkmenistan",1,9
"ucg",1,9
"agripv",1,8
"balconi",1,8
"bicarbon",1,8
"dbps",1,8
"environmentallyfriend",1,8
"esi",1,8
"faad",1,8
"glof",1,8
"heca",1,8
"infant",1,8
"nhs",1,8
"pche",1,8
"shtcs",1,8
"sorghum",1,8
"tfp",1,8
"tpd",1,8
"wwp",1,8
"zinc",1,8
"aup",1,7
"biocrud",1,7
"cbng",1,7
"cda",1,7
"chtc",1,7
"compa",1,7
"crossdomain",1,7
"dlc",1,7
"dsa",1,7
"floatovolta",1,7
"hia",1,7
"hmcap",1,7
"interharmon",1,7
"llms",1,7
"lls",1,7
"malwar",1,7
"mes",1,7
"ngc",1,7
"qdpv",1,7
"sizeenergi",1,7
"sociopolit",1,7
"uzbekistan",1,7
"wheeler",1,7
"windowopen",1,7
"wsds",1,7
"wtw",1,7
"asrna",1,6
"bgre",1,6
"bwt",1,6
"catfish",1,6
"cbh",1,6
"compost",1,6
"coolant",1,6
"cor",1,6
"dac",1,6
"enso",1,6
"epg",1,6
"fess",1,6
"fhfs",1,6
"gapg",1,6
"gdd",1,6
"imeum",1,6
"kumasi",1,6
"lchs",1,6
"lcoa",1,6
"lfr",1,6
"lmp",1,6
"lth",1,6
"lttd",1,6
"lvs",1,6
"lynx",1,6
"mate",1,6
"mbv",1,6
"minram",1,6
"newbuild",1,6
"ngwbt",1,6
"ocotec",1,6
"olivin",1,6
"perovskitesilicon",1,6
"polycultur",1,6
"purg",1,6
"pvb",1,6
"pvess",1,6
"qoe",1,6
"rbes",1,6
"reshybrid",1,6
"scoop",1,6
"shpps",1,6
"sib",1,6
"skylight",1,6
"soy",1,6
"ssbsfs",1,6
"ssgs",1,6
"stork",1,6
"streetnetwork",1,6
"suv",1,6
"svf",1,6
"threeston",1,6
"transcript",1,6
"trichodesmium",1,6
"trona",1,6
"vru",1,6
"wac",1,6
"wag",1,6
"whkm",1,6
"wpfe",1,6
"wppt",1,6
"adhes",1,5
"agbii",1,5
"apec",1,5
"appl",1,5
"arithmet",1,5
"ato",1,5
"bbo",1,5
"bengal",1,5
"biooil",1,5
"buena",1,5
"canola",1,5
"ccro",1,5
"cip",1,5
"cusb",1,5
"deca",1,5
"dpiec",1,5
"dsg",1,5
"ecb",1,5
"ecstsp",1,5
"ectotherm",1,5
"eeg",1,5
"eeha",1,5
"efor",1,5
"electricpow",1,5
"eleph",1,5
"eqyear",1,5
"eta",1,5
"eua",1,5
"fhp",1,5
"flowabl",1,5
"frog",1,5
"fuelwood",1,5
"gainesvill",1,5
"gamlss",1,5
"gtcc",1,5
"hces",1,5
"hefa",1,5
"hfu",1,5
"hpat",1,5
"hpwh",1,5
"icf",1,5
"igccm",1,5
"imo",1,5
"ionic",1,5
"iraq",1,5
"kcnnlstm",1,5
"lfrs",1,5
"lvdc",1,5
"maan",1,5
"mbr",1,5
"mfes",1,5
"microhotpl",1,5
"microtct",1,5
"minutescal",1,5
"mmolkg",1,5
"mpumalanga",1,5
"mtl",1,5
"openfoam",1,5
"organism",1,5
"paircopula",1,5
"postmitig",1,5
"pyrit",1,5
"rdd",1,5
"salti",1,5
"seq",1,5
"shp",1,5
"soot",1,5
"statusquo",1,5
"supercool",1,5
"surplusheat",1,5
"svac",1,5
"swv",1,5
"tajikistan",1,5
"tda",1,5
"teng",1,5
"text",1,5
"thermochrom",1,5
"throw",1,5
"towarx",1,5
"tpv",1,5
"uaf",1,5
"udwo",1,5
"uhii",1,5
"vattenfal",1,5
"vehicle’",1,5
"vke",1,5
"vpu",1,5
"wfp",1,5
"whr",1,5
"wpv",1,5
"wrrf",1,5
"wtem",1,5
"year−",1,5
"yrd",1,5
" kwperson",1,4
"°cmin",1,4
"£month",1,4
"£mwh",1,4
"€tco",1,4
"aac",1,4
"abduct",1,4
"absea",1,4
"aeo",1,4
"agatti",1,4
"alstm",1,4
"audmwh",1,4
"auszeh",1,4
"avss",1,4
"bamss",1,4
"beacon",1,4
"beehiv",1,4
"brainsiz",1,4
"breakwat",1,4
"breeam",1,4
"bunker",1,4
"c macropomum",1,4
"caa",1,4
"cac",1,4
"cashew",1,4
"cava",1,4
"ccseor",1,4
"cde",1,4
"cec",1,4
"cednr",1,4
"cel",1,4
"chcfastabilis",1,4
"chcli",1,4
"chcp",1,4
"circadian",1,4
"circumsolar",1,4
"cnnsac",1,4
"cnws",1,4
"cocaptur",1,4
"cos",1,4
"cre",1,4
"cro",1,4
"ctam",1,4
"ctes",1,4
"daopf",1,4
"datacharacteristicdriven",1,4
"dbn",1,4
"dbs",1,4
"dcschp",1,4
"decorrel",1,4
"diem",1,4
"doha",1,4
"ebus",1,4
"ekc",1,4
"elcc",1,4
"electrospun",1,4
"emisa",1,4
"energycyberphys",1,4
"envload",1,4
"espir",1,4
"estrogen",1,4
"evphev",1,4
"evs",1,4
"formaldehyd",1,4
"frs",1,4
"gannat",1,4
"generalpurpos",1,4
"genotyp",1,4
"genseton",1,4
"gfus",1,4
"glacier",1,4
"gtcoeq",1,4
"halophenol",1,4
"headway",1,4
"homebuild",1,4
"hpwhs",1,4
"hres",1,4
"hsem",1,4
"hydroenvironment",1,4
"ibt",1,4
"idp",1,4
"iepm",1,4
"interpos",1,4
"iou",1,4
"ipf",1,4
"iri",1,4
"isoton",1,4
"kins",1,4
"kit",1,4
"kwha",1,4
"kwhus",1,4
"kyrgyzstan",1,4
"lae",1,4
"lcow",1,4
"leach",1,4
"linguist",1,4
"m amazonicum",1,4
"mesolap",1,4
"metalfuel",1,4
"mfhs",1,4
"mgcodl",1,4
"mgj",1,4
"microwind",1,4
"militar",1,4
"miou",1,4
"mll",1,4
"mmmc",1,4
"moninobukhov",1,4
"monocultur",1,4
"motif",1,4
"msp",1,4
"mtsp",1,4
"multiservic",1,4
"naip",1,4
"ncre",1,4
"nedo",1,4
"ner",1,4
"nesr",1,4
"netload",1,4
"ngsofc",1,4
"noncondens",1,4
"nre",1,4
"obepm",1,4
"onmgm",1,4
"orem",1,4
"outfal",1,4
"overwint",1,4
"pathogen",1,4
"photoabsorb",1,4
"photodegrad",1,4
"plasmolysi",1,4
"pmss",1,4
"precambrian",1,4
"premitig",1,4
"prophet",1,4
"proppant",1,4
"pvc",1,4
"rtopf",1,4
"rwanda",1,4
"sac",1,4
"sarimax",1,4
"sarscov",1,4
"sen",1,4
"sewer",1,4
"sfrs",1,4
"shelterbelt",1,4
"sic",1,4
"signaltonois",1,4
"slack",1,4
"smp",1,4
"soe",1,4
"spaceh",1,4
"spong",1,4
"ssn",1,4
"stepsahead",1,4
"stump",1,4
"subway",1,4
"suicid",1,4
"taphol",1,4
"tbcs",1,4
"tcls",1,4
"teor",1,4
"tha",1,4
"tidalrang",1,4
"tsij",1,4
"ulof",1,4
"uloop",1,4
"umep",1,4
"upperlay",1,4
"usdmonth",1,4
"userrel",1,4
"uva",1,4
"uvfilt",1,4
"veer",1,4
"vms",1,4
"vol",1,4
"voyag",1,4
"wagon",1,4
"waterbodi",1,4
"wine",1,4
"wooden",1,4
"wpr",1,4
"wrs",1,4
"wts",1,4
"δhbo",1,4
" gt",1,3
"×cni",1,3
"∼kg",1,3
"€kg",1,3
"ade–bpnn",1,3
"adl–mida",1,3
"adlmida",1,3
"afv",1,3
"agv",1,3
"aibig",1,3
"aisl",1,3
"alk",1,3
"ampac",1,3
"andean",1,3
"anova",1,3
"anticosti",1,3
"arimax",1,3
"armo",1,3
"asekf",1,3
"atp",1,3
"autodesk",1,3
"baffl",1,3
"bdtr",1,3
"belowr",1,3
"berm",1,3
"bgwan",1,3
"biew",1,3
"birch",1,3
"blr",1,3
"boron",1,3
"buildingrel",1,3
"cane",1,3
"capr",1,3
"caput",1,3
"cascod",1,3
"catchmentlevel",1,3
"ceo",1,3
"chb",1,3
"che",1,3
"chenath",1,3
"chi",1,3
"chloral",1,3
"choleski",1,3
"cim",1,3
"clinker",1,3
"clt",1,3
"cmae",1,3
"co₂",1,3
"coach",1,3
"codn",1,3
"coekm",1,3
"coflow",1,3
"coli",1,3
"consumptionbas",1,3
"cortex",1,3
"cove",1,3
"cpt",1,3
"cpwprf",1,3
"crudepetroleum",1,3
"crystallinesi",1,3
"ctu",1,3
"customeryear",1,3
"cwe",1,3
"dapnd",1,3
"decod",1,3
"deepsolar",1,3
"deic",1,3
"demofarm",1,3
"devolv",1,3
"dhbt",1,3
"dhn",1,3
"divertor",1,3
"dmc",1,3
"dmppt",1,3
"dof",1,3
"dom",1,3
"domventd",1,3
"dreg",1,3
"dtw",1,3
"dualaxi",1,3
"dunkelflaut",1,3
"earthshelt",1,3
"ebf",1,3
"ebt",1,3
"ecopow",1,3
"ecotox",1,3
"eelelm",1,3
"egdp",1,3
"egocentr",1,3
"eim",1,3
"electrofuel",1,3
"electrotherm",1,3
"empiricallybas",1,3
"enercoop",1,3
"energycan",1,3
"enginegener",1,3
"eol",1,3
"epcmodel",1,3
"epe",1,3
"epm",1,3
"errorcorrect",1,3
"exfiltr",1,3
"fastrespons",1,3
"firstofitskind",1,3
"floodplain",1,3
"fnet",1,3
"fodder",1,3
"forecasterror",1,3
"fraudul",1,3
"fsmpcc",1,3
"ftmi",1,3
"gasslag",1,3
"gbd",1,3
"gehp",1,3
"gencast",1,3
"gii",1,3
"glacial",1,3
"glycogen",1,3
"gmdh",1,3
"greenslot",1,3
"gwc",1,3
"halfangl",1,3
"hee",1,3
"hei",1,3
"helium",1,3
"hfr",1,3
"hgv",1,3
"hive",1,3
"hofbauer",1,3
"hollow",1,3
"hpc",1,3
"hrotor",1,3
"hrr",1,3
"hrrr",1,3
"hrv",1,3
"humanbas",1,3
"hwcs",1,3
"hybridhw",1,3
"hycon",1,3
"hydrometallurgi",1,3
"hydropl",1,3
"iee",1,3
"igbt",1,3
"igsa–svm",1,3
"ihx",1,3
"iiot",1,3
"imlp",1,3
"indonesian",1,3
"inexact",1,3
"inmot",1,3
"inward",1,3
"iod",1,3
"ionexchang",1,3
"iov",1,3
"ism",1,3
"isokinet",1,3
"isometr",1,3
"javamadurabali",1,3
"knea",1,3
"kuwait’",1,3
"ladwp",1,3
"latticebas",1,3
"lbl",1,3
"leadhalid",1,3
"lhtes",1,3
"lid",1,3
"lighttrap",1,3
"lm−",1,3
"lorenz",1,3
"louver",1,3
"lowerlay",1,3
"lucknow",1,3
"macedonian",1,3
"malawi",1,3
"manycor",1,3
"maom",1,3
"marion",1,3
"marsplin",1,3
"masonri",1,3
"mediumgrowth",1,3
"megaproject",1,3
"melf",1,3
"mesop",1,3
"mesophil",1,3
"messageix",1,3
"metavers",1,3
"mfc",1,3
"mgday",1,3
"mgm",1,3
"microchannel",1,3
"microreactor",1,3
"minasrio",1,3
"mmnl",1,3
"moe",1,3
"mosfet",1,3
"mpeee",1,3
"mpi",1,3
"mrs",1,3
"msab",1,3
"mvac",1,3
"mve",1,3
"naaq",1,3
"nam",1,3
"naturalist",1,3
"ncres",1,3
"ndc",1,3
"ndpd",1,3
"ndteu",1,3
"netpres",1,3
"nfro",1,3
"ngcc",1,3
"nir",1,3
"nnbase",1,3
"nondisturb",1,3
"nonfirm",1,3
"nonle",1,3
"normalcharg",1,3
"npl",1,3
"npw",1,3
"nrtdpa",1,3
"ntcs",1,3
"ntt",1,3
"nylon",1,3
"nze",1,3
"ocog",1,3
"oecdeurop",1,3
"okoum",1,3
"oligopolist",1,3
"omp",1,3
"omz",1,3
"openloop",1,3
"ordc",1,3
"outburst",1,3
"outofhom",1,3
"panama",1,3
"paraffin",1,3
"passthrough",1,3
"photoelectrochem",1,3
"phsp",1,3
"platoon",1,3
"polyisocyanur",1,3
"poroelast",1,3
"ppenergynet",1,3
"prd",1,3
"psd",1,3
"psdcv",1,3
"psm",1,3
"pue",1,3
"pumpmix",1,3
"pumps’",1,3
"pvro",1,3
"quasirandom",1,3
"rcog",1,3
"rcvalu",1,3
"rdc",1,3
"rdpg",1,3
"rdsap",1,3
"receiverreactor",1,3
"reservoirs’",1,3
"rider",1,3
"ridership",1,3
"rnai",1,3
"rom",1,3
"sabl",1,3
"sagegrous",1,3
"sawmil",1,3
"sbmo",1,3
"scaledown",1,3
"selfdetermin",1,3
"selfident",1,3
"sentinel",1,3
"sewag",1,3
"sfr",1,3
"shipment",1,3
"sidechannel",1,3
"sitagliptin",1,3
"sjma",1,3
"skidsteer",1,3
"skil",1,3
"skycam",1,3
"slab",1,3
"sma",1,3
"smartinvest",1,3
"snowmelt",1,3
"sodiumsulfur",1,3
"sog",1,3
"spc",1,3
"spif",1,3
"spim",1,3
"ssalrfnn",1,3
"stagger",1,3
"starv",1,3
"sth",1,3
"storytel",1,3
"stsp",1,3
"suc",1,3
"swem",1,3
"swirl",1,3
"sws",1,3
"swts",1,3
"tanzania",1,3
"tgftir",1,3
"thermophil",1,3
"threadtocor",1,3
"threetermin",1,3
"timeintegr",1,3
"timespati",1,3
"tmb",1,3
"tourismcat",1,3
"toyota",1,3
"tpa",1,3
"tpf",1,3
"tram",1,3
"trucks’",1,3
"ttes",1,3
"tubewel",1,3
"typeapprov",1,3
"tzim",1,3
"ubd",1,3
"uktcm",1,3
"urbansim",1,3
"usdt",1,3
"uvho",1,3
"uvpco",1,3
"uwg",1,3
"valuechain",1,3
"vantag",1,3
"verhulst",1,3
"viscoelast",1,3
"vrm",1,3
"waterlevel",1,3
"westnet",1,3
"whday",1,3
"windbas",1,3
"windphotovoltaichydropow",1,3
"winduncertainti",1,3
"withdrawalmanipul",1,3
"wool",1,3
"wpf",1,3
"wpps",1,3
"wpt",1,3
"wsd",1,3
"zambia",1,3
"zev",1,3
"μtpv",1,3
" × −",1,2
" author",1,2
" gcm",1,2
" gwhyear",1,2
" mgd",1,2
" ms",1,2
" mwhi",1,2
"– °c",1,2
"“datacharacteristicbas",1,2
"“decomposit",1,2
"“valuat",1,2
"“vg”",1,2
"₤mwh",1,2
"€bn",1,2
"€kwp",1,2
"€mw",1,2
"€ton",1,2
"aashtowar",1,2
"abroad",1,2
"abus",1,2
"acceleromet",1,2
"accidenttoler",1,2
"acf",1,2
"ach",1,2
"actinid",1,2
"actorori",1,2
"acylghrelin",1,2
"adaboost",1,2
"adpf",1,2
"agbi",1,2
"ageband",1,2
"agronom",1,2
"aicc",1,2
"airsid",1,2
"alga",1,2
"altamont",1,2
"ame",1,2
"ameck",1,2
"amin",1,2
"anhydrid",1,2
"apartmentlevel",1,2
"appliancerel",1,2
"applinac",1,2
"appraisalemot",1,2
"aquafe",1,2
"artv",1,2
"ascat",1,2
"asdex",1,2
"asih",1,2
"assemblag",1,2
"atria",1,2
"audw",1,2
"autotherm",1,2
"avatar",1,2
"backflow",1,2
"backreflect",1,2
"bacteri",1,2
"bahrain",1,2
"basal",1,2
"basellandschaft",1,2
"basil",1,2
"beamdown",1,2
"ben",1,2
"bepbem",1,2
"ber",1,2
"beta",1,2
"betweencommun",1,2
"bfw",1,2
"bge",1,2
"bhe",1,2
"bioinspir",1,2
"bionic",1,2
"bioproduct",1,2
"biorefin",1,2
"biosolid",1,2
"bivalv",1,2
"bivo",1,2
"bluff",1,2
"bmvbs",1,2
"bodytyp",1,2
"bolzano",1,2
"borenstein",1,2
"boruta",1,2
"bottomhol",1,2
"boundaryload",1,2
"brace",1,2
"brighten",1,2
"brighter",1,2
"bromat",1,2
"bsdf",1,2
"bsdp",1,2
"btl",1,2
"buildingenergi",1,2
"buildingoper",1,2
"bulkform",1,2
"bull",1,2
"burstmod",1,2
"buydown",1,2
"cadiz",1,2
"caisson",1,2
"cake",1,2
"calpx",1,2
"catania",1,2
"cbd",1,2
"cedr",1,2
"centskwh",1,2
"cfdbes",1,2
"cfed",1,2
"cfmocc",1,2
"chaid",1,2
"changhua",1,2
"chargingactiv",1,2
"chargingrel",1,2
"chassi",1,2
"chilledceil",1,2
"cht",1,2
"cib",1,2
"ciconia",1,2
"citizens’",1,2
"ckwh",1,2
"clad",1,2
"cleavag",1,2
"climact",1,2
"cnee",1,2
"cni",1,2
"cnw",1,2
"coconut",1,2
"cokrig",1,2
"collin",1,2
"commongarden",1,2
"commune",1,2
"communityscal",1,2
"compressedair",1,2
"computingbas",1,2
"contralater",1,2
"cooccurr",1,2
"coplanar",1,2
"coral",1,2
"coschedul",1,2
"costrel",1,2
"cpp",1,2
"cpsd",1,2
"cqc",1,2
"cradletograv",1,2
"crec",1,2
"creek",1,2
"crimin",1,2
"cryptograph",1,2
"crystallinesilicon",1,2
"crystalskyb",1,2
"cscac",1,2
"cskf",1,2
"ctri",1,2
"cuinsekins",1,2
"cukins",1,2
"culsdesac",1,2
"cultivar",1,2
"curfew",1,2
"cuxkxins",1,2
"cvrdc",1,2
"cwec",1,2
"cybertwin",1,2
"cycleshar",1,2
"d‐cnn",1,2
"dardl",1,2
"daytyp",1,2
"dbt",1,2
"dea",1,2
"deadlin",1,2
"decarb",1,2
"decil",1,2
"deg",1,2
"depreci",1,2
"dfactor",1,2
"dfedr",1,2
"dhabi",1,2
"diaphragm",1,2
"diatom",1,2
"dichloropropanon",1,2
"dipol",1,2
"disastercaus",1,2
"dishstirl",1,2
"districtcool",1,2
"dlca",1,2
"dlt",1,2
"dlts",1,2
"dmdpto",1,2
"dno",1,2
"dod",1,2
"doeequest",1,2
"doorclos",1,2
"dooropen",1,2
"dormant",1,2
"dot",1,2
"downselect",1,2
"dpa",1,2
"drawdown",1,2
"drccopf",1,2
"drnnlstm",1,2
"drs",1,2
"drug",1,2
"dtocean",1,2
"duffey–saul",1,2
"dvmt",1,2
"dyesensit",1,2
"dyno",1,2
"eai",1,2
"earlierlat",1,2
"ebino",1,2
"ecc",1,2
"echell",1,2
"eci",1,2
"ecofeedback",1,2
"economicsbas",1,2
"een",1,2
"eggcrat",1,2
"egoist",1,2
"egus",1,2
"ejyear",1,2
"electricityderiv",1,2
"electrodialysisphotovolta",1,2
"electrohydraul",1,2
"electrontransf",1,2
"electrostat",1,2
"emergi",1,2
"emo",1,2
"emot",1,2
"emulsifi",1,2
"encrypt",1,2
"endofseason",1,2
"endoscopi",1,2
"endotherm",1,2
"energiewend",1,2
"energyforlif",1,2
"energyfuel",1,2
"energyineffici",1,2
"enhub",1,2
"ensemble”",1,2
"eor",1,2
"epbt",1,2
"epec",1,2
"epic",1,2
"epistemolog",1,2
"epsh",1,2
"epso",1,2
"erg",1,2
"erm",1,2
"eroc",1,2
"erv",1,2
"esophagus",1,2
"etal",1,2
"euregen",1,2
"eurm·per·year",1,2
"ewerl",1,2
"ewi",1,2
"exascal",1,2
"experts’",1,2
"extremalnash",1,2
"fade",1,2
"faecali",1,2
"fairbank",1,2
"fastact",1,2
"fastramp",1,2
"fbc",1,2
"fbcff",1,2
"fbrs",1,2
"fchce",1,2
"fcnn",1,2
"fcsmpc",1,2
"fetch",1,2
"ffann",1,2
"ffc",1,2
"ffn",1,2
"fiberglass",1,2
"fieldperform",1,2
"filmcool",1,2
"filmtosubstr",1,2
"finiteset",1,2
"firsttim",1,2
"fisheri",1,2
"fishmeal",1,2
"fixedbottom",1,2
"flexion",1,2
"floorarea",1,2
"flora",1,2
"flr",1,2
"flush",1,2
"forecaststh",1,2
"fork",1,2
"fort",1,2
"freefloat",1,2
"freeway",1,2
"fres",1,2
"ftipc",1,2
"fts",1,2
"fugit",1,2
"fullybatch",1,2
"futureurban",1,2
"fuzzyrough",1,2
"gad",1,2
"gallen",1,2
"garlic",1,2
"gasolinehybrid",1,2
"gawnn",1,2
"gci",1,2
"gcoeq",1,2
"gcoeqkm",1,2
"gcpv",1,2
"gdf",1,2
"generationsid",1,2
"genom",1,2
"gev",1,2
"ghgstep",1,2
"ghp",1,2
"gibraltar",1,2
"giganteus",1,2
"glide",1,2
"glomerata",1,2
"gmrio",1,2
"gnfio",1,2
"gnfpcm",1,2
"gprm",1,2
"greenfield",1,2
"grenvill",1,2
"greymodel",1,2
"gridbas",1,2
"gridcarbonintens",1,2
"gridconnectionrel",1,2
"grp",1,2
"gsp",1,2
"guardol",1,2
"gwhe",1,2
"gwhi",1,2
"gwoknea",1,2
"haa",1,2
"haloacetonitril",1,2
"hap",1,2
"hardtomeasur",1,2
"hardwarecentr",1,2
"hdi",1,2
"hdv",1,2
"heap",1,2
"hearth",1,2
"heathrow",1,2
"heckman’",1,2
"hectar",1,2
"hemodynam",1,2
"hemss",1,2
"hercul",1,2
"herit",1,2
"herm",1,2
"hess",1,2
"heteroscedast",1,2
"hexan",1,2
"hfac",1,2
"highcost",1,2
"highintens",1,2
"highpotenti",1,2
"highpoverti",1,2
"highpowerdens",1,2
"highpur",1,2
"highyield",1,2
"hjorth",1,2
"homesbuild",1,2
"homo",1,2
"honey",1,2
"hot”",1,2
"hotair",1,2
"hsr",1,2
"htp",1,2
"htuf",1,2
"hudson",1,2
"humiclik",1,2
"hut",1,2
"hwb",1,2
"hyderabad",1,2
"hydro–pv",1,2
"hydrochar",1,2
"hydrochem",1,2
"hydrodepend",1,2
"hydromorpholog",1,2
"hydron",1,2
"hydrotr",1,2
"ica",1,2
"icap",1,2
"icefre",1,2
"icevhev",1,2
"idaho",1,2
"iem",1,2
"igneous",1,2
"ijmuiden",1,2
"imaginari",1,2
"imf",1,2
"imperil",1,2
"indiana",1,2
"indoburma",1,2
"inovação",1,2
"inperso",1,2
"insular",1,2
"interdwel",1,2
"interpl",1,2
"intestin",1,2
"intrabloc",1,2
"intradaydayahead",1,2
"intrasector",1,2
"intrayear",1,2
"inund",1,2
"invested’",1,2
"ipc",1,2
"iraqi",1,2
"ireland’",1,2
"irf",1,2
"irma",1,2
"isomorph",1,2
"ispc",1,2
"ito",1,2
"jerseymaryland",1,2
"jpi",1,2
"kavaratti",1,2
"kbtu",1,2
"kcalday",1,2
"kdd",1,2
"kerala",1,2
"kgcoem",1,2
"kgcomwh",1,2
"kibam",1,2
"kilolit",1,2
"kink",1,2
"klipkop",1,2
"knotwe",1,2
"korkadu",1,2
"krep",1,2
"kw·h",1,2
"kwhe",1,2
"kwhmdecad",1,2
"kwperson",1,2
"lace",1,2
"lactat",1,2
"ladder",1,2
"landsberg",1,2
"latch",1,2
"ldc",1,2
"ldv",1,2
"leapweap",1,2
"learningbydeploy",1,2
"learningbyresearch",1,2
"leedcertifi",1,2
"lem",1,2
"lender",1,2
"lengthen",1,2
"leptin",1,2
"lévi",1,2
"lighgbm",1,2
"linearis",1,2
"lint",1,2
"lip",1,2
"lithuania",1,2
"livermor",1,2
"llm",1,2
"lmbp",1,2
"lmo",1,2
"lmps",1,2
"localn",1,2
"lockin",1,2
"lofoten",1,2
"london’",1,2
"lookup",1,2
"lorawan",1,2
"lowgreenhous",1,2
"lpwan",1,2
"lrms",1,2
"lses",1,2
"lstmdehelm",1,2
"ltms",1,2
"lto",1,2
"ltsc",1,2
"mabe",1,2
"machineassist",1,2
"mage",1,2
"makespan",1,2
"malefemal",1,2
"malibu",1,2
"marsupi",1,2
"masl",1,2
"masonryon",1,2
"matern",1,2
"mbps",1,2
"mcf",1,2
"meal",1,2
"mecd",1,2
"mekong",1,2
"melt",1,2
"mepdg",1,2
"mepso",1,2
"merv",1,2
"meteonorm",1,2
"methyltetrahydrofuran",1,2
"mhe",1,2
"mhk",1,2
"microenviron",1,2
"microgridconvent",1,2
"microseism",1,2
"midwestern",1,2
"millionm",1,2
"minmax",1,2
"minteqa",1,2
"mjm−",1,2
"mjusd",1,2
"mlps",1,2
"mlrm",1,2
"mlwp",1,2
"mmin",1,2
"moa",1,2
"mob",1,2
"moci",1,2
"modeling”",1,2
"modelis",1,2
"modelspecif",1,2
"modennf",1,2
"moderateintens",1,2
"molmol",1,2
"monon",1,2
"monthlymean",1,2
"moral",1,2
"moratorium",1,2
"moroccan",1,2
"morsm",1,2
"mosrh",1,2
"mostus",1,2
"mouth",1,2
"mpbem",1,2
"mpcp",1,2
"mppt",1,2
"mpsoc",1,2
"mpvp",1,2
"mton∙y−",1,2
"mtonyear",1,2
"multilater",1,2
"multimonth",1,2
"multiplemuscl",1,2
"multiproduct",1,2
"multir",1,2
"multithread",1,2
"munich",1,2
"musculoskelet",1,2
"muslim",1,2
"mwhd",1,2
"myrt",1,2
"nand",1,2
"nationallevel",1,2
"naturalventil",1,2
"ncepncar",1,2
"ncscac",1,2
"nearground",1,2
"nearthreshold",1,2
"neb",1,2
"nemesi",1,2
"neuromorph",1,2
"newrenew",1,2
"ngbm",1,2
"nhgdp",1,2
"nlmpc",1,2
"nms",1,2
"nne",1,2
"nonac",1,2
"nonannex",1,2
"nonaxisymmetr",1,2
"nonbalanc",1,2
"noncarbon",1,2
"noncoincid",1,2
"nonenvironment",1,2
"nonindustri",1,2
"nonmarketbas",1,2
"nonmodern",1,2
"nonmonetari",1,2
"nonprofil",1,2
"nonspati",1,2
"nonsulphid",1,2
"nontherm",1,2
"nonvisu",1,2
"npdf",1,2
"nsrdb",1,2
"ntd",1,2
"ntl",1,2
"nwg",1,2
"nwps",1,2
"oandm",1,2
"obd",1,2
"obukhov",1,2
"occupancylink",1,2
"occupancyrespons",1,2
"offload",1,2
"offtak",1,2
"oftencit",1,2
"oilproduc",1,2
"omani",1,2
"onedayahead",1,2
"oneweek",1,2
"onplatform",1,2
"ontheground",1,2
"opsda",1,2
"oscillatori",1,2
"outreach",1,2
"outward",1,2
"overcapac",1,2
"overrun",1,2
"palestinian",1,2
"panarct",1,2
"panellevel",1,2
"parabenzoquinonehydroquinon",1,2
"pararubb",1,2
"parc",1,2
"passtransistor",1,2
"pathbas",1,2
"pblsl",1,2
"pbm",1,2
"pbscf",1,2
"pct",1,2
"peen",1,2
"pelami",1,2
"peme",1,2
"penghu",1,2
"pennsylvanianew",1,2
"petm",1,2
"petrochem",1,2
"petunia",1,2
"peui",1,2
"pfpec",1,2
"pgmp",1,2
"phenol",1,2
"phm",1,2
"photometri",1,2
"physicsdomain",1,2
"pin",1,2
"pinto",1,2
"pla",1,2
"placebo",1,2
"pluginhybrid",1,2
"pmbs",1,2
"pmi",1,2
"pnfs",1,2
"poi",1,2
"polyethylen",1,2
"popp",1,2
"porepressur",1,2
"postconting",1,2
"postmat",1,2
"postwar",1,2
"pot",1,2
"powerpl",1,2
"ppas",1,2
"ppb",1,2
"ppu",1,2
"practis",1,2
"prb",1,2
"predri",1,2
"preturbin",1,2
"processoptimis",1,2
"propertius",1,2
"psc",1,2
"psr",1,2
"ptc",1,2
"pto",1,2
"ptr",1,2
"puij",1,2
"pumpasturbin",1,2
"pumpedhydro",1,2
"punch",1,2
"pvbase",1,2
"pvel",1,2
"pvpower",1,2
"pvsol",1,2
"pyrheliomet",1,2
"qah",1,2
"qdmc",1,2
"quantilebas",1,2
"quarem",1,2
"quintil",1,2
"r  –",1,2
"rampconstrain",1,2
"rbc",1,2
"rbfnn",1,2
"rbs",1,2
"rcogbofg",1,2
"rdt",1,2
"rearrang",1,2
"reassign",1,2
"rebeam",1,2
"rec",1,2
"refund",1,2
"reg",1,2
"renaiss",1,2
"renb",1,2
"rescoop",1,2
"retract",1,2
"rewsθ",1,2
"rfe",1,2
"rgan",1,2
"rggi",1,2
"riboflavin",1,2
"riskprefer",1,2
"riss",1,2
"rme",1,2
"rmsep",1,2
"rna",1,2
"rnarna",1,2
"rnas",1,2
"rne",1,2
"rng",1,2
"rockettyp",1,2
"rødsand",1,2
"rohcpv",1,2
"rotliegend",1,2
"rotordisklay",1,2
"rpiq",1,2
"rrh",1,2
"rrhs",1,2
"rss",1,2
"rudorffit",1,2
"runoutofcharg",1,2
"rut",1,2
"rwgs",1,2
"salari",1,2
"sanlucar",1,2
"sartorius",1,2
"sbr",1,2
"scand",1,2
"scenarioplan",1,2
"schatzki",1,2
"schurr",1,2
"sci",1,2
"scooter",1,2
"scs",1,2
"scuc",1,2
"sdae",1,2
"sdage",1,2
"seasonahead",1,2
"sec",1,2
"sedan",1,2
"sedm",1,2
"seg",1,2
"selfbreed",1,2
"selfpeak",1,2
"selnet",1,2
"semelpar",1,2
"semisolar",1,2
"semisubmers",1,2
"seremban",1,2
"setar",1,2
"sfs",1,2
"sgt",1,2
"shadesensit",1,2
"sheetandtub",1,2
"shelter",1,2
"shiftabl",1,2
"shipper",1,2
"shoresid",1,2
"shps",1,2
"shunt",1,2
"shw",1,2
"siemen",1,2
"siltat",1,2
"singleunit",1,2
"sisal",1,2
"sitescreen",1,2
"sizedens",1,2
"skycamera",1,2
"sla",1,2
"slac",1,2
"sndi",1,2
"sng",1,2
"snowpron",1,2
"snowrel",1,2
"socbas",1,2
"sofcgt",1,2
"softwarecentr",1,2
"solarmultipl",1,2
"solarnet",1,2
"solution—",1,2
"soundabsorpt",1,2
"souza",1,2
"spar",1,2
"specimen",1,2
"spf",1,2
"spo",1,2
"spshs",1,2
"srs",1,2
"srtiorh",1,2
"ssalrf",1,2
"ssis",1,2
"ssp",1,2
"statisticsbas",1,2
"steamtocarbon",1,2
"stl",1,2
"storage’",1,2
"streamwnn",1,2
"stripper",1,2
"subproblem",1,2
"subsidiar",1,2
"sulphid",1,2
"suntrack",1,2
"surfacetoair",1,2
"surveyless",1,2
"svmsa",1,2
"swh",1,2
"switchev",1,2
"symbol",1,2
"synopticscal",1,2
"systembas",1,2
"tact",1,2
"taichung",1,2
"tair",1,2
"tbc",1,2
"tbr",1,2
"technologydriven",1,2
"tecnologia",1,2
"temperaturephas",1,2
"territorybas",1,2
"tesbic",1,2
"tfc",1,2
"thaw",1,2
"thermalenergi",1,2
"thermophys",1,2
"thirdfloor",1,2
"thoughtout",1,2
"threebedroom",1,2
"thrown",1,2
"thump",1,2
"tiamecn",1,2
"ticket",1,2
"tidalstream",1,2
"timberland",1,2
"timeforward",1,2
"timetocomplet",1,2
"tis",1,2
"tlop",1,2
"tnc",1,2
"toc",1,2
"tongu",1,2
"tonneyear",1,2
"top‐‐rail",1,2
"tpr",1,2
"transcriptom",1,2
"tricklecharg",1,2
"triest",1,2
"trifluoroacet",1,2
"trustless",1,2
"tsa",1,2
"tsc",1,2
"tsp",1,2
"tswh",1,2
"twh∙y−",1,2
"twha",1,2
"twopric",1,2
"ucm",1,2
"ufad",1,2
"ufl",1,2
"uhc",1,2
"uloh",1,2
"ulp",1,2
"ultrathin",1,2
"unbal",1,2
"underfloor",1,2
"unet",1,2
"uniaxi",1,2
"unimod",1,2
"uniteffici",1,2
"unstress",1,2
"uplift",1,2
"urr",1,2
"usdkg",1,2
"usdmwh",1,2
"useabl",1,2
"ustco",1,2
"vair",1,2
"vcc",1,2
"vecto",1,2
"venetian",1,2
"ventilationcool",1,2
"vfs",1,2
"victorian",1,2
"vine",1,2
"virf",1,2
"vivo",1,2
"vmd‐tcn",1,2
"vod",1,2
"voltagesourc",1,2
"vppd",1,2
"vpps",1,2
"vrft",1,2
"vrus",1,2
"vsa",1,2
"wafgwm",1,2
"wakefield",1,2
"warmth",1,2
"wasi",1,2
"waterenergyclim",1,2
"waterflow",1,2
"waterfowl",1,2
"watersid",1,2
"wcm",1,2
"wdm",1,2
"weatherdriven",1,2
"weatherenergi",1,2
"weatherinduc",1,2
"wecc",1,2
"weekdaysweekend",1,2
"wei",1,2
"westpomeranian",1,2
"wholedwel",1,2
"wholehous",1,2
"wideangl",1,2
"widerbandgap",1,2
"wifi",1,2
"windbreak",1,2
"windhydrogen",1,2
"windpv",1,2
"windward",1,2
"windwav",1,2
"winnipeg",1,2
"wisconsin",1,2
"withdrawnmanipul",1,2
"woolnorth",1,2
"wpre",1,2
"wpres",1,2
"wprs",1,2
"wsns",1,2
"wtbase",1,2
"wti",1,2
"wudapt",1,2
"wwr’s",1,2
"xlam",1,2
"xor",1,2
"xrd",1,2
"yangjiang",1,2
"yearbook",1,2
"yoy",1,2
"yulin",1,2
"zhanjiang",1,2
"zhejiang",1,2
"zigzag",1,2
"zircaloy",1,2
"αstabl",1,2
"μwind",1,2
"  million",1,1
"  srt",1,1
" ±  μg l−",1,1
" ×  km",1,1
" × km",1,1
" acm",1,1
" bar",1,1
" cm",1,1
" g m−",1,1
" kg coe mwh−",1,1
" kwh m−",1,1
" kwhcapita",1,1
" kwhma",1,1
" l s−",1,1
" ma cm−",1,1
" mg l−",1,1
" mha",1,1
" million",1,1
" mmj",1,1
" mol m– d–",1,1
" tg coe",1,1
" v ",1,1
"– h",1,1
"– km",1,1
"– kw h",1,1
"– m",1,1
"– mw",1,1
"– nm",1,1
"–°c",1,1
"–customeryear",1,1
"–kwh",1,1
"‘agrivoltaic’",1,1
"‘arrangements’",1,1
"‘condit",1,1
"‘cooperative’",1,1
"‘crossover’",1,1
"‘deep",1,1
"‘electr",1,1
"‘energyus",1,1
"‘ensembl",1,1
"‘footprint’",1,1
"‘fossil",1,1
"‘green’",1,1
"‘hybrid",1,1
"‘liquidair",1,1
"‘lowenergi",1,1
"‘mediumhigh’",1,1
"‘multipl",1,1
"‘near",1,1
"‘onpeak’",1,1
"‘optimal’",1,1
"‘pakistan",1,1
"‘passive’",1,1
"‘point",1,1
"‘practic",1,1
"‘pumpedtherm",1,1
"‘pv’",1,1
"‘s’",1,1
"‘scheduled’",1,1
"‘selfconsumption’",1,1
"‘selfish’",1,1
"‘simulationbas",1,1
"‘smart’",1,1
"‘special",1,1
"‘thermal",1,1
"‘transport",1,1
"‘typical’",1,1
"“absolut",1,1
"“archetypes”",1,1
"“bayesian”",1,1
"“behavior”",1,1
"“bigger",1,1
"“build",1,1
"“bumps”",1,1
"“case",1,1
"“coldironing”",1,1
"“complications”",1,1
"“coupled”",1,1
"“cumulative”",1,1
"“digit",1,1
"“dry”",1,1
"“duck",1,1
"“dunkelflaute”",1,1
"“elev",1,1
"“energi",1,1
"“energyintensive”",1,1
"“ensur",1,1
"“fundament",1,1
"“gfunctions”",1,1
"“gpts”",1,1
"“grey",1,1
"“health”",1,1
"“high",1,1
"“hole”",1,1
"“hydrogen",1,1
"“immediacy”",1,1
"“intend",1,1
"“iv”",1,1
"“larg",1,1
"“load",1,1
"“low",1,1
"“mission",1,1
"“model",1,1
"“modern",1,1
"“morphed”",1,1
"“morphing”",1,1
"“negat",1,1
"“nightlights”",1,1
"“nitrit",1,1
"“noregrets”",1,1
"“normal”",1,1
"“notches”",1,1
"“overage”",1,1
"“parameter",1,1
"“peakanddecline”",1,1
"“perform",1,1
"“proxi",1,1
"“ramp",1,1
"“real”",1,1
"“rebound",1,1
"”recipes”",1,1
"“retoscolaboración",1,1
"“scaledown”",1,1
"“scaleup”",1,1
"“sector",1,1
"“severe”",1,1
"“soft”",1,1
"“solar",1,1
"“spinning”",1,1
"“static”",1,1
"“steadi",1,1
"“streetnetwork",1,1
"“sustainable”",1,1
"“tail”",1,1
"“tlocation”",1,1
"“traditional”",1,1
"“triggered”",1,1
"“twice",1,1
"“twin",1,1
"“util",1,1
"“weaknesses”",1,1
"“wiggl",1,1
"“winddiesel”",1,1
"°c ",1,1
"°c–",1,1
"±gms",1,1
"××mm",1,1
"×km",1,1
"×ms",1,1
"×tdmannum",1,1
"− °c",1,1
"− tg coe",1,1
"∼fold",1,1
"≥rd",1,1
"◦c◦c",1,1
"£kwh",1,1
"£mwe",1,1
"€centmwhwind",1,1
"€kw",1,1
"€mwe",1,1
"€nm",1,1
"€person",1,1
"ababa",1,1
"abaqus",1,1
"abcframework",1,1
"aberr",1,1
"abonn",1,1
"abovebelowaverag",1,1
"abover",1,1
"absorbers—",1,1
"absorbgener",1,1
"ac’",1,1
"acacia",1,1
"academician",1,1
"accelerationdeceler",1,1
"acceleratordriven",1,1
"accelerometri",1,1
"acceptableafford",1,1
"acceptor",1,1
"accessibility”",1,1
"accod",1,1
"accountthi",1,1
"accredit",1,1
"accret",1,1
"accuracyenergi",1,1
"accuratenoisi",1,1
"accustom",1,1
"ace",1,1
"acee",1,1
"acet",1,1
"acetaldehyd",1,1
"aceton",1,1
"acirl",1,1
"aclevel",1,1
"acmpx",1,1
"aco",1,1
"acommon",1,1
"acquaint",1,1
"acr",1,1
"activationdeactiv",1,1
"activity–travel",1,1
"activityinact",1,1
"activitytravel",1,1
"acus",1,1
"ada",1,1
"adaptationmitig",1,1
"adaptationretrofit",1,1
"adcirc",1,1
"addedstatehighway",1,1
"addi",1,1
"additionn",1,1
"addresslevel",1,1
"adelaid",1,1
"adj",1,1
"adjoin",1,1
"adl",1,1
"adm",1,1
"admiss",1,1
"admit",1,1
"adolesc",1,1
"adr",1,1
"adriat",1,1
"advancemet",1,1
"aecp",1,1
"aegi",1,1
"aero",1,1
"aeroderiv",1,1
"aerodynamicbas",1,1
"aerofoil",1,1
"aerogel",1,1
"aeromechan",1,1
"aeronet",1,1
"afe",1,1
"affair",1,1
"affinitycapac",1,1
"aﬀord",1,1
"afforest",1,1
"afftectd",1,1
"afterhour",1,1
"aftot",1,1
"agency’",1,1
"agentlevel",1,1
"agents’",1,1
"agespecif",1,1
"agglomer",1,1
"agil",1,1
"agio",1,1
"agnost",1,1
"agrifood",1,1
"agrochem",1,1
"agroforestri",1,1
"agronomi",1,1
"agrorenew",1,1
"agv’",1,1
"ahu",1,1
"ahvaz",1,1
"aic",1,1
"aichi",1,1
"aimsun",1,1
"air’",1,1
"airbypass",1,1
"airchang",1,1
"aircool",1,1
"airexchang",1,1
"airflowmodel",1,1
"airhandl",1,1
"airpollut",1,1
"airspe",1,1
"airtoair",1,1
"airtowat",1,1
"airwat",1,1
"aladin",1,1
"alam",1,1
"alaskan",1,1
"albani",1,1
"albuquerqu",1,1
"alburywodonga",1,1
"alcohol",1,1
"alderney",1,1
"alert",1,1
"alessandro",1,1
"alexandria",1,1
"algarv",1,1
"algier",1,1
"algorithms’",1,1
"algorithmsmodel",1,1
"allahabad",1,1
"allday",1,1
"alleg",1,1
"allianc",1,1
"allicin",1,1
"allindia",1,1
"allpurpos",1,1
"allright",1,1
"allterrain",1,1
"almeria",1,1
"almostful",1,1
"alongterm",1,1
"alp",1,1
"alpha",1,1
"alphaclass",1,1
"alpin",1,1
"alsi",1,1
"altavilla",1,1
"altimetr",1,1
"alumina",1,1
"alv",1,1
"alwayspres",1,1
"amalgam",1,1
"amalia",1,1
"amarawickrama",1,1
"amazona",1,1
"amazonia",1,1
"amazonian",1,1
"amazonicum",1,1
"ambival",1,1
"amidst",1,1
"aminebas",1,1
"amino",1,1
"ammoniabas",1,1
"ammoniamethanol",1,1
"ammoniatopow",1,1
"amolass",1,1
"amorphoussilicon",1,1
"amperehour",1,1
"amperometr",1,1
"amphitheatr",1,1
"amphitrit",1,1
"ampl",1,1
"ampli",1,1
"amplif",1,1
"amsterdam",1,1
"amv",1,1
"anadara",1,1
"analysedmain",1,1
"analysisbas",1,1
"analysisif",1,1
"analyticsi",1,1
"analyzedpropos",1,1
"analyzs",1,1
"anchorag",1,1
"andpres",1,1
"andtrad",1,1
"anecdot",1,1
"anemo",1,1
"anfisaco",1,1
"anfisga",1,1
"anfispso",1,1
"anfo",1,1
"angasi",1,1
"anglo",1,1
"animalpl",1,1
"anion",1,1
"anisotrop",1,1
"annex",1,1
"annpso",1,1
"annuiti",1,1
"annular",1,1
"anonym",1,1
"ansi",1,1
"anteced",1,1
"anthrop",1,1
"anthropocentr",1,1
"anthropogenesisforc",1,1
"anticipatori",1,1
"anticompetit",1,1
"anticyclon",1,1
"antipeakshav",1,1
"antiseason",1,1
"antisoci",1,1
"antistress",1,1
"antivirus",1,1
"antiwindup",1,1
"antofagasta",1,1
"anusplin",1,1
"anylogistix",1,1
"anyon",1,1
"aotearoa",1,1
"apa",1,1
"apathi",1,1
"api",1,1
"apnet",1,1
"appalachian",1,1
"append",1,1
"applianceappli",1,1
"appliances’",1,1
"applicationappropri",1,1
"applicationori",1,1
"applicationrel",1,1
"applicationsawar",1,1
"applicationshydrogen",1,1
"appoint",1,1
"approachdraw",1,1
"approachesardl",1,1
"apriori",1,1
"aprjun",1,1
"aqaba",1,1
"aquilinum",1,1
"arabian",1,1
"arcdpa",1,1
"archetypebas",1,1
"architektur",1,1
"arcswat",1,1
"area”",1,1
"areal",1,1
"areath",1,1
"areawid",1,1
"arhighpass",1,1
"arimafamili",1,1
"arimagarch",1,1
"arimasp",1,1
"armax",1,1
"aromat",1,1
"arous",1,1
"arp",1,1
"arrivaltim",1,1
"arsenic",1,1
"arsenid",1,1
"arthropod",1,1
"artichok",1,1
"artificialintelligencedriven",1,1
"artificialneuralnetworkbas",1,1
"artist",1,1
"artmap",1,1
"artmapbas",1,1
"arxbas",1,1
"asc",1,1
"ascent",1,1
"asei",1,1
"ashar",1,1
"ashraeiesna",1,1
"ashraesevenpoint",1,1
"asianpacif",1,1
"asphaltth",1,1
"aspley",1,1
"ass",1,1
"assam",1,1
"assert",1,1
"asthma",1,1
"astm",1,1
"astronaut",1,1
"asu",1,1
"atf",1,1
"atherm",1,1
"atlanta",1,1
"atmosphereocean",1,1
"atmosphériqu",1,1
"atomicscal",1,1
"atrisk",1,1
"attentionalbas",1,1
"attentionthi",1,1
"attitudeintent",1,1
"auditcollect",1,1
"auditor",1,1
"audkwh",1,1
"augusta",1,1
"aupv",1,1
"auspic",1,1
"austintexa",1,1
"australopithecin",1,1
"austriangerman",1,1
"autark",1,1
"autarki",1,1
"author’",1,1
"authorit",1,1
"autogener",1,1
"autoregressivedistribut",1,1
"avalanch",1,1
"avantium",1,1
"avcilar",1,1
"avensi",1,1
"average—",1,1
"averagecost",1,1
"avl",1,1
"avr",1,1
"avs’",1,1
"awe",1,1
"aweer",1,1
"awh",1,1
"axa",1,1
"axialflow",1,1
"ayear",1,1
"azarbayjan",1,1
"azerbaijan",1,1
"babi",1,1
"bachelor",1,1
"backandforth",1,1
"backdrop",1,1
"backf",1,1
"backfit",1,1
"backgroundobject",1,1
"backlash",1,1
"backsheet",1,1
"backtrack",1,1
"backwardlook",1,1
"backwork",1,1
"bacteriophag",1,1
"baffleimpel",1,1
"bahía",1,1
"baja",1,1
"balanço",1,1
"balear",1,1
"bali",1,1
"balkan",1,1
"bandura",1,1
"bankabl",1,1
"barbara",1,1
"barcelona",1,1
"barefoot",1,1
"baresoil",1,1
"barium",1,1
"barometr",1,1
"baroqu",1,1
"barrel",1,1
"barriers—",1,1
"barringtonleigh",1,1
"barrow",1,1
"bart",1,1
"barycentr",1,1
"bas",1,1
"baseloadcap",1,1
"batchwis",1,1
"bath",1,1
"bathroom",1,1
"bathymetr",1,1
"bathymetri",1,1
"battell",1,1
"batter",1,1
"batteries’",1,1
"batterycharg",1,1
"batteryon",1,1
"batteryonlyvehicl",1,1
"batterypow",1,1
"batteryswap",1,1
"batterytopv",1,1
"bauth",1,1
"bauxit",1,1
"bavaria",1,1
"bavarian",1,1
"bayus",1,1
"bazrceyybo",1,1
"bcaibas",1,1
"beachazur",1,1
"bearer",1,1
"bebs’",1,1
"bec",1,1
"beech",1,1
"beer",1,1
"beerlambert",1,1
"begel",1,1
"behavioursensit",1,1
"behest",1,1
"beirut",1,1
"bekk",1,1
"belhar",1,1
"bell",1,1
"bellow",1,1
"belowground",1,1
"benchmarking”",1,1
"benchscal",1,1
"benchtop",1,1
"bend",1,1
"bender",1,1
"beneath",1,1
"beneficiari",1,1
"benguerir",1,1
"benmap",1,1
"beo",1,1
"beopt",1,1
"bepbemwudapt",1,1
"bergpold",1,1
"beset",1,1
"bessembind",1,1
"besss",1,1
"bestavail",1,1
"bestinmarket",1,1
"bestow",1,1
"bestperform",1,1
"bestrevis",1,1
"bestsuit",1,1
"betavers",1,1
"betoken",1,1
"better”",1,1
"betweencountri",1,1
"betweengroup",1,1
"betweenindividu",1,1
"beverag",1,1
"bewild",1,1
"bfbof",1,1
"bfgs",1,1
"bfspc",1,1
"bfv",1,1
"bfw–",1,1
"bhutan",1,1
"bianchini",1,1
"biannual",1,1
"biasadjust",1,1
"bibliograph",1,1
"bibliographi",1,1
"bic",1,1
"bicep",1,1
"bicolor",1,1
"bicyclist",1,1
"biden",1,1
"bidimension",1,1
"bigcc",1,1
"bigdata",1,1
"bigg",1,1
"bigger",1,1
"bigruattent",1,1
"bike",1,1
"bilay",1,1
"bilinear",1,1
"billioncubicmet",1,1
"billionsm",1,1
"billionunless",1,1
"bilstm",1,1
"binarycycl",1,1
"binaryinteg",1,1
"binomi",1,1
"biocapac",1,1
"biocompat",1,1
"biodegrad",1,1
"bioeconomi",1,1
"bioeffluent",1,1
"bioenergybiofuel",1,1
"bioenergyproduct",1,1
"bioethanol",1,1
"biofertil",1,1
"biofloc",1,1
"biogaschp",1,1
"biogasif",1,1
"biogasmethan",1,1
"biogen",1,1
"biogeographi",1,1
"biokinet",1,1
"biom",1,1
"biomark",1,1
"biomassderiv",1,1
"biomassfossil",1,1
"biomassnorm",1,1
"biomasstoliquid",1,1
"biomed",1,1
"biomethan",1,1
"biometri",1,1
"biophys",1,1
"bioreactor",1,1
"biosng",1,1
"biotechnolog",1,1
"biotic",1,1
"biotissu",1,1
"biphas",1,1
"bipow",1,1
"bipvt",1,1
"biquadrat",1,1
"bisbt",1,1
"bison",1,1
"bissiri",1,1
"bistabl",1,1
"bitebas",1,1
"bitflip",1,1
"bitmapbas",1,1
"bitreproduc",1,1
"bitwidth",1,1
"biweek",1,1
"bladder",1,1
"bladeless",1,1
"blending—",1,1
"blida",1,1
"bloc",1,1
"blockchainintegr",1,1
"blood",1,1
"blow",1,1
"blown",1,1
"bluestem",1,1
"bluetooth",1,1
"bode",1,1
"bodybia",1,1
"bodyclass",1,1
"bodyenergi",1,1
"bogi",1,1
"bogomolov",1,1
"bogotá",1,1
"boilerchil",1,1
"bol",1,1
"bologna",1,1
"boltzmann",1,1
"bomb",1,1
"bone",1,1
"bonnevill",1,1
"boomer",1,1
"boreal",1,1
"borkum",1,1
"born",1,1
"boro",1,1
"borrow",1,1
"bottommount",1,1
"bought",1,1
"bowel",1,1
"boxbehnken",1,1
"boxmodel",1,1
"bozkurt",1,1
"bpa",1,1
"bpes",1,1
"bpnnbase",1,1
"bpv",1,1
"bracken",1,1
"brainmachin",1,1
"brasília",1,1
"brazil’",1,1
"breakag",1,1
"breakdat",1,1
"breeder",1,1
"brehom",1,1
"brent",1,1
"bres",1,1
"bresciani",1,1
"breviti",1,1
"bridgwat",1,1
"brightest",1,1
"brink",1,1
"brisk",1,1
"bro",1,1
"broadbrush",1,1
"broadest",1,1
"broca",1,1
"brook",1,1
"brooklyn",1,1
"brosch",1,1
"brownout",1,1
"broydenfletchergoldfarbshanno",1,1
"brteam",1,1
"brunaueremmetttel",1,1
"brush",1,1
"bruteforc",1,1
"bsgp",1,1
"bsolar",1,1
"bsss",1,1
"btmss",1,1
"btpm",1,1
"bucharest",1,1
"buenas—",1,1
"buildingoccup",1,1
"buildingspecif",1,1
"buildout",1,1
"buildup",1,1
"builtform",1,1
"bujagali",1,1
"bulgaria",1,1
"bullish",1,1
"bunch",1,1
"bunstress",1,1
"burdensom",1,1
"burst",1,1
"businessa",1,1
"bust",1,1
"buswel",1,1
"buswis",1,1
"butlervolm",1,1
"butylmethylimidazolium",1,1
"buysid",1,1
"bwid",1,1
"bycoproduct",1,1
"byelaw",1,1
"byncnd",1,1
"bypassdiod",1,1
"bzcyyb",1,1
"caascent",1,1
"cabas",1,1
"cable’",1,1
"cables’",1,1
"cadastr",1,1
"cage",1,1
"cairo",1,1
"calcit",1,1
"calciumloop",1,1
"calculation”",1,1
"calgreen",1,1
"calibratedevelop",1,1
"calibration”",1,1
"californiaberkeley",1,1
"californian",1,1
"callcent",1,1
"calliop",1,1
"calm",1,1
"calorimet",1,1
"calv",1,1
"cam",1,1
"cambodia",1,1
"camden",1,1
"camp",1,1
"canaria",1,1
"canesm",1,1
"cangzhou",1,1
"cannabi",1,1
"cantilev",1,1
"capability”",1,1
"capacitya",1,1
"capacitybuild",1,1
"capacityland",1,1
"cape’",1,1
"capitalelectr",1,1
"capitalis",1,1
"capitalnatur",1,1
"capitalpetroleum",1,1
"capitamil",1,1
"capricornia",1,1
"capsular",1,1
"captain",1,1
"captiv",1,1
"capturerel",1,1
"carbam",1,1
"carbas",1,1
"carbo",1,1
"carbonbuzz",1,1
"carboncarbon",1,1
"carbonchem®",1,1
"carbonemissionscoeffici",1,1
"carbonreduct",1,1
"carbonyl",1,1
"carboxyl",1,1
"carburet",1,1
"carcinogen",1,1
"cardepend",1,1
"cardin",1,1
"carefullydesign",1,1
"caremarqu",1,1
"caribou",1,1
"carlobas",1,1
"carloderiv",1,1
"carlogener",1,1
"carnegi",1,1
"carnot",1,1
"carriedout",1,1
"carry‐",1,1
"carryout",1,1
"cartagena",1,1
"cartesian",1,1
"cartographi",1,1
"carworldwid",1,1
"cascadeforward",1,1
"casebycas",1,1
"caseth",1,1
"catalys",1,1
"catarina",1,1
"catchup",1,1
"catholyt",1,1
"cattlefarm",1,1
"causat",1,1
"caveat",1,1
"cavit",1,1
"cavitywal",1,1
"cawthorn",1,1
"cbmcfs",1,1
"cbral",1,1
"ccd",1,1
"ccds",1,1
"ccl",1,1
"ccm",1,1
"ccmp",1,1
"ccp",1,1
"ccpre",1,1
"ccprf",1,1
"cct",1,1
"cctv",1,1
"cdg",1,1
"cdrs",1,1
"cds",1,1
"cecb",1,1
"ced",1,1
"cee",1,1
"ceerhap",1,1
"ceilingfloor",1,1
"ceilomet",1,1
"cellbas",1,1
"celllevel",1,1
"cellstack",1,1
"celltocel",1,1
"cellulos",1,1
"cementiti",1,1
"cen",1,1
"cenac",1,1
"censor",1,1
"censusderiv",1,1
"center–communication​",1,1
"centers’",1,1
"centimet",1,1
"centralh",1,1
"centralizeddecentr",1,1
"centrallyact",1,1
"centralpl",1,1
"centralquébec",1,1
"centric",1,1
"centrifug",1,1
"centrocercus",1,1
"centroid",1,1
"centskw",1,1
"centskwhth",1,1
"cer",1,1
"certainti",1,1
"cesm",1,1
"cesp",1,1
"ceteri",1,1
"cetp",1,1
"cfdcht",1,1
"cfe",1,1
"cfls",1,1
"cfsr",1,1
"cgarch",1,1
"cgiarcsi",1,1
"chair",1,1
"chalk",1,1
"challenge—most",1,1
"change”",1,1
"changepoint",1,1
"changerel",1,1
"channelbusi",1,1
"chao",1,1
"chapter",1,1
"charcoalburn",1,1
"chargeabl",1,1
"chargeddischarg",1,1
"chargedeplet",1,1
"chargesustain",1,1
"chargingdischarg",1,1
"chargingonpeak",1,1
"chargingstart",1,1
"charl",1,1
"chemometr",1,1
"chen",1,1
"chennai",1,1
"chess",1,1
"chest",1,1
"chief",1,1
"chiefli",1,1
"chil",1,1
"childhood",1,1
"china–pakistan",1,1
"chinapakistan",1,1
"chipbas",1,1
"chlorinecontain",1,1
"chloroform",1,1
"chloroplast",1,1
"choicebas",1,1
"choicesand",1,1
"chongm",1,1
"chongq",1,1
"chop",1,1
"chord",1,1
"chose",1,1
"chpwind",1,1
"chris",1,1
"christma",1,1
"chromiumdop",1,1
"chronic",1,1
"chtcs",1,1
"ciência",1,1
"ciesol",1,1
"cimn",1,1
"ciprofloxacin",1,1
"circa",1,1
"circl",1,1
"circuitri",1,1
"circuitswitch",1,1
"circuittub",1,1
"circumfer",1,1
"cire",1,1
"cirf",1,1
"cirp",1,1
"cirrus",1,1
"cis",1,1
"cisco",1,1
"cisencod",1,1
"citybas",1,1
"cityscal",1,1
"citysim",1,1
"cityth",1,1
"ckd",1,1
"ckks",1,1
"clara",1,1
"clariti",1,1
"classequival",1,1
"classificationpredict",1,1
"classspecif",1,1
"clayston",1,1
"clayton",1,1
"cleanenergi",1,1
"clearmodel",1,1
"client",1,1
"clifftyp",1,1
"climate–demand",1,1
"climatechangederiv",1,1
"climateenergi",1,1
"climategrowth",1,1
"climateinterim",1,1
"climatewarminginduc",1,1
"clinton",1,1
"clone",1,1
"closerang",1,1
"cloudfre",1,1
"cloudinessbas",1,1
"cloudresolv",1,1
"clusterlevel",1,1
"cm−",1,1
"cmem",1,1
"cmgwinprop",1,1
"cmipcoupl",1,1
"cmr",1,1
"cnc",1,1
"cngs",1,1
"cnnbase",1,1
"cnr",1,1
"cnrmcm",1,1
"cnrs",1,1
"coad",1,1
"coalabund",1,1
"coaldomin",1,1
"coalheavi",1,1
"coaltoelectr",1,1
"coaltoga",1,1
"coaltoliquid",1,1
"coamp",1,1
"coarsen",1,1
"coarser",1,1
"coats−redfern",1,1
"coavoid",1,1
"cobalt",1,1
"cobbdougla",1,1
"cochraneorcutt",1,1
"cocoa",1,1
"coconcentr",1,1
"cocost",1,1
"coderequir",1,1
"coekwh",1,1
"coeqyr",1,1
"coevapor",1,1
"coffe",1,1
"cofund",1,1
"cogen",1,1
"cogj",1,1
"cognis",1,1
"cognitiveaffect",1,1
"coharm",1,1
"cohortcompon",1,1
"coker",1,1
"coldclim",1,1
"coldiron",1,1
"cole",1,1
"colossoma",1,1
"combinedcycl",1,1
"combinedheatandpow",1,1
"combisystem",1,1
"combustionbas",1,1
"comfortcontrol",1,1
"comfortdriven",1,1
"comisión",1,1
"comj",1,1
"commandandcontrol",1,1
"commend",1,1
"commerciallevel",1,1
"commercialofftheshelf",1,1
"commercialsector",1,1
"comminut",1,1
"commission",1,1
"commonmod",1,1
"commonwealth",1,1
"communist",1,1
"communities’",1,1
"communitylevel",1,1
"commuters’",1,1
"comol",1,1
"companies’",1,1
"companiesth",1,1
"complaint",1,1
"completionstimul",1,1
"componentsth",1,1
"compressednaturalgasfuel",1,1
"compressorturbin",1,1
"computationcommun",1,1
"computersimul",1,1
"comsi",1,1
"comsol",1,1
"conceal",1,1
"concent",1,1
"concentrationrespons",1,1
"conceptualis",1,1
"concernedthi",1,1
"concert",1,1
"concili",1,1
"concludedplan",1,1
"concord",1,1
"concretefram",1,1
"concur",1,1
"condition–",1,1
"conditionsai",1,1
"conditionstravel",1,1
"conductionon",1,1
"conductor",1,1
"conductorlik",1,1
"coneutr",1,1
"conferenc",1,1
"configurationinactiv",1,1
"configurationloc",1,1
"configurations—wel",1,1
"configurationspecif",1,1
"conflat",1,1
"conformalcub",1,1
"conformist",1,1
"congestionbas",1,1
"congo",1,1
"congress",1,1
"conjoin",1,1
"conjoint",1,1
"connot",1,1
"conscienti",1,1
"consent",1,1
"considered—en",1,1
"conspicu",1,1
"constanc",1,1
"consumedi",1,1
"consumer’",1,1
"consumerprosum",1,1
"consumption–growth",1,1
"consumption–spe",1,1
"consumptionawar",1,1
"consumptioneconom",1,1
"consumptiongross",1,1
"consumptiongrowth",1,1
"consumptionincom",1,1
"consumptionmodel",1,1
"consumptionproduct",1,1
"consumptionth",1,1
"container",1,1
"contempl",1,1
"contest",1,1
"contextrich",1,1
"contextsensit",1,1
"contextualis",1,1
"continuousflow",1,1
"continuousjump",1,1
"continuousvalu",1,1
"continuouswav",1,1
"continuum",1,1
"contractsfordiffer",1,1
"contributori",1,1
"control—",1,1
"controlbas",1,1
"controlfre",1,1
"controlledstrain",1,1
"conundrum",1,1
"conventionallyschedul",1,1
"conveyor",1,1
"coolbiz",1,1
"coolingpl",1,1
"coolingrel",1,1
"copert",1,1
"copi",1,1
"coplan",1,1
"copollut",1,1
"coppeufrj",1,1
"coprocess",1,1
"coprocessor",1,1
"coproduc",1,1
"copul",1,1
"copulabas",1,1
"coreduct",1,1
"corel",1,1
"coremov",1,1
"corich",1,1
"cork",1,1
"cornerston",1,1
"corolla",1,1
"correlationship",1,1
"corridorsb",1,1
"corrug",1,1
"corrupt",1,1
"corsica",1,1
"cortexa",1,1
"corticosteroid",1,1
"cosmet",1,1
"cosmor",1,1
"cospar",1,1
"costbenefici",1,1
"costineffici",1,1
"costinvest",1,1
"costliest",1,1
"costminim",1,1
"costneutr",1,1
"costofownership",1,1
"costoptimis",1,1
"costperform",1,1
"costreflect",1,1
"costsalthough",1,1
"costsuppli",1,1
"costthi",1,1
"costtosolut",1,1
"coton",1,1
"coulomb",1,1
"countabl",1,1
"countdown",1,1
"counterpois",1,1
"counterrot",1,1
"countless",1,1
"countries’",1,1
"countriesst",1,1
"countrycontin",1,1
"countryit",1,1
"countylevel",1,1
"countyscal",1,1
"cournot–nash–walra",1,1
"cox",1,1
"cpct",1,1
"cpcts",1,1
"cpec",1,1
"cpi",1,1
"cpps",1,1
"cradl",1,1
"cradletocradl",1,1
"craft",1,1
"crane",1,1
"crassostrea",1,1
"crcoat",1,1
"creativecommonsorglicensesbi",1,1
"crime",1,1
"crippl",1,1
"crispdm",1,1
"criticalpeak",1,1
"criticis",1,1
"critiqu",1,1
"crobas",1,1
"crop’",1,1
"cropland",1,1
"cropspecif",1,1
"cropyield",1,1
"crossappli",1,1
"crosscalibr",1,1
"crossciti",1,1
"crosscorrel",1,1
"crossdisciplinari",1,1
"crossedinflu",1,1
"crossflow",1,1
"crossmodel",1,1
"crosspow",1,1
"crosspredict",1,1
"crossquantil",1,1
"crossregion",1,1
"crossroad",1,1
"crosssector",1,1
"crossstructur",1,1
"crosstempor",1,1
"crossvalidationth",1,1
"crossvalidationthi",1,1
"crossvari",1,1
"crosszon",1,1
"crps",1,1
"crushinggrind",1,1
"cryptographi",1,1
"cryptosystem",1,1
"crystalsdilithium",1,1
"csc",1,1
"csic",1,1
"csilabel",1,1
"cspsolar",1,1
"csr",1,1
"csrs",1,1
"cstep",1,1
"cstr",1,1
"csys",1,1
"cte",1,1
"cube",1,1
"cuckoo",1,1
"cue",1,1
"cuin",1,1
"cuinxga",1,1
"curaçao",1,1
"current–voltag",1,1
"curvatur",1,1
"curve”",1,1
"curvilinear",1,1
"customdesign",1,1
"customertailor",1,1
"customiz",1,1
"custommad",1,1
"cvd",1,1
"cvs",1,1
"cwgan",1,1
"cxinduc",1,1
"cyanobacteria",1,1
"cyber",1,1
"cybersecur",1,1
"cybertwindriven",1,1
"cyclist",1,1
"cycloneswindstorm",1,1
"czs",1,1
"daciência",1,1
"daem",1,1
"daiichi",1,1
"dailyinterv",1,1
"dakota",1,1
"dali",1,1
"dallasft",1,1
"dambreach",1,1
"dambuild",1,1
"damper",1,1
"darcyforchheim",1,1
"darklight",1,1
"darmstadt",1,1
"data—",1,1
"dataa",1,1
"dataassist",1,1
"datacentr",1,1
"dataclust",1,1
"datafrac",1,1
"dataframework",1,1
"datamodel",1,1
"datarich",1,1
"datashift",1,1
"datath",1,1
"datawith",1,1
"davi",1,1
"dayamong",1,1
"daylightlink",1,1
"daylighton",1,1
"daylightsens",1,1
"daylit",1,1
"days’",1,1
"daysim",1,1
"daysimbas",1,1
"daythi",1,1
"dayweekendholiday",1,1
"dbdcorona",1,1
"dbg",1,1
"dbm",1,1
"dcac",1,1
"dcanvent",1,1
"dcbase",1,1
"dcc",1,1
"dctoac",1,1
"dead",1,1
"deadband",1,1
"deadweight",1,1
"dealer",1,1
"deb",1,1
"debias",1,1
"debromin",1,1
"decade”",1,1
"decarburis",1,1
"decaroli",1,1
"decelerationacceler",1,1
"decidu",1,1
"deciph",1,1
"decision‐mak",1,1
"decisiondepend",1,1
"decisionfocus",1,1
"declassifi",1,1
"decompositionbas",1,1
"decoupling”",1,1
"decrement",1,1
"deduct",1,1
"deepen",1,1
"deepest",1,1
"deeplearn",1,1
"deepsea",1,1
"defenc",1,1
"defens",1,1
"defossilis",1,1
"degass",1,1
"deglob",1,1
"degreesoffreedom",1,1
"dehalogen",1,1
"deidentifi",1,1
"deindustrialis",1,1
"deioniz",1,1
"delamin",1,1
"delawar",1,1
"delaytoler",1,1
"delectricité",1,1
"deleteri",1,1
"delft",1,1
"delhi",1,1
"delib",1,1
"delic",1,1
"delocalis",1,1
"delong",1,1
"delphi",1,1
"delta",1,1
"demandanalysi",1,1
"demandconsumpt",1,1
"demandcontrol",1,1
"demandforecast",1,1
"demandfuel",1,1
"demandga",1,1
"demandgener",1,1
"demandus",1,1
"demateri",1,1
"dematerialis",1,1
"dematerializationmateri",1,1
"demis",1,1
"demnad",1,1
"demographicbas",1,1
"demographicbuild",1,1
"demolish",1,1
"den",1,1
"dendrit",1,1
"deni",1,1
"denitrit",1,1
"denomin",1,1
"denser",1,1
"densest",1,1
"densif",1,1
"densifi",1,1
"depopul",1,1
"depressur",1,1
"depthaverag",1,1
"depthintegr",1,1
"derisk",1,1
"describedth",1,1
"deseasonil",1,1
"desert—tend",1,1
"design—lead",1,1
"designelectromagnet",1,1
"designofexperi",1,1
"designretrofit",1,1
"designschedul",1,1
"deskbas",1,1
"desorpt",1,1
"despatch",1,1
"despot",1,1
"desstine",1,1
"dest",1,1
"desulphur",1,1
"desynchron",1,1
"detroit",1,1
"developmentloc",1,1
"developments’",1,1
"device”",1,1
"devolatil",1,1
"dewa",1,1
"dewar",1,1
"dewat",1,1
"dewi",1,1
"dewpoint",1,1
"dfr",1,1
"dft",1,1
"dhabiua",1,1
"dhaka",1,1
"dhnetwork",1,1
"diagon",1,1
"dialogu",1,1
"diametr",1,1
"diarrhea",1,1
"diarybas",1,1
"dice",1,1
"dictionari",1,1
"didnt",1,1
"diebold–mariano",1,1
"dieoff",1,1
"dieselelectr",1,1
"dieselis",1,1
"dieselkeroseneethanol",1,1
"dieselpow",1,1
"dietari",1,1
"dieter",1,1
"differenc",1,1
"differencetim",1,1
"diffusioncontrol",1,1
"dig",1,1
"digress",1,1
"dijkstra",1,1
"dike",1,1
"dilat",1,1
"dilithium",1,1
"diminut",1,1
"dimitrio",1,1
"dimmer",1,1
"dimorph",1,1
"dinitrogen",1,1
"directlymeasur",1,1
"disassembl",1,1
"disc",1,1
"discharginginactiv",1,1
"disclosur",1,1
"discolor",1,1
"disconnected",1,1
"discretetim",1,1
"discussedestim",1,1
"discussedth",1,1
"disfavor",1,1
"dismantl",1,1
"dispersionus",1,1
"disqualifi",1,1
"dissoci",1,1
"dissolutionprecipit",1,1
"dissuad",1,1
"distancedepend",1,1
"distract",1,1
"distress",1,1
"distributed—",1,1
"distributedmemori",1,1
"distributionallyrobust",1,1
"distributionfre",1,1
"distributionthi",1,1
"distributor",1,1
"districtccd",1,1
"districtwid",1,1
"distrust",1,1
"divorc",1,1
"divulg",1,1
"dlcinduc",1,1
"dlcsa",1,1
"dlrs",1,1
"dltenabl",1,1
"dma",1,1
"dme",1,1
"dms",1,1
"dnn’",1,1
"dnnbase",1,1
"dnns",1,1
"dnv",1,1
"doabl",1,1
"doctor",1,1
"dodecyl",1,1
"doenetl",1,1
"dogma",1,1
"dol",1,1
"dolomit",1,1
"domesticoccup",1,1
"donorfund",1,1
"donornongovernment",1,1
"dont",1,1
"dormanc",1,1
"dorsolater",1,1
"doserespons",1,1
"doubledigit",1,1
"doubleglaz",1,1
"doublehel",1,1
"doublehurdl",1,1
"doublepass",1,1
"downlink",1,1
"downregul",1,1
"downsiz",1,1
"dpbs",1,1
"dqaxi",1,1
"dram",1,1
"drbob",1,1
"drew",1,1
"driest",1,1
"drillingblast",1,1
"driscollkraay",1,1
"drivers’",1,1
"drivetrain",1,1
"drone",1,1
"droopbas",1,1
"dropout",1,1
"drps",1,1
"drum",1,1
"dryness",1,1
"drywet",1,1
"dsp",1,1
"dsts",1,1
"dsubway",1,1
"dti",1,1
"dualcnn",1,1
"dualinform",1,1
"dualpressur",1,1
"dualrc",1,1
"dualtir",1,1
"dub",1,1
"ductwork",1,1
"duli",1,1
"dulong",1,1
"dumitrescuhurlin",1,1
"dustload",1,1
"dutycycl",1,1
"dvfs",1,1
"dwarf",1,1
"dweller",1,1
"dynamicalphys",1,1
"dynamicsbas",1,1
"dynamicsthink",1,1
"dynamomet",1,1
"e–g",1,1
"eaf",1,1
"eapp",1,1
"earlyadopt",1,1
"earlygener",1,1
"earmark",1,1
"earner",1,1
"earth’",1,1
"earthabund",1,1
"earthair",1,1
"earthairtunnel",1,1
"easter",1,1
"eastward",1,1
"easytoaccess",1,1
"easytoimpl",1,1
"easytomeasur",1,1
"eavesdropp",1,1
"ebbflood",1,1
"ecbs—particular",1,1
"eccab",1,1
"ecd",1,1
"ecet",1,1
"echaid",1,1
"ecocommun",1,1
"ecommerc",1,1
"econ",1,1
"econjourn",1,1
"econometricstatist",1,1
"economicdevelop",1,1
"economicmodel",1,1
"economicoptim",1,1
"economicsfin",1,1
"economiqu",1,1
"economis",1,1
"ecotransit",1,1
"ecp",1,1
"ect",1,1
"ederington",1,1
"edf",1,1
"edgeloc",1,1
"edgemodifi",1,1
"edger",1,1
"edges",1,1
"edholm",1,1
"edibl",1,1
"edific",1,1
"édition",1,1
"edmonton",1,1
"edoptim",1,1
"edp",1,1
"eðtþ",1,1
"eðtþðtþwðtþ",1,1
"edx",1,1
"eemdpsrgawnn",1,1
"eeotot",1,1
"eex",1,1
"eﬀect",1,1
"effectu",1,1
"efficiency—",1,1
"efficiencyrel",1,1
"effus",1,1
"egg",1,1
"egi",1,1
"eider",1,1
"eigenvalu",1,1
"eightyf",1,1
"eiolca",1,1
"eir",1,1
"ejector",1,1
"eji",1,1
"elasticity—",1,1
"elasticitybas",1,1
"elastohydrodynam",1,1
"elecforecast",1,1
"electricallight",1,1
"electricdemand",1,1
"electricdriven",1,1
"electricidad",1,1
"electricitycost",1,1
"electricitypoor",1,1
"electricitysav",1,1
"electricitysuppli",1,1
"electricon",1,1
"electricvehicl",1,1
"electrocatalyt",1,1
"electrochemistri",1,1
"electrocoagul",1,1
"electroluminesc",1,1
"electronif",1,1
"electrontransport",1,1
"eleg",1,1
"elementari",1,1
"eletrobrá",1,1
"elig",1,1
"elitist",1,1
"eload",1,1
"elong",1,1
"elus",1,1
"emancip",1,1
"embark",1,1
"embodiedversusoper",1,1
"embryo",1,1
"emd",1,1
"emdbas",1,1
"emden",1,1
"emir",1,1
"emissioneffici",1,1
"emissions–",1,1
"emissions”",1,1
"emissionsenergi",1,1
"emissionsfre",1,1
"emissionsincom",1,1
"emissionsmonet",1,1
"emitterdegener",1,1
"emobl",1,1
"empiricallydetermin",1,1
"emplac",1,1
"empti",1,1
"emss",1,1
"emtdcpscad",1,1
"emulab",1,1
"encon",1,1
"encroach",1,1
"endanger",1,1
"endconsumers’",1,1
"enddevic",1,1
"endem",1,1
"endoexotherm",1,1
"endofcenturi",1,1
"endogenis",1,1
"endproduct",1,1
"endur",1,1
"enduser’",1,1
"enel",1,1
"energ",1,1
"energética",1,1
"energia",1,1
"energien",1,1
"energy–gdp",1,1
"energy–growth",1,1
"energy–intens",1,1
"energy—",1,1
"energyaibas",1,1
"energyand",1,1
"energyaround",1,1
"energycentr",1,1
"energyclim",1,1
"energyconstrain",1,1
"energycrop",1,1
"energydens",1,1
"energydispers",1,1
"energyeconom",1,1
"energyeconomyenviron",1,1
"energyeffect",1,1
"energyemiss",1,1
"energyexergi",1,1
"energyfeedback",1,1
"energyforecast",1,1
"energygdp",1,1
"energyhealth",1,1
"energyhungri",1,1
"energyinduc",1,1
"energymeteorolog",1,1
"energymodel",1,1
"energyn",1,1
"energyoptim",1,1
"energyor",1,1
"energyperform",1,1
"energypluss",1,1
"energyplusspecif",1,1
"energypoverti",1,1
"energypow",1,1
"energyreduc",1,1
"energyreduct",1,1
"energyresourc",1,1
"energysector",1,1
"energystorag",1,1
"energysystem",1,1
"energytopow",1,1
"energytosolut",1,1
"energytrad",1,1
"energytransform",1,1
"energyusag",1,1
"energywaterfood",1,1
"eneriss",1,1
"enermena",1,1
"enertil",1,1
"enerwin",1,1
"engineintheloop",1,1
"enlist",1,1
"enn",1,1
"ensemblebas",1,1
"ensil",1,1
"enterococcus",1,1
"enthusiasm",1,1
"enthusiast",1,1
"entireti",1,1
"entranc",1,1
"entropybas",1,1
"environmentaleconom",1,1
"environmentallysound",1,1
"environmentnatur",1,1
"enzym",1,1
"eod",1,1
"eof",1,1
"epausrw",1,1
"epcs’",1,1
"epdm",1,1
"epex",1,1
"epgclos",1,1
"epicent",1,1
"epidem",1,1
"epipolar",1,1
"episplin",1,1
"epr",1,1
"eqkg",1,1
"equalarea",1,1
"equationofst",1,1
"equationori",1,1
"equatorfac",1,1
"equilibriumbas",1,1
"equipment–data",1,1
"equipment—",1,1
"equipmentoper",1,1
"equipmentretrofit",1,1
"equipmentusag",1,1
"equivalentcm",1,1
"equivoc",1,1
"erect",1,1
"erev",1,1
"ergo",1,1
"ergon",1,1
"erneuerbar",1,1
"ernst",1,1
"eroi—eroig",1,1
"erron",1,1
"errorpron",1,1
"erynni",1,1
"escherichia",1,1
"esd",1,1
"eshraghi",1,1
"esj",1,1
"eskilson",1,1
"esmaeili",1,1
"esp",1,1
"espoo",1,1
"esri",1,1
"esteem",1,1
"estimates −",1,1
"estimatesdu",1,1
"estonian",1,1
"estuarin",1,1
"estuarythi",1,1
"eswatini",1,1
"etap",1,1
"etb",1,1
"ethanediyl",1,1
"ethernet",1,1
"ethic",1,1
"ethnograph",1,1
"ethylen",1,1
"etic",1,1
"etlc",1,1
"etss",1,1
"etud",1,1
"euac",1,1
"eucalyptusbas",1,1
"euet",1,1
"eufund",1,1
"eulevel",1,1
"eupowerdispatch",1,1
"euratom",1,1
"eurobaromet",1,1
"eurofex",1,1
"europe’",1,1
"europechalleng",1,1
"europevan",1,1
"evad",1,1
"evaluationweight",1,1
"eventsthi",1,1
"everchang",1,1
"everevolv",1,1
"everexpand",1,1
"evermor",1,1
"everris",1,1
"everybodi",1,1
"everyth",1,1
"evolutionarili",1,1
"evoptimanag",1,1
"ewast",1,1
"exagger",1,1
"examplesfin",1,1
"exasper",1,1
"exchangerbas",1,1
"excurs",1,1
"exergoeconom",1,1
"exet",1,1
"exotherm",1,1
"exp",1,1
"expandedhighwaycapac",1,1
"expansiondecommiss",1,1
"expectationmaxim",1,1
"expectedvari",1,1
"expel",1,1
"expenditure”",1,1
"expensivetoevalu",1,1
"exposurerel",1,1
"exposurerespons",1,1
"expound",1,1
"extendedrang",1,1
"extension–flexion",1,1
"extensiveform",1,1
"externalcombust",1,1
"extinguish",1,1
"extracellular",1,1
"extratrop",1,1
"extravers",1,1
"extremophil",1,1
"extrins",1,1
"extrud",1,1
"extrus",1,1
"eymodel",1,1
"fab",1,1
"façadeintegr",1,1
"façades’",1,1
"facebook",1,1
"facetofac",1,1
"facilitylevel",1,1
"facto",1,1
"factors—human",1,1
"factors—remain",1,1
"factorscharacterist",1,1
"factorscreen",1,1
"factorsdriven",1,1
"factorsinduc",1,1
"fadashk",1,1
"fail”",1,1
"fairbanksnatur",1,1
"fairer",1,1
"fallaci",1,1
"fallow",1,1
"falsifi",1,1
"famgat",1,1
"famin",1,1
"famous",1,1
"far—standard",1,1
"fare",1,1
"farflung",1,1
"fargo",1,1
"farmgrid",1,1
"farmsfor",1,1
"farmsth",1,1
"farmtogrid",1,1
"farther",1,1
"fastchargingtyp",1,1
"fastelectr",1,1
"fastmov",1,1
"fastneutron",1,1
"fastpac",1,1
"fastslow",1,1
"fat",1,1
"fate",1,1
"fatiguelik",1,1
"fatrich",1,1
"fattail",1,1
"faulti",1,1
"favorit",1,1
"favourit",1,1
"fayalit",1,1
"fbr",1,1
"fcc",1,1
"fcchp",1,1
"fcev–",1,1
"fchev",1,1
"fcv",1,1
"fds",1,1
"fdsoi",1,1
"fear",1,1
"feasibleth",1,1
"featureengin",1,1
"featuresba",1,1
"featureweight",1,1
"feb",1,1
"fedi",1,1
"feedbackbas",1,1
"feedbackloop",1,1
"feedbackmechan",1,1
"feedwat",1,1
"feeling”",1,1
"feiqi",1,1
"fem",1,1
"femalehead",1,1
"fenestr",1,1
"fereshteh",1,1
"ferrit",1,1
"ferroalloy",1,1
"fesio",1,1
"fesss",1,1
"festiv",1,1
"fft",1,1
"fftifft",1,1
"fget",1,1
"fgetidtox",1,1
"fhf",1,1
"fiber–met",1,1
"fibrousfilt",1,1
"fick",1,1
"fickl",1,1
"fielddeploy",1,1
"fieldmet",1,1
"fieldofview",1,1
"fifteenst",1,1
"fight",1,1
"fijian",1,1
"filippini’",1,1
"filledup",1,1
"filtrationdisinfect",1,1
"finergrain",1,1
"finitecontrolset",1,1
"finitediffer",1,1
"finitehorizon",1,1
"finitepoolofworri",1,1
"finitevolum",1,1
"fireus",1,1
"firms’",1,1
"first’",1,1
"firstcom",1,1
"firstlay",1,1
"firstopt",1,1
"firstserv",1,1
"firsttier",1,1
"fis",1,1
"fischer",1,1
"fissibl",1,1
"fissil",1,1
"fission",1,1
"fitnet",1,1
"fiveaxl",1,1
"fiveecosystem",1,1
"fixedaxi",1,1
"fixedpoint",1,1
"fixedquantil",1,1
"fixedschedul",1,1
"fixtur",1,1
"flag",1,1
"flamesfrom",1,1
"flander",1,1
"flare",1,1
"flatcummet",1,1
"flatsurfac",1,1
"flavor",1,1
"flexibil",1,1
"flipchipattach",1,1
"floatabl",1,1
"floatingpoint",1,1
"floccul",1,1
"floodcontrol",1,1
"floodon",1,1
"floodwat",1,1
"floodwav",1,1
"floorarearatio",1,1
"floorcov",1,1
"floortoceil",1,1
"floresc",1,1
"flowback",1,1
"flowbas",1,1
"flowchartlik",1,1
"flowerlik",1,1
"flowpow",1,1
"flowrat",1,1
"flowsheet",1,1
"fluenc",1,1
"fluidis",1,1
"fluidizedb",1,1
"fluorinepassiv",1,1
"flywheel",1,1
"fmdp",1,1
"fnir",1,1
"fnmoc",1,1
"foa",1,1
"foad",1,1
"fog",1,1
"foil",1,1
"followedup",1,1
"followon",1,1
"followsan",1,1
"followsup",1,1
"fom",1,1
"fonterra",1,1
"foodenergywat",1,1
"foodfeedfib",1,1
"foodstuff",1,1
"foot",1,1
"forcedair",1,1
"foreaft",1,1
"forecasting”",1,1
"forecastingurban",1,1
"forecasts—includ",1,1
"foregon",1,1
"foreigndepend",1,1
"forerunn",1,1
"foresee™",1,1
"foreshadow",1,1
"foretel",1,1
"forgon",1,1
"forklift",1,1
"formaldehydea",1,1
"formationsuch",1,1
"formsof",1,1
"formwork",1,1
"forsberg",1,1
"fortran",1,1
"fortyon",1,1
"fortytwo",1,1
"forwardbackward",1,1
"forwardthink",1,1
"fossilfrom",1,1
"fossilfuelderiv",1,1
"fossilfuelfir",1,1
"fossilfuelrel",1,1
"fossilmethan",1,1
"fossiltherm",1,1
"fourlevel",1,1
"fourseason",1,1
"fourstag",1,1
"fourstorey",1,1
"fourtermin",1,1
"fouryear",1,1
"fpca",1,1
"fpractic",1,1
"fps",1,1
"fracturetr",1,1
"framework—",1,1
"frankfurt",1,1
"fraunhof",1,1
"freeflow",1,1
"freeliv",1,1
"freerun",1,1
"freestream",1,1
"freewheel",1,1
"frei",1,1
"freightturnov",1,1
"freightvis",1,1
"frequencycentr",1,1
"frequencysever",1,1
"frequentlyus",1,1
"frictionrel",1,1
"fridg",1,1
"friedman",1,1
"fring",1,1
"fromto",1,1
"fromveur",1,1
"frontal",1,1
"frontlin",1,1
"frugal",1,1
"frugivor",1,1
"fsu",1,1
"ftir",1,1
"fuelcel",1,1
"fueldriven",1,1
"fuelgener",1,1
"fuelindepend",1,1
"fuellean",1,1
"fuelon",1,1
"fueltransit",1,1
"fuelus",1,1
"full‐scal",1,1
"fullparti",1,1
"fullrat",1,1
"fullycov",1,1
"fullydistribut",1,1
"fulton",1,1
"fun",1,1
"functioncorrect",1,1
"funder",1,1
"für",1,1
"furano",1,1
"further",1,1
"fusionrelev",1,1
"futurecompli",1,1
"fuzhan",1,1
"fyq",1,1
"ĝ€m",1,1
"gabi",1,1
"gacmo",1,1
"gainassb",1,1
"gainbandwidth",1,1
"gainn",1,1
"gainschedul",1,1
"gainschina",1,1
"gal",1,1
"galicia",1,1
"gallium",1,1
"galloprovinciali",1,1
"gamechang",1,1
"gametheoret",1,1
"gamge",1,1
"gao",1,1
"garag",1,1
"garbagecollect",1,1
"garchtyp",1,1
"garment",1,1
"garner",1,1
"garrett",1,1
"garson",1,1
"gasconnect",1,1
"gasevolv",1,1
"gasfil",1,1
"gasimbal",1,1
"gasliquid",1,1
"gasth",1,1
"gastransmiss",1,1
"gastrointestin",1,1
"gasturbin",1,1
"gatecycl",1,1
"gatetun",1,1
"gaussianmixtur",1,1
"gauteng",1,1
"gbaud",1,1
"gbps",1,1
"gcoekwh",1,1
"gcokwh",1,1
"gcps",1,1
"gdpis",1,1
"gdptkmmj",1,1
"gdr",1,1
"gecol",1,1
"gees",1,1
"geesthachtgerman",1,1
"gefcom",1,1
"gel",1,1
"gen",1,1
"genabl",1,1
"genera",1,1
"generalist",1,1
"generation…",1,1
"generation’",1,1
"generationconsumpt",1,1
"generationlevel",1,1
"generationth",1,1
"generativea",1,1
"generatoron",1,1
"generatorrel",1,1
"generators’",1,1
"geneticalgorithm",1,1
"geneticbas",1,1
"geneva",1,1
"genoa",1,1
"genset",1,1
"gent",1,1
"genus",1,1
"geocod",1,1
"geodemograph",1,1
"geoeconom",1,1
"geographicallydispers",1,1
"geomat",1,1
"geomorpholog",1,1
"geophir",1,1
"georgia—",1,1
"geoss",1,1
"geostatist",1,1
"geostrateg",1,1
"geotechn",1,1
"geq",1,1
"geric",1,1
"germer",1,1
"gesd",1,1
"gesetz",1,1
"gfec",1,1
"gfs",1,1
"gfu",1,1
"ggj",1,1
"ghaddar",1,1
"ghardaia",1,1
"ghardaïa",1,1
"ghgemit",1,1
"ghgkm",1,1
"ghsv",1,1
"gigafactori",1,1
"gigajoul",1,1
"gigaton",1,1
"gigatonn",1,1
"gird",1,1
"gisintegr",1,1
"gjnr",1,1
"gjt",1,1
"gkg",1,1
"glacierf",1,1
"gladston",1,1
"glider",1,1
"globallysignific",1,1
"globalregion",1,1
"globalwarm",1,1
"glosea",1,1
"glucos",1,1
"glycerol",1,1
"glycol",1,1
"gmcn",1,1
"gmm",1,1
"gms",1,1
"gmt",1,1
"gnf",1,1
"goaf",1,1
"goaldirect",1,1
"goalin",1,1
"gochang",1,1
"gold",1,1
"golfo",1,1
"golog",1,1
"gologit",1,1
"gong",1,1
"goodpractic",1,1
"gorgonio",1,1
"gormezano",1,1
"gothenburg",1,1
"gotland",1,1
"göttingen",1,1
"government’",1,1
"governmentcommiss",1,1
"governments’",1,1
"gpso",1,1
"gpts",1,1
"grab",1,1
"gradientboost",1,1
"gran",1,1
"granada",1,1
"grangercausalityinquantil",1,1
"graphtheoret",1,1
"grassroot",1,1
"gravetocradl",1,1
"gravitybas",1,1
"graybox",1,1
"grbfnn",1,1
"grc",1,1
"grcfoam",1,1
"greaselubr",1,1
"greedi",1,1
"greenenergyawar",1,1
"greenius",1,1
"greenwich",1,1
"griddefect",1,1
"griddriven",1,1
"gridelectr",1,1
"gridinform",1,1
"gridiron",1,1
"gridlin",1,1
"gridload",1,1
"gridon",1,1
"gridpoint",1,1
"gridpv",1,1
"grids’",1,1
"gridscal",1,1
"gridserviceavail",1,1
"gridsiz",1,1
"gridti",1,1
"gridus",1,1
"gridview",1,1
"gridwec",1,1
"grip",1,1
"grosso",1,1
"groundloop",1,1
"groundwork",1,1
"grouplasso",1,1
"growingdegreeday",1,1
"growth predict",1,1
"growthincom",1,1
"growthtrial",1,1
"gruyter",1,1
"gsm",1,1
"gsnmpc",1,1
"gsr",1,1
"gtap",1,1
"gtc",1,1
"gtiac",1,1
"gtnem",1,1
"gtpp",1,1
"gtpps",1,1
"gtps",1,1
"guadeloup",1,1
"guangxi",1,1
"guess",1,1
"gui",1,1
"guild",1,1
"guillou",1,1
"guinea",1,1
"guldhamm",1,1
"gumbel",1,1
"gusti",1,1
"gwa",1,1
"gwcs",1,1
"gwe",1,1
"gwhyear",1,1
"gwo",1,1
"gyroscop",1,1
"haberbosch",1,1
"hack",1,1
"hadron",1,1
"hafner",1,1
"hahn",1,1
"hahn–westskog",1,1
"hail",1,1
"hair",1,1
"haiti",1,1
"halfduplex",1,1
"halffloatingpoint",1,1
"halfheusl",1,1
"halfhourahead",1,1
"halfrang",1,1
"haloacet",1,1
"halomethan",1,1
"halophenols’",1,1
"halopropanon",1,1
"halt",1,1
"ham",1,1
"hamburggermani",1,1
"hami",1,1
"hammersteinwien",1,1
"handengin",1,1
"handi",1,1
"handov",1,1
"handover’",1,1
"hanoi",1,1
"hapa",1,1
"harbin",1,1
"hardpart",1,1
"hardtoevalu",1,1
"hardtopredict",1,1
"hardtorecov",1,1
"hardwareenhanc",1,1
"hardwareinduc",1,1
"harmless",1,1
"harri",1,1
"harrisonatla",1,1
"harrv",1,1
"harsher",1,1
"harshest",1,1
"harvald",1,1
"hasn’t",1,1
"hawaii’",1,1
"hces—",1,1
"hco",1,1
"hco−",1,1
"hcoh",1,1
"hddbase",1,1
"hdreaf",1,1
"hdts",1,1
"hdvs",1,1
"headach",1,1
"headdist",1,1
"headon",1,1
"headquart",1,1
"headroom",1,1
"headwat",1,1
"headwind",1,1
"healthili",1,1
"heartrat",1,1
"heataccumul",1,1
"heatcool",1,1
"heatingintermiss",1,1
"heatingload",1,1
"heatisland",1,1
"heatpow",1,1
"heatpron",1,1
"heatpump",1,1
"heatrecoveri",1,1
"heatrel",1,1
"heattransf",1,1
"heatvulner",1,1
"heav",1,1
"heavilyovercast",1,1
"heavyoil",1,1
"heavytail",1,1
"hebei",1,1
"hebron",1,1
"hedon",1,1
"heg",1,1
"helioclim",1,1
"heliotrop",1,1
"hellen",1,1
"helm",1,1
"helmholtzzentrum",1,1
"hemosu",1,1
"henan",1,1
"hepa",1,1
"herbac",1,1
"herbicid",1,1
"herewith",1,1
"hermann",1,1
"hermit",1,1
"herwartz",1,1
"hesh",1,1
"hesit",1,1
"hesperiida",1,1
"heterohomogen",1,1
"hexahedr",1,1
"heyday",1,1
"hfcs",1,1
"hfo",1,1
"hfomarin",1,1
"hide",1,1
"high‐precis",1,1
"highact",1,1
"highalbedo",1,1
"highbandwidth",1,1
"highbatteri",1,1
"highcarbon",1,1
"highcod",1,1
"highconcentr",1,1
"highdimension",1,1
"highdistribut",1,1
"highend",1,1
"highenergysav",1,1
"highenthalpi",1,1
"higherord",1,1
"higherperform",1,1
"higherrisk",1,1
"highestposs",1,1
"highflow",1,1
"highgrad",1,1
"highlatitud",1,1
"highload",1,1
"highlow",1,1
"highlycoupl",1,1
"highlyload",1,1
"highlyvari",1,1
"highord",1,1
"highpass",1,1
"highpenetr",1,1
"highpow",1,1
"highpredict",1,1
"highprior",1,1
"highradix",1,1
"highresolutison",1,1
"highrisk",1,1
"highscenario",1,1
"highsolid",1,1
"highstak",1,1
"highsugar",1,1
"hightolowcarbon",1,1
"highvacuum",1,1
"highvalu",1,1
"highveld",1,1
"highvoltag",1,1
"highvolum",1,1
"highvr",1,1
"highwind",1,1
"highwindlowdemand",1,1
"higrid",1,1
"hilli",1,1
"hilltyp",1,1
"hischier",1,1
"hispan",1,1
"hitachi",1,1
"hkw",1,1
"hma",1,1
"hmi",1,1
"hmtd",1,1
"hoe",1,1
"hohai",1,1
"holetransport",1,1
"holm",1,1
"holograph",1,1
"holt",1,1
"home’",1,1
"homebas",1,1
"homeoccup",1,1
"homeostasi",1,1
"homeowners’",1,1
"homeownership",1,1
"homescal",1,1
"hometohom",1,1
"homomorph",1,1
"homomorphicbas",1,1
"homoscedast",1,1
"honeycomb",1,1
"horn",1,1
"hornsdal",1,1
"hose",1,1
"hotel",1,1
"hotfilm",1,1
"hotplat",1,1
"hottelwhillierbliss",1,1
"hourlydiscret",1,1
"hourtohour",1,1
"house’",1,1
"housebuilt",1,1
"housebyhous",1,1
"householders’",1,1
"householdservic",1,1
"householdspecif",1,1
"housingsector",1,1
"houston",1,1
"hperson",1,1
"hpower",1,1
"hqs",1,1
"hress",1,1
"hsb",1,1
"hsitroci",1,1
"hspice",1,1
"hss",1,1
"htest",1,1
"htf",1,1
"htse",1,1
"httpcreativecommonsorglicensesbyncnd",1,1
"https",1,1
"httpwwweiadoegovoiafanalysispaperrpsindexhtml",1,1
"hull",1,1
"humancent",1,1
"humancentr",1,1
"humanfriend",1,1
"humanhealth",1,1
"humankind",1,1
"humanlabel",1,1
"humanmachin",1,1
"humanmateri",1,1
"humanrobot",1,1
"humanwildlif",1,1
"humidifi",1,1
"humidificationdehumidif",1,1
"hunter",1,1
"hupx",1,1
"hurricanepron",1,1
"hurst",1,1
"hwc",1,1
"hwp",1,1
"hws",1,1
"hybridelectr",1,1
"hybridimmunesystembas",1,1
"hybridis",1,1
"hybridpow",1,1
"hydroclim",1,1
"hydrocyclon",1,1
"hydrofluorocarbon",1,1
"hydrogarnet",1,1
"hydrogenas",1,1
"hydrogener",1,1
"hydrogenfuel",1,1
"hydrogengener",1,1
"hydrogenhub",1,1
"hydrogennatur",1,1
"hydrogenpow",1,1
"hydrogenproduc",1,1
"hydrogenrich",1,1
"hydrogensynthet",1,1
"hydrogeolog",1,1
"hydroinflow",1,1
"hydrophil",1,1
"hydropower’",1,1
"hydropowerrich",1,1
"hydroprocess",1,1
"hydropump",1,1
"hydroturbin",1,1
"hydroxid",1,1
"hydroxyl",1,1
"hyper",1,1
"hypothesis",1,1
"hysteret",1,1
"hysys®",1,1
"hytec",1,1
"hzg",1,1
"iagr",1,1
"iampsm",1,1
"iberia",1,1
"ibm",1,1
"ibrs—",1,1
"icebas",1,1
"iceon",1,1
"icestorag",1,1
"icevdiesel",1,1
"icevgasolin",1,1
"icevliquefi",1,1
"icevsgasolin",1,1
"iclei",1,1
"icon",1,1
"icpm",1,1
"ictalurus",1,1
"ictwid",1,1
"idealis",1,1
"identifiedinclud",1,1
"idt",1,1
"ie ",1,1
"ieo",1,1
"iesvr",1,1
"iet",1,1
"ietf",1,1
"ifogsim",1,1
"ifor",1,1
"iga",1,1
"ihepc",1,1
"ihl",1,1
"iii–v",1,1
"iiiivi",1,1
"iitbombay",1,1
"iivi",1,1
"ijr",1,1
"illdefin",1,1
"illicit",1,1
"illinoi",1,1
"illpredict",1,1
"illuminationdepend",1,1
"illuminationsensor",1,1
"ilp",1,1
"imac",1,1
"imaginaries’",1,1
"imbalancesettl",1,1
"immatur",1,1
"immobilis",1,1
"imp",1,1
"impacteffectposit",1,1
"imperi",1,1
"impetus",1,1
"imping",1,1
"implaus",1,1
"impossible”",1,1
"impound",1,1
"improvements–",1,1
"imprud",1,1
"incalcul",1,1
"incap",1,1
"inch",1,1
"incheon",1,1
"incident",1,1
"incl",1,1
"included∗",1,1
"inco",1,1
"income—",1,1
"incomegdp",1,1
"incomegener",1,1
"incomeinelast",1,1
"incomeoutput",1,1
"incompat",1,1
"incompress",1,1
"inconveni",1,1
"incountri",1,1
"increasedparticular",1,1
"increasesdecreas",1,1
"increasingsever",1,1
"incred",1,1
"indc”",1,1
"indeterminaci",1,1
"indiath",1,1
"indisput",1,1
"individualbas",1,1
"individualdwel",1,1
"individuallevel",1,1
"indoorair",1,1
"industrialscal",1,1
"industrialtechnologicalinform",1,1
"industryclust",1,1
"industryin",1,1
"industryon",1,1
"inequality—",1,1
"infam",1,1
"infanc",1,1
"infantri",1,1
"infil",1,1
"infinitum",1,1
"inflationadjust",1,1
"influencepredict",1,1
"informationintens",1,1
"informationpoor",1,1
"inframargin",1,1
"infrastructureasaservic",1,1
"infrequ",1,1
"ingest",1,1
"ingo",1,1
"ingrain",1,1
"inhal",1,1
"inherit",1,1
"inhospit",1,1
"inhous",1,1
"initialguess",1,1
"initialis",1,1
"injectiongener",1,1
"injectionproduct",1,1
"injectionr",1,1
"injustic",1,1
"innovationrel",1,1
"innumer",1,1
"inordin",1,1
"inout",1,1
"inoutsampl",1,1
"inp",1,1
"inpdhbt",1,1
"inpil",1,1
"inplac",1,1
"input–output",1,1
"input−output",1,1
"inputeoutput",1,1
"inputoutputprocess",1,1
"inputsbas",1,1
"inroad",1,1
"insectivor",1,1
"insecur",1,1
"insel",1,1
"insepar",1,1
"insofar",1,1
"installerus",1,1
"instat",1,1
"institutepublish",1,1
"institutions’",1,1
"instream",1,1
"instrumentalvari",1,1
"insurmount",1,1
"intact",1,1
"intang",1,1
"integrado",1,1
"intellectu",1,1
"intelligencebas",1,1
"intel™",1,1
"intenttoadopt",1,1
"interappl",1,1
"interappli",1,1
"interclust",1,1
"interdiurn",1,1
"interf",1,1
"interfactor",1,1
"interhamon",1,1
"interhour",1,1
"interiorpoint",1,1
"interject",1,1
"interlay",1,1
"intermediari",1,1
"intermediatestag",1,1
"intermesh",1,1
"intermodel",1,1
"intermolecular",1,1
"internalcombust",1,1
"internalcombustionengin",1,1
"internalis",1,1
"internationallydevelop",1,1
"internetbas",1,1
"internetofenergi",1,1
"internetofth",1,1
"interphas",1,1
"interquartil",1,1
"interrelationship",1,1
"interrog",1,1
"interseason",1,1
"intersector",1,1
"interurban",1,1
"intervalbas",1,1
"intervalparamet",1,1
"intervehicl",1,1
"interweek",1,1
"interyear",1,1
"interzon",1,1
"inth",1,1
"intoduct",1,1
"intraannu",1,1
"intraappli",1,1
"intracellular",1,1
"intradiari",1,1
"intraeu",1,1
"intraseason",1,1
"intraspecif",1,1
"intricaci",1,1
"introductori",1,1
"invari",1,1
"invehicl",1,1
"invenergi",1,1
"inventor",1,1
"invertedv",1,1
"invessel",1,1
"investigación",1,1
"investmentdomin",1,1
"investorown",1,1
"investors’",1,1
"invoic",1,1
"inwestpomeranian",1,1
"iodateiodid",1,1
"iodideiod",1,1
"iodin",1,1
"ioeleverag",1,1
"ionis",1,1
"ionselect",1,1
"iotsg",1,1
"ipat",1,1
"ipccrpa",1,1
"ipcl",1,1
"ipex",1,1
"ipo",1,1
"ipr",1,1
"irb",1,1
"ironiiiironii",1,1
"ironlimit",1,1
"ironmak",1,1
"irrepar",1,1
"irt",1,1
"isa",1,1
"ise",1,1
"iset",1,1
"isij",1,1
"isl",1,1
"ismp",1,1
"isnt",1,1
"ison",1,1
"isosurfac",1,1
"isotop",1,1
"isra",1,1
"issues—fin",1,1
"issueus",1,1
"issuewat",1,1
"istanbul",1,1
"italy’",1,1
"italyto",1,1
"ithm",1,1
"itr",1,1
"jaffna",1,1
"jamaica",1,1
"janeiro",1,1
"javabali",1,1
"javabas",1,1
"jaw",1,1
"jensen",1,1
"jerusalem",1,1
"jetsincrossflow",1,1
"jettocrossflow",1,1
"jingtang",1,1
"joaquin",1,1
"jodhpur",1,1
"joel",1,1
"joinedup",1,1
"jorg",1,1
"joulethomson",1,1
"jsc",1,1
"juan",1,1
"jubon",1,1
"judgement",1,1
"jülich",1,1
"jumpstart",1,1
"juncus",1,1
"junk",1,1
"juri",1,1
"justic",1,1
"juvenil",1,1
"juxtapos",1,1
"k−mean",1,1
"kaen",1,1
"kahului",1,1
"kalimantan",1,1
"kano",1,1
"kansa",1,1
"karanfil",1,1
"karhunen",1,1
"karhunenloèv",1,1
"katrina",1,1
"kawasaki",1,1
"kbps",1,1
"kem",1,1
"kepco",1,1
"keqiang",1,1
"kera",1,1
"kern",1,1
"keynot",1,1
"keyston",1,1
"keyword",1,1
"​kg",1,1
"kgcoday",1,1
"kgcokgads·h",1,1
"kgd",1,1
"kgdwet",1,1
"kgmin",1,1
"kgt",1,1
"kgyear",1,1
"khale",1,1
"khon",1,1
"khorasan",1,1
"kill",1,1
"kiln",1,1
"kilometr",1,1
"kiloton",1,1
"kilowatt",1,1
"kindr",1,1
"kingdom’",1,1
"kitakyushu",1,1
"kitchenhom",1,1
"kjkg",1,1
"kjmday",1,1
"kle",1,1
"kleidon",1,1
"kling–gupta",1,1
"klts",1,1
"km×",1,1
"km×km",1,1
"kma",1,1
"kmabi",1,1
"kmh",1,1
"kmin",1,1
"kmlong",1,1
"kmode",1,1
"kmresolut",1,1
"knee”",1,1
"knit",1,1
"knob",1,1
"known—",1,1
"knudsen",1,1
"koop",1,1
"kopili",1,1
"köppengeig",1,1
"kpi",1,1
"kragujevac",1,1
"kredex",1,1
"krpm",1,1
"kruse",1,1
"krushkal–w",1,1
"ksp",1,1
"ktco",1,1
"kton",1,1
"kubuqi",1,1
"kuhntuck",1,1
"kuniilevenspiel",1,1
"kusil",1,1
"kvitsøi",1,1
"kwc",1,1
"kweight",1,1
"kwel",1,1
"​kwh",1,1
"​kwhcm",1,1
"kwhkglh",1,1
"kwhkwrate",1,1
"kwhmorder",1,1
"kwhmyr",1,1
"kwhr",1,1
"kwht",1,1
"kwhym",1,1
"kwhyrm",1,1
"kwkg",1,1
"kwkwp",1,1
"kwl",1,1
"kwpeak",1,1
"kyeonggi",1,1
"kyushu",1,1
"laboratorybench",1,1
"laboratorybenchscal",1,1
"laboratoryscal",1,1
"laboraugment",1,1
"laborelectr",1,1
"labori",1,1
"laborintens",1,1
"labscal",1,1
"lactic",1,1
"lacuna",1,1
"laden",1,1
"laggard",1,1
"lagrang",1,1
"lahmey",1,1
"lai",1,1
"laicpm",1,1
"lakshadweep",1,1
"laminartoturbul",1,1
"land–bas",1,1
"landarea",1,1
"landauer",1,1
"landbound",1,1
"landmass",1,1
"landsat",1,1
"landsav",1,1
"landtak",1,1
"landusetraveland",1,1
"landwat",1,1
"languag",1,1
"lantern",1,1
"laplac",1,1
"laptop",1,1
"laquila",1,1
"large—",1,1
"largearea",1,1
"largecapac",1,1
"largeformat",1,1
"largelanguag",1,1
"largereservoir",1,1
"larges",1,1
"laserclass",1,1
"lasso—group",1,1
"lasso—outperform",1,1
"lassorf",1,1
"latespr",1,1
"latitude–longitud",1,1
"latitudin",1,1
"laundri",1,1
"laura",1,1
"lawton",1,1
"layerbylay",1,1
"lbi",1,1
"lbnlwindow",1,1
"lccp",1,1
"lci",1,1
"​lcm",1,1
"lcoebi",1,1
"lczs",1,1
"ldft",1,1
"ldvs",1,1
"leadbismuth",1,1
"leadcool",1,1
"leaders—",1,1
"leadfre",1,1
"lean",1,1
"leaner",1,1
"learnabl",1,1
"learningacceler",1,1
"learningtim",1,1
"learnt",1,1
"leastenergi",1,1
"leavegroupout",1,1
"lectur",1,1
"ledbas",1,1
"ledger",1,1
"lee",1,1
"leedgold",1,1
"leelo",1,1
"leftleg",1,1
"legum",1,1
"leicest",1,1
"leissner",1,1
"leisur",1,1
"lemmon",1,1
"lengthi",1,1
"lent",1,1
"lepidoptera",1,1
"lessenergyconstrain",1,1
"lethbridg",1,1
"lett",1,1
"leucaena",1,1
"leveland",1,1
"levelingoff",1,1
"levenberg–marquardt",1,1
"levenbergmarquardt",1,1
"levenbergmarquart",1,1
"levi",1,1
"lgocv",1,1
"lgv",1,1
"lhasa",1,1
"lhc",1,1
"lhs",1,1
"lhv",1,1
"liabl",1,1
"liaobin",1,1
"liaon",1,1
"libs’",1,1
"libya",1,1
"lic",1,1
"lifeblood",1,1
"lifecycleassess",1,1
"lifecyclecost",1,1
"lifelong",1,1
"lifepo",1,1
"liferel",1,1
"lightinduc",1,1
"lightingload",1,1
"lightsensor",1,1
"lignin",1,1
"lih",1,1
"likeforlik",1,1
"likely”",1,1
"lima",1,1
"limit—se",1,1
"limiteddur",1,1
"limitedfield",1,1
"lind",1,1
"line”",1,1
"linearprogram",1,1
"linepack",1,1
"linerboard",1,1
"ling",1,1
"linklevel",1,1
"linköp",1,1
"linux",1,1
"liquidbas",1,1
"liquidga",1,1
"liquidslarg",1,1
"liquidsolid",1,1
"liquifi",1,1
"lis",1,1
"lisbon",1,1
"listeria",1,1
"literaci",1,1
"literature”",1,1
"literaturebas",1,1
"lithiat",1,1
"lithiummanganeseoxidegraphit",1,1
"lithiumpolym",1,1
"lithuania—",1,1
"littleno",1,1
"littletono",1,1
"livebear",1,1
"livefish",1,1
"livorno",1,1
"lll",1,1
"llms’",1,1
"lmode",1,1
"loadadapt",1,1
"loader",1,1
"loadforecast",1,1
"loadm",1,1
"lobe",1,1
"localedg",1,1
"locationand",1,1
"locationweathermarket",1,1
"locus",1,1
"loév",1,1
"logi",1,1
"logitbas",1,1
"loglaw",1,1
"loglinear",1,1
"logrun",1,1
"lombok",1,1
"londonth",1,1
"longchain",1,1
"longcrest",1,1
"longerliv",1,1
"longerterm",1,1
"longforgotten",1,1
"longinhabit",1,1
"longpan",1,1
"longshortterm",1,1
"longstand",1,1
"longyangxia",1,1
"lonza",1,1
"loser",1,1
"lossassess",1,1
"losseselectrif",1,1
"lossofflow",1,1
"lossofgener",1,1
"lossofheat",1,1
"lossofpow",1,1
"lotteri",1,1
"lowbandgap",1,1
"lowbatteri",1,1
"lowcarbon–bas",1,1
"lowcarbon’",1,1
"lowcod",1,1
"lowcomput",1,1
"lowelev",1,1
"lowenthalpi",1,1
"lowenvironment",1,1
"lowenvironmental–impact",1,1
"loweraccuraci",1,1
"lowerenergyconsum",1,1
"lowerincom",1,1
"lowermiddl",1,1
"lowermiddleincom",1,1
"lowerqu",1,1
"lowestincom",1,1
"lowestposs",1,1
"lowfrequ",1,1
"lowfrict",1,1
"lowgener",1,1
"lowgrad",1,1
"lowgrid",1,1
"lowimpact",1,1
"lowinput",1,1
"lowlevel",1,1
"lowload",1,1
"lowmedium",1,1
"lowoilpric",1,1
"lowpollut",1,1
"lowpressur",1,1
"lowpric",1,1
"lowproduct",1,1
"lowproductioncost",1,1
"lowprofil",1,1
"lowrank",1,1
"lowrecycl",1,1
"lowrisk",1,1
"lowsalin",1,1
"lowthroughput",1,1
"lowvalu",1,1
"lowveld",1,1
"lowvolum",1,1
"lozano",1,1
"lpa",1,1
"lperday",1,1
"lpp",1,1
"lpso",1,1
"lpwanbas",1,1
"lrf",1,1
"lrm",1,1
"lsm",1,1
"lsocc",1,1
"lssvms",1,1
"lst",1,1
"lstms",1,1
"lte",1,1
"lthcombin",1,1
"ltmss",1,1
"luc",1,1
"lugano",1,1
"lulea",1,1
"lunar",1,1
"lung",1,1
"lux",1,1
"luxuri",1,1
"lwrs",1,1
"lwrtoburn",1,1
"lyft",1,1
"lynchpin",1,1
"mac",1,1
"macau",1,1
"maccii",1,1
"macedonia",1,1
"macerata",1,1
"mach",1,1
"machinebas",1,1
"machinetomachin",1,1
"macm",1,1
"macroaverag",1,1
"macrobrachium",1,1
"macroecolog",1,1
"macroenergi",1,1
"macropomum",1,1
"macrosocioeconom",1,1
"macrotid",1,1
"madagascar",1,1
"maddalena",1,1
"maddison",1,1
"maedd",1,1
"mafakheri",1,1
"magma",1,1
"magmat",1,1
"magnesium",1,1
"magnetomet",1,1
"magnif",1,1
"magnitude–tim",1,1
"magnitudew",1,1
"maharashtra",1,1
"maheu",1,1
"mainfrac",1,1
"mainfram",1,1
"mainpari",1,1
"maintin",1,1
"majcen",1,1
"makers’",1,1
"makerspract",1,1
"malfunct",1,1
"malibuhami",1,1
"mall",1,1
"mallow",1,1
"malmquist",1,1
"malta",1,1
"mambrini",1,1
"managementin",1,1
"managers’",1,1
"maneuv",1,1
"maney",1,1
"manifold",1,1
"manila",1,1
"manmad",1,1
"manyema",1,1
"mao",1,1
"maonan",1,1
"mapr",1,1
"marbl",1,1
"marginalcost",1,1
"maritimus",1,1
"markaltim",1,1
"marketcompetit",1,1
"marketdriven",1,1
"marketin",1,1
"marketori",1,1
"marketplac",1,1
"marketpric",1,1
"markingtomarket",1,1
"markovchainbas",1,1
"markovswitch",1,1
"markup",1,1
"marri",1,1
"marshallian",1,1
"mase",1,1
"maseand",1,1
"massnorm",1,1
"mastu",1,1
"materialenergywat",1,1
"materialhuman",1,1
"materialis",1,1
"mathematician",1,1
"mathura",1,1
"matía",1,1
"matlab®",1,1
"mato",1,1
"matteo",1,1
"maximumabsolutediffer",1,1
"maxmin",1,1
"may–septemb",1,1
"mbc",1,1
"mbpc",1,1
"mbvbase",1,1
"mccormick",1,1
"mccurdi",1,1
"mcda",1,1
"mcdonald",1,1
"mcfc",1,1
"mcgill",1,1
"mcnp",1,1
"mcp",1,1
"mcpso",1,1
"mcs",1,1
"mct",1,1
"mcti",1,1
"mday",1,1
"mdp",1,1
"mea",1,1
"meabas",1,1
"mean±sd",1,1
"meander",1,1
"meanrevert",1,1
"meansquareerror",1,1
"meantim",1,1
"measurecorrelatepredict",1,1
"measurements’",1,1
"measuresth",1,1
"meat",1,1
"mechanicaldr",1,1
"mechanis",1,1
"mechanisticempir",1,1
"med",1,1
"médical",1,1
"medicin",1,1
"mediumduti",1,1
"mediumlongterm",1,1
"medupi",1,1
"mega",1,1
"megadivers",1,1
"megatonn",1,1
"megatrenddiffus",1,1
"melatonin",1,1
"mellon",1,1
"meltwat",1,1
"menr",1,1
"mep",1,1
"mere",1,1
"meritordercurv",1,1
"mesoscalemicroscal",1,1
"mesostructur",1,1
"metainform",1,1
"metal–met",1,1
"metalbas",1,1
"metalearn",1,1
"metalglass",1,1
"metallis",1,1
"metallurgi",1,1
"metamodelbas",1,1
"metamorph",1,1
"metaregress",1,1
"météo",1,1
"meteorologicalparamet",1,1
"meteorologicaltechn",1,1
"meterhigh",1,1
"meterlevel",1,1
"metersresult",1,1
"methanoldm",1,1
"methf",1,1
"method’",1,1
"methoddepend",1,1
"methodindepend",1,1
"methodologyand",1,1
"methods—convent",1,1
"methodsautoregress",1,1
"methodsframework",1,1
"methodsperform",1,1
"methyl",1,1
"methylcellulos",1,1
"metocean",1,1
"metr",1,1
"metrolog",1,1
"metropolishast",1,1
"metso",1,1
"mev",1,1
"mewfa",1,1
"méxico",1,1
"mfcs",1,1
"mgalo",1,1
"mgb",1,1
"mgchl",1,1
"mgcol",1,1
"mgcviz",1,1
"mgmof",1,1
"mgnol",1,1
"mgo",1,1
"mgs’",1,1
"mhgan",1,1
"miami",1,1
"microalga",1,1
"microb",1,1
"microcogener",1,1
"microconvert",1,1
"microcool",1,1
"microdefect",1,1
"microeconometr",1,1
"microelectrod",1,1
"microelectron",1,1
"microfin",1,1
"microgrid’",1,1
"microharvest",1,1
"microhydropow",1,1
"micromachin",1,1
"micronscal",1,1
"micronutri",1,1
"microorgan",1,1
"micror",1,1
"microrenew",1,1
"micrornamrna",1,1
"microsecond",1,1
"microsensor",1,1
"microservic",1,1
"microsystem",1,1
"microthermophotovolta",1,1
"microtraff",1,1
"microturbin",1,1
"microwatt",1,1
"midatlant",1,1
"middleeastern",1,1
"middleincomerapid",1,1
"mideighteenth",1,1
"midincom",1,1
"midlong",1,1
"midmarch",1,1
"midmerit",1,1
"midnight",1,1
"midplan",1,1
"midpric",1,1
"midseventi",1,1
"midspan",1,1
"midth",1,1
"midtolongrang",1,1
"midwat",1,1
"mil",1,1
"milano",1,1
"milder",1,1
"mileag",1,1
"mileskwh",1,1
"milesminut",1,1
"millardbal",1,1
"millenium",1,1
"millenni",1,1
"millimeterscal",1,1
"millimeterwav",1,1
"milliwatt",1,1
"mina",1,1
"minedecod",1,1
"minerals’",1,1
"minergi",1,1
"minero",1,1
"minestélécom",1,1
"mini",1,1
"miniaturis",1,1
"minihybrid",1,1
"minima",1,1
"minimumcost",1,1
"mininterv",1,1
"minivan",1,1
"minmin",1,1
"minni",1,1
"minpthcm",1,1
"minutelevel",1,1
"mipemodelo",1,1
"misconcept",1,1
"misinterpret",1,1
"misr",1,1
"misrepresent",1,1
"missrat",1,1
"mixeddata",1,1
"mixedintegerquadraticprogram",1,1
"mixedrefriger",1,1
"mixedus",1,1
"mixmod",1,1
"mixt",1,1
"mjkg",1,1
"mjm",1,1
"mjtkm",1,1
"mlffnn",1,1
"mlpforecast",1,1
"mlpgarch",1,1
"mlpmodel",1,1
"mlrwere",1,1
"mmbbl",1,1
"mmh",1,1
"mmneural",1,1
"mms",1,1
"mnlr",1,1
"mnlr’",1,1
"mobilis",1,1
"mod",1,1
"modecharacteristicbas",1,1
"modedriv",1,1
"modelagnost",1,1
"modelca",1,1
"modelderiv",1,1
"modelicabas",1,1
"modelin",1,1
"models”",1,1
"modelsmethod",1,1
"modesmicrocrack",1,1
"modi",1,1
"modificationsw",1,1
"modulatorclass",1,1
"modulus",1,1
"moemken",1,1
"moench",1,1
"moieti",1,1
"moisturedepend",1,1
"mojav",1,1
"mold",1,1
"molèn",1,1
"molland",1,1
"molnar",1,1
"mombasa",1,1
"mondrian",1,1
"mongolian",1,1
"mongstad",1,1
"monkmangr",1,1
"monocristallin",1,1
"monocytogen",1,1
"monodimension",1,1
"monoethanolamin",1,1
"monoton",1,1
"monterey",1,1
"monthahead",1,1
"monument",1,1
"moo",1,1
"mood",1,1
"moonlight",1,1
"moran",1,1
"morbid",1,1
"moreeffect",1,1
"morefavor",1,1
"morepredict",1,1
"morethan",1,1
"morr",1,1
"mortgag",1,1
"mosaic",1,1
"mosnn",1,1
"mostcommon",1,1
"mother",1,1
"motivationopportunity",1,1
"motorbik",1,1
"motorcyclist",1,1
"motorgearbox",1,1
"mountain”",1,1
"mountainwaveinduc",1,1
"movingaverag",1,1
"mpa",1,1
"mpiesmlr",1,1
"mpigi",1,1
"mppc",1,1
"mpumalanga’",1,1
"mpvc",1,1
"mrcl",1,1
"mrio",1,1
"mrl",1,1
"mrpi",1,1
"mrule",1,1
"msa",1,1
"msae",1,1
"msmida",1,1
"msps",1,1
"mtbf",1,1
"mtcoof",1,1
"mtcoyear",1,1
"mtdma",1,1
"mtoea",1,1
"mtsps",1,1
"mttr",1,1
"muchenhanc",1,1
"muchsimplifi",1,1
"mucosa",1,1
"mudflat",1,1
"mukherje",1,1
"multiag",1,1
"multiclass",1,1
"multiclassif",1,1
"multicriterion",1,1
"multicycl",1,1
"multidirect",1,1
"multiequ",1,1
"multifactor",1,1
"multihazard",1,1
"multihead",1,1
"multiinput",1,1
"multilag",1,1
"multilayerperceptron",1,1
"multimachin",1,1
"multimedia",1,1
"multimod",1,1
"multimw",1,1
"multin",1,1
"multiparadigm",1,1
"multiparamet",1,1
"multiparti",1,1
"multiperiod",1,1
"multiperson",1,1
"multiplatform",1,1
"multiplemarket",1,1
"multiplemass",1,1
"multipleobject",1,1
"multiplephas",1,1
"multiplepow",1,1
"multiplerank",1,1
"multiplyconnect",1,1
"multipoint",1,1
"multipolar",1,1
"multiport",1,1
"multiprocessor",1,1
"multireflect",1,1
"multiresidenti",1,1
"multireson",1,1
"multirotor",1,1
"multiscalar",1,1
"multisenor",1,1
"multisit",1,1
"multistepahead",1,1
"multistori",1,1
"multistructur",1,1
"multitim",1,1
"multitimescal",1,1
"multivector",1,1
"multiview",1,1
"murcia",1,1
"murphi",1,1
"musclepow",1,1
"mushroom",1,1
"mustrun",1,1
"mutrikus",1,1
"mvm",1,1
"mvr",1,1
"mwald",1,1
"mwhe",1,1
"mwhpv",1,1
"mwhr",1,1
"mwor",1,1
"mwth",1,1
"mycoplasma",1,1
"myear",1,1
"myriad",1,1
"mytilus",1,1
"mywindturbinecom",1,1
"naca",1,1
"naco",1,1
"nagi",1,1
"naidotless̈v",1,1
"naiv",1,1
"nake",1,1
"nama",1,1
"namcuo",1,1
"namepl",1,1
"nangbeto",1,1
"nanobas",1,1
"nanoflak",1,1
"nanogener",1,1
"nanogrid",1,1
"nanoindent",1,1
"nanomaterialand",1,1
"nanomet",1,1
"nanophotovolta",1,1
"nanoplatelet",1,1
"nanopv",1,1
"nanosecond",1,1
"nanosecondscal",1,1
"nanowir",1,1
"naoh",1,1
"nap",1,1
"napl",1,1
"narrowli",1,1
"narxga",1,1
"nascimento",1,1
"nash–sutcliff",1,1
"nashcournot",1,1
"nasiri",1,1
"nasudden",1,1
"nateghi",1,1
"nationallyrepres",1,1
"nationst",1,1
"naturalgasfir",1,1
"naturalgasfuel",1,1
"nausi",1,1
"nautic",1,1
"navier–stok",1,1
"nbcc",1,1
"nbeat",1,1
"nccc",1,1
"ncm–type",1,1
"neapolitan",1,1
"nearestneighbor",1,1
"nearfield",1,1
"nearlyzeroenergi",1,1
"nearorigin",1,1
"nearperfect",1,1
"nearreson",1,1
"nearunivers",1,1
"neca",1,1
"necp",1,1
"nedcestim",1,1
"neeap",1,1
"needless",1,1
"negativecapacit",1,1
"negawatt",1,1
"neighborhoodlevel",1,1
"neip",1,1
"neo",1,1
"nersa",1,1
"nervous",1,1
"nestloc",1,1
"netemiss",1,1
"network–consum",1,1
"networkdepend",1,1
"networklik",1,1
"neurobiolog",1,1
"neuroevolut",1,1
"neutralityrel",1,1
"neutralleg",1,1
"neutron",1,1
"nevada",1,1
"newberri",1,1
"newcastl",1,1
"newgener",1,1
"newslett",1,1
"newton",1,1
"nextmonth",1,1
"nfc",1,1
"nfix",1,1
"ngbase",1,1
"ngmb",1,1
"nh–n",1,1
"nhx",1,1
"nickelcobaltmanganes",1,1
"nighexhaust",1,1
"nil",1,1
"nimbi",1,1
"nineteen",1,1
"ninian",1,1
"niño",1,1
"nist",1,1
"nitrat",1,1
"nitratefuel",1,1
"nitrifierdenitrif",1,1
"nitritationdenitrit",1,1
"nitrogenas",1,1
"niyszlsm",1,1
"nlp",1,1
"nmbase",1,1
"nmc",1,1
"nmse",1,1
"nmses",1,1
"nnited",1,1
"nnr",1,1
"nocturn",1,1
"nodelay",1,1
"nofin",1,1
"nogener",1,1
"noiseisol",1,1
"nonacadem",1,1
"nonadapt",1,1
"nonattain",1,1
"nonauto",1,1
"nonautomat",1,1
"nonavail",1,1
"nonbiolog",1,1
"noncarcinogen",1,1
"noncaus",1,1
"nonconverg",1,1
"noncoop",1,1
"noncorrect",1,1
"noncost",1,1
"noncred",1,1
"noncscac",1,1
"nondimension",1,1
"nondivers",1,1
"nondomin",1,1
"nondynam",1,1
"noneffici",1,1
"nonet",1,1
"nonev",1,1
"nonexist",1,1
"nonexperiment",1,1
"nonfeed",1,1
"nonfinanci",1,1
"nonflex",1,1
"nonglaz",1,1
"nongrid",1,1
"nonheat",1,1
"nonhierarch",1,1
"nonhomogen",1,1
"nonhydro",1,1
"nonhydroelectr",1,1
"nonhydropow",1,1
"nonincom",1,1
"nonincreas",1,1
"noninsul",1,1
"nonintegr",1,1
"noninvas",1,1
"nonirrig",1,1
"nonisotherm",1,1
"nonlineardynam",1,1
"nonlinearfashion",1,1
"nonmechan",1,1
"nonmet",1,1
"nonmetal",1,1
"nonmitig",1,1
"nonmotor",1,1
"nonneutr",1,1
"nonnorm",1,1
"nonobserv",1,1
"nonoptim",1,1
"nonpercol",1,1
"nonpot",1,1
"nonpredict",1,1
"nonprobabilist",1,1
"nonprofit",1,1
"nonprotoncoupl",1,1
"nonpubl",1,1
"nonreal",1,1
"nonreduc",1,1
"nonregul",1,1
"nonreplac",1,1
"nonresid",1,1
"nonrespons",1,1
"nonrevers",1,1
"nonshad",1,1
"nonstandard",1,1
"nonsteril",1,1
"nonstorag",1,1
"nonstructur",1,1
"nonsupervis",1,1
"nontang",1,1
"nontechnolog",1,1
"nontrad",1,1
"nontradit",1,1
"nontrain",1,1
"nonunimod",1,1
"nonurban",1,1
"nonvehicular",1,1
"nonviabl",1,1
"nonvulner",1,1
"nonwhit",1,1
"nonwir",1,1
"nonwork",1,1
"nordhaus",1,1
"nordtest",1,1
"noregret",1,1
"noresco",1,1
"norgettrobinsontorren",1,1
"nørre",1,1
"northamerican",1,1
"northcentr",1,1
"nostorag",1,1
"nota",1,1
"notebook",1,1
"notforprofit",1,1
"noth",1,1
"nozzl",1,1
"npps",1,1
"nra",1,1
"nres",1,1
"nses",1,1
"nsgaii",1,1
"nss",1,1
"nttbase",1,1
"nuanc",1,1
"nuclearpow",1,1
"nucleat",1,1
"numeraci",1,1
"numericalexperiment",1,1
"nunavut",1,1
"nurtur",1,1
"nvivo",1,1
"nwpbase",1,1
"nyst",1,1
"oahu",1,1
"oak",1,1
"oakland",1,1
"obdii",1,1
"objectori",1,1
"oblivi",1,1
"obsession",1,1
"obviat",1,1
"occas",1,1
"occupancypredict",1,1
"occupancytoload",1,1
"occupancyusag",1,1
"occupantdriven",1,1
"occupantrel",1,1
"occupantsan",1,1
"occupantsatisfact",1,1
"occupantsvari",1,1
"occursthi",1,1
"ocdeepcwind",1,1
"oceanograph",1,1
"oceanographi",1,1
"ocogbof",1,1
"ocogbofg",1,1
"octobertomarch",1,1
"ocumain",1,1
"odoc",1,1
"odroidxu",1,1
"odysse",1,1
"ofcl",1,1
"ofclim",1,1
"offdiagon",1,1
"offelectricgrid",1,1
"offga",1,1
"offgas",1,1
"office”",1,1
"offnorm",1,1
"offpeakonpeak",1,1
"offsetov",1,1
"offshorewind",1,1
"offsit",1,1
"ofof",1,1
"oftennoisi",1,1
"oftentim",1,1
"oftwo",1,1
"ofwat",1,1
"oilfield",1,1
"oilfir",1,1
"oilfre",1,1
"oilgener",1,1
"oilmarket",1,1
"oilrich",1,1
"oldenburg",1,1
"oligom",1,1
"oligopoli",1,1
"olkiluoto",1,1
"olvio",1,1
"olymp",1,1
"omgm",1,1
"omittedvari",1,1
"omnet",1,1
"omnivor",1,1
"oncethrough",1,1
"onchip",1,1
"onda",1,1
"ondemand",1,1
"one’",1,1
"onechamb",1,1
"onedimens",1,1
"onefuel",1,1
"onehectar",1,1
"oneloop",1,1
"onemonthahead",1,1
"onenod",1,1
"oner",1,1
"onesizefitsal",1,1
"oneslop",1,1
"onestep",1,1
"onestepahead",1,1
"oneterm",1,1
"oneway",1,1
"ongrid",1,1
"onground",1,1
"onlineadapt",1,1
"onoutag",1,1
"onschedul",1,1
"onth",1,1
"onthefli",1,1
"ontolog",1,1
"onup",1,1
"oossanen",1,1
"opalrt",1,1
"opec",1,1
"opencycl",1,1
"opendss",1,1
"openfast",1,1
"openhol",1,1
"openholepack",1,1
"openstack",1,1
"openstreetmap",1,1
"openstudio",1,1
"openwat",1,1
"operationalcontrol",1,1
"operationsmainten",1,1
"operatorrandom",1,1
"operatorregion",1,1
"opow",1,1
"opticalswitch",1,1
"optienr",1,1
"optima",1,1
"optimalcontrol",1,1
"optimalitybas",1,1
"optimallycalibr",1,1
"optimizationgenet",1,1
"optimizerspo",1,1
"optiongener",1,1
"options—",1,1
"optmiz",1,1
"orbitfollow",1,1
"orchardist",1,1
"orchestr",1,1
"orchestra",1,1
"orderofmagnitud",1,1
"ordnanc",1,1
"ordoviciansilurian",1,1
"oreprocess",1,1
"orexigen",1,1
"organismlevel",1,1
"organiz",1,1
"orientationreflect",1,1
"origindestin",1,1
"orthoped",1,1
"oselm",1,1
"osemosi",1,1
"oshawa",1,1
"osi",1,1
"oslo",1,1
"osmosispressur",1,1
"ostrea",1,1
"otherwisesmal",1,1
"otolith",1,1
"ottawa",1,1
"ouagadougou",1,1
"out",1,1
"outcomesth",1,1
"outflow",1,1
"outgo",1,1
"outlay",1,1
"outnumb",1,1
"outofpil",1,1
"outperform—",1,1
"outputstag",1,1
"outsampl",1,1
"outset",1,1
"outsidersbulgaria",1,1
"outturn",1,1
"overarch",1,1
"overbuild",1,1
"overcompens",1,1
"overcompl",1,1
"overconstrain",1,1
"overcool",1,1
"overdesign",1,1
"overemphas",1,1
"overexpress",1,1
"overfittingth",1,1
"overgener",1,1
"overoptimist",1,1
"overpotenti",1,1
"overpr",1,1
"overproduct",1,1
"overproject",1,1
"overprovis",1,1
"overreli",1,1
"overridden",1,1
"overst",1,1
"oversuppli",1,1
"overtak",1,1
"overtaken",1,1
"overtop",1,1
"overunderestim",1,1
"overventil",1,1
"overwrit",1,1
"ovul",1,1
"ownpric",1,1
"oxford",1,1
"oxi",1,1
"oxygenrich",1,1
"pacheco",1,1
"pacificnorth",1,1
"packic",1,1
"packs’",1,1
"page",1,1
"paint",1,1
"pairdecorrel",1,1
"paleoceneeocen",1,1
"palermo",1,1
"palestin",1,1
"palladium",1,1
"palm",1,1
"pan",1,1
"panelbas",1,1
"paneldata",1,1
"paneu",1,1
"paneuropean",1,1
"panorama",1,1
"papua",1,1
"parabolictrough",1,1
"paralleledtransistor",1,1
"parallelpl",1,1
"parameteris",1,1
"parameteriz",1,1
"parameters’",1,1
"parameterst",1,1
"parameterwis",1,1
"paraná",1,1
"pardinus",1,1
"paretooptim",1,1
"paribus",1,1
"parliament",1,1
"parsec",1,1
"partially",1,1
"participatori",1,1
"particlebas",1,1
"particleflow",1,1
"particleincel",1,1
"particlesuspens",1,1
"partners—us",1,1
"passengerkilometr",1,1
"passengerkm",1,1
"passengerturnov",1,1
"passivelycollect",1,1
"passow",1,1
"patagonian",1,1
"patch",1,1
"patel",1,1
"pathcoeffici",1,1
"patholog",1,1
"pathways—materi",1,1
"patriot",1,1
"patternsand",1,1
"patterntrend",1,1
"paul",1,1
"pavementth",1,1
"payabl",1,1
"payforperform",1,1
"payne–whitham",1,1
"pcbs",1,1
"pccenabl",1,1
"pce",1,1
"pcfc",1,1
"pcfcs",1,1
"pchetyp",1,1
"pcpp",1,1
"pdfmyr",1,1
"pdfs",1,1
"peak”",1,1
"peakdemand",1,1
"peakhour",1,1
"peakpow",1,1
"peakpric",1,1
"peaksunlight",1,1
"peaksw",1,1
"peaktim",1,1
"peaktoaverag",1,1
"pearc",1,1
"peat",1,1
"pectinata",1,1
"pedest",1,1
"pedestrianbik",1,1
"peer",1,1
"peertop",1,1
"pefc",1,1
"peg",1,1
"pemfc",1,1
"pemw",1,1
"penaltybas",1,1
"penang",1,1
"pend",1,1
"penmanmonteith",1,1
"penstock",1,1
"pentium",1,1
"peoples’",1,1
"perato",1,1
"percentageerror",1,1
"perceotron",1,1
"performance’",1,1
"performanceind",1,1
"performanceneutr",1,1
"performedth",1,1
"peril",1,1
"perimet",1,1
"periodsbi",1,1
"peristalsi",1,1
"periurban",1,1
"permian",1,1
"permut",1,1
"perovskitebas",1,1
"perpass",1,1
"perpixel",1,1
"perrysburg",1,1
"personalus",1,1
"pertin",1,1
"peru",1,1
"pest",1,1
"pesticid",1,1
"petawatthour",1,1
"petit",1,1
"petm constitut",1,1
"petrichenko",1,1
"petrobra",1,1
"petrochemicalbas",1,1
"petrochemicalfoam",1,1
"petrodiesel",1,1
"petrolengin",1,1
"petroleumbas",1,1
"petroleumdepend",1,1
"petrolhybrid",1,1
"petrophys",1,1
"pets’",1,1
"pezbao",1,1
"pfbase",1,1
"pgc",1,1
"pge",1,1
"pge’",1,1
"pgie",1,1
"pgmh",1,1
"pgml",1,1
"pgu",1,1
"phaselock",1,1
"phasor",1,1
"phdepend",1,1
"phebus",1,1
"phi",1,1
"philip",1,1
"phillip",1,1
"phoca",1,1
"phoebus",1,1
"phosphid",1,1
"phosphidegallium",1,1
"phosphoren",1,1
"photo",1,1
"photocatalyst",1,1
"photocatalyt",1,1
"photocel",1,1
"photochemistri",1,1
"photocurrentvoltag",1,1
"photodiod",1,1
"photoelectrolysi",1,1
"photofragment",1,1
"photogener",1,1
"photolithograph",1,1
"photoluminesc",1,1
"photop",1,1
"photosensoroper",1,1
"photosystem",1,1
"photovoltaicbas",1,1
"photovoltaicconcentr",1,1
"photovoltaicelectrolysi",1,1
"photovoltaicgener",1,1
"photovoltaicrevers",1,1
"photovoltaicwind",1,1
"phreeqc",1,1
"phwrs",1,1
"physicalacoust",1,1
"physicallyfaith",1,1
"physicalstatist",1,1
"physicochemicalbas",1,1
"physicsbasedwhit",1,1
"physiochem",1,1
"phytoplankton",1,1
"pibas",1,1
"pick‐",1,1
"picket",1,1
"picohydro",1,1
"piecem",1,1
"piezofilm",1,1
"piggyback",1,1
"pillar",1,1
"pincount",1,1
"pinpoint",1,1
"pioneer",1,1
"pipeline’",1,1
"piperazin",1,1
"pit",1,1
"pitfal",1,1
"pixellevel",1,1
"pkwh",1,1
"placebas",1,1
"placent",1,1
"placespecif",1,1
"plackettburman",1,1
"plan”",1,1
"planar",1,1
"planeación",1,1
"planejamento",1,1
"planeofarray",1,1
"planningrel",1,1
"planthi",1,1
"plantlevel",1,1
"plantoptim",1,1
"plantsvari",1,1
"plasmabas",1,1
"plasmafac",1,1
"platelet",1,1
"platinum",1,1
"plc",1,1
"plca",1,1
"plcs",1,1
"pleat",1,1
"plena",1,1
"plenti",1,1
"plexo",1,1
"pls",1,1
"plsr",1,1
"plssem",1,1
"plugandplay",1,1
"pluglevel",1,1
"plung",1,1
"pmb",1,1
"pmrockettyp",1,1
"pms",1,1
"pneumonia",1,1
"pnnl",1,1
"poecilia",1,1
"poeintegr",1,1
"pointabsorb",1,1
"pointofinterconnect",1,1
"polaris",1,1
"polarorbit",1,1
"poli",1,1
"policies’",1,1
"policiesa",1,1
"policybas",1,1
"policydriven",1,1
"policyrel",1,1
"policyrelev",1,1
"politcnica",1,1
"politecnico",1,1
"politicsinfrastructur",1,1
"pollin",1,1
"pollutionfre",1,1
"poloid",1,1
"polycarbon",1,1
"polygener",1,1
"polygon",1,1
"polymer–met",1,1
"polystyren",1,1
"polyurethan",1,1
"polyvinyl",1,1
"polyvinylphenol",1,1
"pomona",1,1
"poorperform",1,1
"poorrich",1,1
"poplar",1,1
"populac",1,1
"populationwid",1,1
"portplan",1,1
"postal’",1,1
"postcharacter",1,1
"postcommunist",1,1
"postconstruct",1,1
"postdeposit",1,1
"postdisast",1,1
"posthik",1,1
"posthoc",1,1
"postintervent",1,1
"postnorm",1,1
"postop",1,1
"postpandem",1,1
"postpartum",1,1
"postphysiotherapi",1,1
"postquantum",1,1
"postsampl",1,1
"posttreat",1,1
"postvaccin",1,1
"potato",1,1
"potenc",1,1
"potent",1,1
"potentialpotenti",1,1
"potentiostat",1,1
"powder",1,1
"poweraw",1,1
"powerbas",1,1
"powercurr",1,1
"powerdissip",1,1
"powerem",1,1
"powerflowconstrain",1,1
"powerintens",1,1
"powerlaw",1,1
"powerlin",1,1
"powerload",1,1
"powermaxim",1,1
"poweroutput",1,1
"powerpoint",1,1
"powerproduc",1,1
"powerpurchas",1,1
"powershar",1,1
"powersplit",1,1
"powerth",1,1
"powertoh",1,1
"powertoheat",1,1
"powertox",1,1
"powervoltag",1,1
"powerwid",1,1
"pp≥",1,1
"ppm−",1,1
"ppmv",1,1
"ppo",1,1
"practice–theoret",1,1
"practicespecif",1,1
"pragu",1,1
"prakash",1,1
"prandial",1,1
"prawn",1,1
"prbasrcofeoδ",1,1
"prcc",1,1
"preanthropogen",1,1
"prebound",1,1
"prebuilt",1,1
"precautionari",1,1
"precharacter",1,1
"preci",1,1
"precopulatori",1,1
"precovid",1,1
"pred",1,1
"predetermin",1,1
"predic",1,1
"predictedmeanvotebas",1,1
"predictionalgorithm",1,1
"predictiondetect",1,1
"predictions—",1,1
"predictionweight",1,1
"predictivebas",1,1
"predictwith",1,1
"preemin",1,1
"preemptiv",1,1
"preestim",1,1
"preexist",1,1
"prefabr",1,1
"prefeas",1,1
"prefeed",1,1
"prefront",1,1
"prefukushima",1,1
"pregnant",1,1
"preimplement",1,1
"prelud",1,1
"premier",1,1
"premotor",1,1
"preoccup",1,1
"preozon",1,1
"prepost",1,1
"prepostintervent",1,1
"prerend",1,1
"presalt",1,1
"presenceabs",1,1
"presid",1,1
"presidenti",1,1
"prespect",1,1
"pressure•",1,1
"pressureretard",1,1
"prestig",1,1
"prestor",1,1
"prestress",1,1
"preview",1,1
"pricecost",1,1
"pricedetermin",1,1
"priceelast",1,1
"pricefocus",1,1
"priceinelast",1,1
"pricesar",1,1
"priceset",1,1
"pricesign",1,1
"primit",1,1
"princess",1,1
"priorart",1,1
"prismat",1,1
"prius",1,1
"privacybetween",1,1
"privacysensit",1,1
"privatelyown",1,1
"pro",1,1
"proavtiv",1,1
"probebas",1,1
"probid",1,1
"probiomass",1,1
"probit",1,1
"problemsolv",1,1
"process—devis",1,1
"processbas",1,1
"processheat",1,1
"processthi",1,1
"procliv",1,1
"producedbioenergi",1,1
"producersdistributor",1,1
"production–consumpt",1,1
"production•",1,1
"productionbas",1,1
"productionsid",1,1
"productivitymeasur",1,1
"productsservic",1,1
"produzion",1,1
"proenviron",1,1
"professionals’",1,1
"proflig",1,1
"programmat",1,1
"programs–",1,1
"programsmay",1,1
"project’",1,1
"projectlevel",1,1
"projectphas",1,1
"projects—includ",1,1
"projects’",1,1
"projectspecif",1,1
"promiscu",1,1
"proofofconceptbaselin",1,1
"prop",1,1
"propan",1,1
"propanefuel",1,1
"proportion",1,1
"proportionalintegralderiv",1,1
"proposedth",1,1
"proposedthi",1,1
"prosthet",1,1
"protocolindepend",1,1
"protoncoupl",1,1
"protonicceram",1,1
"provabl",1,1
"providers’",1,1
"provinciallevel",1,1
"provincialscal",1,1
"prussi",1,1
"psa",1,1
"pscademtdc",1,1
"pseudospectr",1,1
"pseudostrain",1,1
"psi",1,1
"psitherm",1,1
"psms",1,1
"psoedf",1,1
"psoga",1,1
"pspnet",1,1
"psps",1,1
"psrbpnn",1,1
"psrgawnn",1,1
"psrwnn",1,1
"psychologybas",1,1
"pte",1,1
"pteridium",1,1
"ptv",1,1
"pubchem",1,1
"publicdomain",1,1
"publicis",1,1
"publicpriv",1,1
"publicsector",1,1
"publicspirit",1,1
"puget",1,1
"pulley",1,1
"pulsat",1,1
"pulseamplitud",1,1
"pumpedhydrostorag",1,1
"pumphydro",1,1
"punctatus",1,1
"pureelectr",1,1
"purelinear",1,1
"purityrecoveri",1,1
"purposemad",1,1
"purposeprovid",1,1
"purpuratus",1,1
"pursuant",1,1
"puzzl",1,1
"pv—",1,1
"pvassist",1,1
"pvbatterydieselcoldiron",1,1
"pvcs",1,1
"pvd",1,1
"pvdriven",1,1
"pvelectr",1,1
"pvgs",1,1
"pvhybrid",1,1
"pvon",1,1
"pvpanel",1,1
"pvpemw",1,1
"pvrelat",1,1
"pvsolar",1,1
"pvsystem",1,1
"pwr",1,1
"pya",1,1
"pycaret’",1,1
"pyranomet",1,1
"pyrometallurgi",1,1
"python",1,1
"q–q",1,1
"qcriteria",1,1
"qgam",1,1
"qian",1,1
"qinghaitibet",1,1
"qlearn",1,1
"qnseqns",1,1
"quadratur",1,1
"quadrillion",1,1
"quadrupl",1,1
"qualityofexperi",1,1
"qualityofservic",1,1
"quantifiy",1,1
"quantileonquantil",1,1
"quantitybas",1,1
"quantumwel",1,1
"quartet",1,1
"quartet”",1,1
"quasi",1,1
"quasidynam",1,1
"quasiexperiment",1,1
"quasistorag",1,1
"quay",1,1
"queiroz",1,1
"questionsto",1,1
"queu",1,1
"quickest",1,1
"quiescent",1,1
"quot",1,1
"qvist",1,1
"r ± ",1,1
"r ≥ ",1,1
"r‐squar",1,1
"raceethn",1,1
"racial",1,1
"racialethn",1,1
"radhakrishna",1,1
"radiancedaysim",1,1
"radiomet",1,1
"radiosond",1,1
"rae",1,1
"railroad",1,1
"rainfallrunoff",1,1
"rainforest",1,1
"rainwat",1,1
"rajasthan",1,1
"ramprat",1,1
"ranc",1,1
"randomvari",1,1
"rangeextend",1,1
"rao",1,1
"rapese",1,1
"rapidgrow",1,1
"rapidlygrow",1,1
"rapidrefresh",1,1
"rasht",1,1
"rasterbas",1,1
"ratchet",1,1
"rateabl",1,1
"rateandst",1,1
"ratebas",1,1
"ratecontrol",1,1
"ratedetermin",1,1
"rateofretum",1,1
"ratioglob",1,1
"ratioofmedian",1,1
"raw‐data",1,1
"rayleighbenard",1,1
"raytrac",1,1
"rcgan",1,1
"rcwgan",1,1
"rdf",1,1
"rdize",1,1
"reachabl",1,1
"readabl",1,1
"readapt",1,1
"readout",1,1
"reaerosol",1,1
"realbuildinglik",1,1
"realdata",1,1
"realexperiment",1,1
"realism",1,1
"realisticsophist",1,1
"realli",1,1
"realm",1,1
"reanalys",1,1
"reatla",1,1
"reattach",1,1
"rebalanc",1,1
"rebas",1,1
"rebuilt",1,1
"recalcul",1,1
"recalibr",1,1
"recentlyestablish",1,1
"recentlyform",1,1
"recessionari",1,1
"reclaim",1,1
"recollect",1,1
"recompress",1,1
"recordbreak",1,1
"recordedempir",1,1
"recours",1,1
"rectangl",1,1
"recyclabilityrecover",1,1
"redd",1,1
"rededg",1,1
"redefin",1,1
"reducedform",1,1
"reducedth",1,1
"reductionsal",1,1
"reevapor",1,1
"refec",1,1
"referenc",1,1
"reforecast",1,1
"reforminduc",1,1
"refrigeratorfreez",1,1
"refug",1,1
"refus",1,1
"refusederiv",1,1
"regain",1,1
"regasif",1,1
"regd",1,1
"regionalglob",1,1
"regionaln",1,1
"regionlevel",1,1
"regions—eg",1,1
"regionsofinterest",1,1
"registrationclin",1,1
"regressioncomposit",1,1
"regrind",1,1
"regroup",1,1
"regsa",1,1
"reguant",1,1
"regulation—",1,1
"regulationcontrol",1,1
"regulationspecifi",1,1
"regulationsspecifi",1,1
"regulationsth",1,1
"rehva",1,1
"rehydr",1,1
"rei",1,1
"reimburs",1,1
"reintroduct",1,1
"reinvest",1,1
"reinvok",1,1
"rejuven",1,1
"relay",1,1
"reliabilityavail",1,1
"relicens",1,1
"relief",1,1
"relithi",1,1
"relocat",1,1
"remanufactur",1,1
"remo",1,1
"removed”",1,1
"renewablebas",1,1
"renewablebiomass",1,1
"renewableenergi",1,1
"renewablepow",1,1
"renewablesbas",1,1
"renewedreplac",1,1
"rennov",1,1
"renter",1,1
"renumer",1,1
"rényi",1,1
"reoptim",1,1
"reorder",1,1
"reorgan",1,1
"reorganis",1,1
"repairreplac",1,1
"repertoir",1,1
"repow",1,1
"reprint",1,1
"requalif",1,1
"required”",1,1
"requisit",1,1
"reress",1,1
"reroof",1,1
"resampl",1,1
"resbas",1,1
"researchdevelop",1,1
"réseau",1,1
"reservebas",1,1
"reserves—load",1,1
"residencetim",1,1
"residentiallevel",1,1
"resimul",1,1
"resin",1,1
"resinimpregn",1,1
"resnet",1,1
"resnetbas",1,1
"resourcecent",1,1
"resourcedepend",1,1
"resourceeffici",1,1
"resourceenergyenviron",1,1
"resourcefocus",1,1
"resources’",1,1
"resourcesreserv",1,1
"resourceuseeffici",1,1
"resp",1,1
"response—",1,1
"restimul",1,1
"resurg",1,1
"retic",1,1
"reticul",1,1
"retroact",1,1
"returnoninvest",1,1
"returntobas",1,1
"réunion",1,1
"reuter",1,1
"reuterscrb",1,1
"rev",1,1
"revalid",1,1
"revenuecap",1,1
"revenuemaxim",1,1
"reviewedthi",1,1
"revised—",1,1
"reviv",1,1
"revolutionis",1,1
"reyer",1,1
"reykjavik",1,1
"reynoldsaverag",1,1
"rfbase",1,1
"rfboruta",1,1
"rheumatis",1,1
"rhythm",1,1
"ribbon",1,1
"ricewheat",1,1
"richardson",1,1
"ride",1,1
"rightleg",1,1
"rigour",1,1
"ring",1,1
"ringstructur",1,1
"río",1,1
"ripe",1,1
"riskinform",1,1
"riskneutr",1,1
"risktak",1,1
"riverin",1,1
"riverlevel",1,1
"rmbe",1,1
"rmsein",1,1
"rmsthd",1,1
"rnnbase",1,1
"roadblock",1,1
"roaf",1,1
"roar",1,1
"robustifi",1,1
"rochell",1,1
"rockwel",1,1
"rocof",1,1
"rod",1,1
"rollingspher",1,1
"romanian",1,1
"romonet",1,1
"roofdeck",1,1
"roofintegr",1,1
"rooflight",1,1
"roomand",1,1
"roombyroom",1,1
"roomlevel",1,1
"roomtemperatur",1,1
"rootmean",1,1
"rootmeansquareerror",1,1
"rosa",1,1
"rot",1,1
"rotatoryw",1,1
"roth",1,1
"rotorequival",1,1
"rotorshaft",1,1
"rotterdam",1,1
"roulett",1,1
"roundup",1,1
"rowspac",1,1
"rpa",1,1
"rpms",1,1
"rpss",1,1
"rqa",1,1
"rrl",1,1
"rrrr",1,1
"rsa",1,1
"rse",1,1
"rsi",1,1
"rtd",1,1
"rtem",1,1
"rtgcv",1,1
"rtowarx",1,1
"rtowlr",1,1
"rtpbase",1,1
"rtqr",1,1
"rtrt",1,1
"rubric",1,1
"rudimentari",1,1
"runner",1,1
"runofth",1,1
"rush",1,1
"rvm",1,1
"s﻿−",1,1
"saccostrea",1,1
"sacrific",1,1
"safest",1,1
"safetybas",1,1
"safetycrit",1,1
"safetypres",1,1
"säfken",1,1
"sagar",1,1
"sage",1,1
"sagebrush",1,1
"sagebrushstepp",1,1
"sagepubcoukjournalspermissionsnav",1,1
"sahel",1,1
"saierlong",1,1
"saiv",1,1
"sake",1,1
"sala",1,1
"salmon",1,1
"saltwat",1,1
"salvador",1,1
"sanandaj",1,1
"sander",1,1
"sandia",1,1
"sankarasubramanian",1,1
"sankey",1,1
"sanyopanason",1,1
"sapienss",1,1
"sapp",1,1
"sappwid",1,1
"sardinia",1,1
"sarp",1,1
"sart",1,1
"sate",1,1
"satelliteborn",1,1
"satelliteon",1,1
"satisfactorili",1,1
"saunder",1,1
"saveabl",1,1
"sawdust",1,1
"sawnwood",1,1
"sawp",1,1
"sbdart",1,1
"sbmos",1,1
"sbs",1,1
"sbt",1,1
"scaffold",1,1
"scaledup",1,1
"scalein",1,1
"scalingup",1,1
"scant",1,1
"scatteromet",1,1
"scb",1,1
"scena",1,1
"scenarioand",1,1
"scenariodepend",1,1
"scenariogener",1,1
"scenarios’",1,1
"scenariosan",1,1
"sceptic",1,1
"schaak",1,1
"schatzkian",1,1
"schedulingbas",1,1
"schema",1,1
"scherrer",1,1
"schleifer",1,1
"schlueter",1,1
"schoolchildren",1,1
"schwartz",1,1
"schwarz",1,1
"sciencedirect",1,1
"sciendo",1,1
"scientifiqu",1,1
"scikitlearn",1,1
"scotop",1,1
"scottish",1,1
"scrapeaf",1,1
"scrapeoff",1,1
"scrappag",1,1
"scrutin",1,1
"scurv",1,1
"sdgsrespons",1,1
"seaarea",1,1
"sealand",1,1
"seall",1,1
"seallin",1,1
"seamoninobukhov",1,1
"seaport",1,1
"seasonalnaïv",1,1
"seasonaltodecad",1,1
"seasondepend",1,1
"seastat",1,1
"seat",1,1
"seaward",1,1
"seawatersplit",1,1
"seawav",1,1
"seca",1,1
"seclud",1,1
"secondarili",1,1
"secondbest",1,1
"secondbysecond",1,1
"secondgener",1,1
"secreci",1,1
"secret",1,1
"sectorbas",1,1
"sectorenergyconsumpt",1,1
"sectori",1,1
"sectorrel",1,1
"sectorwiseproductwis",1,1
"security—",1,1
"seea",1,1
"seepag",1,1
"segmentbyseg",1,1
"segmentspecif",1,1
"segmentwis",1,1
"selectionth",1,1
"selector",1,1
"selenid",1,1
"selfadjust",1,1
"selfadminist",1,1
"selfattent",1,1
"selfconsum",1,1
"selfefficaci",1,1
"selfenergi",1,1
"selfevid",1,1
"selfexcit",1,1
"selfexpect",1,1
"selfexpl",1,1
"selffinanc",1,1
"selfheat",1,1
"selfinnov",1,1
"selfish",1,1
"selflearn",1,1
"selforganis",1,1
"selfregul",1,1
"selfsupport",1,1
"selfsustain",1,1
"selftun",1,1
"selltobuy",1,1
"semi",1,1
"semianalyt",1,1
"semibatch",1,1
"semiclos",1,1
"semicontinu",1,1
"semidistribut",1,1
"semidiurn",1,1
"semiintens",1,1
"semistatist",1,1
"senior",1,1
"sensitivityuncertainti",1,1
"sensors’",1,1
"sensorsspatialtempor",1,1
"sentenc",1,1
"sequest",1,1
"seriousth",1,1
"serverspecif",1,1
"serviceori",1,1
"servicesecur",1,1
"servo",1,1
"sesquicarbon",1,1
"setpoints–howev",1,1
"settl",1,1
"sevenpoint",1,1
"seventeen",1,1
"seventyf",1,1
"sevenyear",1,1
"severalday",1,1
"sewal",1,1
"sfera",1,1
"sfi",1,1
"sfoa",1,1
"sfoagrnn",1,1
"sgb",1,1
"sgs",1,1
"shaanxi",1,1
"shadetoler",1,1
"shafizadeh",1,1
"shallowangl",1,1
"shallowtubewel",1,1
"shapebas",1,1
"shapley",1,1
"shapxgboost",1,1
"shareholderown",1,1
"shc",1,1
"sheetbulk",1,1
"sheffield",1,1
"shem",1,1
"shev",1,1
"shgc",1,1
"shield",1,1
"shiftshar",1,1
"shin",1,1
"ship’",1,1
"shipyard",1,1
"shiraz",1,1
"shoal",1,1
"shoot",1,1
"shorebas",1,1
"shoreward",1,1
"shorterliv",1,1
"shortest",1,1
"shorthaul",1,1
"shortliv",1,1
"shortmedium",1,1
"shortsight",1,1
"shovel",1,1
"shred",1,1
"shrimp",1,1
"shrinkinghorizon",1,1
"shs",1,1
"shue",1,1
"shum",1,1
"shutin",1,1
"sicblock",1,1
"sichuan",1,1
"sicili",1,1
"sicmosfet",1,1
"sidesid",1,1
"sidestream",1,1
"sight",1,1
"significan",1,1
"sihwa",1,1
"silentina",1,1
"silica",1,1
"silicatecontain",1,1
"silk",1,1
"silt",1,1
"simapro",1,1
"similardayreplac",1,1
"similarlyfocus",1,1
"simplist",1,1
"simscap",1,1
"simulink",1,1
"simulink®",1,1
"simulinkplec",1,1
"simulink™",1,1
"simultaneouslysuch",1,1
"sinebas",1,1
"singh",1,1
"singlealgorithm",1,1
"singleaxi",1,1
"singlebus",1,1
"singleday",1,1
"singleend",1,1
"singlefuel",1,1
"singlejunct",1,1
"singleleg",1,1
"singlelevel",1,1
"singlemachin",1,1
"singlemod",1,1
"singleoccup",1,1
"singlepass",1,1
"singlespe",1,1
"singlestorey",1,1
"singleyear",1,1
"singlezon",1,1
"sinter",1,1
"sioux",1,1
"sirna",1,1
"sirta",1,1
"sisifo",1,1
"siso",1,1
"siteindepend",1,1
"siteth",1,1
"siteturbin",1,1
"sitnyp",1,1
"situationdepend",1,1
"sixax",1,1
"sixth",1,1
"sixtyf",1,1
"sixweek",1,1
"size–depend",1,1
"skagerrak",1,1
"skeptic",1,1
"sketch",1,1
"skier",1,1
"skirt",1,1
"skyconditionspecif",1,1
"skyrocket",1,1
"slabe",1,1
"slabongrad",1,1
"slagiron",1,1
"slat",1,1
"slaughterhous",1,1
"slave",1,1
"slenderbodi",1,1
"slice",1,1
"slid",1,1
"slidingmesh",1,1
"slidingwindow",1,1
"slip",1,1
"slotcon",1,1
"slovakia",1,1
"slovenia",1,1
"slowcharg",1,1
"slowerthanproject",1,1
"slowli",1,1
"slowpac",1,1
"slp",1,1
"sluggish",1,1
"slump",1,1
"smaa",1,1
"smagorinskylili",1,1
"small‐scal",1,1
"smallarea",1,1
"smallestscal",1,1
"smallhold",1,1
"smallhydro",1,1
"smape",1,1
"smarter",1,1
"smartreadi",1,1
"smirnov",1,1
"smlp",1,1
"snake",1,1
"snap",1,1
"snede",1,1
"snowfre",1,1
"snowmeltdomin",1,1
"soaveredlichkwong",1,1
"socialdemograph",1,1
"socialenvironment",1,1
"socialinstitut",1,1
"socioecologicaltechnolog",1,1
"sociostructur",1,1
"socori",1,1
"socp",1,1
"socprogram",1,1
"sodiccalc",1,1
"sodiumcool",1,1
"sodiumion",1,1
"softcoupl",1,1
"sohn",1,1
"soilinginduc",1,1
"sokhna",1,1
"solarcollector",1,1
"solardiesel",1,1
"solarfossil",1,1
"solargi",1,1
"solarirradi",1,1
"solarplusstorag",1,1
"solarupgrad",1,1
"solcla",1,1
"solicit",1,1
"solid–solid",1,1
"solidsolut",1,1
"solidst",1,1
"solidwal",1,1
"solow",1,1
"solp",1,1
"solsun",1,1
"solutiondiffus",1,1
"solvabl",1,1
"solvat",1,1
"somat",1,1
"soni",1,1
"sonochem",1,1
"soontocom",1,1
"sor",1,1
"sorption",1,1
"sorptionbas",1,1
"sota",1,1
"soterm",1,1
"sounder",1,1
"source’",1,1
"sources—predomin",1,1
"sourcesid",1,1
"sourcesoffic",1,1
"southfac",1,1
"southnorth",1,1
"southward",1,1
"southwest—",1,1
"soybas",1,1
"spacean",1,1
"spaceborn",1,1
"spacious",1,1
"sparkignit",1,1
"sparkl",1,1
"spartina",1,1
"spatialdepend",1,1
"spatialstatist",1,1
"spatio",1,1
"spds",1,1
"spearhead",1,1
"specialis",1,1
"speciesspecif",1,1
"speciesthi",1,1
"spectralintegr",1,1
"spectrallyandangularlyrefin",1,1
"spectrallyconfin",1,1
"spectromet",1,1
"spectrometr",1,1
"speed–mil",1,1
"speedup",1,1
"spell",1,1
"sperm",1,1
"spheric",1,1
"spincoat",1,1
"spine",1,1
"spiral”",1,1
"spiralwound",1,1
"splash",1,1
"splittyp",1,1
"spoilag",1,1
"sponsorship",1,1
"sportutil",1,1
"spotbas",1,1
"sprawl”",1,1
"spray",1,1
"sprc",1,1
"springautumn",1,1
"sprinkler",1,1
"spsa",1,1
"spss",1,1
"spurious",1,1
"sqkm",1,1
"squeez",1,1
"sre",1,1
"sreqom",1,1
"srt",1,1
"srtless",1,1
"srtm",1,1
"ssalrffuzzi",1,1
"sseri",1,1
"ssps",1,1
"stabilis",1,1
"stablecarbon",1,1
"stableeffect",1,1
"stackingintegr",1,1
"stain",1,1
"stainless",1,1
"stakeholderengag",1,1
"stale",1,1
"stall",1,1
"stamp",1,1
"standa",1,1
"standarddevi",1,1
"standardus",1,1
"standstil",1,1
"starcd",1,1
"starrat",1,1
"start–stop",1,1
"starttim",1,1
"starvat",1,1
"starvationrel",1,1
"state”",1,1
"statecentr",1,1
"statedintent",1,1
"staten",1,1
"stateof",1,1
"stateofart",1,1
"stateofcharg",1,1
"stateofhealth",1,1
"stateofsci",1,1
"stateofth",1,1
"stateofthepractic",1,1
"statespac",1,1
"statesregion",1,1
"staticeffici",1,1
"station”",1,1
"stationeri",1,1
"stations’",1,1
"stationund",1,1
"statisticaldatadriven",1,1
"statisticallysignific",1,1
"statistician",1,1
"statistiqu",1,1
"stator",1,1
"statut",1,1
"statutori",1,1
"stavang",1,1
"std",1,1
"steam–hydrogen",1,1
"steamch",1,1
"steamflood",1,1
"steamgasif",1,1
"steamtofuel",1,1
"steelhead",1,1
"steepli",1,1
"stellar",1,1
"stellenbosch",1,1
"stepfeed",1,1
"stephenson",1,1
"stepsiz",1,1
"stereotyp",1,1
"stern",1,1
"sterol",1,1
"stewardship",1,1
"stfis",1,1
"sthe",1,1
"stigmatis",1,1
"stirredtank",1,1
"stochasticrobust",1,1
"stockflow",1,1
"stockhold",1,1
"stockin",1,1
"stockwid",1,1
"stoichiometr",1,1
"stokerfir",1,1
"storagebas",1,1
"storagereleas",1,1
"storagesolar",1,1
"storeon",1,1
"storessupermarket",1,1
"storylin",1,1
"stover",1,1
"straightlin",1,1
"strainenergi",1,1
"strand",1,1
"strategiesthi",1,1
"strategis",1,1
"stressfre",1,1
"stressstrainenergi",1,1
"stretch",1,1
"stricter",1,1
"stroke",1,1
"stronglycoupl",1,1
"strongylocentrotus",1,1
"structurepropertyperform",1,1
"structuresund",1,1
"stuart",1,1
"studiesth",1,1
"study”",1,1
"stuivenvoltallen",1,1
"stunt",1,1
"sturt",1,1
"stuttgart",1,1
"styliz",1,1
"subaddit",1,1
"subbitumin",1,1
"subblock",1,1
"subbrin",1,1
"subciti",1,1
"subclass",1,1
"subclin",1,1
"subcommitte",1,1
"subcompact",1,1
"subcontract",1,1
"subdaili",1,1
"subdomain",1,1
"subfield",1,1
"subfreez",1,1
"subleth",1,1
"submillenni",1,1
"subpopul",1,1
"subresourc",1,1
"subscapular",1,1
"subscenario",1,1
"subscript",1,1
"subscriptionbas",1,1
"subsecond",1,1
"subsect",1,1
"subseri",1,1
"subsidis",1,1
"subson",1,1
"substock",1,1
"substr",1,1
"subthreshold",1,1
"subtl",1,1
"subtrip",1,1
"subunit",1,1
"suburb",1,1
"subzon",1,1
"succeed”",1,1
"successor",1,1
"succinct",1,1
"sucp",1,1
"suez",1,1
"sugarsweeten",1,1
"sul",1,1
"sulfat",1,1
"sulfatealkalin",1,1
"sulphiderich",1,1
"summat",1,1
"summerautumn",1,1
"summercold",1,1
"suncontribut",1,1
"sunk",1,1
"sunlightdriven",1,1
"sunniest",1,1
"sunrich",1,1
"sunshap",1,1
"sunshinebas",1,1
"sunshot",1,1
"sunspac",1,1
"sunsvmp",1,1
"superaddit",1,1
"superconserv",1,1
"superdens",1,1
"superheat",1,1
"superinsul",1,1
"supernat",1,1
"superoptim",1,1
"superposit",1,1
"superpow",1,1
"superpower”",1,1
"superresolut",1,1
"superspread",1,1
"supervisor",1,1
"supervisorylevel",1,1
"supplant",1,1
"suppliesdemand",1,1
"supply−demand",1,1
"supplybal",1,1
"supplysideori",1,1
"sur",1,1
"surcharg",1,1
"sure",1,1
"surfaceatmospher",1,1
"surfacedepend",1,1
"surfacetovolum",1,1
"surfact",1,1
"surveypredict",1,1
"susceptibilitybas",1,1
"sustainabilityfriend",1,1
"suwanne",1,1
"svcs",1,1
"svmlearn",1,1
"svmtrain",1,1
"svrcdses",1,1
"swam",1,1
"swansea",1,1
"swe",1,1
"swell",1,1
"swim",1,1
"switchoff",1,1
"swrore",1,1
"symmond",1,1
"symptom",1,1
"synchrophasor",1,1
"syndrom",1,1
"synfuel",1,1
"synonym",1,1
"synopsi",1,1
"synthesiss",1,1
"system”",1,1
"systembatteryand",1,1
"systemonchip",1,1
"systemoptim",1,1
"systems—",1,1
"systemspecif",1,1
"tab",1,1
"tablet",1,1
"tabular",1,1
"tac",1,1
"tadeo",1,1
"tailormad",1,1
"taipow",1,1
"takeback",1,1
"takeoff",1,1
"takeout",1,1
"talk",1,1
"tallahasse",1,1
"tallest",1,1
"tambaqui",1,1
"tame",1,1
"tamper",1,1
"tangent–sigmoid",1,1
"tangenti",1,1
"tantalum",1,1
"targetmix",1,1
"targetsind",1,1
"tasmanian",1,1
"taxlot",1,1
"taxonom",1,1
"tbilisi",1,1
"tbl",1,1
"tbss",1,1
"tcfi",1,1
"tchay",1,1
"tci",1,1
"tclp",1,1
"tcnbase",1,1
"tcns",1,1
"tcoday",1,1
"tcoeq",1,1
"tcoy",1,1
"tct",1,1
"tdhp",1,1
"teas",1,1
"tec",1,1
"technicaleconom",1,1
"technisch",1,1
"techno",1,1
"technoenviroeconom",1,1
"technoenvironment",1,1
"technoenvirosocioeconom",1,1
"technologies ",1,1
"technologieshybrid",1,1
"technologist",1,1
"technologyagnost",1,1
"technologycapacityinvest",1,1
"technologyrich",1,1
"technologyspecif",1,1
"technophilia",1,1
"teco",1,1
"teeth",1,1
"tehachapi",1,1
"tehran",1,1
"teleconnect",1,1
"télédétection",1,1
"teleport",1,1
"telepres",1,1
"telford",1,1
"tell",1,1
"temoeratur",1,1
"temperature—can",1,1
"temperaturebas",1,1
"temperatureelectr",1,1
"temperatureinduc",1,1
"temperatureiniti",1,1
"temperaturenao",1,1
"temperaturesensit",1,1
"temperaturewith",1,1
"temporallyresolv",1,1
"temporarili",1,1
"tenantoccupi",1,1
"tenminut",1,1
"tennesse",1,1
"tensiv",1,1
"tenstohundr",1,1
"tentat",1,1
"tenuous",1,1
"tepa",1,1
"ter",1,1
"terabyt",1,1
"terephthal",1,1
"terminalbox",1,1
"terms—",1,1
"terraindepend",1,1
"terrainspecif",1,1
"territoriallevel",1,1
"testabl",1,1
"testcycl",1,1
"tetrafluorobor",1,1
"tetrahedr",1,1
"texan",1,1
"texass",1,1
"texc",1,1
"textm",1,1
"tgc",1,1
"tgmrm",1,1
"tgn",1,1
"tgr",1,1
"thame",1,1
"thatdepend",1,1
"theatr",1,1
"theft",1,1
"theoreticalexperiment",1,1
"theories’",1,1
"theorybas",1,1
"therapi",1,1
"therein",1,1
"thereon",1,1
"thermallybroken",1,1
"thermallydegrad",1,1
"thermallytr",1,1
"thermoacoust",1,1
"thermocoupl",1,1
"thermodynamicelectrochem",1,1
"thermoeconom",1,1
"thermofluid",1,1
"thermographi",1,1
"thermohygrometr",1,1
"thermoplast",1,1
"thermoregul",1,1
"thermost",1,1
"thermostress",1,1
"thermosyphon",1,1
"thinfoil",1,1
"thinner",1,1
"thirtyfour",1,1
"thisthi",1,1
"thoma",1,1
"thomson",1,1
"thousandth",1,1
"threebus",1,1
"threeday",1,1
"threeequat",1,1
"threehour",1,1
"threelevel",1,1
"threeparamet",1,1
"threepart",1,1
"threequart",1,1
"threeway",1,1
"threeyear",1,1
"threhold",1,1
"thurgoona",1,1
"thusfar",1,1
"tibet",1,1
"tibetan",1,1
"tickbytick",1,1
"tidalcurrentenergi",1,1
"tidalcurrentspe",1,1
"tidalphotovolta",1,1
"tideinduc",1,1
"tidesurg",1,1
"tighten",1,1
"timea",1,1
"timebas",1,1
"timebi",1,1
"timecrit",1,1
"timegan",1,1
"timehorizon",1,1
"timeinduc",1,1
"timeinhomogen",1,1
"timeinvari",1,1
"timeofweek",1,1
"timeout",1,1
"timer",1,1
"timerel",1,1
"timeseriesbas",1,1
"timeslot",1,1
"timestratif",1,1
"timesynchron",1,1
"timetosolut",1,1
"timid",1,1
"tipsthi",1,1
"tireinfl",1,1
"titan",1,1
"titrat",1,1
"tli",1,1
"tma",1,1
"tmax",1,1
"tnb",1,1
"tnp",1,1
"tobago",1,1
"tobit",1,1
"tocopherol",1,1
"tocotrienol",1,1
"toda",1,1
"tofrom",1,1
"toilet",1,1
"tokamak",1,1
"tokyowalkaway",1,1
"tomorrow",1,1
"tonco",1,1
"toncoeqpey",1,1
"tone",1,1
"tongi",1,1
"tonkm",1,1
"tonnekilometr",1,1
"tonneshybrid",1,1
"tonneyr",1,1
"tonsday",1,1
"tonyear",1,1
"toolbox",1,1
"toolkit",1,1
"toolset",1,1
"topfiv",1,1
"toplevel",1,1
"toplit",1,1
"topnotch",1,1
"topograph",1,1
"topshroud",1,1
"toreview",1,1
"toroid",1,1
"torsion",1,1
"touafek",1,1
"tougher",1,1
"toughest",1,1
"toughreact",1,1
"toulous",1,1
"tout",1,1
"tow",1,1
"towlr",1,1
"tparm",1,1
"tpe",1,1
"tpp",1,1
"tpvs",1,1
"tpxo",1,1
"tra",1,1
"traceabl",1,1
"tracer",1,1
"trackingcorrect",1,1
"trackingoffset",1,1
"tractiv",1,1
"tractortrail",1,1
"tradabl",1,1
"tradingoff",1,1
"trafficindepend",1,1
"trainabl",1,1
"trainingtest",1,1
"trainor",1,1
"trans‐ministeri",1,1
"transcontinent",1,1
"transcrit",1,1
"transcutan",1,1
"transdisciplinari",1,1
"transduc",1,1
"transect",1,1
"transferr",1,1
"transformationbas",1,1
"transformerbas",1,1
"translog",1,1
"transluc",1,1
"transmissionconstrain",1,1
"transmissiongener",1,1
"transmissionlin",1,1
"transnat",1,1
"transom",1,1
"transp",1,1
"transpir",1,1
"transportation—particular",1,1
"transportationcostsensit",1,1
"transportbas",1,1
"transportenergyenviron",1,1
"transportpolici",1,1
"transregion",1,1
"transvers",1,1
"trap",1,1
"trapezia",1,1
"trapezoid",1,1
"trash",1,1
"travelers’",1,1
"travelrel",1,1
"traveltim",1,1
"traybytray",1,1
"tread",1,1
"treasuri",1,1
"treati",1,1
"treelik",1,1
"trees’",1,1
"treetrim",1,1
"trench",1,1
"trendbas",1,1
"trendenc",1,1
"trends—specif",1,1
"trento",1,1
"trialanderror",1,1
"triangl",1,1
"triangul",1,1
"triboelectr",1,1
"tricep",1,1
"trichloronitromethan",1,1
"tricki",1,1
"trickl",1,1
"trigener",1,1
"triggeringsetpoint",1,1
"triiodideiodid",1,1
"trilemma",1,1
"trinidad",1,1
"tripartit",1,1
"triplejunct",1,1
"tropsch",1,1
"troubl",1,1
"truck’",1,1
"truncat",1,1
"truo",1,1
"truofuel",1,1
"trustaccept",1,1
"trustworthi",1,1
"trvs",1,1
"tsinghua",1,1
"tso—",1,1
"ttf",1,1
"tubeextract",1,1
"tubular",1,1
"tue",1,1
"tular",1,1
"tumbl",1,1
"tumbler",1,1
"tunabl",1,1
"tunisia",1,1
"tupl",1,1
"turbinesconvert",1,1
"turbofan",1,1
"turbomachineri",1,1
"turboprop",1,1
"türkiy",1,1
"turmoil",1,1
"turndown",1,1
"turnkey",1,1
"tus",1,1
"tutori",1,1
"tvalu",1,1
"tvd",1,1
"tves",1,1
"twentyeight",1,1
"twentyfirstcenturi",1,1
"twentyon",1,1
"twhannum",1,1
"twitter",1,1
"two‐dimension",1,1
"two‐year",1,1
"twobus",1,1
"twochamb",1,1
"twofactor",1,1
"twokilomet",1,1
"twolevel",1,1
"twoloop",1,1
"twomonth",1,1
"twopap",1,1
"twoperson",1,1
"twoprong",1,1
"twostorey",1,1
"twotank",1,1
"twotermin",1,1
"twoweek",1,1
"twowheel",1,1
"tws",1,1
"typedepend",1,1
"typeofday",1,1
"types–intern",1,1
"types—pit",1,1
"typhoon",1,1
"uavtarget",1,1
"ubco",1,1
"ubemassist",1,1
"uber",1,1
"ubhc",1,1
"ucb",1,1
"uce",1,1
"ucla",1,1
"uec",1,1
"uganda’",1,1
"ugandan",1,1
"uhv",1,1
"ujjain",1,1
"ukbc",1,1
"ukccsc",1,1
"ukerc",1,1
"ukfocuss",1,1
"ukindia",1,1
"ukrainian",1,1
"uldolmok",1,1
"ulleberg",1,1
"ultra",1,1
"ultradens",1,1
"ultrafast",1,1
"ultrafin",1,1
"ultrahighenergydens",1,1
"ultrahighvoltag",1,1
"ultralowpow",1,1
"ultrapur",1,1
"ultrason",1,1
"umbrella",1,1
"umi",1,1
"unaccountedfor",1,1
"unaffect",1,1
"unalt",1,1
"unambigu",1,1
"unansw",1,1
"unattend",1,1
"unattract",1,1
"unauthor",1,1
"unavoid",1,1
"unawar",1,1
"unbalancednonlinear",1,1
"unbound",1,1
"unbundl",1,1
"uncalibr",1,1
"uncertainty—",1,1
"uncollect",1,1
"unconfin",1,1
"und",1,1
"undefin",1,1
"undemand",1,1
"underconsumpt",1,1
"undercontrol",1,1
"underdeliv",1,1
"underdesign",1,1
"underelectrifi",1,1
"underemploy",1,1
"underevalu",1,1
"underexamin",1,1
"underfloortyp",1,1
"underforecast",1,1
"underfrequ",1,1
"undermonitor",1,1
"undernutrit",1,1
"underoverestim",1,1
"underperform",1,1
"underperformand",1,1
"underrepres",1,1
"unders",1,1
"undershoot",1,1
"underst",1,1
"undertook",1,1
"undervalu",1,1
"underventil",1,1
"underw",1,1
"undiscov",1,1
"undoubt",1,1
"undu",1,1
"undul",1,1
"unduli",1,1
"unemploy",1,1
"unep",1,1
"unequivoc",1,1
"unf",1,1
"unfair",1,1
"unfeas",1,1
"unfilt",1,1
"unfound",1,1
"unfriend",1,1
"ungovern",1,1
"unheat",1,1
"unidad",1,1
"unidentifi",1,1
"unidimension",1,1
"unimport",1,1
"unintent",1,1
"union’",1,1
"unitari",1,1
"unitbas",1,1
"unitefficaci",1,1
"unitlevel",1,1
"univariatemodel",1,1
"universitat",1,1
"unixbas",1,1
"unknown—risk",1,1
"unlabel",1,1
"unleash",1,1
"unload",1,1
"unmanag",1,1
"unmeasur",1,1
"unmin",1,1
"unmodel",1,1
"unpair",1,1
"unpract",1,1
"unprocess",1,1
"unprofit",1,1
"unprotect",1,1
"unprovid",1,1
"unpublish",1,1
"unquantifi",1,1
"unreason",1,1
"unrecord",1,1
"unrefin",1,1
"unrefurbish",1,1
"unrel",1,1
"unreport",1,1
"unrestor",1,1
"unsaf",1,1
"unserv",1,1
"unsolv",1,1
"unstudi",1,1
"unsubsidis",1,1
"unsuccess",1,1
"unutil",1,1
"unviabl",1,1
"unviti",1,1
"unwil",1,1
"unwilling",1,1
"uop",1,1
"updown",1,1
"updraft",1,1
"uphold",1,1
"uplink",1,1
"upload",1,1
"upna",1,1
"upperlevel",1,1
"uppermiddleincom",1,1
"uprat",1,1
"upscalingon",1,1
"upskil",1,1
"uptim",1,1
"upu",1,1
"upwards—",1,1
"urbangrowthboundari",1,1
"urbanlevel",1,1
"urbansiman",1,1
"urbansuburban",1,1
"urchin",1,1
"urmia",1,1
"urophasianus",1,1
"ursus",1,1
"us–",1,1
"use—",1,1
"usemaximum",1,1
"usercent",1,1
"userdefin",1,1
"userfriendli",1,1
"useroper",1,1
"userprofil",1,1
"users—",1,1
"usestag",1,1
"useth",1,1
"usfpmgfpm",1,1
"usgbc",1,1
"ushant",1,1
"uskg",1,1
"usm",1,1
"utbb",1,1
"utilities’",1,1
"utilityindepend",1,1
"utilitymarket",1,1
"utilityown",1,1
"utilitysponsor",1,1
"utiliz",1,1
"utrecht",1,1
"utsa",1,1
"uvozon",1,1
"vacant",1,1
"vad",1,1
"valncia",1,1
"value’",1,1
"valuebeliefnorm",1,1
"vanadium",1,1
"vane",1,1
"vanilla",1,1
"vapourcompress",1,1
"varbekk",1,1
"variableairvolum",1,1
"variablegeometri",1,1
"variablelength",1,1
"variablerear",1,1
"variableresolut",1,1
"variables—primarili",1,1
"variablespe",1,1
"variablil",1,1
"variancecovari",1,1
"variationalbayesian",1,1
"varima",1,1
"variogram",1,1
"varyin",1,1
"vehiclebas",1,1
"vehicleinfrastructur",1,1
"vehiclemil",1,1
"vehiclesin",1,1
"vehicleus",1,1
"vehicleworldwid",1,1
"vehkm",1,1
"velocimetri",1,1
"velocityspe",1,1
"vendoragnost",1,1
"veneto",1,1
"venlo",1,1
"ventilationondemand",1,1
"ventity™",1,1
"venu",1,1
"ver",1,1
"verg",1,1
"vertebr",1,1
"vertebra",1,1
"verticallyintegr",1,1
"verticallysepar",1,1
"vertimill™",1,1
"vfswind",1,1
"viabli",1,1
"viabliti",1,1
"viafirst",1,1
"vialast",1,1
"vianitrit",1,1
"vibrationpow",1,1
"vicent",1,1
"viienabl",1,1
"viii",1,1
"viklund",1,1
"villageregion",1,1
"violenc",1,1
"virus",1,1
"visàvi",1,1
"visegrad",1,1
"visionbas",1,1
"vissim",1,1
"vitalis",1,1
"vitamin",1,1
"vitro",1,1
"vitulina",1,1
"vmd‐cnn",1,1
"vnpa",1,1
"vogl",1,1
"volant",1,1
"volatilitycompens",1,1
"volatilityrel",1,1
"volcano",1,1
"volit",1,1
"volt",1,1
"voltagecurr",1,1
"volumin",1,1
"voluntarili",1,1
"voraci",1,1
"vortexinduc",1,1
"vrcesm",1,1
"vressuppli",1,1
"vri",1,1
"vrmcl",1,1
"vrss",1,1
"vshape",1,1
"vtc",1,1
"vtmicro",1,1
"vtms",1,1
"vver",1,1
"wage",1,1
"wagederiv",1,1
"wagner",1,1
"wakerel",1,1
"walkaway",1,1
"walker",1,1
"walkthrough",1,1
"walljet",1,1
"wamss",1,1
"wan",1,1
"wanapum",1,1
"wangdeungdo",1,1
"warfar",1,1
"warp",1,1
"warranti",1,1
"wasserstein",1,1
"wasteform",1,1
"wasteori",1,1
"watch",1,1
"waterambi",1,1
"watercours",1,1
"waterelectrolyz",1,1
"waterfront",1,1
"waterga",1,1
"watergasif",1,1
"waterh",1,1
"waterpoor",1,1
"waterpreserv",1,1
"waterqu",1,1
"waterresourc",1,1
"waterscarc",1,1
"watersector",1,1
"watersourc",1,1
"watersplit",1,1
"watertowat",1,1
"waterus",1,1
"waveband",1,1
"wavebuoydmdpto",1,1
"wavelengthdivisionmultiplex",1,1
"wavelengthselect",1,1
"waveletbas",1,1
"wavetid",1,1
"wavewatch",1,1
"wax",1,1
"waysid",1,1
"wbgt",1,1
"wbp",1,1
"wce",1,1
"wct",1,1
"wcts",1,1
"wðtþ",1,1
"weakest",1,1
"weap",1,1
"weapon",1,1
"weather forecast",1,1
"weathercaus",1,1
"weatherclim",1,1
"weathercompens",1,1
"weathercorrect",1,1
"weatherrel",1,1
"weav",1,1
"weber",1,1
"wecshybrid",1,1
"wedg",1,1
"weee",1,1
"weekahead",1,1
"wef",1,1
"weigh",1,1
"weld",1,1
"welfnexus",1,1
"well‐",1,1
"wellbor",1,1
"wellcalibr",1,1
"welldocu",1,1
"wellfound",1,1
"wellglob",1,1
"wellground",1,1
"wellinsul",1,1
"wellintent",1,1
"welljustifi",1,1
"wellmaintain",1,1
"wellperform",1,1
"wellposit",1,1
"wellrecogn",1,1
"wellspecifi",1,1
"wellsuit",1,1
"welltrain",1,1
"wer",1,1
"werent",1,1
"westeast",1,1
"wester",1,1
"westward",1,1
"wetcool",1,1
"wetter",1,1
"weva",1,1
"wfip",1,1
"wgan",1,1
"wheel–rail",1,1
"whip",1,1
"whitebox",1,1
"whitewood",1,1
"wholeofbuild",1,1
"wholli",1,1
"widebas",1,1
"widerang",1,1
"widescal",1,1
"widespreadvehicl",1,1
"wideus",1,1
"widow",1,1
"wiener",1,1
"wiggl",1,1
"william",1,1
"willow",1,1
"wilshir",1,1
"wilson",1,1
"winddiesel",1,1
"windfal",1,1
"windh",1,1
"windiest",1,1
"windintegr",1,1
"windlearn",1,1
"windowbas",1,1
"windowintegr",1,1
"windowwal",1,1
"windpric",1,1
"windrel",1,1
"windsea",1,1
"windsolar",1,1
"windsolarpump",1,1
"windspe",1,1
"windstorag",1,1
"windstorm",1,1
"windthermalpump",1,1
"windtid",1,1
"windtopv",1,1
"windtosurfac",1,1
"windwavestorag",1,1
"wing",1,1
"winner",1,1
"wirenet",1,1
"wisdom",1,1
"wish",1,1
"wissenschaften",1,1
"withdrawn",1,1
"withhold",1,1
"withinday",1,1
"withindi",1,1
"witthaut",1,1
"wka",1,1
"wlf",1,1
"wltps",1,1
"wmk",1,1
"wmo",1,1
"wnn",1,1
"wodonga",1,1
"woodbas",1,1
"woodforenergi",1,1
"workingliv",1,1
"workshop’",1,1
"workspac",1,1
"workth",1,1
"worn",1,1
"wpmequival",1,1
"wrap",1,1
"wrapperbas",1,1
"wrfs",1,1
"wrfsimul",1,1
"wrfslucm",1,1
"write",1,1
"writer",1,1
"wrp",1,1
"wrrfs",1,1
"wrt",1,1
"wsue",1,1
"wtgs",1,1
"wustit",1,1
"wwsis",1,1
"wwwwitpresscom",1,1
"wyckoff",1,1
"wyth",1,1
"xanthi",1,1
"xgboostbas",1,1
"xi’",1,1
"xian",1,1
"xiaofeng",1,1
"xilinx",1,1
"xinxujiang",1,1
"xps",1,1
"xse",1,1
"yalong",1,1
"yamaleurop",1,1
"yamamoto",1,1
"yan",1,1
"yann",1,1
"yao",1,1
"yard”",1,1
"yardstick",1,1
"yarn",1,1
"yawbas",1,1
"yawmisalign",1,1
"yðtþdt",1,1
"year’",1,1
"yearonyear",1,1
"years’",1,1
"yearsresult",1,1
"yeka",1,1
"yes",1,1
"yesterday",1,1
"yieldenergi",1,1
"yizhuang",1,1
"yodoyabashi",1,1
"youth",1,1
"yr −",1,1
"yr–",1,1
"yrds",1,1
"yszbase",1,1
"yttriastabilis",1,1
"yukon",1,1
"zamo",1,1
"zaragoza",1,1
"zeroadjust",1,1
"zerocost",1,1
"zerodimension",1,1
"zeroenergy’",1,1
"zeroinfl",1,1
"zeroiz",1,1
"zeroland",1,1
"zeromargin",1,1
"zeropollut",1,1
"zerosequ",1,1
"zerovalu",1,1
"zhao",1,1
"zhengxiong",1,1
"zigzagchannel",1,1
"zirconia",1,1
"zirlo",1,1
"znormal",1,1
"zonesc",1,1
"zrbase",1,1
"zscheme",1,1
"zshape",1,1
"zsw",1,1
"zuid",1,1
"zurich",1,1
"zurichkloten",1,1
"zvfa",1,1
"zwaan",1,1
"βbulk",1,1
"βdistribut",1,1
"βtotal",1,1
"θsearch",1,1
"μatm",1,1
"μgl",1,1
"μmsize",1,1
